kernel,K,t,kind,a_t,D_max,M_t,j_witness,x_witness,x_minus_a,abs_x_minus_a,max_E,R_t,region,argmax_on_suffix,j_risk_prefix,x_risk_prefix,region_prefix,dist_nearest_flattop_edge
KC,50,0,contraction,0.50000,0.250000,0.18750000,29,0.58000,0.08000,0.08000,-3.94750000e-02,0.53658537,Middle,True,23,0.46000,Middle,0.08667
KC,50,1,contraction,0.58000,0.210525,0.19763125,32,0.64000,0.06000,0.06000,-3.00380100e-02,0.60391696,Middle,True,22,0.44000,Middle,0.02667
KC,50,2,contraction,0.64000,0.180487,0.20512175,22,0.44000,-0.20000,0.20000,-1.59821050e-02,0.75975467,Middle,False,22,0.44000,Middle,0.10667
KC,50,3,contraction,0.44000,0.164505,0.15112622,36,0.72000,0.28000,0.28000,-2.10290157e-02,0.59919181,Far,True,19,0.38000,Middle,0.05333
KC,50,4,contraction,0.72000,0.143476,0.21586897,27,0.54000,-0.18000,0.18000,-1.24671395e-02,0.81135830,Middle,False,27,0.54000,Middle,0.12667
KC,50,5,contraction,0.54000,0.131009,0.16775218,38,0.76000,0.22000,0.22000,-1.34087510e-02,0.69530240,Far,True,18,0.36000,Middle,0.09333
KC,50,6,rebound,0.76000,0.117600,0.21939999,19,0.38000,-0.38000,0.38000,4.52606991e-04,1.00883342,Middle,False,19,0.38000,Middle,0.04667
KC,50,7,contraction,0.38000,0.118053,0.12451315,40,0.80000,0.42000,0.42000,-1.68091262e-02,0.58484158,Far,True,16,0.32000,Near,0.13333
KC,50,8,rebound,0.80000,0.101243,0.22531086,31,0.62000,-0.18000,0.18000,7.05784349e-03,1.15334672,Middle,False,31,0.62000,Middle,0.04667
KC,50,9,contraction,0.62000,0.108301,0.18207533,23,0.46000,-0.16000,0.16000,-1.64981861e-02,0.73271770,Middle,False,23,0.46000,Middle,0.12667
KC,50,10,contraction,0.46000,0.091803,0.13795078,42,0.84000,0.38000,0.38000,-8.96792930e-03,0.68266895,Far,True,15,0.30000,Near,0.17333
KC,50,11,rebound,0.84000,0.082835,0.23070880,34,0.68000,-0.16000,0.16000,9.43624810e-03,1.23147356,Far,False,34,0.68000,Far,0.01333
KC,50,12,contraction,0.68000,0.092271,0.19306786,17,0.34000,-0.34000,0.34000,-3.12951894e-04,0.99282835,Middle,False,17,0.34000,Middle,0.00667
KC,50,13,contraction,0.34000,0.091958,0.10798962,43,0.86000,0.52000,0.52000,-2.14604124e-02,0.47963731,Far,True,13,0.26000,Near,0.19333
KC,50,14,rebound,0.86000,0.070498,0.23262452,26,0.52000,-0.34000,0.34000,2.48118988e-02,1.74619602,Middle,False,26,0.52000,Middle,0.14667
KC,50,15,contraction,0.52000,0.095310,0.15382749,37,0.74000,0.22000,0.22000,-2.30317535e-02,0.57287773,Far,True,20,0.40000,Middle,0.07333
KC,50,16,rebound,0.74000,0.072278,0.20306955,20,0.40000,-0.34000,0.34000,6.00355746e-03,1.14048951,Middle,False,20,0.40000,Middle,0.06667
KC,50,17,contraction,0.40000,0.078282,0.11957044,44,0.88000,0.48000,0.48000,-1.95553405e-02,0.52459203,Far,True,13,0.26000,Near,0.21333
KC,50,18,rebound,0.88000,0.058726,0.23468161,29,0.58000,-0.30000,0.30000,2.79465393e-02,1.96174785,Middle,False,29,0.58000,Middle,0.08667
KC,50,19,contraction,0.58000,0.086673,0.16666824,15,0.30000,-0.28000,0.28000,-1.90327461e-02,0.65540461,Near,False,15,0.30000,Near,0.03333
KC,50,20,contraction,0.30000,0.067640,0.09191006,39,0.78000,0.48000,0.48000,-1.02926122e-02,0.60510808,Far,True,10,0.20000,Near,0.11333
KC,50,21,rebound,0.78000,0.057348,0.20933690,24,0.48000,-0.30000,0.30000,4.73218213e-03,1.09958650,Middle,False,24,0.48000,Middle,0.14667
KC,50,22,contraction,0.48000,0.062080,0.13551995,45,0.90000,0.42000,0.42000,-1.30120523e-02,0.62396716,Far,True,11,0.22000,Near,0.23333
KC,50,23,rebound,0.90000,0.049068,0.23726694,32,0.64000,-0.26000,0.26000,2.92888357e-02,2.15934025,Middle,False,32,0.64000,Middle,0.02667
KC,50,24,contraction,0.64000,0.078357,0.17958915,18,0.36000,-0.28000,0.28000,-7.08823558e-03,0.85493036,Middle,False,18,0.36000,Middle,0.02667
KC,50,25,contraction,0.36000,0.071268,0.10781709,41,0.82000,0.46000,0.46000,-2.18605945e-02,0.49544111,Far,True,12,0.24000,Near,0.15333
KC,50,26,rebound,0.82000,0.049408,0.21735194,27,0.54000,-0.28000,0.28000,1.75342665e-02,1.48097126,Middle,False,27,0.54000,Middle,0.12667
KC,50,27,contraction,0.54000,0.066942,0.15173550,13,0.26000,-0.28000,0.28000,-1.92707946e-02,0.61859184,Near,False,13,0.26000,Near,0.07333
KC,50,28,contraction,0.26000,0.047671,0.07691781,46,0.92000,0.66000,0.66000,-6.48020739e-03,0.63695006,Far,True,7,0.14000,Near,0.25333
KC,50,29,rebound,0.92000,0.041191,0.24029775,33,0.66000,-0.26000,0.26000,3.19151292e-02,2.62746013,Middle,False,33,0.66000,Middle,0.00667
KC,50,30,contraction,0.66000,0.073106,0.18327654,22,0.44000,-0.22000,0.22000,-5.28058692e-03,0.89530938,Middle,False,22,0.44000,Middle,0.10667
KC,50,31,contraction,0.44000,0.067826,0.12695639,38,0.76000,0.32000,0.32000,-2.09509227e-02,0.54272271,Far,True,16,0.32000,Near,0.09333
KC,50,32,rebound,0.76000,0.046875,0.20171866,17,0.34000,-0.42000,0.42000,7.38054695e-03,1.20013425,Middle,False,17,0.34000,Middle,0.00667
KC,50,33,contraction,0.34000,0.054255,0.09856380,43,0.86000,0.52000,0.52000,-1.74933987e-02,0.51673860,Far,True,9,0.18000,Near,0.19333
KC,50,34,rebound,0.86000,0.036762,0.22419045,28,0.56000,-0.30000,0.30000,2.69234578e-02,1.95078550,Middle,False,28,0.56000,Middle,0.10667
KC,50,35,contraction,0.56000,0.063685,0.15592131,14,0.28000,-0.28000,0.28000,-2.06447506e-02,0.63408536,Near,False,14,0.28000,Near,0.05333
KC,50,36,contraction,0.28000,0.043040,0.08076012,47,0.94000,0.66000,0.66000,-9.59260996e-03,0.61734428,Far,True,7,0.14000,Near,0.27333
KC,50,37,rebound,0.94000,0.033448,0.24336197,31,0.62000,-0.32000,0.32000,3.96294894e-02,3.73081648,Middle,False,31,0.62000,Middle,0.04667
KC,50,38,contraction,0.62000,0.073077,0.17326934,21,0.42000,-0.20000,0.20000,-1.26267493e-02,0.77206625,Middle,False,21,0.42000,Middle,0.08667
KC,50,39,contraction,0.42000,0.060451,0.12011265,37,0.74000,0.32000,0.32000,-1.46328190e-02,0.62328727,Far,True,10,0.20000,Near,0.07333
KC,50,40,contraction,0.74000,0.045818,0.19645445,16,0.32000,-0.42000,0.42000,-1.49609322e-03,0.96618584,Near,False,16,0.32000,Near,0.01333
KC,50,41,contraction,0.32000,0.044322,0.09108043,42,0.84000,0.52000,0.52000,-1.00546296e-02,0.57208870,Far,True,8,0.16000,Near,0.17333
KC,50,42,rebound,0.84000,0.034267,0.21856677,26,0.52000,-0.32000,0.32000,2.05878951e-02,1.60612585,Middle,False,26,0.52000,Middle,0.14667
KC,50,43,contraction,0.52000,0.054855,0.14371374,35,0.70000,0.18000,0.18000,-2.22074343e-02,0.58461262,Far,True,11,0.22000,Near,0.03333
KC,50,44,rebound,0.70000,0.032648,0.18316188,12,0.24000,-0.46000,0.46000,8.09951910e-03,1.32049052,Near,False,12,0.24000,Near,0.09333
KC,50,45,contraction,0.24000,0.040747,0.07018676,46,0.92000,0.68000,0.68000,-1.20033262e-02,0.39289669,Far,True,6,0.12000,Near,0.25333
KC,50,46,rebound,0.92000,0.028744,0.23718593,23,0.46000,-0.46000,0.46000,3.46343815e-02,2.42630425,Middle,False,23,0.46000,Middle,0.12667
KC,50,47,contraction,0.46000,0.063378,0.13084453,32,0.64000,0.18000,0.18000,-2.40849792e-02,0.56013575,Middle,True,18,0.36000,Middle,0.02667
KC,50,48,contraction,0.64000,0.039293,0.16982328,17,0.34000,-0.30000,0.30000,-5.83311467e-03,0.86725260,Middle,False,17,0.34000,Middle,0.00667
KC,50,49,contraction,0.34000,0.033460,0.09336500,44,0.88000,0.54000,0.54000,-6.44996908e-03,0.67273577,Far,True,6,0.12000,Near,0.21333
KC,50,50,rebound,0.88000,0.027010,0.22675251,28,0.56000,-0.32000,0.32000,2.00636731e-02,1.56031030,Middle,False,28,0.56000,Middle,0.10667
KC,50,51,contraction,0.56000,0.047074,0.15176843,13,0.26000,-0.30000,0.30000,-1.44375476e-02,0.67496037,Near,False,13,0.26000,Near,0.07333
KC,50,52,contraction,0.26000,0.032636,0.07315904,40,0.80000,0.54000,0.54000,-4.30613550e-03,0.74324732,Far,True,5,0.10000,Near,0.13333
KC,50,53,rebound,0.80000,0.028330,0.20708251,21,0.42000,-0.38000,0.38000,6.87443308e-03,1.15777591,Middle,False,21,0.42000,Middle,0.08667
KC,50,54,contraction,0.42000,0.035204,0.11380112,48,0.96000,0.54000,0.54000,-1.15553204e-02,0.59669637,Far,True,7,0.14000,Near,0.29333
KC,50,55,rebound,0.96000,0.023649,0.24591229,30,0.60000,-0.36000,0.36000,4.25935130e-02,4.25416552,Middle,False,30,0.60000,Middle,0.06667
KC,50,56,contraction,0.60000,0.066243,0.16656067,18,0.36000,-0.24000,0.24000,-1.58342892e-02,0.70790762,Middle,False,18,0.36000,Middle,0.02667
KC,50,57,contraction,0.36000,0.050408,0.10260209,37,0.74000,0.38000,0.38000,-9.98384387e-03,0.67046735,Far,True,9,0.18000,Near,0.07333
KC,50,58,contraction,0.74000,0.040425,0.19510613,25,0.50000,-0.24000,0.24000,-2.56898967e-03,0.94996663,Middle,False,25,0.50000,Middle,0.16667
KC,50,59,contraction,0.50000,0.037856,0.13446389,45,0.90000,0.40000,0.40000,-1.11753756e-02,0.63741077,Far,True,10,0.20000,Near,0.23333
KC,50,60,rebound,0.90000,0.026680,0.23167004,15,0.30000,-0.60000,0.60000,3.16243686e-02,3.25401318,Near,False,15,0.30000,Near,0.03333
KC,50,61,contraction,0.30000,0.058305,0.08957613,34,0.68000,0.38000,0.38000,-1.51882819e-02,0.56329081,Far,True,9,0.18000,Near,0.01333
KC,50,62,contraction,0.68000,0.043116,0.18077906,22,0.44000,-0.24000,0.24000,-8.15415424e-03,0.84526668,Middle,False,22,0.44000,Middle,0.10667
KC,50,63,contraction,0.44000,0.034962,0.11874053,41,0.82000,0.38000,0.38000,-9.10237566e-03,0.65817138,Far,True,8,0.16000,Near,0.15333
KC,50,64,rebound,0.82000,0.025860,0.21146493,12,0.24000,-0.58000,0.58000,1.35839621e-02,1.57227614,Near,False,12,0.24000,Near,0.09333
KC,50,65,contraction,0.24000,0.039444,0.06986092,31,0.62000,0.38000,0.38000,-1.42868483e-02,0.53927947,Middle,True,6,0.12000,Near,0.04667
KC,50,66,contraction,0.62000,0.025157,0.16128921,47,0.94000,0.32000,0.32000,-3.70549747e-03,0.74626701,Far,True,7,0.14000,Near,0.27333
KC,50,67,rebound,0.94000,0.021451,0.24036284,24,0.48000,-0.46000,0.46000,4.16794384e-02,3.55358992,Middle,False,24,0.48000,Middle,0.14667
KC,50,68,contraction,0.48000,0.063131,0.13578269,36,0.72000,0.24000,0.24000,-2.47910109e-02,0.53439383,Far,True,17,0.34000,Middle,0.05333
KC,50,69,rebound,0.72000,0.038340,0.18958494,17,0.34000,-0.38000,0.38000,1.08999660e-02,1.35196552,Middle,False,17,0.34000,Middle,0.00667
KC,50,70,contraction,0.34000,0.049240,0.09730993,43,0.86000,0.52000,0.52000,-2.52822459e-02,0.44454390,Far,True,9,0.18000,Near,0.19333
KC,50,71,rebound,0.86000,0.023957,0.22098937,27,0.54000,-0.32000,0.32000,2.91725709e-02,2.13418438,Middle,False,27,0.54000,Middle,0.12667
KC,50,72,contraction,0.54000,0.053130,0.14828251,13,0.26000,-0.28000,0.28000,-1.70448204e-02,0.63538271,Near,False,13,0.26000,Near,0.07333
KC,50,73,contraction,0.26000,0.036085,0.07402131,39,0.78000,0.52000,0.52000,-1.41988398e-02,0.48480954,Far,True,6,0.12000,Near,0.11333
KC,50,74,rebound,0.78000,0.021886,0.20047160,21,0.42000,-0.36000,0.36000,1.10428438e-02,1.29220027,Middle,False,21,0.42000,Middle,0.08667
KC,50,75,contraction,0.42000,0.032929,0.11323231,48,0.96000,0.54000,0.54000,-1.46049914e-02,0.56361400,Far,True,7,0.14000,Near,0.29333
KC,50,76,rebound,0.96000,0.018324,0.24458106,30,0.60000,-0.36000,0.36000,4.52096317e-02,4.60195817,Middle,False,30,0.60000,Middle,0.06667
KC,50,77,contraction,0.60000,0.063534,0.16588347,16,0.32000,-0.28000,0.28000,-1.48687257e-02,0.71787678,Near,False,16,0.32000,Near,0.01333
KC,50,78,contraction,0.32000,0.048665,0.09216629,35,0.70000,0.38000,0.38000,-1.58047825e-02,0.55048590,Far,True,8,0.16000,Near,0.03333
KC,50,79,contraction,0.70000,0.032860,0.18321509,23,0.46000,-0.24000,0.24000,-4.05497459e-03,0.91818975,Middle,False,23,0.46000,Middle,0.12667
KC,50,80,contraction,0.46000,0.028805,0.12220135,44,0.88000,0.42000,0.42000,-7.14679952e-03,0.67863275,Far,True,8,0.16000,Near,0.21333
KC,50,81,rebound,0.88000,0.021659,0.22541465,14,0.28000,-0.60000,0.60000,2.29981047e-02,2.32904938,Near,False,14,0.28000,Near,0.05333
KC,50,82,contraction,0.28000,0.044657,0.08116418,33,0.66000,0.38000,0.38000,-1.49218220e-02,0.55581559,Middle,True,7,0.14000,Near,0.00667
KC,50,83,contraction,0.66000,0.029735,0.17243372,20,0.40000,-0.26000,0.26000,-8.73051480e-03,0.82987940,Middle,False,20,0.40000,Middle,0.06667
KC,50,84,contraction,0.40000,0.021004,0.10525109,46,0.92000,0.52000,0.52000,-3.96033116e-03,0.76502979,Far,True,6,0.12000,Near,0.25333
KC,50,85,rebound,0.92000,0.017044,0.23426101,28,0.56000,-0.36000,0.36000,3.10174555e-02,2.18611700,Middle,False,28,0.56000,Middle,0.10667
KC,50,86,contraction,0.56000,0.048061,0.15201537,11,0.22000,-0.34000,0.34000,-1.54714410e-02,0.65087119,Near,False,11,0.22000,Near,0.11333
KC,50,87,contraction,0.22000,0.032590,0.06314751,40,0.80000,0.58000,0.58000,-4.51064793e-03,0.70776103,Far,True,4,0.08000,Near,0.13333
KC,50,88,rebound,0.80000,0.028079,0.20701985,24,0.48000,-0.32000,0.32000,8.49541475e-03,1.19675906,Middle,False,24,0.48000,Middle,0.14667
KC,50,89,contraction,0.48000,0.036575,0.12914370,37,0.74000,0.26000,0.26000,-1.76486331e-02,0.58662511,Far,True,8,0.16000,Near,0.07333
KC,50,90,rebound,0.74000,0.018926,0.18973155,16,0.32000,-0.42000,0.42000,1.31791929e-02,1.49080976,Near,False,16,0.32000,Near,0.01333
KC,50,91,contraction,0.32000,0.032105,0.08802634,48,0.96000,0.64000,0.64000,-1.77101773e-02,0.43177860,Far,True,6,0.12000,Near,0.29333
KC,50,92,rebound,0.96000,0.014395,0.24359880,29,0.58000,-0.38000,0.38000,4.34859379e-02,3.88983057,Middle,False,29,0.58000,Middle,0.08667
KC,50,93,contraction,0.58000,0.057881,0.15947028,19,0.38000,-0.20000,0.20000,-1.58120514e-02,0.70380126,Middle,False,19,0.38000,Middle,0.04667
KC,50,94,contraction,0.38000,0.042069,0.10551727,42,0.84000,0.46000,0.46000,-1.45820976e-02,0.56238137,Far,True,8,0.16000,Near,0.17333
KC,50,95,rebound,0.84000,0.027487,0.21687175,25,0.50000,-0.34000,0.34000,1.81105269e-02,1.58729322,Middle,False,25,0.50000,Middle,0.16667
KC,50,96,contraction,0.50000,0.045598,0.13639938,11,0.22000,-0.28000,0.28000,-1.63655306e-02,0.63925909,Near,False,11,0.22000,Near,0.11333
KC,50,97,contraction,0.22000,0.029232,0.06230800,36,0.72000,0.50000,0.50000,-6.23236873e-03,0.67572826,Far,True,4,0.08000,Near,0.05333
KC,50,98,contraction,0.72000,0.023000,0.18574990,17,0.34000,-0.38000,0.38000,-6.34098795e-03,0.86796009,Middle,False,17,0.34000,Middle,0.00667
KC,50,99,contraction,0.34000,0.016659,0.08916466,45,0.90000,0.56000,0.56000,-2.32978286e-03,0.77500025,Far,True,3,0.06000,Near,0.23333
KC,50,100,rebound,0.90000,0.014329,0.22858221,31,0.62000,-0.28000,0.28000,2.85006948e-02,2.12602059,Middle,False,31,0.62000,Middle,0.04667
KC,50,101,contraction,0.62000,0.042830,0.16570739,21,0.42000,-0.20000,0.20000,-1.06704665e-02,0.79092597,Middle,False,21,0.42000,Middle,0.08667
KC,50,102,contraction,0.42000,0.032159,0.11303977,39,0.78000,0.36000,0.36000,-1.69614373e-02,0.53759662,Far,True,8,0.16000,Near,0.11333
KC,50,103,rebound,0.78000,0.015198,0.19879941,13,0.26000,-0.52000,0.52000,1.68965984e-02,2.04877067,Near,False,13,0.26000,Near,0.07333
KC,50,104,contraction,0.26000,0.032094,0.07302356,49,0.98000,0.72000,0.72000,-1.92867292e-02,0.43179923,Far,True,5,0.10000,Near,0.31333
KC,50,105,rebound,0.98000,0.012808,0.24820188,27,0.54000,-0.44000,0.44000,5.40437670e-02,8.10207035,Middle,False,27,0.54000,Middle,0.12667
KC,50,106,contraction,0.54000,0.066851,0.15171282,34,0.68000,0.14000,0.14000,-2.32695433e-02,0.59266502,Far,True,19,0.38000,Middle,0.01333
KC,50,107,rebound,0.68000,0.043582,0.18089543,18,0.36000,-0.32000,0.32000,3.43424422e-03,1.08979810,Middle,False,18,0.36000,Middle,0.02667
KC,50,108,contraction,0.36000,0.047016,0.10175399,41,0.82000,0.46000,0.46000,-2.15406086e-02,0.43708128,Far,True,9,0.18000,Near,0.15333
KC,50,109,rebound,0.82000,0.025475,0.21136884,23,0.46000,-0.36000,0.36000,1.92795006e-02,1.65462786,Middle,False,23,0.46000,Middle,0.12667
KC,50,110,contraction,0.46000,0.044755,0.12618872,10,0.20000,-0.26000,0.26000,-2.01854276e-02,0.54073702,Near,False,10,0.20000,Near,0.13333
KC,50,111,contraction,0.20000,0.024569,0.05614236,44,0.88000,0.68000,0.68000,-6.53476858e-03,0.52981223,Far,True,2,0.04000,Near,0.21333
KC,50,112,rebound,0.88000,0.018035,0.22450867,30,0.60000,-0.28000,0.28000,2.80900718e-02,2.08909982,Middle,False,30,0.60000,Middle,0.06667
KC,50,113,contraction,0.60000,0.046125,0.16153119,16,0.32000,-0.28000,0.28000,-1.29562502e-02,0.73144194,Near,False,16,0.32000,Near,0.01333
KC,50,114,contraction,0.32000,0.033168,0.08829212,37,0.74000,0.42000,0.42000,-1.44872134e-02,0.54041402,Far,True,5,0.10000,Near,0.07333
KC,50,115,rebound,0.74000,0.018681,0.18967032,21,0.42000,-0.32000,0.32000,2.95612616e-03,1.06835359,Middle,False,21,0.42000,Middle,0.08667
KC,50,116,contraction,0.42000,0.021637,0.11040935,47,0.94000,0.52000,0.52000,-6.68034177e-03,0.54127747,Far,True,6,0.12000,Near,0.27333
KC,50,117,rebound,0.94000,0.014957,0.23873927,26,0.52000,-0.42000,0.42000,3.52752652e-02,2.72034947,Middle,False,26,0.52000,Middle,0.14667
KC,50,118,contraction,0.52000,0.050232,0.14255808,12,0.24000,-0.28000,0.28000,-1.86203750e-02,0.61423824,Near,False,12,0.24000,Near,0.09333
KC,50,119,contraction,0.24000,0.031612,0.06790299,38,0.76000,0.52000,0.52000,-7.83478655e-03,0.64302898,Far,True,4,0.08000,Near,0.09333
KC,50,120,rebound,0.76000,0.023777,0.19594429,32,0.64000,-0.12000,0.12000,2.19487270e-03,1.05110215,Middle,False,32,0.64000,Middle,0.02667
KC,50,121,rebound,0.64000,0.025972,0.16649301,17,0.34000,-0.30000,0.30000,1.03083565e-03,1.02837407,Middle,False,17,0.34000,Middle,0.00667
KC,50,122,contraction,0.34000,0.027003,0.09175072,46,0.92000,0.58000,0.58000,-1.44300212e-02,0.42245058,Far,True,5,0.10000,Near,0.25333
KC,50,123,rebound,0.92000,0.012573,0.23314321,24,0.48000,-0.44000,0.44000,3.36113894e-02,2.59535747,Middle,False,24,0.48000,Middle,0.14667
KC,50,124,contraction,0.48000,0.046184,0.13154606,35,0.70000,0.22000,0.22000,-2.24836128e-02,0.55503571,Far,True,10,0.20000,Near,0.03333
KC,50,125,rebound,0.70000,0.023701,0.18092516,13,0.26000,-0.44000,0.44000,9.74583135e-03,1.44400036,Near,False,13,0.26000,Near,0.07333
KC,50,126,contraction,0.26000,0.033446,0.07336162,42,0.84000,0.58000,0.58000,-1.85408430e-02,0.39676888,Far,True,5,0.10000,Near,0.17333
KC,50,127,rebound,0.84000,0.014906,0.21372640,21,0.42000,-0.42000,0.42000,2.32962084e-02,1.82834646,Middle,False,21,0.42000,Middle,0.08667
KC,50,128,contraction,0.42000,0.038202,0.11455046,29,0.58000,0.16000,0.16000,-2.27588192e-02,0.55078302,Middle,True,8,0.16000,Near,0.08667
KC,50,129,contraction,0.58000,0.015443,0.14886075,8,0.16000,-0.42000,0.42000,-1.63540533e-03,0.92443474,Near,False,8,0.16000,Near,0.17333
KC,50,130,contraction,0.16000,0.013808,0.04345190,49,0.98000,0.82000,0.82000,-2.55754774e-03,0.37456607,Far,True,1,0.02000,Near,0.31333
KC,50,131,rebound,0.98000,0.011250,0.24781251,27,0.54000,-0.44000,0.44000,3.62524229e-02,3.49313667,Middle,False,27,0.54000,Middle,0.12667
KC,50,132,contraction,0.54000,0.047502,0.14687562,39,0.78000,0.24000,0.24000,-1.33336376e-02,0.67455949,Far,True,16,0.32000,Near,0.11333
KC,50,133,rebound,0.78000,0.034169,0.20354221,18,0.36000,-0.42000,0.42000,1.82774361e-02,1.68069192,Middle,False,18,0.36000,Middle,0.02667
KC,50,134,contraction,0.36000,0.052446,0.10311157,33,0.66000,0.30000,0.30000,-2.65157765e-02,0.46598925,Middle,True,11,0.22000,Near,0.00667
KC,50,135,rebound,0.66000,0.025931,0.17148263,12,0.24000,-0.42000,0.42000,5.99932269e-05,1.00192172,Near,False,12,0.24000,Near,0.09333
KC,50,136,contraction,0.24000,0.025990,0.06649762,44,0.88000,0.64000,0.64000,-8.02689929e-03,0.49513648,Far,True,3,0.06000,Near,0.21333
KC,50,137,rebound,0.88000,0.017964,0.22449090,23,0.46000,-0.42000,0.42000,2.58486160e-02,1.86407095,Middle,False,23,0.46000,Middle,0.12667
KC,50,138,contraction,0.46000,0.043812,0.12595305,36,0.72000,0.26000,0.26000,-2.24793192e-02,0.54359951,Far,True,9,0.18000,Near,0.05333
KC,50,139,rebound,0.72000,0.021333,0.18533322,15,0.30000,-0.42000,0.42000,8.91003408e-03,1.29690274,Near,False,15,0.30000,Near,0.03333
KC,50,140,contraction,0.30000,0.030243,0.08256073,48,0.96000,0.66000,0.66000,-1.71267236e-02,0.45116359,Far,True,5,0.10000,Near,0.29333
KC,50,141,rebound,0.96000,0.013116,0.24327905,28,0.56000,-0.40000,0.40000,4.70509370e-02,4.65428957,Middle,False,28,0.56000,Middle,0.10667
KC,50,142,contraction,0.56000,0.060167,0.15504178,20,0.40000,-0.16000,0.16000,-2.07192299e-02,0.64233566,Middle,False,20,0.40000,Middle,0.06667
KC,50,143,contraction,0.40000,0.039448,0.10986198,40,0.80000,0.40000,0.40000,-9.99066079e-03,0.63760695,Far,True,8,0.16000,Near,0.13333
KC,50,144,rebound,0.80000,0.029457,0.20736431,13,0.26000,-0.54000,0.54000,7.88413372e-03,1.26199439,Near,False,13,0.26000,Near,0.07333
KC,50,145,contraction,0.26000,0.037341,0.07433535,32,0.64000,0.38000,0.38000,-1.08710261e-02,0.61171980,Middle,True,6,0.12000,Near,0.02667
KC,50,146,contraction,0.64000,0.026470,0.16661759,43,0.86000,0.22000,0.22000,-8.88247153e-03,0.76477006,Far,True,8,0.16000,Near,0.19333
KC,50,147,rebound,0.86000,0.017588,0.21939697,22,0.44000,-0.42000,0.42000,3.28582310e-02,2.57991500,Middle,False,22,0.44000,Middle,0.10667
KC,50,148,contraction,0.44000,0.050446,0.12261153,10,0.20000,-0.24000,0.24000,-2.73495557e-02,0.50192805,Near,False,10,0.20000,Near,0.13333
KC,50,149,contraction,0.20000,0.023097,0.05577414,37,0.74000,0.54000,0.54000,-6.89314645e-03,0.62043148,Far,True,2,0.04000,Near,0.07333
KC,50,150,rebound,0.74000,0.016203,0.18905085,26,0.52000,-0.22000,0.22000,4.68223896e-03,1.11015775,Middle,False,26,0.52000,Middle,0.14667
KC,50,151,contraction,0.52000,0.020886,0.13522141,47,0.94000,0.42000,0.42000,-8.96932948e-03,0.66464346,Far,True,6,0.12000,Near,0.27333
KC,50,152,rebound,0.94000,0.011916,0.23797908,18,0.36000,-0.58000,0.58000,4.14050278e-02,4.63707760,Middle,False,18,0.36000,Middle,0.02667
KC,50,153,contraction,0.36000,0.053321,0.10333034,31,0.62000,0.26000,0.26000,-2.22741124e-02,0.52220690,Middle,True,12,0.24000,Near,0.04667
KC,50,154,contraction,0.62000,0.031047,0.16276181,12,0.24000,-0.38000,0.38000,-9.17087234e-03,0.76582320,Near,False,12,0.24000,Near,0.09333
KC,50,155,contraction,0.24000,0.021876,0.06546909,41,0.82000,0.58000,0.58000,-5.81088120e-03,0.62447742,Far,True,3,0.06000,Near,0.15333
KC,50,156,rebound,0.82000,0.016065,0.20901637,24,0.48000,-0.34000,0.34000,1.38361377e-02,1.36093316,Middle,False,24,0.48000,Middle,0.14667
KC,50,157,contraction,0.48000,0.029902,0.12747541,45,0.90000,0.42000,0.42000,-1.83981700e-02,0.58599947,Far,True,7,0.14000,Near,0.23333
KC,50,158,rebound,0.90000,0.011503,0.22787586,19,0.38000,-0.52000,0.52000,3.60702221e-02,4.43052966,Middle,False,19,0.38000,Middle,0.04667
KC,50,159,contraction,0.38000,0.047574,0.10689342,34,0.68000,0.30000,0.30000,-1.62496979e-02,0.58871630,Far,True,9,0.18000,Near,0.01333
KC,50,160,contraction,0.68000,0.031324,0.17783099,11,0.22000,-0.46000,0.46000,-4.01630345e-03,0.89488517,Near,False,11,0.22000,Near,0.11333
KC,50,161,contraction,0.22000,0.027308,0.06182692,38,0.76000,0.54000,0.54000,-1.55984196e-02,0.47630114,Far,True,3,0.06000,Near,0.09333
KC,50,162,rebound,0.76000,0.011709,0.19292731,25,0.50000,-0.26000,0.26000,1.24293243e-02,1.34917706,Middle,False,25,0.50000,Middle,0.16667
KC,50,163,contraction,0.50000,0.024139,0.13103464,7,0.14000,-0.36000,0.36000,-1.39634794e-02,0.61903994,Near,False,7,0.14000,Near,0.19333
KC,50,164,contraction,0.14000,0.010175,0.03754377,49,0.98000,0.84000,0.84000,-9.56314371e-04,0.43485995,Far,True,1,0.02000,Near,0.31333
KC,50,165,rebound,0.98000,0.009219,0.24730470,29,0.58000,-0.40000,0.40000,4.36253232e-02,3.65537193,Middle,False,29,0.58000,Middle,0.08667
KC,50,166,contraction,0.58000,0.052844,0.15821103,17,0.34000,-0.24000,0.24000,-1.40234647e-02,0.71700415,Middle,False,17,0.34000,Middle,0.00667
KC,50,167,contraction,0.34000,0.038821,0.09470516,42,0.84000,0.50000,0.50000,-1.49019499e-02,0.53703199,Far,True,5,0.10000,Near,0.17333
KC,50,168,rebound,0.84000,0.023919,0.21597967,22,0.44000,-0.40000,0.40000,1.87180645e-02,1.54256318,Middle,False,22,0.44000,Middle,0.10667
KC,50,169,contraction,0.44000,0.042637,0.12065919,35,0.70000,0.26000,0.26000,-1.58161087e-02,0.61995926,Far,True,10,0.20000,Near,0.03333
KC,50,170,rebound,0.70000,0.026821,0.18170516,13,0.26000,-0.44000,0.44000,2.46445574e-03,1.07583963,Near,False,13,0.26000,Near,0.07333
KC,50,171,contraction,0.26000,0.029285,0.07232128,46,0.92000,0.66000,0.66000,-1.54130515e-02,0.43748955,Far,True,4,0.08000,Near,0.25333
KC,50,172,rebound,0.92000,0.013872,0.23346801,27,0.54000,-0.38000,0.38000,3.88397200e-02,3.02778837,Middle,False,27,0.54000,Middle,0.12667
KC,50,173,contraction,0.54000,0.052712,0.14817794,18,0.36000,-0.18000,0.18000,-2.24165362e-02,0.60792644,Middle,False,18,0.36000,Middle,0.02667
KC,50,174,contraction,0.36000,0.030295,0.09757381,39,0.78000,0.42000,0.42000,-7.57240203e-03,0.68885143,Far,True,6,0.12000,Near,0.11333
KC,50,175,rebound,0.78000,0.022723,0.20068071,31,0.62000,-0.16000,0.16000,5.08066658e-03,1.12860540,Middle,False,31,0.62000,Middle,0.04667
KC,50,176,rebound,0.62000,0.027804,0.16195088,11,0.22000,-0.40000,0.40000,4.13337872e-04,1.01509776,Near,False,11,0.22000,Near,0.11333
KC,50,177,contraction,0.22000,0.028217,0.06205421,44,0.88000,0.66000,0.66000,-1.82706288e-02,0.36182379,Far,True,3,0.06000,Near,0.21333
KC,50,178,rebound,0.88000,0.009946,0.22248655,23,0.46000,-0.42000,0.42000,3.34354063e-02,2.55501564,Middle,False,23,0.46000,Middle,0.12667
KC,50,179,contraction,0.46000,0.043382,0.12584540,34,0.68000,0.22000,0.22000,-2.58796162e-02,0.52091394,Far,True,15,0.30000,Near,0.01333
KC,50,180,rebound,0.68000,0.017502,0.17437550,15,0.30000,-0.38000,0.38000,8.23529767e-03,1.30189843,Near,False,15,0.30000,Near,0.03333
KC,50,181,contraction,0.30000,0.025737,0.08143432,48,0.96000,0.66000,0.66000,-1.69783679e-02,0.39352216,Far,True,4,0.08000,Near,0.29333
KC,50,182,rebound,0.96000,0.008759,0.24218973,26,0.52000,-0.44000,0.44000,4.31961142e-02,3.59512188,Middle,False,26,0.52000,Middle,0.14667
KC,50,183,contraction,0.52000,0.051955,0.14298876,37,0.74000,0.22000,0.22000,-2.14433017e-02,0.58818660,Far,True,19,0.38000,Middle,0.07333
KC,50,184,rebound,0.74000,0.030512,0.19262794,18,0.36000,-0.38000,0.38000,1.43849545e-02,1.50892460,Middle,False,18,0.36000,Middle,0.02667
KC,50,185,contraction,0.36000,0.044897,0.10122417,41,0.82000,0.46000,0.46000,-2.77664921e-02,0.45043913,Far,True,8,0.16000,Near,0.15333
KC,50,186,rebound,0.82000,0.017130,0.20928255,22,0.44000,-0.38000,0.38000,2.34816454e-02,2.63583813,Middle,False,22,0.44000,Middle,0.10667
KC,50,187,contraction,0.44000,0.040612,0.12015296,9,0.18000,-0.26000,0.26000,-1.90239618e-02,0.56066539,Near,False,9,0.18000,Near,0.15333
KC,50,188,contraction,0.18000,0.021588,0.05039697,32,0.64000,0.46000,0.46000,-1.02861902e-02,0.53026060,Middle,True,1,0.02000,Near,0.02667
KC,50,189,contraction,0.64000,0.011302,0.16282542,47,0.94000,0.30000,0.30000,-3.32569062e-03,0.78669018,Far,True,4,0.08000,Near,0.27333
KC,50,190,rebound,0.94000,0.007976,0.23699400,25,0.50000,-0.44000,0.44000,4.07682177e-02,4.69108612,Middle,False,25,0.50000,Middle,0.16667
KC,50,191,contraction,0.50000,0.048744,0.13718606,14,0.28000,-0.22000,0.22000,-1.85769288e-02,0.60556748,Near,False,14,0.28000,Near,0.05333
KC,50,192,contraction,0.28000,0.030167,0.07754182,38,0.76000,0.48000,0.48000,-1.09288349e-02,0.57107014,Far,True,4,0.08000,Near,0.09333
KC,50,193,rebound,0.76000,0.019238,0.19480962,29,0.58000,-0.18000,0.18000,2.81496407e-03,1.06305830,Middle,False,29,0.58000,Middle,0.08667
KC,50,194,contraction,0.58000,0.022053,0.15051336,10,0.20000,-0.38000,0.38000,-4.14037440e-03,0.85943503,Near,False,10,0.20000,Near,0.13333
KC,50,195,contraction,0.20000,0.017913,0.05447826,43,0.86000,0.66000,0.66000,-8.76155334e-03,0.42812452,Far,True,1,0.02000,Near,0.19333
KC,50,196,rebound,0.86000,0.009151,0.21728787,20,0.40000,-0.46000,0.46000,2.47249001e-02,1.91124344,Middle,False,20,0.40000,Middle,0.06667
KC,50,197,contraction,0.40000,0.033876,0.10846910,35,0.70000,0.30000,0.30000,-2.33130580e-02,0.50627436,Far,True,5,0.10000,Near,0.03333
KC,50,198,rebound,0.70000,0.010563,0.17764083,13,0.26000,-0.44000,0.44000,5.85572406e-03,1.25603838,Near,False,13,0.26000,Near,0.07333
KC,50,199,contraction,0.26000,0.016419,0.06910477,49,0.98000,0.72000,0.72000,-9.29813938e-03,0.42832667,Far,True,1,0.02000,Near,0.31333
KC,50,200,rebound,0.98000,0.007121,0.24678023,27,0.54000,-0.44000,0.44000,4.75721183e-02,4.46531197,Middle,False,27,0.54000,Middle,0.12667
KC,50,201,contraction,0.54000,0.054693,0.14867326,18,0.36000,-0.18000,0.18000,-2.33378814e-02,0.60205646,Middle,False,18,0.36000,Middle,0.02667
KC,50,202,contraction,0.36000,0.031355,0.09783879,40,0.80000,0.44000,0.44000,-6.87001525e-03,0.69499433,Far,True,6,0.12000,Near,0.13333
KC,50,203,rebound,0.80000,0.024485,0.20612129,31,0.62000,-0.18000,0.18000,8.33343548e-03,1.20715129,Middle,False,31,0.62000,Middle,0.04667
KC,50,204,contraction,0.62000,0.032819,0.16320465,12,0.24000,-0.38000,0.38000,-3.31744064e-03,0.89973270,Near,False,12,0.24000,Near,0.09333
KC,50,205,contraction,0.24000,0.029501,0.06737529,45,0.90000,0.66000,0.66000,-1.45834178e-02,0.40704972,Far,True,4,0.08000,Near,0.23333
KC,50,206,rebound,0.90000,0.014918,0.22872943,23,0.46000,-0.44000,0.44000,3.59009601e-02,2.71648200,Middle,False,23,0.46000,Middle,0.12667
KC,50,207,contraction,0.46000,0.050819,0.12770467,36,0.72000,0.26000,0.26000,-2.43749483e-02,0.53525887,Far,True,16,0.32000,Near,0.05333
KC,50,208,rebound,0.72000,0.026444,0.18661093,16,0.32000,-0.40000,0.40000,8.32159981e-03,1.25830046,Near,False,16,0.32000,Near,0.01333
KC,50,209,contraction,0.32000,0.034765,0.08869133,42,0.84000,0.52000,0.52000,-2.36169797e-02,0.45985998,Far,True,6,0.12000,Near,0.17333
KC,50,210,rebound,0.84000,0.011148,0.21278709,26,0.52000,-0.32000,0.32000,2.81671137e-02,2.51351422,Middle,False,26,0.52000,Middle,0.14667
KC,50,211,contraction,0.52000,0.039315,0.13982887,10,0.20000,-0.32000,0.32000,-1.62541733e-02,0.60281630,Near,False,10,0.20000,Near,0.13333
KC,50,212,contraction,0.20000,0.023061,0.05576532,33,0.66000,0.46000,0.46000,-1.55539334e-02,0.44584170,Middle,True,2,0.04000,Near,0.00667
KC,50,213,contraction,0.66000,0.007507,0.16687684,48,0.96000,0.30000,0.30000,-7.51971566e-04,0.93689915,Far,True,5,0.10000,Near,0.29333
KC,50,214,rebound,0.96000,0.006755,0.24168885,21,0.42000,-0.54000,0.54000,5.12549162e-02,9.08296382,Middle,False,21,0.42000,Middle,0.08667
KC,50,215,contraction,0.42000,0.058010,0.11950258,30,0.60000,0.18000,0.18000,-2.89934924e-02,0.49960133,Middle,True,14,0.28000,Near,0.06667
KC,50,216,contraction,0.60000,0.029017,0.15725420,13,0.26000,-0.34000,0.34000,-4.61740589e-03,0.86863997,Near,False,13,0.26000,Near,0.07333
KC,50,217,contraction,0.26000,0.024399,0.07109985,39,0.78000,0.52000,0.52000,-8.73070308e-03,0.58289043,Far,True,3,0.06000,Near,0.11333
KC,50,218,rebound,0.78000,0.015669,0.19891718,18,0.36000,-0.42000,0.42000,4.83530142e-03,1.11794794,Middle,False,18,0.36000,Middle,0.02667
KC,50,219,contraction,0.36000,0.020504,0.09512600,46,0.92000,0.56000,0.56000,-1.01554694e-02,0.52571893,Far,True,4,0.08000,Near,0.25333
KC,50,220,rebound,0.92000,0.010349,0.23258713,27,0.54000,-0.38000,0.38000,3.56754598e-02,2.61433378,Middle,False,27,0.54000,Middle,0.12667
KC,50,221,contraction,0.54000,0.046024,0.14650600,11,0.22000,-0.32000,0.32000,-1.99219784e-02,0.60317833,Near,False,11,0.22000,Near,0.11333
KC,50,222,contraction,0.22000,0.026102,0.06152550,37,0.74000,0.52000,0.52000,-5.80969085e-03,0.67190838,Far,True,3,0.06000,Near,0.07333
KC,50,223,rebound,0.74000,0.020292,0.19007308,22,0.44000,-0.30000,0.30000,2.17366573e-03,1.04867105,Middle,False,22,0.44000,Middle,0.10667
KC,50,224,contraction,0.44000,0.022466,0.11561650,44,0.88000,0.44000,0.44000,-1.29183279e-02,0.56168234,Far,True,5,0.10000,Near,0.21333
KC,50,225,rebound,0.88000,0.009548,0.22238692,16,0.32000,-0.56000,0.56000,2.73583538e-02,2.80888288,Near,False,16,0.32000,Near,0.01333
KC,50,226,contraction,0.32000,0.036906,0.08922650,32,0.64000,0.32000,0.32000,-1.36537001e-02,0.60090305,Middle,True,6,0.12000,Near,0.02667
KC,50,227,contraction,0.64000,0.023252,0.16581308,8,0.16000,-0.48000,0.48000,-8.66610374e-03,0.74719307,Near,False,8,0.16000,Near,0.17333
KC,50,228,contraction,0.16000,0.014586,0.04364655,41,0.82000,0.66000,0.66000,-8.34638052e-03,0.43760568,Far,True,1,0.02000,Near,0.15333
KC,50,229,rebound,0.82000,0.006240,0.20655996,24,0.48000,-0.34000,0.34000,2.25391691e-02,1.77672536,Middle,False,24,0.48000,Middle,0.14667
KC,50,230,contraction,0.48000,0.028779,0.12719475,12,0.24000,-0.24000,0.24000,-2.21614581e-02,0.53575383,Near,False,12,0.24000,Near,0.09333
KC,50,231,contraction,0.24000,0.006618,0.06165439,49,0.98000,0.74000,0.74000,-1.36996840e-03,0.59199546,Far,True,1,0.02000,Near,0.31333
KC,50,232,rebound,0.98000,0.005248,0.24631189,29,0.58000,-0.40000,0.40000,4.59054609e-02,5.41138959,Middle,False,29,0.58000,Middle,0.08667
KC,50,233,contraction,0.58000,0.051153,0.15778826,35,0.70000,0.12000,0.12000,-1.79395414e-02,0.67016905,Far,True,19,0.38000,Middle,0.03333
KC,50,234,rebound,0.70000,0.033213,0.18330337,18,0.36000,-0.34000,0.34000,9.25025425e-03,1.28045655,Middle,False,18,0.36000,Middle,0.02667
KC,50,235,contraction,0.36000,0.042464,0.10061594,43,0.86000,0.50000,0.50000,-2.72447118e-02,0.42383257,Far,True,7,0.14000,Near,0.19333
KC,50,236,rebound,0.86000,0.015219,0.21880476,23,0.46000,-0.40000,0.40000,3.03080397e-02,2.64556227,Middle,False,23,0.46000,Middle,0.12667
KC,50,237,contraction,0.46000,0.045527,0.12638177,10,0.20000,-0.26000,0.26000,-2.22835515e-02,0.53689902,Near,False,10,0.20000,Near,0.13333
KC,50,238,contraction,0.20000,0.023244,0.05581088,38,0.76000,0.56000,0.56000,-6.98181849e-03,0.59317498,Far,True,2,0.04000,Near,0.09333
KC,50,239,rebound,0.76000,0.016262,0.19406543,27,0.54000,-0.22000,0.22000,5.36279554e-03,1.12517304,Middle,False,27,0.54000,Middle,0.12667
KC,50,240,contraction,0.54000,0.021625,0.14040613,14,0.28000,-0.26000,0.26000,-1.04097410e-02,0.73182815,Near,False,14,0.28000,Near,0.05333
KC,50,241,contraction,0.28000,0.011215,0.07280369,47,0.94000,0.66000,0.66000,-3.64699038e-03,0.53277271,Far,True,1,0.02000,Near,0.27333
KC,50,242,rebound,0.94000,0.007568,0.23689194,31,0.62000,-0.32000,0.32000,3.19372883e-02,2.42340667,Middle,False,31,0.62000,Middle,0.04667
KC,50,243,contraction,0.62000,0.039505,0.16487627,19,0.38000,-0.24000,0.24000,-7.27026049e-03,0.84234537,Middle,False,19,0.38000,Middle,0.04667
KC,50,244,contraction,0.38000,0.032235,0.10305870,40,0.80000,0.42000,0.42000,-1.72401209e-02,0.51199815,Far,True,6,0.12000,Near,0.13333
KC,50,245,rebound,0.80000,0.014995,0.20374867,12,0.24000,-0.56000,0.56000,1.42505984e-02,1.73927269,Near,False,12,0.24000,Near,0.09333
KC,50,246,contraction,0.24000,0.029245,0.06731132,34,0.68000,0.44000,0.44000,-1.57562987e-02,0.48610836,Far,True,4,0.08000,Near,0.01333
KC,50,247,rebound,0.68000,0.013489,0.17337225,22,0.44000,-0.24000,0.24000,6.48995092e-04,1.01542658,Middle,False,22,0.44000,Middle,0.10667
KC,50,248,contraction,0.44000,0.014138,0.11353449,45,0.90000,0.46000,0.46000,-8.98364826e-03,0.54939625,Far,True,4,0.08000,Near,0.23333
KC,50,249,rebound,0.90000,0.005154,0.22628858,16,0.32000,-0.58000,0.58000,2.85522631e-02,4.72408718,Near,False,16,0.32000,Near,0.01333
KC,50,250,contraction,0.32000,0.033707,0.08842665,29,0.58000,0.26000,0.26000,-1.82599676e-02,0.54121490,Middle,True,6,0.12000,Near,0.08667
KC,50,251,contraction,0.58000,0.015447,0.14886166,6,0.12000,-0.46000,0.46000,-5.94665225e-03,0.75610098,Near,False,6,0.12000,Near,0.21333
KC,50,252,contraction,0.12000,0.009500,0.03237499,49,0.98000,0.86000,0.86000,-5.47440752e-03,0.41447473,Far,True,1,0.02000,Near,0.31333
KC,50,253,rebound,0.98000,0.004026,0.24600639,25,0.50000,-0.48000,0.48000,4.56464721e-02,7.33193200,Middle,False,25,0.50000,Middle,0.16667
KC,50,254,contraction,0.50000,0.049672,0.13741801,37,0.74000,0.24000,0.24000,-1.40598467e-02,0.66152630,Far,True,14,0.28000,Near,0.07333
KC,50,255,rebound,0.74000,0.035612,0.19390305,18,0.36000,-0.38000,0.38000,5.71870106e-03,1.14757662,Middle,False,18,0.36000,Middle,0.02667
KC,50,256,contraction,0.36000,0.041331,0.10033272,42,0.84000,0.48000,0.48000,-2.04105975e-02,0.49653886,Far,True,10,0.20000,Near,0.17333
KC,50,257,rebound,0.84000,0.020920,0.21523007,27,0.54000,-0.30000,0.30000,2.21015021e-02,1.89357890,Middle,False,27,0.54000,Middle,0.12667
KC,50,258,contraction,0.54000,0.043022,0.14575545,12,0.24000,-0.30000,0.30000,-1.19798716e-02,0.69876361,Near,False,12,0.24000,Near,0.09333
KC,50,259,contraction,0.24000,0.031042,0.06776048,35,0.70000,0.46000,0.46000,-1.59667122e-02,0.47809172,Far,True,4,0.08000,Near,0.03333
KC,50,260,contraction,0.70000,0.015075,0.17876880,20,0.40000,-0.30000,0.30000,-9.77909665e-04,0.97771523,Middle,False,20,0.40000,Middle,0.06667
KC,50,261,contraction,0.40000,0.014097,0.10352433,46,0.92000,0.52000,0.52000,-5.62656185e-03,0.61034263,Far,True,4,0.08000,Near,0.25333
KC,50,262,rebound,0.92000,0.008471,0.23211768,30,0.60000,-0.32000,0.32000,2.86966905e-02,2.80409883,Middle,False,30,0.60000,Middle,0.06667
KC,50,263,contraction,0.60000,0.037167,0.15929186,14,0.28000,-0.32000,0.32000,-5.18138539e-03,0.86255736,Near,False,14,0.28000,Near,0.05333
KC,50,264,contraction,0.28000,0.031986,0.07799651,39,0.78000,0.50000,0.50000,-1.73187604e-02,0.43592541,Far,True,5,0.10000,Near,0.11333
KC,50,265,rebound,0.78000,0.014667,0.19866682,23,0.46000,-0.32000,0.32000,1.25053814e-02,1.34924394,Middle,False,23,0.46000,Middle,0.12667
KC,50,266,contraction,0.46000,0.027173,0.12179317,7,0.14000,-0.32000,0.32000,-1.50681372e-02,0.53896830,Near,False,7,0.14000,Near,0.19333
KC,50,267,contraction,0.14000,0.012105,0.03802613,44,0.88000,0.74000,0.74000,-6.57003371e-03,0.38738909,Far,True,1,0.02000,Near,0.21333
KC,50,268,rebound,0.88000,0.005534,0.22138362,28,0.56000,-0.32000,0.32000,2.51876714e-02,1.90866652,Middle,False,28,0.56000,Middle,0.10667
KC,50,269,contraction,0.56000,0.030722,0.14768054,16,0.32000,-0.24000,0.24000,-1.03818549e-02,0.75655532,Near,False,16,0.32000,Near,0.01333
KC,50,270,contraction,0.32000,0.020340,0.08508508,48,0.96000,0.64000,0.64000,-1.60310628e-02,0.51495927,Far,True,2,0.04000,Near,0.29333
KC,50,271,rebound,0.96000,0.004309,0.24107731,33,0.66000,-0.30000,0.30000,4.53210519e-02,6.39844547,Middle,False,33,0.66000,Middle,0.00667
KC,50,272,contraction,0.66000,0.049630,0.17740757,21,0.42000,-0.24000,0.24000,-3.44947834e-03,0.92608149,Middle,False,21,0.42000,Middle,0.08667
KC,50,273,contraction,0.42000,0.046181,0.11654521,38,0.76000,0.34000,0.34000,-2.31662267e-02,0.49560669,Far,True,10,0.20000,Near,0.09333
KC,50,274,rebound,0.76000,0.023015,0.19575365,13,0.26000,-0.50000,0.50000,1.47474589e-02,1.71091589,Near,False,13,0.26000,Near,0.07333
KC,50,275,contraction,0.26000,0.037762,0.07444051,26,0.52000,0.26000,0.26000,-2.37177030e-02,0.43927202,Middle,True,5,0.10000,Near,0.14667
KC,50,276,contraction,0.52000,0.014044,0.13351109,42,0.84000,0.32000,0.32000,-5.51453504e-03,0.77271093,Far,True,5,0.10000,Near,0.17333
KC,50,277,rebound,0.84000,0.008530,0.21213245,18,0.36000,-0.48000,0.48000,2.09206272e-02,2.43422016,Middle,False,18,0.36000,Middle,0.02667
KC,50,278,contraction,0.36000,0.029450,0.09736261,34,0.68000,0.32000,0.32000,-2.03212537e-02,0.52187668,Far,True,6,0.12000,Near,0.01333
KC,50,279,rebound,0.68000,0.009129,0.17228230,9,0.18000,-0.50000,0.50000,7.30600310e-03,1.48353327,Near,False,9,0.18000,Near,0.15333
KC,50,280,contraction,0.18000,0.016435,0.04910880,47,0.94000,0.76000,0.76000,-1.35043111e-02,0.33092919,Far,True,1,0.02000,Near,0.27333
KC,50,281,rebound,0.94000,0.002931,0.23573272,24,0.48000,-0.46000,0.46000,4.23556779e-02,3.56962572,Middle,False,24,0.48000,Middle,0.14667
KC,50,282,contraction,0.48000,0.045287,0.13132164,31,0.62000,0.14000,0.14000,-2.38267602e-02,0.56557981,Middle,True,15,0.30000,Near,0.04667
KC,50,283,contraction,0.62000,0.021460,0.16036495,14,0.28000,-0.34000,0.34000,-9.31247657e-04,0.97200166,Near,False,14,0.28000,Near,0.05333
KC,50,284,contraction,0.28000,0.020529,0.07513214,41,0.82000,0.54000,0.54000,-1.22302701e-02,0.49340372,Far,True,3,0.06000,Near,0.15333
KC,50,285,rebound,0.82000,0.008298,0.20707457,20,0.40000,-0.42000,0.42000,1.43577165e-02,1.51904566,Middle,False,20,0.40000,Middle,0.06667
KC,50,286,contraction,0.40000,0.022656,0.10566400,5,0.10000,-0.30000,0.30000,-1.68208082e-02,0.53214001,Near,False,5,0.10000,Near,0.23333
KC,50,287,contraction,0.10000,0.005835,0.02645880,45,0.90000,0.80000,0.80000,-3.62678506e-03,0.57255171,Far,True,1,0.02000,Near,0.23333
KC,50,288,rebound,0.90000,0.002208,0.22555210,28,0.56000,-0.34000,0.34000,3.42795027e-02,2.62604365,Middle,False,28,0.56000,Middle,0.10667
KC,50,289,contraction,0.56000,0.036488,0.14912198,12,0.24000,-0.32000,0.32000,-1.68017033e-02,0.65624193,Near,False,12,0.24000,Near,0.09333
KC,50,290,contraction,0.24000,0.019686,0.06492155,36,0.72000,0.48000,0.48000,-7.20870208e-03,0.64483705,Far,True,1,0.02000,Near,0.05333
KC,50,291,contraction,0.72000,0.012478,0.18311938,22,0.44000,-0.28000,0.28000,-8.09920406e-04,0.98236641,Middle,False,22,0.44000,Middle,0.10667
KC,50,292,contraction,0.44000,0.011668,0.11291690,49,0.98000,0.54000,0.54000,-9.96911509e-03,0.54294851,Far,True,3,0.06000,Near,0.31333
KC,50,293,rebound,0.98000,0.001698,0.24542462,30,0.60000,-0.38000,0.38000,4.42498264e-02,13.67499915,Middle,False,30,0.60000,Middle,0.06667
KC,50,294,contraction,0.60000,0.045948,0.16148707,16,0.32000,-0.28000,0.28000,-6.58168984e-03,0.84224620,Near,False,16,0.32000,Near,0.01333
KC,50,295,contraction,0.32000,0.039367,0.08984165,39,0.78000,0.46000,0.46000,-1.64674712e-02,0.48886700,Far,True,7,0.14000,Near,0.11333
KC,50,296,rebound,0.78000,0.022899,0.20072478,24,0.48000,-0.30000,0.30000,8.29274794e-03,1.20256499,Middle,False,24,0.48000,Middle,0.14667
KC,50,297,contraction,0.48000,0.031192,0.12779797,9,0.18000,-0.30000,0.30000,-1.36839558e-02,0.59854179,Near,False,9,0.18000,Near,0.15333
KC,50,298,contraction,0.18000,0.017508,0.04937698,43,0.86000,0.68000,0.68000,-6.63968335e-03,0.47239917,Far,True,1,0.02000,Near,0.19333
KC,50,299,rebound,0.86000,0.010868,0.21771706,32,0.64000,-0.22000,0.22000,1.95823329e-02,1.64660083,Middle,False,32,0.64000,Middle,0.02667
KC,50,300,rebound,0.64000,0.030451,0.16761264,18,0.36000,-0.28000,0.28000,3.35942317e-04,1.00877546,Middle,False,18,0.36000,Middle,0.02667
KC,50,301,contraction,0.36000,0.030787,0.09769663,5,0.10000,-0.26000,0.26000,-2.50671614e-02,0.43320696,Near,False,5,0.10000,Near,0.23333
KC,50,302,contraction,0.10000,0.005719,0.02642984,46,0.92000,0.82000,0.82000,-1.85249217e-03,0.63215117,Far,True,1,0.02000,Near,0.25333
KC,50,303,rebound,0.92000,0.003867,0.23096672,26,0.52000,-0.40000,0.40000,3.83232113e-02,3.00964291,Middle,False,26,0.52000,Middle,0.14667
KC,50,304,contraction,0.52000,0.042190,0.14054752,35,0.70000,0.18000,0.18000,-1.90286532e-02,0.60800928,Far,True,13,0.26000,Near,0.03333
KC,50,305,rebound,0.70000,0.023161,0.18079035,14,0.28000,-0.42000,0.42000,9.25856914e-03,1.34808882,Near,False,14,0.28000,Near,0.05333
KC,50,306,contraction,0.28000,0.032420,0.07810500,40,0.80000,0.52000,0.52000,-2.45398449e-02,0.38290064,Far,True,3,0.06000,Near,0.13333
KC,50,307,rebound,0.80000,0.007880,0.20197004,21,0.42000,-0.38000,0.38000,2.21003821e-02,1.82166255,Middle,False,21,0.42000,Middle,0.08667
KC,50,308,contraction,0.42000,0.029981,0.11249513,7,0.14000,-0.28000,0.28000,-2.17486916e-02,0.50218858,Near,False,7,0.14000,Near,0.19333
KC,50,309,contraction,0.14000,0.008232,0.03705796,48,0.96000,0.82000,0.82000,-7.13735207e-03,0.43789959,Far,True,1,0.02000,Near,0.29333
KC,50,310,rebound,0.96000,0.001094,0.24027362,29,0.58000,-0.38000,0.38000,4.90037796e-02,6.14374158,Middle,False,29,0.58000,Middle,0.08667
KC,50,311,contraction,0.58000,0.050098,0.15752457,17,0.34000,-0.24000,0.24000,-1.82885755e-02,0.66338350,Middle,False,17,0.34000,Middle,0.00667
KC,50,312,contraction,0.34000,0.031810,0.09295242,37,0.74000,0.40000,0.40000,-1.17560339e-02,0.60337374,Far,True,4,0.08000,Near,0.07333
KC,50,313,rebound,0.74000,0.020054,0.19001341,24,0.48000,-0.26000,0.26000,1.55173833e-03,1.03382491,Middle,False,24,0.48000,Middle,0.14667
KC,50,314,contraction,0.48000,0.021605,0.12540135,9,0.18000,-0.30000,0.30000,-1.13984895e-02,0.63961250,Near,False,9,0.18000,Near,0.15333
KC,50,315,contraction,0.18000,0.010207,0.04755173,44,0.88000,0.70000,0.70000,-3.15530608e-03,0.61703799,Far,True,1,0.02000,Near,0.21333
KC,50,316,rebound,0.88000,0.007052,0.22176290,31,0.62000,-0.26000,0.26000,2.14895022e-02,1.70553973,Middle,False,31,0.62000,Middle,0.04667
KC,50,317,contraction,0.62000,0.028541,0.16213527,15,0.30000,-0.32000,0.32000,-3.78932417e-03,0.89985329,Near,False,15,0.30000,Near,0.03333
KC,50,318,contraction,0.30000,0.024752,0.08118794,41,0.82000,0.52000,0.52000,-1.96697892e-02,0.42768152,Far,True,3,0.06000,Near,0.15333
KC,50,319,rebound,0.82000,0.005082,0.20627050,22,0.44000,-0.38000,0.38000,2.23093306e-02,2.02842310,Middle,False,22,0.44000,Middle,0.10667
KC,50,320,contraction,0.44000,0.027391,0.11684783,6,0.12000,-0.32000,0.32000,-1.90419102e-02,0.52376466,Near,False,6,0.12000,Near,0.21333
KC,50,321,contraction,0.12000,0.008349,0.03208735,34,0.68000,0.56000,0.56000,-7.61896611e-03,0.47819495,Far,True,1,0.02000,Near,0.01333
KC,50,322,rebound,0.68000,0.000730,0.17018261,12,0.24000,-0.44000,0.44000,9.65919472e-04,1.03211661,Near,False,12,0.24000,Near,0.09333
KC,50,323,contraction,0.24000,0.001696,0.06042409,50,1.00000,0.76000,0.76000,-1.69635753e-03,0.48648424,Far,True,1,0.02000,Near,0.33333
KC,100,0,contraction,0.50000,0.250000,0.18750000,58,0.58000,0.08000,0.08000,-3.94750000e-02,0.53734288,Middle,True,47,0.47000,Middle,0.08667
KC,100,1,contraction,0.58000,0.210525,0.19763125,64,0.64000,0.06000,0.06000,-3.00380100e-02,0.60442756,Middle,True,44,0.44000,Middle,0.02667
KC,100,2,contraction,0.64000,0.180487,0.20512175,43,0.43000,-0.21000,0.21000,-1.59338900e-02,0.75975467,Middle,False,43,0.43000,Middle,0.09667
KC,100,3,contraction,0.43000,0.164553,0.14863828,71,0.71000,0.28000,0.28000,-2.07938560e-02,0.59719952,Far,True,38,0.38000,Middle,0.04333
KC,100,4,contraction,0.71000,0.143759,0.21343981,54,0.54000,-0.17000,0.17000,-1.42708240e-02,0.78791829,Middle,False,54,0.54000,Middle,0.12667
KC,100,5,contraction,0.54000,0.129488,0.16737211,76,0.76000,0.22000,0.22000,-1.15833237e-02,0.72494004,Far,True,36,0.36000,Middle,0.09333
KC,100,6,contraction,0.76000,0.117905,0.21947627,38,0.38000,-0.38000,0.38000,-1.46832603e-03,0.97238792,Middle,False,38,0.38000,Middle,0.04667
KC,100,7,contraction,0.38000,0.116437,0.12410919,80,0.80000,0.42000,0.42000,-1.49683165e-02,0.58739126,Far,True,31,0.31000,Near,0.13333
KC,100,8,rebound,0.80000,0.101468,0.22536711,61,0.61000,-0.19000,0.19000,6.09428841e-03,1.12824533,Middle,False,61,0.61000,Middle,0.05667
KC,100,9,contraction,0.61000,0.107563,0.17939069,46,0.46000,-0.15000,0.15000,-1.80207894e-02,0.71204257,Middle,False,46,0.46000,Middle,0.12667
KC,100,10,contraction,0.46000,0.089542,0.13738549,83,0.83000,0.37000,0.37000,-6.39893593e-03,0.75182559,Far,True,29,0.29000,Near,0.16333
KC,100,11,rebound,0.83000,0.083143,0.22828575,68,0.68000,-0.15000,0.15000,6.47990631e-03,1.15001494,Far,False,68,0.68000,Far,0.01333
KC,100,12,contraction,0.68000,0.089623,0.19240573,34,0.34000,-0.34000,0.34000,-1.90234484e-04,0.99561329,Middle,False,34,0.34000,Middle,0.00667
KC,100,13,contraction,0.34000,0.089433,0.10735817,86,0.86000,0.52000,0.52000,-1.86889280e-02,0.47130823,Far,True,26,0.26000,Near,0.19333
KC,100,14,rebound,0.86000,0.070744,0.23268594,52,0.52000,-0.34000,0.34000,2.22802854e-02,1.62238693,Middle,False,52,0.52000,Middle,0.14667
KC,100,15,contraction,0.52000,0.093024,0.15325601,74,0.74000,0.22000,0.22000,-2.19708698e-02,0.57910938,Far,True,41,0.41000,Middle,0.07333
KC,100,16,rebound,0.74000,0.071053,0.20276329,40,0.40000,-0.34000,0.34000,5.66639070e-03,1.13178634,Middle,False,40,0.40000,Middle,0.06667
KC,100,17,contraction,0.40000,0.076720,0.11917989,88,0.88000,0.48000,0.48000,-1.77952479e-02,0.52262384,Far,True,25,0.25000,Near,0.21333
KC,100,18,rebound,0.88000,0.058924,0.23473108,58,0.58000,-0.30000,0.30000,2.62870400e-02,1.85747270,Middle,False,58,0.58000,Middle,0.08667
KC,100,19,contraction,0.58000,0.085211,0.16630284,30,0.30000,-0.28000,0.28000,-1.83632553e-02,0.66168987,Near,False,30,0.30000,Near,0.03333
KC,100,20,contraction,0.30000,0.066848,0.09171203,79,0.79000,0.49000,0.49000,-1.04091032e-02,0.60158009,Far,True,21,0.21000,Near,0.12333
KC,100,21,rebound,0.79000,0.056439,0.21160975,48,0.48000,-0.31000,0.31000,6.47670989e-03,1.13976173,Middle,False,48,0.48000,Middle,0.14667
KC,100,22,contraction,0.48000,0.062916,0.13572893,90,0.90000,0.42000,0.42000,-1.37302240e-02,0.62931679,Far,True,23,0.23000,Near,0.23333
KC,100,23,rebound,0.90000,0.049185,0.23729637,63,0.63000,-0.27000,0.27000,3.02030155e-02,2.24173364,Middle,False,63,0.63000,Middle,0.03667
KC,100,24,contraction,0.63000,0.079389,0.17734713,37,0.37000,-0.26000,0.26000,-9.05046551e-03,0.82039192,Middle,False,37,0.37000,Middle,0.03667
KC,100,25,contraction,0.37000,0.070338,0.11008451,72,0.72000,0.35000,0.35000,-2.05770643e-02,0.52160466,Far,True,23,0.23000,Near,0.05333
KC,100,26,contraction,0.72000,0.049761,0.19244024,27,0.27000,-0.45000,0.45000,-1.95952760e-03,0.95087610,Near,False,27,0.27000,Near,0.06333
KC,100,27,contraction,0.27000,0.047801,0.07945036,91,0.91000,0.64000,0.64000,-5.41381132e-03,0.61894090,Far,True,15,0.15000,Near,0.24333
KC,100,28,rebound,0.91000,0.042388,0.23809691,54,0.54000,-0.37000,0.37000,3.21964389e-02,2.19481346,Middle,False,54,0.54000,Middle,0.12667
KC,100,29,contraction,0.54000,0.074584,0.15364602,77,0.77000,0.23000,0.23000,-2.37031743e-02,0.58785416,Far,True,43,0.43000,Middle,0.10333
KC,100,30,rebound,0.77000,0.050881,0.20522022,42,0.42000,-0.35000,0.35000,1.62640274e-02,1.48221688,Middle,False,42,0.42000,Middle,0.08667
KC,100,31,contraction,0.42000,0.067145,0.12178623,84,0.84000,0.42000,0.42000,-2.65275154e-02,0.50498712,Far,True,23,0.23000,Near,0.17333
KC,100,32,rebound,0.84000,0.040617,0.22015435,50,0.50000,-0.34000,0.34000,2.39189236e-02,1.89144361,Middle,False,50,0.50000,Middle,0.16667
KC,100,33,contraction,0.50000,0.064536,0.14113408,29,0.29000,-0.21000,0.21000,-2.07137317e-02,0.60287133,Near,False,29,0.29000,Near,0.04333
KC,100,34,contraction,0.29000,0.043823,0.08345565,93,0.93000,0.64000,0.64000,-8.32626253e-03,0.65888497,Far,True,15,0.15000,Near,0.26333
KC,100,35,rebound,0.93000,0.035496,0.24137408,64,0.64000,-0.29000,0.29000,3.87032020e-02,3.43117360,Middle,False,64,0.64000,Middle,0.02667
KC,100,36,contraction,0.64000,0.074200,0.17854989,39,0.39000,-0.25000,0.25000,-1.52263018e-02,0.73870579,Middle,False,39,0.39000,Middle,0.05667
KC,100,37,contraction,0.39000,0.058973,0.11224331,73,0.73000,0.34000,0.34000,-1.47499661e-02,0.61073188,Far,True,21,0.21000,Near,0.06333
KC,100,38,contraction,0.73000,0.044223,0.19355582,56,0.56000,-0.17000,0.17000,-2.08992601e-03,0.95801851,Middle,False,56,0.56000,Middle,0.10667
KC,100,39,contraction,0.56000,0.042133,0.15053334,23,0.23000,-0.33000,0.33000,-7.58531246e-03,0.78282499,Near,False,23,0.23000,Near,0.10333
KC,100,40,contraction,0.23000,0.034548,0.06613701,89,0.89000,0.66000,0.66000,-2.56993028e-03,0.74173662,Far,True,10,0.10000,Near,0.22333
KC,100,41,rebound,0.89000,0.031978,0.23049453,46,0.46000,-0.43000,0.43000,1.87743870e-02,1.48789412,Middle,False,46,0.46000,Middle,0.12667
KC,100,42,contraction,0.46000,0.050752,0.12768812,81,0.81000,0.35000,0.35000,-1.48337609e-02,0.62340576,Far,True,32,0.32000,Near,0.14333
KC,100,43,rebound,0.81000,0.035919,0.21147968,34,0.34000,-0.47000,0.47000,1.46981867e-02,1.45395030,Middle,False,34,0.34000,Middle,0.00667
KC,100,44,contraction,0.34000,0.050617,0.09765423,67,0.67000,0.33000,0.33000,-1.52232648e-02,0.58673658,Far,True,17,0.17000,Near,0.00333
KC,100,45,contraction,0.67000,0.035394,0.17634841,94,0.94000,0.27000,0.27000,-7.17309115e-03,0.79883194,Far,True,20,0.20000,Near,0.27333
KC,100,46,rebound,0.94000,0.028221,0.24205514,51,0.51000,-0.43000,0.43000,4.64027918e-02,4.29406480,Middle,False,51,0.51000,Middle,0.15667
KC,100,47,contraction,0.51000,0.074623,0.14615584,29,0.29000,-0.22000,0.22000,-2.53589501e-02,0.56560908,Near,False,29,0.29000,Near,0.04333
KC,100,48,contraction,0.29000,0.049264,0.08481610,75,0.75000,0.46000,0.46000,-9.70725562e-03,0.62239334,Far,True,16,0.16000,Near,0.08333
KC,100,49,rebound,0.75000,0.039557,0.19738929,59,0.59000,-0.16000,0.16000,1.38352643e-03,1.02983993,Middle,False,59,0.59000,Middle,0.07667
KC,100,50,contraction,0.59000,0.040941,0.15773517,22,0.22000,-0.37000,0.37000,-1.01399167e-02,0.78466079,Near,False,22,0.22000,Near,0.11333
KC,100,51,contraction,0.22000,0.030801,0.06270019,87,0.87000,0.65000,0.65000,-4.28031768e-03,0.63137229,Far,True,8,0.08000,Near,0.20333
KC,100,52,rebound,0.87000,0.026520,0.22413011,43,0.43000,-0.44000,0.44000,2.36087932e-02,1.75435459,Middle,False,43,0.43000,Middle,0.09667
KC,100,53,contraction,0.43000,0.050129,0.12003231,70,0.70000,0.27000,0.27000,-2.18336283e-02,0.54251657,Far,True,35,0.35000,Middle,0.03333
KC,100,54,rebound,0.70000,0.028296,0.18207390,33,0.33000,-0.37000,0.37000,1.10642713e-03,1.02833034,Near,False,33,0.33000,Near,0.00333
KC,100,55,contraction,0.33000,0.029402,0.08985051,95,0.95000,0.62000,0.62000,-5.23843238e-03,0.50469386,Far,True,11,0.11000,Near,0.28333
KC,100,56,rebound,0.95000,0.024164,0.24354090,54,0.54000,-0.41000,0.41000,3.64998974e-02,2.53359916,Middle,False,54,0.54000,Middle,0.12667
KC,100,57,contraction,0.54000,0.060663,0.15016587,78,0.78000,0.24000,0.24000,-2.12217179e-02,0.60025447,Far,True,38,0.38000,Middle,0.11333
KC,100,58,rebound,0.78000,0.039442,0.20486044,39,0.39000,-0.39000,0.39000,1.79901223e-02,1.59510339,Middle,False,39,0.39000,Middle,0.05667
KC,100,59,contraction,0.39000,0.057432,0.11185798,63,0.63000,0.24000,0.24000,-2.54158692e-02,0.50665692,Middle,True,21,0.21000,Near,0.03667
KC,100,60,contraction,0.63000,0.032016,0.16550401,23,0.23000,-0.40000,0.40000,-2.09892988e-03,0.93371537,Near,False,23,0.23000,Near,0.10333
KC,100,61,contraction,0.23000,0.029917,0.06497928,92,0.92000,0.69000,0.69000,-5.88407495e-03,0.53810774,Far,True,8,0.08000,Near,0.25333
KC,100,62,rebound,0.92000,0.024033,0.23600826,49,0.49000,-0.43000,0.43000,2.91960660e-02,1.98031282,Middle,False,49,0.49000,Middle,0.15667
KC,100,63,contraction,0.49000,0.053229,0.13580727,73,0.73000,0.24000,0.24000,-1.89315752e-02,0.59265990,Far,True,31,0.31000,Near,0.06333
KC,100,64,rebound,0.73000,0.034298,0.19107438,32,0.32000,-0.41000,0.41000,7.48726857e-03,1.22381262,Near,False,32,0.32000,Near,0.01333
KC,100,65,contraction,0.32000,0.041785,0.09044620,84,0.84000,0.52000,0.52000,-1.58593534e-02,0.46438815,Far,True,14,0.14000,Near,0.17333
KC,100,66,rebound,0.84000,0.025925,0.21648136,56,0.56000,-0.28000,0.28000,2.00820136e-02,1.60380702,Middle,False,56,0.56000,Middle,0.10667
KC,100,67,contraction,0.56000,0.046007,0.15150186,26,0.26000,-0.30000,0.30000,-1.45820154e-02,0.68980222,Near,False,26,0.26000,Near,0.07333
KC,100,68,contraction,0.26000,0.031425,0.07285636,96,0.96000,0.70000,0.70000,-1.12168622e-02,0.47773454,Far,True,10,0.10000,Near,0.29333
KC,100,69,rebound,0.96000,0.020209,0.24505214,46,0.46000,-0.50000,0.50000,4.22428210e-02,4.11644060,Middle,False,46,0.46000,Middle,0.12667
KC,100,70,contraction,0.46000,0.062451,0.13061285,68,0.68000,0.22000,0.22000,-1.53367737e-02,0.65150048,Far,True,37,0.37000,Middle,0.01333
KC,100,71,contraction,0.68000,0.047115,0.18177865,36,0.36000,-0.32000,0.32000,-8.58531232e-03,0.83009052,Middle,False,36,0.36000,Middle,0.02667
KC,100,72,contraction,0.36000,0.038529,0.09963233,81,0.81000,0.45000,0.45000,-7.74605873e-03,0.67039596,Far,True,15,0.15000,Near,0.14333
KC,100,73,rebound,0.81000,0.030783,0.21019581,59,0.59000,-0.22000,0.22000,9.21702937e-03,1.22140706,Middle,False,59,0.59000,Middle,0.07667
KC,100,74,contraction,0.59000,0.040000,0.15750007,23,0.23000,-0.36000,0.36000,-7.05360319e-03,0.80366492,Near,False,23,0.23000,Near,0.10333
KC,100,75,contraction,0.23000,0.032947,0.06573667,89,0.89000,0.66000,0.66000,-1.05112240e-02,0.41652867,Far,True,9,0.09000,Near,0.22333
KC,100,76,rebound,0.89000,0.022435,0.22810886,48,0.48000,-0.41000,0.41000,2.80550490e-02,1.98750346,Middle,False,48,0.48000,Middle,0.14667
KC,100,77,contraction,0.48000,0.050490,0.13262262,72,0.72000,0.24000,0.24000,-2.04251845e-02,0.57608235,Far,True,31,0.31000,Near,0.05333
KC,100,78,rebound,0.72000,0.030065,0.18751633,32,0.32000,-0.40000,0.40000,8.16733988e-03,1.25578042,Near,False,32,0.32000,Near,0.01333
KC,100,79,contraction,0.32000,0.038233,0.08955816,94,0.94000,0.62000,0.62000,-2.06689788e-02,0.44594275,Far,True,13,0.13000,Near,0.27333
KC,100,80,rebound,0.94000,0.017564,0.23939092,54,0.54000,-0.40000,0.40000,4.31554947e-02,3.72813487,Middle,False,54,0.54000,Middle,0.12667
KC,100,81,contraction,0.54000,0.060719,0.15017979,65,0.65000,0.11000,0.11000,-2.23324657e-02,0.61590991,Middle,True,39,0.39000,Middle,0.01667
KC,100,82,rebound,0.65000,0.038387,0.17209668,27,0.27000,-0.38000,0.38000,2.22322451e-03,1.07013984,Near,False,27,0.27000,Near,0.06333
KC,100,83,contraction,0.27000,0.040610,0.07765248,83,0.83000,0.56000,0.56000,-1.56013110e-02,0.44744894,Far,True,13,0.13000,Near,0.16333
KC,100,84,rebound,0.83000,0.025009,0.21375215,42,0.42000,-0.41000,0.41000,2.03430007e-02,1.64270080,Middle,False,42,0.42000,Middle,0.08667
KC,100,85,contraction,0.42000,0.045352,0.11633790,76,0.76000,0.34000,0.34000,-2.36032144e-02,0.49998040,Far,True,17,0.17000,Near,0.09333
KC,100,86,rebound,0.76000,0.021748,0.19543710,34,0.34000,-0.42000,0.42000,1.15870219e-02,1.50696871,Middle,False,34,0.34000,Middle,0.00667
KC,100,87,contraction,0.34000,0.033335,0.09333386,97,0.97000,0.63000,0.63000,-1.71559493e-02,0.51484835,Far,True,13,0.13000,Near,0.30333
KC,100,88,rebound,0.97000,0.016179,0.24654487,57,0.57000,-0.40000,0.40000,5.09160771e-02,6.51513942,Middle,False,57,0.57000,Middle,0.09667
KC,100,89,contraction,0.57000,0.067096,0.15927389,46,0.46000,-0.11000,0.11000,-2.23585437e-02,0.63892511,Middle,False,46,0.46000,Middle,0.12667
KC,100,90,contraction,0.46000,0.044737,0.12618425,79,0.79000,0.33000,0.33000,-1.35658373e-02,0.65182653,Far,True,20,0.20000,Near,0.12333
KC,100,91,rebound,0.79000,0.031171,0.20529279,28,0.28000,-0.51000,0.51000,1.48506453e-02,1.63309307,Near,False,28,0.28000,Near,0.05333
KC,100,92,contraction,0.28000,0.046022,0.08150545,67,0.67000,0.39000,0.39000,-1.78634902e-02,0.50324701,Far,True,15,0.15000,Near,0.00333
KC,100,93,contraction,0.67000,0.028158,0.17453958,88,0.88000,0.21000,0.21000,-6.14257290e-03,0.85546826,Far,True,19,0.19000,Near,0.21333
KC,100,94,rebound,0.88000,0.022016,0.22550394,40,0.40000,-0.48000,0.48000,3.80186607e-02,3.44058224,Middle,False,40,0.40000,Middle,0.06667
KC,100,95,contraction,0.40000,0.060034,0.11500860,60,0.60000,0.20000,0.20000,-2.75737190e-02,0.50140928,Middle,True,21,0.21000,Near,0.06667
KC,100,96,contraction,0.60000,0.032461,0.15811517,21,0.21000,-0.39000,0.39000,-5.23142024e-03,0.83598596,Near,False,21,0.21000,Near,0.12333
KC,100,97,contraction,0.21000,0.027229,0.05930732,91,0.91000,0.70000,0.70000,-1.01101912e-02,0.42609488,Far,True,6,0.06000,Near,0.24333
KC,100,98,rebound,0.91000,0.017119,0.23177977,50,0.50000,-0.41000,0.41000,3.25473273e-02,2.28151115,Middle,False,50,0.50000,Middle,0.16667
KC,100,99,contraction,0.50000,0.049666,0.13741660,73,0.73000,0.23000,0.23000,-1.87470498e-02,0.59981353,Far,True,32,0.32000,Near,0.06333
KC,100,100,rebound,0.73000,0.030919,0.19022984,33,0.33000,-0.40000,0.40000,9.85864952e-03,1.31362170,Near,False,33,0.33000,Near,0.00333
KC,100,101,contraction,0.33000,0.040778,0.09269450,85,0.85000,0.52000,0.52000,-2.47063844e-02,0.43580583,Far,True,14,0.14000,Near,0.18333
KC,100,102,rebound,0.85000,0.016072,0.21651791,45,0.45000,-0.40000,0.40000,2.72851186e-02,2.15530374,Middle,False,45,0.45000,Middle,0.11667
KC,100,103,contraction,0.45000,0.043357,0.12333919,64,0.64000,0.19000,0.19000,-2.11564306e-02,0.57487471,Middle,True,18,0.18000,Near,0.02667
KC,100,104,rebound,0.64000,0.022200,0.16555008,22,0.22000,-0.42000,0.42000,2.52794276e-03,1.10532208,Near,False,22,0.22000,Near,0.11333
KC,100,105,contraction,0.22000,0.024728,0.06118206,97,0.97000,0.75000,0.75000,-1.10417691e-02,0.34737170,Far,True,6,0.06000,Near,0.30333
KC,100,106,rebound,0.97000,0.013686,0.24592162,54,0.54000,-0.43000,0.43000,4.16656244e-02,3.21460020,Middle,False,54,0.54000,Middle,0.12667
KC,100,107,contraction,0.54000,0.055352,0.14883803,75,0.75000,0.21000,0.21000,-1.93873931e-02,0.62661607,Far,True,36,0.36000,Middle,0.08333
KC,100,108,rebound,0.75000,0.035965,0.19649118,36,0.36000,-0.39000,0.39000,1.61116846e-02,1.55851540,Middle,False,36,0.36000,Middle,0.02667
KC,100,109,contraction,0.36000,0.052076,0.10301910,81,0.81000,0.45000,0.45000,-2.98326646e-02,0.43611135,Far,True,17,0.17000,Near,0.14333
KC,100,110,rebound,0.81000,0.022244,0.20806093,47,0.47000,-0.34000,0.34000,2.22310876e-02,1.98828269,Middle,False,47,0.47000,Middle,0.13667
KC,100,111,contraction,0.47000,0.044475,0.12861871,24,0.24000,-0.23000,0.23000,-1.93941670e-02,0.55849479,Near,False,24,0.24000,Near,0.09333
KC,100,112,contraction,0.24000,0.025081,0.06627016,93,0.93000,0.69000,0.69000,-8.93706502e-03,0.53952783,Far,True,7,0.07000,Near,0.26333
KC,100,113,rebound,0.93000,0.016144,0.23653590,61,0.61000,-0.32000,0.32000,3.90404904e-02,3.32761122,Middle,False,61,0.61000,Middle,0.05667
KC,100,114,contraction,0.61000,0.055184,0.16629602,39,0.39000,-0.22000,0.22000,-1.51671988e-02,0.72379877,Middle,False,39,0.39000,Middle,0.05667
KC,100,115,contraction,0.39000,0.040017,0.10750422,71,0.71000,0.32000,0.32000,-1.48994349e-02,0.60111596,Far,True,15,0.15000,Near,0.04333
KC,100,116,rebound,0.71000,0.025117,0.18377936,27,0.27000,-0.44000,0.44000,6.78665763e-04,1.02166383,Near,False,27,0.27000,Near,0.06333
KC,100,117,contraction,0.27000,0.025796,0.07394903,87,0.87000,0.60000,0.60000,-9.60094416e-03,0.47873829,Far,True,8,0.08000,Near,0.20333
KC,100,118,rebound,0.87000,0.016195,0.22154879,52,0.52000,-0.35000,0.35000,2.62963060e-02,1.90669811,Middle,False,52,0.52000,Middle,0.14667
KC,100,119,contraction,0.52000,0.042491,0.14062287,18,0.18000,-0.34000,0.34000,-2.16985643e-02,0.57368065,Near,False,18,0.18000,Near,0.15333
KC,100,120,contraction,0.18000,0.020793,0.05019823,78,0.78000,0.60000,0.60000,-5.76112947e-03,0.60453478,Far,True,2,0.02000,Near,0.11333
KC,100,121,rebound,0.78000,0.015032,0.19875795,43,0.43000,-0.35000,0.35000,1.17726631e-02,1.32090766,Middle,False,43,0.43000,Middle,0.09667
KC,100,122,contraction,0.43000,0.026804,0.11420111,96,0.96000,0.53000,0.53000,-1.47636643e-02,0.56771726,Far,True,9,0.09000,Near,0.29333
KC,100,123,rebound,0.96000,0.012041,0.24301020,58,0.58000,-0.38000,0.38000,4.57896446e-02,4.88471869,Middle,False,58,0.58000,Middle,0.08667
KC,100,124,contraction,0.58000,0.057830,0.15945761,32,0.32000,-0.26000,0.26000,-1.44941511e-02,0.70880136,Near,False,32,0.32000,Near,0.01333
KC,100,125,contraction,0.32000,0.043336,0.09083407,69,0.69000,0.37000,0.37000,-1.56979149e-02,0.55519718,Far,True,14,0.14000,Near,0.02333
KC,100,126,contraction,0.69000,0.027638,0.17940959,22,0.22000,-0.47000,0.47000,-5.52834525e-03,0.85054696,Near,False,22,0.22000,Near,0.11333
KC,100,127,contraction,0.22000,0.022110,0.06052750,84,0.84000,0.62000,0.62000,-4.71226491e-03,0.63506996,Far,True,4,0.04000,Near,0.17333
KC,100,128,rebound,0.84000,0.017398,0.21434944,48,0.48000,-0.36000,0.36000,2.13054665e-02,1.66173950,Middle,False,48,0.48000,Middle,0.14667
KC,100,129,contraction,0.48000,0.038703,0.12967580,65,0.65000,0.17000,0.17000,-2.41012352e-02,0.55325443,Middle,True,14,0.14000,Near,0.01667
KC,100,130,rebound,0.65000,0.014602,0.16615050,27,0.27000,-0.38000,0.38000,3.79766231e-03,1.16327828,Near,False,27,0.27000,Near,0.06333
KC,100,131,contraction,0.27000,0.018400,0.07209991,92,0.92000,0.65000,0.65000,-7.16665867e-03,0.46086106,Far,True,5,0.05000,Near,0.25333
KC,100,132,rebound,0.92000,0.011233,0.23280825,42,0.42000,-0.50000,0.50000,2.88080490e-02,2.04945862,Middle,False,42,0.42000,Middle,0.08667
KC,100,133,contraction,0.42000,0.040041,0.11501026,74,0.74000,0.32000,0.32000,-1.73152739e-02,0.56182301,Far,True,15,0.15000,Near,0.07333
KC,100,134,rebound,0.74000,0.022726,0.19068144,34,0.34000,-0.40000,0.40000,4.85696351e-03,1.14753961,Middle,False,34,0.34000,Middle,0.00667
KC,100,135,contraction,0.34000,0.027583,0.09189568,98,0.98000,0.64000,0.64000,-1.66477847e-02,0.53992955,Far,True,11,0.11000,Near,0.31333
KC,100,136,rebound,0.98000,0.010935,0.24773374,56,0.56000,-0.42000,0.42000,5.49750615e-02,10.34782802,Middle,False,56,0.56000,Middle,0.10667
KC,100,137,contraction,0.56000,0.065910,0.15647750,67,0.67000,0.11000,0.11000,-2.50249983e-02,0.59907191,Far,True,46,0.46000,Middle,0.00333
KC,100,138,rebound,0.67000,0.040885,0.17772125,29,0.29000,-0.38000,0.38000,4.06916934e-03,1.12580944,Near,False,29,0.29000,Near,0.04333
KC,100,139,contraction,0.29000,0.044954,0.08373854,82,0.82000,0.53000,0.53000,-1.65813611e-02,0.44240322,Far,True,15,0.15000,Near,0.15333
KC,100,140,rebound,0.82000,0.028373,0.21209320,46,0.46000,-0.36000,0.36000,1.91757382e-02,1.57226979,Middle,False,46,0.46000,Middle,0.12667
KC,100,141,contraction,0.46000,0.047549,0.12688714,19,0.19000,-0.27000,0.27000,-2.54607785e-02,0.52091741,Near,False,19,0.19000,Near,0.14333
KC,100,142,contraction,0.19000,0.022088,0.05302194,89,0.89000,0.70000,0.70000,-2.21271247e-03,0.71121042,Far,True,3,0.03000,Near,0.22333
KC,100,143,rebound,0.89000,0.019875,0.22746876,59,0.59000,-0.30000,0.30000,2.95108844e-02,2.17496090,Middle,False,59,0.59000,Middle,0.07667
KC,100,144,contraction,0.59000,0.049386,0.15984649,37,0.37000,-0.22000,0.22000,-1.44441930e-02,0.72244698,Middle,False,37,0.37000,Middle,0.03667
KC,100,145,contraction,0.37000,0.034942,0.10123544,77,0.77000,0.40000,0.40000,-1.23622536e-02,0.59831320,Far,True,12,0.12000,Near,0.10333
KC,100,146,rebound,0.77000,0.022579,0.19814487,26,0.26000,-0.51000,0.51000,4.65982934e-03,1.14249395,Near,False,26,0.26000,Near,0.07333
KC,100,147,contraction,0.26000,0.027239,0.07180983,70,0.70000,0.44000,0.44000,-1.39231800e-02,0.53819249,Far,True,7,0.07000,Near,0.03333
KC,100,148,rebound,0.70000,0.013316,0.17832904,49,0.49000,-0.21000,0.21000,2.44071802e-03,1.05794167,Middle,False,49,0.49000,Middle,0.15667
KC,100,149,contraction,0.49000,0.015757,0.12643922,95,0.95000,0.46000,0.46000,-3.79900617e-03,0.63232422,Far,True,11,0.11000,Near,0.28333
KC,100,150,rebound,0.95000,0.011958,0.24048946,40,0.40000,-0.55000,0.55000,3.53520646e-02,3.56251734,Middle,False,40,0.40000,Middle,0.06667
KC,100,151,contraction,0.40000,0.047310,0.11182748,63,0.63000,0.23000,0.23000,-2.09940427e-02,0.55389749,Middle,True,18,0.18000,Near,0.03667
KC,100,152,contraction,0.63000,0.026316,0.16407897,21,0.21000,-0.42000,0.42000,-2.63153974e-03,0.91184783,Near,False,21,0.21000,Near,0.12333
KC,100,153,contraction,0.21000,0.023684,0.05842109,86,0.86000,0.65000,0.65000,-4.94618858e-03,0.59527293,Far,True,5,0.05000,Near,0.19333
KC,100,154,rebound,0.86000,0.018738,0.21968454,53,0.53000,-0.33000,0.33000,1.79907097e-02,1.48977356,Middle,False,53,0.53000,Middle,0.13667
KC,100,155,contraction,0.53000,0.036729,0.14168222,31,0.31000,-0.22000,0.22000,-1.62047746e-02,0.65370153,Near,False,31,0.31000,Near,0.02333
KC,100,156,contraction,0.31000,0.020524,0.08263102,80,0.80000,0.49000,0.49000,-6.58187456e-03,0.67224002,Far,True,6,0.06000,Near,0.13333
KC,100,157,rebound,0.80000,0.013942,0.20348555,44,0.44000,-0.36000,0.36000,6.57285337e-03,1.16026259,Middle,False,44,0.44000,Middle,0.10667
KC,100,158,contraction,0.44000,0.020515,0.11512877,98,0.98000,0.54000,0.54000,-1.09634754e-02,0.61827233,Far,True,12,0.12000,Near,0.31333
KC,100,159,rebound,0.98000,0.009552,0.24738790,60,0.60000,-0.38000,0.38000,4.81346334e-02,7.42702681,Middle,False,60,0.60000,Middle,0.06667
KC,100,160,contraction,0.60000,0.057686,0.16442156,34,0.34000,-0.26000,0.26000,-1.27385973e-02,0.74441043,Middle,False,34,0.34000,Middle,0.00667
KC,100,161,contraction,0.34000,0.044948,0.09623691,73,0.73000,0.39000,0.39000,-1.25219510e-02,0.60249865,Far,True,16,0.16000,Near,0.06333
KC,100,162,contraction,0.73000,0.032426,0.19060642,23,0.23000,-0.50000,0.50000,-1.75914575e-03,0.95105932,Near,False,23,0.23000,Near,0.10333
KC,100,163,contraction,0.23000,0.030667,0.06516663,88,0.88000,0.65000,0.65000,-9.40697543e-03,0.50090527,Far,True,8,0.08000,Near,0.21333
KC,100,164,rebound,0.88000,0.021260,0.22531489,50,0.50000,-0.38000,0.38000,3.17338478e-02,2.29105508,Middle,False,50,0.50000,Middle,0.16667
KC,100,165,contraction,0.50000,0.052993,0.13824835,67,0.67000,0.17000,0.17000,-2.25865687e-02,0.57816730,Far,True,39,0.39000,Middle,0.00333
KC,100,166,rebound,0.67000,0.030407,0.17510171,30,0.30000,-0.37000,0.37000,1.27524440e-03,1.03656948,Near,False,30,0.30000,Near,0.03333
KC,100,167,contraction,0.30000,0.031682,0.08292052,91,0.91000,0.61000,0.61000,-1.61215831e-02,0.43896192,Far,True,11,0.11000,Near,0.24333
KC,100,168,rebound,0.91000,0.015560,0.23139012,46,0.46000,-0.45000,0.45000,3.41668176e-02,2.48656368,Middle,False,46,0.46000,Middle,0.12667
KC,100,169,contraction,0.46000,0.049727,0.12743183,76,0.76000,0.30000,0.30000,-1.98997888e-02,0.57364559,Far,True,19,0.19000,Near,0.09333
KC,100,170,rebound,0.76000,0.029828,0.19745688,37,0.37000,-0.39000,0.39000,1.07360933e-02,1.33565646,Middle,False,37,0.37000,Middle,0.03667
KC,100,171,contraction,0.37000,0.040564,0.10264090,62,0.62000,0.25000,0.25000,-2.08809826e-02,0.53802733,Middle,True,16,0.16000,Near,0.04667
KC,100,172,contraction,0.62000,0.019683,0.15992066,18,0.18000,-0.44000,0.44000,-6.02624155e-04,0.97510529,Near,False,18,0.18000,Near,0.15333
KC,100,173,contraction,0.18000,0.019080,0.04977000,94,0.94000,0.76000,0.76000,-7.81089730e-03,0.43955883,Far,True,1,0.01000,Near,0.27333
KC,100,174,rebound,0.94000,0.011269,0.23781728,54,0.54000,-0.40000,0.40000,3.55789868e-02,2.51433291,Middle,False,54,0.54000,Middle,0.12667
KC,100,175,contraction,0.54000,0.046848,0.14671202,79,0.79000,0.25000,0.25000,-1.90053040e-02,0.62195833,Far,True,29,0.29000,Near,0.12333
KC,100,176,rebound,0.79000,0.027843,0.20446070,33,0.33000,-0.46000,0.46000,2.26291933e-02,2.04379086,Near,False,33,0.33000,Near,0.00333
KC,100,177,contraction,0.33000,0.050472,0.09511800,69,0.69000,0.36000,0.36000,-2.76421511e-02,0.43998294,Far,True,22,0.22000,Near,0.02333
KC,100,178,rebound,0.69000,0.022830,0.17820746,42,0.42000,-0.27000,0.27000,3.40103688e-03,1.11035567,Middle,False,42,0.42000,Middle,0.08667
KC,100,179,contraction,0.42000,0.026231,0.11155772,85,0.85000,0.43000,0.43000,-1.52438073e-02,0.51222043,Far,True,13,0.13000,Near,0.18333
KC,100,180,rebound,0.85000,0.010987,0.21524677,25,0.25000,-0.60000,0.60000,2.50597866e-02,3.24995943,Near,False,25,0.25000,Near,0.08333
KC,100,181,contraction,0.25000,0.036047,0.07151171,58,0.58000,0.33000,0.33000,-1.80134226e-02,0.49162987,Middle,True,10,0.10000,Near,0.08667
KC,100,182,contraction,0.58000,0.018033,0.14950836,97,0.97000,0.39000,0.39000,-9.45034199e-03,0.66445875,Far,True,12,0.12000,Near,0.30333
KC,100,183,rebound,0.97000,0.008583,0.24464577,47,0.47000,-0.50000,0.50000,4.92615879e-02,8.64755432,Middle,False,47,0.47000,Middle,0.13667
KC,100,184,contraction,0.47000,0.057845,0.13196117,72,0.72000,0.25000,0.25000,-2.27537560e-02,0.55615716,Far,True,30,0.30000,Near,0.05333
KC,100,185,rebound,0.72000,0.035091,0.18877273,31,0.31000,-0.41000,0.41000,8.89045071e-03,1.28584510,Near,False,31,0.31000,Near,0.02333
KC,100,186,contraction,0.31000,0.043981,0.08849534,82,0.82000,0.51000,0.51000,-2.37799139e-02,0.43980363,Far,True,15,0.15000,Near,0.15333
KC,100,187,rebound,0.82000,0.020201,0.21005036,52,0.52000,-0.30000,0.30000,2.20160239e-02,1.72391253,Middle,False,52,0.52000,Middle,0.14667
KC,100,188,contraction,0.52000,0.042217,0.14055437,21,0.21000,-0.31000,0.31000,-1.59014383e-02,0.62065660,Near,False,21,0.21000,Near,0.12333
KC,100,189,contraction,0.21000,0.026316,0.05907901,90,0.90000,0.69000,0.69000,-1.32187620e-02,0.46185798,Far,True,6,0.06000,Near,0.23333
KC,100,190,rebound,0.90000,0.013097,0.22827432,61,0.61000,-0.29000,0.29000,3.40146276e-02,2.73319338,Middle,False,61,0.61000,Middle,0.05667
KC,100,191,contraction,0.61000,0.047112,0.16427798,38,0.38000,-0.23000,0.23000,-7.30478051e-03,0.84123036,Middle,False,38,0.38000,Middle,0.04667
KC,100,192,contraction,0.38000,0.039807,0.10495178,75,0.75000,0.37000,0.37000,-2.30341795e-02,0.47796274,Far,True,14,0.14000,Near,0.08333
KC,100,193,rebound,0.75000,0.016773,0.19169324,27,0.27000,-0.48000,0.48000,1.08958530e-02,1.44010714,Near,False,27,0.27000,Near,0.06333
KC,100,194,contraction,0.27000,0.027669,0.07441720,93,0.93000,0.66000,0.66000,-1.95688205e-02,0.44783984,Far,True,8,0.08000,Near,0.26333
KC,100,195,rebound,0.93000,0.008100,0.23452500,49,0.49000,-0.44000,0.44000,4.57527746e-02,4.55913631,Middle,False,49,0.49000,Middle,0.15667
KC,100,196,contraction,0.49000,0.053853,0.13596319,66,0.66000,0.17000,0.17000,-2.24616010e-02,0.57831368,Middle,True,34,0.34000,Middle,0.00667
KC,100,197,contraction,0.66000,0.031391,0.17284779,32,0.32000,-0.34000,0.34000,-1.11985675e-03,0.97148283,Near,False,32,0.32000,Near,0.01333
KC,100,198,contraction,0.32000,0.030271,0.08756782,83,0.83000,0.51000,0.51000,-1.78055487e-02,0.44117294,Far,True,11,0.11000,Near,0.16333
KC,100,199,rebound,0.83000,0.012466,0.21061644,44,0.44000,-0.39000,0.39000,2.05629967e-02,2.01991508,Middle,False,44,0.44000,Middle,0.10667
KC,100,200,contraction,0.44000,0.033029,0.11825719,16,0.16000,-0.28000,0.28000,-1.81550777e-02,0.55149784,Near,False,16,0.16000,Near,0.17333
KC,100,201,contraction,0.16000,0.014874,0.04371842,98,0.98000,0.82000,0.82000,-7.92000850e-03,0.52461648,Far,True,1,0.01000,Near,0.31333
KC,100,202,rebound,0.98000,0.006954,0.24673842,58,0.58000,-0.40000,0.40000,5.26267897e-02,11.99150614,Middle,False,58,0.58000,Middle,0.08667
KC,100,203,contraction,0.58000,0.059580,0.15989511,70,0.70000,0.12000,0.12000,-1.95232634e-02,0.63279472,Far,True,37,0.37000,Middle,0.03333
KC,100,204,rebound,0.70000,0.040057,0.18501430,36,0.36000,-0.34000,0.34000,7.07022954e-03,1.20166979,Middle,False,36,0.36000,Middle,0.02667
KC,100,205,contraction,0.36000,0.047127,0.10178185,79,0.79000,0.43000,0.43000,-2.44219286e-02,0.44234717,Far,True,22,0.22000,Near,0.12333
KC,100,206,rebound,0.79000,0.022705,0.20317637,47,0.47000,-0.32000,0.32000,1.57039762e-02,1.63648570,Middle,False,47,0.47000,Middle,0.13667
KC,100,207,contraction,0.47000,0.038409,0.12710237,22,0.22000,-0.25000,0.25000,-1.65518912e-02,0.58026424,Near,False,22,0.22000,Near,0.11333
KC,100,208,contraction,0.22000,0.021858,0.06046439,88,0.88000,0.66000,0.66000,-7.13194981e-03,0.48695058,Far,True,4,0.04000,Near,0.21333
KC,100,209,rebound,0.88000,0.014726,0.22368141,55,0.55000,-0.33000,0.33000,2.44603941e-02,1.84184393,Middle,False,55,0.55000,Middle,0.11667
KC,100,210,contraction,0.55000,0.039186,0.14729650,30,0.30000,-0.25000,0.25000,-1.64567735e-02,0.65623843,Near,False,30,0.30000,Near,0.03333
KC,100,211,contraction,0.30000,0.022729,0.08068231,74,0.74000,0.44000,0.44000,-9.77122516e-03,0.61648250,Far,True,7,0.07000,Near,0.07333
KC,100,212,rebound,0.74000,0.012958,0.18823950,15,0.15000,-0.59000,0.59000,7.93787383e-04,1.03420502,Near,False,15,0.15000,Near,0.18333
KC,100,213,contraction,0.15000,0.013752,0.04093795,95,0.95000,0.80000,0.80000,-4.83071642e-03,0.51650325,Far,True,1,0.01000,Near,0.28333
KC,100,214,rebound,0.95000,0.008921,0.23973027,50,0.50000,-0.45000,0.45000,4.60920878e-02,4.76063781,Middle,False,50,0.50000,Middle,0.16667
KC,100,215,contraction,0.50000,0.055013,0.13875329,64,0.64000,0.14000,0.14000,-2.07338331e-02,0.60658798,Middle,True,39,0.39000,Middle,0.02667
KC,100,216,contraction,0.64000,0.034279,0.16856984,34,0.34000,-0.30000,0.30000,-3.66261572e-03,0.91172226,Middle,False,34,0.34000,Middle,0.00667
KC,100,217,contraction,0.34000,0.030617,0.09265418,84,0.84000,0.50000,0.50000,-1.37921807e-02,0.49519967,Far,True,9,0.09000,Near,0.17333
KC,100,218,rebound,0.84000,0.016825,0.21420614,42,0.42000,-0.42000,0.42000,1.74483107e-02,1.55773076,Middle,False,42,0.42000,Middle,0.08667
KC,100,219,contraction,0.42000,0.034273,0.11356821,71,0.71000,0.29000,0.29000,-1.86443496e-02,0.56728835,Far,True,18,0.18000,Near,0.04333
KC,100,220,rebound,0.71000,0.015629,0.18140713,23,0.23000,-0.48000,0.48000,9.37656434e-03,1.46124469,Near,False,23,0.23000,Near,0.10333
KC,100,221,contraction,0.23000,0.025005,0.06375127,92,0.92000,0.69000,0.69000,-1.68356576e-02,0.39618329,Far,True,5,0.05000,Near,0.25333
KC,100,222,rebound,0.92000,0.008169,0.23204235,53,0.53000,-0.39000,0.39000,3.97902970e-02,3.24873089,Middle,False,53,0.53000,Middle,0.13667
KC,100,223,contraction,0.53000,0.047960,0.14448993,31,0.31000,-0.22000,0.22000,-2.20677156e-02,0.59913659,Near,False,31,0.31000,Near,0.02333
KC,100,224,contraction,0.31000,0.025892,0.08397300,77,0.77000,0.46000,0.46000,-9.56297111e-03,0.60862976,Far,True,8,0.08000,Near,0.10333
KC,100,225,rebound,0.77000,0.016329,0.19658226,59,0.59000,-0.18000,0.18000,5.87063004e-03,1.14090302,Middle,False,59,0.59000,Middle,0.07667
KC,100,226,contraction,0.59000,0.022200,0.15304991,18,0.18000,-0.41000,0.41000,-2.99958712e-03,0.88576829,Near,False,18,0.18000,Near,0.15333
KC,100,227,contraction,0.18000,0.019200,0.04980002,99,0.99000,0.81000,0.81000,-1.28454120e-02,0.34520603,Far,True,1,0.01000,Near,0.32333
KC,100,228,rebound,0.99000,0.006355,0.24908866,45,0.45000,-0.54000,0.54000,5.17283870e-02,7.46509125,Middle,False,45,0.45000,Middle,0.11667
KC,100,229,contraction,0.45000,0.058083,0.12702076,68,0.68000,0.23000,0.23000,-2.07725234e-02,0.57402331,Far,True,36,0.36000,Middle,0.01333
KC,100,230,contraction,0.68000,0.037311,0.17932763,35,0.35000,-0.33000,0.33000,-2.78537035e-03,0.93608957,Middle,False,35,0.35000,Middle,0.01667
KC,100,231,contraction,0.35000,0.034525,0.09613129,86,0.86000,0.51000,0.51000,-1.01141461e-02,0.57692093,Far,True,12,0.12000,Near,0.19333
KC,100,232,rebound,0.86000,0.024411,0.22110275,54,0.54000,-0.32000,0.32000,1.95831601e-02,1.55625299,Middle,False,54,0.54000,Middle,0.12667
KC,100,233,contraction,0.54000,0.043994,0.14599854,25,0.25000,-0.29000,0.29000,-1.47313478e-02,0.65687670,Near,False,25,0.25000,Near,0.08333
KC,100,234,contraction,0.25000,0.029263,0.06981570,80,0.80000,0.55000,0.55000,-8.49690263e-03,0.57025621,Far,True,8,0.08000,Near,0.13333
KC,100,235,rebound,0.80000,0.020766,0.20519148,42,0.42000,-0.38000,0.38000,9.42170752e-03,1.23393994,Middle,False,42,0.42000,Middle,0.08667
KC,100,236,contraction,0.42000,0.030188,0.11254691,72,0.72000,0.30000,0.30000,-1.67126063e-02,0.60343730,Far,True,13,0.13000,Near,0.05333
KC,100,237,rebound,0.72000,0.013475,0.18336875,19,0.19000,-0.53000,0.53000,7.22629554e-03,1.37892382,Near,False,19,0.19000,Near,0.14333
KC,100,238,contraction,0.19000,0.020701,0.05267533,91,0.91000,0.72000,0.72000,-9.64428281e-03,0.42030768,Far,True,2,0.02000,Near,0.24333
KC,100,239,rebound,0.91000,0.011057,0.23026426,50,0.50000,-0.41000,0.41000,3.65275345e-02,2.73622088,Middle,False,50,0.50000,Middle,0.16667
KC,100,240,contraction,0.50000,0.047585,0.13689614,63,0.63000,0.13000,0.13000,-2.27442191e-02,0.58596339,Middle,True,32,0.32000,Near,0.03667
KC,100,241,rebound,0.63000,0.024840,0.16371009,30,0.30000,-0.33000,0.33000,8.32320086e-04,1.02481072,Near,False,30,0.30000,Near,0.03333
KC,100,242,contraction,0.30000,0.025673,0.08141817,96,0.96000,0.66000,0.66000,-1.62187786e-02,0.40095132,Far,True,7,0.07000,Near,0.29333
KC,100,243,rebound,0.96000,0.009454,0.24236347,56,0.56000,-0.40000,0.40000,3.96355235e-02,3.49626569,Middle,False,56,0.56000,Middle,0.10667
KC,100,244,contraction,0.56000,0.049089,0.15227235,37,0.37000,-0.19000,0.19000,-1.49499734e-02,0.70460797,Middle,False,37,0.37000,Middle,0.03667
KC,100,245,contraction,0.37000,0.034139,0.10103486,78,0.78000,0.41000,0.41000,-7.38364179e-03,0.70495378,Far,True,14,0.14000,Near,0.11333
KC,100,246,rebound,0.78000,0.026756,0.20168895,23,0.23000,-0.55000,0.55000,3.32556923e-03,1.10266148,Near,False,23,0.23000,Near,0.10333
KC,100,247,contraction,0.23000,0.030081,0.06502034,69,0.69000,0.46000,0.46000,-1.13027965e-02,0.55599022,Far,True,8,0.08000,Near,0.02333
KC,100,248,contraction,0.69000,0.018779,0.17719464,45,0.45000,-0.24000,0.24000,-1.43626145e-03,0.96828880,Middle,False,45,0.45000,Middle,0.11667
KC,100,249,contraction,0.45000,0.017342,0.11683558,89,0.89000,0.44000,0.44000,-4.29743208e-03,0.74743301,Far,True,10,0.10000,Near,0.22333
KC,100,250,rebound,0.89000,0.013045,0.22576122,33,0.33000,-0.56000,0.56000,2.29789704e-02,2.10221399,Near,False,33,0.33000,Near,0.00333
KC,100,251,contraction,0.33000,0.036024,0.09150596,61,0.61000,0.28000,0.28000,-1.75241199e-02,0.55401861,Middle,True,13,0.13000,Near,0.05667
KC,100,252,contraction,0.61000,0.018500,0.15712493,15,0.15000,-0.46000,0.46000,-5.66782504e-03,0.78835617,Near,False,15,0.15000,Near,0.18333
KC,100,253,contraction,0.15000,0.012832,0.04070797,83,0.83000,0.68000,0.68000,-2.14816267e-03,0.72780703,Far,True,1,0.01000,Near,0.16333
KC,100,254,rebound,0.83000,0.010684,0.21017093,48,0.48000,-0.35000,0.35000,1.52656600e-02,1.41044438,Middle,False,48,0.48000,Middle,0.14667
KC,100,255,contraction,0.48000,0.025949,0.12648735,94,0.94000,0.46000,0.46000,-1.89435836e-02,0.55871481,Far,True,24,0.24000,Near,0.27333
KC,100,256,rebound,0.94000,0.007006,0.23675145,39,0.39000,-0.55000,0.55000,4.43077994e-02,8.32671677,Middle,False,39,0.39000,Middle,0.05667
KC,100,257,contraction,0.39000,0.051314,0.11032840,67,0.67000,0.28000,0.28000,-1.76667402e-02,0.58275680,Far,True,24,0.24000,Near,0.00333
KC,100,258,contraction,0.67000,0.033647,0.17591172,25,0.25000,-0.42000,0.42000,-3.95118581e-03,0.89536876,Near,False,25,0.25000,Near,0.08333
KC,100,259,contraction,0.25000,0.029696,0.06992392,76,0.76000,0.51000,0.51000,-1.34183772e-02,0.49336523,Far,True,7,0.07000,Near,0.09333
KC,100,260,rebound,0.76000,0.016277,0.19406933,52,0.52000,-0.24000,0.24000,8.45731856e-03,1.21152611,Middle,False,52,0.52000,Middle,0.14667
KC,100,261,contraction,0.52000,0.024735,0.13618366,17,0.17000,-0.35000,0.35000,-1.22253879e-02,0.64688294,Near,False,17,0.17000,Near,0.16333
KC,100,262,contraction,0.17000,0.012509,0.04562731,98,0.98000,0.81000,0.81000,-6.40921312e-03,0.42481074,Far,True,1,0.01000,Near,0.31333
KC,100,263,rebound,0.98000,0.006100,0.24652501,58,0.58000,-0.40000,0.40000,4.43731380e-02,5.59683995,Middle,False,58,0.58000,Middle,0.08667
KC,100,264,contraction,0.58000,0.050473,0.15761829,35,0.35000,-0.23000,0.23000,-1.27834533e-02,0.73914929,Middle,False,35,0.35000,Middle,0.01667
KC,100,265,contraction,0.35000,0.037690,0.09692243,81,0.81000,0.46000,0.46000,-1.08518938e-02,0.58363981,Far,True,10,0.10000,Near,0.14333
KC,100,266,rebound,0.81000,0.026838,0.20920945,45,0.45000,-0.36000,0.36000,1.02122902e-02,1.24696125,Middle,False,45,0.45000,Middle,0.11667
KC,100,267,contraction,0.45000,0.037050,0.12176253,71,0.71000,0.26000,0.26000,-1.61311864e-02,0.60951948,Far,True,21,0.21000,Near,0.04333
KC,100,268,rebound,0.71000,0.020919,0.18272973,24,0.24000,-0.47000,0.47000,7.28442415e-03,1.29120622,Near,False,24,0.24000,Near,0.09333
KC,100,269,contraction,0.24000,0.028203,0.06705084,88,0.88000,0.64000,0.64000,-1.33138700e-02,0.39053263,Far,True,7,0.07000,Near,0.21333
KC,100,270,rebound,0.88000,0.014889,0.22372237,53,0.53000,-0.35000,0.35000,2.72758423e-02,1.96338187,Middle,False,53,0.53000,Middle,0.13667
KC,100,271,contraction,0.53000,0.042165,0.14304133,31,0.31000,-0.22000,0.22000,-1.81043427e-02,0.63442854,Near,False,31,0.31000,Near,0.02333
KC,100,272,contraction,0.31000,0.024061,0.08351524,85,0.85000,0.54000,0.54000,-1.31424786e-02,0.55260337,Far,True,8,0.08000,Near,0.18333
KC,100,273,rebound,0.85000,0.010918,0.21522962,62,0.62000,-0.23000,0.23000,2.30055159e-02,1.83834328,Middle,False,62,0.62000,Middle,0.04667
KC,100,274,contraction,0.62000,0.033924,0.16348100,38,0.38000,-0.24000,0.24000,-5.47901614e-03,0.87546315,Middle,False,38,0.38000,Middle,0.04667
KC,100,275,contraction,0.38000,0.028445,0.10211125,13,0.13000,-0.25000,0.25000,-1.86557977e-02,0.46550478,Near,False,13,0.13000,Near,0.20333
KC,100,276,contraction,0.13000,0.009789,0.03494730,93,0.93000,0.80000,0.80000,-2.57652767e-03,0.51166572,Far,True,1,0.01000,Near,0.26333
KC,100,277,rebound,0.93000,0.007213,0.23430317,56,0.56000,-0.37000,0.37000,3.35916657e-02,2.78534391,Middle,False,56,0.56000,Middle,0.10667
KC,100,278,contraction,0.56000,0.040804,0.15020108,73,0.73000,0.17000,0.17000,-1.49402251e-02,0.66665344,Far,True,27,0.27000,Near,0.06333
KC,100,279,rebound,0.73000,0.025864,0.18896603,29,0.29000,-0.44000,0.44000,1.32185740e-02,1.52900563,Near,False,29,0.29000,Near,0.04333
KC,100,280,contraction,0.29000,0.039083,0.08227067,47,0.47000,0.18000,0.18000,-2.83948224e-02,0.41919156,Middle,True,17,0.17000,Near,0.13667
KC,100,281,contraction,0.47000,0.010688,0.12017197,97,0.97000,0.50000,0.50000,-4.73898428e-03,0.77111733,Far,True,7,0.07000,Near,0.30333
KC,100,282,rebound,0.97000,0.005949,0.24398722,65,0.65000,-0.32000,0.32000,4.17697432e-02,5.68404858,Middle,False,65,0.65000,Middle,0.01667
KC,100,283,contraction,0.65000,0.047719,0.17442965,35,0.35000,-0.30000,0.30000,-3.06373439e-03,0.92906084,Middle,False,35,0.35000,Middle,0.01667
KC,100,284,contraction,0.35000,0.044655,0.09866372,79,0.79000,0.44000,0.44000,-1.73931880e-02,0.49255006,Far,True,18,0.18000,Near,0.12333
KC,100,285,rebound,0.79000,0.027262,0.20431542,44,0.44000,-0.35000,0.35000,1.10137787e-02,1.32170978,Middle,False,44,0.44000,Middle,0.10667
KC,100,286,contraction,0.44000,0.038275,0.11956887,19,0.19000,-0.25000,0.25000,-1.89253472e-02,0.54152628,Near,False,19,0.19000,Near,0.14333
KC,100,287,contraction,0.19000,0.019350,0.05233753,87,0.87000,0.68000,0.68000,-4.59634669e-03,0.59192209,Far,True,1,0.01000,Near,0.20333
KC,100,288,rebound,0.87000,0.014754,0.22118845,58,0.58000,-0.29000,0.29000,2.55279849e-02,1.91021025,Middle,False,58,0.58000,Middle,0.08667
KC,100,289,contraction,0.58000,0.040282,0.15507044,30,0.30000,-0.28000,0.28000,-1.54906426e-02,0.68223803,Near,False,30,0.30000,Near,0.03333
KC,100,290,contraction,0.30000,0.024791,0.08119778,75,0.75000,0.45000,0.45000,-1.07170463e-02,0.59475029,Far,True,7,0.07000,Near,0.08333
KC,100,291,rebound,0.75000,0.014074,0.19101852,49,0.49000,-0.26000,0.26000,3.47709716e-03,1.07856350,Middle,False,49,0.49000,Middle,0.15667
KC,100,292,contraction,0.49000,0.017551,0.12688779,13,0.13000,-0.36000,0.36000,-8.60254729e-03,0.65006631,Near,False,13,0.13000,Near,0.20333
KC,100,293,contraction,0.13000,0.008949,0.03473716,92,0.92000,0.79000,0.79000,-2.57665669e-03,0.51798045,Far,True,1,0.01000,Near,0.25333
KC,100,294,rebound,0.92000,0.006372,0.23159299,63,0.63000,-0.29000,0.29000,2.82449383e-02,2.14354769,Middle,False,63,0.63000,Middle,0.03667
KC,100,295,contraction,0.63000,0.034617,0.16615423,36,0.36000,-0.27000,0.27000,-1.50626519e-03,0.96214292,Middle,False,36,0.36000,Middle,0.02667
KC,100,296,contraction,0.36000,0.033111,0.09827766,82,0.82000,0.46000,0.46000,-2.23964552e-02,0.44692787,Far,True,18,0.18000,Near,0.15333
KC,100,297,rebound,0.82000,0.010714,0.20767855,43,0.43000,-0.39000,0.39000,2.03377789e-02,2.15553568,Middle,False,43,0.43000,Middle,0.09667
KC,100,298,contraction,0.43000,0.031052,0.11526299,20,0.20000,-0.23000,0.23000,-1.82352096e-02,0.53439827,Near,False,20,0.20000,Near,0.13333
KC,100,299,contraction,0.20000,0.012817,0.05320419,99,0.99000,0.79000,0.79000,-7.51518975e-03,0.57337646,Far,True,1,0.01000,Near,0.32333
KC,100,300,rebound,0.99000,0.005302,0.24882539,59,0.59000,-0.40000,0.40000,5.15892266e-02,19.02783708,Middle,False,59,0.59000,Middle,0.07667
KC,100,301,contraction,0.59000,0.056891,0.16172270,70,0.70000,0.11000,0.11000,-1.66370891e-02,0.67303889,Far,True,33,0.33000,Near,0.03333
KC,100,302,rebound,0.70000,0.040254,0.18506343,33,0.33000,-0.37000,0.37000,6.07572573e-03,1.17689210,Near,False,33,0.33000,Near,0.00333
KC,100,303,contraction,0.33000,0.046329,0.09408236,78,0.78000,0.45000,0.45000,-2.48277598e-02,0.44776820,Far,True,15,0.15000,Near,0.11333
KC,100,304,rebound,0.78000,0.021502,0.20037542,47,0.47000,-0.31000,0.31000,1.68401034e-02,1.50917343,Middle,False,47,0.47000,Middle,0.13667
KC,100,305,contraction,0.47000,0.038342,0.12708544,18,0.18000,-0.29000,0.29000,-1.96190937e-02,0.54026914,Near,False,18,0.18000,Near,0.15333
KC,100,306,contraction,0.18000,0.018723,0.04968067,90,0.90000,0.72000,0.72000,-3.92834174e-03,0.54620750,Far,True,1,0.01000,Near,0.23333
KC,100,307,rebound,0.90000,0.014794,0.22869859,55,0.55000,-0.35000,0.35000,2.92418833e-02,2.06874258,Middle,False,55,0.55000,Middle,0.11667
KC,100,308,contraction,0.55000,0.044036,0.14850906,29,0.29000,-0.26000,0.26000,-1.76730730e-02,0.65381726,Near,False,29,0.29000,Near,0.04333
KC,100,309,contraction,0.29000,0.026363,0.07909079,73,0.73000,0.44000,0.44000,-1.01663771e-02,0.60721036,Far,True,6,0.06000,Near,0.06333
KC,100,310,rebound,0.73000,0.016197,0.18654919,40,0.40000,-0.33000,0.33000,3.34421788e-04,1.00752569,Middle,False,40,0.40000,Middle,0.06667
KC,100,311,contraction,0.40000,0.016531,0.10413280,95,0.95000,0.55000,0.55000,-6.81025170e-03,0.63265624,Far,True,8,0.08000,Near,0.28333
KC,100,312,rebound,0.95000,0.009721,0.23993024,61,0.61000,-0.34000,0.34000,3.78697499e-02,3.07909615,Middle,False,61,0.61000,Middle,0.05667
KC,100,313,contraction,0.61000,0.047591,0.16439767,26,0.26000,-0.35000,0.35000,-1.06116181e-02,0.77124244,Near,False,26,0.26000,Near,0.07333
KC,100,314,contraction,0.26000,0.036979,0.07424477,83,0.83000,0.57000,0.57000,-1.29460427e-02,0.47873303,Far,True,11,0.11000,Near,0.16333
KC,100,315,rebound,0.83000,0.024033,0.21350826,49,0.49000,-0.34000,0.34000,2.15654448e-02,1.67836623,Middle,False,49,0.49000,Middle,0.15667
KC,100,316,contraction,0.49000,0.045598,0.13389962,68,0.68000,0.19000,0.19000,-2.31237610e-02,0.56113082,Far,True,19,0.19000,Near,0.01333
KC,100,317,rebound,0.68000,0.022475,0.17561868,32,0.32000,-0.36000,0.36000,6.53413250e-03,1.25216520,Near,False,32,0.32000,Near,0.01333
KC,100,318,contraction,0.32000,0.029009,0.08725221,88,0.88000,0.56000,0.56000,-1.83907725e-02,0.39862877,Far,True,11,0.11000,Near,0.21333
KC,100,319,rebound,0.88000,0.010618,0.22265452,44,0.44000,-0.44000,0.44000,2.82989863e-02,2.77266564,Middle,False,44,0.44000,Middle,0.10667
KC,100,320,contraction,0.44000,0.038917,0.11972927,17,0.17000,-0.27000,0.27000,-2.13575554e-02,0.54683285,Near,False,17,0.17000,Near,0.16333
KC,100,321,contraction,0.17000,0.017560,0.04688988,76,0.76000,0.59000,0.59000,-3.98499899e-03,0.68215901,Far,True,1,0.01000,Near,0.09333
KC,100,322,rebound,0.76000,0.013575,0.19339363,56,0.56000,-0.20000,0.20000,5.92021176e-03,1.14186272,Middle,False,56,0.56000,Middle,0.10667
KC,100,323,contraction,0.56000,0.019495,0.14487368,24,0.24000,-0.32000,0.32000,-8.85438783e-03,0.75579143,Near,False,24,0.24000,Near,0.09333
KC,100,324,contraction,0.24000,0.010640,0.06266008,96,0.96000,0.72000,0.72000,-4.64848208e-03,0.41841759,Far,True,1,0.01000,Near,0.29333
KC,100,325,rebound,0.96000,0.005992,0.24149796,63,0.63000,-0.33000,0.33000,3.59703264e-02,2.82713184,Middle,False,63,0.63000,Middle,0.03667
KC,100,326,contraction,0.63000,0.041962,0.16799054,38,0.38000,-0.25000,0.25000,-3.59686428e-03,0.91669188,Middle,False,38,0.38000,Middle,0.04667
KC,100,327,contraction,0.38000,0.038365,0.10459133,80,0.80000,0.42000,0.42000,-2.03929363e-02,0.46966801,Far,True,13,0.13000,Near,0.13333
KC,100,328,rebound,0.80000,0.017972,0.20449309,47,0.47000,-0.33000,0.33000,1.52990627e-02,1.53930184,Middle,False,47,0.47000,Middle,0.13667
KC,100,329,contraction,0.47000,0.033271,0.12581786,19,0.19000,-0.28000,0.28000,-1.58356523e-02,0.57940600,Near,False,19,0.19000,Near,0.14333
KC,100,330,contraction,0.19000,0.017436,0.05185895,91,0.91000,0.72000,0.72000,-8.31858941e-03,0.46987540,Far,True,1,0.01000,Near,0.24333
KC,100,331,rebound,0.91000,0.009117,0.22977930,58,0.58000,-0.33000,0.33000,3.22803861e-02,2.49881324,Middle,False,58,0.58000,Middle,0.08667
KC,100,332,contraction,0.58000,0.041398,0.15534940,31,0.31000,-0.27000,0.27000,-1.20349119e-02,0.73945054,Near,False,31,0.31000,Near,0.02333
KC,100,333,contraction,0.31000,0.029363,0.08484067,72,0.72000,0.41000,0.41000,-1.23545247e-02,0.58161465,Far,True,8,0.08000,Near,0.05333
KC,100,334,contraction,0.72000,0.017008,0.18425204,41,0.41000,-0.31000,0.31000,-2.09710761e-03,0.95506295,Middle,False,41,0.41000,Middle,0.07667
KC,100,335,contraction,0.41000,0.014911,0.10622776,86,0.86000,0.45000,0.45000,-8.36980814e-03,0.61780689,Far,True,9,0.09000,Near,0.19333
KC,100,336,rebound,0.86000,0.006541,0.21663531,25,0.25000,-0.61000,0.61000,2.15685886e-02,3.04143362,Near,False,25,0.25000,Near,0.08333
KC,100,337,contraction,0.25000,0.028110,0.06952745,65,0.65000,0.40000,0.40000,-1.34116510e-02,0.54115490,Middle,True,8,0.08000,Near,0.01667
KC,100,338,contraction,0.65000,0.014698,0.16617454,13,0.13000,-0.52000,0.52000,-5.61645918e-03,0.84195155,Near,False,13,0.13000,Near,0.20333
KC,100,339,contraction,0.13000,0.009082,0.03477043,99,0.99000,0.86000,0.86000,-4.36380804e-03,0.44823296,Far,True,1,0.01000,Near,0.32333
KC,100,340,rebound,0.99000,0.004718,0.24867948,51,0.51000,-0.48000,0.48000,5.55427873e-02,9.41275228,Middle,False,51,0.51000,Middle,0.15667
KC,100,341,contraction,0.51000,0.060261,0.14256517,75,0.75000,0.24000,0.24000,-2.56244522e-02,0.54345646,Far,True,36,0.36000,Middle,0.08333
KC,100,342,rebound,0.75000,0.034636,0.19615906,36,0.36000,-0.39000,0.39000,1.51619258e-02,1.50745913,Middle,False,36,0.36000,Middle,0.02667
KC,100,343,contraction,0.36000,0.049798,0.10244954,60,0.60000,0.24000,0.24000,-2.77787111e-02,0.46961134,Middle,True,21,0.21000,Near,0.06667
KC,100,344,contraction,0.60000,0.022019,0.15550486,21,0.21000,-0.39000,0.39000,-4.99998566e-03,0.83908715,Near,False,21,0.21000,Near,0.12333
KC,100,345,contraction,0.21000,0.017019,0.05675487,84,0.84000,0.63000,0.63000,-2.44734154e-03,0.75709240,Far,True,1,0.01000,Near,0.17333
KC,100,346,rebound,0.84000,0.014572,0.21364303,45,0.45000,-0.39000,0.39000,1.50682852e-02,1.39854369,Middle,False,45,0.45000,Middle,0.11667
KC,100,347,contraction,0.45000,0.029640,0.11991010,93,0.93000,0.48000,0.48000,-1.80567111e-02,0.55575769,Far,True,11,0.11000,Near,0.26333
KC,100,348,rebound,0.93000,0.011584,0.23539592,54,0.54000,-0.39000,0.39000,3.96902788e-02,3.80285766,Middle,False,54,0.54000,Middle,0.12667
KC,100,349,contraction,0.54000,0.051274,0.14781849,29,0.29000,-0.25000,0.25000,-1.50287550e-02,0.67604856,Near,False,29,0.29000,Near,0.04333
KC,100,350,contraction,0.29000,0.036245,0.08156131,71,0.71000,0.42000,0.42000,-1.06771198e-02,0.61415394,Far,True,11,0.11000,Near,0.04333
KC,100,351,contraction,0.71000,0.025568,0.18389203,39,0.39000,-0.32000,0.32000,-6.32961789e-03,0.87360363,Middle,False,39,0.39000,Middle,0.05667
KC,100,352,contraction,0.39000,0.019238,0.10230962,81,0.81000,0.42000,0.42000,-6.98835061e-03,0.69260088,Far,True,10,0.10000,Near,0.14333
KC,100,353,rebound,0.81000,0.012250,0.20556253,22,0.22000,-0.59000,0.59000,1.22531483e-02,1.68407788,Near,False,22,0.22000,Near,0.11333
KC,100,354,contraction,0.22000,0.024503,0.06112582,63,0.63000,0.41000,0.41000,-1.25634197e-02,0.53142284,Middle,True,5,0.05000,Near,0.03667
KC,100,355,contraction,0.63000,0.011940,0.16048497,94,0.94000,0.31000,0.31000,-4.96028223e-03,0.78253240,Far,True,10,0.10000,Near,0.27333
KC,100,356,rebound,0.94000,0.006980,0.23674489,47,0.47000,-0.47000,0.47000,4.63863344e-02,5.69411521,Middle,False,47,0.47000,Middle,0.13667
KC,100,357,contraction,0.47000,0.053366,0.13084148,31,0.31000,-0.16000,0.16000,-2.68378582e-02,0.51793376,Near,False,31,0.31000,Near,0.02333
KC,100,358,contraction,0.31000,0.026528,0.08413201,77,0.77000,0.46000,0.46000,-7.81047345e-03,0.65905137,Far,True,9,0.09000,Near,0.10333
KC,100,359,rebound,0.77000,0.018718,0.19717940,56,0.56000,-0.21000,0.21000,5.11425241e-03,1.11764813,Middle,False,56,0.56000,Middle,0.10667
KC,100,360,contraction,0.56000,0.023832,0.14595796,17,0.17000,-0.39000,0.39000,-6.10310370e-03,0.78092418,Near,False,17,0.17000,Near,0.16333
KC,100,361,contraction,0.17000,0.017729,0.04693218,89,0.89000,0.72000,0.72000,-8.89606292e-03,0.36040984,Far,True,1,0.01000,Near,0.22333
KC,100,362,rebound,0.89000,0.008833,0.22470817,42,0.42000,-0.47000,0.47000,2.89156338e-02,2.14329596,Middle,False,42,0.42000,Middle,0.08667
KC,100,363,contraction,0.42000,0.037748,0.11443708,68,0.68000,0.26000,0.26000,-1.83678254e-02,0.57777635,Far,True,25,0.25000,Near,0.01333
KC,100,364,rebound,0.68000,0.019380,0.17484512,26,0.26000,-0.42000,0.42000,8.78787210e-04,1.02682385,Near,False,26,0.26000,Near,0.07333
KC,100,365,contraction,0.26000,0.020259,0.07006482,97,0.97000,0.71000,0.71000,-1.46888348e-02,0.41219876,Far,True,4,0.04000,Near,0.30333
KC,100,366,rebound,0.97000,0.005570,0.24389261,52,0.52000,-0.45000,0.45000,4.80043864e-02,4.87336593,Middle,False,52,0.52000,Middle,0.14667
KC,100,367,contraction,0.52000,0.053575,0.14339370,73,0.73000,0.21000,0.21000,-2.09427083e-02,0.59102087,Far,True,35,0.35000,Middle,0.06333
KC,100,368,rebound,0.73000,0.032632,0.19065803,35,0.35000,-0.38000,0.38000,1.13370324e-02,1.35661148,Middle,False,35,0.35000,Middle,0.01667
KC,100,369,contraction,0.35000,0.043969,0.09849228,83,0.83000,0.48000,0.48000,-2.44749185e-02,0.46041273,Far,True,15,0.15000,Near,0.16333
KC,100,370,rebound,0.83000,0.019494,0.21237356,46,0.46000,-0.37000,0.37000,2.32943077e-02,1.95101127,Middle,False,46,0.46000,Middle,0.12667
KC,100,371,contraction,0.46000,0.042789,0.12569713,20,0.20000,-0.26000,0.26000,-2.04944365e-02,0.57664443,Near,False,20,0.20000,Near,0.13333
KC,100,372,contraction,0.20000,0.022294,0.05557352,65,0.65000,0.45000,0.45000,-8.72052613e-03,0.59342165,Middle,True,3,0.03000,Near,0.01667
KC,100,373,contraction,0.65000,0.013574,0.16589339,90,0.90000,0.25000,0.25000,-5.28471867e-03,0.77677448,Far,True,10,0.10000,Near,0.23333
KC,100,374,rebound,0.90000,0.008289,0.22707221,39,0.39000,-0.51000,0.51000,3.67851664e-02,3.63766563,Middle,False,39,0.39000,Middle,0.05667
KC,100,375,contraction,0.39000,0.045074,0.10876850,59,0.59000,0.20000,0.20000,-2.31327022e-02,0.53214257,Middle,True,24,0.24000,Near,0.07667
KC,100,376,contraction,0.59000,0.021941,0.15298533,16,0.16000,-0.43000,0.43000,-6.44442001e-03,0.80371351,Near,False,16,0.16000,Near,0.17333
KC,100,377,contraction,0.16000,0.015497,0.04387422,79,0.79000,0.63000,0.63000,-6.65317589e-03,0.52245054,Far,True,1,0.01000,Near,0.12333
KC,100,378,rebound,0.79000,0.008844,0.19971093,31,0.31000,-0.48000,0.48000,1.13171793e-02,1.36545815,Near,False,31,0.31000,Near,0.02333
KC,100,379,contraction,0.31000,0.020161,0.08254022,98,0.98000,0.67000,0.67000,-1.55032030e-02,0.48225940,Far,True,2,0.02000,Near,0.31333
KC,100,380,rebound,0.98000,0.004658,0.24616442,53,0.53000,-0.45000,0.45000,5.31188439e-02,7.62296096,Middle,False,53,0.53000,Middle,0.13667
KC,100,381,contraction,0.53000,0.057777,0.14694413,70,0.70000,0.17000,0.17000,-2.14564706e-02,0.59517772,Far,True,43,0.43000,Middle,0.03333
KC,100,382,rebound,0.70000,0.036320,0.18408002,36,0.36000,-0.34000,0.34000,4.76338611e-03,1.12652210,Middle,False,36,0.36000,Middle,0.02667
KC,100,383,contraction,0.36000,0.041083,0.10027086,85,0.85000,0.49000,0.49000,-2.18080197e-02,0.45626607,Far,True,18,0.18000,Near,0.18333
KC,100,384,rebound,0.85000,0.019275,0.21731886,47,0.47000,-0.38000,0.38000,2.63302464e-02,2.15891754,Middle,False,47,0.47000,Middle,0.13667
KC,100,385,contraction,0.47000,0.045606,0.12890142,22,0.22000,-0.25000,0.25000,-2.06574457e-02,0.56289190,Near,False,22,0.22000,Near,0.11333
KC,100,386,contraction,0.22000,0.024948,0.06123706,75,0.75000,0.53000,0.53000,-8.62197396e-03,0.57336834,Far,True,5,0.05000,Near,0.08333
KC,100,387,rebound,0.75000,0.016326,0.19158156,58,0.58000,-0.17000,0.17000,3.07251203e-03,1.07047570,Middle,False,58,0.58000,Middle,0.08667
KC,100,388,contraction,0.58000,0.019399,0.14984969,27,0.27000,-0.31000,0.31000,-5.60995767e-03,0.84328027,Near,False,27,0.27000,Near,0.06333
KC,100,389,contraction,0.27000,0.013789,0.07094720,92,0.92000,0.65000,0.65000,-5.32555015e-03,0.49507759,Far,True,3,0.03000,Near,0.25333
KC,100,390,rebound,0.92000,0.008463,0.23211582,43,0.43000,-0.49000,0.49000,2.81142870e-02,1.98255501,Middle,False,43,0.43000,Middle,0.09667
KC,100,391,contraction,0.43000,0.036578,0.11664439,67,0.67000,0.24000,0.24000,-1.72779464e-02,0.60116036,Far,True,14,0.14000,Near,0.00333
KC,100,392,contraction,0.67000,0.019300,0.17232490,18,0.18000,-0.49000,0.49000,-3.72808979e-04,0.98555450,Near,False,18,0.18000,Near,0.15333
KC,100,393,contraction,0.18000,0.018927,0.04973170,87,0.87000,0.69000,0.69000,-1.03487983e-02,0.40849115,Far,True,1,0.01000,Near,0.20333
KC,100,394,rebound,0.87000,0.008578,0.21964450,50,0.50000,-0.37000,0.37000,2.87049476e-02,2.11043419,Middle,False,50,0.50000,Middle,0.16667
KC,100,395,contraction,0.50000,0.037283,0.13432074,32,0.32000,-0.18000,0.18000,-2.02456488e-02,0.59350391,Near,False,32,0.32000,Near,0.01333
KC,100,396,contraction,0.32000,0.017037,0.08425932,78,0.78000,0.46000,0.46000,-9.29987513e-03,0.61076253,Far,True,4,0.04000,Near,0.11333
KC,100,397,rebound,0.78000,0.007737,0.19693435,60,0.60000,-0.18000,0.18000,5.93294329e-03,1.31196144,Middle,False,60,0.60000,Middle,0.06667
KC,100,398,rebound,0.60000,0.013670,0.15341759,21,0.21000,-0.39000,0.39000,1.58507733e-03,1.07165066,Near,False,21,0.21000,Near,0.12333
KC,100,399,contraction,0.21000,0.015255,0.05631386,96,0.96000,0.75000,0.75000,-1.07862232e-02,0.32835219,Far,True,1,0.01000,Near,0.29333
KC,100,400,rebound,0.96000,0.004469,0.24111730,44,0.44000,-0.52000,0.52000,4.09190189e-02,3.33347974,Middle,False,44,0.44000,Middle,0.10667
KC,100,401,contraction,0.44000,0.045388,0.12134706,71,0.71000,0.27000,0.27000,-2.06089103e-02,0.55497225,Far,True,29,0.29000,Near,0.04333
KC,100,402,rebound,0.71000,0.024779,0.18369483,30,0.30000,-0.41000,0.41000,4.23810210e-03,1.12557814,Near,False,30,0.30000,Near,0.03333
KC,100,403,contraction,0.30000,0.029017,0.08225436,82,0.82000,0.52000,0.52000,-1.82490923e-02,0.46594103,Far,True,9,0.09000,Near,0.15333
KC,100,404,rebound,0.82000,0.010768,0.20769208,53,0.53000,-0.29000,0.29000,2.20672114e-02,1.74378293,Middle,False,53,0.53000,Middle,0.13667
KC,100,405,contraction,0.53000,0.032836,0.14070889,17,0.17000,-0.36000,0.36000,-1.45456869e-02,0.64017370,Near,False,17,0.17000,Near,0.16333
KC,100,406,contraction,0.17000,0.018290,0.04707247,93,0.93000,0.76000,0.76000,-1.37092002e-02,0.38820004,Far,True,1,0.01000,Near,0.26333
KC,100,407,rebound,0.93000,0.004581,0.23364517,41,0.41000,-0.52000,0.52000,4.18963319e-02,3.97058378,Middle,False,41,0.41000,Middle,0.07667
KC,100,408,contraction,0.41000,0.046477,0.11411925,65,0.65000,0.24000,0.24000,-1.69675456e-02,0.60727130,Middle,True,26,0.26000,Near,0.01667
KC,100,409,contraction,0.65000,0.029509,0.16987736,26,0.26000,-0.39000,0.39000,-8.64565200e-03,0.79422991,Near,False,26,0.26000,Near,0.07333
KC,100,410,contraction,0.26000,0.020864,0.07021595,76,0.76000,0.50000,0.50000,-1.12263196e-02,0.53289275,Far,True,4,0.04000,Near,0.09333
KC,100,411,rebound,0.76000,0.009637,0.19240937,48,0.48000,-0.28000,0.28000,7.91570111e-03,1.19735140,Middle,False,48,0.48000,Middle,0.14667
KC,100,412,contraction,0.48000,0.017553,0.12438829,11,0.11000,-0.37000,0.37000,-1.10087716e-02,0.58020971,Near,False,11,0.11000,Near,0.22333
KC,100,413,contraction,0.11000,0.006544,0.02913610,99,0.99000,0.88000,0.88000,-2.90262957e-03,0.44684578,Far,True,1,0.01000,Near,0.32333
KC,100,414,rebound,0.99000,0.003642,0.24841044,58,0.58000,-0.41000,0.41000,4.64679255e-02,8.77665846,Middle,False,58,0.58000,Middle,0.08667
KC,100,415,contraction,0.58000,0.050110,0.15752743,35,0.35000,-0.23000,0.23000,-1.38482748e-02,0.72187475,Middle,False,35,0.35000,Middle,0.01667
KC,100,416,contraction,0.35000,0.036261,0.09656536,84,0.84000,0.49000,0.49000,-1.07428646e-02,0.57920670,Far,True,19,0.19000,Near,0.17333
KC,100,417,rebound,0.84000,0.025519,0.21637964,51,0.51000,-0.33000,0.33000,1.42028629e-02,1.39141588,Middle,False,51,0.51000,Middle,0.15667
KC,100,418,contraction,0.51000,0.039721,0.13743036,70,0.70000,0.19000,0.19000,-1.45014944e-02,0.66814699,Far,True,23,0.23000,Near,0.03333
KC,100,419,rebound,0.70000,0.025220,0.18130498,25,0.25000,-0.45000,0.45000,9.27680744e-03,1.39045641,Near,False,25,0.25000,Near,0.08333
KC,100,420,contraction,0.25000,0.034497,0.07112418,89,0.89000,0.64000,0.64000,-1.99025239e-02,0.35857178,Far,True,9,0.09000,Near,0.22333
KC,100,421,rebound,0.89000,0.014594,0.22614855,43,0.43000,-0.46000,0.46000,3.26419850e-02,2.45907258,Middle,False,43,0.43000,Middle,0.09667
KC,100,422,contraction,0.43000,0.047236,0.11930905,63,0.63000,0.20000,0.20000,-2.23529619e-02,0.55453270,Middle,True,18,0.18000,Near,0.03667
KC,100,423,contraction,0.63000,0.024883,0.16372081,19,0.19000,-0.44000,0.44000,-3.45225360e-03,0.88353062,Near,False,19,0.19000,Near,0.14333
KC,100,424,contraction,0.19000,0.021431,0.05285775,80,0.80000,0.61000,0.61000,-9.63018962e-03,0.47252887,Far,True,2,0.02000,Near,0.13333
KC,100,425,rebound,0.80000,0.011801,0.20295020,37,0.37000,-0.43000,0.43000,1.45511037e-02,1.45133003,Middle,False,37,0.37000,Middle,0.03667
KC,100,426,contraction,0.37000,0.026352,0.09908797,95,0.95000,0.58000,0.58000,-1.89490761e-02,0.50369909,Far,True,7,0.07000,Near,0.28333
KC,100,427,rebound,0.95000,0.007403,0.23935071,55,0.55000,-0.40000,0.40000,4.75349606e-02,5.06448899,Middle,False,55,0.55000,Middle,0.11667
KC,100,428,contraction,0.55000,0.054938,0.15123445,30,0.30000,-0.25000,0.25000,-2.10695485e-02,0.60678687,Near,False,30,0.30000,Near,0.03333
KC,100,429,contraction,0.30000,0.033868,0.08346706,73,0.73000,0.43000,0.43000,-8.50038974e-03,0.65932687,Far,True,11,0.11000,Near,0.06333
KC,100,430,contraction,0.73000,0.025368,0.18884196,46,0.46000,-0.27000,0.27000,-1.91410397e-03,0.96079459,Middle,False,46,0.46000,Middle,0.12667
KC,100,431,contraction,0.46000,0.023454,0.12086343,86,0.86000,0.40000,0.40000,-1.15376545e-02,0.58499859,Far,True,13,0.13000,Near,0.19333
KC,100,432,rebound,0.86000,0.011916,0.21797902,26,0.26000,-0.60000,0.60000,2.43920435e-02,3.04998698,Near,False,26,0.26000,Near,0.07333
KC,100,433,contraction,0.26000,0.036308,0.07407703,65,0.65000,0.39000,0.39000,-1.39202235e-02,0.55262830,Middle,True,11,0.11000,Near,0.01667
KC,100,434,contraction,0.65000,0.022388,0.16809698,15,0.15000,-0.50000,0.50000,-8.73838630e-03,0.82089161,Near,False,15,0.15000,Near,0.18333
KC,100,435,contraction,0.15000,0.013650,0.04091238,91,0.91000,0.76000,0.76000,-7.40511627e-03,0.46198344,Far,True,1,0.01000,Near,0.24333
KC,100,436,rebound,0.91000,0.006244,0.22906110,50,0.50000,-0.41000,0.41000,4.16374759e-02,3.66432115,Middle,False,50,0.50000,Middle,0.16667
KC,100,437,contraction,0.50000,0.047882,0.13697047,36,0.36000,-0.14000,0.14000,-2.51297793e-02,0.56057921,Middle,False,36,0.36000,Middle,0.02667
KC,100,438,contraction,0.36000,0.022752,0.09568802,77,0.77000,0.41000,0.41000,-7.33565773e-03,0.70285470,Far,True,6,0.06000,Near,0.10333
KC,100,439,rebound,0.77000,0.015416,0.19635411,59,0.59000,-0.18000,0.18000,4.11731821e-03,1.09523930,Middle,False,59,0.59000,Middle,0.07667
KC,100,440,contraction,0.59000,0.019534,0.15238344,21,0.21000,-0.38000,0.38000,-1.07859246e-03,0.95961079,Near,False,21,0.21000,Near,0.12333
KC,100,441,contraction,0.21000,0.018455,0.05711379,98,0.98000,0.77000,0.77000,-1.46627418e-02,0.33580556,Far,True,1,0.01000,Near,0.31333
KC,100,442,rebound,0.98000,0.003792,0.24594811,44,0.44000,-0.54000,0.54000,4.68552965e-02,4.84001393,Middle,False,44,0.44000,Middle,0.10667
KC,100,443,contraction,0.44000,0.050648,0.12266193,69,0.69000,0.25000,0.25000,-1.69042603e-02,0.60823533,Far,True,31,0.31000,Near,0.02333
KC,100,444,contraction,0.69000,0.033743,0.18093587,31,0.31000,-0.38000,0.38000,-2.66421278e-03,0.93559475,Near,False,31,0.31000,Near,0.02333
KC,100,445,contraction,0.31000,0.031079,0.08526981,82,0.82000,0.51000,0.51000,-1.15062876e-02,0.52664122,Far,True,10,0.10000,Near,0.15333
KC,100,446,rebound,0.82000,0.019573,0.20989324,53,0.53000,-0.29000,0.29000,1.60473943e-02,1.44284541,Middle,False,53,0.53000,Middle,0.13667
KC,100,447,contraction,0.53000,0.035620,0.14140509,19,0.19000,-0.34000,0.34000,-1.54139849e-02,0.62264393,Near,False,19,0.19000,Near,0.14333
KC,100,448,contraction,0.19000,0.020206,0.05255159,88,0.88000,0.69000,0.69000,-9.37989980e-03,0.45810641,Far,True,2,0.02000,Near,0.21333
KC,100,449,rebound,0.88000,0.010826,0.22270662,41,0.41000,-0.47000,0.47000,2.84124608e-02,2.12660387,Middle,False,41,0.41000,Middle,0.07667
KC,100,450,contraction,0.41000,0.039239,0.11230973,66,0.66000,0.25000,0.25000,-1.64852516e-02,0.60831385,Middle,True,12,0.12000,Near,0.00667
KC,100,451,contraction,0.66000,0.022754,0.17068842,26,0.26000,-0.40000,0.40000,-5.13593963e-03,0.86622143,Near,False,26,0.26000,Near,0.07333
KC,100,452,contraction,0.26000,0.017618,0.06940443,94,0.94000,0.68000,0.68000,-1.09705183e-02,0.51821381,Far,True,3,0.03000,Near,0.27333
KC,100,453,rebound,0.94000,0.006647,0.23666181,56,0.56000,-0.38000,0.38000,4.12496938e-02,3.56928809,Middle,False,56,0.56000,Middle,0.10667
KC,100,454,contraction,0.56000,0.047897,0.15197423,74,0.74000,0.18000,0.18000,-1.87465108e-02,0.64891018,Far,True,35,0.35000,Middle,0.07333
KC,100,455,rebound,0.74000,0.029150,0.19228760,35,0.35000,-0.39000,0.39000,1.60319957e-02,1.58425504,Middle,False,35,0.35000,Middle,0.01667
KC,100,456,contraction,0.35000,0.045182,0.09879560,16,0.16000,-0.19000,0.19000,-3.10069640e-02,0.43352195,Near,False,16,0.16000,Near,0.17333
KC,100,457,contraction,0.16000,0.014175,0.04354386,80,0.80000,0.64000,0.64000,-2.40565638e-03,0.74333297,Far,True,1,0.01000,Near,0.13333
KC,100,458,rebound,0.80000,0.011770,0.20294244,48,0.48000,-0.32000,0.32000,1.71677497e-02,1.51267392,Middle,False,48,0.48000,Middle,0.14667
KC,100,459,contraction,0.48000,0.028938,0.12723438,23,0.23000,-0.25000,0.25000,-2.36010426e-02,0.55874940,Near,False,23,0.23000,Near,0.10333
KC,100,460,contraction,0.23000,0.005336,0.05883412,92,0.92000,0.69000,0.69000,-1.38753501e-03,0.78922142,Far,True,1,0.01000,Near,0.25333
KC,100,461,rebound,0.92000,0.003949,0.23098724,61,0.61000,-0.31000,0.31000,3.63928602e-02,2.99673090,Middle,False,61,0.61000,Middle,0.05667
KC,100,462,contraction,0.61000,0.040342,0.16258545,39,0.39000,-0.22000,0.22000,-1.24373287e-02,0.75668618,Middle,False,39,0.39000,Middle,0.05667
KC,100,463,contraction,0.39000,0.027904,0.10447612,72,0.72000,0.33000,0.33000,-1.74052163e-02,0.55171918,Far,True,10,0.10000,Near,0.05333
KC,100,464,rebound,0.72000,0.010499,0.18262482,20,0.20000,-0.52000,0.52000,6.77944777e-03,1.35013643,Near,False,20,0.20000,Near,0.13333
KC,100,465,contraction,0.20000,0.017279,0.05431968,85,0.85000,0.65000,0.65000,-1.35523517e-02,0.39780176,Far,True,1,0.01000,Near,0.18333
KC,100,466,rebound,0.85000,0.003726,0.21343159,50,0.50000,-0.35000,0.35000,2.84004595e-02,2.14789601,Middle,False,50,0.50000,Middle,0.16667
KC,100,467,contraction,0.50000,0.032127,0.13303171,29,0.29000,-0.21000,0.21000,-1.96162154e-02,0.59041038,Near,False,29,0.29000,Near,0.04333
KC,100,468,contraction,0.29000,0.012511,0.07562765,99,0.99000,0.70000,0.70000,-9.66966616e-03,0.50772628,Far,True,2,0.02000,Near,0.32333
KC,100,469,rebound,0.99000,0.002841,0.24821024,59,0.59000,-0.40000,0.40000,4.97619235e-02,8.05106345,Middle,False,59,0.59000,Middle,0.07667
KC,100,470,contraction,0.59000,0.052603,0.16065072,41,0.41000,-0.18000,0.18000,-1.69662106e-02,0.69732021,Middle,False,41,0.41000,Middle,0.07667
KC,100,471,contraction,0.41000,0.035637,0.11140916,77,0.77000,0.36000,0.36000,-9.83931584e-03,0.67267867,Far,True,15,0.15000,Near,0.10333
KC,100,472,rebound,0.77000,0.025797,0.19894933,25,0.25000,-0.52000,0.52000,5.61286983e-03,1.17952670,Near,False,25,0.25000,Near,0.08333
KC,100,473,contraction,0.25000,0.031410,0.07035255,67,0.67000,0.42000,0.42000,-1.33304727e-02,0.53850518,Far,True,9,0.09000,Near,0.00333
KC,100,474,contraction,0.67000,0.018080,0.17201993,14,0.14000,-0.53000,0.53000,-6.04005467e-03,0.87009667,Near,False,14,0.14000,Near,0.19333
KC,100,475,contraction,0.14000,0.012040,0.03800992,89,0.89000,0.75000,0.75000,-7.09155179e-04,0.83993162,Far,True,1,0.01000,Near,0.22333
KC,100,476,rebound,0.89000,0.011331,0.22533263,47,0.47000,-0.42000,0.42000,3.38368949e-02,2.51957916,Middle,False,47,0.47000,Middle,0.13667
KC,100,477,contraction,0.47000,0.045167,0.12879185,63,0.63000,0.16000,0.16000,-2.74329479e-02,0.52976586,Middle,True,33,0.33000,Near,0.03667
KC,100,478,rebound,0.63000,0.017734,0.16193362,31,0.31000,-0.32000,0.32000,1.73140214e-03,1.05261629,Near,False,31,0.31000,Near,0.02333
KC,100,479,contraction,0.31000,0.019466,0.08236647,96,0.96000,0.65000,0.65000,-1.24289581e-02,0.48709652,Far,True,4,0.04000,Near,0.29333
KC,100,480,rebound,0.96000,0.007037,0.24175923,53,0.53000,-0.43000,0.43000,3.92252404e-02,4.07817343,Middle,False,53,0.53000,Middle,0.13667
KC,100,481,contraction,0.53000,0.046262,0.14406554,75,0.75000,0.22000,0.22000,-1.55322438e-02,0.63918407,Far,True,23,0.23000,Near,0.08333
KC,100,482,rebound,0.75000,0.030730,0.19518248,36,0.36000,-0.39000,0.39000,1.37200581e-02,1.45625119,Middle,False,36,0.36000,Middle,0.02667
KC,100,483,contraction,0.36000,0.044450,0.10111249,83,0.83000,0.47000,0.47000,-2.46912086e-02,0.43059873,Far,True,18,0.18000,Near,0.16333
KC,100,484,rebound,0.83000,0.019759,0.21243969,44,0.44000,-0.39000,0.39000,2.25705802e-02,2.21512571,Middle,False,44,0.44000,Middle,0.10667
KC,100,485,contraction,0.44000,0.042329,0.12058234,20,0.20000,-0.24000,0.24000,-2.01163619e-02,0.54651278,Near,False,20,0.20000,Near,0.13333
KC,100,486,contraction,0.20000,0.022213,0.05555325,69,0.69000,0.49000,0.49000,-8.62663790e-03,0.57938284,Far,True,3,0.03000,Near,0.02333
KC,100,487,contraction,0.69000,0.013586,0.17589659,91,0.91000,0.22000,0.22000,-5.33056934e-03,0.85022972,Far,True,11,0.11000,Near,0.24333
KC,100,488,rebound,0.91000,0.008256,0.22956394,50,0.50000,-0.41000,0.41000,4.23626891e-02,5.26662338,Middle,False,50,0.50000,Middle,0.16667
KC,100,489,contraction,0.50000,0.050618,0.13765462,28,0.28000,-0.22000,0.22000,-2.00126748e-02,0.59172102,Near,False,28,0.28000,Near,0.05333
KC,100,490,contraction,0.28000,0.030606,0.07765145,79,0.79000,0.51000,0.51000,-1.57889870e-02,0.50763637,Far,True,9,0.09000,Near,0.12333
KC,100,491,rebound,0.79000,0.014817,0.20120420,58,0.58000,-0.21000,0.21000,1.36801178e-02,1.38717433,Middle,False,58,0.58000,Middle,0.08667
KC,100,492,contraction,0.58000,0.028497,0.15212423,22,0.22000,-0.36000,0.36000,-8.15275179e-03,0.79325842,Near,False,22,0.22000,Near,0.11333
KC,100,493,contraction,0.22000,0.020344,0.06008604,97,0.97000,0.75000,0.75000,-1.58902647e-02,0.38024862,Far,True,4,0.04000,Near,0.30333
KC,100,494,rebound,0.97000,0.004454,0.24361348,43,0.43000,-0.54000,0.54000,4.88877973e-02,5.75989807,Middle,False,43,0.43000,Middle,0.09667
KC,100,495,contraction,0.43000,0.053342,0.12083542,66,0.66000,0.23000,0.23000,-1.81548075e-02,0.60002639,Middle,True,34,0.34000,Middle,0.00667
KC,100,496,contraction,0.66000,0.035187,0.17379672,33,0.33000,-0.33000,0.33000,-7.81347675e-03,0.83102318,Near,False,33,0.33000,Near,0.00333
KC,100,497,contraction,0.33000,0.027373,0.08934335,85,0.85000,0.52000,0.52000,-8.83850980e-03,0.58842526,Far,True,10,0.10000,Near,0.18333
KC,100,498,rebound,0.85000,0.018535,0.21713373,54,0.54000,-0.31000,0.31000,1.95118672e-02,1.56680752,Middle,False,54,0.54000,Middle,0.12667
KC,100,499,contraction,0.54000,0.038047,0.14451169,19,0.19000,-0.35000,0.35000,-1.50736789e-02,0.63779376,Near,False,19,0.19000,Near,0.14333
KC,100,500,contraction,0.19000,0.022973,0.05324327,74,0.74000,0.55000,0.55000,-7.53434322e-03,0.57986227,Far,True,3,0.03000,Near,0.07333
KC,100,501,rebound,0.74000,0.015439,0.18885969,39,0.39000,-0.35000,0.35000,3.99897642e-03,1.09814525,Middle,False,39,0.39000,Middle,0.05667
KC,100,502,contraction,0.39000,0.019438,0.10235943,93,0.93000,0.54000,0.54000,-1.21654319e-02,0.51397053,Far,True,7,0.07000,Near,0.26333
KC,100,503,rebound,0.93000,0.007272,0.23431807,60,0.60000,-0.33000,0.33000,3.62133706e-02,2.87781177,Middle,False,60,0.60000,Middle,0.06667
KC,100,504,contraction,0.60000,0.043486,0.16087142,29,0.29000,-0.31000,0.31000,-8.63119640e-03,0.79473077,Near,False,29,0.29000,Near,0.04333
KC,100,505,contraction,0.29000,0.034854,0.08121362,81,0.81000,0.52000,0.52000,-1.83893708e-02,0.45660760,Far,True,11,0.11000,Near,0.14333
KC,100,506,rebound,0.81000,0.016465,0.20661627,47,0.47000,-0.34000,0.34000,1.99682313e-02,1.63391447,Middle,False,47,0.47000,Middle,0.13667
KC,100,507,contraction,0.47000,0.036433,0.12660833,16,0.16000,-0.31000,0.31000,-2.08920836e-02,0.53544034,Near,False,16,0.16000,Near,0.17333
KC,100,508,contraction,0.16000,0.015541,0.04388531,70,0.70000,0.54000,0.54000,-6.94629653e-03,0.57021375,Far,True,1,0.01000,Near,0.03333
KC,100,509,contraction,0.70000,0.008595,0.17714874,35,0.35000,-0.35000,0.35000,-1.10848614e-03,0.97323132,Middle,False,35,0.35000,Middle,0.01667
KC,100,510,contraction,0.35000,0.007486,0.08937162,90,0.90000,0.55000,0.55000,-4.20005147e-03,0.68270513,Far,True,1,0.01000,Near,0.23333
KC,100,511,rebound,0.90000,0.003286,0.22582160,53,0.53000,-0.37000,0.37000,2.71027404e-02,2.13161646,Middle,False,53,0.53000,Middle,0.13667
KC,100,512,contraction,0.53000,0.030389,0.14009729,22,0.22000,-0.31000,0.31000,-1.45011242e-02,0.63808316,Near,False,22,0.22000,Near,0.11333
KC,100,513,contraction,0.22000,0.015888,0.05897201,77,0.77000,0.55000,0.55000,-1.09514377e-02,0.49257298,Far,True,1,0.01000,Near,0.10333
KC,100,514,rebound,0.77000,0.004937,0.19373415,41,0.41000,-0.36000,0.36000,9.51071695e-03,1.25461331,Middle,False,41,0.41000,Middle,0.07667
KC,100,515,contraction,0.41000,0.014447,0.10611183,99,0.99000,0.58000,0.58000,-1.22945034e-02,0.56240192,Far,True,6,0.06000,Near,0.32333
KC,100,516,rebound,0.99000,0.002153,0.24803820,61,0.61000,-0.38000,0.38000,5.10885558e-02,21.80481388,Middle,False,61,0.61000,Middle,0.05667
KC,100,517,contraction,0.61000,0.053241,0.16581034,31,0.31000,-0.30000,0.30000,-1.17864798e-02,0.75294632,Near,False,31,0.31000,Near,0.02333
KC,100,518,contraction,0.31000,0.041455,0.08786372,72,0.72000,0.41000,0.41000,-1.83938234e-02,0.50065744,Far,True,13,0.13000,Near,0.05333
KC,100,519,rebound,0.72000,0.023061,0.18576526,46,0.46000,-0.26000,0.26000,2.67150744e-03,1.06145269,Middle,False,46,0.46000,Middle,0.12667
KC,100,520,contraction,0.46000,0.025733,0.12143314,87,0.87000,0.41000,0.41000,-1.04591571e-02,0.58318774,Far,True,15,0.15000,Near,0.20333
KC,100,521,rebound,0.87000,0.015273,0.22131835,27,0.27000,-0.60000,0.60000,2.50126460e-02,2.83183378,Near,False,27,0.27000,Near,0.06333
KC,100,522,contraction,0.27000,0.040286,0.07757151,64,0.64000,0.37000,0.37000,-1.72231944e-02,0.51449836,Middle,True,13,0.13000,Near,0.02667
KC,100,523,contraction,0.64000,0.023063,0.16576571,16,0.16000,-0.48000,0.48000,-7.80179186e-03,0.81490241,Near,False,16,0.16000,Near,0.17333
KC,100,524,contraction,0.16000,0.015261,0.04381527,83,0.83000,0.67000,0.67000,-6.25497085e-03,0.50425450,Far,True,1,0.01000,Near,0.16333
KC,100,525,rebound,0.83000,0.009006,0.20975152,49,0.49000,-0.34000,0.34000,2.45291298e-02,1.89842704,Middle,False,49,0.49000,Middle,0.15667
KC,100,526,contraction,0.49000,0.033535,0.13088381,34,0.34000,-0.15000,0.15000,-2.29999744e-02,0.56555722,Middle,False,34,0.34000,Middle,0.00667
KC,100,527,contraction,0.34000,0.010535,0.08763381,95,0.95000,0.61000,0.61000,-3.38569379e-03,0.58122352,Far,True,2,0.02000,Near,0.28333
KC,100,528,rebound,0.95000,0.007150,0.23928739,58,0.58000,-0.37000,0.37000,3.71642349e-02,2.98050199,Middle,False,58,0.58000,Middle,0.08667
KC,100,529,contraction,0.58000,0.044314,0.15607845,24,0.24000,-0.34000,0.34000,-1.66015762e-02,0.68038311,Near,False,24,0.24000,Near,0.09333
KC,100,530,contraction,0.24000,0.027712,0.06692805,75,0.75000,0.51000,0.51000,-5.79594660e-03,0.68405777,Far,True,6,0.06000,Near,0.08333
KC,100,531,rebound,0.75000,0.021916,0.19297907,42,0.42000,-0.33000,0.33000,3.85497166e-03,1.08932907,Middle,False,42,0.42000,Middle,0.08667
KC,100,532,contraction,0.42000,0.025771,0.11144281,88,0.88000,0.46000,0.46000,-1.66367498e-02,0.55115614,Far,True,10,0.10000,Near,0.21333
KC,100,533,rebound,0.88000,0.009134,0.22228362,53,0.53000,-0.35000,0.35000,2.97312220e-02,2.87176049,Middle,False,53,0.53000,Middle,0.13667
KC,100,534,contraction,0.53000,0.038866,0.14221643,21,0.21000,-0.32000,0.32000,-1.43662055e-02,0.66920716,Near,False,21,0.21000,Near,0.12333
KC,100,535,contraction,0.21000,0.024500,0.05862488,69,0.69000,0.48000,0.48000,-1.09081900e-02,0.53582967,Far,True,5,0.05000,Near,0.02333
KC,100,536,contraction,0.69000,0.013591,0.17589783,33,0.33000,-0.36000,0.36000,-1.86312853e-03,0.95428370,Near,False,33,0.33000,Near,0.00333
KC,100,537,contraction,0.33000,0.011728,0.08543205,94,0.94000,0.61000,0.61000,-7.53790655e-03,0.55201251,Far,True,2,0.02000,Near,0.27333
KC,100,538,rebound,0.94000,0.004190,0.23604757,60,0.60000,-0.34000,0.34000,3.48388694e-02,2.82567033,Middle,False,60,0.60000,Middle,0.06667
KC,100,539,contraction,0.60000,0.039029,0.15975729,39,0.39000,-0.21000,0.21000,-1.01933044e-02,0.78851874,Middle,False,39,0.39000,Middle,0.05667
KC,100,540,contraction,0.39000,0.028836,0.10470896,80,0.80000,0.41000,0.41000,-1.23326056e-02,0.58445469,Far,True,13,0.13000,Near,0.13333
KC,100,541,rebound,0.80000,0.016503,0.20412581,26,0.26000,-0.54000,0.54000,1.30805302e-02,1.60506769,Near,False,26,0.26000,Near,0.07333
KC,100,542,contraction,0.26000,0.029584,0.07239594,66,0.66000,0.40000,0.40000,-1.82478577e-02,0.47198228,Middle,True,9,0.09000,Near,0.00667
KC,100,543,contraction,0.66000,0.011336,0.16783398,14,0.14000,-0.52000,0.52000,-5.78642651e-04,0.97216171,Near,False,14,0.14000,Near,0.19333
KC,100,544,contraction,0.14000,0.010757,0.03768932,97,0.97000,0.83000,0.83000,-7.78555179e-03,0.42035841,Far,True,1,0.01000,Near,0.30333
KC,100,545,rebound,0.97000,0.002972,0.24324293,48,0.48000,-0.49000,0.49000,5.28373717e-02,7.70860141,Middle,False,48,0.48000,Middle,0.14667
KC,100,546,contraction,0.48000,0.055809,0.13395227,73,0.73000,0.25000,0.25000,-2.60168662e-02,0.52757295,Far,True,36,0.36000,Middle,0.06333
KC,100,547,rebound,0.73000,0.029792,0.18994806,35,0.35000,-0.38000,0.38000,1.02903750e-02,1.31381712,Middle,False,35,0.35000,Middle,0.01667
KC,100,548,contraction,0.35000,0.040083,0.09752065,84,0.84000,0.49000,0.49000,-2.27240382e-02,0.47935824,Far,True,18,0.18000,Near,0.17333
KC,100,549,rebound,0.84000,0.017359,0.21433964,54,0.54000,-0.30000,0.30000,2.64706810e-02,1.98877137,Middle,False,54,0.54000,Middle,0.12667
KC,100,550,contraction,0.54000,0.043829,0.14595731,24,0.24000,-0.30000,0.30000,-1.51746964e-02,0.65231537,Near,False,24,0.24000,Near,0.09333
KC,100,551,contraction,0.24000,0.028655,0.06716364,77,0.77000,0.53000,0.53000,-1.91479773e-02,0.43188733,Far,True,7,0.07000,Near,0.10333
KC,100,552,rebound,0.77000,0.009507,0.19487664,42,0.42000,-0.35000,0.35000,1.50110100e-02,1.46296730,Middle,False,42,0.42000,Middle,0.08667
KC,100,553,contraction,0.42000,0.024518,0.11112939,91,0.91000,0.49000,0.49000,-1.80184498e-02,0.53102529,Far,True,11,0.11000,Near,0.24333
KC,100,554,rebound,0.91000,0.006499,0.22912478,58,0.58000,-0.33000,0.33000,3.65904741e-02,5.48795240,Middle,False,58,0.58000,Middle,0.08667
KC,100,555,contraction,0.58000,0.043090,0.15577240,29,0.29000,-0.29000,0.29000,-9.01145272e-03,0.78393745,Near,False,29,0.29000,Near,0.04333
KC,100,556,contraction,0.29000,0.034078,0.08101954,68,0.68000,0.39000,0.39000,-2.26580586e-02,0.43888645,Far,True,11,0.11000,Near,0.01333
KC,100,557,rebound,0.68000,0.011420,0.17285502,16,0.16000,-0.52000,0.52000,3.80539120e-03,1.20144062,Near,False,16,0.16000,Near,0.17333
KC,100,558,contraction,0.16000,0.015225,0.04380637,87,0.87000,0.71000,0.71000,-1.26581422e-02,0.36572810,Far,True,1,0.01000,Near,0.20333
KC,100,559,rebound,0.87000,0.002567,0.21814184,46,0.46000,-0.41000,0.41000,3.41751074e-02,2.72051764,Middle,False,46,0.46000,Middle,0.12667
KC,100,560,contraction,0.46000,0.036742,0.12418561,23,0.23000,-0.23000,0.23000,-2.76956760e-02,0.50510875,Near,False,23,0.23000,Near,0.10333
KC,100,561,contraction,0.23000,0.009047,0.05976169,98,0.98000,0.75000,0.75000,-7.07064377e-03,0.61697941,Far,True,1,0.01000,Near,0.31333
KC,100,562,rebound,0.98000,0.001976,0.24549403,61,0.61000,-0.37000,0.37000,5.26969348e-02,12.23564037,Middle,False,61,0.61000,Middle,0.05667
KC,100,563,contraction,0.61000,0.054673,0.16616827,38,0.38000,-0.23000,0.23000,-1.39781934e-02,0.73833693,Middle,False,38,0.38000,Middle,0.04667
KC,100,564,contraction,0.38000,0.040695,0.10517372,75,0.75000,0.37000,0.37000,-1.36817904e-02,0.59477487,Far,True,12,0.12000,Near,0.08333
KC,100,565,rebound,0.75000,0.027013,0.19425327,51,0.51000,-0.24000,0.24000,2.54750162e-03,1.05538482,Middle,False,51,0.51000,Middle,0.15667
KC,100,566,contraction,0.51000,0.029561,0.13489015,19,0.19000,-0.32000,0.32000,-1.17814347e-02,0.66746488,Near,False,19,0.19000,Near,0.14333
KC,100,567,contraction,0.19000,0.017779,0.05194479,82,0.82000,0.63000,0.63000,-6.00275846e-03,0.56087474,Far,True,1,0.01000,Near,0.15333
KC,100,568,rebound,0.82000,0.011776,0.20794410,34,0.34000,-0.48000,0.48000,1.24440767e-02,1.36912292,Middle,False,34,0.34000,Middle,0.00667
KC,100,569,contraction,0.34000,0.024220,0.09105512,66,0.66000,0.32000,0.32000,-1.53804825e-02,0.57198126,Middle,True,6,0.06000,Near,0.00667
KC,100,570,contraction,0.66000,0.008840,0.16721000,11,0.11000,-0.55000,0.55000,-1.40764024e-03,0.92606176,Near,False,11,0.11000,Near,0.22333
KC,100,571,contraction,0.11000,0.007432,0.02935809,92,0.92000,0.81000,0.81000,-1.36708633e-03,0.61248646,Far,True,1,0.01000,Near,0.25333
KC,100,572,rebound,0.92000,0.006065,0.23151631,47,0.47000,-0.45000,0.45000,3.65915426e-02,2.76769860,Middle,False,47,0.47000,Middle,0.13667
KC,100,573,contraction,0.47000,0.042657,0.12816420,71,0.71000,0.24000,0.24000,-2.51397773e-02,0.54093646,Far,True,27,0.27000,Near,0.04333
KC,100,574,rebound,0.71000,0.017517,0.18187926,28,0.28000,-0.43000,0.43000,1.21481813e-02,1.51027522,Near,False,28,0.28000,Near,0.05333
KC,100,575,contraction,0.28000,0.029665,0.07741630,86,0.86000,0.58000,0.58000,-2.44795359e-02,0.42062328,Far,True,5,0.05000,Near,0.19333
KC,100,576,rebound,0.86000,0.005186,0.21629642,54,0.54000,-0.32000,0.32000,3.22998425e-02,2.56695607,Middle,False,54,0.54000,Middle,0.12667
KC,100,577,contraction,0.54000,0.037486,0.14437138,22,0.22000,-0.32000,0.32000,-1.61027379e-02,0.66967049,Near,False,22,0.22000,Near,0.11333
KC,100,578,contraction,0.22000,0.021383,0.06034569,78,0.78000,0.56000,0.56000,-1.83121575e-02,0.41940087,Far,True,2,0.02000,Near,0.11333
KC,100,579,rebound,0.78000,0.003071,0.19576765,40,0.40000,-0.38000,0.38000,2.08900483e-02,1.80549141,Middle,False,40,0.40000,Middle,0.06667
KC,100,580,contraction,0.40000,0.023961,0.10599017,8,0.08000,-0.32000,0.32000,-2.08407763e-02,0.49612655,Near,False,8,0.08000,Near,0.25333
KC,100,581,contraction,0.08000,0.003120,0.02077997,96,0.96000,0.88000,0.88000,-1.28269738e-03,0.39002506,Far,True,1,0.01000,Near,0.29333
KC,100,582,rebound,0.96000,0.001837,0.24045930,59,0.59000,-0.37000,0.37000,4.64003624e-02,5.07473698,Middle,False,59,0.59000,Middle,0.07667
KC,100,583,contraction,0.59000,0.048238,0.15955939,33,0.33000,-0.26000,0.26000,-1.53327201e-02,0.70154826,Near,False,33,0.33000,Near,0.00333
KC,100,584,contraction,0.33000,0.032905,0.09072621,69,0.69000,0.36000,0.36000,-1.72777229e-02,0.53015877,Far,True,15,0.15000,Near,0.02333
KC,100,585,contraction,0.69000,0.015627,0.17640678,19,0.19000,-0.50000,0.50000,-7.76654542e-04,0.97218850,Near,False,19,0.19000,Near,0.14333
KC,100,586,contraction,0.19000,0.014850,0.05121261,89,0.89000,0.70000,0.70000,-8.72858470e-03,0.44881770,Far,True,1,0.01000,Near,0.22333
KC,100,587,rebound,0.89000,0.006122,0.22403047,48,0.48000,-0.41000,0.41000,3.64935601e-02,2.87874408,Middle,False,48,0.48000,Middle,0.14667
KC,100,588,contraction,0.48000,0.042615,0.13065386,63,0.63000,0.15000,0.15000,-2.68374814e-02,0.53175001,Middle,True,29,0.29000,Near,0.03667
KC,100,589,rebound,0.63000,0.015778,0.16144449,26,0.26000,-0.37000,0.37000,2.24136346e-03,1.07776961,Near,False,26,0.26000,Near,0.07333
KC,100,590,contraction,0.26000,0.018019,0.06950483,81,0.81000,0.55000,0.55000,-1.43800482e-02,0.43208305,Far,True,2,0.02000,Near,0.14333
KC,100,591,rebound,0.81000,0.003639,0.20340982,39,0.39000,-0.42000,0.42000,1.71398309e-02,1.77467727,Middle,False,39,0.39000,Middle,0.05667
KC,100,592,contraction,0.39000,0.020779,0.10269477,9,0.09000,-0.30000,0.30000,-1.74622771e-02,0.48783207,Near,False,9,0.09000,Near,0.24333
KC,100,593,contraction,0.09000,0.003317,0.02332920,99,0.99000,0.90000,0.90000,-2.26917584e-03,0.36665329,Far,True,1,0.01000,Near,0.32333
KC,100,594,rebound,0.99000,0.001048,0.24776191,55,0.55000,-0.44000,0.44000,5.10475322e-02,7.92121339,Middle,False,55,0.55000,Middle,0.11667
KC,100,595,contraction,0.55000,0.052095,0.15052379,73,0.73000,0.18000,0.18000,-1.93517927e-02,0.61097088,Far,True,32,0.32000,Near,0.06333
KC,100,596,rebound,0.73000,0.032743,0.19068585,34,0.34000,-0.39000,0.39000,1.09479430e-02,1.35944558,Middle,False,34,0.34000,Middle,0.00667
KC,100,597,contraction,0.34000,0.043691,0.09592283,84,0.84000,0.50000,0.50000,-2.76472406e-02,0.44101427,Far,True,18,0.18000,Near,0.17333
KC,100,598,rebound,0.84000,0.016044,0.21401102,46,0.46000,-0.38000,0.38000,2.97432176e-02,2.37394916,Middle,False,46,0.46000,Middle,0.12667
KC,100,599,contraction,0.46000,0.045787,0.12644683,21,0.21000,-0.25000,0.25000,-2.33114433e-02,0.54612445,Near,False,21,0.21000,Near,0.12333
KC,100,600,contraction,0.21000,0.022476,0.05811896,67,0.67000,0.46000,0.46000,-8.00574456e-03,0.61831257,Far,True,2,0.02000,Near,0.00333
KC,100,601,contraction,0.67000,0.014470,0.17111753,93,0.93000,0.26000,0.26000,-5.74683618e-03,0.78991737,Far,True,12,0.12000,Near,0.26333
KC,100,602,rebound,0.93000,0.008723,0.23468082,51,0.51000,-0.42000,0.42000,4.43606313e-02,5.12307837,Middle,False,51,0.51000,Middle,0.15667
KC,100,603,contraction,0.51000,0.053084,0.14077098,30,0.30000,-0.21000,0.21000,-2.00116787e-02,0.60235449,Near,False,30,0.30000,Near,0.03333
KC,100,604,contraction,0.30000,0.033072,0.08326806,76,0.76000,0.46000,0.46000,-1.31508517e-02,0.53611365,Far,True,11,0.11000,Near,0.09333
KC,100,605,rebound,0.76000,0.019921,0.19498034,41,0.41000,-0.35000,0.35000,4.67827422e-03,1.11010950,Middle,False,41,0.41000,Middle,0.07667
KC,100,606,contraction,0.41000,0.024600,0.10864991,88,0.88000,0.47000,0.47000,-1.63835069e-02,0.58809776,Far,True,12,0.12000,Near,0.21333
KC,100,607,rebound,0.88000,0.008216,0.22205404,58,0.58000,-0.30000,0.30000,3.30402778e-02,4.33519785,Middle,False,58,0.58000,Middle,0.08667
KC,100,608,contraction,0.58000,0.041256,0.15531411,24,0.24000,-0.34000,0.34000,-9.34438269e-03,0.75735614,Near,False,24,0.24000,Near,0.09333
KC,100,609,contraction,0.24000,0.031912,0.06797801,70,0.70000,0.46000,0.46000,-2.09180022e-02,0.41089179,Far,True,9,0.09000,Near,0.03333
KC,100,610,rebound,0.70000,0.010994,0.17774851,36,0.36000,-0.34000,0.34000,3.92072501e-03,1.13353536,Middle,False,36,0.36000,Middle,0.02667
KC,100,611,contraction,0.36000,0.014915,0.09372869,95,0.95000,0.59000,0.59000,-1.15682083e-02,0.46837736,Far,True,7,0.07000,Near,0.28333
KC,100,612,rebound,0.95000,0.003347,0.23833664,52,0.52000,-0.43000,0.43000,4.02664521e-02,6.86663999,Middle,False,52,0.52000,Middle,0.14667
KC,100,613,contraction,0.52000,0.043613,0.14090325,20,0.20000,-0.32000,0.32000,-1.99902194e-02,0.59302218,Near,False,20,0.20000,Near,0.13333
KC,100,614,contraction,0.20000,0.023623,0.05590570,79,0.79000,0.59000,0.59000,-4.10305714e-03,0.69329386,Far,True,4,0.04000,Near,0.12333
KC,100,615,rebound,0.79000,0.019520,0.20237993,44,0.44000,-0.35000,0.35000,9.50663234e-03,1.23554716,Middle,False,44,0.44000,Middle,0.10667
KC,100,616,contraction,0.44000,0.029026,0.11725659,65,0.65000,0.21000,0.21000,-1.74238066e-02,0.60681207,Middle,True,11,0.11000,Near,0.01667
KC,100,617,rebound,0.65000,0.011603,0.16540064,15,0.15000,-0.50000,0.50000,1.37016774e-03,1.07133669,Near,False,15,0.15000,Near,0.18333
KC,100,618,contraction,0.15000,0.012973,0.04074318,90,0.90000,0.75000,0.75000,-8.76894374e-03,0.35182871,Far,True,1,0.01000,Near,0.23333
KC,100,619,rebound,0.90000,0.004204,0.22605094,38,0.38000,-0.52000,0.52000,3.20008113e-02,2.70481440,Middle,False,38,0.38000,Middle,0.04667
KC,100,620,contraction,0.38000,0.036205,0.10405115,72,0.72000,0.34000,0.34000,-2.10578793e-02,0.54007893,Far,True,26,0.26000,Near,0.05333
KC,100,621,rebound,0.72000,0.015147,0.18378668,28,0.28000,-0.44000,0.44000,6.59234040e-03,1.22126396,Near,False,28,0.28000,Near,0.05333
KC,100,622,contraction,0.28000,0.021739,0.07543476,57,0.57000,0.29000,0.29000,-1.79949503e-02,0.50685857,Middle,True,4,0.04000,Near,0.09667
KC,100,623,contraction,0.57000,0.003744,0.14343603,6,0.06000,-0.51000,0.51000,-1.70332846e-03,0.84911914,Near,False,6,0.06000,Near,0.27333
KC,100,624,contraction,0.06000,0.002041,0.01551019,98,0.98000,0.92000,0.92000,-8.90784417e-04,0.41618622,Far,True,1,0.01000,Near,0.31333
KC,100,625,rebound,0.98000,0.001150,0.24528750,48,0.48000,-0.50000,0.50000,4.24985116e-02,5.62308956,Middle,False,48,0.48000,Middle,0.14667
KC,100,626,contraction,0.48000,0.043649,0.13091213,81,0.81000,0.33000,0.33000,-1.71811658e-02,0.58061985,Far,True,23,0.23000,Near,0.14333
KC,100,627,rebound,0.81000,0.026467,0.20911683,34,0.34000,-0.47000,0.47000,1.93997806e-02,1.72581644,Middle,False,34,0.34000,Middle,0.00667
KC,100,628,contraction,0.34000,0.045867,0.09646678,63,0.63000,0.29000,0.29000,-2.02127877e-02,0.52674085,Middle,True,19,0.19000,Near,0.03667
KC,100,629,contraction,0.63000,0.025654,0.16391358,20,0.20000,-0.43000,0.43000,-6.56971524e-03,0.80771025,Near,False,20,0.20000,Near,0.13333
KC,100,630,contraction,0.20000,0.019085,0.05477115,85,0.85000,0.65000,0.65000,-7.10760081e-03,0.49559011,Far,True,1,0.01000,Near,0.18333
KC,100,631,rebound,0.85000,0.011977,0.21549425,45,0.45000,-0.40000,0.40000,2.17774281e-02,1.69273009,Middle,False,45,0.45000,Middle,0.11667
KC,100,632,contraction,0.45000,0.033754,0.12093861,69,0.69000,0.24000,0.24000,-2.04239963e-02,0.56021932,Far,True,13,0.13000,Near,0.02333
KC,100,633,rebound,0.69000,0.013330,0.17583261,26,0.26000,-0.43000,0.43000,6.39416575e-03,1.23674439,Near,False,26,0.26000,Near,0.07333
KC,100,634,contraction,0.26000,0.019725,0.06993115,92,0.92000,0.66000,0.66000,-1.50923100e-02,0.40584233,Far,True,3,0.03000,Near,0.25333
KC,100,635,rebound,0.92000,0.004632,0.23115807,53,0.53000,-0.39000,0.39000,3.84074209e-02,3.00515966,Middle,False,53,0.53000,Middle,0.13667
KC,100,636,contraction,0.53000,0.043040,0.14325993,36,0.36000,-0.17000,0.17000,-2.06571529e-02,0.61658176,Middle,False,36,0.36000,Middle,0.02667
KC,100,637,contraction,0.36000,0.022383,0.09559564,77,0.77000,0.41000,0.41000,-9.66074305e-03,0.64381636,Far,True,10,0.10000,Near,0.10333
KC,100,638,rebound,0.77000,0.012722,0.19568046,18,0.18000,-0.59000,0.59000,7.33593902e-03,1.36507363,Near,False,18,0.18000,Near,0.15333
KC,100,639,contraction,0.18000,0.020058,0.05001444,61,0.61000,0.43000,0.43000,-1.27730242e-02,0.48374823,Middle,True,1,0.01000,Near,0.05667
KC,100,640,contraction,0.61000,0.007285,0.15432118,7,0.07000,-0.54000,0.54000,-5.05918048e-03,0.78304579,Near,False,7,0.07000,Near,0.26333
KC,100,641,contraction,0.07000,0.002226,0.01805639,96,0.96000,0.89000,0.89000,-6.78049163e-04,0.50765472,Far,True,1,0.01000,Near,0.29333
KC,100,642,rebound,0.96000,0.001548,0.24038688,43,0.43000,-0.53000,0.53000,4.59083555e-02,4.58855623,Middle,False,43,0.43000,Middle,0.09667
KC,100,643,contraction,0.43000,0.047456,0.11936397,73,0.73000,0.30000,0.30000,-2.26838269e-02,0.52845984,Far,True,29,0.29000,Near,0.06333
KC,100,644,rebound,0.73000,0.024772,0.18869301,30,0.30000,-0.43000,0.43000,8.19425811e-03,1.26161783,Near,False,30,0.30000,Near,0.03333
KC,100,645,contraction,0.30000,0.032966,0.08324157,83,0.83000,0.53000,0.53000,-2.03068516e-02,0.47730380,Far,True,12,0.12000,Near,0.16333
KC,100,646,rebound,0.83000,0.012659,0.21066486,51,0.51000,-0.32000,0.32000,2.62553453e-02,1.99490492,Middle,False,51,0.51000,Middle,0.15667
KC,100,647,contraction,0.51000,0.038915,0.13722870,22,0.22000,-0.29000,0.29000,-1.99264550e-02,0.57094574,Near,False,22,0.22000,Near,0.11333
KC,100,648,contraction,0.22000,0.018988,0.05974708,66,0.66000,0.44000,0.44000,-1.30236969e-02,0.50725567,Middle,True,1,0.01000,Near,0.00667
KC,100,649,contraction,0.66000,0.005965,0.16649116,10,0.10000,-0.56000,0.56000,-1.90870762e-03,0.89465097,Near,False,10,0.10000,Near,0.23333
KC,100,650,contraction,0.10000,0.004056,0.02601398,89,0.89000,0.79000,0.79000,-1.12643975e-03,0.69333630,Far,True,1,0.01000,Near,0.22333
KC,100,651,rebound,0.89000,0.002929,0.22323237,40,0.40000,-0.49000,0.49000,3.33471777e-02,2.66947118,Middle,False,40,0.40000,Middle,0.06667
KC,100,652,contraction,0.40000,0.036277,0.10906917,58,0.58000,0.18000,0.18000,-2.50884897e-02,0.51433241,Middle,True,27,0.27000,Near,0.08667
KC,100,653,contraction,0.58000,0.011188,0.14779704,17,0.17000,-0.41000,0.41000,-5.88719837e-03,0.79829648,Near,False,17,0.17000,Near,0.16333
KC,100,654,contraction,0.17000,0.005301,0.04382524,99,0.99000,0.82000,0.82000,-5.11028557e-03,0.50638718,Far,True,1,0.01000,Near,0.32333
KC,100,655,rebound,0.99000,0.000191,0.24754767,48,0.48000,-0.51000,0.51000,4.52659765e-02,11.84307282,Middle,False,48,0.48000,Middle,0.14667
KC,100,656,contraction,0.48000,0.045457,0.13136417,75,0.75000,0.27000,0.27000,-1.19842994e-02,0.67758675,Far,True,32,0.32000,Near,0.08333
KC,100,657,rebound,0.75000,0.033472,0.19586809,33,0.33000,-0.42000,0.42000,6.58319021e-03,1.18130205,Near,False,33,0.33000,Near,0.00333
KC,100,658,contraction,0.33000,0.040056,0.09251389,80,0.80000,0.47000,0.47000,-2.04373968e-02,0.49823237,Far,True,13,0.13000,Near,0.13333
KC,100,659,rebound,0.80000,0.019618,0.20490454,54,0.54000,-0.26000,0.26000,1.62015897e-02,1.46705064,Middle,False,54,0.54000,Middle,0.12667
KC,100,660,contraction,0.54000,0.035820,0.14395494,24,0.24000,-0.30000,0.30000,-1.18754164e-02,0.69499931,Near,False,24,0.24000,Near,0.09333
KC,100,661,contraction,0.24000,0.023944,0.06598608,87,0.87000,0.63000,0.63000,-1.34220033e-02,0.45609099,Far,True,5,0.05000,Near,0.20333
KC,100,662,rebound,0.87000,0.010522,0.22013058,43,0.43000,-0.44000,0.44000,2.61882077e-02,1.96582200,Middle,False,43,0.43000,Middle,0.09667
KC,100,663,contraction,0.43000,0.036711,0.11667764,67,0.67000,0.24000,0.24000,-1.59256576e-02,0.62137352,Far,True,14,0.14000,Near,0.00333
KC,100,664,contraction,0.67000,0.020785,0.17269622,19,0.19000,-0.48000,0.48000,-1.82190886e-03,0.93602891,Near,False,19,0.19000,Near,0.14333
KC,100,665,contraction,0.19000,0.018963,0.05224074,94,0.94000,0.75000,0.75000,-1.23373547e-02,0.38950102,Far,True,1,0.01000,Near,0.27333
KC,100,666,rebound,0.94000,0.006626,0.23665641,51,0.51000,-0.43000,0.43000,4.24359884e-02,3.74945471,Middle,False,51,0.51000,Middle,0.15667
KC,100,667,contraction,0.51000,0.049062,0.13976540,71,0.71000,0.20000,0.20000,-2.14032141e-02,0.59771897,Far,True,34,0.34000,Middle,0.04333
KC,100,668,rebound,0.71000,0.027658,0.18441460,32,0.32000,-0.39000,0.39000,1.13659976e-02,1.40045565,Near,False,32,0.32000,Near,0.01333
KC,100,669,contraction,0.32000,0.039024,0.08975610,82,0.82000,0.50000,0.50000,-2.74718562e-02,0.42585353,Far,True,12,0.12000,Near,0.15333
KC,100,670,rebound,0.82000,0.011553,0.20788813,41,0.41000,-0.41000,0.41000,2.44051468e-02,2.14297117,Middle,False,41,0.41000,Middle,0.07667
KC,100,671,contraction,0.41000,0.035958,0.11148942,61,0.61000,0.20000,0.20000,-2.15872792e-02,0.55237010,Middle,True,15,0.15000,Near,0.05667
KC,100,672,rebound,0.61000,0.014370,0.15609260,16,0.16000,-0.45000,0.45000,1.04709546e-03,1.05253405,Near,False,16,0.16000,Near,0.17333
KC,100,673,contraction,0.16000,0.015417,0.04385437,91,0.91000,0.75000,0.75000,-1.15955861e-02,0.28241540,Far,True,1,0.01000,Near,0.24333
KC,100,674,rebound,0.91000,0.003822,0.22845548,47,0.47000,-0.44000,0.44000,3.19743015e-02,2.42582985,Middle,False,47,0.47000,Middle,0.13667
KC,100,675,contraction,0.47000,0.035796,0.12644905,74,0.74000,0.27000,0.27000,-2.10801530e-02,0.56286660,Far,True,26,0.26000,Near,0.07333
KC,100,676,rebound,0.74000,0.014716,0.18867902,28,0.28000,-0.46000,0.46000,1.67022446e-02,1.83029502,Near,False,28,0.28000,Near,0.05333
KC,100,677,contraction,0.28000,0.031418,0.07785458,57,0.57000,0.29000,0.29000,-2.70600475e-02,0.41355104,Middle,True,8,0.08000,Near,0.09667
KC,100,678,rebound,0.57000,0.004358,0.14358956,9,0.09000,-0.48000,0.48000,2.17861901e-04,1.01887537,Near,False,9,0.09000,Near,0.24333
KC,100,679,contraction,0.09000,0.004576,0.02364403,97,0.97000,0.88000,0.88000,-2.92512224e-03,0.30265678,Far,True,1,0.01000,Near,0.30333
KC,100,680,rebound,0.97000,0.001651,0.24291275,39,0.39000,-0.58000,0.58000,3.97926661e-02,3.28175523,Middle,False,39,0.39000,Middle,0.05667
KC,100,681,contraction,0.39000,0.041444,0.10786092,68,0.68000,0.29000,0.29000,-1.58228214e-02,0.59796158,Far,True,21,0.21000,Near,0.01333
KC,100,682,contraction,0.68000,0.025621,0.17640521,23,0.23000,-0.45000,0.45000,-4.84649083e-03,0.86921174,Near,False,23,0.23000,Near,0.10333
KC,100,683,contraction,0.23000,0.020774,0.06269359,84,0.84000,0.61000,0.61000,-5.34248459e-03,0.61197781,Far,True,1,0.01000,Near,0.17333
KC,100,684,rebound,0.84000,0.015432,0.21385797,50,0.50000,-0.34000,0.34000,2.08249950e-02,1.63803052,Middle,False,50,0.50000,Middle,0.16667
KC,100,685,contraction,0.50000,0.036257,0.13406422,31,0.31000,-0.19000,0.19000,-2.34463650e-02,0.55857709,Near,False,31,0.31000,Near,0.02333
KC,100,686,contraction,0.31000,0.012810,0.08070262,78,0.78000,0.47000,0.47000,-4.59034936e-03,0.75105107,Far,True,2,0.02000,Near,0.11333
KC,100,687,rebound,0.78000,0.008220,0.19705504,59,0.59000,-0.19000,0.19000,5.38418777e-03,1.20805320,Middle,False,59,0.59000,Middle,0.07667
KC,100,688,rebound,0.59000,0.013604,0.15090108,17,0.17000,-0.42000,0.42000,2.01313554e-04,1.00982102,Near,False,17,0.17000,Near,0.16333
KC,100,689,contraction,0.17000,0.013806,0.04595141,93,0.93000,0.76000,0.76000,-1.07323811e-02,0.30822661,Far,True,1,0.01000,Near,0.26333
KC,100,690,rebound,0.93000,0.003073,0.23326832,43,0.43000,-0.50000,0.50000,3.83022069e-02,3.04940589,Middle,False,43,0.43000,Middle,0.09667
KC,100,691,contraction,0.43000,0.041375,0.11784387,70,0.70000,0.27000,0.27000,-2.30064169e-02,0.53625987,Far,True,26,0.26000,Near,0.03333
KC,100,692,rebound,0.70000,0.018369,0.17959226,27,0.27000,-0.43000,0.43000,5.73427780e-03,1.19432609,Near,False,27,0.27000,Near,0.06333
KC,100,693,contraction,0.27000,0.024103,0.07352583,86,0.86000,0.59000,0.59000,-1.86211464e-02,0.43023099,Far,True,5,0.05000,Near,0.19333
KC,100,694,rebound,0.86000,0.005482,0.21637055,52,0.52000,-0.34000,0.34000,3.04365129e-02,2.29134750,Middle,False,52,0.52000,Middle,0.14667
KC,100,695,contraction,0.52000,0.035919,0.13897968,20,0.20000,-0.32000,0.32000,-1.92561463e-02,0.61725897,Near,False,20,0.20000,Near,0.13333
KC,100,696,contraction,0.20000,0.016663,0.05416564,65,0.65000,0.45000,0.45000,-1.31610066e-02,0.48476406,Middle,True,1,0.01000,Near,0.01667
KC,100,697,contraction,0.65000,0.003502,0.16337539,7,0.07000,-0.58000,0.58000,-5.40142771e-04,0.95872181,Near,False,7,0.07000,Near,0.26333
KC,100,698,contraction,0.07000,0.002961,0.01824035,100,1.00000,0.93000,0.93000,-2.96140779e-03,0.33272450,Far,True,1,0.01000,Near,0.33333
KC,200,0,contraction,0.50000,0.250000,0.18750000,116,0.58000,0.08000,0.08000,-3.94750000e-02,0.53734288,Middle,True,93,0.46500,Middle,0.08667
KC,200,1,contraction,0.58000,0.210525,0.19763125,128,0.64000,0.06000,0.06000,-3.00380100e-02,0.60446934,Middle,True,89,0.44500,Middle,0.02667
KC,200,2,contraction,0.64000,0.180487,0.20512175,86,0.43000,-0.21000,0.21000,-1.59338900e-02,0.75981863,Middle,False,86,0.43000,Middle,0.09667
KC,200,3,contraction,0.43000,0.164553,0.14863828,142,0.71000,0.28000,0.28000,-2.07938560e-02,0.59719952,Far,True,76,0.38000,Middle,0.04333
KC,200,4,contraction,0.71000,0.143759,0.21343981,108,0.54000,-0.17000,0.17000,-1.42708240e-02,0.78791829,Middle,False,108,0.54000,Middle,0.12667
KC,200,5,contraction,0.54000,0.129488,0.16737211,153,0.76500,0.22500,0.22500,-1.15490286e-02,0.72533485,Far,True,72,0.36000,Middle,0.09833
KC,200,6,contraction,0.76500,0.117939,0.22073485,76,0.38000,-0.38500,0.38500,-7.27843092e-04,0.98619757,Middle,False,76,0.38000,Middle,0.04667
KC,200,7,contraction,0.38000,0.117212,0.12430289,159,0.79500,0.41500,0.41500,-1.57922856e-02,0.59208038,Far,True,63,0.31500,Near,0.12833
KC,200,8,rebound,0.79500,0.101419,0.22410482,122,0.61000,-0.18500,0.18500,5.85144005e-03,1.12341437,Middle,False,122,0.61000,Middle,0.05667
KC,200,9,contraction,0.61000,0.107271,0.17931768,92,0.46000,-0.15000,0.15000,-1.79813895e-02,0.71240774,Middle,False,92,0.46000,Middle,0.12667
KC,200,10,contraction,0.46000,0.089289,0.13732233,167,0.83500,0.37500,0.37500,-6.11366259e-03,0.75913479,Far,True,58,0.29000,Near,0.16833
KC,200,11,rebound,0.83500,0.083176,0.22954391,135,0.67500,-0.16000,0.16000,7.39495117e-03,1.17285885,Far,False,135,0.67500,Far,0.00833
KC,200,12,contraction,0.67500,0.090571,0.19139265,69,0.34500,-0.33000,0.33000,-1.28665708e-03,0.97111013,Middle,False,69,0.34500,Middle,0.01167
KC,200,13,contraction,0.34500,0.089284,0.10857099,172,0.86000,0.51500,0.51500,-1.85698133e-02,0.48249376,Far,True,53,0.26500,Near,0.19333
KC,200,14,rebound,0.86000,0.070714,0.23267853,105,0.52500,-0.33500,0.33500,2.19556745e-02,1.60872100,Middle,False,105,0.52500,Middle,0.14167
KC,200,15,contraction,0.52500,0.092670,0.15441745,147,0.73500,0.21000,0.21000,-2.09993628e-02,0.59124514,Far,True,82,0.41000,Middle,0.06833
KC,200,16,rebound,0.73500,0.071670,0.20166761,80,0.40000,-0.33500,0.33500,4.64767274e-03,1.10622632,Middle,False,80,0.40000,Middle,0.06667
KC,200,17,contraction,0.40000,0.076318,0.11907953,176,0.88000,0.48000,0.48000,-1.74149603e-02,0.51400704,Far,True,51,0.25500,Near,0.21333
KC,200,18,rebound,0.88000,0.058903,0.23472579,115,0.57500,-0.30500,0.30500,2.53620412e-02,1.80201996,Middle,False,115,0.57500,Middle,0.09167
KC,200,19,contraction,0.57500,0.084265,0.16481630,61,0.30500,-0.27000,0.27000,-1.81562524e-02,0.66167730,Near,False,61,0.30500,Near,0.02833
KC,200,20,contraction,0.30500,0.066109,0.09277724,161,0.80500,0.50000,0.50000,-9.32711030e-03,0.62553226,Far,True,42,0.21000,Near,0.13833
KC,200,21,rebound,0.80500,0.056782,0.21544546,97,0.48500,-0.32000,0.32000,7.77187841e-03,1.16886773,Middle,False,97,0.48500,Middle,0.15167
KC,200,22,contraction,0.48500,0.064554,0.13738843,180,0.90000,0.41500,0.41500,-1.54336088e-02,0.64554157,Far,True,47,0.23500,Near,0.23333
KC,200,23,rebound,0.90000,0.049120,0.23728003,127,0.63500,-0.26500,0.26500,3.20675997e-02,2.43731257,Middle,False,127,0.63500,Middle,0.03167
KC,200,24,contraction,0.63500,0.081188,0.17904693,74,0.37000,-0.26500,0.26500,-8.77650715e-03,0.82657819,Middle,False,74,0.37000,Middle,0.03667
KC,200,25,contraction,0.37000,0.072411,0.11060280,150,0.75000,0.38000,0.38000,-2.02300153e-02,0.52326101,Far,True,47,0.23500,Near,0.08333
KC,200,26,rebound,0.75000,0.052181,0.20054530,90,0.45000,-0.30000,0.30000,2.31087202e-03,1.04883078,Middle,False,90,0.45000,Middle,0.11667
KC,200,27,contraction,0.45000,0.054492,0.12612301,183,0.91500,0.46500,0.46500,-1.24200240e-02,0.57456255,Far,True,45,0.22500,Near,0.24833
KC,200,28,rebound,0.91500,0.042072,0.23926801,112,0.56000,-0.35500,0.35500,3.21882272e-02,2.23127170,Middle,False,112,0.56000,Middle,0.10667
KC,200,29,contraction,0.56000,0.074260,0.15856506,57,0.28500,-0.27500,0.27500,-1.68348532e-02,0.66539008,Near,False,57,0.28500,Near,0.04833
KC,200,30,contraction,0.28500,0.057425,0.08560635,157,0.78500,0.50000,0.50000,-1.00551711e-02,0.62602451,Far,True,36,0.18000,Near,0.11833
KC,200,31,rebound,0.78500,0.047370,0.20809256,131,0.65500,-0.13000,0.13000,4.03082781e-03,1.09445452,Middle,False,131,0.65500,Middle,0.01167
KC,200,32,contraction,0.65500,0.051401,0.17660026,78,0.39000,-0.26500,0.26500,-1.19325931e-03,0.97238239,Middle,False,78,0.39000,Middle,0.05667
KC,200,33,contraction,0.39000,0.050208,0.11005195,186,0.93000,0.54000,0.54000,-1.41146826e-02,0.47819927,Far,True,38,0.19000,Near,0.26333
KC,200,34,rebound,0.93000,0.036093,0.24152328,102,0.51000,-0.42000,0.42000,3.36046724e-02,2.25700474,Middle,False,102,0.51000,Middle,0.15667
KC,200,35,contraction,0.51000,0.069698,0.14492445,142,0.71000,0.20000,0.20000,-2.00996293e-02,0.60014174,Far,True,51,0.25500,Near,0.04333
KC,200,36,rebound,0.71000,0.049598,0.18989954,63,0.31500,-0.39500,0.39500,5.57372219e-03,1.15895529,Near,False,63,0.31500,Near,0.01833
KC,200,37,contraction,0.31500,0.055172,0.09254297,170,0.85000,0.53500,0.53500,-1.50734242e-02,0.45080137,Far,True,37,0.18500,Near,0.18333
KC,200,38,rebound,0.85000,0.040098,0.22252461,93,0.46500,-0.38500,0.38500,1.85633492e-02,1.50450448,Middle,False,93,0.46500,Middle,0.13167
KC,200,39,contraction,0.46500,0.058662,0.13091545,124,0.62000,0.15500,0.15500,-2.14920687e-02,0.59010936,Middle,True,44,0.22000,Near,0.04667
KC,200,40,contraction,0.62000,0.037170,0.16429243,45,0.22500,-0.39500,0.39500,-3.95070934e-03,0.88088901,Near,False,45,0.22500,Near,0.10833
KC,200,41,contraction,0.22500,0.033219,0.06455476,188,0.94000,0.71500,0.71500,-2.63444772e-03,0.70078664,Far,True,18,0.09000,Near,0.27333
KC,200,42,rebound,0.94000,0.030585,0.24264615,110,0.55000,-0.39000,0.39000,2.86698310e-02,2.29123037,Middle,False,110,0.55000,Middle,0.11667
KC,200,43,contraction,0.55000,0.059254,0.15231360,153,0.76500,0.21500,0.21500,-1.24989731e-02,0.68994189,Far,True,72,0.36000,Middle,0.09833
KC,200,44,rebound,0.76500,0.046755,0.20293886,74,0.37000,-0.39500,0.39500,1.33948535e-02,1.39988893,Middle,False,74,0.37000,Middle,0.03667
KC,200,45,contraction,0.37000,0.060150,0.10753757,166,0.83000,0.46000,0.46000,-2.46579161e-02,0.46080283,Far,True,51,0.25500,Near,0.16333
KC,200,46,rebound,0.83000,0.035492,0.21637309,96,0.48000,-0.35000,0.35000,2.06007192e-02,1.62765607,Middle,False,96,0.48000,Middle,0.14667
KC,200,47,contraction,0.48000,0.056093,0.13402327,135,0.67500,0.19500,0.19500,-2.10784841e-02,0.58407006,Far,True,52,0.26000,Near,0.00833
KC,200,48,rebound,0.67500,0.035015,0.17750365,54,0.27000,-0.40500,0.40500,5.66023163e-03,1.19663283,Near,False,54,0.27000,Near,0.06333
KC,200,49,contraction,0.27000,0.040675,0.07766871,181,0.90500,0.63500,0.63500,-1.33116562e-02,0.38164246,Far,True,26,0.13000,Near,0.23833
KC,200,50,rebound,0.90500,0.027363,0.23309080,106,0.53000,-0.37500,0.37500,2.72426651e-02,1.90958977,Middle,False,106,0.53000,Middle,0.13667
KC,200,51,contraction,0.53000,0.054606,0.14615146,68,0.34000,-0.19000,0.19000,-2.00619193e-02,0.62459934,Middle,False,68,0.34000,Middle,0.00667
KC,200,52,contraction,0.34000,0.034544,0.09363598,160,0.80000,0.46000,0.46000,-7.34770302e-03,0.69609135,Far,True,27,0.13500,Near,0.13333
KC,200,53,rebound,0.80000,0.027196,0.20679906,121,0.60500,-0.19500,0.19500,7.89508665e-03,1.19012981,Middle,False,121,0.60500,Middle,0.06167
KC,200,54,contraction,0.60500,0.035091,0.16002283,44,0.22000,-0.38500,0.38500,-4.68199040e-03,0.85691631,Near,False,44,0.22000,Near,0.11333
KC,200,55,contraction,0.22000,0.030409,0.06260233,190,0.95000,0.73000,0.73000,-6.36996895e-03,0.41305426,Far,True,16,0.08000,Near,0.28333
KC,200,56,rebound,0.95000,0.024039,0.24350984,90,0.45000,-0.50000,0.50000,3.69484645e-02,2.59553768,Middle,False,90,0.45000,Middle,0.11667
KC,200,57,contraction,0.45000,0.060988,0.12774696,144,0.72000,0.27000,0.27000,-1.72392180e-02,0.60467333,Far,True,76,0.38000,Middle,0.05333
KC,200,58,contraction,0.72000,0.043749,0.19093715,73,0.36500,-0.35500,0.35500,-1.46746546e-03,0.96790456,Middle,False,73,0.36500,Middle,0.03167
KC,200,59,contraction,0.36500,0.042281,0.10182028,174,0.87000,0.50500,0.50500,-1.31076166e-02,0.54449606,Far,True,31,0.15500,Near,0.20333
KC,200,60,rebound,0.87000,0.029174,0.22479338,113,0.56500,-0.30500,0.30500,2.62254479e-02,1.90527722,Middle,False,113,0.56500,Middle,0.10167
KC,200,61,contraction,0.56500,0.055399,0.15509974,56,0.28000,-0.28500,0.28500,-1.66396348e-02,0.65746511,Near,False,56,0.28000,Near,0.05333
KC,200,62,contraction,0.28000,0.038759,0.07968983,151,0.75500,0.47500,0.47500,-1.22698430e-02,0.55361598,Far,True,25,0.12500,Near,0.08833
KC,200,63,rebound,0.75500,0.026489,0.19537237,95,0.47500,-0.28000,0.28000,4.20604590e-03,1.09448616,Middle,False,95,0.47500,Middle,0.14167
KC,200,64,contraction,0.47500,0.030696,0.12642388,192,0.96000,0.48500,0.48500,-9.62297893e-03,0.59129250,Far,True,32,0.16000,Near,0.29333
KC,200,65,rebound,0.96000,0.021073,0.24526814,126,0.63000,-0.33000,0.33000,4.02655214e-02,3.47863215,Middle,False,126,0.63000,Middle,0.03667
KC,200,66,contraction,0.63000,0.061338,0.17283452,69,0.34500,-0.28500,0.28500,-5.28559347e-03,0.88079905,Middle,False,69,0.34500,Middle,0.01167
KC,200,67,contraction,0.34500,0.056052,0.10026312,163,0.81500,0.47000,0.47000,-2.18634635e-02,0.46107501,Far,True,38,0.19000,Near,0.14833
KC,200,68,rebound,0.81500,0.034189,0.21229726,102,0.51000,-0.30500,0.30500,1.73877402e-02,1.48821058,Middle,False,102,0.51000,Middle,0.15667
KC,200,69,contraction,0.51000,0.051577,0.14039419,46,0.23000,-0.28000,0.28000,-1.78774296e-02,0.59505022,Near,False,46,0.23000,Near,0.10333
KC,200,70,contraction,0.23000,0.033699,0.06592483,178,0.89000,0.66000,0.66000,-8.34841325e-03,0.56598065,Far,True,19,0.09500,Near,0.22333
KC,200,71,rebound,0.89000,0.025351,0.22883773,132,0.66000,-0.23000,0.23000,2.73146904e-02,2.15662010,Middle,False,132,0.66000,Middle,0.00667
KC,200,72,contraction,0.66000,0.052666,0.17816640,81,0.40500,-0.25500,0.25500,-1.67558350e-03,0.96243864,Middle,False,81,0.40500,Middle,0.07167
KC,200,73,contraction,0.40500,0.050990,0.11399751,147,0.73500,0.33000,0.33000,-2.54583017e-02,0.48012397,Far,True,36,0.18000,Near,0.06833
KC,200,74,rebound,0.73500,0.025532,0.19013293,58,0.29000,-0.44500,0.44500,1.00376604e-02,1.35375002,Near,False,58,0.29000,Near,0.04333
KC,200,75,contraction,0.29000,0.035569,0.08139235,185,0.92500,0.63500,0.63500,-1.59956217e-02,0.46789063,Far,True,24,0.12000,Near,0.25833
KC,200,76,rebound,0.92500,0.019574,0.23614344,108,0.54000,-0.38500,0.38500,4.07489334e-02,3.29141700,Middle,False,108,0.54000,Middle,0.12667
KC,200,77,contraction,0.54000,0.060323,0.15008067,74,0.37000,-0.17000,0.17000,-2.47720359e-02,0.59587041,Middle,False,74,0.37000,Middle,0.03667
KC,200,78,contraction,0.37000,0.035551,0.10138767,157,0.78500,0.41500,0.41500,-9.04736194e-03,0.65644327,Far,True,29,0.14500,Near,0.11833
KC,200,79,rebound,0.78500,0.026503,0.20287583,119,0.59500,-0.19000,0.19000,6.96829855e-03,1.17090618,Middle,False,119,0.59500,Middle,0.07167
KC,200,80,contraction,0.59500,0.033472,0.15711790,43,0.21500,-0.38000,0.38000,-3.31854671e-03,0.89135505,Near,False,43,0.21500,Near,0.11833
KC,200,81,contraction,0.21500,0.030153,0.06128826,193,0.96500,0.75000,0.75000,-1.28764175e-02,0.36740206,Far,True,15,0.07500,Near,0.29833
KC,200,82,rebound,0.96500,0.017277,0.24556916,94,0.47000,-0.49500,0.49500,4.38854396e-02,3.58587260,Middle,False,94,0.47000,Middle,0.13667
KC,200,83,contraction,0.47000,0.061162,0.13279052,139,0.69500,0.22500,0.22500,-1.87018463e-02,0.60234467,Far,True,65,0.32500,Near,0.02833
KC,200,84,contraction,0.69500,0.042460,0.18436506,65,0.32500,-0.37000,0.37000,-1.32958698e-03,0.96817241,Near,False,65,0.32500,Near,0.00833
KC,200,85,contraction,0.32500,0.041131,0.09153266,169,0.84500,0.52000,0.52000,-1.12326413e-02,0.52199226,Far,True,27,0.13500,Near,0.17833
KC,200,86,rebound,0.84500,0.029898,0.21872450,105,0.52500,-0.32000,0.32000,1.76528790e-02,1.47850747,Middle,False,105,0.52500,Middle,0.14167
KC,200,87,contraction,0.52500,0.047551,0.14313772,49,0.24500,-0.28000,0.28000,-1.90622699e-02,0.60370529,Near,False,49,0.24500,Near,0.08833
KC,200,88,contraction,0.24500,0.028489,0.06837215,153,0.76500,0.52000,0.52000,-6.89151444e-03,0.64280263,Far,True,16,0.08000,Near,0.09833
KC,200,89,rebound,0.76500,0.021597,0.19664927,84,0.42000,-0.34500,0.34500,4.71735984e-03,1.10948614,Middle,False,84,0.42000,Middle,0.08667
KC,200,90,contraction,0.42000,0.026314,0.11157861,182,0.91000,0.49000,0.49000,-8.31944647e-03,0.59750223,Far,True,23,0.11500,Near,0.24333
KC,200,91,rebound,0.91000,0.017995,0.23199875,122,0.61000,-0.30000,0.30000,3.15884134e-02,2.36387826,Middle,False,122,0.61000,Middle,0.05667
KC,200,92,contraction,0.61000,0.049583,0.16489586,61,0.30500,-0.30500,0.30500,-9.66052092e-03,0.78861448,Near,False,61,0.30500,Near,0.02833
KC,200,93,contraction,0.30500,0.039923,0.08623073,143,0.71500,0.41000,0.41000,-2.02132150e-02,0.47201214,Far,True,27,0.13500,Near,0.04833
KC,200,94,rebound,0.71500,0.019710,0.18367742,38,0.19000,-0.52500,0.52500,2.68345773e-03,1.10682326,Near,False,38,0.19000,Near,0.14333
KC,200,95,contraction,0.19000,0.022393,0.05309829,189,0.94500,0.75500,0.75500,-7.11167251e-03,0.47627529,Far,True,6,0.03000,Near,0.27833
KC,200,96,rebound,0.94500,0.015281,0.24007037,99,0.49500,-0.45000,0.45000,4.56512616e-02,4.17898447,Middle,False,99,0.49500,Middle,0.16167
KC,200,97,contraction,0.49500,0.060933,0.13898318,130,0.65000,0.15500,0.15500,-2.60102328e-02,0.55028705,Middle,True,76,0.38000,Middle,0.01667
KC,200,98,contraction,0.65000,0.034922,0.17123062,71,0.35500,-0.29500,0.29500,-8.33327351e-04,0.97918808,Middle,False,71,0.35500,Middle,0.02167
KC,200,99,contraction,0.35500,0.034089,0.09727229,166,0.83000,0.47500,0.47500,-1.08328834e-02,0.56530536,Far,True,24,0.12000,Near,0.16333
KC,200,100,rebound,0.83000,0.023256,0.21331407,89,0.44500,-0.38500,0.38500,1.25557138e-02,1.33981449,Middle,False,89,0.44500,Middle,0.11167
KC,200,101,contraction,0.44500,0.035812,0.12020300,175,0.87500,0.43000,0.43000,-1.90370137e-02,0.55313136,Far,True,33,0.16500,Near,0.20833
KC,200,102,rebound,0.87500,0.016775,0.22294375,112,0.56000,-0.31500,0.31500,3.14502685e-02,3.64445088,Middle,False,112,0.56000,Middle,0.10667
KC,200,103,contraction,0.56000,0.048225,0.15205631,52,0.26000,-0.30000,0.30000,-9.34050871e-03,0.76149966,Near,False,52,0.26000,Near,0.07333
KC,200,104,contraction,0.26000,0.038885,0.07472119,149,0.74500,0.48500,0.48500,-1.92926451e-02,0.43248977,Far,True,24,0.12000,Near,0.07833
KC,200,105,rebound,0.74500,0.019592,0.19114803,77,0.38500,-0.36000,0.36000,6.01374470e-03,1.15358665,Middle,False,77,0.38500,Middle,0.05167
KC,200,106,contraction,0.38500,0.025606,0.10265146,195,0.97500,0.59000,0.59000,-1.20466409e-02,0.51632597,Far,True,23,0.11500,Near,0.30833
KC,200,107,rebound,0.97500,0.013559,0.24713980,119,0.59500,-0.38000,0.38000,4.53345133e-02,4.44237661,Middle,False,119,0.59500,Middle,0.07167
KC,200,108,contraction,0.59500,0.058894,0.16347343,63,0.31500,-0.28000,0.28000,-1.50059181e-02,0.70558227,Near,False,63,0.31500,Near,0.01833
KC,200,109,contraction,0.31500,0.043888,0.08972195,158,0.79000,0.47500,0.47500,-1.26336374e-02,0.57056951,Far,True,30,0.15000,Near,0.12333
KC,200,110,rebound,0.79000,0.031254,0.20531354,96,0.48000,-0.31000,0.31000,1.14929020e-02,1.28910519,Middle,False,96,0.48000,Middle,0.14667
KC,200,111,contraction,0.48000,0.042747,0.13068677,137,0.68500,0.20500,0.20500,-2.00790369e-02,0.58673465,Far,True,38,0.19000,Near,0.01833
KC,200,112,rebound,0.68500,0.022668,0.17691701,44,0.22000,-0.46500,0.46500,7.70661866e-03,1.35866728,Near,False,44,0.22000,Near,0.11333
KC,200,113,contraction,0.22000,0.030375,0.06259366,180,0.90000,0.68000,0.68000,-1.32605223e-02,0.34661162,Far,True,16,0.08000,Near,0.23333
KC,200,114,rebound,0.90000,0.017114,0.22927853,85,0.42500,-0.47500,0.47500,3.02687611e-02,2.18249504,Middle,False,85,0.42500,Middle,0.09167
KC,200,115,contraction,0.42500,0.047383,0.11809572,127,0.63500,0.21000,0.21000,-2.22210259e-02,0.55358194,Middle,True,32,0.16000,Near,0.03167
KC,200,116,contraction,0.63500,0.025162,0.16504047,54,0.27000,-0.36500,0.36500,-4.39695599e-03,0.88216503,Near,False,54,0.27000,Near,0.06333
KC,200,117,contraction,0.27000,0.020765,0.07269123,171,0.85500,0.58500,0.58500,-6.33432024e-03,0.59849625,Far,True,12,0.06000,Near,0.18833
KC,200,118,rebound,0.85500,0.014431,0.21735765,104,0.52000,-0.33500,0.33500,1.91490198e-02,1.54625034,Middle,False,104,0.52000,Middle,0.14667
KC,200,119,contraction,0.52000,0.033580,0.13839490,33,0.16500,-0.35500,0.35500,-1.68632657e-02,0.61470778,Near,False,33,0.16500,Near,0.16833
KC,200,120,contraction,0.16500,0.016716,0.04542908,191,0.95500,0.79000,0.79000,-3.67626998e-03,0.59408512,Far,True,1,0.00500,Near,0.28833
KC,200,121,rebound,0.95500,0.013040,0.24201002,116,0.58000,-0.37500,0.37500,4.00025299e-02,4.29715449,Middle,False,116,0.58000,Middle,0.08667
KC,200,122,contraction,0.58000,0.053043,0.15826065,73,0.36500,-0.21500,0.21500,-1.28048915e-02,0.74205991,Middle,False,73,0.36500,Middle,0.03167
KC,200,123,contraction,0.36500,0.040238,0.10130943,152,0.76000,0.39500,0.39500,-8.83517602e-03,0.67932613,Far,True,23,0.11500,Near,0.09333
KC,200,124,contraction,0.76000,0.031403,0.19785063,90,0.45000,-0.31000,0.31000,-1.55079393e-03,0.96930265,Middle,False,90,0.45000,Middle,0.11667
KC,200,125,contraction,0.45000,0.029852,0.11996293,163,0.81500,0.36500,0.36500,-1.22335526e-02,0.63150922,Far,True,39,0.19500,Near,0.14833
KC,200,126,rebound,0.81500,0.017618,0.20815455,57,0.28500,-0.53000,0.53000,1.98961131e-02,2.07233050,Near,False,57,0.28500,Near,0.04833
KC,200,127,contraction,0.28500,0.037514,0.08062857,133,0.66500,0.38000,0.38000,-1.82917728e-02,0.49633852,Middle,True,23,0.11500,Near,0.00167
KC,200,128,contraction,0.66500,0.019223,0.17105563,36,0.18000,-0.48500,0.48500,-3.61681418e-03,0.87819444,Near,False,36,0.18000,Near,0.15333
KC,200,129,contraction,0.18000,0.015606,0.04890143,186,0.93000,0.75000,0.75000,-3.79432268e-03,0.46564050,Far,True,1,0.00500,Near,0.26333
KC,200,130,rebound,0.93000,0.011811,0.23545285,101,0.50500,-0.42500,0.42500,3.84949343e-02,2.89049184,Middle,False,101,0.50500,Middle,0.16167
KC,200,131,contraction,0.50500,0.050306,0.13882658,143,0.71500,0.21000,0.21000,-2.42567140e-02,0.55979826,Far,True,70,0.35000,Middle,0.04833
KC,200,132,rebound,0.71500,0.026050,0.18526240,69,0.34500,-0.37000,0.37000,1.14356222e-02,1.38069018,Middle,False,69,0.34500,Middle,0.01167
KC,200,133,contraction,0.34500,0.037485,0.09562131,174,0.87000,0.52500,0.52500,-2.52638856e-02,0.44054978,Far,True,24,0.12000,Near,0.20333
KC,200,134,rebound,0.87000,0.012221,0.22055534,92,0.46000,-0.41000,0.41000,3.14089218e-02,2.69612873,Middle,False,92,0.46000,Middle,0.12667
KC,200,135,contraction,0.46000,0.043630,0.12590757,123,0.61500,0.15500,0.15500,-2.20300811e-02,0.57614031,Middle,True,44,0.22000,Near,0.05167
KC,200,136,rebound,0.61500,0.021600,0.15915005,44,0.22000,-0.39500,0.39500,1.70657306e-03,1.06765975,Near,False,44,0.22000,Near,0.11333
KC,200,137,contraction,0.22000,0.023307,0.06082669,196,0.98000,0.76000,0.76000,-1.24736152e-02,0.35997078,Far,True,9,0.04500,Near,0.31333
KC,200,138,rebound,0.98000,0.010833,0.24770829,109,0.54500,-0.43500,0.43500,4.22290047e-02,4.68026225,Middle,False,109,0.54500,Middle,0.12167
KC,200,139,contraction,0.54500,0.053062,0.14951554,150,0.75000,0.20500,0.20500,-1.57898654e-02,0.65191425,Far,True,65,0.32500,Near,0.08333
KC,200,140,rebound,0.75000,0.037272,0.19681807,74,0.37000,-0.38000,0.38000,1.46969123e-02,1.50249216,Middle,False,74,0.37000,Middle,0.03667
KC,200,141,contraction,0.37000,0.051969,0.10549230,165,0.82500,0.45500,0.45500,-2.82777182e-02,0.43641694,Far,True,37,0.18500,Near,0.15833
KC,200,142,rebound,0.82500,0.023691,0.21217287,87,0.43500,-0.39000,0.39000,2.30436575e-02,2.08404323,Middle,False,87,0.43500,Middle,0.10167
KC,200,143,contraction,0.43500,0.046735,0.12043378,131,0.65500,0.22000,0.22000,-2.20819791e-02,0.55460200,Middle,True,40,0.20000,Near,0.01167
KC,200,144,rebound,0.65500,0.024653,0.16991329,48,0.24000,-0.41500,0.41500,4.81535130e-03,1.19039561,Near,False,48,0.24000,Near,0.09333
KC,200,145,contraction,0.24000,0.029469,0.06736713,183,0.91500,0.67500,0.67500,-1.50842748e-02,0.35349129,Far,True,16,0.08000,Near,0.24833
KC,200,146,rebound,0.91500,0.014384,0.23234606,103,0.51500,-0.40000,0.40000,3.29850034e-02,2.31680690,Middle,False,103,0.51500,Middle,0.15167
KC,200,147,contraction,0.51500,0.047369,0.14059231,62,0.31000,-0.20500,0.20500,-2.11802634e-02,0.59165527,Near,False,62,0.31000,Near,0.02333
KC,200,148,contraction,0.31000,0.026189,0.08404724,156,0.78000,0.47000,0.47000,-6.17423802e-03,0.70134725,Far,True,18,0.09000,Near,0.11333
KC,200,149,rebound,0.78000,0.020015,0.20000368,118,0.59000,-0.19000,0.19000,4.49723385e-03,1.10248084,Middle,False,118,0.59000,Middle,0.07667
KC,200,150,contraction,0.59000,0.024512,0.15362799,37,0.18500,-0.40500,0.40500,-3.71297145e-03,0.86456564,Near,False,37,0.18500,Near,0.14833
KC,200,151,contraction,0.18500,0.020799,0.05144975,194,0.97000,0.78500,0.78500,-9.53425364e-03,0.36094810,Far,True,4,0.02000,Near,0.30333
KC,200,152,rebound,0.97000,0.011265,0.24531619,91,0.45500,-0.51500,0.51500,4.41249787e-02,3.87604489,Middle,False,91,0.45500,Middle,0.12167
KC,200,153,contraction,0.45500,0.055390,0.12759743,140,0.70000,0.24500,0.24500,-1.73833191e-02,0.60782965,Far,True,70,0.35000,Middle,0.03333
KC,200,154,contraction,0.70000,0.038006,0.18450160,68,0.34000,-0.36000,0.36000,-1.07806497e-03,0.97472780,Middle,False,68,0.34000,Middle,0.00667
KC,200,155,contraction,0.34000,0.036928,0.09423208,170,0.85000,0.51000,0.51000,-1.29872425e-02,0.49687275,Far,True,24,0.12000,Near,0.18333
KC,200,156,rebound,0.85000,0.023941,0.21848527,108,0.54000,-0.31000,0.31000,2.04219582e-02,1.60564075,Middle,False,108,0.54000,Middle,0.12667
KC,200,157,contraction,0.54000,0.044363,0.14609076,50,0.25000,-0.29000,0.29000,-1.56657478e-02,0.64356838,Near,False,50,0.25000,Near,0.08333
KC,200,158,contraction,0.25000,0.028697,0.06967433,153,0.76500,0.51500,0.51500,-1.13284535e-02,0.54083046,Far,True,16,0.08000,Near,0.09833
KC,200,159,rebound,0.76500,0.017369,0.19559221,82,0.41000,-0.35500,0.35500,7.00818349e-03,1.17427830,Middle,False,82,0.41000,Middle,0.07667
KC,200,160,contraction,0.41000,0.024377,0.10859426,179,0.89500,0.48500,0.48500,-1.10430092e-02,0.57134887,Far,True,22,0.11000,Near,0.22833
KC,200,161,rebound,0.89500,0.013334,0.22708351,121,0.60500,-0.29000,0.29000,2.96267602e-02,2.30130305,Middle,False,121,0.60500,Middle,0.06167
KC,200,162,contraction,0.60500,0.042961,0.16199020,59,0.29500,-0.31000,0.31000,-7.58519029e-03,0.81748855,Near,False,59,0.29500,Near,0.03833
KC,200,163,contraction,0.29500,0.035376,0.08259390,144,0.72000,0.42500,0.42500,-2.23115654e-02,0.44318295,Far,True,24,0.12000,Near,0.05333
KC,200,164,rebound,0.72000,0.013064,0.18326601,36,0.18000,-0.54000,0.54000,6.59150816e-03,1.35001063,Near,False,36,0.18000,Near,0.15333
KC,200,165,contraction,0.18000,0.019656,0.04991388,189,0.94500,0.76500,0.76500,-9.12015582e-03,0.46089114,Far,True,3,0.01500,Near,0.27833
KC,200,166,rebound,0.94500,0.010535,0.23888385,98,0.49000,-0.45500,0.45500,4.75136652e-02,4.90818741,Middle,False,98,0.49000,Middle,0.15667
KC,200,167,contraction,0.49000,0.058049,0.13701226,129,0.64500,0.15500,0.15500,-2.73309583e-02,0.53587786,Middle,True,75,0.37500,Middle,0.02167
KC,200,168,contraction,0.64500,0.030718,0.16892952,70,0.35000,-0.29500,0.29500,-2.88850209e-05,0.99924897,Middle,False,70,0.35000,Middle,0.01667
KC,200,169,contraction,0.35000,0.030689,0.09517230,166,0.83000,0.48000,0.48000,-1.45301317e-02,0.49971071,Far,True,21,0.10500,Near,0.16333
KC,200,170,rebound,0.83000,0.016159,0.21153977,87,0.43500,-0.39500,0.39500,1.58704115e-02,1.59589688,Middle,False,87,0.43500,Middle,0.10167
KC,200,171,contraction,0.43500,0.032029,0.11675737,31,0.15500,-0.28000,0.28000,-1.81644546e-02,0.53990917,Near,False,31,0.15500,Near,0.17833
KC,200,172,contraction,0.15500,0.013865,0.04221626,176,0.88000,0.72500,0.72500,-4.93552893e-03,0.56608322,Far,True,1,0.00500,Near,0.21333
KC,200,173,rebound,0.88000,0.008930,0.22223238,113,0.56500,-0.31500,0.31500,2.95680423e-02,2.18732014,Middle,False,113,0.56500,Middle,0.10167
KC,200,174,contraction,0.56500,0.038498,0.15087439,56,0.28000,-0.28500,0.28500,-1.53736152e-02,0.67107296,Near,False,56,0.28000,Near,0.05333
KC,200,175,contraction,0.28000,0.023124,0.07578098,149,0.74500,0.46500,0.46500,-1.05423715e-02,0.58106737,Far,True,7,0.03500,Near,0.07833
KC,200,176,rebound,0.74500,0.012582,0.18939539,79,0.39500,-0.35000,0.35000,2.17897254e-03,1.05079154,Middle,False,79,0.39500,Middle,0.06167
KC,200,177,contraction,0.39500,0.014761,0.10244013,197,0.98500,0.59000,0.59000,-6.26185853e-03,0.56309200,Far,True,13,0.06500,Near,0.31833
KC,200,178,rebound,0.98500,0.008499,0.24837467,123,0.61500,-0.37000,0.37000,4.52922213e-02,4.69456208,Middle,False,123,0.61500,Middle,0.05167
KC,200,179,contraction,0.61500,0.053791,0.16719772,65,0.32500,-0.29000,0.29000,-1.25914965e-02,0.75559832,Near,False,65,0.32500,Near,0.00833
KC,200,180,contraction,0.32500,0.041199,0.09154985,159,0.79500,0.47000,0.47000,-1.39258741e-02,0.54720764,Far,True,28,0.14000,Near,0.12833
KC,200,181,rebound,0.79500,0.027274,0.20556838,100,0.50000,-0.29500,0.29500,1.43764159e-02,1.38838720,Middle,False,100,0.50000,Middle,0.16667
KC,200,182,contraction,0.50000,0.041650,0.13541248,41,0.20500,-0.29500,0.29500,-1.86991859e-02,0.56546603,Near,False,41,0.20500,Near,0.12833
KC,200,183,contraction,0.20500,0.022951,0.05698769,184,0.92000,0.71500,0.71500,-7.34770444e-03,0.56508503,Far,True,8,0.04000,Near,0.25333
KC,200,184,rebound,0.92000,0.015603,0.23390076,132,0.66000,-0.26000,0.26000,3.47350026e-02,3.04841326,Middle,False,132,0.66000,Middle,0.00667
KC,200,185,contraction,0.66000,0.050338,0.17758451,83,0.41500,-0.24500,0.24500,-3.11994237e-03,0.93251701,Middle,False,83,0.41500,Middle,0.08167
KC,200,186,contraction,0.41500,0.047218,0.11555453,146,0.73000,0.31500,0.31500,-2.46154866e-02,0.49240537,Far,True,51,0.25500,Near,0.06333
KC,200,187,rebound,0.73000,0.022603,0.18815066,55,0.27500,-0.45500,0.45500,1.07296115e-02,1.41278054,Near,False,55,0.27500,Near,0.05833
KC,200,188,contraction,0.27500,0.033332,0.07708306,172,0.86000,0.58500,0.58500,-1.89632831e-02,0.45175356,Far,True,20,0.10000,Near,0.19333
KC,200,189,rebound,0.86000,0.014369,0.21859224,106,0.53000,-0.33000,0.33000,3.05953024e-02,2.28249797,Middle,False,106,0.53000,Middle,0.13667
KC,200,190,contraction,0.53000,0.044964,0.14374106,69,0.34500,-0.18500,0.18500,-2.10744898e-02,0.60920550,Middle,False,69,0.34500,Middle,0.01167
KC,200,191,contraction,0.34500,0.023890,0.09222244,192,0.96000,0.61500,0.61500,-1.34513885e-02,0.53582745,Far,True,21,0.10500,Near,0.29333
KC,200,192,rebound,0.96000,0.010438,0.24260959,119,0.59500,-0.36500,0.36500,4.53553249e-02,4.97965461,Middle,False,119,0.59500,Middle,0.07167
KC,200,193,contraction,0.59500,0.055794,0.16269842,87,0.43500,-0.16000,0.16000,-1.65546653e-02,0.70766608,Middle,False,87,0.43500,Middle,0.10167
KC,200,194,contraction,0.43500,0.039239,0.11855976,155,0.77500,0.34000,0.34000,-1.05781541e-02,0.66410386,Far,True,37,0.18500,Near,0.10833
KC,200,195,rebound,0.77500,0.028661,0.20091522,50,0.25000,-0.52500,0.52500,1.04921830e-02,1.40671106,Near,False,50,0.25000,Near,0.08333
KC,200,196,contraction,0.25000,0.039153,0.07228827,137,0.68500,0.43500,0.43500,-1.83211919e-02,0.46132648,Far,True,24,0.12000,Near,0.01833
KC,200,197,contraction,0.68500,0.020832,0.17645797,74,0.37000,-0.31500,0.31500,-2.46195816e-03,0.94379511,Middle,False,74,0.37000,Middle,0.03667
KC,200,198,contraction,0.37000,0.018370,0.09709248,180,0.90000,0.53000,0.53000,-5.65395975e-03,0.63197749,Far,True,18,0.09000,Near,0.23333
KC,200,199,rebound,0.90000,0.012716,0.22817899,103,0.51500,-0.38500,0.38500,2.77452872e-02,2.03405202,Middle,False,103,0.51500,Middle,0.15167
KC,200,200,contraction,0.51500,0.040461,0.13886531,38,0.19000,-0.32500,0.32500,-1.77343390e-02,0.58476569,Near,False,38,0.19000,Near,0.14333
KC,200,201,contraction,0.19000,0.022727,0.05318173,163,0.81500,0.62500,0.62500,-6.17414161e-03,0.56718668,Far,True,7,0.03500,Near,0.14833
KC,200,202,rebound,0.81500,0.016553,0.20788819,115,0.57500,-0.24000,0.24000,1.33674530e-02,1.35899346,Middle,False,115,0.57500,Middle,0.09167
KC,200,203,contraction,0.57500,0.029920,0.15123005,61,0.30500,-0.27000,0.27000,-8.06614910e-03,0.80043246,Near,False,61,0.30500,Near,0.02833
KC,200,204,contraction,0.30500,0.021854,0.08171352,195,0.97500,0.67000,0.67000,-1.36092623e-02,0.47306801,Far,True,11,0.05500,Near,0.30833
KC,200,205,rebound,0.97500,0.008245,0.24581120,128,0.64000,-0.33500,0.33500,4.45368783e-02,5.71834220,Middle,False,128,0.64000,Middle,0.02667
KC,200,206,contraction,0.64000,0.052782,0.17319542,82,0.41000,-0.23000,0.23000,-4.94487556e-03,0.89474108,Middle,False,82,0.41000,Middle,0.07667
KC,200,207,contraction,0.41000,0.047837,0.11445920,150,0.75000,0.34000,0.34000,-2.01481543e-02,0.52057926,Far,True,42,0.21000,Near,0.08333
KC,200,208,rebound,0.75000,0.027689,0.19442216,52,0.26000,-0.49000,0.49000,8.34896019e-03,1.29859816,Near,False,52,0.26000,Near,0.07333
KC,200,209,contraction,0.26000,0.036038,0.07400940,170,0.85000,0.59000,0.59000,-1.74113644e-02,0.45266409,Far,True,22,0.11000,Near,0.18333
KC,200,210,rebound,0.85000,0.018626,0.21715656,98,0.49000,-0.36000,0.36000,2.93262200e-02,2.17680974,Middle,False,98,0.49000,Middle,0.15667
KC,200,211,contraction,0.49000,0.047952,0.13448812,134,0.67000,0.18000,0.18000,-2.67543612e-02,0.54102461,Far,True,37,0.18500,Near,0.00333
KC,200,212,rebound,0.67000,0.021198,0.17279953,64,0.32000,-0.35000,0.35000,6.90191929e-03,1.31259031,Near,False,64,0.32000,Near,0.01333
KC,200,213,contraction,0.32000,0.028100,0.08702501,187,0.93500,0.61500,0.61500,-1.61131130e-02,0.40739454,Far,True,22,0.11000,Near,0.26833
KC,200,214,rebound,0.93500,0.011987,0.23674673,108,0.54000,-0.39500,0.39500,3.69638425e-02,3.13476474,Middle,False,108,0.54000,Middle,0.12667
KC,200,215,contraction,0.54000,0.048951,0.14723769,45,0.22500,-0.31500,0.31500,-1.79741287e-02,0.63924867,Near,False,45,0.22500,Near,0.10833
KC,200,216,contraction,0.22500,0.030977,0.06399416,157,0.78500,0.56000,0.56000,-8.65064750e-03,0.56546484,Far,True,16,0.08000,Near,0.11833
KC,200,217,rebound,0.78500,0.022326,0.20183149,86,0.43000,-0.35500,0.35500,1.14674136e-02,1.30275355,Middle,False,86,0.43000,Middle,0.09667
KC,200,218,contraction,0.43000,0.033793,0.11594835,141,0.70500,0.27500,0.27500,-2.08561205e-02,0.54961647,Far,True,26,0.13000,Near,0.03833
KC,200,219,rebound,0.70500,0.012937,0.17948432,36,0.18000,-0.52500,0.52500,6.78408310e-03,1.37495456,Near,False,36,0.18000,Near,0.15333
KC,200,220,contraction,0.18000,0.019721,0.04993034,178,0.89000,0.71000,0.71000,-1.01942139e-02,0.38685155,Far,True,3,0.01500,Near,0.22333
KC,200,221,rebound,0.89000,0.009527,0.22488178,95,0.47500,-0.41500,0.41500,3.27733306e-02,2.50215407,Middle,False,95,0.47500,Middle,0.14167
KC,200,222,contraction,0.47500,0.042300,0.12932512,122,0.61000,0.13500,0.13500,-2.35207804e-02,0.56744194,Middle,True,60,0.30000,Near,0.05667
KC,200,223,rebound,0.61000,0.018780,0.15719492,56,0.28000,-0.33000,0.33000,7.27750535e-05,1.00230172,Near,False,56,0.28000,Near,0.05333
KC,200,224,contraction,0.28000,0.018852,0.07471312,197,0.98500,0.70500,0.70500,-1.19463995e-02,0.41295130,Far,True,8,0.04000,Near,0.31833
KC,200,225,rebound,0.98500,0.006906,0.24797652,111,0.55500,-0.43000,0.43000,4.13081875e-02,6.04251907,Middle,False,111,0.55500,Middle,0.11167
KC,200,226,contraction,0.55500,0.048214,0.15080356,152,0.76000,0.20500,0.20500,-1.42794645e-02,0.69388489,Far,True,72,0.36000,Middle,0.09333
KC,200,227,rebound,0.76000,0.033935,0.19848370,72,0.36000,-0.40000,0.40000,1.78466312e-02,1.64713670,Middle,False,72,0.36000,Middle,0.02667
KC,200,228,contraction,0.36000,0.051781,0.10294535,167,0.83500,0.47500,0.47500,-2.87265247e-02,0.42573709,Far,True,39,0.19500,Near,0.16833
KC,200,229,rebound,0.83500,0.023055,0.21451372,89,0.44500,-0.39000,0.39000,2.56290122e-02,2.14720545,Middle,False,89,0.44500,Middle,0.11167
KC,200,230,contraction,0.44500,0.048684,0.12342098,131,0.65500,0.21000,0.21000,-2.28918577e-02,0.55100201,Middle,True,42,0.21000,Near,0.01167
KC,200,231,rebound,0.65500,0.025792,0.17019801,46,0.23000,-0.42500,0.42500,4.91565156e-03,1.20242706,Near,False,46,0.23000,Near,0.10333
KC,200,232,contraction,0.23000,0.030708,0.06517693,183,0.91500,0.68500,0.68500,-1.69975462e-02,0.34431096,Far,True,16,0.08000,Near,0.24833
KC,200,233,rebound,0.91500,0.013710,0.23217754,102,0.51000,-0.40500,0.40500,3.48092409e-02,2.50088756,Middle,False,102,0.51000,Middle,0.15667
KC,200,234,contraction,0.51000,0.048519,0.13962985,63,0.31500,-0.19500,0.19500,-2.17607341e-02,0.58507614,Near,False,63,0.31500,Near,0.01833
KC,200,235,contraction,0.31500,0.026759,0.08543967,147,0.73500,0.42000,0.42000,-6.94775822e-03,0.70728289,Far,True,18,0.09000,Near,0.06833
KC,200,236,contraction,0.73500,0.019811,0.18870273,34,0.17000,-0.56500,0.56500,-2.66732990e-03,0.91410764,Near,False,34,0.17000,Near,0.16333
KC,200,237,contraction,0.17000,0.017144,0.04678589,173,0.86500,0.69500,0.69500,-5.28965088e-03,0.54386674,Far,True,1,0.00500,Near,0.19833
KC,200,238,rebound,0.86500,0.011854,0.21921348,114,0.57000,-0.29500,0.29500,2.91907880e-02,2.19299465,Middle,False,114,0.57000,Middle,0.09667
KC,200,239,contraction,0.57000,0.041045,0.15276118,77,0.38500,-0.18500,0.18500,-1.36063000e-02,0.72735792,Middle,False,77,0.38500,Middle,0.05167
KC,200,240,contraction,0.38500,0.027438,0.10310960,190,0.95000,0.56500,0.56500,-1.80297953e-02,0.50728209,Far,True,19,0.09500,Near,0.28333
KC,200,241,rebound,0.95000,0.009409,0.23985215,125,0.62500,-0.32500,0.32500,4.19222080e-02,4.31702595,Middle,False,125,0.62500,Middle,0.04167
KC,200,242,contraction,0.62500,0.051331,0.16908271,59,0.29500,-0.33000,0.33000,-6.76404972e-03,0.84283662,Near,False,59,0.29500,Near,0.03833
KC,200,243,contraction,0.29500,0.044567,0.08489169,156,0.78000,0.48500,0.48500,-1.82533308e-02,0.47575671,Far,True,27,0.13500,Near,0.11333
KC,200,244,rebound,0.78000,0.026313,0.20157836,93,0.46500,-0.31500,0.31500,1.46993292e-02,1.41518929,Middle,False,93,0.46500,Middle,0.13167
KC,200,245,contraction,0.46500,0.041013,0.12650319,38,0.19000,-0.27500,0.27500,-2.29967014e-02,0.52002530,Near,False,38,0.19000,Near,0.14333
KC,200,246,contraction,0.19000,0.018016,0.05200402,164,0.82000,0.63000,0.63000,-6.35128548e-03,0.61098156,Far,True,2,0.01000,Near,0.15333
KC,200,247,rebound,0.82000,0.011665,0.20791620,107,0.53500,-0.28500,0.28500,1.68170161e-02,1.48240949,Middle,False,107,0.53500,Middle,0.13167
KC,200,248,contraction,0.53500,0.028482,0.14087045,52,0.26000,-0.27500,0.27500,-1.53262810e-02,0.66848344,Near,False,52,0.26000,Near,0.07333
KC,200,249,contraction,0.26000,0.013156,0.06828888,193,0.96500,0.70500,0.70500,-5.89747255e-03,0.60263413,Far,True,1,0.00500,Near,0.29833
KC,200,250,rebound,0.96500,0.007258,0.24306451,133,0.66500,-0.30000,0.30000,4.34161838e-02,5.50308653,Middle,False,133,0.66500,Middle,0.00167
KC,200,251,contraction,0.66500,0.050674,0.17891856,81,0.40500,-0.26000,0.26000,-2.77786133e-03,0.93947060,Middle,False,81,0.40500,Middle,0.07167
KC,200,252,contraction,0.40500,0.047896,0.11322409,145,0.72500,0.32000,0.32000,-2.42885641e-02,0.48652850,Far,True,32,0.16000,Near,0.05833
KC,200,253,rebound,0.72500,0.023608,0.18715195,63,0.31500,-0.41000,0.41000,7.22283059e-03,1.23147918,Near,False,63,0.31500,Near,0.01833
KC,200,254,contraction,0.31500,0.030831,0.08645766,176,0.88000,0.56500,0.56500,-1.59481397e-02,0.47751489,Far,True,22,0.11000,Near,0.21333
KC,200,255,rebound,0.88000,0.014882,0.22372062,101,0.50500,-0.37500,0.37500,3.16385114e-02,2.30274414,Middle,False,101,0.50500,Middle,0.16167
KC,200,256,contraction,0.50500,0.046521,0.13788025,42,0.21000,-0.29500,0.29500,-2.23739196e-02,0.57118073,Near,False,42,0.21000,Near,0.12333
KC,200,257,contraction,0.21000,0.024147,0.05853677,153,0.76500,0.55500,0.55500,-9.36088300e-03,0.56117398,Far,True,10,0.05000,Near,0.09833
KC,200,258,rebound,0.76500,0.014786,0.19494655,116,0.58000,-0.18500,0.18500,8.60449175e-03,1.22185808,Middle,False,116,0.58000,Middle,0.08667
KC,200,259,contraction,0.58000,0.023391,0.15084767,69,0.34500,-0.23500,0.23500,-7.73137117e-03,0.81546117,Middle,False,69,0.34500,Middle,0.01167
KC,200,260,contraction,0.34500,0.015659,0.09016483,186,0.93000,0.58500,0.58500,-8.21386724e-03,0.46073535,Far,True,13,0.06500,Near,0.26333
KC,200,261,rebound,0.93000,0.007445,0.23436136,91,0.45500,-0.47500,0.47500,3.04305204e-02,2.78620035,Middle,False,91,0.45500,Middle,0.12167
KC,200,262,contraction,0.45500,0.037876,0.12321899,138,0.69000,0.23500,0.23500,-1.69012878e-02,0.61199928,Far,True,33,0.16500,Near,0.02333
KC,200,263,rebound,0.69000,0.020975,0.17774367,48,0.24000,-0.45000,0.45000,5.47518905e-03,1.21356324,Near,False,48,0.24000,Near,0.09333
KC,200,264,contraction,0.24000,0.026450,0.06661247,169,0.84500,0.60500,0.60500,-1.64221677e-02,0.38078547,Far,True,14,0.07000,Near,0.17833
KC,200,265,rebound,0.84500,0.010028,0.21375693,105,0.52500,-0.32000,0.32000,2.24068997e-02,1.76992137,Middle,False,105,0.52500,Middle,0.14167
KC,200,266,contraction,0.52500,0.032435,0.13935865,34,0.17000,-0.35500,0.35500,-1.51964737e-02,0.65583934,Near,False,34,0.17000,Near,0.16333
KC,200,267,contraction,0.17000,0.017238,0.04680953,198,0.99000,0.82000,0.82000,-1.14753532e-02,0.42179523,Far,True,1,0.00500,Near,0.32333
KC,200,268,rebound,0.99000,0.005763,0.24894070,123,0.61500,-0.37500,0.37500,5.35257997e-02,12.46797822,Middle,False,123,0.61500,Middle,0.05167
KC,200,269,contraction,0.61500,0.059289,0.16857215,77,0.38500,-0.23000,0.23000,-8.66963353e-03,0.82185765,Middle,False,77,0.38500,Middle,0.05167
KC,200,270,contraction,0.38500,0.050619,0.10890474,158,0.79000,0.40500,0.40500,-1.95699337e-02,0.51292573,Far,True,56,0.28000,Near,0.12333
KC,200,271,rebound,0.79000,0.031049,0.20526225,94,0.47000,-0.32000,0.32000,1.06742938e-02,1.31033368,Middle,False,94,0.47000,Middle,0.13667
KC,200,272,contraction,0.47000,0.041723,0.12793083,51,0.25500,-0.21500,0.21500,-1.92521196e-02,0.57310217,Near,False,51,0.25500,Near,0.07833
KC,200,273,contraction,0.25500,0.022471,0.06936780,179,0.89500,0.64000,0.64000,-4.99635408e-03,0.68054394,Far,True,11,0.05500,Near,0.22833
KC,200,274,rebound,0.89500,0.017475,0.22811871,130,0.65000,-0.24500,0.24500,2.86768436e-02,2.26067463,Middle,False,130,0.65000,Middle,0.01667
KC,200,275,contraction,0.65000,0.046152,0.17403792,70,0.35000,-0.30000,0.30000,-7.01865816e-03,0.84997514,Middle,False,70,0.35000,Middle,0.01667
KC,200,276,contraction,0.35000,0.039133,0.09728326,148,0.74000,0.39000,0.39000,-1.77086259e-02,0.51812159,Far,True,27,0.13500,Near,0.07333
KC,200,277,rebound,0.74000,0.021424,0.19035610,100,0.50000,-0.24000,0.24000,4.62275949e-03,1.14226380,Middle,False,100,0.50000,Middle,0.16667
KC,200,278,contraction,0.50000,0.026047,0.13151179,35,0.17500,-0.32500,0.32500,-9.41716304e-03,0.68284222,Near,False,35,0.17500,Near,0.15833
KC,200,279,contraction,0.17500,0.016630,0.04790750,188,0.94000,0.76500,0.76500,-6.53744689e-03,0.42665235,Far,True,1,0.00500,Near,0.27333
KC,200,280,rebound,0.94000,0.010093,0.23752314,115,0.57500,-0.36500,0.36500,3.40668417e-02,2.43497927,Middle,False,115,0.57500,Middle,0.09167
KC,200,281,contraction,0.57500,0.044159,0.15478985,62,0.31000,-0.26500,0.26500,-1.29913253e-02,0.72262942,Near,False,62,0.31000,Near,0.02333
KC,200,282,contraction,0.31000,0.031168,0.08529202,163,0.81500,0.50500,0.50500,-8.96173660e-03,0.59324235,Far,True,17,0.08500,Near,0.14833
KC,200,283,rebound,0.81500,0.022206,0.20930158,86,0.43000,-0.38500,0.38500,1.19345981e-02,1.30317621,Middle,False,86,0.43000,Middle,0.09667
KC,200,284,contraction,0.43000,0.034141,0.11603523,140,0.70000,0.27000,0.27000,-1.63596814e-02,0.60105254,Far,True,27,0.13500,Near,0.03333
KC,200,285,rebound,0.70000,0.017781,0.17944531,44,0.22000,-0.48000,0.48000,4.72818997e-03,1.18502534,Near,False,44,0.22000,Near,0.11333
KC,200,286,contraction,0.22000,0.022509,0.06062736,174,0.87000,0.65000,0.65000,-1.35231195e-02,0.38620077,Far,True,8,0.04000,Near,0.20333
KC,200,287,rebound,0.87000,0.008986,0.21974658,104,0.52000,-0.35000,0.35000,2.83241358e-02,2.06847627,Middle,False,104,0.52000,Middle,0.14667
KC,200,288,contraction,0.52000,0.037310,0.13932761,66,0.33000,-0.19000,0.19000,-1.93463878e-02,0.61851541,Near,False,66,0.33000,Near,0.00333
KC,200,289,contraction,0.33000,0.017964,0.08699102,194,0.97000,0.64000,0.64000,-1.09505485e-02,0.55452560,Far,True,13,0.06500,Near,0.30333
KC,200,290,rebound,0.97000,0.007014,0.24425338,125,0.62500,-0.34500,0.34500,4.70082606e-02,6.02038492,Middle,False,125,0.62500,Middle,0.04167
KC,200,291,contraction,0.62500,0.054022,0.16975544,80,0.40000,-0.22500,0.22500,-1.21007217e-02,0.77139039,Middle,False,80,0.40000,Middle,0.06667
KC,200,292,contraction,0.40000,0.041921,0.11048026,153,0.76500,0.36500,0.36500,-1.40341487e-02,0.59086845,Far,True,34,0.17000,Near,0.09833
KC,200,293,rebound,0.76500,0.027887,0.19822173,52,0.26000,-0.50500,0.50500,7.35361502e-03,1.24653027,Near,False,52,0.26000,Near,0.07333
KC,200,294,contraction,0.26000,0.035241,0.07381013,135,0.67500,0.41500,0.41500,-1.79967183e-02,0.48549273,Far,True,22,0.11000,Near,0.00833
KC,200,295,contraction,0.67500,0.017244,0.17306095,93,0.46500,-0.21000,0.21000,-1.93808666e-03,0.95692310,Middle,False,93,0.46500,Middle,0.13167
KC,200,296,contraction,0.46500,0.015306,0.12007643,182,0.91000,0.44500,0.44500,-3.49196449e-03,0.74492407,Far,True,23,0.11500,Near,0.24333
KC,200,297,rebound,0.91000,0.011814,0.23045344,69,0.34500,-0.56500,0.56500,2.73899942e-02,3.05449649,Middle,False,69,0.34500,Middle,0.01167
KC,200,298,contraction,0.34500,0.039204,0.09605094,160,0.80000,0.45500,0.45500,-1.89975725e-02,0.53974070,Far,True,30,0.15000,Near,0.13333
KC,200,299,rebound,0.80000,0.020206,0.20505154,109,0.54500,-0.25500,0.25500,1.91564298e-02,1.60612772,Middle,False,109,0.54500,Middle,0.12167
KC,200,300,contraction,0.54500,0.039363,0.14609065,41,0.20500,-0.34000,0.34000,-1.25407661e-02,0.66961157,Near,False,41,0.20500,Near,0.12833
KC,200,301,contraction,0.20500,0.026822,0.05795546,171,0.85500,0.65000,0.65000,-1.83029744e-02,0.38935648,Far,True,11,0.05500,Near,0.18833
KC,200,302,rebound,0.85500,0.008519,0.21587972,87,0.43500,-0.42000,0.42000,2.84372868e-02,2.17071974,Middle,False,87,0.43500,Middle,0.10167
KC,200,303,contraction,0.43500,0.036956,0.11798904,129,0.64500,0.21000,0.21000,-1.98951867e-02,0.57666642,Middle,True,27,0.13500,Near,0.02167
KC,200,304,contraction,0.64500,0.017061,0.16551524,50,0.25000,-0.39500,0.39500,-2.16309407e-04,0.99307819,Near,False,50,0.25000,Near,0.08333
KC,200,305,contraction,0.25000,0.016845,0.06671116,196,0.98000,0.73000,0.73000,-1.09956023e-02,0.40945409,Far,True,6,0.03000,Near,0.31333
KC,200,306,rebound,0.98000,0.005849,0.24646226,114,0.57000,-0.41000,0.41000,4.45995354e-02,4.84417808,Middle,False,114,0.57000,Middle,0.09667
KC,200,307,contraction,0.57000,0.050449,0.15511215,73,0.36500,-0.20500,0.20500,-1.60016483e-02,0.69350413,Middle,False,73,0.36500,Middle,0.03167
KC,200,308,contraction,0.36500,0.034447,0.09986173,149,0.74500,0.38000,0.38000,-8.29757278e-03,0.69691833,Far,True,25,0.12500,Near,0.07833
KC,200,309,contraction,0.74500,0.026149,0.19278734,43,0.21500,-0.53000,0.53000,-2.10847577e-03,0.94612418,Near,False,43,0.21500,Near,0.11833
KC,200,310,contraction,0.21500,0.024041,0.05976022,167,0.83500,0.62000,0.62000,-8.56338932e-03,0.51513895,Far,True,10,0.05000,Near,0.16833
KC,200,311,rebound,0.83500,0.015477,0.21261937,98,0.49000,-0.34500,0.34500,2.48643749e-02,1.87955687,Middle,False,98,0.49000,Middle,0.15667
KC,200,312,contraction,0.49000,0.040342,0.13258547,137,0.68500,0.19500,0.19500,-2.43484986e-02,0.55161972,Far,True,60,0.30000,Near,0.01833
KC,200,313,rebound,0.68500,0.015993,0.17524834,60,0.30000,-0.38500,0.38500,9.28524860e-03,1.34486186,Near,False,60,0.30000,Near,0.03333
KC,200,314,contraction,0.30000,0.025279,0.08131966,185,0.92500,0.62500,0.62500,-1.50541121e-02,0.39054595,Far,True,16,0.08000,Near,0.25833
KC,200,315,rebound,0.92500,0.010225,0.23380613,90,0.45000,-0.47500,0.47500,3.44649425e-02,2.49625100,Middle,False,90,0.45000,Middle,0.11667
KC,200,316,contraction,0.45000,0.044689,0.12367236,123,0.61500,0.16500,0.16500,-2.16804637e-02,0.57525324,Middle,True,35,0.17500,Near,0.05167
KC,200,317,contraction,0.61500,0.023009,0.15950225,37,0.18500,-0.43000,0.43000,-2.14452034e-03,0.91901887,Near,False,37,0.18500,Near,0.14833
KC,200,318,contraction,0.18500,0.020864,0.05146612,177,0.88500,0.70000,0.70000,-1.03501108e-02,0.44720795,Far,True,4,0.02000,Near,0.21833
KC,200,319,rebound,0.88500,0.010514,0.22387859,79,0.39500,-0.49000,0.49000,2.71025966e-02,2.04762256,Middle,False,79,0.39500,Middle,0.06167
KC,200,320,contraction,0.39500,0.037617,0.10815424,145,0.72500,0.33000,0.33000,-1.59862850e-02,0.57712753,Far,True,23,0.11500,Near,0.05833
KC,200,321,rebound,0.72500,0.021631,0.18665767,54,0.27000,-0.45500,0.45500,2.42225959e-03,1.07048015,Near,False,54,0.27000,Near,0.06333
KC,200,322,contraction,0.27000,0.024053,0.07351323,158,0.79000,0.52000,0.52000,-1.61663103e-02,0.52010319,Far,True,12,0.06000,Near,0.12333
KC,200,323,rebound,0.79000,0.007887,0.19947165,104,0.52000,-0.27000,0.27000,1.99510160e-02,1.66866793,Middle,False,104,0.52000,Middle,0.14667
KC,200,324,contraction,0.52000,0.027838,0.13695941,29,0.14500,-0.37500,0.37500,-1.54851615e-02,0.60414541,Near,False,29,0.14500,Near,0.18833
KC,200,325,contraction,0.14500,0.012352,0.03933812,191,0.95500,0.81000,0.81000,-6.34329383e-03,0.34502686,Far,True,1,0.00500,Near,0.28833
KC,200,326,rebound,0.95500,0.006009,0.24025229,116,0.58000,-0.37500,0.37500,4.20637758e-02,3.58191848,Middle,False,116,0.58000,Middle,0.08667
KC,200,327,contraction,0.58000,0.048073,0.15701824,70,0.35000,-0.23000,0.23000,-1.17073740e-02,0.75476733,Middle,False,70,0.35000,Middle,0.01667
KC,200,328,contraction,0.35000,0.036366,0.09659140,152,0.76000,0.41000,0.41000,-2.02936581e-02,0.50050880,Far,True,19,0.09500,Near,0.09333
KC,200,329,rebound,0.76000,0.016072,0.19401798,87,0.43500,-0.32500,0.32500,9.36339103e-03,1.31571788,Middle,False,87,0.43500,Middle,0.10167
KC,200,330,contraction,0.43500,0.025435,0.11510883,35,0.17500,-0.26000,0.26000,-1.64289263e-02,0.54901171,Near,False,35,0.17500,Near,0.15833
KC,200,331,contraction,0.17500,0.009006,0.04600160,180,0.90000,0.72500,0.72500,-2.28232238e-03,0.69624435,Far,True,1,0.00500,Near,0.23333
KC,200,332,rebound,0.90000,0.006724,0.22668102,127,0.63500,-0.26500,0.26500,2.87191847e-02,2.22404752,Middle,False,127,0.63500,Middle,0.03167
KC,200,333,contraction,0.63500,0.035443,0.16761081,62,0.31000,-0.32500,0.32500,-6.19094163e-03,0.85333967,Near,False,62,0.31000,Near,0.02333
KC,200,334,contraction,0.31000,0.029252,0.08481308,164,0.82000,0.51000,0.51000,-2.01214651e-02,0.45920902,Far,True,14,0.07000,Near,0.15333
KC,200,335,rebound,0.82000,0.009131,0.20728271,98,0.49000,-0.33000,0.33000,2.41350333e-02,1.87313960,Middle,False,98,0.49000,Middle,0.15667
KC,200,336,contraction,0.49000,0.033266,0.13081647,42,0.21000,-0.28000,0.28000,-1.91449085e-02,0.54876805,Near,False,42,0.21000,Near,0.12333
KC,200,337,contraction,0.21000,0.014121,0.05603024,198,0.99000,0.78000,0.78000,-9.38748650e-03,0.50781618,Far,True,1,0.00500,Near,0.32333
KC,200,338,rebound,0.99000,0.004733,0.24868337,119,0.59500,-0.39500,0.39500,5.16812809e-02,14.28055458,Middle,False,119,0.59500,Middle,0.07167
KC,200,339,contraction,0.59500,0.056415,0.16285369,78,0.39000,-0.20500,0.20500,-1.55083994e-02,0.71488296,Middle,False,78,0.39000,Middle,0.05667
KC,200,340,contraction,0.39000,0.040906,0.10772659,143,0.71500,0.32500,0.32500,-1.14633561e-02,0.65764695,Far,True,28,0.14000,Near,0.04833
KC,200,341,contraction,0.71500,0.029443,0.18611075,53,0.26500,-0.45000,0.45000,-3.24361872e-03,0.91871828,Near,False,53,0.26500,Near,0.06833
KC,200,342,contraction,0.26500,0.026199,0.07279985,170,0.85000,0.58500,0.58500,-8.16058921e-03,0.53451776,Far,True,14,0.07000,Near,0.18333
KC,200,343,rebound,0.85000,0.018039,0.21700970,105,0.52500,-0.32500,0.32500,2.22900124e-02,1.70035396,Middle,False,105,0.52500,Middle,0.14167
KC,200,344,contraction,0.52500,0.040329,0.14133220,36,0.18000,-0.34500,0.34500,-2.14155482e-02,0.59391237,Near,False,36,0.18000,Near,0.15333
KC,200,345,contraction,0.18000,0.018913,0.04972832,154,0.77000,0.59000,0.59000,-5.32913806e-03,0.63455517,Far,True,2,0.01000,Near,0.10333
KC,200,346,rebound,0.77000,0.013584,0.19589603,84,0.42000,-0.35000,0.35000,1.11369640e-02,1.30444477,Middle,False,84,0.42000,Middle,0.08667
KC,200,347,contraction,0.42000,0.024721,0.11118027,187,0.93500,0.51500,0.51500,-1.46975463e-02,0.55036769,Far,True,16,0.08000,Near,0.26833
KC,200,348,rebound,0.93500,0.010024,0.23625589,114,0.57000,-0.36500,0.36500,3.91357666e-02,3.37142716,Middle,False,114,0.57000,Middle,0.09667
KC,200,349,contraction,0.57000,0.049159,0.15478983,63,0.31500,-0.25500,0.25500,-1.27884680e-02,0.72528990,Near,False,63,0.31500,Near,0.01833
KC,200,350,contraction,0.31500,0.036371,0.08784271,138,0.69000,0.37500,0.37500,-1.60896225e-02,0.54155331,Far,True,23,0.11500,Near,0.02333
KC,200,351,contraction,0.69000,0.020281,0.17757030,41,0.20500,-0.48500,0.48500,-2.72917793e-03,0.91590180,Near,False,41,0.20500,Near,0.12833
KC,200,352,contraction,0.20500,0.017552,0.05563801,175,0.87500,0.67000,0.67000,-6.65152368e-03,0.48789924,Far,True,3,0.01500,Near,0.20833
KC,200,353,rebound,0.87500,0.010901,0.22147513,94,0.47000,-0.40500,0.40500,2.89913010e-02,2.10761447,Middle,False,94,0.47000,Middle,0.13667
KC,200,354,contraction,0.47000,0.039892,0.12747295,130,0.65000,0.18000,0.18000,-2.36009287e-02,0.55391954,Middle,True,55,0.27500,Near,0.01667
KC,200,355,rebound,0.65000,0.016291,0.16657272,54,0.27000,-0.38000,0.38000,2.26690266e-03,1.07574190,Near,False,54,0.27000,Near,0.06333
KC,200,356,contraction,0.27000,0.018558,0.07213945,192,0.96000,0.69000,0.69000,-1.19830647e-02,0.44092697,Far,True,9,0.04500,Near,0.29333
KC,200,357,rebound,0.96000,0.006575,0.24164368,103,0.51500,-0.44500,0.44500,4.04865393e-02,3.75348737,Middle,False,103,0.51500,Middle,0.15167
KC,200,358,contraction,0.51500,0.047061,0.14051532,150,0.75000,0.23500,0.23500,-1.67896891e-02,0.61507203,Far,True,72,0.36000,Middle,0.08333
KC,200,359,rebound,0.75000,0.030272,0.19506789,72,0.36000,-0.39000,0.39000,1.37436760e-02,1.44520473,Middle,False,72,0.36000,Middle,0.02667
KC,200,360,contraction,0.36000,0.044015,0.10100381,162,0.81000,0.45000,0.45000,-2.62176609e-02,0.44973234,Far,True,32,0.16000,Near,0.14333
KC,200,361,rebound,0.81000,0.017798,0.20694940,87,0.43500,-0.37500,0.37500,2.02003893e-02,2.08008984,Middle,False,87,0.43500,Middle,0.10167
KC,200,362,contraction,0.43500,0.037998,0.11824950,35,0.17500,-0.26000,0.26000,-1.90138986e-02,0.56033105,Near,False,35,0.17500,Near,0.15833
KC,200,363,contraction,0.17500,0.018984,0.04849602,134,0.67000,0.49500,0.49500,-9.81504492e-03,0.53318079,Far,True,2,0.01000,Near,0.00333
KC,200,364,contraction,0.67000,0.009169,0.16979226,183,0.91500,0.24500,0.24500,-1.41461958e-03,0.90460399,Far,True,17,0.08500,Near,0.24833
KC,200,365,rebound,0.91500,0.007754,0.23068860,98,0.49000,-0.42500,0.42500,3.88778945e-02,4.43260765,Middle,False,98,0.49000,Middle,0.15667
KC,200,366,contraction,0.49000,0.046632,0.13415808,57,0.28500,-0.20500,0.20500,-1.91940940e-02,0.59278460,Near,False,57,0.28500,Near,0.04833
KC,200,367,contraction,0.28500,0.027438,0.07810956,157,0.78500,0.50000,0.50000,-1.51956129e-02,0.50586385,Far,True,15,0.07500,Near,0.11833
KC,200,368,rebound,0.78500,0.012243,0.19931065,116,0.58000,-0.20500,0.20500,1.22000810e-02,1.33574612,Middle,False,116,0.58000,Middle,0.08667
KC,200,369,contraction,0.58000,0.024443,0.15111067,42,0.21000,-0.37000,0.37000,-5.80389815e-03,0.81591649,Near,False,42,0.21000,Near,0.12333
KC,200,370,contraction,0.21000,0.018639,0.05715970,195,0.97500,0.76500,0.76500,-1.38393826e-02,0.34517160,Far,True,4,0.02000,Near,0.30833
KC,200,371,rebound,0.97500,0.004799,0.24494985,84,0.42000,-0.55500,0.55500,4.67567591e-02,4.75191393,Middle,False,84,0.42000,Middle,0.08667
KC,200,372,contraction,0.42000,0.051556,0.11788904,141,0.70500,0.28500,0.28500,-1.74856405e-02,0.59338689,Far,True,67,0.33500,Middle,0.03833
KC,200,373,contraction,0.70500,0.034071,0.18476763,66,0.33000,-0.37500,0.37500,-2.37186832e-03,0.94519944,Near,False,66,0.33000,Near,0.00333
KC,200,374,contraction,0.33000,0.031699,0.09042466,169,0.84500,0.51500,0.51500,-1.21570595e-02,0.54630393,Far,True,21,0.10500,Near,0.17833
KC,200,375,rebound,0.84500,0.019542,0.21613540,108,0.54000,-0.30500,0.30500,2.37284533e-02,1.79201555,Middle,False,108,0.54000,Middle,0.12667
KC,200,376,contraction,0.54000,0.043270,0.14581751,47,0.23500,-0.30500,0.30500,-1.84245988e-02,0.60363863,Near,False,47,0.23500,Near,0.09833
KC,200,377,contraction,0.23500,0.024845,0.06496136,148,0.74000,0.50500,0.50500,-1.24378631e-02,0.52309950,Far,True,12,0.06000,Near,0.07333
KC,200,378,rebound,0.74000,0.012408,0.18810190,79,0.39500,-0.34500,0.34500,5.36535664e-03,1.13576159,Middle,False,79,0.39500,Middle,0.06167
KC,200,379,contraction,0.39500,0.017773,0.10319324,179,0.89500,0.50000,0.50000,-9.37273186e-03,0.55887073,Far,True,16,0.08000,Near,0.22833
KC,200,380,rebound,0.89500,0.008400,0.22585005,120,0.60000,-0.29500,0.29500,2.92591197e-02,2.57423060,Middle,False,120,0.60000,Middle,0.06667
KC,200,381,contraction,0.60000,0.037659,0.15941483,56,0.28000,-0.32000,0.32000,-7.72040850e-03,0.80952334,Near,False,56,0.28000,Near,0.05333
KC,200,382,contraction,0.28000,0.029939,0.07748473,160,0.80000,0.52000,0.52000,-2.30582280e-02,0.41935800,Far,True,19,0.09500,Near,0.13333
KC,200,383,rebound,0.80000,0.006881,0.20172017,93,0.46500,-0.33500,0.33500,2.25913694e-02,2.35824925,Middle,False,93,0.46500,Middle,0.13167
KC,200,384,contraction,0.46500,0.029472,0.12361802,29,0.14500,-0.32000,0.32000,-1.67956509e-02,0.52062269,Near,False,29,0.14500,Near,0.18833
KC,200,385,contraction,0.14500,0.012676,0.03941910,189,0.94500,0.80000,0.80000,-7.89142902e-03,0.39159452,Far,True,1,0.00500,Near,0.27833
KC,200,386,rebound,0.94500,0.004785,0.23744625,112,0.56000,-0.38500,0.38500,4.07547129e-02,3.86918800,Middle,False,112,0.56000,Middle,0.10667
KC,200,387,contraction,0.56000,0.045540,0.15138493,69,0.34500,-0.21500,0.21500,-1.61033673e-02,0.68169401,Middle,False,69,0.34500,Middle,0.01167
KC,200,388,contraction,0.34500,0.029436,0.09360908,139,0.69500,0.35000,0.35000,-1.19422468e-02,0.62588681,Far,True,16,0.08000,Near,0.02833
KC,200,389,contraction,0.69500,0.017494,0.17812352,42,0.21000,-0.48500,0.48500,-2.53754529e-03,0.92165086,Near,False,42,0.21000,Near,0.12333
KC,200,390,contraction,0.21000,0.014957,0.05623914,173,0.86500,0.65500,0.65500,-7.55646813e-03,0.47673118,Far,True,1,0.00500,Near,0.19833
KC,200,391,rebound,0.86500,0.007400,0.21810002,98,0.49000,-0.37500,0.37500,2.60281569e-02,1.91575982,Middle,False,98,0.49000,Middle,0.15667
KC,200,392,contraction,0.49000,0.033428,0.13085706,130,0.65000,0.16000,0.16000,-2.20474943e-02,0.57667267,Middle,True,58,0.29000,Near,0.01667
KC,200,393,rebound,0.65000,0.011381,0.16534518,53,0.26500,-0.38500,0.38500,5.77302193e-03,1.23182108,Near,False,53,0.26500,Near,0.06833
KC,200,394,contraction,0.26500,0.017154,0.07053844,197,0.98500,0.72000,0.72000,-1.32434511e-02,0.38157467,Far,True,7,0.03500,Near,0.31833
KC,200,395,rebound,0.98500,0.003910,0.24722758,86,0.43000,-0.55500,0.55500,4.44892305e-02,5.21424455,Middle,False,86,0.43000,Middle,0.09667
KC,200,396,contraction,0.43000,0.048400,0.11959988,151,0.75500,0.32500,0.32500,-1.51303380e-02,0.59912553,Far,True,34,0.17000,Near,0.08833
KC,200,397,rebound,0.75500,0.033269,0.19706730,67,0.33500,-0.42000,0.42000,3.66348486e-03,1.09179544,Middle,False,67,0.33500,Middle,0.00167
KC,200,398,contraction,0.33500,0.036933,0.09298317,123,0.61500,0.28000,0.28000,-1.62706305e-02,0.57580661,Middle,True,26,0.13000,Near,0.05167
KC,200,399,contraction,0.61500,0.020662,0.15891551,167,0.83500,0.22000,0.22000,-5.72131077e-03,0.79664960,Far,True,31,0.15500,Near,0.16833
KC,200,400,rebound,0.83500,0.014941,0.21248519,78,0.39000,-0.44500,0.44500,2.34306022e-02,2.75571825,Middle,False,78,0.39000,Middle,0.05667
KC,200,401,contraction,0.39000,0.038371,0.10709284,33,0.16500,-0.22500,0.22500,-2.20200482e-02,0.50408076,Near,False,33,0.16500,Near,0.16833
KC,200,402,contraction,0.16500,0.016351,0.04533782,182,0.91000,0.74500,0.74500,-5.89353445e-03,0.53394123,Far,True,1,0.00500,Near,0.24333
KC,200,403,rebound,0.91000,0.010458,0.23011444,108,0.54000,-0.37000,0.37000,3.79194940e-02,2.98098696,Middle,False,108,0.54000,Middle,0.12667
KC,200,404,contraction,0.54000,0.048377,0.14709431,137,0.68500,0.14500,0.14500,-2.13452332e-02,0.59998809,Far,True,57,0.28500,Near,0.01833
KC,200,405,rebound,0.68500,0.027032,0.17800801,58,0.29000,-0.39500,0.39500,6.61780644e-03,1.22365288,Near,False,58,0.29000,Near,0.04333
KC,200,406,contraction,0.29000,0.033650,0.08091246,158,0.79000,0.50000,0.50000,-2.33851397e-02,0.40342701,Far,True,18,0.09000,Near,0.12333
KC,200,407,rebound,0.79000,0.010265,0.20006617,90,0.45000,-0.34000,0.34000,1.91939186e-02,1.64359912,Middle,False,90,0.45000,Middle,0.11667
KC,200,408,contraction,0.45000,0.029459,0.11986465,27,0.13500,-0.31500,0.31500,-1.85114982e-02,0.50782441,Near,False,27,0.13500,Near,0.19833
KC,200,409,contraction,0.13500,0.010947,0.03648678,190,0.95000,0.81500,0.81500,-5.57018699e-03,0.36333205,Far,True,1,0.00500,Near,0.28333
KC,200,410,rebound,0.95000,0.005377,0.23884423,116,0.58000,-0.37000,0.37000,4.23530587e-02,3.71150866,Middle,False,116,0.58000,Middle,0.08667
KC,200,411,contraction,0.58000,0.047730,0.15693250,70,0.35000,-0.23000,0.23000,-1.46752203e-02,0.71011512,Middle,False,70,0.35000,Middle,0.01667
KC,200,412,contraction,0.35000,0.033055,0.09576369,146,0.73000,0.38000,0.38000,-1.47355406e-02,0.56289578,Far,True,38,0.19000,Near,0.06333
KC,200,413,rebound,0.73000,0.018319,0.18707981,47,0.23500,-0.49500,0.49500,2.76366433e-03,1.09118788,Near,False,47,0.23500,Near,0.09833
KC,200,414,contraction,0.23500,0.021083,0.06402072,175,0.87500,0.64000,0.64000,-1.09684943e-02,0.45970028,Far,True,5,0.02500,Near,0.20833
KC,200,415,rebound,0.87500,0.010114,0.22127860,100,0.50000,-0.37500,0.37500,3.19809939e-02,2.37030146,Middle,False,100,0.50000,Middle,0.16667
KC,200,416,contraction,0.50000,0.042095,0.13552385,129,0.64500,0.14500,0.14500,-2.42700658e-02,0.56311675,Middle,True,62,0.31000,Near,0.02167
KC,200,417,rebound,0.64500,0.017825,0.16570633,56,0.28000,-0.36500,0.36500,3.29534407e-03,1.11463968,Near,False,56,0.28000,Near,0.05333
KC,200,418,contraction,0.28000,0.021121,0.07528017,186,0.93000,0.65000,0.65000,-1.75500437e-02,0.38894640,Far,True,12,0.06000,Near,0.26333
KC,200,419,rebound,0.93000,0.003571,0.23339265,86,0.43000,-0.50000,0.50000,3.90456573e-02,4.66720062,Middle,False,86,0.43000,Middle,0.09667
KC,200,420,contraction,0.43000,0.042616,0.11815407,152,0.76000,0.33000,0.33000,-2.00739380e-02,0.54766656,Far,True,33,0.16500,Near,0.09333
KC,200,421,rebound,0.76000,0.022542,0.19563558,66,0.33000,-0.43000,0.43000,9.90463875e-03,1.35812111,Near,False,66,0.33000,Near,0.00333
KC,200,422,contraction,0.33000,0.032447,0.09061174,121,0.60500,0.27500,0.27500,-1.84874735e-02,0.54064445,Middle,True,25,0.12500,Near,0.06167
KC,200,423,contraction,0.60500,0.013960,0.15473988,29,0.14500,-0.46000,0.46000,-2.24656222e-03,0.89805362,Near,False,29,0.14500,Near,0.18833
KC,200,424,contraction,0.14500,0.011713,0.03917824,169,0.84500,0.70000,0.70000,-7.59725681e-03,0.42130688,Far,True,1,0.00500,Near,0.17833
KC,200,425,rebound,0.84500,0.004116,0.21227892,95,0.47500,-0.37000,0.37000,2.05298852e-02,1.63354229,Middle,False,95,0.47500,Middle,0.14167
KC,200,426,contraction,0.47500,0.024646,0.12491139,43,0.21500,-0.26000,0.26000,-1.82349566e-02,0.55380867,Near,False,43,0.21500,Near,0.11833
KC,200,427,contraction,0.21500,0.006411,0.05535265,198,0.99000,0.77500,0.77500,-2.98599744e-03,0.56597993,Far,True,1,0.00500,Near,0.32333
KC,200,428,rebound,0.99000,0.003425,0.24835615,133,0.66500,-0.32500,0.32500,4.71591539e-02,8.07501236,Middle,False,133,0.66500,Middle,0.00167
KC,200,429,contraction,0.66500,0.050584,0.17889594,79,0.39500,-0.27000,0.27000,-4.47525203e-03,0.90523936,Middle,False,79,0.39500,Middle,0.06167
KC,200,430,contraction,0.39500,0.046109,0.11027713,156,0.78000,0.38500,0.38500,-2.08114559e-02,0.51479131,Far,True,53,0.26500,Near,0.11333
KC,200,431,rebound,0.78000,0.025297,0.20132427,106,0.53000,-0.25000,0.25000,1.33701994e-02,1.38283070,Middle,False,106,0.53000,Middle,0.13667
KC,200,432,contraction,0.53000,0.038667,0.14216682,52,0.26000,-0.27000,0.27000,-1.25253741e-02,0.69126465,Near,False,52,0.26000,Near,0.07333
KC,200,433,contraction,0.26000,0.026142,0.07153547,178,0.89000,0.63000,0.63000,-1.35040043e-02,0.43261390,Far,True,14,0.07000,Near,0.22333
KC,200,434,rebound,0.89000,0.012638,0.22565947,117,0.58500,-0.30500,0.30500,2.69933581e-02,1.97417746,Middle,False,117,0.58500,Middle,0.08167
KC,200,435,contraction,0.58500,0.039631,0.15615781,68,0.34000,-0.24500,0.24500,-9.62012281e-03,0.78594677,Middle,False,68,0.34000,Middle,0.00667
KC,200,436,contraction,0.34000,0.030011,0.09250278,145,0.72500,0.38500,0.38500,-1.62349557e-02,0.53469430,Far,True,22,0.11000,Near,0.05833
KC,200,437,rebound,0.72500,0.013776,0.18469404,36,0.18000,-0.54500,0.54500,5.28987049e-03,1.25348297,Near,False,36,0.18000,Near,0.15333
KC,200,438,contraction,0.18000,0.019066,0.04976651,193,0.96500,0.78500,0.78500,-1.25006814e-02,0.39054099,Far,True,2,0.01000,Near,0.29833
KC,200,439,rebound,0.96500,0.006565,0.24289134,97,0.48500,-0.48000,0.48000,5.04059192e-02,5.99938862,Middle,False,97,0.48500,Middle,0.15167
KC,200,440,contraction,0.48500,0.056971,0.13549282,136,0.68000,0.19500,0.19500,-2.40173080e-02,0.56287338,Far,True,76,0.38000,Middle,0.01333
KC,200,441,rebound,0.68000,0.032954,0.17823849,62,0.31000,-0.37000,0.37000,1.97907858e-03,1.05521912,Near,False,62,0.31000,Near,0.02333
KC,200,442,contraction,0.31000,0.034933,0.08623326,164,0.82000,0.51000,0.51000,-1.36880209e-02,0.48548198,Far,True,21,0.10500,Near,0.15333
KC,200,443,rebound,0.82000,0.021245,0.21031126,87,0.43500,-0.38500,0.38500,1.62301185e-02,1.45976707,Middle,False,87,0.43500,Middle,0.10167
KC,200,444,contraction,0.43500,0.037475,0.11811878,124,0.62000,0.18500,0.18500,-2.29178538e-02,0.54902874,Middle,True,31,0.15500,Near,0.04667
KC,200,445,rebound,0.62000,0.014557,0.15863932,39,0.19500,-0.42500,0.42500,2.54078344e-03,1.12776566,Near,False,39,0.19500,Near,0.13833
KC,200,446,contraction,0.19500,0.017098,0.05302452,181,0.90500,0.71000,0.71000,-6.93537635e-03,0.43530888,Far,True,2,0.01000,Near,0.23833
KC,200,447,rebound,0.90500,0.010163,0.22879067,103,0.51500,-0.39000,0.39000,2.58501832e-02,1.85405026,Middle,False,103,0.51500,Middle,0.15167
KC,200,448,contraction,0.51500,0.036013,0.13775322,56,0.28000,-0.23500,0.23500,-1.76638165e-02,0.62717666,Near,False,56,0.28000,Near,0.05333
KC,200,449,contraction,0.28000,0.018349,0.07458726,154,0.77000,0.49000,0.49000,-4.29672155e-03,0.75455897,Far,True,7,0.03500,Near,0.10333
KC,200,450,rebound,0.77000,0.014052,0.19601308,77,0.38500,-0.38500,0.38500,2.16130968e-03,1.04884350,Middle,False,77,0.38500,Middle,0.05167
KC,200,451,contraction,0.38500,0.016214,0.10030341,172,0.86000,0.47500,0.47500,-1.02646307e-02,0.58165681,Far,True,15,0.07500,Near,0.19333
KC,200,452,rebound,0.86000,0.005949,0.21648725,113,0.56500,-0.29500,0.29500,2.41249247e-02,2.63645565,Middle,False,113,0.56500,Middle,0.10167
KC,200,453,contraction,0.56500,0.030074,0.14876849,43,0.21500,-0.35000,0.35000,-8.46085085e-03,0.75458218,Near,False,43,0.21500,Near,0.11833
KC,200,454,contraction,0.21500,0.021613,0.05915327,141,0.70500,0.49000,0.49000,-1.74534092e-02,0.41492377,Far,True,8,0.04000,Near,0.03833
KC,200,455,rebound,0.70500,0.004160,0.17728992,67,0.33500,-0.37000,0.37000,4.32083564e-03,1.30134411,Middle,False,67,0.33500,Middle,0.00167
KC,200,456,contraction,0.33500,0.008481,0.08587013,194,0.97000,0.63500,0.63500,-4.65102761e-03,0.47872665,Far,True,4,0.02000,Near,0.30333
KC,200,457,rebound,0.97000,0.003829,0.24345737,96,0.48000,-0.49000,0.49000,3.94884229e-02,3.32796555,Middle,False,96,0.48000,Middle,0.14667
KC,200,458,contraction,0.48000,0.043318,0.13082948,131,0.65500,0.17500,0.17500,-2.03958422e-02,0.59379386,Middle,True,34,0.17000,Near,0.01167
KC,200,459,rebound,0.65500,0.022922,0.16948052,49,0.24500,-0.41000,0.41000,8.56369139e-04,1.02808386,Near,False,49,0.24500,Near,0.08833
KC,200,460,contraction,0.24500,0.023778,0.06719461,166,0.83000,0.58500,0.58500,-1.13498603e-02,0.47568979,Far,True,12,0.06000,Near,0.16333
KC,200,461,rebound,0.83000,0.012429,0.21060714,83,0.41500,-0.41500,0.41500,1.76995043e-02,1.53041525,Middle,False,83,0.41500,Middle,0.08167
KC,200,462,contraction,0.41500,0.030128,0.11128202,149,0.74500,0.33000,0.33000,-2.15711349e-02,0.53253001,Far,True,24,0.12000,Near,0.07833
KC,200,463,rebound,0.74500,0.008557,0.18838924,37,0.18500,-0.56000,0.56000,1.29203915e-02,2.05354503,Near,False,37,0.18500,Near,0.14833
KC,200,464,contraction,0.18500,0.021477,0.05161933,185,0.92500,0.74000,0.74000,-1.46473996e-02,0.44735515,Far,True,5,0.02500,Near,0.25833
KC,200,465,rebound,0.92500,0.006830,0.23295748,106,0.53000,-0.39500,0.39500,4.61076699e-02,4.88525296,Middle,False,106,0.53000,Middle,0.13667
KC,200,466,contraction,0.53000,0.052938,0.14573440,69,0.34500,-0.18500,0.18500,-2.23970932e-02,0.59855097,Middle,False,69,0.34500,Middle,0.01167
KC,200,467,contraction,0.34500,0.030541,0.09388513,137,0.68500,0.34000,0.34000,-1.72227855e-02,0.55195882,Far,True,18,0.09000,Near,0.01833
KC,200,468,contraction,0.68500,0.013318,0.17457943,30,0.15000,-0.53500,0.53500,-2.85099859e-04,0.98735361,Near,False,30,0.15000,Near,0.18333
KC,200,469,contraction,0.15000,0.013033,0.04075816,176,0.88000,0.73000,0.73000,-7.70400846e-03,0.40286820,Far,True,1,0.00500,Near,0.21333
KC,200,470,rebound,0.88000,0.005329,0.22133216,92,0.46000,-0.42000,0.42000,3.33631588e-02,2.54908394,Middle,False,92,0.46000,Middle,0.12667
KC,200,471,contraction,0.46000,0.038692,0.12467295,122,0.61000,0.15000,0.15000,-2.38230658e-02,0.55604258,Middle,True,54,0.27000,Near,0.05667
KC,200,472,contraction,0.61000,0.014869,0.15621718,51,0.25500,-0.35500,0.35500,-1.09674457e-04,0.99631805,Near,False,51,0.25500,Near,0.07833
KC,200,473,contraction,0.25500,0.014759,0.06743976,199,0.99500,0.74000,0.74000,-1.15703805e-02,0.44222000,Far,True,1,0.00500,Near,0.32833
KC,200,474,rebound,0.99500,0.003189,0.24954717,110,0.55000,-0.44500,0.44500,4.46598836e-02,14.15864641,Middle,False,110,0.55000,Middle,0.11667
KC,200,475,contraction,0.55000,0.047849,0.14946214,156,0.78000,0.23000,0.23000,-1.27163443e-02,0.67815917,Far,True,73,0.36500,Middle,0.11333
KC,200,476,rebound,0.78000,0.035132,0.20378305,74,0.37000,-0.41000,0.41000,1.82499905e-02,1.62999333,Middle,False,74,0.37000,Middle,0.03667
KC,200,477,contraction,0.37000,0.053382,0.10584555,143,0.71500,0.34500,0.34500,-2.88782847e-02,0.44935494,Far,True,40,0.20000,Near,0.04833
KC,200,478,rebound,0.71500,0.024504,0.18487598,56,0.28000,-0.43500,0.43500,7.91153692e-03,1.30689185,Near,False,56,0.28000,Near,0.05333
KC,200,479,contraction,0.28000,0.032415,0.07810386,170,0.85000,0.57000,0.57000,-1.78081133e-02,0.44363102,Far,True,21,0.10500,Near,0.18333
KC,200,480,rebound,0.85000,0.014607,0.21615183,97,0.48500,-0.36500,0.36500,2.85767001e-02,2.12450805,Middle,False,97,0.48500,Middle,0.15167
KC,200,481,contraction,0.48500,0.043184,0.13204601,37,0.18500,-0.30000,0.30000,-2.37795764e-02,0.54455153,Near,False,37,0.18500,Near,0.14833
KC,200,482,contraction,0.18500,0.019404,0.05110111,188,0.94000,0.75500,0.75500,-8.20779145e-03,0.57525199,Far,True,3,0.01500,Near,0.27333
KC,200,483,rebound,0.94000,0.011197,0.23779917,118,0.59000,-0.35000,0.35000,4.50100453e-02,4.99906050,Middle,False,118,0.59000,Middle,0.07667
KC,200,484,contraction,0.59000,0.056207,0.16155168,80,0.40000,-0.19000,0.19000,-1.61798569e-02,0.70600016,Middle,False,80,0.40000,Middle,0.06667
KC,200,485,contraction,0.40000,0.040027,0.11000671,151,0.75500,0.35500,0.35500,-1.52071434e-02,0.58337778,Far,True,27,0.13500,Near,0.08833
KC,200,486,rebound,0.75500,0.024820,0.19495493,60,0.30000,-0.45500,0.45500,6.05034871e-03,1.18030970,Near,False,60,0.30000,Near,0.03333
KC,200,487,contraction,0.30000,0.030870,0.08271751,132,0.66000,0.36000,0.36000,-1.65922893e-02,0.52983406,Middle,True,20,0.10000,Near,0.00667
KC,200,488,contraction,0.66000,0.014278,0.16856944,29,0.14500,-0.51500,0.51500,-2.06951264e-03,0.91208057,Near,False,29,0.14500,Near,0.18833
KC,200,489,contraction,0.14500,0.012208,0.03930206,180,0.90000,0.75500,0.75500,-1.92643113e-03,0.65169018,Far,True,1,0.00500,Near,0.23333
KC,200,490,rebound,0.90000,0.010282,0.22757046,100,0.50000,-0.40000,0.40000,3.24053215e-02,2.32403960,Middle,False,100,0.50000,Middle,0.16667
KC,200,491,contraction,0.50000,0.042687,0.13567179,68,0.34000,-0.16000,0.16000,-2.50854369e-02,0.55272588,Middle,False,68,0.34000,Middle,0.00667
KC,200,492,contraction,0.34000,0.017602,0.08940043,162,0.81000,0.47000,0.47000,-4.45688683e-03,0.75630526,Far,True,8,0.04000,Near,0.14333
KC,200,493,rebound,0.81000,0.013145,0.20578620,113,0.56500,-0.24500,0.24500,9.99768313e-03,1.24708867,Middle,False,113,0.56500,Middle,0.10167
KC,200,494,contraction,0.56500,0.023143,0.14703563,43,0.21500,-0.35000,0.35000,-5.77267735e-03,0.81408189,Near,False,43,0.21500,Near,0.11833
KC,200,495,contraction,0.21500,0.017370,0.05809246,191,0.95500,0.74000,0.74000,-1.12460513e-02,0.40159120,Far,True,2,0.01000,Near,0.28833
KC,200,496,rebound,0.95500,0.006124,0.24028094,89,0.44500,-0.51000,0.51000,4.02252279e-02,3.73040073,Middle,False,89,0.44500,Middle,0.11167
KC,200,497,contraction,0.44500,0.046349,0.12283725,140,0.70000,0.25500,0.25500,-1.43550381e-02,0.64482618,Far,True,56,0.28000,Near,0.03333
KC,200,498,contraction,0.70000,0.031994,0.18299849,58,0.29000,-0.41000,0.41000,-2.74988352e-03,0.93272877,Near,False,58,0.29000,Near,0.04333
KC,200,499,contraction,0.29000,0.029244,0.07981102,167,0.83500,0.54500,0.54500,-1.42014902e-02,0.50336607,Far,True,17,0.08500,Near,0.16833
KC,200,500,rebound,0.83500,0.015043,0.21251065,105,0.52500,-0.31000,0.31000,2.18386258e-02,1.70203996,Middle,False,105,0.52500,Middle,0.14167
KC,200,501,contraction,0.52500,0.036881,0.14047030,37,0.18500,-0.34000,0.34000,-1.75881396e-02,0.61985116,Near,False,37,0.18500,Near,0.14833
KC,200,502,contraction,0.18500,0.019293,0.05107327,148,0.74000,0.55500,0.55500,-9.64114196e-03,0.51818356,Far,True,3,0.01500,Near,0.07333
KC,200,503,rebound,0.74000,0.009652,0.18741298,76,0.38000,-0.36000,0.36000,8.36887067e-03,1.23441660,Middle,False,76,0.38000,Middle,0.04667
KC,200,504,contraction,0.38000,0.018021,0.09950520,196,0.98000,0.60000,0.60000,-1.31865790e-02,0.51966197,Far,True,10,0.05000,Near,0.31333
KC,200,505,rebound,0.98000,0.004834,0.24620856,121,0.60500,-0.37500,0.37500,4.83760230e-02,5.85492321,Middle,False,121,0.60500,Middle,0.06167
KC,200,506,contraction,0.60500,0.053210,0.16455256,64,0.32000,-0.28500,0.28500,-1.37985017e-02,0.73446428,Near,False,64,0.32000,Near,0.01333
KC,200,507,contraction,0.32000,0.039412,0.08985294,158,0.79000,0.47000,0.47000,-1.61598371e-02,0.51220464,Far,True,26,0.13000,Near,0.12333
KC,200,508,rebound,0.79000,0.023252,0.20331298,95,0.47500,-0.31500,0.31500,1.47908005e-02,1.41238634,Middle,False,95,0.47500,Middle,0.14167
KC,200,509,contraction,0.47500,0.038043,0.12826068,40,0.20000,-0.27500,0.27500,-2.03454105e-02,0.55657934,Near,False,40,0.20000,Near,0.13333
KC,200,510,contraction,0.20000,0.017697,0.05442433,177,0.88500,0.68500,0.68500,-2.02459854e-03,0.73672176,Far,True,3,0.01500,Near,0.21833
KC,200,511,rebound,0.88500,0.015673,0.22516818,127,0.63500,-0.25000,0.25000,2.58160964e-02,1.99234398,Middle,False,127,0.63500,Middle,0.03167
KC,200,512,contraction,0.63500,0.041489,0.16912220,79,0.39500,-0.24000,0.24000,-6.65361466e-03,0.85883636,Middle,False,79,0.39500,Middle,0.06167
KC,200,513,contraction,0.39500,0.034835,0.10745880,144,0.72000,0.32500,0.32500,-2.25598992e-02,0.49454741,Far,True,26,0.13000,Near,0.05333
KC,200,514,rebound,0.72000,0.012275,0.18306882,51,0.25500,-0.46500,0.46500,1.08281132e-02,1.53680232,Near,False,51,0.25500,Near,0.07833
KC,200,515,contraction,0.25500,0.023103,0.06952585,184,0.92000,0.66500,0.66500,-1.38038593e-02,0.41721543,Far,True,11,0.05500,Near,0.25333
KC,200,516,rebound,0.92000,0.009300,0.23232488,103,0.51500,-0.40500,0.40500,3.82476508e-02,2.94513805,Middle,False,103,0.51500,Middle,0.15167
KC,200,517,contraction,0.51500,0.047547,0.14063680,67,0.33500,-0.18000,0.18000,-2.47548138e-02,0.56252011,Middle,False,67,0.33500,Middle,0.00167
KC,200,518,contraction,0.33500,0.022792,0.08944809,163,0.81500,0.48000,0.48000,-8.26269459e-03,0.64598727,Far,True,18,0.09000,Near,0.14833
KC,200,519,rebound,0.81500,0.014530,0.20738242,116,0.58000,-0.23500,0.23500,1.45397031e-02,1.40418880,Middle,False,116,0.58000,Middle,0.08667
KC,200,520,contraction,0.58000,0.029069,0.15226735,38,0.19000,-0.39000,0.39000,-6.95581566e-03,0.78363166,Near,False,38,0.19000,Near,0.14333
KC,200,521,contraction,0.19000,0.022114,0.05302839,189,0.94500,0.75500,0.75500,-1.67678936e-02,0.38527595,Far,True,6,0.03000,Near,0.27833
KC,200,522,rebound,0.94500,0.005346,0.23758642,90,0.45000,-0.49500,0.49500,4.60013321e-02,4.70069741,Middle,False,90,0.45000,Middle,0.11667
KC,200,523,contraction,0.45000,0.051347,0.12533675,136,0.68000,0.23000,0.23000,-1.81469400e-02,0.60167339,Far,True,59,0.29500,Near,0.01333
KC,200,524,contraction,0.68000,0.033200,0.17830002,59,0.29500,-0.38500,0.38500,-2.68719434e-03,0.93273207,Near,False,59,0.29500,Near,0.03833
KC,200,525,contraction,0.29500,0.030513,0.08137822,154,0.77000,0.47500,0.47500,-1.56357768e-02,0.48346006,Far,True,18,0.09000,Near,0.10333
KC,200,526,rebound,0.77000,0.014877,0.19621927,81,0.40500,-0.36500,0.36500,9.01698225e-03,1.23563364,Middle,False,81,0.40500,Middle,0.07167
KC,200,527,contraction,0.40500,0.023894,0.10722352,173,0.86500,0.46000,0.46000,-1.57257065e-02,0.54750330,Far,True,22,0.11000,Near,0.19833
KC,200,528,rebound,0.86500,0.008168,0.21829209,108,0.54000,-0.32500,0.32500,2.92703928e-02,3.47373072,Middle,False,108,0.54000,Middle,0.12667
KC,200,529,contraction,0.54000,0.037439,0.14435969,44,0.22000,-0.32000,0.32000,-1.19698990e-02,0.68358595,Near,False,44,0.22000,Near,0.11333
KC,200,530,contraction,0.22000,0.025469,0.06136722,141,0.70500,0.48500,0.48500,-1.96228242e-02,0.41313923,Far,True,11,0.05500,Near,0.03833
KC,200,531,rebound,0.70500,0.005846,0.17771151,69,0.34500,-0.36000,0.36000,4.66475953e-03,1.27575282,Middle,False,69,0.34500,Middle,0.01167
KC,200,532,contraction,0.34500,0.010511,0.08887770,197,0.98500,0.64000,0.64000,-7.11746814e-03,0.47606010,Far,True,8,0.04000,Near,0.31833
KC,200,533,rebound,0.98500,0.003393,0.24709833,119,0.59500,-0.39000,0.39000,4.43280667e-02,4.96615722,Middle,False,119,0.59500,Middle,0.07167
KC,200,534,contraction,0.59500,0.047721,0.16068035,86,0.43000,-0.16500,0.16500,-1.42197408e-02,0.73497054,Middle,False,86,0.43000,Middle,0.09667
KC,200,535,contraction,0.43000,0.033502,0.11587541,165,0.82500,0.39500,0.39500,-1.31017164e-02,0.58258935,Far,True,32,0.16000,Near,0.15833
KC,200,536,rebound,0.82500,0.020400,0.21134999,55,0.27500,-0.55000,0.55000,1.91729980e-02,1.93642908,Near,False,55,0.27500,Near,0.05833
KC,200,537,contraction,0.27500,0.039573,0.07864323,131,0.65500,0.38000,0.38000,-1.83161691e-02,0.49400694,Middle,True,25,0.12500,Near,0.01167
KC,200,538,contraction,0.65500,0.021257,0.16906419,33,0.16500,-0.49000,0.49000,-5.22890698e-03,0.84650391,Near,False,33,0.16500,Near,0.16833
KC,200,539,contraction,0.16500,0.016028,0.04525697,181,0.90500,0.74000,0.74000,-4.52592506e-03,0.47722064,Far,True,1,0.00500,Near,0.23833
KC,200,540,rebound,0.90500,0.011502,0.22912548,99,0.49500,-0.41000,0.41000,3.68571455e-02,2.80588852,Middle,False,99,0.49500,Middle,0.16167
KC,200,541,contraction,0.49500,0.048359,0.13583977,148,0.74000,0.24500,0.24500,-2.51677592e-02,0.53774614,Far,True,72,0.36000,Middle,0.07333
KC,200,542,rebound,0.74000,0.023191,0.19079783,71,0.35500,-0.38500,0.38500,1.52980191e-02,1.55909231,Middle,False,71,0.35500,Middle,0.02167
KC,200,543,contraction,0.35500,0.038489,0.09837234,115,0.57500,0.22000,0.22000,-2.93667743e-02,0.45083592,Middle,True,25,0.12500,Near,0.09167
KC,200,544,rebound,0.57500,0.009123,0.14603064,26,0.13000,-0.44500,0.44500,4.38730150e-04,1.02765317,Near,False,26,0.13000,Near,0.20333
KC,200,545,contraction,0.13000,0.009561,0.03489033,187,0.93500,0.80500,0.80500,-3.45580671e-03,0.45135109,Far,True,1,0.00500,Near,0.26833
KC,200,546,rebound,0.93500,0.006105,0.23527637,89,0.44500,-0.49000,0.49000,3.17224838e-02,2.24475508,Middle,False,89,0.44500,Middle,0.11167
KC,200,547,contraction,0.44500,0.037828,0.12070699,156,0.78000,0.33500,0.33500,-1.59549536e-02,0.59561897,Far,True,49,0.24500,Near,0.11333
KC,200,548,rebound,0.78000,0.021873,0.20046826,59,0.29500,-0.48500,0.48500,1.41254468e-02,1.53881721,Near,False,59,0.29500,Near,0.03833
KC,200,549,contraction,0.29500,0.035998,0.08274962,128,0.64000,0.34500,0.34500,-1.90651290e-02,0.50219165,Middle,True,17,0.08500,Near,0.02667
KC,200,550,contraction,0.64000,0.016933,0.16423334,38,0.19000,-0.45000,0.45000,-5.45267936e-03,0.82727981,Near,False,38,0.19000,Near,0.14333
KC,200,551,contraction,0.19000,0.011481,0.05037017,174,0.87000,0.68000,0.68000,-4.62926845e-03,0.57171293,Far,True,1,0.00500,Near,0.20333
KC,200,552,rebound,0.87000,0.006851,0.21921285,102,0.51000,-0.36000,0.36000,2.67538697e-02,1.95456052,Middle,False,102,0.51000,Middle,0.15667
KC,200,553,contraction,0.51000,0.033605,0.13590132,68,0.34000,-0.17000,0.17000,-2.14616989e-02,0.59439349,Middle,False,68,0.34000,Middle,0.00667
KC,200,554,contraction,0.34000,0.012144,0.08803589,193,0.96500,0.62500,0.62500,-7.96804632e-03,0.63824323,Far,True,6,0.03000,Near,0.29833
KC,200,555,rebound,0.96500,0.004176,0.24229388,122,0.61000,-0.35500,0.35500,4.32265754e-02,6.01834773,Middle,False,122,0.61000,Middle,0.05667
KC,200,556,contraction,0.61000,0.047402,0.16435052,80,0.40000,-0.21000,0.21000,-1.26287428e-02,0.75831587,Middle,False,80,0.40000,Middle,0.06667
KC,200,557,contraction,0.40000,0.034773,0.10869334,151,0.75500,0.35500,0.35500,-1.05693770e-02,0.66119157,Far,True,31,0.15500,Near,0.08833
KC,200,558,rebound,0.75500,0.024204,0.19480099,48,0.24000,-0.51500,0.51500,6.09314778e-03,1.21073721,Near,False,48,0.24000,Near,0.09333
KC,200,559,contraction,0.24000,0.030297,0.06757428,167,0.83500,0.59500,0.59500,-1.62085988e-02,0.45102722,Far,True,16,0.08000,Near,0.16833
KC,200,560,rebound,0.83500,0.014089,0.21227213,97,0.48500,-0.35000,0.35000,2.48728111e-02,1.88481660,Middle,False,97,0.48500,Middle,0.15167
KC,200,561,contraction,0.48500,0.038961,0.13099033,136,0.68000,0.19500,0.19500,-2.25623471e-02,0.56074081,Far,True,33,0.16500,Near,0.01333
KC,200,562,rebound,0.68000,0.016399,0.17409975,57,0.28500,-0.39500,0.39500,8.00361590e-03,1.38762889,Near,False,57,0.28500,Near,0.04833
KC,200,563,contraction,0.28500,0.024403,0.07735065,183,0.91500,0.63000,0.63000,-2.00560930e-02,0.39012266,Far,True,16,0.08000,Near,0.24833
KC,200,564,rebound,0.91500,0.004347,0.22983663,108,0.54000,-0.37500,0.37500,3.73552827e-02,5.20574193,Middle,False,108,0.54000,Middle,0.12667
KC,200,565,contraction,0.54000,0.041702,0.14542545,71,0.35500,-0.18500,0.18500,-1.71297033e-02,0.66198385,Middle,False,71,0.35500,Middle,0.02167
KC,200,566,contraction,0.35500,0.024572,0.09489302,159,0.79500,0.44000,0.44000,-1.47407649e-02,0.54904145,Far,True,22,0.11000,Near,0.12833
KC,200,567,rebound,0.79500,0.009831,0.20120783,40,0.20000,-0.59500,0.59500,1.44986869e-02,2.04792853,Near,False,40,0.20000,Near,0.13333
KC,200,568,contraction,0.20000,0.024330,0.05608250,126,0.63000,0.43000,0.43000,-1.39395012e-02,0.48502814,Middle,True,9,0.04500,Near,0.03667
KC,200,569,contraction,0.63000,0.010391,0.16009763,19,0.09500,-0.53500,0.53500,-5.38665729e-03,0.84065947,Near,False,19,0.09500,Near,0.23833
KC,200,570,contraction,0.09500,0.005004,0.02500096,199,0.99500,0.90000,0.90000,-2.16829002e-03,0.37731180,Far,True,1,0.00500,Near,0.32833
KC,200,571,rebound,0.99500,0.002836,0.24945889,91,0.45500,-0.54000,0.54000,5.47373080e-02,8.84976632,Middle,False,91,0.45500,Middle,0.12167
KC,200,572,contraction,0.45500,0.057573,0.12814322,143,0.71500,0.26000,0.26000,-2.27893547e-02,0.53778873,Far,True,64,0.32000,Near,0.04833
KC,200,573,rebound,0.71500,0.034784,0.18744588,65,0.32500,-0.39000,0.39000,3.91431536e-03,1.10556422,Near,False,65,0.32500,Near,0.00833
KC,200,574,contraction,0.32500,0.038698,0.09092446,171,0.85500,0.53000,0.53000,-1.87542941e-02,0.49052856,Far,True,31,0.15500,Near,0.18833
KC,200,575,rebound,0.85500,0.019944,0.21873588,105,0.52500,-0.33000,0.33000,2.79952689e-02,2.06426849,Middle,False,105,0.52500,Middle,0.14167
KC,200,576,contraction,0.52500,0.047939,0.14323470,49,0.24500,-0.28000,0.28000,-2.06877073e-02,0.59288100,Near,False,49,0.24500,Near,0.08833
KC,200,577,contraction,0.24500,0.027251,0.06806277,152,0.76000,0.51500,0.51500,-1.13229706e-02,0.55147119,Far,True,11,0.05500,Near,0.09333
KC,200,578,rebound,0.76000,0.015928,0.19398203,82,0.41000,-0.35000,0.35000,8.15689762e-03,1.21040634,Middle,False,82,0.41000,Middle,0.07667
KC,200,579,contraction,0.41000,0.024085,0.10852126,179,0.89500,0.48500,0.48500,-1.44292815e-02,0.56834108,Far,True,22,0.11000,Near,0.22833
KC,200,580,rebound,0.89500,0.009656,0.22616394,117,0.58500,-0.31000,0.31000,3.37687376e-02,2.85305404,Middle,False,117,0.58500,Middle,0.08167
KC,200,581,contraction,0.58500,0.043424,0.15710612,58,0.29000,-0.29500,0.29500,-1.14073203e-02,0.74194798,Near,False,58,0.29000,Near,0.04333
KC,200,582,contraction,0.29000,0.032017,0.08050429,138,0.69000,0.40000,0.40000,-2.01299065e-02,0.46758677,Far,True,22,0.11000,Near,0.02333
KC,200,583,rebound,0.69000,0.011887,0.17547181,33,0.16500,-0.52500,0.52500,3.44371150e-03,1.17551393,Near,False,33,0.16500,Near,0.16833
KC,200,584,contraction,0.16500,0.015331,0.04508274,190,0.95000,0.78500,0.78500,-7.76975117e-03,0.39042151,Far,True,1,0.00500,Near,0.28333
KC,200,585,rebound,0.95000,0.007561,0.23939030,96,0.48000,-0.47000,0.47000,4.54193113e-02,4.17524040,Middle,False,96,0.48000,Middle,0.14667
KC,200,586,contraction,0.48000,0.052981,0.13324513,129,0.64500,0.16500,0.16500,-2.62079177e-02,0.54109200,Middle,True,73,0.36500,Middle,0.02167
KC,200,587,rebound,0.64500,0.026773,0.16794315,67,0.33500,-0.31000,0.31000,1.65890940e-04,1.00445373,Middle,False,67,0.33500,Middle,0.00167
KC,200,588,contraction,0.33500,0.026938,0.09048462,164,0.82000,0.48500,0.48500,-1.14604004e-02,0.54455672,Far,True,17,0.08500,Near,0.15333
KC,200,589,rebound,0.82000,0.015478,0.20886952,85,0.42500,-0.39500,0.39500,1.21508241e-02,1.41459227,Middle,False,85,0.42500,Middle,0.09167
KC,200,590,contraction,0.42500,0.027629,0.11315723,27,0.13500,-0.29000,0.29000,-1.71032582e-02,0.53481135,Near,False,27,0.13500,Near,0.19833
KC,200,591,contraction,0.13500,0.010526,0.03638142,176,0.88000,0.74500,0.74500,-3.35589282e-03,0.59458326,Far,True,1,0.00500,Near,0.21333
KC,200,592,rebound,0.88000,0.007170,0.22179244,112,0.56000,-0.32000,0.32000,2.88352883e-02,2.11939587,Middle,False,112,0.56000,Middle,0.10667
KC,200,593,contraction,0.56000,0.036005,0.14900127,53,0.26500,-0.29500,0.29500,-1.50862792e-02,0.66478775,Near,False,53,0.26500,Near,0.06833
KC,200,594,contraction,0.26500,0.020919,0.07147970,148,0.74000,0.47500,0.47500,-9.72174422e-03,0.58821238,Far,True,2,0.01000,Near,0.07333
KC,200,595,rebound,0.74000,0.011197,0.18779926,76,0.38000,-0.36000,0.36000,1.57525332e-03,1.03691690,Middle,False,76,0.38000,Middle,0.04667
KC,200,596,contraction,0.38000,0.012772,0.09819307,195,0.97500,0.59500,0.59500,-7.57504836e-03,0.53882797,Far,True,9,0.04500,Near,0.30833
KC,200,597,rebound,0.97500,0.005197,0.24504931,121,0.60500,-0.37000,0.37000,4.45007504e-02,4.25817833,Middle,False,121,0.60500,Middle,0.06167
KC,200,598,contraction,0.60500,0.049698,0.16367450,62,0.31000,-0.29500,0.29500,-1.36180349e-02,0.74095336,Near,False,62,0.31000,Near,0.02333
KC,200,599,contraction,0.31000,0.036080,0.08651999,157,0.78500,0.47500,0.47500,-1.28672595e-02,0.54442343,Far,True,24,0.12000,Near,0.11833
KC,200,600,rebound,0.78500,0.023213,0.20205317,98,0.49000,-0.29500,0.29500,1.29217483e-02,1.34392567,Middle,False,98,0.49000,Middle,0.15667
KC,200,601,contraction,0.49000,0.036134,0.13153361,37,0.18500,-0.30500,0.30500,-1.80538081e-02,0.55299938,Near,False,37,0.18500,Near,0.14833
KC,200,602,contraction,0.18500,0.018081,0.05077016,182,0.91000,0.72500,0.72500,-7.05407899e-03,0.51629398,Far,True,1,0.00500,Near,0.24333
KC,200,603,rebound,0.91000,0.011027,0.23025664,127,0.63500,-0.27500,0.27500,3.24230682e-02,2.68920414,Middle,False,127,0.63500,Middle,0.03167
KC,200,604,contraction,0.63500,0.043450,0.16961241,79,0.39500,-0.24000,0.24000,-5.11308851e-03,0.88827418,Middle,False,79,0.39500,Middle,0.06167
KC,200,605,contraction,0.39500,0.038337,0.10833413,144,0.72000,0.32500,0.32500,-2.20726365e-02,0.50072829,Far,True,28,0.14000,Near,0.05333
KC,200,606,rebound,0.72000,0.016264,0.18406598,50,0.25000,-0.47000,0.47000,8.97958617e-03,1.36301233,Near,False,50,0.25000,Near,0.08333
KC,200,607,contraction,0.25000,0.025243,0.06881087,169,0.84500,0.59500,0.59500,-1.64625738e-02,0.41907858,Far,True,12,0.06000,Near,0.17833
KC,200,608,rebound,0.84500,0.008781,0.21344523,102,0.51000,-0.33500,0.33500,2.64306039e-02,1.98260209,Middle,False,102,0.51000,Middle,0.15667
KC,200,609,contraction,0.51000,0.035212,0.13630288,32,0.16000,-0.35000,0.35000,-1.99023272e-02,0.59165703,Near,False,32,0.16000,Near,0.17333
KC,200,610,contraction,0.16000,0.015309,0.04382730,188,0.94000,0.78000,0.78000,-1.00186663e-02,0.42169245,Far,True,1,0.00500,Near,0.27333
KC,200,611,rebound,0.94000,0.005291,0.23632263,114,0.57000,-0.37000,0.37000,4.39147488e-02,4.18082294,Middle,False,114,0.57000,Middle,0.09667
KC,200,612,contraction,0.57000,0.049205,0.15480132,70,0.35000,-0.22000,0.22000,-1.32667831e-02,0.72792426,Middle,False,70,0.35000,Middle,0.01667
KC,200,613,contraction,0.35000,0.035938,0.09648462,151,0.75500,0.40500,0.40500,-1.64174440e-02,0.54010797,Far,True,19,0.09500,Near,0.08833
KC,200,614,rebound,0.75500,0.019521,0.19363026,87,0.43500,-0.32000,0.32000,5.39025820e-03,1.12928977,Middle,False,87,0.43500,Middle,0.10167
KC,200,615,contraction,0.43500,0.024911,0.11497783,25,0.12500,-0.31000,0.31000,-1.61029081e-02,0.56650356,Near,False,25,0.12500,Near,0.20833
KC,200,616,contraction,0.12500,0.008808,0.03345210,173,0.86500,0.74000,0.74000,-3.10962293e-03,0.58306177,Far,True,1,0.00500,Near,0.19833
KC,200,617,rebound,0.86500,0.005699,0.21767469,123,0.61500,-0.25000,0.25000,2.35617650e-02,1.87327645,Middle,False,123,0.61500,Middle,0.05167
KC,200,618,contraction,0.61500,0.029261,0.16106513,57,0.28500,-0.33000,0.33000,-3.42861742e-03,0.90600618,Near,False,57,0.28500,Near,0.04833
KC,200,619,contraction,0.28500,0.025832,0.07770798,194,0.97000,0.68500,0.68500,-2.24601249e-02,0.42027210,Far,True,6,0.03000,Near,0.30333
KC,200,620,rebound,0.97000,0.003372,0.24334295,99,0.49500,-0.47500,0.47500,5.14458440e-02,8.91382094,Middle,False,99,0.49500,Middle,0.16167
KC,200,621,contraction,0.49500,0.054818,0.13745441,138,0.69000,0.19500,0.19500,-1.84435213e-02,0.61655398,Far,True,74,0.37000,Middle,0.02333
KC,200,622,rebound,0.69000,0.036374,0.18159353,67,0.33500,-0.35500,0.35500,8.13534247e-04,1.02052256,Middle,False,67,0.33500,Middle,0.00167
KC,200,623,contraction,0.33500,0.037188,0.09304691,161,0.80500,0.47000,0.47000,-1.79972001e-02,0.45900107,Far,True,31,0.15500,Near,0.13833
KC,200,624,rebound,0.80500,0.019190,0.20604761,84,0.42000,-0.38500,0.38500,1.46381426e-02,1.54096069,Middle,False,84,0.42000,Middle,0.08667
KC,200,625,contraction,0.42000,0.033829,0.11345715,34,0.17000,-0.25000,0.25000,-1.94237223e-02,0.55213268,Near,False,34,0.17000,Near,0.16333
KC,200,626,contraction,0.17000,0.014405,0.04610122,178,0.89000,0.72000,0.72000,-6.33597951e-03,0.58526028,Far,True,1,0.00500,Near,0.22333
KC,200,627,rebound,0.89000,0.008069,0.22451722,116,0.58000,-0.31000,0.31000,3.41838678e-02,2.68315541,Middle,False,116,0.58000,Middle,0.08667
KC,200,628,contraction,0.58000,0.042253,0.15556319,55,0.27500,-0.30500,0.30500,-1.80045578e-02,0.65379582,Near,False,55,0.27500,Near,0.05833
KC,200,629,contraction,0.27500,0.024248,0.07481205,146,0.73000,0.45500,0.45500,-9.50523770e-03,0.60916457,Far,True,9,0.04500,Near,0.06333
KC,200,630,rebound,0.73000,0.014743,0.18618574,93,0.46500,-0.26500,0.26500,1.54849815e-03,1.03458796,Middle,False,93,0.46500,Middle,0.13167
KC,200,631,contraction,0.46500,0.016291,0.12032287,20,0.10000,-0.36500,0.36500,-1.09076480e-02,0.56881455,Near,False,20,0.10000,Near,0.23333
KC,200,632,contraction,0.10000,0.005384,0.02634595,198,0.99000,0.89000,0.89000,-2.29133458e-03,0.41420735,Far,True,1,0.00500,Near,0.32333
KC,200,633,rebound,0.99000,0.003092,0.24827312,126,0.63000,-0.36000,0.36000,4.61398972e-02,7.20873847,Middle,False,126,0.63000,Middle,0.03667
KC,200,634,contraction,0.63000,0.049232,0.16980809,73,0.36500,-0.26500,0.26500,-7.21620177e-03,0.84530886,Middle,False,73,0.36500,Middle,0.03167
KC,200,635,contraction,0.36500,0.042016,0.10175404,158,0.79000,0.42500,0.42500,-1.62699106e-02,0.51789651,Far,True,41,0.20500,Near,0.12333
KC,200,636,rebound,0.79000,0.025746,0.20393657,103,0.51500,-0.27500,0.27500,1.05889185e-02,1.27150025,Middle,False,103,0.51500,Middle,0.15167
KC,200,637,contraction,0.51500,0.036335,0.13783380,45,0.22500,-0.29000,0.29000,-1.27113807e-02,0.66337457,Near,False,45,0.22500,Near,0.10833
KC,200,638,contraction,0.22500,0.023624,0.06215595,171,0.85500,0.63000,0.63000,-9.01196332e-03,0.47354028,Far,True,6,0.03000,Near,0.18833
KC,200,639,rebound,0.85500,0.014612,0.21740296,85,0.42500,-0.43000,0.43000,1.81853754e-02,1.52546459,Middle,False,85,0.42500,Middle,0.09167
KC,200,640,contraction,0.42500,0.032797,0.11444930,136,0.68000,0.25500,0.25500,-1.43364328e-02,0.63591533,Far,True,28,0.14000,Near,0.01333
KC,200,641,contraction,0.68000,0.018461,0.17461520,53,0.26500,-0.41500,0.41500,-3.22912741e-04,0.99059484,Near,False,53,0.26500,Near,0.06833
KC,200,642,contraction,0.26500,0.018138,0.07078447,185,0.92500,0.66000,0.66000,-7.45876097e-03,0.42899450,Far,True,8,0.04000,Near,0.25833
KC,200,643,rebound,0.92500,0.010679,0.23391978,111,0.55500,-0.37000,0.37000,3.38630669e-02,2.42296352,Middle,False,111,0.55500,Middle,0.11167
KC,200,644,contraction,0.55500,0.044542,0.14988554,68,0.34000,-0.21500,0.21500,-1.83716058e-02,0.64893219,Middle,False,68,0.34000,Middle,0.00667
KC,200,645,contraction,0.34000,0.026171,0.09154264,153,0.76500,0.42500,0.42500,-8.97749622e-03,0.65103697,Far,True,21,0.10500,Near,0.09833
KC,200,646,rebound,0.76500,0.017193,0.19554827,37,0.18500,-0.58000,0.58000,3.65951095e-03,1.14485210,Near,False,37,0.18500,Near,0.14833
KC,200,647,contraction,0.18500,0.020853,0.05146315,129,0.64500,0.46000,0.46000,-1.10064613e-02,0.52283185,Middle,True,4,0.02000,Near,0.02167
KC,200,648,contraction,0.64500,0.009846,0.16371153,191,0.95500,0.31000,0.31000,-2.99911042e-03,0.89186675,Far,True,81,0.40500,Middle,0.28833
KC,200,649,rebound,0.95500,0.006847,0.24046175,90,0.45000,-0.50500,0.50500,5.20466252e-02,8.33342580,Middle,False,90,0.45000,Middle,0.11667
KC,200,650,contraction,0.45000,0.058894,0.12722341,142,0.71000,0.26000,0.26000,-3.11157620e-02,0.49647493,Far,True,60,0.30000,Near,0.04333
KC,200,651,rebound,0.71000,0.027778,0.18444447,61,0.30500,-0.40500,0.40500,1.16880945e-02,1.43708525,Near,False,61,0.30500,Near,0.02833
KC,200,652,contraction,0.30500,0.039466,0.08611649,166,0.83000,0.52500,0.52500,-2.23561467e-02,0.43932932,Far,True,25,0.12500,Near,0.16333
KC,200,653,rebound,0.83000,0.017110,0.21177746,101,0.50500,-0.32500,0.32500,2.48551821e-02,1.88503353,Middle,False,101,0.50500,Middle,0.16167
KC,200,654,contraction,0.50500,0.041965,0.13674125,43,0.21500,-0.29000,0.29000,-1.93624171e-02,0.57710809,Near,False,43,0.21500,Near,0.11833
KC,200,655,contraction,0.21500,0.022603,0.05940065,180,0.90000,0.68500,0.68500,-1.28752046e-02,0.45437507,Far,True,8,0.04000,Near,0.23333
KC,200,656,rebound,0.90000,0.009727,0.22743185,117,0.58500,-0.31500,0.31500,3.56439504e-02,2.83904238,Middle,False,117,0.58500,Middle,0.08167
KC,200,657,contraction,0.58500,0.045371,0.15759283,75,0.37500,-0.21000,0.21000,-1.21139093e-02,0.75356256,Middle,False,75,0.37500,Middle,0.04167
KC,200,658,contraction,0.37500,0.033257,0.10206436,149,0.74500,0.37000,0.37000,-1.93835172e-02,0.50287740,Far,True,24,0.12000,Near,0.07833
KC,200,659,rebound,0.74500,0.013874,0.18971848,51,0.25500,-0.49000,0.49000,8.86610382e-03,1.41383694,Near,False,51,0.25500,Near,0.07833
KC,200,660,contraction,0.25500,0.022740,0.06943500,174,0.87000,0.61500,0.61500,-1.86872460e-02,0.44174194,Far,True,12,0.06000,Near,0.20333
KC,200,661,rebound,0.87000,0.004053,0.21851319,95,0.47500,-0.39500,0.39500,3.44961386e-02,3.04558925,Middle,False,95,0.47500,Middle,0.14167
KC,200,662,contraction,0.47500,0.038549,0.12838723,127,0.63500,0.16000,0.16000,-2.32978036e-02,0.56213875,Middle,True,31,0.15500,Near,0.03167
KC,200,663,rebound,0.63500,0.015251,0.16256278,35,0.17500,-0.46000,0.46000,3.27499897e-03,1.16790207,Near,False,35,0.17500,Near,0.15833
KC,200,664,contraction,0.17500,0.018526,0.04838153,196,0.98000,0.80500,0.80500,-1.51824243e-02,0.31191296,Far,True,1,0.00500,Near,0.31333
KC,200,665,rebound,0.98000,0.003344,0.24583592,84,0.42000,-0.56000,0.56000,4.90465774e-02,5.72386124,Middle,False,84,0.42000,Middle,0.08667
KC,200,666,contraction,0.42000,0.052390,0.11809756,139,0.69500,0.27500,0.27500,-1.91086163e-02,0.56986346,Far,True,63,0.31500,Near,0.02833
KC,200,667,contraction,0.69500,0.033282,0.18207041,63,0.31500,-0.38000,0.38000,-1.32250723e-03,0.96743295,Near,False,63,0.31500,Near,0.01833
KC,200,668,contraction,0.31500,0.031959,0.08673978,160,0.80000,0.48500,0.48500,-1.29595670e-02,0.51957029,Far,True,19,0.09500,Near,0.13333
KC,200,669,rebound,0.80000,0.019000,0.20474989,107,0.53500,-0.26500,0.26500,1.52274805e-02,1.42643049,Middle,False,107,0.53500,Middle,0.13167
KC,200,670,contraction,0.53500,0.034227,0.14230676,42,0.21000,-0.32500,0.32500,-1.46439191e-02,0.63343793,Near,False,42,0.21000,Near,0.12333
KC,200,671,contraction,0.21000,0.019583,0.05739578,184,0.92000,0.71000,0.71000,-1.04017642e-02,0.40175929,Far,True,5,0.02500,Near,0.25333
KC,200,672,rebound,0.92000,0.009181,0.23229534,119,0.59500,-0.32500,0.32500,3.47756642e-02,2.65717779,Middle,False,119,0.59500,Middle,0.07167
KC,200,673,contraction,0.59500,0.043957,0.15973926,74,0.37000,-0.22500,0.22500,-9.41208462e-03,0.79894903,Middle,False,74,0.37000,Middle,0.03667
KC,200,674,contraction,0.37000,0.034545,0.10113624,154,0.77000,0.40000,0.40000,-1.80733267e-02,0.51275465,Far,True,24,0.12000,Near,0.10333
KC,200,675,rebound,0.77000,0.016472,0.19661790,54,0.27000,-0.50000,0.50000,9.96577449e-03,1.36031072,Near,False,54,0.27000,Near,0.06333
KC,200,676,contraction,0.27000,0.026437,0.07410935,133,0.66500,0.39500,0.39500,-1.81519225e-02,0.47823612,Middle,True,15,0.07500,Near,0.00167
KC,200,677,rebound,0.66500,0.008285,0.16832137,26,0.13000,-0.53500,0.53500,1.26150314e-03,1.07343255,Near,False,26,0.13000,Near,0.20333
KC,200,678,contraction,0.13000,0.009547,0.03488674,189,0.94500,0.81500,0.81500,-4.41157393e-03,0.41715620,Far,True,1,0.00500,Near,0.27833
KC,200,679,rebound,0.94500,0.005135,0.23753385,94,0.47000,-0.47500,0.47500,4.59519306e-02,4.48535167,Middle,False,94,0.47000,Middle,0.13667
KC,200,680,contraction,0.47000,0.051087,0.13027183,145,0.72500,0.25500,0.25500,-2.93386181e-02,0.51774963,Far,True,68,0.34000,Middle,0.05833
KC,200,681,rebound,0.72500,0.021749,0.18668718,67,0.33500,-0.39000,0.39000,1.28389624e-02,1.45123094,Middle,False,67,0.33500,Middle,0.00167
KC,200,682,contraction,0.33500,0.034588,0.09239692,169,0.84500,0.51000,0.51000,-2.15677662e-02,0.46647253,Far,True,33,0.16500,Near,0.17833
KC,200,683,rebound,0.84500,0.013020,0.21450498,104,0.52000,-0.32500,0.32500,2.73153674e-02,2.04913806,Middle,False,104,0.52000,Middle,0.14667
KC,200,684,contraction,0.52000,0.040335,0.14008382,45,0.22500,-0.29500,0.29500,-1.67097880e-02,0.60509556,Near,False,45,0.22500,Near,0.10833
KC,200,685,contraction,0.22500,0.023625,0.06215637,177,0.88500,0.66000,0.66000,-1.82281662e-02,0.43725098,Far,True,8,0.04000,Near,0.21833
KC,200,686,rebound,0.88500,0.005397,0.22259933,115,0.57500,-0.31000,0.31000,3.46074050e-02,2.80270459,Middle,False,115,0.57500,Middle,0.09167
KC,200,687,contraction,0.57500,0.040005,0.15375118,76,0.38000,-0.19500,0.19500,-1.21152406e-02,0.75029828,Middle,False,76,0.38000,Middle,0.04667
KC,200,688,contraction,0.38000,0.027889,0.10197237,150,0.75000,0.37000,0.37000,-2.01024216e-02,0.51337486,Far,True,22,0.11000,Near,0.08333
KC,200,689,rebound,0.75000,0.007787,0.18944677,38,0.19000,-0.56000,0.56000,1.30345876e-02,2.02204982,Near,False,38,0.19000,Near,0.14333
KC,200,690,contraction,0.19000,0.020822,0.05270541,199,0.99500,0.80500,0.80500,-1.84222230e-02,0.38634556,Far,True,4,0.02000,Near,0.32833
KC,200,691,rebound,0.99500,0.002399,0.24934986,98,0.49000,-0.50500,0.50500,5.88322621e-02,31.50511233,Middle,False,98,0.49000,Middle,0.15667
KC,200,692,contraction,0.49000,0.061232,0.13780792,130,0.65000,0.16000,0.16000,-2.09750891e-02,0.60100655,Middle,True,64,0.32000,Near,0.01667
KC,200,693,contraction,0.65000,0.040257,0.17256415,62,0.31000,-0.34000,0.34000,-4.05087585e-03,0.90139151,Near,False,62,0.31000,Near,0.02333
KC,200,694,contraction,0.31000,0.036206,0.08655143,163,0.81500,0.50500,0.50500,-1.44085914e-02,0.48167449,Far,True,22,0.11000,Near,0.14833
KC,200,695,rebound,0.81500,0.021797,0.20919928,86,0.43000,-0.38500,0.38500,1.44692272e-02,1.39335231,Middle,False,86,0.43000,Middle,0.09667
KC,200,696,contraction,0.43000,0.036266,0.11656659,140,0.70000,0.27000,0.27000,-2.02828557e-02,0.55711390,Far,True,30,0.15000,Near,0.03333
KC,200,697,rebound,0.70000,0.015984,0.17899588,46,0.23000,-0.47000,0.47000,8.09074260e-03,1.39116197,Near,False,46,0.23000,Near,0.10333
KC,200,698,contraction,0.23000,0.024074,0.06351856,182,0.91000,0.68000,0.68000,-1.33368190e-02,0.40045936,Far,True,11,0.05500,Near,0.24333
KC,200,699,rebound,0.91000,0.010737,0.23018436,108,0.54000,-0.37000,0.37000,3.57867360e-02,2.67765749,Middle,False,108,0.54000,Middle,0.12667
KC,200,700,contraction,0.54000,0.046524,0.14663104,70,0.35000,-0.19000,0.19000,-1.97105817e-02,0.63036299,Middle,False,70,0.35000,Middle,0.01667
KC,200,701,contraction,0.35000,0.026814,0.09420340,157,0.78500,0.43500,0.43500,-1.31873366e-02,0.55075507,Far,True,20,0.10000,Near,0.11833
KC,200,702,rebound,0.78500,0.013626,0.19965656,39,0.19500,-0.59000,0.59000,8.68491149e-03,1.43267493,Near,False,39,0.19500,Near,0.13833
KC,200,703,contraction,0.19500,0.022311,0.05432779,123,0.61500,0.42000,0.42000,-9.06971066e-03,0.58685155,Middle,True,7,0.03500,Near,0.05167
KC,200,704,contraction,0.61500,0.013241,0.15706036,192,0.96000,0.34500,0.34500,-5.82729431e-03,0.76795372,Far,True,17,0.08500,Near,0.29333
KC,200,705,rebound,0.96000,0.007414,0.24185354,90,0.45000,-0.51000,0.51000,4.97410815e-02,6.21373390,Middle,False,90,0.45000,Middle,0.11667
KC,200,706,contraction,0.45000,0.057155,0.12678881,136,0.68000,0.23000,0.23000,-2.74026657e-02,0.50439490,Far,True,58,0.29000,Near,0.01333
KC,200,707,rebound,0.68000,0.029753,0.17743814,58,0.29000,-0.39000,0.39000,5.64344517e-03,1.18383512,Near,False,58,0.29000,Near,0.04333
KC,200,708,contraction,0.29000,0.035396,0.08134900,171,0.85500,0.56500,0.56500,-1.77945035e-02,0.41337517,Far,True,21,0.10500,Near,0.18833
KC,200,709,rebound,0.85500,0.017602,0.21815038,101,0.50500,-0.35000,0.35000,2.51554816e-02,1.85630846,Middle,False,101,0.50500,Middle,0.16167
KC,200,710,contraction,0.50500,0.042757,0.13693925,43,0.21500,-0.29000,0.29000,-2.07935463e-02,0.58068061,Near,False,43,0.21500,Near,0.11833
KC,200,711,contraction,0.21500,0.021963,0.05924086,151,0.75500,0.54000,0.54000,-8.39266691e-03,0.57432246,Far,True,8,0.04000,Near,0.08833
KC,200,712,rebound,0.75500,0.013571,0.19214269,78,0.39000,-0.36500,0.36500,7.23181859e-03,1.18862042,Middle,False,78,0.39000,Middle,0.05667
KC,200,713,contraction,0.39000,0.020803,0.10270065,186,0.93000,0.54000,0.54000,-1.33075905e-02,0.53909399,Far,True,15,0.07500,Near,0.26333
KC,200,714,rebound,0.93000,0.007495,0.23437375,115,0.57500,-0.35500,0.35500,3.98064354e-02,3.31680676,Middle,False,115,0.57500,Middle,0.09167
KC,200,715,contraction,0.57500,0.047301,0.15557536,62,0.31000,-0.26500,0.26500,-1.55370562e-02,0.68519018,Near,False,62,0.31000,Near,0.02333
KC,200,716,contraction,0.31000,0.031764,0.08544110,144,0.72000,0.41000,0.41000,-1.58533464e-02,0.52405231,Far,True,22,0.11000,Near,0.05333
KC,200,717,rebound,0.72000,0.015911,0.18397776,35,0.17500,-0.54500,0.54500,2.39536491e-03,1.10208649,Near,False,35,0.17500,Near,0.15833
KC,200,718,contraction,0.17500,0.018306,0.04832660,175,0.87500,0.70000,0.70000,-9.61819930e-03,0.44188141,Far,True,1,0.00500,Near,0.20833
KC,200,719,rebound,0.87500,0.008688,0.22092205,94,0.47000,-0.40500,0.40500,3.48402525e-02,2.72600812,Middle,False,94,0.47000,Middle,0.13667
KC,200,720,contraction,0.47000,0.043528,0.12838211,127,0.63500,0.16500,0.16500,-2.52182969e-02,0.54285304,Middle,True,53,0.26500,Near,0.03167
KC,200,721,rebound,0.63500,0.018310,0.16332754,51,0.25500,-0.38000,0.38000,6.78537441e-04,1.02235737,Near,False,51,0.25500,Near,0.07833
KC,200,722,contraction,0.25500,0.018989,0.06849717,195,0.97500,0.72000,0.72000,-1.48325401e-02,0.39919959,Far,True,6,0.03000,Near,0.30833
KC,200,723,rebound,0.97500,0.004156,0.24478904,106,0.53000,-0.44500,0.44500,4.63917665e-02,6.12247289,Middle,False,106,0.53000,Middle,0.13667
KC,200,724,contraction,0.53000,0.050548,0.14513698,155,0.77500,0.24500,0.24500,-1.90675598e-02,0.62282756,Far,True,72,0.36000,Middle,0.10833
KC,200,725,rebound,0.77500,0.031480,0.20162009,73,0.36500,-0.41000,0.41000,2.01427781e-02,1.76776184,Middle,False,73,0.36500,Middle,0.03167
KC,200,726,contraction,0.36500,0.051623,0.10415579,134,0.67000,0.30500,0.30500,-2.94321155e-02,0.44850680,Far,True,38,0.19000,Near,0.00333
KC,200,727,rebound,0.67000,0.022191,0.17304776,44,0.22000,-0.45000,0.45000,3.61972941e-03,1.14404957,Near,False,44,0.22000,Near,0.11333
KC,200,728,contraction,0.22000,0.025811,0.06145269,167,0.83500,0.61500,0.61500,-1.30165729e-02,0.39792319,Far,True,12,0.06000,Near,0.16833
KC,200,729,rebound,0.83500,0.012794,0.21194855,89,0.44500,-0.39000,0.39000,2.36374481e-02,1.82585756,Middle,False,89,0.44500,Middle,0.11167
KC,200,730,contraction,0.44500,0.036432,0.12035791,27,0.13500,-0.31000,0.31000,-2.59585600e-02,0.52139772,Near,False,27,0.13500,Near,0.19833
KC,200,731,contraction,0.13500,0.010473,0.03636827,181,0.90500,0.77000,0.77000,-2.63186681e-03,0.56929032,Far,True,1,0.00500,Near,0.23833
KC,200,732,rebound,0.90500,0.007841,0.22821030,113,0.56500,-0.34000,0.34000,3.75315337e-02,3.06471256,Middle,False,113,0.56500,Middle,0.10167
KC,200,733,contraction,0.56500,0.045373,0.15259318,65,0.32500,-0.24000,0.24000,-1.67270914e-02,0.66959041,Near,False,65,0.32500,Near,0.00833
KC,200,734,contraction,0.32500,0.028646,0.08841141,147,0.73500,0.41000,0.41000,-1.38314378e-02,0.56064309,Far,True,11,0.05500,Near,0.06833
KC,200,735,rebound,0.73500,0.014814,0.18745355,82,0.41000,-0.32500,0.32500,1.27733304e-03,1.02898571,Middle,False,82,0.41000,Middle,0.07667
KC,200,736,contraction,0.41000,0.016092,0.10652289,190,0.95000,0.54000,0.54000,-1.16966848e-02,0.55808350,Far,True,16,0.08000,Near,0.28333
KC,200,737,rebound,0.95000,0.004395,0.23859871,121,0.60500,-0.34500,0.34500,4.22326719e-02,7.43567544,Middle,False,121,0.60500,Middle,0.06167
KC,200,738,contraction,0.60500,0.046628,0.16290688,54,0.27000,-0.33500,0.33500,-8.54940378e-03,0.79171955,Near,False,54,0.27000,Near,0.06333
KC,200,739,contraction,0.27000,0.038078,0.07701953,160,0.80000,0.53000,0.53000,-1.79450865e-02,0.44563560,Far,True,22,0.11000,Near,0.13333
KC,200,740,rebound,0.80000,0.020133,0.20503326,97,0.48500,-0.31500,0.31500,1.79047309e-02,1.53755932,Middle,False,97,0.48500,Middle,0.15167
KC,200,741,contraction,0.48500,0.038038,0.13075944,36,0.18000,-0.30500,0.30500,-2.04054833e-02,0.54177135,Near,False,36,0.18000,Near,0.15333
KC,200,742,contraction,0.18000,0.017632,0.04940807,139,0.69500,0.51500,0.51500,-8.85592022e-03,0.54202302,Far,True,1,0.00500,Near,0.02833
KC,200,743,contraction,0.69500,0.008776,0.17594409,71,0.35500,-0.34000,0.34000,-6.65395482e-04,0.98375190,Middle,False,71,0.35500,Middle,0.02167
KC,200,744,contraction,0.35500,0.008111,0.09077774,178,0.89000,0.53500,0.53500,-4.21222343e-03,0.68629417,Far,True,2,0.01000,Near,0.22333
KC,200,745,rebound,0.89000,0.003899,0.22347469,108,0.54000,-0.35000,0.35000,2.40744273e-02,2.08521147,Middle,False,108,0.54000,Middle,0.12667
KC,200,746,contraction,0.54000,0.027973,0.14199329,45,0.22500,-0.31500,0.31500,-1.22860933e-02,0.67717178,Near,False,45,0.22500,Near,0.10833
KC,200,747,contraction,0.22500,0.015687,0.06017177,165,0.82500,0.60000,0.60000,-1.24355038e-02,0.45595755,Far,True,2,0.01000,Near,0.15833
KC,200,748,rebound,0.82500,0.003252,0.20706289,85,0.42500,-0.40000,0.40000,1.97847381e-02,1.79303099,Middle,False,85,0.42500,Middle,0.09167
KC,200,749,contraction,0.42500,0.023036,0.11200908,19,0.09500,-0.33000,0.33000,-1.82425764e-02,0.57392671,Near,False,19,0.09500,Near,0.23833
KC,200,750,contraction,0.09500,0.004794,0.02494843,197,0.98500,0.89000,0.89000,-1.97839666e-03,0.60505904,Far,True,1,0.00500,Near,0.31833
KC,200,751,rebound,0.98500,0.002815,0.24695384,125,0.62500,-0.36000,0.36000,5.28311115e-02,14.03833694,Middle,False,125,0.62500,Middle,0.04167
KC,200,752,contraction,0.62500,0.055646,0.17016161,68,0.34000,-0.28500,0.28500,-1.37568534e-02,0.74199843,Middle,False,68,0.34000,Middle,0.00667
KC,200,753,contraction,0.34000,0.041890,0.09547240,149,0.74500,0.40500,0.40500,-1.46305299e-02,0.56511110,Far,True,37,0.18500,Near,0.07833
KC,200,754,rebound,0.74500,0.027259,0.19306477,99,0.49500,-0.25000,0.25000,4.54469174e-03,1.10395786,Middle,False,99,0.49500,Middle,0.16167
KC,200,755,contraction,0.49500,0.031804,0.13170094,39,0.19500,-0.30000,0.30000,-1.54524295e-02,0.60082766,Near,False,39,0.19500,Near,0.13833
KC,200,756,contraction,0.19500,0.016351,0.05283783,173,0.86500,0.67000,0.67000,-5.15930621e-03,0.55072035,Far,True,1,0.00500,Near,0.19833
KC,200,757,rebound,0.86500,0.011192,0.21904801,115,0.57500,-0.29000,0.29000,2.10652387e-02,1.65275450,Middle,False,115,0.57500,Middle,0.09167
KC,200,758,contraction,0.57500,0.032257,0.15181432,59,0.29500,-0.28000,0.28000,-9.98015841e-03,0.76240666,Near,False,59,0.29500,Near,0.03833
KC,200,759,contraction,0.29500,0.022277,0.07931928,156,0.78000,0.48500,0.48500,-1.48369410e-02,0.50974264,Far,True,9,0.04500,Near,0.11333
KC,200,760,rebound,0.78000,0.007440,0.19686004,81,0.40500,-0.37500,0.37500,1.20285101e-02,1.39906667,Middle,False,81,0.40500,Middle,0.07167
KC,200,761,contraction,0.40500,0.019469,0.10611717,187,0.93500,0.53000,0.53000,-1.34416154e-02,0.54439173,Far,True,18,0.09000,Near,0.26833
KC,200,762,rebound,0.93500,0.006027,0.23525676,105,0.52500,-0.41000,0.41000,3.79084661e-02,5.13481315,Middle,False,105,0.52500,Middle,0.14167
KC,200,763,contraction,0.52500,0.043936,0.14223388,47,0.23500,-0.29000,0.29000,-1.66855247e-02,0.64381926,Near,False,47,0.23500,Near,0.09833
KC,200,764,contraction,0.23500,0.027250,0.06556250,138,0.69000,0.45500,0.45500,-7.39264901e-03,0.65648175,Far,True,13,0.06500,Near,0.02333
KC,200,765,contraction,0.69000,0.019857,0.17746434,71,0.35500,-0.33500,0.33500,-8.19039348e-03,0.83302465,Middle,False,71,0.35500,Middle,0.02167
KC,200,766,contraction,0.35500,0.011667,0.09166674,169,0.84500,0.49000,0.49000,-6.68145656e-03,0.64419035,Far,True,10,0.05000,Near,0.17833
KC,200,767,rebound,0.84500,0.004986,0.21249638,94,0.47000,-0.37500,0.37500,1.76520536e-02,2.18695536,Middle,False,94,0.47000,Middle,0.13667
KC,200,768,contraction,0.47000,0.022638,0.12315939,27,0.13500,-0.33500,0.33500,-1.19277279e-02,0.61883316,Near,False,27,0.13500,Near,0.19833
KC,200,769,contraction,0.13500,0.010710,0.03642746,193,0.96500,0.83000,0.83000,-7.13122763e-03,0.45794877,Far,True,1,0.00500,Near,0.29833
KC,200,770,rebound,0.96500,0.003579,0.24214465,123,0.61500,-0.35000,0.35000,4.78186343e-02,6.85096260,Middle,False,123,0.61500,Middle,0.05167
KC,200,771,contraction,0.61500,0.051397,0.16659931,64,0.32000,-0.29500,0.29500,-1.40656838e-02,0.73140829,Near,False,64,0.32000,Near,0.01333
KC,200,772,contraction,0.32000,0.037332,0.08933289,146,0.73000,0.41000,0.41000,-1.26382306e-02,0.58335310,Far,True,36,0.18000,Near,0.06333
KC,200,773,rebound,0.73000,0.024693,0.18867333,87,0.43500,-0.29500,0.29500,8.07686651e-05,1.00174482,Middle,False,87,0.43500,Middle,0.10167
KC,200,774,contraction,0.43500,0.024774,0.11494352,176,0.88000,0.44500,0.44500,-1.46208259e-02,0.55187872,Far,True,33,0.16500,Near,0.21333
KC,200,775,rebound,0.88000,0.010153,0.22253832,110,0.55000,-0.33000,0.33000,2.94880013e-02,3.54880638,Middle,False,110,0.55000,Middle,0.11667
KC,200,776,contraction,0.55000,0.039641,0.14741032,48,0.24000,-0.31000,0.31000,-9.16230049e-03,0.75141936,Near,False,48,0.24000,Near,0.09333
KC,200,777,contraction,0.24000,0.030479,0.06761974,154,0.77000,0.53000,0.53000,-1.77919909e-02,0.42564775,Far,True,15,0.07500,Near,0.10333
KC,200,778,rebound,0.77000,0.012687,0.19567174,75,0.37500,-0.39500,0.39500,1.07984078e-02,1.30897438,Middle,False,75,0.37500,Middle,0.04167
KC,200,779,contraction,0.37500,0.023485,0.09962134,19,0.09500,-0.28000,0.28000,-1.87431055e-02,0.53463622,Near,False,19,0.09500,Near,0.23833
KC,200,780,contraction,0.09500,0.004742,0.02493557,184,0.92000,0.82500,0.82500,-9.23624389e-04,0.66521790,Far,True,1,0.00500,Near,0.25333
KC,200,781,rebound,0.92000,0.003819,0.23095466,119,0.59500,-0.32500,0.32500,3.77217067e-02,3.35293036,Middle,False,119,0.59500,Middle,0.07167
KC,200,782,contraction,0.59500,0.041540,0.15913509,60,0.30000,-0.29500,0.29500,-1.48574799e-02,0.71214448,Near,False,60,0.30000,Near,0.03333
KC,200,783,contraction,0.30000,0.026683,0.08167072,140,0.70000,0.40000,0.40000,-1.32429754e-02,0.56879501,Far,True,6,0.03000,Near,0.03333
KC,200,784,contraction,0.70000,0.013440,0.17835998,92,0.46000,-0.24000,0.24000,-8.05620802e-04,0.98214107,Middle,False,92,0.46000,Middle,0.12667
KC,200,785,contraction,0.46000,0.012634,0.11815857,26,0.13000,-0.33000,0.33000,-8.82113312e-03,0.63410022,Near,False,26,0.13000,Near,0.20333
KC,200,786,contraction,0.13000,0.003813,0.03345329,198,0.99000,0.86000,0.86000,-1.66066661e-03,0.59072945,Far,True,1,0.00500,Near,0.32333
KC,200,787,rebound,0.99000,0.002152,0.24803812,128,0.64000,-0.35000,0.35000,4.09966148e-02,10.43698699,Middle,False,128,0.64000,Middle,0.02667
KC,200,788,contraction,0.64000,0.043149,0.17078727,71,0.35500,-0.28500,0.28500,-5.21182145e-03,0.88295815,Middle,False,71,0.35500,Middle,0.02167
KC,200,789,contraction,0.35500,0.037937,0.09823432,162,0.81000,0.45500,0.45500,-1.12682514e-02,0.57493838,Far,True,40,0.20000,Near,0.14333
KC,200,790,rebound,0.81000,0.026669,0.20916726,101,0.50500,-0.30500,0.30500,1.23562861e-02,1.30944637,Middle,False,101,0.50500,Middle,0.16167
KC,200,791,contraction,0.50500,0.039025,0.13600633,45,0.22500,-0.28000,0.28000,-1.64979303e-02,0.60319305,Near,False,45,0.22500,Near,0.10833
KC,200,792,contraction,0.22500,0.022527,0.06188184,171,0.85500,0.63000,0.63000,-7.51843965e-03,0.53412070,Far,True,6,0.03000,Near,0.18833
KC,200,793,rebound,0.85500,0.015009,0.21750223,114,0.57000,-0.28500,0.28500,1.91356829e-02,1.56002015,Middle,False,114,0.57000,Middle,0.09667
KC,200,794,contraction,0.57000,0.034145,0.15103616,63,0.31500,-0.25500,0.25500,-1.13226668e-02,0.74367761,Near,False,63,0.31500,Near,0.01833
KC,200,795,contraction,0.31500,0.022822,0.08445549,150,0.75000,0.43500,0.43500,-1.18266188e-02,0.57547083,Far,True,14,0.07000,Near,0.08333
KC,200,796,rebound,0.75000,0.010995,0.19024883,34,0.17000,-0.58000,0.58000,4.22425332e-03,1.19613053,Near,False,34,0.17000,Near,0.16333
KC,200,797,contraction,0.17000,0.015220,0.04630490,188,0.94000,0.77000,0.77000,-7.85191501e-03,0.43168273,Far,True,1,0.00500,Near,0.27333
KC,200,798,rebound,0.94000,0.007368,0.23684192,94,0.47000,-0.47000,0.47000,4.54640039e-02,4.45588095,Middle,False,94,0.47000,Middle,0.13667
KC,200,799,contraction,0.47000,0.052832,0.13070792,133,0.66500,0.19500,0.19500,-2.24933601e-02,0.56574370,Middle,True,77,0.38500,Middle,0.00167
KC,200,800,contraction,0.66500,0.030338,0.17383458,69,0.34500,-0.32000,0.32000,-1.90452383e-03,0.95375887,Middle,False,69,0.34500,Middle,0.01167
KC,200,801,contraction,0.34500,0.028434,0.09335845,166,0.83000,0.48500,0.48500,-1.68711538e-02,0.46726069,Far,True,19,0.09500,Near,0.16333
KC,200,802,rebound,0.83000,0.011563,0.21039066,106,0.53000,-0.30000,0.30000,1.91673097e-02,1.83609594,Middle,False,106,0.53000,Middle,0.13667
KC,200,803,contraction,0.53000,0.030730,0.14018249,43,0.21500,-0.31500,0.31500,-9.95397990e-03,0.71673780,Near,False,43,0.21500,Near,0.11833
KC,200,804,contraction,0.21500,0.020776,0.05894399,180,0.90000,0.68500,0.68500,-1.43495620e-02,0.40286131,Far,True,6,0.03000,Near,0.23333
KC,200,805,rebound,0.90000,0.006426,0.22660660,84,0.42000,-0.48000,0.48000,3.21995798e-02,2.41078077,Middle,False,84,0.42000,Middle,0.08667
KC,200,806,contraction,0.42000,0.038626,0.11465650,141,0.70500,0.28500,0.28500,-1.61474133e-02,0.60181861,Far,True,26,0.13000,Near,0.03833
KC,200,807,rebound,0.70500,0.022479,0.18186964,56,0.28000,-0.42500,0.42500,1.09410910e-03,1.03094618,Near,False,56,0.28000,Near,0.05333
KC,200,808,contraction,0.28000,0.023573,0.07589317,123,0.61500,0.33500,0.33500,-1.84511768e-02,0.49479675,Middle,True,13,0.06500,Near,0.05167
KC,200,809,rebound,0.61500,0.005122,0.15503038,20,0.10000,-0.51500,0.51500,6.44296910e-04,1.04879682,Near,False,20,0.10000,Near,0.23333
KC,200,810,contraction,0.10000,0.005766,0.02644145,194,0.97000,0.87000,0.87000,-2.39295308e-03,0.33026953,Far,True,1,0.00500,Near,0.30333
KC,200,811,rebound,0.97000,0.003373,0.24334321,97,0.48500,-0.48500,0.48500,4.16518881e-02,3.67778164,Middle,False,97,0.48500,Middle,0.15167
KC,200,812,contraction,0.48500,0.045025,0.13250618,155,0.77500,0.29000,0.29000,-1.76980611e-02,0.57551452,Far,True,66,0.33000,Near,0.10833
KC,200,813,rebound,0.77500,0.027327,0.20058167,71,0.35500,-0.42000,0.42000,1.52085115e-02,1.51320866,Middle,False,71,0.35500,Middle,0.02167
KC,200,814,contraction,0.35500,0.042535,0.09938380,130,0.65000,0.29500,0.29500,-2.55255054e-02,0.47714175,Middle,True,37,0.18500,Near,0.01667
KC,200,815,rebound,0.65000,0.017010,0.16675242,40,0.20000,-0.45000,0.45000,1.91700170e-03,1.07776737,Near,False,40,0.20000,Near,0.13333
KC,200,816,contraction,0.20000,0.018927,0.05473167,174,0.87000,0.67000,0.67000,-9.12256010e-03,0.40898480,Far,True,1,0.00500,Near,0.20333
KC,200,817,rebound,0.87000,0.009804,0.21995103,90,0.45000,-0.42000,0.42000,2.56677120e-02,1.89486237,Middle,False,90,0.45000,Middle,0.11667
KC,200,818,contraction,0.45000,0.035472,0.12136796,146,0.73000,0.28000,0.28000,-2.34525618e-02,0.54488089,Far,True,52,0.26000,Near,0.06333
KC,200,819,rebound,0.73000,0.012019,0.18550482,58,0.29000,-0.44000,0.44000,1.37409759e-02,1.60868500,Near,False,58,0.29000,Near,0.04333
KC,200,820,contraction,0.29000,0.025760,0.07894006,185,0.92500,0.63500,0.63500,-2.16335381e-02,0.45046122,Far,True,14,0.07000,Near,0.25833
KC,200,821,rebound,0.92500,0.004127,0.23228168,109,0.54500,-0.38000,0.38000,4.49966779e-02,4.80328004,Middle,False,109,0.54500,Middle,0.12167
KC,200,822,contraction,0.54500,0.049123,0.14853085,75,0.37500,-0.17000,0.17000,-2.12106360e-02,0.62304993,Middle,False,75,0.37500,Middle,0.04167
KC,200,823,contraction,0.37500,0.027913,0.10072819,160,0.80000,0.42500,0.42500,-1.51484808e-02,0.55297303,Far,True,25,0.12500,Near,0.13333
KC,200,824,rebound,0.80000,0.012764,0.20319107,46,0.23000,-0.57000,0.57000,1.50954257e-02,1.91200109,Near,False,46,0.23000,Near,0.10333
KC,200,825,contraction,0.23000,0.027860,0.06446493,125,0.62500,0.39500,0.39500,-1.28308409e-02,0.54381712,Middle,True,14,0.07000,Near,0.04167
KC,200,826,contraction,0.62500,0.015029,0.16000721,23,0.11500,-0.51000,0.51000,-7.98168195e-03,0.76651516,Near,False,23,0.11500,Near,0.21833
KC,200,827,contraction,0.11500,0.007047,0.03051179,199,0.99500,0.88000,0.88000,-5.13910910e-03,0.37200777,Far,True,1,0.00500,Near,0.32833
KC,200,828,rebound,0.99500,0.001908,0.24922702,99,0.49500,-0.50000,0.50000,5.56373967e-02,9.60780590,Middle,False,99,0.49500,Middle,0.16167
KC,200,829,contraction,0.49500,0.057545,0.13813637,139,0.69500,0.20000,0.20000,-2.22151457e-02,0.57143660,Far,True,68,0.34000,Middle,0.02833
KC,200,830,rebound,0.69500,0.035330,0.18258258,67,0.33500,-0.36000,0.36000,4.14608529e-03,1.11399791,Middle,False,67,0.33500,Middle,0.00167
KC,200,831,contraction,0.33500,0.039476,0.09361910,168,0.84000,0.50500,0.50500,-1.82068354e-02,0.44597656,Far,True,34,0.17000,Near,0.17333
KC,200,832,rebound,0.84000,0.021270,0.21531739,88,0.44000,-0.40000,0.40000,2.11266320e-02,1.66386658,Middle,False,88,0.44000,Middle,0.10667
KC,200,833,contraction,0.44000,0.042396,0.12059905,120,0.60000,0.16000,0.16000,-2.25241625e-02,0.56319731,Middle,True,39,0.19500,Near,0.06667
KC,200,834,contraction,0.60000,0.019872,0.15496801,39,0.19500,-0.40500,0.40500,-6.40770367e-04,0.97433518,Near,False,39,0.19500,Near,0.13833
KC,200,835,contraction,0.19500,0.019231,0.05355782,179,0.89500,0.70000,0.70000,-7.18780458e-03,0.44655079,Far,True,2,0.01000,Near,0.22833
KC,200,836,rebound,0.89500,0.012043,0.22676087,104,0.52000,-0.37500,0.37500,2.28812891e-02,1.72101814,Middle,False,104,0.52000,Middle,0.14667
KC,200,837,contraction,0.52000,0.034925,0.13873119,150,0.75000,0.23000,0.23000,-1.38107014e-02,0.65600945,Far,True,57,0.28500,Near,0.08333
KC,200,838,rebound,0.75000,0.021114,0.19277851,61,0.30500,-0.44500,0.44500,1.68152961e-02,1.73300591,Near,False,61,0.30500,Near,0.02833
KC,200,839,contraction,0.30500,0.037929,0.08573234,190,0.95000,0.64500,0.64500,-2.97193106e-02,0.39029612,Far,True,24,0.12000,Near,0.28333
KC,200,840,rebound,0.95000,0.008210,0.23955251,93,0.46500,-0.48500,0.48500,4.88429495e-02,6.49545782,Middle,False,93,0.46500,Middle,0.13167
KC,200,841,contraction,0.46500,0.057053,0.13051325,133,0.66500,0.20000,0.20000,-1.95241959e-02,0.60051778,Middle,True,49,0.24500,Near,0.00167
KC,200,842,contraction,0.66500,0.037529,0.17563220,51,0.25500,-0.41000,0.41000,-2.59181980e-03,0.92830897,Near,False,51,0.25500,Near,0.07833
KC,200,843,contraction,0.25500,0.034937,0.07248424,162,0.81000,0.55500,0.55500,-1.49614527e-02,0.44478984,Far,True,20,0.10000,Near,0.14333
KC,200,844,rebound,0.81000,0.019976,0.20749388,80,0.40000,-0.41000,0.41000,1.68996318e-02,1.51527148,Middle,False,80,0.40000,Middle,0.06667
KC,200,845,contraction,0.40000,0.036875,0.10921879,122,0.61000,0.21000,0.21000,-2.15194945e-02,0.55145790,Middle,True,27,0.13500,Near,0.05667
KC,200,846,contraction,0.61000,0.015356,0.15633891,31,0.15500,-0.45500,0.45500,-1.59844589e-03,0.92829999,Near,False,31,0.15500,Near,0.17833
KC,200,847,contraction,0.15500,0.013757,0.04218930,182,0.91000,0.75500,0.75500,-5.92998500e-03,0.43624454,Far,True,1,0.00500,Near,0.24333
KC,200,848,rebound,0.91000,0.007827,0.22945681,101,0.50500,-0.40500,0.40500,3.00221921e-02,2.09825477,Middle,False,101,0.50500,Middle,0.16167
KC,200,849,contraction,0.50500,0.037849,0.13571235,145,0.72500,0.22000,0.22000,-1.79286653e-02,0.60465202,Far,True,59,0.29500,Near,0.05833
KC,200,850,rebound,0.72500,0.019921,0.18623019,63,0.31500,-0.41000,0.41000,1.35770709e-02,1.53793515,Near,False,63,0.31500,Near,0.01833
KC,200,851,contraction,0.31500,0.033498,0.08712446,171,0.85500,0.54000,0.54000,-2.61341476e-02,0.39808209,Far,True,19,0.09500,Near,0.18833
KC,200,852,rebound,0.85500,0.007364,0.21559092,86,0.43000,-0.42500,0.42500,2.94062866e-02,2.89142204,Middle,False,86,0.43000,Middle,0.09667
KC,200,853,contraction,0.43000,0.036770,0.11669249,38,0.19000,-0.24000,0.24000,-2.24707038e-02,0.54290113,Near,False,38,0.19000,Near,0.14333
KC,200,854,contraction,0.19000,0.014299,0.05107481,136,0.68000,0.49000,0.49000,-7.09520721e-03,0.61585235,Far,True,1,0.00500,Near,0.01333
KC,200,855,contraction,0.68000,0.007204,0.17180101,195,0.97500,0.29500,0.29500,-3.15792756e-03,0.85816466,Far,True,15,0.07500,Near,0.30833
KC,200,856,rebound,0.97500,0.004046,0.24476153,108,0.54000,-0.43500,0.43500,5.39329640e-02,9.31276125,Middle,False,108,0.54000,Middle,0.12667
KC,200,857,contraction,0.54000,0.057979,0.14949477,69,0.34500,-0.19500,0.19500,-1.90081004e-02,0.64232021,Middle,False,69,0.34500,Middle,0.01167
KC,200,858,contraction,0.34500,0.038971,0.09599275,156,0.78000,0.43500,0.43500,-1.47612304e-02,0.53499614,Far,True,26,0.13000,Near,0.11333
KC,200,859,rebound,0.78000,0.024210,0.20105244,92,0.46000,-0.32000,0.32000,7.05399841e-03,1.20390038,Middle,False,92,0.46000,Middle,0.12667
KC,200,860,contraction,0.46000,0.031264,0.12281594,33,0.16500,-0.29500,0.29500,-1.55452566e-02,0.59572058,Near,False,33,0.16500,Near,0.16833
KC,200,861,contraction,0.16500,0.015718,0.04517962,175,0.87500,0.71000,0.71000,-4.76108295e-03,0.53576558,Far,True,1,0.00500,Near,0.20833
KC,200,862,rebound,0.87500,0.010957,0.22148935,120,0.60000,-0.27500,0.27500,2.73108586e-02,2.09141677,Middle,False,120,0.60000,Middle,0.06667
KC,200,863,contraction,0.60000,0.038268,0.15956707,58,0.29000,-0.31000,0.31000,-1.02919802e-02,0.76443484,Near,False,58,0.29000,Near,0.04333
KC,200,864,contraction,0.29000,0.027976,0.07949407,148,0.74000,0.45000,0.45000,-1.68708500e-02,0.48796768,Far,True,12,0.06000,Near,0.07333
KC,200,865,rebound,0.74000,0.011105,0.18777636,80,0.40000,-0.34000,0.34000,6.37045044e-03,1.16540864,Middle,False,80,0.40000,Middle,0.06667
KC,200,866,contraction,0.40000,0.017476,0.10436897,189,0.94500,0.54500,0.54500,-1.20702950e-02,0.51418923,Far,True,16,0.08000,Near,0.27833
KC,200,867,rebound,0.94500,0.005406,0.23760140,105,0.52500,-0.42000,0.42000,4.00855227e-02,5.27446995,Middle,False,105,0.52500,Middle,0.14167
KC,200,868,contraction,0.52500,0.045491,0.14262278,46,0.23000,-0.29500,0.29500,-1.78931034e-02,0.61030558,Near,False,46,0.23000,Near,0.10333
KC,200,869,contraction,0.23000,0.027598,0.06439950,140,0.70000,0.47000,0.47000,-9.30744755e-03,0.59515712,Far,True,13,0.06500,Near,0.03333
KC,200,870,contraction,0.70000,0.018291,0.17957264,71,0.35500,-0.34500,0.34500,-4.91369135e-03,0.89346543,Middle,False,71,0.35500,Middle,0.02167
KC,200,871,contraction,0.35500,0.013377,0.09209422,166,0.83000,0.47500,0.47500,-4.06588799e-03,0.76175763,Far,True,10,0.05000,Near,0.16333
KC,200,872,rebound,0.83000,0.009311,0.20982775,114,0.57000,-0.26000,0.26000,1.31667484e-02,1.49650984,Middle,False,114,0.57000,Middle,0.09667
KC,200,873,contraction,0.57000,0.022478,0.14811943,35,0.17500,-0.39500,0.39500,-5.06649072e-03,0.81522726,Near,False,35,0.17500,Near,0.15833
KC,200,874,contraction,0.17500,0.017411,0.04810281,184,0.92000,0.74500,0.74500,-1.38128678e-02,0.32739590,Far,True,1,0.00500,Near,0.25333
KC,200,875,rebound,0.92000,0.003598,0.23089960,89,0.44500,-0.47500,0.47500,3.93905950e-02,3.24682169,Middle,False,89,0.44500,Middle,0.11167
KC,200,876,contraction,0.44500,0.042989,0.12199724,131,0.65500,0.21000,0.21000,-2.15623403e-02,0.56219016,Middle,True,56,0.28000,Near,0.01167
KC,200,877,rebound,0.65500,0.021427,0.16910666,55,0.27500,-0.38000,0.38000,5.22555813e-04,1.01574291,Near,False,55,0.27500,Near,0.05833
KC,200,878,contraction,0.27500,0.021949,0.07423730,159,0.79500,0.52000,0.52000,-1.56315447e-02,0.44406279,Far,True,10,0.05000,Near,0.12833
KC,200,879,rebound,0.79500,0.006318,0.20032941,77,0.38500,-0.41000,0.41000,1.32013412e-02,1.58351534,Middle,False,77,0.38500,Middle,0.05167
KC,200,880,contraction,0.38500,0.019519,0.10112975,17,0.08500,-0.30000,0.30000,-1.55107749e-02,0.51623503,Near,False,17,0.08500,Near,0.24833
KC,200,881,contraction,0.08500,0.004008,0.02225205,196,0.98000,0.89500,0.89500,-1.49816040e-03,0.34086005,Far,True,1,0.00500,Near,0.31333
KC,200,882,rebound,0.98000,0.002510,0.24562751,110,0.55000,-0.43000,0.43000,4.91822222e-02,5.86375490,Middle,False,110,0.55000,Middle,0.11667
KC,200,883,contraction,0.55000,0.051692,0.15042307,143,0.71500,0.16500,0.16500,-2.05742580e-02,0.60911060,Far,True,63,0.31500,Near,0.04833
KC,200,884,rebound,0.71500,0.031118,0.18652950,64,0.32000,-0.39500,0.39500,9.49358353e-03,1.30871670,Near,False,64,0.32000,Near,0.01333
KC,200,885,contraction,0.32000,0.040612,0.09015290,170,0.85000,0.53000,0.53000,-2.46190928e-02,0.43716236,Far,True,33,0.16500,Near,0.18333
KC,200,886,rebound,0.85000,0.015993,0.21649813,96,0.48000,-0.37000,0.37000,3.03924484e-02,2.28735916,Middle,False,96,0.48000,Middle,0.14667
KC,200,887,contraction,0.48000,0.046385,0.13159624,43,0.21500,-0.26500,0.26500,-2.30404079e-02,0.55089259,Near,False,43,0.21500,Near,0.11833
KC,200,888,contraction,0.21500,0.023345,0.05958614,134,0.67000,0.45500,0.45500,-1.00817485e-02,0.57430024,Far,True,6,0.03000,Near,0.00333
KC,200,889,contraction,0.67000,0.013263,0.17081570,178,0.89000,0.22000,0.22000,-5.90752822e-03,0.84096211,Far,True,25,0.12500,Near,0.22333
KC,200,890,rebound,0.89000,0.007355,0.22433882,82,0.41000,-0.48000,0.48000,4.04175143e-02,4.31448272,Middle,False,82,0.41000,Middle,0.07667
KC,200,891,contraction,0.41000,0.047773,0.11444320,119,0.59500,0.18500,0.18500,-2.64883666e-02,0.51049268,Middle,True,51,0.25500,Near,0.07167
KC,200,892,contraction,0.59500,0.021284,0.15407110,35,0.17500,-0.42000,0.42000,-3.47808750e-03,0.87934455,Near,False,35,0.17500,Near,0.15833
KC,200,893,contraction,0.17500,0.017806,0.04820158,155,0.77500,0.60000,0.60000,-1.18399517e-02,0.41949232,Far,True,1,0.00500,Near,0.10833
KC,200,894,rebound,0.77500,0.005966,0.19524160,67,0.33500,-0.44000,0.44000,1.26958727e-02,1.43069770,Middle,False,67,0.33500,Middle,0.00167
KC,200,895,contraction,0.33500,0.018662,0.08841556,192,0.96000,0.62500,0.62500,-1.49890335e-02,0.46268996,Far,True,6,0.03000,Near,0.29333
KC,200,896,rebound,0.96000,0.003673,0.24091830,104,0.52000,-0.44000,0.44000,4.64694298e-02,4.40092074,Middle,False,104,0.52000,Middle,0.14667
KC,200,897,contraction,0.52000,0.050143,0.14253566,138,0.69000,0.17000,0.17000,-2.36038661e-02,0.57870190,Far,True,53,0.26500,Near,0.02333
KC,200,898,rebound,0.69000,0.026539,0.17913470,55,0.27500,-0.41500,0.41500,8.62182997e-03,1.32711196,Near,False,55,0.27500,Near,0.05833
KC,200,899,contraction,0.27500,0.035161,0.07754015,164,0.82000,0.54500,0.54500,-2.32642625e-02,0.39528832,Far,True,21,0.10500,Near,0.15333
KC,200,900,rebound,0.82000,0.011896,0.20797409,88,0.44000,-0.38000,0.38000,2.50530665e-02,1.96136438,Middle,False,88,0.44000,Middle,0.10667
KC,200,901,contraction,0.44000,0.036949,0.11923735,30,0.15000,-0.29000,0.29000,-2.36142233e-02,0.51393956,Near,False,30,0.15000,Near,0.18333
KC,200,902,contraction,0.15000,0.013335,0.04083380,181,0.90500,0.75500,0.75500,-8.00107579e-03,0.51933720,Far,True,1,0.00500,Near,0.23833
KC,200,903,rebound,0.90500,0.005334,0.22758353,114,0.57000,-0.33500,0.33500,3.88464442e-02,3.36880398,Middle,False,114,0.57000,Middle,0.09667
KC,200,904,contraction,0.57000,0.044181,0.15354514,71,0.35500,-0.21500,0.21500,-1.63662807e-02,0.68353084,Middle,False,71,0.35500,Middle,0.02167
KC,200,905,contraction,0.35500,0.027814,0.09570357,148,0.74000,0.38500,0.38500,-1.44254826e-02,0.56477875,Far,True,16,0.08000,Near,0.07333
KC,200,906,rebound,0.74000,0.013389,0.18834720,46,0.23000,-0.51000,0.51000,5.38364562e-03,1.19850294,Near,False,46,0.23000,Near,0.10333
KC,200,907,contraction,0.23000,0.018772,0.06219311,127,0.63500,0.40500,0.40500,-1.60359557e-02,0.47420141,Middle,True,3,0.01500,Near,0.03167
KC,200,908,rebound,0.63500,0.002736,0.15943412,15,0.07500,-0.56000,0.56000,3.41522701e-04,1.03238673,Near,False,15,0.07500,Near,0.25833
KC,200,909,contraction,0.07500,0.003078,0.01951950,198,0.99000,0.91500,0.91500,-1.36010832e-03,0.36343751,Far,True,1,0.00500,Near,0.32333
KC,200,910,rebound,0.99000,0.001718,0.24792948,95,0.47500,-0.51500,0.51500,5.12818254e-02,5.89024282,Middle,False,95,0.47500,Middle,0.14167
KC,200,911,contraction,0.47500,0.053000,0.13199993,157,0.78500,0.31000,0.31000,-2.57285984e-02,0.51630346,Far,True,63,0.31500,Near,0.11833
KC,200,912,rebound,0.78500,0.027271,0.20306778,75,0.37500,-0.41000,0.41000,1.98131488e-02,1.78819784,Middle,False,75,0.37500,Middle,0.04167
KC,200,913,contraction,0.37500,0.047084,0.10552107,121,0.60500,0.23000,0.23000,-2.58421524e-02,0.49438466,Middle,True,40,0.20000,Near,0.06167
KC,200,914,contraction,0.60500,0.021242,0.15656053,40,0.20000,-0.40500,0.40500,-3.20244785e-03,0.88780460,Near,False,40,0.20000,Near,0.13333
KC,200,915,contraction,0.20000,0.018040,0.05450992,174,0.87000,0.67000,0.67000,-4.33094121e-03,0.59322175,Far,True,1,0.00500,Near,0.20333
KC,200,916,rebound,0.87000,0.013709,0.22092718,101,0.50500,-0.36500,0.36500,1.98472656e-02,1.56098990,Middle,False,101,0.50500,Middle,0.16167
KC,200,917,contraction,0.50500,0.033556,0.13463900,57,0.28500,-0.22000,0.22000,-1.82125447e-02,0.60788797,Near,False,57,0.28500,Near,0.04833
KC,200,918,contraction,0.28500,0.015343,0.07508586,186,0.93000,0.64500,0.64500,-5.92452592e-03,0.69596157,Far,True,3,0.01500,Near,0.26333
KC,200,919,rebound,0.93000,0.009419,0.23485473,134,0.67000,-0.26000,0.26000,3.61232052e-02,3.50214386,Far,False,134,0.67000,Far,0.00333
KC,200,920,contraction,0.67000,0.045542,0.17888553,82,0.41000,-0.26000,0.26000,-2.83719353e-03,0.93848000,Middle,False,82,0.41000,Middle,0.07667
KC,200,921,contraction,0.41000,0.042705,0.11317624,151,0.75500,0.34500,0.34500,-2.16733697e-02,0.50224288,Far,True,33,0.16500,Near,0.08833
KC,200,922,rebound,0.75500,0.021032,0.19400789,50,0.25000,-0.50500,0.50500,1.15123648e-02,1.48733317,Near,False,50,0.25000,Near,0.08333
KC,200,923,contraction,0.25000,0.032544,0.07063598,112,0.56000,0.31000,0.31000,-1.92201951e-02,0.47531701,Middle,True,19,0.09500,Near,0.10667
KC,200,924,contraction,0.56000,0.013324,0.14333094,169,0.84500,0.28500,0.28500,-5.78825366e-03,0.76737992,Far,True,21,0.10500,Near,0.17833
KC,200,925,rebound,0.84500,0.007535,0.21313387,70,0.35000,-0.49500,0.49500,2.52002737e-02,2.90056265,Middle,False,70,0.35000,Middle,0.01667
KC,200,926,contraction,0.35000,0.032736,0.09568394,24,0.12000,-0.23000,0.23000,-2.44478867e-02,0.46379710,Near,False,24,0.12000,Near,0.21333
KC,200,927,contraction,0.12000,0.008288,0.03207197,191,0.95500,0.83500,0.83500,-3.67241150e-03,0.64020311,Far,True,1,0.00500,Near,0.28833
KC,200,928,rebound,0.95500,0.004615,0.23990387,119,0.59500,-0.36000,0.36000,4.73207006e-02,6.21268358,Middle,False,119,0.59500,Middle,0.07167
KC,200,929,contraction,0.59500,0.051936,0.16173404,90,0.45000,-0.14500,0.14500,-1.49969725e-02,0.72745734,Middle,False,90,0.45000,Middle,0.11667
KC,200,930,contraction,0.45000,0.036939,0.12173480,145,0.72500,0.27500,0.27500,-1.48862321e-02,0.62319407,Far,True,42,0.21000,Near,0.05833
KC,200,931,rebound,0.72500,0.022053,0.18676324,54,0.27000,-0.45500,0.45500,7.20465120e-03,1.25690875,Near,False,54,0.27000,Near,0.06333
KC,200,932,contraction,0.27000,0.029258,0.07481440,163,0.81500,0.54500,0.54500,-1.85343158e-02,0.40213903,Far,True,14,0.07000,Near,0.14833
KC,200,933,rebound,0.81500,0.010723,0.20643082,99,0.49500,-0.32000,0.32000,1.89028570e-02,1.59349898,Middle,False,99,0.49500,Middle,0.16167
KC,200,934,contraction,0.49500,0.029626,0.13115654,35,0.17500,-0.32000,0.32000,-1.51535973e-02,0.59283286,Near,False,35,0.17500,Near,0.15833
KC,200,935,contraction,0.17500,0.014473,0.04736814,180,0.90000,0.72500,0.72500,-9.13909411e-03,0.42345616,Far,True,1,0.00500,Near,0.23333
KC,200,936,rebound,0.90000,0.005333,0.22633337,125,0.62500,-0.27500,0.27500,3.13982090e-02,2.47344517,Middle,False,125,0.62500,Middle,0.04167
KC,200,937,contraction,0.62500,0.036732,0.16543292,73,0.36500,-0.26000,0.26000,-2.55337632e-03,0.93756506,Middle,False,73,0.36500,Middle,0.03167
KC,200,938,contraction,0.36500,0.034178,0.09979457,153,0.76500,0.40000,0.40000,-2.70517812e-02,0.43727954,Far,True,21,0.10500,Near,0.09833
KC,200,939,rebound,0.76500,0.007127,0.19303163,49,0.24500,-0.52000,0.52000,1.67824727e-02,2.10510321,Near,False,49,0.24500,Near,0.08833
KC,200,940,contraction,0.24500,0.023909,0.06722725,108,0.54000,0.29500,0.29500,-1.98347961e-02,0.45712634,Middle,True,10,0.05000,Near,0.12667
KC,200,941,contraction,0.54000,0.004074,0.13601855,194,0.97000,0.43000,0.43000,-2.14511506e-03,0.79093750,Far,True,11,0.05500,Near,0.30333
KC,200,942,rebound,0.97000,0.001929,0.24298227,85,0.42500,-0.54500,0.54500,4.28151952e-02,13.03266023,Middle,False,85,0.42500,Middle,0.09167
KC,200,943,contraction,0.42500,0.044744,0.11743607,138,0.69000,0.26500,0.26500,-1.82900600e-02,0.58176520,Far,True,37,0.18500,Near,0.02333
KC,200,944,rebound,0.69000,0.026454,0.17911355,58,0.29000,-0.40000,0.40000,8.22313353e-04,1.02280582,Near,False,58,0.29000,Near,0.04333
KC,200,945,contraction,0.29000,0.027277,0.07931913,172,0.86000,0.57000,0.57000,-1.46405460e-02,0.43816690,Far,True,18,0.09000,Near,0.19333
KC,200,946,rebound,0.86000,0.012636,0.21815899,102,0.51000,-0.35000,0.35000,2.48958240e-02,1.84044739,Middle,False,102,0.51000,Middle,0.15667
KC,200,947,contraction,0.51000,0.037532,0.13688295,37,0.18500,-0.32500,0.32500,-1.76346538e-02,0.58530140,Near,False,37,0.18500,Near,0.14833
KC,200,948,contraction,0.18500,0.019897,0.05122429,148,0.74000,0.55500,0.55500,-9.75821300e-03,0.50749252,Far,True,3,0.01500,Near,0.07333
KC,200,949,rebound,0.74000,0.010139,0.18753473,75,0.37500,-0.36500,0.36500,6.22562837e-03,1.16520637,Middle,False,75,0.37500,Middle,0.04167
KC,200,950,contraction,0.37500,0.016365,0.09784114,185,0.92500,0.55000,0.55000,-1.23290078e-02,0.53560319,Far,True,9,0.04500,Near,0.25833
KC,200,951,rebound,0.92500,0.004036,0.23225889,116,0.58000,-0.34500,0.34500,3.82649283e-02,3.46139531,Middle,False,116,0.58000,Middle,0.08667
KC,200,952,contraction,0.58000,0.042300,0.15557512,53,0.26500,-0.31500,0.31500,-1.35806592e-02,0.70583868,Near,False,53,0.26500,Near,0.06833
KC,200,953,contraction,0.26500,0.028720,0.07342996,159,0.79500,0.53000,0.53000,-1.60518562e-02,0.48189571,Far,True,16,0.08000,Near,0.12833
KC,200,954,rebound,0.79500,0.012668,0.20191699,91,0.45500,-0.34000,0.34000,1.73419754e-02,1.53053612,Middle,False,91,0.45500,Middle,0.12167
KC,200,955,contraction,0.45500,0.030010,0.12125249,27,0.13500,-0.32000,0.32000,-1.95831134e-02,0.55404332,Near,False,27,0.13500,Near,0.19833
KC,200,956,contraction,0.13500,0.010427,0.03635671,133,0.66500,0.53000,0.53000,-6.79078706e-03,0.54475064,Middle,True,1,0.00500,Near,0.00167
KC,200,957,contraction,0.66500,0.003636,0.16715901,199,0.99500,0.33000,0.33000,-2.19762751e-03,0.90396918,Far,True,7,0.03500,Near,0.32833
KC,200,958,rebound,0.99500,0.001438,0.24910960,80,0.40000,-0.59500,0.59500,5.52101121e-02,28.61443015,Middle,False,80,0.40000,Middle,0.06667
KC,200,959,contraction,0.40000,0.056649,0.11416213,123,0.61500,0.21500,0.21500,-2.34476978e-02,0.53626854,Middle,True,60,0.30000,Near,0.05167
KC,200,960,contraction,0.61500,0.033201,0.16205021,48,0.24000,-0.37500,0.37500,-8.47485819e-03,0.79055739,Near,False,48,0.24000,Near,0.09333
KC,200,961,contraction,0.24000,0.024726,0.06618149,167,0.83500,0.59500,0.59500,-3.12537227e-03,0.74485705,Far,True,8,0.04000,Near,0.16833
KC,200,962,rebound,0.83500,0.021601,0.21415015,100,0.50000,-0.33500,0.33500,1.43321257e-02,1.36556498,Middle,False,100,0.50000,Middle,0.16667
KC,200,963,contraction,0.50000,0.035933,0.13398318,144,0.72000,0.22000,0.22000,-1.85082081e-02,0.59502734,Far,True,62,0.31000,Near,0.05333
KC,200,964,rebound,0.72000,0.017425,0.18435613,62,0.31000,-0.41000,0.41000,1.24608685e-02,1.46942018,Near,False,62,0.31000,Near,0.02333
KC,200,965,contraction,0.31000,0.029885,0.08497135,178,0.89000,0.58000,0.58000,-1.82661359e-02,0.39764670,Far,True,19,0.09500,Near,0.22333
KC,200,966,rebound,0.89000,0.011619,0.22540481,88,0.44000,-0.45000,0.45000,2.95178411e-02,2.34744571,Middle,False,88,0.44000,Middle,0.10667
KC,200,967,contraction,0.44000,0.041137,0.12028427,129,0.64500,0.20500,0.20500,-2.20445091e-02,0.55981436,Middle,True,35,0.17500,Near,0.02167
KC,200,968,rebound,0.64500,0.019093,0.16602315,39,0.19500,-0.45000,0.45000,3.44191314e-03,1.15537779,Near,False,39,0.19500,Near,0.13833
KC,200,969,contraction,0.19500,0.022534,0.05438362,188,0.94000,0.74500,0.74500,-1.46297863e-02,0.35184107,Far,True,7,0.03500,Near,0.27333
KC,200,970,rebound,0.94000,0.007905,0.23697618,107,0.53500,-0.40500,0.40500,4.08726242e-02,3.27259313,Middle,False,107,0.53500,Middle,0.13167
KC,200,971,contraction,0.53500,0.048777,0.14594433,69,0.34500,-0.19000,0.19000,-1.89456049e-02,0.63731430,Middle,False,69,0.34500,Middle,0.01167
KC,200,972,contraction,0.34500,0.029832,0.09370793,155,0.77500,0.43000,0.43000,-6.93632656e-03,0.70277235,Far,True,20,0.10000,Near,0.10833
KC,200,973,rebound,0.77500,0.022895,0.19947385,51,0.25500,-0.52000,0.52000,8.92240703e-04,1.02411279,Near,False,51,0.25500,Near,0.07833
KC,200,974,contraction,0.25500,0.023788,0.06969691,139,0.69500,0.44000,0.44000,-1.05103686e-02,0.58803022,Far,True,12,0.06000,Near,0.02833
KC,200,975,contraction,0.69500,0.013277,0.17706932,93,0.46500,-0.23000,0.23000,-7.36409870e-04,0.98355745,Middle,False,93,0.46500,Middle,0.13167
KC,200,976,contraction,0.46500,0.012541,0.11938522,175,0.87500,0.41000,0.41000,-6.22274123e-03,0.68283338,Far,True,19,0.09500,Near,0.20833
KC,200,977,rebound,0.87500,0.006318,0.22032953,64,0.32000,-0.55500,0.55500,2.43082411e-02,3.50523024,Near,False,64,0.32000,Near,0.01333
KC,200,978,contraction,0.32000,0.030626,0.08765659,120,0.60000,0.28000,0.28000,-1.84493773e-02,0.53339409,Middle,True,22,0.11000,Near,0.06667
KC,200,979,contraction,0.60000,0.012177,0.15304425,26,0.13000,-0.47000,0.47000,-2.35149096e-03,0.88500159,Near,False,26,0.13000,Near,0.20333
KC,200,980,contraction,0.13000,0.009825,0.03495637,193,0.96500,0.83500,0.83500,-5.88377071e-03,0.37470411,Far,True,1,0.00500,Near,0.29833
KC,200,981,rebound,0.96500,0.003942,0.24223543,101,0.50500,-0.46000,0.46000,4.10438573e-02,3.88784911,Middle,False,101,0.50500,Middle,0.16167
KC,200,982,contraction,0.50500,0.044986,0.13749640,150,0.75000,0.24500,0.24500,-1.65697092e-02,0.61445929,Far,True,75,0.37500,Middle,0.08333
KC,200,983,rebound,0.75000,0.028416,0.19460397,74,0.37000,-0.38000,0.38000,1.21549600e-02,1.38752445,Middle,False,74,0.37000,Middle,0.03667
KC,200,984,contraction,0.37000,0.040571,0.10264271,164,0.82000,0.45000,0.45000,-2.44254326e-02,0.46411267,Far,True,40,0.20000,Near,0.15333
KC,200,985,rebound,0.82000,0.016145,0.20903635,54,0.27000,-0.55000,0.55000,2.12884773e-02,2.25759332,Near,False,54,0.27000,Near,0.06333
KC,200,986,contraction,0.27000,0.037434,0.07685847,126,0.63000,0.36000,0.36000,-1.53475013e-02,0.54190688,Middle,True,21,0.10500,Near,0.03667
KC,200,987,contraction,0.63000,0.022086,0.16302159,33,0.16500,-0.46500,0.46500,-9.99264861e-03,0.79075967,Near,False,33,0.16500,Near,0.16833
KC,200,988,contraction,0.16500,0.012094,0.04427343,182,0.91000,0.74500,0.74500,-5.29488353e-03,0.45390883,Far,True,1,0.00500,Near,0.24333
KC,200,989,rebound,0.91000,0.006799,0.22919971,95,0.47500,-0.43500,0.43500,3.91860428e-02,3.19962596,Middle,False,95,0.47500,Middle,0.14167
KC,200,990,contraction,0.47500,0.045985,0.13024622,136,0.68000,0.20500,0.20500,-2.47345708e-02,0.54145562,Far,True,68,0.34000,Middle,0.01333
KC,200,991,rebound,0.68000,0.021250,0.17531258,65,0.32500,-0.35500,0.35500,4.54280216e-03,1.13623023,Near,False,65,0.32500,Near,0.00833
KC,200,992,contraction,0.32500,0.025793,0.08769828,170,0.85000,0.52500,0.52500,-2.02131589e-02,0.44065839,Far,True,15,0.07500,Near,0.18333
KC,200,993,rebound,0.85000,0.005580,0.21389499,106,0.53000,-0.32000,0.32000,2.62889892e-02,2.72386846,Middle,False,106,0.53000,Middle,0.13667
KC,200,994,contraction,0.53000,0.031869,0.14046724,42,0.21000,-0.32000,0.32000,-1.20644697e-02,0.67121417,Near,False,42,0.21000,Near,0.12333
KC,200,995,contraction,0.21000,0.019804,0.05745112,197,0.98500,0.77500,0.77500,-1.71988976e-02,0.38767553,Far,True,4,0.02000,Near,0.31833
KC,200,996,rebound,0.98500,0.002606,0.24690140,117,0.58500,-0.40000,0.40000,5.19453817e-02,14.09057930,Middle,False,117,0.58500,Middle,0.08167
KC,200,997,contraction,0.58500,0.054551,0.15988774,79,0.39500,-0.19000,0.19000,-1.29238795e-02,0.74763361,Middle,False,79,0.39500,Middle,0.06167
KC,200,998,contraction,0.39500,0.041627,0.10915677,153,0.76500,0.37000,0.37000,-1.28908666e-02,0.61628121,Far,True,29,0.14500,Near,0.09833
KC,200,999,rebound,0.76500,0.028736,0.19843405,57,0.28500,-0.48000,0.48000,4.39668916e-03,1.12254734,Near,False,57,0.28500,Near,0.04833
KC,200,1000,contraction,0.28500,0.033133,0.07953323,142,0.71000,0.42500,0.42500,-1.55963433e-02,0.52142678,Far,True,20,0.10000,Near,0.04333
KC,200,1001,rebound,0.71000,0.017537,0.18188414,91,0.45500,-0.25500,0.25500,1.62487062e-03,1.03737238,Middle,False,91,0.45500,Middle,0.12167
KC,200,1002,contraction,0.45500,0.019161,0.11854036,179,0.89500,0.44000,0.44000,-9.28818096e-03,0.57471925,Far,True,24,0.12000,Near,0.22833
KC,200,1003,rebound,0.89500,0.009873,0.22621831,69,0.34500,-0.55000,0.55000,2.79872890e-02,3.75670597,Middle,False,69,0.34500,Middle,0.01167
KC,200,1004,contraction,0.34500,0.037861,0.09571514,128,0.64000,0.29500,0.29500,-1.72730843e-02,0.56397768,Middle,True,29,0.14500,Near,0.02667
KC,200,1005,contraction,0.64000,0.020587,0.16514686,35,0.17500,-0.46500,0.46500,-2.70800573e-03,0.89941395,Near,False,35,0.17500,Near,0.15833
KC,200,1006,contraction,0.17500,0.017879,0.04821986,162,0.81000,0.63500,0.63500,-9.76657619e-03,0.43376063,Far,True,1,0.00500,Near,0.14333
KC,200,1007,rebound,0.81000,0.008113,0.20452822,100,0.50000,-0.31000,0.31000,1.72062710e-02,1.50717387,Middle,False,100,0.50000,Middle,0.16667
KC,200,1008,contraction,0.50000,0.025319,0.13132979,48,0.24000,-0.26000,0.26000,-1.69234491e-02,0.59602869,Near,False,48,0.24000,Near,0.09333
KC,200,1009,contraction,0.24000,0.008396,0.06209892,189,0.94500,0.70500,0.70500,-2.66356098e-03,0.55599348,Far,True,1,0.00500,Near,0.27833
KC,200,1010,rebound,0.94500,0.005732,0.23768303,114,0.57000,-0.37500,0.37500,3.50408116e-02,2.54429520,Middle,False,114,0.57000,Middle,0.09667
KC,200,1011,contraction,0.57000,0.040773,0.15269324,75,0.37500,-0.19500,0.19500,-1.53365888e-02,0.70068972,Middle,False,75,0.37500,Middle,0.04167
KC,200,1012,contraction,0.37500,0.025436,0.10010909,149,0.74500,0.37000,0.37000,-1.04038938e-02,0.64914514,Far,True,19,0.09500,Near,0.07833
KC,200,1013,rebound,0.74500,0.015032,0.19000812,40,0.20000,-0.54500,0.54500,3.72402313e-03,1.14265182,Near,False,40,0.20000,Near,0.13333
KC,200,1014,contraction,0.20000,0.018756,0.05468912,173,0.86500,0.66500,0.66500,-1.10919592e-02,0.43965710,Far,True,3,0.01500,Near,0.19833
KC,200,1015,rebound,0.86500,0.007665,0.21816613,93,0.46500,-0.40000,0.40000,2.99576701e-02,2.23297737,Middle,False,93,0.46500,Middle,0.13167
KC,200,1016,contraction,0.46500,0.037622,0.12565555,132,0.66000,0.19500,0.19500,-2.18652123e-02,0.56584179,Middle,True,58,0.29000,Near,0.00667
KC,200,1017,rebound,0.66000,0.015757,0.16893925,56,0.28000,-0.38000,0.38000,3.86975904e-03,1.12886678,Near,False,56,0.28000,Near,0.05333
KC,200,1018,contraction,0.28000,0.019627,0.07490669,192,0.96000,0.68000,0.68000,-1.69132735e-02,0.38171235,Far,True,10,0.05000,Near,0.29333
KC,200,1019,rebound,0.96000,0.002713,0.24067837,107,0.53500,-0.42500,0.42500,4.41453141e-02,6.01309948,Middle,False,107,0.53500,Middle,0.13167
KC,200,1020,contraction,0.53500,0.046859,0.14546470,70,0.35000,-0.18500,0.18500,-2.01483793e-02,0.62449104,Middle,False,70,0.35000,Middle,0.01667
KC,200,1021,contraction,0.35000,0.026710,0.09417760,157,0.78500,0.43500,0.43500,-6.49932031e-03,0.71075567,Far,True,22,0.11000,Near,0.11833
KC,200,1022,rebound,0.78500,0.020211,0.20130277,121,0.60500,-0.18000,0.18000,3.81097940e-03,1.13028688,Middle,False,121,0.60500,Middle,0.06167
KC,200,1023,rebound,0.60500,0.024022,0.15725552,43,0.21500,-0.39000,0.39000,5.69796132e-04,1.02193970,Near,False,43,0.21500,Near,0.11833
KC,200,1024,contraction,0.21500,0.024592,0.05989797,177,0.88500,0.67000,0.67000,-1.78941841e-02,0.34829407,Far,True,10,0.05000,Near,0.21833
KC,200,1025,rebound,0.88500,0.006698,0.22292442,86,0.43000,-0.45500,0.45500,3.39199652e-02,2.65034641,Middle,False,86,0.43000,Middle,0.09667
KC,200,1026,contraction,0.43000,0.040618,0.11765441,140,0.70000,0.27000,0.27000,-2.25802714e-02,0.52531027,Far,True,28,0.14000,Near,0.03333
KC,200,1027,rebound,0.70000,0.018037,0.17950934,58,0.29000,-0.41000,0.41000,5.73673119e-03,1.19121271,Near,False,58,0.29000,Near,0.04333
KC,200,1028,contraction,0.29000,0.023774,0.07844353,15,0.07500,-0.21500,0.21500,-2.07847889e-02,0.42626732,Near,False,15,0.07500,Near,0.25833
KC,200,1029,contraction,0.07500,0.002989,0.01949733,185,0.92500,0.85000,0.85000,-3.85275816e-04,0.77830994,Far,True,1,0.00500,Near,0.25833
KC,200,1030,rebound,0.92500,0.002604,0.23190101,103,0.51500,-0.41000,0.41000,4.03482567e-02,3.31618608,Middle,False,103,0.51500,Middle,0.15167
KC,200,1031,contraction,0.51500,0.042952,0.13948807,146,0.73000,0.21500,0.21500,-2.30163705e-02,0.58062084,Far,True,74,0.37000,Middle,0.06333
KC,200,1032,rebound,0.73000,0.019936,0.18748398,72,0.36000,-0.37000,0.37000,1.33975976e-02,1.47241078,Middle,False,72,0.36000,Middle,0.02667
KC,200,1033,contraction,0.36000,0.033334,0.09833338,31,0.15500,-0.20500,0.20500,-2.51113507e-02,0.45658305,Near,False,31,0.15500,Near,0.17833
KC,200,1034,contraction,0.15500,0.008222,0.04080554,166,0.83000,0.67500,0.67500,-2.42146288e-03,0.70448765,Far,True,1,0.00500,Near,0.16333
KC,200,1035,rebound,0.83000,0.005801,0.20895018,113,0.56500,-0.26500,0.26500,1.96170487e-02,1.62114341,Middle,False,113,0.56500,Middle,0.10167
KC,200,1036,contraction,0.56500,0.025418,0.14760444,51,0.25500,-0.31000,0.31000,-1.23532041e-02,0.70086130,Near,False,51,0.25500,Near,0.07833
KC,200,1037,contraction,0.25500,0.013065,0.06701614,196,0.98000,0.72500,0.72500,-1.16649362e-02,0.44972124,Far,True,1,0.00500,Near,0.31333
KC,200,1038,rebound,0.98000,0.001400,0.24534990,95,0.47500,-0.50500,0.50500,4.84278614e-02,6.47893042,Middle,False,95,0.47500,Middle,0.14167
KC,200,1039,contraction,0.47500,0.049827,0.13120687,134,0.67000,0.19500,0.19500,-1.69594342e-02,0.63333728,Far,True,78,0.39000,Middle,0.00333
KC,200,1040,contraction,0.67000,0.032868,0.17571701,64,0.32000,-0.35000,0.35000,-4.49284352e-03,0.89552756,Near,False,64,0.32000,Near,0.01333
KC,200,1041,contraction,0.32000,0.028375,0.08709380,160,0.80000,0.48000,0.48000,-1.21565592e-02,0.54428694,Far,True,20,0.10000,Near,0.13333
KC,200,1042,rebound,0.80000,0.016219,0.20405466,84,0.42000,-0.38000,0.38000,1.09912434e-02,1.30472757,Middle,False,84,0.42000,Middle,0.08667
KC,200,1043,contraction,0.42000,0.027210,0.11180247,27,0.13500,-0.28500,0.28500,-1.73660611e-02,0.57283627,Near,False,27,0.13500,Near,0.19833
KC,200,1044,contraction,0.13500,0.009844,0.03621096,174,0.87000,0.73500,0.73500,-2.37944013e-03,0.63308171,Far,True,1,0.00500,Near,0.20333
KC,200,1045,rebound,0.87000,0.007464,0.21936610,118,0.59000,-0.28000,0.28000,2.76287926e-02,2.10114587,Middle,False,118,0.59000,Middle,0.07667
KC,200,1046,contraction,0.59000,0.035093,0.15627329,55,0.27500,-0.31500,0.31500,-1.32018564e-02,0.71018221,Near,False,55,0.27500,Near,0.05833
KC,200,1047,contraction,0.27500,0.021891,0.07422283,150,0.75000,0.47500,0.47500,-1.45388735e-02,0.50494449,Far,True,5,0.02500,Near,0.08333
KC,200,1048,rebound,0.75000,0.007352,0.18933811,91,0.45500,-0.29500,0.29500,7.90671722e-03,1.20343170,Middle,False,91,0.45500,Middle,0.12167
KC,200,1049,contraction,0.45500,0.015259,0.11756479,17,0.08500,-0.37000,0.37000,-1.11392888e-02,0.57089876,Near,False,17,0.08500,Near,0.24833
KC,200,1050,contraction,0.08500,0.004120,0.02227997,187,0.93500,0.85000,0.85000,-1.82542862e-03,0.42587444,Far,True,1,0.00500,Near,0.26833
KC,200,1051,rebound,0.93500,0.002294,0.23432361,108,0.54000,-0.39500,0.39500,3.47921425e-02,2.62704878,Middle,False,108,0.54000,Middle,0.12667
KC,200,1052,contraction,0.54000,0.037087,0.14427165,61,0.30500,-0.23500,0.23500,-1.53093016e-02,0.67466769,Near,False,61,0.30500,Near,0.02833
KC,200,1053,contraction,0.30500,0.021777,0.08169432,142,0.71000,0.40500,0.40500,-1.16701999e-02,0.59390201,Far,True,2,0.01000,Near,0.04333
KC,200,1054,rebound,0.71000,0.010107,0.18002677,37,0.18500,-0.52500,0.52500,8.13468841e-04,1.03100861,Near,False,37,0.18500,Near,0.14833
KC,200,1055,contraction,0.18500,0.010921,0.04898014,169,0.84500,0.66000,0.66000,-8.70364581e-03,0.42720119,Far,True,1,0.00500,Near,0.17833
KC,200,1056,rebound,0.84500,0.002217,0.21180423,82,0.41000,-0.43500,0.43500,2.50066277e-02,1.96094299,Middle,False,82,0.41000,Middle,0.07667
KC,200,1057,contraction,0.41000,0.027224,0.10930588,126,0.63000,0.22000,0.22000,-2.05918032e-02,0.55363125,Middle,True,12,0.06000,Near,0.03667
KC,200,1058,rebound,0.63000,0.006632,0.15915793,25,0.12500,-0.50500,0.50500,3.58934677e-05,1.00206617,Near,False,25,0.12500,Near,0.20833
KC,200,1059,contraction,0.12500,0.006668,0.03291691,199,0.99500,0.87000,0.87000,-5.59120094e-03,0.27859749,Far,True,1,0.00500,Near,0.32833
KC,200,1060,rebound,0.99500,0.001076,0.24901911,100,0.50000,-0.49500,0.49500,4.97070055e-02,5.57165615,Middle,False,100,0.50000,Middle,0.16667
KC,200,1061,contraction,0.50000,0.050783,0.13769586,153,0.76500,0.26500,0.26500,-2.21949395e-02,0.56512967,Far,True,66,0.33000,Near,0.09833
KC,200,1062,rebound,0.76500,0.028588,0.19839712,68,0.34000,-0.42500,0.42500,1.82535307e-02,1.71093330,Middle,False,68,0.34000,Middle,0.00667
KC,200,1063,contraction,0.34000,0.046842,0.09671051,131,0.65500,0.31500,0.31500,-2.74068267e-02,0.45612669,Middle,True,44,0.22000,Near,0.01167
KC,200,1064,rebound,0.65500,0.019435,0.16860880,46,0.23000,-0.42500,0.42500,1.15055648e-03,1.04015836,Near,False,46,0.23000,Near,0.10333
KC,200,1065,contraction,0.23000,0.020586,0.06264644,181,0.90500,0.67500,0.67500,-7.93559786e-03,0.42141905,Far,True,4,0.02000,Near,0.23833
KC,200,1066,rebound,0.90500,0.012650,0.22941254,93,0.46500,-0.44000,0.44000,3.13547670e-02,2.21934553,Middle,False,93,0.46500,Middle,0.13167
KC,200,1067,contraction,0.46500,0.044005,0.12725123,144,0.72000,0.25500,0.25500,-2.40422021e-02,0.55501032,Far,True,57,0.28500,Near,0.05333
KC,200,1068,rebound,0.72000,0.019963,0.18499068,59,0.29500,-0.42500,0.42500,9.87533779e-03,1.35022064,Near,False,59,0.29500,Near,0.03833
KC,200,1069,contraction,0.29500,0.029838,0.08120952,165,0.82500,0.53000,0.53000,-1.98104080e-02,0.46975832,Far,True,18,0.09000,Near,0.15833
KC,200,1070,rebound,0.82500,0.010028,0.20875691,107,0.53500,-0.29000,0.29000,2.40843746e-02,1.90282456,Middle,False,107,0.53500,Middle,0.13167
KC,200,1071,contraction,0.53500,0.034112,0.14227801,37,0.18500,-0.35000,0.35000,-1.44130720e-02,0.65301086,Near,False,37,0.18500,Near,0.14833
KC,200,1072,contraction,0.18500,0.019699,0.05117474,190,0.95000,0.76500,0.76500,-1.36195731e-02,0.38000919,Far,True,3,0.01500,Near,0.28333
KC,200,1073,rebound,0.95000,0.006079,0.23901985,86,0.43000,-0.52000,0.52000,4.51223862e-02,4.48758691,Middle,False,86,0.43000,Middle,0.09667
KC,200,1074,contraction,0.43000,0.051202,0.12030044,128,0.64000,0.21000,0.21000,-1.90902575e-02,0.59642322,Middle,True,70,0.35000,Middle,0.02667
KC,200,1075,contraction,0.64000,0.032112,0.16802788,54,0.27000,-0.37000,0.37000,-9.01900085e-03,0.80012197,Near,False,54,0.27000,Near,0.06333
KC,200,1076,contraction,0.27000,0.023093,0.07327313,158,0.79000,0.52000,0.52000,-8.59821082e-03,0.58720090,Far,True,11,0.05500,Near,0.12333
KC,200,1077,rebound,0.79000,0.014494,0.20112357,99,0.49500,-0.29500,0.29500,9.35605881e-03,1.22870877,Middle,False,99,0.49500,Middle,0.16167
KC,200,1078,contraction,0.49500,0.023850,0.12971259,27,0.13500,-0.36000,0.36000,-1.33810597e-02,0.59840087,Near,False,27,0.13500,Near,0.19833
KC,200,1079,contraction,0.13500,0.010469,0.03636732,178,0.89000,0.75500,0.75500,-2.93521830e-03,0.56466516,Far,True,1,0.00500,Near,0.22333
KC,200,1080,rebound,0.89000,0.007534,0.22438352,116,0.58000,-0.31000,0.31000,2.71937484e-02,2.04667197,Middle,False,116,0.58000,Middle,0.08667
KC,200,1081,contraction,0.58000,0.034728,0.15368196,67,0.33500,-0.24500,0.24500,-8.24300515e-03,0.80807241,Middle,False,67,0.33500,Middle,0.00167
KC,200,1082,contraction,0.33500,0.026485,0.09037121,148,0.74000,0.40500,0.40500,-1.86976770e-02,0.49215168,Far,True,11,0.05500,Near,0.07333
KC,200,1083,rebound,0.74000,0.007787,0.18694679,44,0.22000,-0.52000,0.52000,7.98839459e-03,1.35350353,Near,False,44,0.22000,Near,0.11333
KC,200,1084,contraction,0.22000,0.015776,0.05894389,194,0.97000,0.75000,0.75000,-1.22908246e-02,0.39945622,Far,True,1,0.00500,Near,0.30333
KC,200,1085,rebound,0.97000,0.003485,0.24337118,94,0.47000,-0.50000,0.50000,4.92430182e-02,5.36267877,Middle,False,94,0.47000,Middle,0.13667
KC,200,1086,contraction,0.47000,0.052728,0.13068193,135,0.67500,0.20500,0.20500,-2.06925935e-02,0.58348400,Far,True,77,0.38500,Middle,0.00833
KC,200,1087,contraction,0.67500,0.032035,0.17675879,72,0.36000,-0.31500,0.31500,-2.12079081e-03,0.95075293,Middle,False,72,0.36000,Middle,0.02667
KC,200,1088,contraction,0.36000,0.029914,0.09747859,170,0.85000,0.49000,0.49000,-1.38665420e-02,0.50079174,Far,True,23,0.11500,Near,0.18333
KC,200,1089,rebound,0.85000,0.016048,0.21651195,109,0.54500,-0.30500,0.30500,2.12010248e-02,1.77669287,Middle,False,109,0.54500,Middle,0.12167
KC,200,1090,contraction,0.54500,0.037249,0.14556221,49,0.24500,-0.30000,0.30000,-1.12343270e-02,0.71076632,Near,False,49,0.24500,Near,0.08833
KC,200,1091,contraction,0.24500,0.026015,0.06775363,155,0.77500,0.53000,0.53000,-1.58461129e-02,0.43722391,Far,True,14,0.07000,Near,0.10833
KC,200,1092,rebound,0.77500,0.010168,0.19629210,82,0.41000,-0.36500,0.36500,1.11922063e-02,1.32140194,Middle,False,82,0.41000,Middle,0.07667
KC,200,1093,contraction,0.41000,0.021361,0.10784015,184,0.92000,0.51000,0.51000,-1.53755952e-02,0.54080792,Far,True,20,0.10000,Near,0.25333
KC,200,1094,rebound,0.92000,0.005985,0.23149625,120,0.60000,-0.32000,0.32000,3.74028813e-02,6.14519517,Middle,False,120,0.60000,Middle,0.06667
KC,200,1095,contraction,0.60000,0.043388,0.16084697,59,0.29500,-0.30500,0.30500,-7.57171186e-03,0.81728532,Near,False,59,0.29500,Near,0.03833
KC,200,1096,contraction,0.29500,0.035816,0.08270404,141,0.70500,0.41000,0.41000,-2.23205236e-02,0.43727963,Far,True,24,0.12000,Near,0.03833
KC,200,1097,rebound,0.70500,0.013496,0.17962391,35,0.17500,-0.53000,0.53000,5.09234633e-03,1.25803964,Near,False,35,0.17500,Near,0.15833
KC,200,1098,contraction,0.17500,0.018588,0.04839700,175,0.87500,0.70000,0.70000,-1.45964341e-02,0.42721348,Far,True,1,0.00500,Near,0.20833
KC,200,1099,rebound,0.87500,0.003992,0.21974789,93,0.46500,-0.41000,0.41000,3.80504393e-02,3.30374985,Middle,False,93,0.46500,Middle,0.13167
KC,200,1100,contraction,0.46500,0.042042,0.12676050,126,0.63000,0.16500,0.16500,-2.90252947e-02,0.51243522,Middle,True,68,0.34000,Middle,0.03667
KC,200,1101,rebound,0.63000,0.013017,0.16075418,51,0.25500,-0.37500,0.37500,3.59081528e-03,1.14021636,Near,False,51,0.25500,Near,0.07833
KC,200,1102,contraction,0.25500,0.016608,0.06790188,197,0.98500,0.73000,0.73000,-1.48097074e-02,0.36852257,Far,True,5,0.02500,Near,0.31833
KC,200,1103,rebound,0.98500,0.001798,0.24669945,103,0.51500,-0.47000,0.47000,4.79606660e-02,6.77075047,Middle,False,103,0.51500,Middle,0.15167
KC,200,1104,contraction,0.51500,0.049758,0.14118962,151,0.75500,0.24000,0.24000,-1.89140183e-02,0.59456956,Far,True,71,0.35500,Middle,0.08833
KC,200,1105,rebound,0.75500,0.030844,0.19646112,71,0.35500,-0.40000,0.40000,1.56847108e-02,1.54059453,Middle,False,71,0.35500,Middle,0.02167
KC,200,1106,contraction,0.35500,0.046529,0.10038229,163,0.81500,0.46000,0.46000,-2.81131446e-02,0.44000889,Far,True,31,0.15500,Near,0.14833
KC,200,1107,rebound,0.81500,0.018416,0.20835401,87,0.43500,-0.38000,0.38000,2.26437982e-02,2.06522482,Middle,False,87,0.43500,Middle,0.10167
KC,200,1108,contraction,0.43500,0.041060,0.11901496,38,0.19000,-0.24500,0.24500,-2.14478162e-02,0.54930073,Near,False,38,0.19000,Near,0.14333
KC,200,1109,contraction,0.19000,0.019612,0.05240300,133,0.66500,0.47500,0.47500,-7.47054904e-03,0.60978353,Middle,True,4,0.02000,Near,0.00167
KC,200,1110,contraction,0.66500,0.012141,0.16928537,186,0.93000,0.26500,0.26500,-4.43651329e-03,0.79255651,Far,True,19,0.09500,Near,0.26333
KC,200,1111,rebound,0.93000,0.007705,0.23442624,99,0.49500,-0.43500,0.43500,4.26410039e-02,4.83635820,Middle,False,99,0.49500,Middle,0.16167
KC,200,1112,contraction,0.49500,0.050346,0.13633649,58,0.29000,-0.20500,0.20500,-2.07480999e-02,0.58241667,Near,False,58,0.29000,Near,0.04333
KC,200,1113,contraction,0.29000,0.029598,0.07989946,146,0.73000,0.44000,0.44000,-1.26885571e-02,0.55661502,Far,True,17,0.08500,Near,0.06333
KC,200,1114,contraction,0.73000,0.016909,0.18672732,114,0.57000,-0.16000,0.16000,-3.45197690e-04,0.99251394,Middle,False,114,0.57000,Middle,0.09667
KC,200,1115,contraction,0.57000,0.016564,0.14664102,32,0.16000,-0.41000,0.41000,-1.66161479e-03,0.92297623,Near,False,32,0.16000,Near,0.17333
KC,200,1116,contraction,0.16000,0.014902,0.04372562,173,0.86500,0.70500,0.70500,-8.10401774e-03,0.39301377,Far,True,1,0.00500,Near,0.19833
KC,200,1117,rebound,0.86500,0.006798,0.21794962,78,0.39000,-0.47500,0.47500,2.54153210e-02,1.97873521,Middle,False,78,0.39000,Middle,0.05667
KC,200,1118,contraction,0.39000,0.032214,0.10555345,129,0.64500,0.25500,0.25500,-2.55951300e-02,0.48848049,Middle,True,16,0.08000,Near,0.02167
KC,200,1119,rebound,0.64500,0.006619,0.16290466,45,0.22500,-0.42000,0.42000,3.71964124e-03,1.15281999,Near,False,45,0.22500,Near,0.10833
KC,200,1120,contraction,0.22500,0.010338,0.05883457,191,0.95500,0.73000,0.73000,-6.79664375e-03,0.41344141,Far,True,1,0.00500,Near,0.28833
KC,200,1121,rebound,0.95500,0.003542,0.23963541,95,0.47500,-0.48000,0.48000,3.79972114e-02,2.74687730,Middle,False,95,0.47500,Middle,0.14167
KC,200,1122,contraction,0.47500,0.041539,0.12913472,156,0.78000,0.30500,0.30500,-1.83038148e-02,0.56924580,Far,True,63,0.31500,Near,0.11333
KC,200,1123,rebound,0.78000,0.023235,0.20080876,66,0.33000,-0.45000,0.45000,1.56703784e-02,1.55426632,Near,False,66,0.33000,Near,0.00333
KC,200,1124,contraction,0.33000,0.038905,0.09222636,121,0.60500,0.27500,0.27500,-2.25611209e-02,0.49506861,Middle,True,25,0.12500,Near,0.06167
KC,200,1125,contraction,0.60500,0.016344,0.15533608,29,0.14500,-0.46000,0.46000,-4.43371001e-03,0.82510884,Near,False,29,0.14500,Near,0.18833
KC,200,1126,contraction,0.14500,0.011911,0.03922765,179,0.89500,0.75000,0.75000,-4.96903450e-03,0.48917982,Far,True,1,0.00500,Near,0.22833
KC,200,1127,rebound,0.89500,0.006942,0.22548539,88,0.44000,-0.45500,0.45500,2.92504085e-02,2.12433031,Middle,False,88,0.44000,Middle,0.10667
KC,200,1128,contraction,0.44000,0.036192,0.11904799,140,0.70000,0.26000,0.26000,-1.84482132e-02,0.57677293,Far,True,50,0.25000,Near,0.03333
KC,200,1129,rebound,0.70000,0.017744,0.17943594,53,0.26500,-0.43500,0.43500,5.20137310e-03,1.17731421,Near,False,53,0.26500,Near,0.06833
KC,200,1130,contraction,0.26500,0.022945,0.07198628,166,0.83000,0.56500,0.56500,-1.76914021e-02,0.42315287,Far,True,8,0.04000,Near,0.16333
KC,200,1131,rebound,0.83000,0.005254,0.20881343,104,0.52000,-0.31000,0.31000,2.36875358e-02,1.83312072,Middle,False,104,0.52000,Middle,0.14667
KC,200,1132,contraction,0.52000,0.028941,0.13723532,37,0.18500,-0.33500,0.33500,-1.53390184e-02,0.63091930,Near,False,37,0.18500,Near,0.14833
KC,200,1133,contraction,0.18500,0.013602,0.04965056,195,0.97500,0.79000,0.79000,-1.21348035e-02,0.38246652,Far,True,1,0.00500,Near,0.30833
KC,200,1134,rebound,0.97500,0.001467,0.24411686,116,0.58000,-0.39500,0.39500,4.89593586e-02,6.33644194,Middle,False,116,0.58000,Middle,0.08667
KC,200,1135,contraction,0.58000,0.050427,0.15760670,74,0.37000,-0.21000,0.21000,-1.23101129e-02,0.74963098,Middle,False,74,0.37000,Middle,0.03667
KC,200,1136,contraction,0.37000,0.038117,0.10202917,150,0.75000,0.38000,0.38000,-1.53298610e-02,0.55917688,Far,True,23,0.11500,Near,0.08333
KC,200,1137,rebound,0.75000,0.022787,0.19319671,58,0.29000,-0.46000,0.46000,3.35097345e-03,1.09256855,Near,False,58,0.29000,Near,0.04333
KC,200,1138,contraction,0.29000,0.026138,0.07903445,171,0.85500,0.56500,0.56500,-1.54873042e-02,0.52242770,Far,True,15,0.07500,Near,0.18833
KC,200,1139,rebound,0.85500,0.010650,0.21641262,97,0.48500,-0.37000,0.37000,2.91636257e-02,2.17166109,Middle,False,97,0.48500,Middle,0.15167
KC,200,1140,contraction,0.48500,0.039814,0.13120353,132,0.66000,0.17500,0.17500,-2.11592211e-02,0.58430534,Middle,True,34,0.17000,Near,0.00667
KC,200,1141,rebound,0.66000,0.018655,0.16966373,43,0.21500,-0.44500,0.44500,4.53008075e-03,1.19442418,Near,False,43,0.21500,Near,0.11833
KC,200,1142,contraction,0.21500,0.023185,0.05954625,183,0.91500,0.70000,0.70000,-1.86821309e-02,0.33996892,Far,True,9,0.04500,Near,0.24833
KC,200,1143,rebound,0.91500,0.004503,0.22987571,85,0.42500,-0.49000,0.49000,3.93162424e-02,3.38552951,Middle,False,85,0.42500,Middle,0.09167
KC,200,1144,contraction,0.42500,0.043819,0.11720477,142,0.71000,0.28500,0.28500,-2.30849278e-02,0.54410691,Far,True,29,0.14500,Near,0.04333
KC,200,1145,rebound,0.71000,0.020734,0.18268354,63,0.31500,-0.39500,0.39500,6.05449281e-03,1.18317117,Near,False,63,0.31500,Near,0.01833
KC,200,1146,contraction,0.31500,0.026789,0.08544716,160,0.80000,0.48500,0.48500,-2.08587854e-02,0.48809738,Far,True,18,0.09000,Near,0.13333
KC,200,1147,rebound,0.80000,0.005930,0.20148247,107,0.53500,-0.26500,0.26500,2.08343583e-02,2.50627946,Middle,False,107,0.53500,Middle,0.13167
KC,200,1148,contraction,0.53500,0.026764,0.14044106,34,0.17000,-0.36500,0.36500,-9.64965298e-03,0.69220026,Near,False,34,0.17000,Near,0.16333
KC,200,1149,contraction,0.17000,0.017115,0.04677864,198,0.99000,0.82000,0.82000,-1.62087689e-02,0.32000409,Far,True,1,0.00500,Near,0.32333
KC,200,1150,rebound,0.99000,0.000906,0.24772645,119,0.59500,-0.39500,0.39500,5.19432748e-02,8.26695224,Middle,False,119,0.59500,Middle,0.07167
KC,200,1151,contraction,0.59500,0.052849,0.16196227,76,0.38000,-0.21500,0.21500,-1.04679995e-02,0.78506898,Middle,False,76,0.38000,Middle,0.04667
KC,200,1152,contraction,0.38000,0.042381,0.10559527,153,0.76500,0.38500,0.38500,-2.06295663e-02,0.49575809,Far,True,47,0.23500,Near,0.09833
KC,200,1153,rebound,0.76500,0.021752,0.19668788,54,0.27000,-0.49500,0.49500,1.03391909e-02,1.37306872,Near,False,54,0.27000,Near,0.06333
KC,200,1154,contraction,0.27000,0.032091,0.07552268,176,0.88000,0.61000,0.61000,-1.82051463e-02,0.48225826,Far,True,17,0.08500,Near,0.21333
KC,200,1155,rebound,0.88000,0.013886,0.22347139,99,0.49500,-0.38500,0.38500,3.65573053e-02,2.89367466,Middle,False,99,0.49500,Middle,0.16167
KC,200,1156,contraction,0.49500,0.050443,0.13636072,130,0.65000,0.15500,0.15500,-2.34797638e-02,0.57160975,Middle,True,67,0.33500,Middle,0.01667
KC,200,1157,rebound,0.65000,0.026963,0.16924078,45,0.22500,-0.42500,0.42500,2.74028196e-04,1.00937254,Near,False,45,0.22500,Near,0.10833
KC,200,1158,contraction,0.22500,0.027237,0.06305928,188,0.94000,0.71500,0.71500,-1.90537063e-02,0.37474097,Far,True,13,0.06500,Near,0.27333
KC,200,1159,rebound,0.94000,0.008183,0.23704586,89,0.44500,-0.49500,0.49500,4.55119360e-02,4.57986411,Middle,False,89,0.44500,Middle,0.11167
KC,200,1160,contraction,0.44500,0.053695,0.12467384,139,0.69500,0.25000,0.25000,-2.12248618e-02,0.55611454,Far,True,67,0.33500,Middle,0.02833
KC,200,1161,rebound,0.69500,0.032471,0.18186763,66,0.33000,-0.36500,0.36500,1.33759749e-03,1.03440913,Near,False,66,0.33000,Near,0.00333
KC,200,1162,contraction,0.33000,0.033808,0.09095202,164,0.82000,0.49000,0.49000,-1.63287633e-02,0.48447625,Far,True,23,0.11500,Near,0.15333
KC,200,1163,rebound,0.82000,0.017479,0.20936983,109,0.54500,-0.27500,0.27500,1.88852754e-02,1.57247687,Middle,False,109,0.54500,Middle,0.12167
KC,200,1164,contraction,0.54500,0.036365,0.14534115,40,0.20000,-0.34500,0.34500,-1.26986763e-02,0.67315828,Near,False,40,0.20000,Near,0.13333
KC,200,1165,contraction,0.20000,0.023666,0.05591648,180,0.90000,0.70000,0.70000,-1.68811263e-02,0.38672619,Far,True,8,0.04000,Near,0.23333
KC,200,1166,rebound,0.90000,0.006785,0.22669620,84,0.42000,-0.48000,0.48000,3.65372093e-02,2.99563135,Middle,False,84,0.42000,Middle,0.08667
KC,200,1167,contraction,0.42000,0.043322,0.11583050,127,0.63500,0.21500,0.21500,-1.89371368e-02,0.58769002,Middle,True,55,0.27500,Near,0.03167
KC,200,1168,contraction,0.63500,0.024385,0.16484622,53,0.26500,-0.37000,0.37000,-6.43548832e-03,0.83515399,Near,False,53,0.26500,Near,0.06833
KC,200,1169,contraction,0.26500,0.017949,0.07073735,156,0.78000,0.51500,0.51500,-9.49620247e-03,0.56983642,Far,True,8,0.04000,Near,0.11333
KC,200,1170,rebound,0.78000,0.008453,0.19711330,96,0.48000,-0.30000,0.30000,7.74637069e-03,1.24133135,Middle,False,96,0.48000,Middle,0.14667
KC,200,1171,contraction,0.48000,0.016200,0.12404989,23,0.11500,-0.36500,0.36500,-8.82734050e-03,0.62491432,Near,False,23,0.11500,Near,0.21833
KC,200,1172,contraction,0.11500,0.007372,0.03059306,192,0.96000,0.84500,0.84500,-4.47484277e-03,0.31097878,Far,True,1,0.00500,Near,0.29333
KC,200,1173,rebound,0.96000,0.002897,0.24072434,116,0.58000,-0.38000,0.38000,3.95375332e-02,3.38297953,Middle,False,116,0.58000,Middle,0.08667
KC,200,1174,contraction,0.58000,0.042435,0.15560873,68,0.34000,-0.24000,0.24000,-1.13014089e-02,0.75714476,Middle,False,68,0.34000,Middle,0.00667
KC,200,1175,contraction,0.34000,0.031134,0.09278338,147,0.73500,0.39500,0.39500,-1.29927135e-02,0.58301014,Far,True,32,0.16000,Near,0.06833
KC,200,1176,rebound,0.73500,0.018141,0.18828520,45,0.22500,-0.51000,0.51000,1.23699315e-03,1.03953759,Near,False,45,0.22500,Near,0.10833
KC,200,1177,contraction,0.22500,0.019378,0.06109445,170,0.85000,0.62500,0.62500,-9.11644074e-03,0.46732893,Far,True,2,0.01000,Near,0.18333
KC,200,1178,rebound,0.85000,0.010261,0.21506534,91,0.45500,-0.39500,0.39500,2.53792071e-02,1.90833951,Middle,False,91,0.45500,Middle,0.12167
KC,200,1179,contraction,0.45500,0.035641,0.12266014,133,0.66500,0.21000,0.21000,-2.24800200e-02,0.55170661,Middle,True,29,0.14500,Near,0.00167
KC,200,1180,rebound,0.66500,0.013161,0.16954013,56,0.28000,-0.38500,0.38500,3.47552869e-03,1.16174096,Near,False,56,0.28000,Near,0.05333
KC,200,1181,contraction,0.28000,0.016636,0.07415901,185,0.92500,0.64500,0.64500,-1.42172932e-02,0.40129522,Far,True,8,0.04000,Near,0.25833
KC,200,1182,rebound,0.92500,0.002419,0.23185469,105,0.52500,-0.40000,0.40000,3.75148131e-02,4.38676816,Middle,False,105,0.52500,Middle,0.14167
KC,200,1183,contraction,0.52500,0.039934,0.14123339,37,0.18500,-0.34000,0.34000,-2.00999630e-02,0.61365492,Near,False,37,0.18500,Near,0.14833
KC,200,1184,contraction,0.18500,0.019834,0.05120840,152,0.76000,0.57500,0.57500,-7.10758270e-03,0.56950653,Far,True,3,0.01500,Near,0.09333
KC,200,1185,rebound,0.76000,0.012726,0.19318151,78,0.39000,-0.37000,0.37000,1.07316323e-02,1.30593234,Middle,False,78,0.39000,Middle,0.05667
KC,200,1186,contraction,0.39000,0.023458,0.10336442,13,0.06500,-0.32500,0.32500,-2.13540426e-02,0.51614176,Near,False,13,0.06500,Near,0.26833
KC,200,1187,contraction,0.06500,0.002104,0.01677591,174,0.87000,0.80500,0.80500,-4.23034494e-04,0.81768814,Far,True,1,0.00500,Near,0.20333
KC,200,1188,rebound,0.87000,0.001681,0.21792015,114,0.57000,-0.30000,0.30000,2.94665319e-02,2.27755889,Middle,False,114,0.57000,Middle,0.09667
KC,200,1189,contraction,0.57000,0.031147,0.15028678,60,0.30000,-0.27000,0.27000,-1.18073422e-02,0.73080859,Near,False,60,0.30000,Near,0.03333
KC,200,1190,contraction,0.30000,0.019340,0.07983494,141,0.70500,0.40500,0.40500,-1.80604405e-02,0.48294974,Far,True,1,0.00500,Near,0.03833
KC,200,1191,rebound,0.70500,0.001279,0.17656983,30,0.15000,-0.55500,0.55500,6.36314670e-03,1.46134212,Near,False,30,0.15000,Near,0.18333
KC,200,1192,contraction,0.15000,0.007642,0.03941062,199,0.99500,0.84500,0.84500,-7.04526612e-03,0.36639998,Far,True,1,0.00500,Near,0.32833
KC,200,1193,rebound,0.99500,0.000597,0.24889930,95,0.47500,-0.52000,0.52000,5.39253242e-02,7.64025927,Middle,False,95,0.47500,Middle,0.14167
KC,200,1194,contraction,0.47500,0.054523,0.13238063,126,0.63000,0.15500,0.15500,-2.44824426e-02,0.55831048,Middle,True,72,0.36000,Middle,0.03667
KC,200,1195,contraction,0.63000,0.030040,0.16501002,66,0.33000,-0.30000,0.30000,-4.63634757e-03,0.88773859,Near,False,66,0.33000,Near,0.00333
KC,200,1196,contraction,0.33000,0.025404,0.08885094,163,0.81500,0.48500,0.48500,-8.00290458e-03,0.62970293,Far,True,16,0.08000,Near,0.14833
KC,200,1197,rebound,0.81500,0.017401,0.20810021,85,0.42500,-0.39000,0.39000,9.10716046e-03,1.25445103,Middle,False,85,0.42500,Middle,0.09167
KC,200,1198,contraction,0.42500,0.026508,0.11287700,178,0.89000,0.46500,0.46500,-1.70058235e-02,0.55918378,Far,True,26,0.13000,Near,0.22333
KC,200,1199,rebound,0.89000,0.009502,0.22487555,109,0.54500,-0.34500,0.34500,3.35019541e-02,4.53976258,Middle,False,109,0.54500,Middle,0.12167
KC,200,1200,contraction,0.54500,0.043004,0.14700103,48,0.24000,-0.30500,0.30500,-1.10857267e-02,0.71319476,Near,False,48,0.24000,Near,0.09333
KC,200,1201,contraction,0.24000,0.031918,0.06797960,146,0.73000,0.49000,0.49000,-1.52020508e-02,0.47171864,Far,True,17,0.08500,Near,0.06333
KC,200,1202,rebound,0.73000,0.016716,0.18667909,73,0.36500,-0.36500,0.36500,2.08799598e-03,1.05070468,Middle,False,73,0.36500,Middle,0.03167
KC,200,1203,contraction,0.36500,0.018804,0.09595109,190,0.95000,0.58500,0.58500,-1.29837322e-02,0.52363288,Far,True,16,0.08000,Near,0.28333
KC,200,1204,rebound,0.95000,0.005821,0.23895516,119,0.59500,-0.35500,0.35500,4.25876306e-02,4.80869043,Middle,False,119,0.59500,Middle,0.07167
KC,200,1205,contraction,0.59500,0.048408,0.16085206,58,0.29000,-0.30500,0.30500,-1.34651220e-02,0.72328654,Near,False,58,0.29000,Near,0.04333
KC,200,1206,contraction,0.29000,0.034943,0.08123578,157,0.78500,0.49500,0.49500,-1.32455672e-02,0.52680787,Far,True,23,0.11500,Near,0.11833
KC,200,1207,rebound,0.78500,0.021698,0.20167439,93,0.46500,-0.32000,0.32000,1.30945115e-02,1.35317041,Middle,False,93,0.46500,Middle,0.13167
KC,200,1208,contraction,0.46500,0.034792,0.12494802,32,0.16000,-0.30500,0.30500,-1.98128073e-02,0.55385076,Near,False,32,0.16000,Near,0.17333
KC,200,1209,contraction,0.16000,0.014979,0.04374482,168,0.84000,0.68000,0.68000,-5.85944222e-03,0.57812884,Far,True,1,0.00500,Near,0.17333
KC,200,1210,rebound,0.84000,0.009120,0.21227996,106,0.53000,-0.31000,0.31000,1.99708753e-02,1.67217438,Middle,False,106,0.53000,Middle,0.13667
KC,200,1211,contraction,0.53000,0.029091,0.13977268,51,0.25500,-0.27500,0.27500,-1.55148672e-02,0.65724080,Near,False,51,0.25500,Near,0.07833
KC,200,1212,contraction,0.25500,0.013576,0.06714396,138,0.69000,0.43500,0.43500,-8.05476675e-03,0.64181427,Far,True,1,0.00500,Near,0.02333
KC,200,1213,contraction,0.69000,0.005521,0.17388027,17,0.08500,-0.60500,0.60500,-1.44166391e-03,0.91035243,Near,False,17,0.08500,Near,0.24833
KC,200,1214,contraction,0.08500,0.004079,0.02226985,194,0.97000,0.88500,0.88500,-5.50962051e-04,0.55183599,Far,True,1,0.00500,Near,0.30333
KC,200,1215,rebound,0.97000,0.003528,0.24338211,84,0.42000,-0.55000,0.55000,4.69259025e-02,4.94117708,Middle,False,84,0.42000,Middle,0.08667
KC,200,1216,contraction,0.42000,0.050454,0.11761359,129,0.64500,0.22500,0.22500,-2.14375417e-02,0.55853438,Middle,True,66,0.33000,Near,0.02167
KC,200,1217,contraction,0.64500,0.029017,0.16850420,63,0.31500,-0.33000,0.33000,-6.70883507e-03,0.84472883,Near,False,63,0.31500,Near,0.01833
KC,200,1218,contraction,0.31500,0.022308,0.08432699,172,0.86000,0.54500,0.54500,-8.42370762e-03,0.59551221,Far,True,6,0.03000,Near,0.19333
KC,200,1219,rebound,0.86000,0.013884,0.21847106,101,0.50500,-0.35500,0.35500,2.09943594e-02,1.62449860,Middle,False,101,0.50500,Middle,0.16167
KC,200,1220,contraction,0.50500,0.034879,0.13496965,39,0.19500,-0.31000,0.31000,-1.73532827e-02,0.59187773,Near,False,39,0.19500,Near,0.13833
KC,200,1221,contraction,0.19500,0.017525,0.05313133,151,0.75500,0.56000,0.56000,-3.78595786e-03,0.72190551,Far,True,1,0.00500,Near,0.08833
KC,200,1222,rebound,0.75500,0.013739,0.19218484,76,0.38000,-0.37500,0.37500,2.03919415e-03,1.04724450,Middle,False,76,0.38000,Middle,0.04667
KC,200,1223,contraction,0.38000,0.015779,0.09894464,183,0.91500,0.53500,0.53500,-8.77684232e-03,0.56535171,Far,True,8,0.04000,Near,0.24833
KC,200,1224,rebound,0.91500,0.007002,0.23050043,116,0.58000,-0.33500,0.33500,3.50008498e-02,2.66694769,Middle,False,116,0.58000,Middle,0.08667
KC,200,1225,contraction,0.58000,0.042003,0.15550064,54,0.27000,-0.31000,0.31000,-1.36267132e-02,0.69802860,Near,False,54,0.27000,Near,0.06333
KC,200,1226,contraction,0.27000,0.028376,0.07459397,143,0.71500,0.44500,0.44500,-1.52076142e-02,0.50186358,Far,True,15,0.07500,Near,0.04833
KC,200,1227,rebound,0.71500,0.013168,0.18204206,88,0.44000,-0.27500,0.27500,1.87458565e-03,1.04361471,Middle,False,88,0.44000,Middle,0.10667
KC,200,1228,contraction,0.44000,0.015043,0.11376071,20,0.10000,-0.34000,0.34000,-9.60981041e-03,0.57193692,Near,False,20,0.10000,Near,0.23333
KC,200,1229,contraction,0.10000,0.005433,0.02635826,187,0.93500,0.83500,0.83500,-2.43782999e-03,0.45765603,Far,True,1,0.00500,Near,0.26833
KC,200,1230,rebound,0.93500,0.002995,0.23449880,109,0.54500,-0.39000,0.39000,3.22581559e-02,2.39705479,Middle,False,109,0.54500,Middle,0.12167
KC,200,1231,contraction,0.54500,0.035253,0.14506334,61,0.30500,-0.24000,0.24000,-1.48605998e-02,0.67920391,Near,False,61,0.30500,Near,0.02833
KC,200,1232,contraction,0.30500,0.020393,0.08134819,161,0.80500,0.50000,0.50000,-4.69133549e-03,0.73465440,Far,True,3,0.01500,Near,0.13833
KC,200,1233,rebound,0.80500,0.015701,0.20517535,126,0.63000,-0.17500,0.17500,6.76355342e-03,1.16471234,Middle,False,126,0.63000,Middle,0.03667
KC,200,1234,rebound,0.63000,0.022465,0.16311624,44,0.22000,-0.41000,0.41000,6.87459654e-04,1.02517864,Near,False,44,0.22000,Near,0.11333
KC,200,1235,contraction,0.22000,0.023152,0.06078811,176,0.88000,0.66000,0.66000,-2.00628387e-02,0.38192736,Far,True,5,0.02500,Near,0.21333
KC,200,1236,rebound,0.88000,0.003090,0.22077240,85,0.42500,-0.45500,0.45500,3.73198767e-02,3.31364330,Middle,False,85,0.42500,Middle,0.09167
KC,200,1237,contraction,0.42500,0.040409,0.11635237,136,0.68000,0.25500,0.25500,-2.60222437e-02,0.49555949,Far,True,29,0.14500,Near,0.01333
KC,200,1238,rebound,0.68000,0.014387,0.17359681,55,0.27500,-0.40500,0.40500,4.85807566e-03,1.19706575,Near,False,55,0.27500,Near,0.05833
KC,200,1239,contraction,0.27500,0.019245,0.07356133,196,0.98000,0.70500,0.70500,-1.76839843e-02,0.42459043,Far,True,9,0.04500,Near,0.31333
KC,200,1240,rebound,0.98000,0.001561,0.24539033,102,0.51000,-0.47000,0.47000,5.31145997e-02,13.41535013,Middle,False,102,0.51000,Middle,0.15667
KC,200,1241,contraction,0.51000,0.054676,0.14116898,148,0.74000,0.23000,0.23000,-2.33888874e-02,0.56185137,Far,True,72,0.36000,Middle,0.07333
KC,200,1242,rebound,0.74000,0.031287,0.19282176,72,0.36000,-0.38000,0.38000,1.32108122e-02,1.42933893,Middle,False,72,0.36000,Middle,0.02667
KC,200,1243,contraction,0.36000,0.044498,0.10112446,120,0.60000,0.24000,0.24000,-2.75163500e-02,0.46927085,Middle,True,33,0.16500,Near,0.06667
KC,200,1244,contraction,0.60000,0.016981,0.15424537,34,0.17000,-0.43000,0.43000,-1.04310404e-05,0.99952095,Near,False,34,0.17000,Near,0.16333
KC,200,1245,contraction,0.17000,0.016971,0.04674277,167,0.83500,0.66500,0.66500,-6.04098047e-03,0.51750465,Far,True,1,0.00500,Near,0.16833
KC,200,1246,rebound,0.83500,0.010930,0.21148252,90,0.45000,-0.38500,0.38500,1.52692441e-02,1.41251656,Middle,False,90,0.45000,Middle,0.11667
KC,200,1247,contraction,0.45000,0.026199,0.11904983,21,0.10500,-0.34500,0.34500,-2.03249091e-02,0.52714400,Near,False,21,0.10500,Near,0.22833
KC,200,1248,contraction,0.10500,0.005874,0.02771860,181,0.90500,0.80000,0.80000,-5.32529170e-04,0.81735404,Far,True,1,0.00500,Near,0.23833
KC,200,1249,rebound,0.90500,0.005342,0.22758547,111,0.55500,-0.35000,0.35000,3.24365031e-02,2.45249419,Middle,False,111,0.55500,Middle,0.11167
KC,200,1250,contraction,0.55500,0.037778,0.14819460,60,0.30000,-0.25500,0.25500,-1.23735857e-02,0.71882440,Near,False,60,0.30000,Near,0.03333
KC,200,1251,contraction,0.30000,0.025405,0.08135120,154,0.77000,0.47000,0.47000,-1.19227600e-02,0.56216073,Far,True,3,0.01500,Near,0.10333
KC,200,1252,rebound,0.77000,0.013482,0.19587051,79,0.39500,-0.37500,0.37500,5.56789293e-03,1.13501109,Middle,False,79,0.39500,Middle,0.06167
KC,200,1253,contraction,0.39500,0.019050,0.10351248,134,0.67000,0.27500,0.27500,-1.58985704e-02,0.59172199,Far,True,14,0.07000,Near,0.00333
KC,200,1254,rebound,0.67000,0.003151,0.16828784,36,0.18000,-0.49000,0.49000,7.24230913e-03,1.56997721,Near,False,36,0.18000,Near,0.15333
KC,200,1255,contraction,0.18000,0.010394,0.04759842,193,0.96500,0.78500,0.78500,-8.69169571e-03,0.29770008,Far,True,1,0.00500,Near,0.29833
KC,200,1256,rebound,0.96500,0.001702,0.24167549,99,0.49500,-0.47000,0.47000,4.13149606e-02,3.16332805,Middle,False,99,0.49500,Middle,0.16167
KC,200,1257,contraction,0.49500,0.043017,0.13450423,144,0.72000,0.22500,0.22500,-2.21820261e-02,0.56817707,Far,True,54,0.27000,Near,0.05333
KC,200,1258,rebound,0.72000,0.020835,0.18520873,64,0.32000,-0.40000,0.40000,1.22626944e-02,1.48388574,Near,False,64,0.32000,Near,0.01333
KC,200,1259,contraction,0.32000,0.033098,0.08827440,171,0.85500,0.53500,0.53500,-2.20986109e-02,0.42966180,Far,True,20,0.10000,Near,0.18833
KC,200,1260,rebound,0.85500,0.010999,0.21649975,88,0.44000,-0.41500,0.41500,2.68572747e-02,2.20611145,Middle,False,88,0.44000,Middle,0.10667
KC,200,1261,contraction,0.44000,0.037856,0.11946407,123,0.61500,0.17500,0.17500,-2.11743456e-02,0.57239646,Middle,True,40,0.20000,Near,0.05167
KC,200,1262,rebound,0.61500,0.016682,0.15792048,41,0.20500,-0.41000,0.41000,1.74132620e-03,1.07366035,Near,False,41,0.20500,Near,0.12833
KC,200,1263,contraction,0.20500,0.018423,0.05585581,185,0.92500,0.72000,0.72000,-1.53581752e-02,0.34400945,Far,True,3,0.01500,Near,0.25833
KC,200,1264,rebound,0.92500,0.003065,0.23201627,106,0.53000,-0.39500,0.39500,3.51010301e-02,2.88348277,Middle,False,106,0.53000,Middle,0.13667
KC,200,1265,contraction,0.53000,0.038166,0.14204153,57,0.28500,-0.24500,0.24500,-1.63914405e-02,0.65447609,Near,False,57,0.28500,Near,0.04833
KC,200,1266,contraction,0.28500,0.021775,0.07669367,158,0.79000,0.50500,0.50500,-6.58323009e-03,0.66120170,Far,True,11,0.05500,Near,0.12333
KC,200,1267,rebound,0.79000,0.015191,0.20129786,80,0.40000,-0.39000,0.39000,6.58131328e-03,1.15847697,Middle,False,80,0.40000,Middle,0.06667
KC,200,1268,contraction,0.40000,0.021773,0.10544319,138,0.69000,0.29000,0.29000,-1.47380482e-02,0.60584872,Far,True,19,0.09500,Near,0.02333
KC,200,1269,rebound,0.69000,0.007035,0.17425868,30,0.15000,-0.54000,0.54000,6.55926121e-03,1.47922622,Near,False,30,0.15000,Near,0.18333
KC,200,1270,contraction,0.15000,0.013594,0.04089849,198,0.99000,0.84000,0.84000,-1.30808302e-02,0.31272355,Far,True,1,0.00500,Near,0.32333
KC,200,1271,rebound,0.99000,0.000513,0.24762828,112,0.56000,-0.43000,0.43000,5.25893459e-02,8.45132854,Middle,False,112,0.56000,Middle,0.10667
KC,200,1272,contraction,0.56000,0.053102,0.15327562,69,0.34500,-0.21500,0.21500,-1.75856765e-02,0.66568221,Middle,False,69,0.34500,Middle,0.01167
KC,200,1273,contraction,0.34500,0.035517,0.09512920,164,0.82000,0.47500,0.47500,-1.15225418e-02,0.58510211,Far,True,19,0.09500,Near,0.15333
KC,200,1274,rebound,0.82000,0.023994,0.21099857,95,0.47500,-0.34500,0.34500,1.43169877e-02,1.37401252,Middle,False,95,0.47500,Middle,0.14167
KC,200,1275,contraction,0.47500,0.038311,0.12832781,146,0.73000,0.25500,0.25500,-1.83800059e-02,0.60801184,Far,True,44,0.22000,Near,0.06333
KC,200,1276,rebound,0.73000,0.019931,0.18748281,50,0.25000,-0.48000,0.48000,1.28300433e-02,1.61000186,Near,False,50,0.25000,Near,0.08333
KC,200,1277,contraction,0.25000,0.032761,0.07069032,177,0.88500,0.63500,0.63500,-2.12820137e-02,0.40460097,Far,True,17,0.08500,Near,0.21833
KC,200,1278,rebound,0.88500,0.011479,0.22411982,103,0.51500,-0.37000,0.37000,3.34884310e-02,2.54531318,Middle,False,103,0.51500,Middle,0.15167
KC,200,1279,contraction,0.51500,0.044968,0.13999193,63,0.31500,-0.20000,0.20000,-2.07092489e-02,0.60550021,Near,False,63,0.31500,Near,0.01833
KC,200,1280,contraction,0.31500,0.024258,0.08481461,132,0.66000,0.34500,0.34500,-1.15172474e-02,0.62401789,Middle,True,17,0.08500,Near,0.00667
KC,200,1281,contraction,0.66000,0.012741,0.16818530,27,0.13500,-0.52500,0.52500,-2.13167185e-03,0.90547176,Near,False,27,0.13500,Near,0.19833
KC,200,1282,contraction,0.13500,0.010610,0.03640238,189,0.94500,0.81000,0.81000,-4.70950109e-03,0.39671638,Far,True,1,0.00500,Near,0.27833
KC,200,1283,rebound,0.94500,0.005900,0.23772501,88,0.44000,-0.50500,0.50500,3.88334578e-02,2.99530068,Middle,False,88,0.44000,Middle,0.10667
KC,200,1284,contraction,0.44000,0.044733,0.12118337,152,0.76000,0.32000,0.32000,-1.81425322e-02,0.58542641,Far,True,46,0.23000,Near,0.09333
KC,200,1285,rebound,0.76000,0.026591,0.19664774,72,0.36000,-0.40000,0.40000,8.17059806e-03,1.22992778,Middle,False,72,0.36000,Middle,0.02667
KC,200,1286,contraction,0.36000,0.034762,0.09869039,122,0.61000,0.25000,0.25000,-1.72999718e-02,0.57652382,Middle,True,36,0.18000,Near,0.05667
KC,200,1287,contraction,0.61000,0.017462,0.15686540,37,0.18500,-0.42500,0.42500,-4.94205625e-03,0.83282587,Near,False,37,0.18500,Near,0.14833
KC,200,1288,contraction,0.18500,0.012520,0.04937988,173,0.86500,0.68000,0.68000,-3.91706720e-03,0.60636965,Far,True,1,0.00500,Near,0.19833
KC,200,1289,rebound,0.86500,0.008602,0.21840062,99,0.49500,-0.37000,0.37000,1.95715011e-02,1.55881545,Middle,False,99,0.49500,Middle,0.16167
KC,200,1290,contraction,0.49500,0.028174,0.13079349,52,0.26000,-0.23500,0.23500,-1.85269249e-02,0.58464359,Near,False,52,0.26000,Near,0.07333
KC,200,1291,contraction,0.26000,0.009647,0.06741176,160,0.80000,0.54000,0.54000,-4.62930608e-03,0.69969188,Far,True,1,0.00500,Near,0.13333
KC,200,1292,rebound,0.80000,0.005018,0.20125443,114,0.57000,-0.23000,0.23000,8.85706573e-03,1.23164987,Middle,False,114,0.57000,Middle,0.09667
KC,200,1293,contraction,0.57000,0.013875,0.14596870,26,0.13000,-0.44000,0.44000,-4.34735612e-03,0.80876015,Near,False,26,0.13000,Near,0.20333
KC,200,1294,contraction,0.13000,0.009527,0.03488186,191,0.95500,0.82500,0.82500,-7.72597630e-03,0.31716191,Far,True,1,0.00500,Near,0.28833
KC,200,1295,rebound,0.95500,0.001801,0.23920037,82,0.41000,-0.54500,0.54500,4.42049369e-02,4.37726973,Middle,False,82,0.41000,Middle,0.07667
KC,200,1296,contraction,0.41000,0.046006,0.11400160,139,0.69500,0.28500,0.28500,-1.82174265e-02,0.57498408,Far,True,60,0.30000,Near,0.02833
KC,200,1297,contraction,0.69500,0.027789,0.18069724,61,0.30500,-0.39000,0.39000,-1.34565956e-03,0.96606066,Near,False,61,0.30500,Near,0.02833
KC,200,1298,contraction,0.30500,0.026443,0.08286083,168,0.84000,0.53500,0.53500,-1.75424563e-02,0.47904559,Far,True,12,0.06000,Near,0.17333
KC,200,1299,rebound,0.84000,0.008901,0.21222522,104,0.52000,-0.32000,0.32000,2.53759788e-02,1.92067723,Middle,False,104,0.52000,Middle,0.14667
KC,200,1300,contraction,0.52000,0.034277,0.13856921,41,0.20500,-0.31500,0.31500,-1.63486518e-02,0.59958599,Near,False,41,0.20500,Near,0.12833
KC,200,1301,contraction,0.20500,0.017928,0.05573205,147,0.73500,0.53000,0.53000,-1.28524253e-02,0.47776645,Far,True,1,0.00500,Near,0.06833
KC,200,1302,rebound,0.73500,0.005076,0.18501894,75,0.37500,-0.36000,0.36000,6.86676209e-03,1.18908596,Middle,False,75,0.37500,Middle,0.04167
KC,200,1303,contraction,0.37500,0.011943,0.09673563,183,0.91500,0.54000,0.54000,-1.04374327e-02,0.52218034,Far,True,7,0.03500,Near,0.24833
KC,200,1304,rebound,0.91500,0.001505,0.22912627,118,0.59000,-0.32500,0.32500,3.37254304e-02,5.16401917,Middle,False,118,0.59000,Middle,0.07667
KC,200,1305,contraction,0.59000,0.035231,0.15630763,54,0.27000,-0.32000,0.32000,-9.11129547e-03,0.77385107,Near,False,54,0.27000,Near,0.06333
KC,200,1306,contraction,0.27000,0.026119,0.07402981,155,0.77500,0.50500,0.50500,-2.19728814e-02,0.42847472,Far,True,14,0.07000,Near,0.10833
KC,200,1307,rebound,0.77500,0.004146,0.19478659,90,0.45000,-0.32500,0.32500,1.84990837e-02,2.23248245,Middle,False,90,0.45000,Middle,0.11667
KC,200,1308,contraction,0.45000,0.022645,0.11816136,24,0.12000,-0.33000,0.33000,-1.46517971e-02,0.51322046,Near,False,24,0.12000,Near,0.21333
KC,200,1309,contraction,0.12000,0.007994,0.03199841,197,0.98500,0.86500,0.86500,-7.56883798e-03,0.32329172,Far,True,1,0.00500,Near,0.31833
KC,200,1310,rebound,0.98500,0.000425,0.24635620,125,0.62500,-0.36000,0.36000,4.84934449e-02,6.81307719,Middle,False,125,0.62500,Middle,0.04167
KC,200,1311,contraction,0.62500,0.048918,0.16847956,70,0.35000,-0.27500,0.27500,-8.40603982e-03,0.82081452,Middle,False,70,0.35000,Middle,0.01667
KC,200,1312,contraction,0.35000,0.040512,0.09762805,142,0.71000,0.36000,0.36000,-2.16631326e-02,0.48754846,Far,True,38,0.19000,Near,0.04333
KC,200,1313,rebound,0.71000,0.018849,0.18221227,47,0.23500,-0.47500,0.47500,3.51872053e-03,1.12323999,Near,False,47,0.23500,Near,0.09833
KC,200,1314,contraction,0.23500,0.022368,0.06434195,175,0.87500,0.64000,0.64000,-1.00443587e-02,0.48237794,Far,True,5,0.02500,Near,0.20833
KC,200,1315,rebound,0.87500,0.012323,0.22183086,100,0.50000,-0.37500,0.37500,3.25342573e-02,2.41925616,Middle,False,100,0.50000,Middle,0.16667
KC,200,1316,contraction,0.50000,0.044858,0.13621442,62,0.31000,-0.19000,0.19000,-2.77820558e-02,0.53948523,Near,False,62,0.31000,Near,0.02333
KC,200,1317,contraction,0.31000,0.017076,0.08176891,162,0.81000,0.50000,0.50000,-6.55802696e-03,0.65920176,Far,True,10,0.05000,Near,0.14333
KC,200,1318,rebound,0.81000,0.010518,0.20512940,112,0.56000,-0.25000,0.25000,1.49272570e-02,1.42000330,Middle,False,112,0.56000,Middle,0.10667
KC,200,1319,contraction,0.56000,0.025445,0.14636121,34,0.17000,-0.39000,0.39000,-9.42447084e-03,0.70296458,Near,False,34,0.17000,Near,0.16333
KC,200,1320,contraction,0.17000,0.016020,0.04650510,186,0.93000,0.76000,0.76000,-1.21192420e-02,0.38682239,Far,True,1,0.00500,Near,0.26333
KC,200,1321,rebound,0.93000,0.003901,0.23347529,86,0.43000,-0.50000,0.50000,4.13017767e-02,3.63865591,Middle,False,86,0.43000,Middle,0.09667
KC,200,1322,contraction,0.43000,0.045203,0.11880073,134,0.67000,0.24000,0.24000,-1.77995383e-02,0.59752731,Far,True,53,0.26500,Near,0.00333
KC,200,1323,contraction,0.67000,0.027403,0.17435085,55,0.27500,-0.39500,0.39500,-4.31884139e-03,0.89009208,Near,False,55,0.27500,Near,0.05833
KC,200,1324,contraction,0.27500,0.023085,0.07452114,152,0.76000,0.48500,0.48500,-1.50138270e-02,0.47926016,Far,True,10,0.05000,Near,0.09333
KC,200,1325,rebound,0.76000,0.008071,0.19201768,95,0.47500,-0.28500,0.28500,8.88461779e-03,1.27483868,Middle,False,95,0.47500,Middle,0.14167
KC,200,1326,contraction,0.47500,0.016955,0.12298883,22,0.11000,-0.36500,0.36500,-9.85275055e-03,0.60765880,Near,False,22,0.11000,Near,0.22333
KC,200,1327,contraction,0.11000,0.007103,0.02927565,194,0.97000,0.86000,0.86000,-5.87136830e-03,0.32012506,Far,True,1,0.00500,Near,0.30333
KC,200,1328,rebound,0.97000,0.001231,0.24280780,119,0.59500,-0.37500,0.37500,4.36621427e-02,4.00569159,Middle,False,119,0.59500,Middle,0.07167
KC,200,1329,contraction,0.59500,0.044893,0.15997334,69,0.34500,-0.25000,0.25000,-9.97258601e-03,0.78574777,Middle,False,69,0.34500,Middle,0.01167
KC,200,1330,contraction,0.34500,0.034921,0.09498019,166,0.83000,0.48500,0.48500,-1.59750266e-02,0.49950077,Far,True,37,0.18500,Near,0.16333
KC,200,1331,rebound,0.83000,0.018946,0.21223644,103,0.51500,-0.31500,0.31500,1.68552279e-02,1.51240944,Middle,False,103,0.51500,Middle,0.15167
KC,200,1332,contraction,0.51500,0.035801,0.13770024,44,0.22000,-0.29500,0.29500,-1.34345166e-02,0.64949251,Near,False,44,0.22000,Near,0.11333
KC,200,1333,contraction,0.22000,0.022366,0.06059161,145,0.72500,0.50500,0.50500,-1.04825553e-02,0.53741113,Far,True,5,0.02500,Near,0.05833
KC,200,1334,rebound,0.72500,0.011884,0.18422098,78,0.39000,-0.33500,0.33500,5.45465878e-04,1.01260298,Middle,False,78,0.39000,Middle,0.05667
KC,200,1335,contraction,0.39000,0.012429,0.10060734,179,0.89500,0.50500,0.50500,-5.66777151e-03,0.62544217,Far,True,10,0.05000,Near,0.22833
KC,200,1336,rebound,0.89500,0.006762,0.22544040,114,0.57000,-0.32500,0.32500,2.43740750e-02,2.31030462,Middle,False,114,0.57000,Middle,0.09667
KC,200,1337,contraction,0.57000,0.031136,0.15028392,52,0.26000,-0.31000,0.31000,-7.33731077e-03,0.80092866,Near,False,52,0.26000,Near,0.07333
KC,200,1338,contraction,0.26000,0.023798,0.07094959,158,0.79000,0.53000,0.53000,-1.75376981e-02,0.43882749,Far,True,12,0.06000,Near,0.12333
KC,200,1339,rebound,0.79000,0.006261,0.19906517,87,0.43500,-0.35500,0.35500,1.48560750e-02,1.72842799,Middle,False,87,0.43500,Middle,0.10167
KC,200,1340,contraction,0.43500,0.021117,0.11402918,23,0.11500,-0.32000,0.32000,-1.40495754e-02,0.55259116,Near,False,23,0.11500,Near,0.21833
KC,200,1341,contraction,0.11500,0.007067,0.03051679,188,0.94000,0.82500,0.82500,-6.18247629e-03,0.39791246,Far,True,1,0.00500,Near,0.27333
KC,200,1342,rebound,0.94000,0.000885,0.23522117,126,0.63000,-0.31000,0.31000,4.07457723e-02,4.05094538,Middle,False,126,0.63000,Middle,0.03667
KC,200,1343,contraction,0.63000,0.041630,0.16790761,66,0.33000,-0.30000,0.30000,-6.91032333e-03,0.84429980,Near,False,66,0.33000,Near,0.00333
KC,200,1344,contraction,0.33000,0.034720,0.09118003,140,0.70000,0.37000,0.37000,-2.17278880e-02,0.47084671,Far,True,34,0.17000,Near,0.03333
KC,200,1345,rebound,0.70000,0.012992,0.17824806,41,0.20500,-0.49500,0.49500,3.65830563e-03,1.14711548,Near,False,41,0.20500,Near,0.12833
KC,200,1346,contraction,0.20500,0.016651,0.05541264,171,0.85500,0.65000,0.65000,-1.21998889e-02,0.45187695,Far,True,1,0.00500,Near,0.18833
KC,200,1347,rebound,0.85500,0.004451,0.21486267,97,0.48500,-0.37000,0.37000,3.18016913e-02,2.45480423,Middle,False,97,0.48500,Middle,0.15167
KC,200,1348,contraction,0.48500,0.036252,0.13031309,57,0.28500,-0.20000,0.20000,-2.62847411e-02,0.52824216,Near,False,57,0.28500,Near,0.04833
KC,200,1349,contraction,0.28500,0.009968,0.07374190,199,0.99500,0.71000,0.71000,-9.92755665e-03,0.56634435,Far,True,1,0.00500,Near,0.32833
KC,200,1350,rebound,0.99500,0.000040,0.24876001,117,0.58500,-0.41000,0.41000,5.51846875e-02,31.98085621,Middle,False,117,0.58500,Middle,0.08167
KC,200,1351,contraction,0.58500,0.055225,0.16005619,80,0.40000,-0.18500,0.18500,-1.87595733e-02,0.67310348,Middle,False,80,0.40000,Middle,0.06667
KC,200,1352,contraction,0.40000,0.036465,0.10911629,151,0.75500,0.35500,0.35500,-8.02724323e-03,0.71727521,Far,True,29,0.14500,Near,0.08833
KC,200,1353,rebound,0.75500,0.028438,0.19585948,48,0.24000,-0.51500,0.51500,2.05030896e-04,1.00577231,Near,False,48,0.24000,Near,0.09333
KC,200,1354,contraction,0.24000,0.028643,0.06716074,164,0.82000,0.58000,0.58000,-1.18402410e-02,0.55846102,Far,True,15,0.07500,Near,0.15333
KC,200,1355,rebound,0.82000,0.016803,0.20920068,104,0.52000,-0.30000,0.30000,2.23452924e-02,1.74810929,Middle,False,104,0.52000,Middle,0.14667
KC,200,1356,contraction,0.52000,0.039148,0.13978700,64,0.32000,-0.20000,0.20000,-2.16841654e-02,0.59267711,Near,False,64,0.32000,Near,0.01333
KC,200,1357,contraction,0.32000,0.017464,0.08436596,181,0.90500,0.58500,0.58500,-7.30128290e-03,0.64362446,Far,True,13,0.06500,Near,0.23833
KC,200,1358,rebound,0.90500,0.010163,0.22879064,128,0.64000,-0.26500,0.26500,3.26226050e-02,2.67778005,Middle,False,128,0.64000,Middle,0.02667
KC,200,1359,contraction,0.64000,0.042785,0.17069629,84,0.42000,-0.22000,0.22000,-7.33443614e-03,0.85031388,Middle,False,84,0.42000,Middle,0.08667
KC,200,1360,contraction,0.42000,0.035451,0.11386268,32,0.16000,-0.26000,0.26000,-1.98745424e-02,0.51299670,Near,False,32,0.16000,Near,0.17333
KC,200,1361,contraction,0.16000,0.015576,0.04389405,147,0.73500,0.57500,0.57500,-5.30513182e-03,0.61798587,Far,True,1,0.00500,Near,0.06833
KC,200,1362,contraction,0.73500,0.010271,0.18631776,55,0.27500,-0.46000,0.46000,-5.62980845e-04,0.98514353,Near,False,55,0.27500,Near,0.05833
KC,200,1363,contraction,0.27500,0.009708,0.07117702,190,0.95000,0.67500,0.67500,-5.06755417e-03,0.57951338,Far,True,1,0.00500,Near,0.28333
KC,200,1364,rebound,0.95000,0.004641,0.23866013,110,0.55000,-0.40000,0.40000,4.36657085e-02,3.86236676,Middle,False,110,0.55000,Middle,0.11667
KC,200,1365,contraction,0.55000,0.048306,0.14957656,136,0.68000,0.13000,0.13000,-2.28973608e-02,0.60968576,Far,True,75,0.37500,Middle,0.01333
KC,200,1366,rebound,0.68000,0.025409,0.17635222,71,0.35500,-0.32500,0.32500,7.58075166e-03,1.23246112,Middle,False,71,0.35500,Middle,0.02167
KC,200,1367,contraction,0.35500,0.032990,0.09699741,169,0.84500,0.49000,0.49000,-1.97676186e-02,0.42500793,Far,True,24,0.12000,Near,0.17833
KC,200,1368,rebound,0.84500,0.013222,0.21455550,92,0.46000,-0.38500,0.38500,2.37744632e-02,2.21529809,Middle,False,92,0.46000,Middle,0.12667
KC,200,1369,contraction,0.46000,0.036996,0.12424912,39,0.19500,-0.26500,0.26500,-1.82600832e-02,0.53627544,Near,False,39,0.19500,Near,0.13833
KC,200,1370,contraction,0.19500,0.018736,0.05343410,156,0.78000,0.58500,0.58500,-1.06914134e-02,0.46359334,Far,True,3,0.01500,Near,0.11333
KC,200,1371,rebound,0.78000,0.008045,0.19701124,115,0.57500,-0.20500,0.20500,8.89559802e-03,1.22722927,Middle,False,115,0.57500,Middle,0.09167
KC,200,1372,contraction,0.57500,0.016941,0.14798514,52,0.26000,-0.31500,0.31500,-4.30502235e-03,0.87125020,Near,False,52,0.26000,Near,0.07333
KC,200,1373,contraction,0.26000,0.012636,0.06815889,184,0.92000,0.66000,0.66000,-1.01910386e-02,0.37376733,Far,True,2,0.01000,Near,0.25333
KC,200,1374,rebound,0.92000,0.002445,0.23061113,85,0.42500,-0.49500,0.49500,3.18999481e-02,2.86239627,Middle,False,85,0.42500,Middle,0.09167
KC,200,1375,contraction,0.42500,0.034344,0.11483611,139,0.69500,0.27000,0.27000,-1.87494816e-02,0.57924068,Far,True,25,0.12500,Near,0.02833
KC,200,1376,rebound,0.69500,0.015595,0.17764874,43,0.21500,-0.48000,0.48000,3.05410218e-03,1.13563297,Near,False,43,0.21500,Near,0.11833
KC,200,1377,contraction,0.21500,0.018649,0.05841227,175,0.87500,0.66000,0.66000,-1.59098725e-02,0.41606929,Far,True,5,0.02500,Near,0.20833
KC,200,1378,rebound,0.87500,0.002739,0.21943480,101,0.50500,-0.37000,0.37000,3.49682050e-02,2.75852093,Middle,False,101,0.50500,Middle,0.16167
KC,200,1379,contraction,0.50500,0.037707,0.13567685,64,0.32000,-0.18500,0.18500,-2.13316246e-02,0.58515497,Near,False,64,0.32000,Near,0.01333
KC,200,1380,contraction,0.32000,0.016376,0.08409395,150,0.75000,0.43000,0.43000,-1.32937900e-02,0.56152080,Far,True,10,0.05000,Near,0.08333
KC,200,1381,rebound,0.75000,0.003082,0.18827050,28,0.14000,-0.61000,0.61000,8.61071177e-03,1.85721517,Near,False,28,0.14000,Near,0.19333
KC,200,1382,contraction,0.14000,0.011693,0.03792318,195,0.97500,0.83500,0.83500,-1.02299144e-02,0.45545960,Far,True,1,0.00500,Near,0.30833
KC,200,1383,rebound,0.97500,0.001463,0.24411570,112,0.56000,-0.41500,0.41500,5.46425603e-02,13.32006722,Middle,False,112,0.56000,Middle,0.10667
KC,200,1384,contraction,0.56000,0.056105,0.15402634,78,0.39000,-0.17000,0.17000,-1.88254531e-02,0.66119939,Middle,False,78,0.39000,Middle,0.05667
KC,200,1385,contraction,0.39000,0.037280,0.10681997,133,0.66500,0.27500,0.27500,-1.78557714e-02,0.57298547,Middle,True,40,0.20000,Near,0.00167
KC,200,1386,contraction,0.66500,0.019424,0.17110603,47,0.23500,-0.43000,0.43000,-1.50175766e-03,0.95399339,Near,False,47,0.23500,Near,0.09833
KC,200,1387,contraction,0.23500,0.017922,0.06323059,165,0.82500,0.59000,0.59000,-7.42616570e-03,0.55792491,Far,True,3,0.01500,Near,0.15833
KC,200,1388,rebound,0.82500,0.010496,0.20887405,93,0.46500,-0.36000,0.36000,1.53222302e-02,1.41817844,Middle,False,93,0.46500,Middle,0.13167
KC,200,1389,contraction,0.46500,0.025818,0.12270461,23,0.11500,-0.35000,0.35000,-1.84941741e-02,0.54990852,Near,False,23,0.11500,Near,0.21833
KC,200,1390,contraction,0.11500,0.007324,0.03058106,179,0.89500,0.78000,0.78000,-3.58859566e-03,0.48517601,Far,True,1,0.00500,Near,0.22833
KC,200,1391,rebound,0.89500,0.003736,0.22468392,120,0.60000,-0.29500,0.29500,3.23356503e-02,2.51396406,Middle,False,120,0.60000,Middle,0.06667
KC,200,1392,contraction,0.60000,0.036071,0.15901783,66,0.33000,-0.27000,0.27000,-6.94881237e-03,0.83556357,Near,False,66,0.33000,Near,0.00333
KC,200,1393,contraction,0.33000,0.029123,0.08978063,146,0.73000,0.40000,0.40000,-2.08109304e-02,0.46315668,Far,True,10,0.05000,Near,0.06333
KC,200,1394,rebound,0.73000,0.008312,0.18457789,41,0.20500,-0.52500,0.52500,7.43280566e-03,1.34412040,Near,False,41,0.20500,Near,0.12833
KC,200,1395,contraction,0.20500,0.015744,0.05518609,192,0.96000,0.75500,0.75500,-1.44354471e-02,0.43006652,Far,True,1,0.00500,Near,0.29333
KC,200,1396,rebound,0.96000,0.001309,0.24032723,100,0.50000,-0.46000,0.46000,5.18837220e-02,7.34194893,Middle,False,100,0.50000,Middle,0.16667
KC,200,1397,contraction,0.50000,0.053193,0.13829816,129,0.64500,0.14500,0.14500,-2.57948767e-02,0.55313302,Middle,True,76,0.38000,Middle,0.02167
KC,200,1398,rebound,0.64500,0.027398,0.16809944,59,0.29500,-0.35000,0.35000,1.01947327e-03,1.03003662,Near,False,59,0.29500,Near,0.03833
KC,200,1399,contraction,0.29500,0.028417,0.08085431,160,0.80000,0.50500,0.50500,-1.52179731e-02,0.46302721,Far,True,15,0.07500,Near,0.13333
KC,200,1400,rebound,0.80000,0.013199,0.20329982,83,0.41500,-0.38500,0.38500,1.51713981e-02,1.44512242,Middle,False,83,0.41500,Middle,0.08167
KC,200,1401,contraction,0.41500,0.028371,0.11084267,26,0.13000,-0.28500,0.28500,-2.02031891e-02,0.49909690,Near,False,26,0.13000,Near,0.20333
KC,200,1402,contraction,0.13000,0.008167,0.03454187,173,0.86500,0.73500,0.73500,-3.89391574e-03,0.51578080,Far,True,1,0.00500,Near,0.19833
KC,200,1403,rebound,0.86500,0.004274,0.21731839,110,0.55000,-0.31500,0.31500,2.67059654e-02,1.98745704,Middle,False,110,0.55000,Middle,0.11667
KC,200,1404,contraction,0.55000,0.030980,0.14524488,51,0.25500,-0.29500,0.29500,-1.53409097e-02,0.66265203,Near,False,51,0.25500,Near,0.07833
KC,200,1405,contraction,0.25500,0.015639,0.06765966,142,0.71000,0.45500,0.45500,-1.21087147e-02,0.53621410,Far,True,1,0.00500,Near,0.04333
KC,200,1406,rebound,0.71000,0.003530,0.17838248,73,0.36500,-0.34500,0.34500,1.34752718e-03,1.05354293,Middle,False,73,0.36500,Middle,0.03167
KC,200,1407,contraction,0.36500,0.004877,0.09246936,1,0.00500,-0.36000,0.36000,-4.85414245e-03,0.52329798,Near,False,1,0.00500,Near,0.32833
KC,200,1408,contraction,0.00500,0.000023,0.00125582,197,0.98500,0.98000,0.98000,-5.07815133e-06,0.78512400,Far,True,1,0.00500,Near,0.31833
KC,200,1409,rebound,0.98500,0.000018,0.24625455,117,0.58500,-0.40000,0.40000,4.27983968e-02,6.75885207,Middle,False,117,0.58500,Middle,0.08167
KC,200,1410,contraction,0.58500,0.042817,0.15695415,61,0.30500,-0.28000,0.28000,-1.49401747e-02,0.71456418,Near,False,61,0.30500,Near,0.02833
KC,200,1411,contraction,0.30500,0.027876,0.08321911,155,0.77500,0.47000,0.47000,-8.59757213e-03,0.62997784,Far,True,19,0.09500,Near,0.10833
KC,200,1412,rebound,0.77500,0.019279,0.19856972,92,0.46000,-0.31500,0.31500,8.41621048e-03,1.20573253,Middle,False,92,0.46000,Middle,0.12667
KC,200,1413,contraction,0.46000,0.027695,0.12192377,30,0.15000,-0.31000,0.31000,-1.63065279e-02,0.54841923,Near,False,30,0.15000,Near,0.18333
KC,200,1414,contraction,0.15000,0.011389,0.04034714,182,0.91000,0.76000,0.76000,-1.34677174e-03,0.71044653,Far,True,1,0.00500,Near,0.24333
KC,200,1415,rebound,0.91000,0.010042,0.23001044,125,0.62500,-0.28500,0.28500,2.95824869e-02,2.25803148,Middle,False,125,0.62500,Middle,0.04167
KC,200,1416,contraction,0.62500,0.039624,0.16615607,76,0.38000,-0.24500,0.24500,-7.59399171e-03,0.83770270,Middle,False,76,0.38000,Middle,0.04667
KC,200,1417,contraction,0.38000,0.032030,0.10300757,164,0.82000,0.44000,0.44000,-1.82518723e-02,0.50758527,Far,True,39,0.19500,Near,0.15333
KC,200,1418,rebound,0.82000,0.013778,0.20844460,101,0.50500,-0.31500,0.31500,1.88118817e-02,1.93768875,Middle,False,101,0.50500,Middle,0.16167
KC,200,1419,contraction,0.50500,0.032590,0.13439757,44,0.22000,-0.28500,0.28500,-1.16443247e-02,0.67397851,Near,False,44,0.22000,Near,0.11333
KC,200,1420,contraction,0.22000,0.020946,0.06023649,145,0.72500,0.50500,0.50500,-1.51784034e-02,0.44990858,Far,True,5,0.02500,Near,0.05833
KC,200,1421,rebound,0.72500,0.005768,0.18269189,63,0.31500,-0.41000,0.41000,3.30651853e-03,1.14816143,Near,False,63,0.31500,Near,0.01833
KC,200,1422,contraction,0.31500,0.009074,0.08101852,187,0.93500,0.62000,0.62000,-5.36939680e-03,0.49123086,Far,True,3,0.01500,Near,0.26833
KC,200,1423,rebound,0.93500,0.003705,0.23467617,112,0.56000,-0.37500,0.37500,3.49843303e-02,2.65629077,Middle,False,112,0.56000,Middle,0.10667
KC,200,1424,contraction,0.56000,0.038689,0.14967225,51,0.25500,-0.30500,0.30500,-1.77024152e-02,0.66876553,Near,False,51,0.25500,Near,0.07833
KC,200,1425,contraction,0.25500,0.020987,0.06899665,152,0.76000,0.50500,0.50500,-1.02769219e-02,0.58026116,Far,True,10,0.05000,Near,0.09333
KC,200,1426,rebound,0.76000,0.010710,0.19267742,86,0.43000,-0.33000,0.33000,1.02480555e-02,1.27774720,Middle,False,86,0.43000,Middle,0.09667
KC,200,1427,contraction,0.43000,0.020958,0.11273943,19,0.09500,-0.33500,0.33500,-1.57449526e-02,0.53840798,Near,False,19,0.09500,Near,0.23833
KC,200,1428,contraction,0.09500,0.005213,0.02505319,176,0.88000,0.78500,0.78500,-1.66374495e-03,0.61392315,Far,True,1,0.00500,Near,0.21333
KC,200,1429,rebound,0.88000,0.003549,0.22088726,121,0.60500,-0.27500,0.27500,2.57805048e-02,1.97142451,Middle,False,121,0.60500,Middle,0.06167
KC,200,1430,contraction,0.60500,0.029330,0.15858238,67,0.33500,-0.27000,0.27000,-6.34851845e-03,0.84835182,Middle,False,67,0.33500,Middle,0.00167
KC,200,1431,contraction,0.33500,0.022981,0.08949525,7,0.03500,-0.30000,0.30000,-2.23251956e-02,0.46075324,Near,False,7,0.03500,Near,0.29833
KC,200,1432,contraction,0.03500,0.000656,0.00891395,193,0.96500,0.93000,0.93000,-3.57751850e-04,0.67811072,Far,True,1,0.00500,Near,0.29833
KC,200,1433,rebound,0.96500,0.000298,0.24132452,103,0.51500,-0.45000,0.45000,4.84959998e-02,7.80527088,Middle,False,103,0.51500,Middle,0.15167
KC,200,1434,contraction,0.51500,0.048794,0.14094852,137,0.68500,0.17000,0.17000,-1.70811821e-02,0.64127301,Far,True,48,0.24000,Near,0.01833
KC,200,1435,rebound,0.68500,0.031713,0.17917822,55,0.27500,-0.41000,0.41000,2.77997993e-03,1.08498387,Near,False,55,0.27500,Near,0.05833
KC,200,1436,contraction,0.27500,0.034493,0.07737322,161,0.80500,0.53000,0.53000,-1.90093198e-02,0.39872425,Far,True,27,0.13500,Near,0.13833
KC,200,1437,rebound,0.80500,0.015484,0.20512089,83,0.41500,-0.39000,0.39000,1.87637012e-02,1.60822289,Middle,False,83,0.41500,Middle,0.08167
KC,200,1438,contraction,0.41500,0.034247,0.11231181,31,0.15500,-0.26000,0.26000,-2.35905414e-02,0.51018169,Near,False,31,0.15500,Near,0.17833
KC,200,1439,contraction,0.15500,0.010657,0.04141418,170,0.85000,0.69500,0.69500,-4.45680103e-03,0.59424714,Far,True,1,0.00500,Near,0.18333
KC,200,1440,rebound,0.85000,0.006200,0.21404997,114,0.57000,-0.28000,0.28000,2.55648822e-02,1.95355068,Middle,False,114,0.57000,Middle,0.09667
KC,200,1441,contraction,0.57000,0.031765,0.15044120,62,0.31000,-0.26000,0.26000,-1.44291851e-02,0.69775659,Near,False,62,0.31000,Near,0.02333
KC,200,1442,contraction,0.31000,0.017336,0.08183390,147,0.73500,0.42500,0.42500,-1.48491449e-02,0.52924407,Far,True,4,0.02000,Near,0.06833
KC,200,1443,rebound,0.73500,0.002486,0.18437161,39,0.19500,-0.54000,0.54000,6.85861246e-03,1.57482423,Near,False,39,0.19500,Near,0.13833
KC,200,1444,contraction,0.19500,0.009345,0.05108627,200,1.00000,0.80500,0.80500,-9.34506465e-03,0.44001285,Far,True,1,0.00500,Near,0.33333
KC,400,0,contraction,0.50000,0.250000,0.18750000,232,0.58000,0.08000,0.08000,-3.94750000e-02,0.53734288,Middle,True,187,0.46750,Middle,0.08667
KC,400,1,contraction,0.58000,0.210525,0.19763125,256,0.64000,0.06000,0.06000,-3.00380100e-02,0.60452338,Middle,True,178,0.44500,Middle,0.02667
KC,400,2,contraction,0.64000,0.180487,0.20512175,173,0.43250,-0.20750,0.20750,-1.59294308e-02,0.75985420,Middle,False,173,0.43250,Middle,0.09917
KC,400,3,contraction,0.43250,0.164558,0.14926439,285,0.71250,0.28000,0.28000,-2.08395432e-02,0.59751684,Far,True,153,0.38250,Middle,0.04583
KC,400,4,contraction,0.71250,0.143718,0.21405450,217,0.54250,-0.17000,0.17000,-1.38395884e-02,0.79341583,Middle,False,217,0.54250,Middle,0.12417
KC,400,5,contraction,0.54250,0.129878,0.16809461,306,0.76500,0.22250,0.22250,-1.20474600e-02,0.71769735,Far,True,145,0.36250,Middle,0.09833
KC,400,6,rebound,0.76500,0.117831,0.22070774,153,0.38250,-0.38250,0.38250,7.51903996e-05,1.00144445,Middle,False,153,0.38250,Middle,0.04917
KC,400,7,contraction,0.38250,0.117906,0.12510154,319,0.79750,0.41500,0.41500,-1.65880867e-02,0.58749650,Far,True,127,0.31750,Near,0.13083
KC,400,8,rebound,0.79750,0.101318,0.22470452,245,0.61250,-0.18500,0.18500,6.54515904e-03,1.13991206,Middle,False,245,0.61250,Middle,0.05417
KC,400,9,contraction,0.61250,0.107863,0.18009081,184,0.46000,-0.15250,0.15250,-1.75390318e-02,0.71845449,Middle,False,184,0.46000,Middle,0.12667
KC,400,10,contraction,0.46000,0.090324,0.13758105,334,0.83500,0.37500,0.37500,-7.26742346e-03,0.72669283,Far,True,117,0.29250,Near,0.16833
KC,400,11,rebound,0.83500,0.083057,0.22951419,270,0.67500,-0.16000,0.16000,7.92549838e-03,1.18790116,Far,False,270,0.67500,Far,0.00833
KC,400,12,contraction,0.67500,0.090982,0.19149557,137,0.34250,-0.33250,0.33250,-1.05155283e-03,0.97626372,Middle,False,137,0.34250,Middle,0.00917
KC,400,13,contraction,0.34250,0.089931,0.10810768,343,0.85750,0.51500,0.51500,-1.92939220e-02,0.47718878,Far,True,106,0.26500,Near,0.19083
KC,400,14,rebound,0.85750,0.070637,0.23203420,209,0.52250,-0.33500,0.33500,2.21381866e-02,1.61955082,Middle,False,209,0.52250,Middle,0.14417
KC,400,15,contraction,0.52250,0.092775,0.15381875,295,0.73750,0.21500,0.21500,-2.14561742e-02,0.58500485,Far,True,163,0.40750,Middle,0.07083
KC,400,16,rebound,0.73750,0.071319,0.20220470,161,0.40250,-0.33500,0.33500,5.13837064e-03,1.11840374,Middle,False,161,0.40250,Middle,0.06917
KC,400,17,contraction,0.40250,0.076457,0.11973930,353,0.88250,0.48000,0.48000,-1.75891021e-02,0.51642483,Far,True,102,0.25500,Near,0.21583
KC,400,18,rebound,0.88250,0.058868,0.23534202,231,0.57750,-0.30500,0.30500,2.62043778e-02,1.84828891,Middle,False,231,0.57750,Middle,0.08917
KC,400,19,contraction,0.57750,0.085072,0.16564311,122,0.30500,-0.27250,0.27250,-1.81296480e-02,0.66365362,Near,False,122,0.30500,Near,0.02833
KC,400,20,contraction,0.30500,0.066943,0.09298570,314,0.78500,0.48000,0.48000,-1.00660315e-02,0.61154434,Far,True,84,0.21000,Near,0.11833
KC,400,21,rebound,0.78500,0.056877,0.21046919,193,0.48250,-0.30250,0.30250,4.67010237e-03,1.09753206,Middle,False,193,0.48250,Middle,0.14917
KC,400,22,contraction,0.48250,0.061547,0.13601172,361,0.90250,0.42000,0.42000,-1.24072490e-02,0.63158153,Far,True,92,0.23000,Near,0.23583
KC,400,23,rebound,0.90250,0.049140,0.23790991,253,0.63250,-0.27000,0.27000,2.98348149e-02,2.20233235,Middle,False,253,0.63250,Middle,0.03417
KC,400,24,contraction,0.63250,0.078974,0.17786861,147,0.36750,-0.26500,0.26500,-8.39632985e-03,0.83153226,Middle,False,147,0.36750,Middle,0.03417
KC,400,25,contraction,0.36750,0.070578,0.10951953,327,0.81750,0.45000,0.45000,-2.08136562e-02,0.51704562,Far,True,93,0.23250,Near,0.15083
KC,400,26,rebound,0.81750,0.049764,0.21681611,213,0.53250,-0.28500,0.28500,1.54771373e-02,1.40202571,Middle,False,213,0.53250,Middle,0.13417
KC,400,27,contraction,0.53250,0.065242,0.14943540,105,0.26250,-0.27000,0.27000,-1.84456058e-02,0.61883931,Near,False,105,0.26250,Near,0.07083
KC,400,28,contraction,0.26250,0.046796,0.07732400,367,0.91750,0.65500,0.65500,-5.51526662e-03,0.67512893,Far,True,59,0.14750,Near,0.25083
KC,400,29,rebound,0.91750,0.041281,0.23969518,268,0.67000,-0.24750,0.24750,3.15262238e-02,2.58558481,Far,False,268,0.67000,Far,0.00333
KC,400,30,contraction,0.67000,0.072807,0.18570174,173,0.43250,-0.23750,0.23750,-5.15324244e-03,0.89849883,Middle,False,173,0.43250,Middle,0.09917
KC,400,31,contraction,0.43250,0.067654,0.12503843,300,0.75000,0.31750,0.31750,-2.07756780e-02,0.53819779,Far,True,125,0.31250,Near,0.08333
KC,400,32,rebound,0.75000,0.046878,0.19921951,132,0.33000,-0.42000,0.42000,5.41277113e-03,1.14107427,Near,False,132,0.33000,Near,0.00333
KC,400,33,contraction,0.33000,0.052291,0.09557270,348,0.87000,0.54000,0.54000,-1.47407819e-02,0.52433742,Far,True,71,0.17750,Near,0.20333
KC,400,34,rebound,0.87000,0.037550,0.22688750,224,0.56000,-0.31000,0.31000,2.78878340e-02,1.99818081,Middle,False,224,0.56000,Middle,0.10667
KC,400,35,contraction,0.56000,0.065438,0.15635946,156,0.39000,-0.17000,0.17000,-2.25818723e-02,0.62358615,Middle,False,156,0.39000,Middle,0.05667
KC,400,36,contraction,0.39000,0.042856,0.10821399,373,0.93250,0.54250,0.54250,-9.03933466e-03,0.65635378,Far,True,72,0.18000,Near,0.26583
KC,400,37,rebound,0.93250,0.033817,0.24157916,249,0.62250,-0.31000,0.31000,3.60363378e-02,3.05080180,Middle,False,249,0.62250,Middle,0.04417
KC,400,38,contraction,0.62250,0.069853,0.17308825,117,0.29250,-0.33000,0.33000,-1.36733052e-02,0.75110899,Near,False,117,0.29250,Near,0.04083
KC,400,39,contraction,0.29250,0.056180,0.08716992,309,0.77250,0.48000,0.48000,-1.00757240e-02,0.62691635,Far,True,72,0.18000,Near,0.10583
KC,400,40,rebound,0.77250,0.046104,0.20465099,195,0.48750,-0.28500,0.28500,7.07129900e-03,1.16049441,Middle,False,195,0.48750,Middle,0.15417
KC,400,41,contraction,0.48750,0.053175,0.13516881,337,0.84250,0.35500,0.35500,-1.95714066e-02,0.57812647,Far,True,83,0.20750,Near,0.17583
KC,400,42,rebound,0.84250,0.033604,0.21902596,148,0.37000,-0.47250,0.47250,2.35067251e-02,1.91495813,Middle,False,148,0.37000,Middle,0.03667
KC,400,43,contraction,0.37000,0.057111,0.10677764,276,0.69000,0.32000,0.32000,-1.78863265e-02,0.56408646,Far,True,81,0.20250,Near,0.02333
KC,400,44,contraction,0.69000,0.039224,0.18230606,93,0.23250,-0.45750,0.45750,-3.72310544e-03,0.89863017,Near,False,93,0.23250,Near,0.10083
KC,400,45,contraction,0.23250,0.035501,0.06700028,377,0.94250,0.71000,0.71000,-7.12770495e-03,0.50496670,Far,True,40,0.10000,Near,0.27583
KC,400,46,rebound,0.94250,0.028373,0.24271836,217,0.54250,-0.40000,0.40000,4.17473768e-02,3.29251375,Middle,False,217,0.54250,Middle,0.12417
KC,400,47,contraction,0.54250,0.070121,0.15315520,288,0.72000,0.17750,0.17750,-2.48178757e-02,0.58994721,Far,True,172,0.43000,Middle,0.05333
KC,400,48,rebound,0.72000,0.045303,0.19132573,164,0.41000,-0.31000,0.31000,9.60825602e-03,1.26234067,Middle,False,164,0.41000,Middle,0.07667
KC,400,49,contraction,0.41000,0.054911,0.11622780,356,0.89000,0.48000,0.48000,-2.42941865e-02,0.48284643,Far,True,80,0.20000,Near,0.22333
KC,400,50,rebound,0.89000,0.030617,0.23015425,201,0.50250,-0.38750,0.38750,3.22624425e-02,2.58369463,Middle,False,201,0.50250,Middle,0.16417
KC,400,51,contraction,0.50250,0.062879,0.14134486,112,0.28000,-0.22250,0.22250,-2.05145073e-02,0.59770254,Near,False,112,0.28000,Near,0.05333
KC,400,52,contraction,0.28000,0.042365,0.08059123,318,0.79500,0.51500,0.51500,-8.14884014e-03,0.62078092,Far,True,55,0.13750,Near,0.12833
KC,400,53,rebound,0.79500,0.034216,0.20730402,242,0.60500,-0.19000,0.19000,9.91215101e-03,1.25099057,Middle,False,242,0.60500,Middle,0.06167
KC,400,54,contraction,0.60500,0.044128,0.16228206,136,0.34000,-0.26500,0.26500,-1.05707459e-02,0.77647381,Middle,False,136,0.34000,Middle,0.00667
KC,400,55,contraction,0.34000,0.033558,0.09338938,381,0.95250,0.61250,0.61250,-9.58577056e-03,0.50017906,Far,True,53,0.13250,Near,0.28583
KC,400,56,rebound,0.95250,0.023972,0.24411793,260,0.65000,-0.30250,0.30250,3.62688004e-02,2.95340507,Middle,False,260,0.65000,Middle,0.01667
KC,400,57,contraction,0.65000,0.060241,0.17756013,175,0.43750,-0.21250,0.21250,-4.80805678e-03,0.90092354,Middle,False,175,0.43750,Middle,0.10417
KC,400,58,contraction,0.43750,0.055432,0.12323312,329,0.82250,0.38500,0.38500,-2.04784996e-02,0.52331708,Far,True,86,0.21500,Near,0.15583
KC,400,59,rebound,0.82250,0.034954,0.21436349,122,0.30500,-0.51750,0.51750,1.89138263e-02,1.79994615,Near,False,122,0.30500,Near,0.02833
KC,400,60,contraction,0.30500,0.053868,0.08971695,281,0.70250,0.39750,0.39750,-1.89848637e-02,0.52331238,Far,True,71,0.17750,Near,0.03583
KC,400,61,rebound,0.70250,0.034883,0.18434574,206,0.51500,-0.18750,0.18750,5.35830464e-04,1.01177413,Middle,False,206,0.51500,Middle,0.15167
KC,400,62,contraction,0.51500,0.035419,0.13760469,365,0.91250,0.39750,0.39750,-1.16946291e-02,0.63983518,Far,True,77,0.19250,Near,0.24583
KC,400,63,rebound,0.91250,0.023724,0.23405604,153,0.38250,-0.53000,0.53000,3.58271487e-02,3.78084044,Middle,False,153,0.38250,Middle,0.04917
KC,400,64,contraction,0.38250,0.059551,0.11051282,298,0.74500,0.36250,0.36250,-2.44231562e-02,0.51704122,Far,True,84,0.21000,Near,0.07833
KC,400,65,rebound,0.74500,0.035128,0.19503203,102,0.25500,-0.49000,0.49000,8.19880327e-03,1.29280181,Near,False,102,0.25500,Near,0.07833
KC,400,66,contraction,0.25500,0.043327,0.07458173,234,0.58500,0.33000,0.33000,-1.51566152e-02,0.54464669,Middle,True,54,0.13500,Near,0.08167
KC,400,67,contraction,0.58500,0.028170,0.15329258,384,0.96000,0.37500,0.37500,-7.95665466e-03,0.68666962,Far,True,59,0.14750,Near,0.29333
KC,400,68,rebound,0.96000,0.020214,0.24505342,186,0.46500,-0.49500,0.49500,4.48323529e-02,3.79360630,Middle,False,186,0.46500,Middle,0.13167
KC,400,69,contraction,0.46500,0.065046,0.13251151,270,0.67500,0.21000,0.21000,-2.30944798e-02,0.55995534,Far,True,129,0.32250,Near,0.00833
KC,400,70,rebound,0.67500,0.041952,0.17923789,127,0.31750,-0.35750,0.35750,2.10364509e-04,1.00544571,Near,False,127,0.31750,Near,0.01583
KC,400,71,contraction,0.31750,0.042162,0.08991548,341,0.85250,0.53500,0.53500,-9.80020764e-03,0.54718874,Far,True,60,0.15000,Near,0.18583
KC,400,72,rebound,0.85250,0.032362,0.22121542,214,0.53500,-0.31750,0.31750,1.66954137e-02,1.43572489,Middle,False,214,0.53500,Middle,0.13167
KC,400,73,contraction,0.53500,0.049057,0.14601428,89,0.22250,-0.31250,0.31250,-1.74315763e-02,0.62717112,Near,False,89,0.22250,Near,0.11083
KC,400,74,contraction,0.22250,0.031626,0.06353138,314,0.78500,0.56250,0.56250,-4.87431989e-03,0.68938053,Far,True,33,0.08250,Near,0.11833
KC,400,75,rebound,0.78500,0.026751,0.20293780,166,0.41500,-0.37000,0.37000,7.20538782e-03,1.17152556,Middle,False,166,0.41500,Middle,0.08167
KC,400,76,contraction,0.41500,0.033957,0.11223915,370,0.92500,0.51000,0.51000,-1.36152186e-02,0.57195267,Far,True,50,0.12500,Near,0.25833
KC,400,77,rebound,0.92500,0.020341,0.23633535,244,0.61000,-0.31500,0.31500,3.73723477e-02,3.03018943,Middle,False,244,0.61000,Middle,0.05667
KC,400,78,contraction,0.61000,0.057714,0.16692843,136,0.34000,-0.27000,0.27000,-1.15815585e-02,0.76537804,Middle,False,136,0.34000,Middle,0.00667
KC,400,79,contraction,0.34000,0.046132,0.09653304,292,0.73000,0.39000,0.39000,-1.75786723e-02,0.52349080,Far,True,64,0.16000,Near,0.06333
KC,400,80,rebound,0.73000,0.028554,0.18963838,192,0.48000,-0.25000,0.25000,1.68752938e-03,1.03696976,Middle,False,192,0.48000,Middle,0.14667
KC,400,81,contraction,0.48000,0.030241,0.12756026,351,0.87750,0.39750,0.39750,-1.08856958e-02,0.62176318,Far,True,69,0.17250,Near,0.21083
KC,400,82,rebound,0.87750,0.019355,0.22421383,113,0.28250,-0.59500,0.59500,2.85677121e-02,3.21120168,Near,False,113,0.28250,Near,0.05083
KC,400,83,contraction,0.28250,0.047923,0.08260576,259,0.64750,0.36500,0.36500,-1.93606737e-02,0.49484191,Middle,True,62,0.15500,Near,0.01917
KC,400,84,contraction,0.64750,0.028562,0.16901559,73,0.18250,-0.46500,0.46500,-7.97892521e-03,0.82579190,Near,False,73,0.18250,Near,0.15083
KC,400,85,contraction,0.18250,0.020583,0.05077086,387,0.96750,0.78500,0.78500,-4.03569135e-03,0.55401941,Far,True,8,0.02000,Near,0.30083
KC,400,86,rebound,0.96750,0.016548,0.24601194,209,0.52250,-0.44500,0.44500,4.70622183e-02,4.32419722,Middle,False,209,0.52250,Middle,0.14417
KC,400,87,contraction,0.52250,0.063610,0.14652749,305,0.76250,0.24000,0.24000,-2.17835357e-02,0.57725575,Far,True,157,0.39250,Middle,0.09583
KC,400,88,rebound,0.76250,0.041826,0.20108161,156,0.39000,-0.37250,0.37250,1.53364570e-02,1.47575534,Middle,False,156,0.39000,Middle,0.05667
KC,400,89,contraction,0.39000,0.057163,0.11179072,327,0.81750,0.42750,0.42750,-2.82471227e-02,0.48176929,Far,True,98,0.24500,Near,0.15083
KC,400,90,rebound,0.81750,0.028916,0.21160394,183,0.45750,-0.36000,0.36000,2.19518478e-02,1.82085746,Middle,False,183,0.45750,Middle,0.12417
KC,400,91,contraction,0.45750,0.050868,0.12709191,250,0.62500,0.16750,0.16750,-2.19090831e-02,0.57756248,Middle,True,96,0.24000,Near,0.04167
KC,400,92,rebound,0.62500,0.028959,0.16348963,96,0.24000,-0.38500,0.38500,1.25679830e-03,1.04434497,Near,False,96,0.24000,Near,0.09333
KC,400,93,contraction,0.24000,0.030215,0.06755383,360,0.90000,0.66000,0.66000,-1.21756089e-02,0.37665983,Far,True,32,0.08000,Near,0.23333
KC,400,94,rebound,0.90000,0.018040,0.22950993,221,0.55250,-0.34750,0.34750,2.57531470e-02,1.83208679,Middle,False,221,0.55250,Middle,0.11417
KC,400,95,contraction,0.55250,0.043793,0.14907322,129,0.32250,-0.23000,0.23000,-1.35869516e-02,0.70827575,Near,False,129,0.32250,Near,0.01083
KC,400,96,contraction,0.32250,0.030206,0.08817648,296,0.74000,0.41750,0.41750,-1.17031956e-02,0.60179660,Far,True,42,0.10500,Near,0.07333
KC,400,97,rebound,0.74000,0.018503,0.18962568,71,0.17750,-0.56250,0.56250,8.62131411e-04,1.03226170,Near,False,71,0.17750,Near,0.15583
KC,400,98,contraction,0.17750,0.019365,0.04921621,379,0.94750,0.77000,0.77000,-4.11828288e-03,0.46691456,Far,True,4,0.01000,Near,0.28083
KC,400,99,rebound,0.94750,0.015247,0.24068664,197,0.49250,-0.45500,0.45500,4.23701914e-02,3.38315218,Middle,False,197,0.49250,Middle,0.15917
KC,400,100,contraction,0.49250,0.057617,0.13752919,272,0.68000,0.18750,0.18750,-2.06484933e-02,0.59457306,Far,True,151,0.37750,Middle,0.01333
KC,400,101,rebound,0.68000,0.036968,0.17924207,144,0.36000,-0.32000,0.32000,1.76299131e-04,1.00428732,Middle,False,144,0.36000,Middle,0.02667
KC,400,102,contraction,0.36000,0.037145,0.09928614,336,0.84000,0.48000,0.48000,-1.44354400e-02,0.49502308,Far,True,51,0.12750,Near,0.17333
KC,400,103,rebound,0.84000,0.022709,0.21567728,175,0.43750,-0.40250,0.40250,1.68335390e-02,1.52784289,Middle,False,175,0.43750,Middle,0.10417
KC,400,104,contraction,0.43750,0.039543,0.11926067,255,0.63750,0.20000,0.20000,-2.00945974e-02,0.58491057,Middle,True,83,0.20750,Near,0.02917
KC,400,105,rebound,0.63750,0.019448,0.16423702,86,0.21500,-0.42250,0.42250,3.43327719e-03,1.14356949,Near,False,86,0.21500,Near,0.11833
KC,400,106,contraction,0.21500,0.022881,0.05947034,389,0.97250,0.75750,0.75750,-9.21986319e-03,0.40899166,Far,True,17,0.04250,Near,0.30583
KC,400,107,rebound,0.97250,0.013661,0.24654037,216,0.54000,-0.43250,0.43250,3.99354734e-02,4.11967781,Middle,False,216,0.54000,Middle,0.12667
KC,400,108,contraction,0.54000,0.053597,0.14839924,311,0.77750,0.23750,0.23750,-1.52392484e-02,0.63832834,Far,True,126,0.31500,Near,0.11083
KC,400,109,rebound,0.77750,0.038358,0.20396443,137,0.34250,-0.43500,0.43500,1.64823521e-02,1.57333623,Middle,False,137,0.34250,Middle,0.00917
KC,400,110,contraction,0.34250,0.054840,0.09933502,282,0.70500,0.36250,0.36250,-2.67810007e-02,0.45634477,Far,True,69,0.17250,Near,0.03833
KC,400,111,rebound,0.70500,0.028059,0.18326477,106,0.26500,-0.44000,0.44000,3.24191062e-03,1.10069441,Near,False,106,0.26500,Near,0.06833
KC,400,112,contraction,0.26500,0.031301,0.07407524,353,0.88250,0.61750,0.61750,-9.52791897e-03,0.48436133,Far,True,38,0.09500,Near,0.21583
KC,400,113,rebound,0.88250,0.021773,0.22606826,193,0.48250,-0.40000,0.40000,3.07875361e-02,2.19993383,Middle,False,193,0.48250,Middle,0.14917
KC,400,114,contraction,0.48250,0.052561,0.13376515,242,0.60500,0.12250,0.12250,-2.51009216e-02,0.56099236,Middle,True,158,0.39500,Middle,0.06167
KC,400,115,contraction,0.60500,0.027460,0.15811492,77,0.19250,-0.41250,0.41250,-4.76619814e-03,0.84152397,Near,False,77,0.19250,Near,0.14083
KC,400,116,contraction,0.19250,0.022693,0.05379837,368,0.92000,0.72750,0.72750,-6.44908580e-03,0.52320816,Far,True,14,0.03500,Near,0.25333
KC,400,117,rebound,0.92000,0.016244,0.23406110,167,0.41750,-0.50250,0.50250,3.22903042e-02,2.32785228,Middle,False,167,0.41750,Middle,0.08417
KC,400,118,contraction,0.41750,0.048535,0.11650867,299,0.74750,0.33000,0.33000,-1.63439461e-02,0.58389503,Far,True,122,0.30500,Near,0.08083
KC,400,119,rebound,0.74750,0.032191,0.19492269,127,0.31750,-0.43000,0.43000,3.37881909e-03,1.08712649,Near,False,127,0.31750,Near,0.01583
KC,400,120,contraction,0.31750,0.035570,0.08826739,325,0.81250,0.49500,0.49500,-1.54986392e-02,0.55385459,Far,True,44,0.11000,Near,0.14583
KC,400,121,rebound,0.81250,0.020071,0.20814273,212,0.53000,-0.28250,0.28250,2.10262282e-02,1.68523979,Middle,False,212,0.53000,Middle,0.13667
KC,400,122,contraction,0.53000,0.041097,0.14277429,90,0.22500,-0.30500,0.30500,-1.89016701e-02,0.59201003,Near,False,90,0.22500,Near,0.10833
KC,400,123,contraction,0.22500,0.022195,0.06179887,385,0.96250,0.73750,0.73750,-1.00829803e-02,0.53262754,Far,True,18,0.04500,Near,0.29583
KC,400,124,rebound,0.96250,0.012113,0.24365313,249,0.62250,-0.34000,0.34000,4.69094185e-02,6.22283213,Middle,False,249,0.62250,Middle,0.04417
KC,400,125,contraction,0.62250,0.059022,0.17038048,158,0.39500,-0.22750,0.22750,-1.10203598e-02,0.78734654,Middle,False,158,0.39500,Middle,0.06167
KC,400,126,contraction,0.39500,0.048002,0.11075039,288,0.72000,0.32500,0.32500,-1.93629309e-02,0.54174002,Far,True,65,0.16250,Near,0.05333
KC,400,127,rebound,0.72000,0.028639,0.18715966,113,0.28250,-0.43750,0.43750,2.11625713e-03,1.05931841,Near,False,113,0.28250,Near,0.05083
KC,400,128,contraction,0.28250,0.030755,0.07831372,344,0.86000,0.57750,0.57750,-9.82530422e-03,0.49862690,Far,True,39,0.09750,Near,0.19333
KC,400,129,rebound,0.86000,0.020930,0.22023240,199,0.49750,-0.36250,0.36250,2.54079420e-02,1.85696415,Middle,False,199,0.49750,Middle,0.16417
KC,400,130,contraction,0.49750,0.046338,0.13595938,265,0.66250,0.16500,0.16500,-2.43156836e-02,0.55731142,Middle,True,74,0.18500,Near,0.00417
KC,400,131,rebound,0.66250,0.022022,0.17113046,84,0.21000,-0.45250,0.45250,5.13674881e-03,1.22847979,Near,False,84,0.21000,Near,0.12333
KC,400,132,contraction,0.21000,0.027159,0.05928965,374,0.93500,0.72500,0.72500,-1.44570628e-02,0.35858275,Far,True,24,0.06000,Near,0.26833
KC,400,133,rebound,0.93500,0.012702,0.23692538,177,0.44250,-0.49250,0.49250,4.07040287e-02,3.31443665,Middle,False,177,0.44250,Middle,0.10917
KC,400,134,contraction,0.44250,0.053406,0.12397639,307,0.76750,0.32500,0.32500,-2.26881553e-02,0.54952719,Far,True,133,0.33250,Near,0.10083
KC,400,135,rebound,0.76750,0.030717,0.19955435,138,0.34500,-0.42250,0.42250,1.29266234e-02,1.40768754,Middle,False,138,0.34500,Middle,0.01167
KC,400,136,contraction,0.34500,0.043644,0.09716101,236,0.59000,0.24500,0.24500,-1.98739108e-02,0.54253469,Middle,True,58,0.14500,Near,0.07667
KC,400,137,contraction,0.59000,0.023770,0.15344253,62,0.15500,-0.43500,0.43500,-9.42714805e-03,0.70385412,Near,False,62,0.15500,Near,0.17833
KC,400,138,contraction,0.15500,0.014343,0.04233574,356,0.89000,0.73500,0.73500,-1.30772686e-03,0.78418568,Far,True,1,0.00250,Near,0.22333
KC,400,139,rebound,0.89000,0.013035,0.22575881,207,0.51750,-0.37250,0.37250,2.48440920e-02,1.78803908,Middle,False,207,0.51750,Middle,0.14917
KC,400,140,contraction,0.51750,0.037879,0.13884483,280,0.70000,0.18250,0.18250,-1.84045684e-02,0.61514712,Far,True,110,0.27500,Near,0.03333
KC,400,141,rebound,0.70000,0.019475,0.17986869,116,0.29000,-0.41000,0.41000,1.13821432e-02,1.46680277,Near,False,116,0.29000,Near,0.04333
KC,400,142,contraction,0.29000,0.030857,0.08021423,392,0.98000,0.69000,0.69000,-2.03479505e-02,0.37307802,Far,True,31,0.07750,Near,0.31333
KC,400,143,rebound,0.98000,0.010509,0.24762724,185,0.46250,-0.51750,0.51750,4.79407547e-02,6.65489499,Middle,False,185,0.46250,Middle,0.12917
KC,400,144,contraction,0.46250,0.058450,0.13023743,317,0.79250,0.33000,0.33000,-1.96681406e-02,0.58679102,Far,True,147,0.36750,Middle,0.12583
KC,400,145,rebound,0.79250,0.038782,0.20782039,151,0.37750,-0.41500,0.41500,1.41212290e-02,1.41056468,Middle,False,151,0.37750,Middle,0.04417
KC,400,146,contraction,0.37750,0.052903,0.10760070,255,0.63750,0.26000,0.26000,-1.79638303e-02,0.58181108,Middle,True,81,0.20250,Near,0.02917
KC,400,147,contraction,0.63750,0.034939,0.16810974,88,0.22000,-0.41750,0.41750,-7.90728159e-03,0.79028481,Near,False,88,0.22000,Near,0.11333
KC,400,148,contraction,0.22000,0.027032,0.06175792,338,0.84500,0.62500,0.62500,-5.99813376e-03,0.57987422,Far,True,24,0.06000,Near,0.17833
KC,400,149,rebound,0.84500,0.021034,0.21650839,217,0.54250,-0.30250,0.30250,1.89268040e-02,1.54404267,Middle,False,217,0.54250,Middle,0.12417
KC,400,150,contraction,0.54250,0.039960,0.14561509,125,0.31250,-0.23000,0.23000,-1.77176565e-02,0.64249389,Near,False,125,0.31250,Near,0.02083
KC,400,151,contraction,0.31250,0.022243,0.08368568,364,0.91000,0.59750,0.59750,-8.05179559e-03,0.61695813,Far,True,29,0.07250,Near,0.24333
KC,400,152,rebound,0.91000,0.014191,0.23104773,242,0.60500,-0.30500,0.30500,2.99386690e-02,2.39971244,Middle,False,242,0.60500,Middle,0.06167
KC,400,153,contraction,0.60500,0.044130,0.16228239,163,0.40750,-0.19750,0.19750,-1.01836723e-02,0.79411129,Middle,False,163,0.40750,Middle,0.07417
KC,400,154,contraction,0.40750,0.033946,0.11036148,300,0.75000,0.34250,0.34250,-1.26858528e-02,0.62457347,Far,True,61,0.15250,Near,0.08333
KC,400,155,rebound,0.75000,0.021260,0.19281501,96,0.24000,-0.51000,0.51000,7.78811744e-03,1.31919361,Near,False,96,0.24000,Near,0.09333
KC,400,156,contraction,0.24000,0.029048,0.06726204,382,0.95500,0.71500,0.71500,-1.83874141e-02,0.40876674,Far,True,32,0.08000,Near,0.28833
KC,400,157,rebound,0.95500,0.010661,0.24141519,201,0.50250,-0.45250,0.45250,4.82000661e-02,4.96635823,Middle,False,201,0.50250,Middle,0.16417
KC,400,158,contraction,0.50250,0.058861,0.14034020,273,0.68250,0.18000,0.18000,-2.06314805e-02,0.59758853,Far,True,139,0.34750,Middle,0.01583
KC,400,159,rebound,0.68250,0.038229,0.18018233,135,0.33750,-0.34500,0.34500,1.14360500e-03,1.02927409,Middle,False,135,0.33750,Middle,0.00417
KC,400,160,contraction,0.33750,0.039373,0.09421824,329,0.82250,0.48500,0.48500,-1.66050263e-02,0.46358011,Far,True,56,0.14000,Near,0.15583
KC,400,161,rebound,0.82250,0.022768,0.21131698,180,0.45000,-0.37250,0.37250,1.63099614e-02,1.45382682,Middle,False,180,0.45000,Middle,0.11667
KC,400,162,contraction,0.45000,0.039078,0.12226947,71,0.17750,-0.27250,0.27250,-1.98247393e-02,0.55994194,Near,False,71,0.17750,Near,0.15583
KC,400,163,contraction,0.17750,0.019253,0.04918828,349,0.87250,0.69500,0.69500,-5.34804615e-03,0.61332032,Far,True,4,0.01000,Near,0.20583
KC,400,164,rebound,0.87250,0.013905,0.22160127,232,0.58000,-0.29250,0.29250,2.86170690e-02,2.13400643,Middle,False,232,0.58000,Middle,0.08667
KC,400,165,contraction,0.58000,0.042522,0.15563054,118,0.29500,-0.28500,0.28500,-1.57968415e-02,0.68457866,Near,False,118,0.29500,Near,0.03833
KC,400,166,contraction,0.29500,0.026725,0.08043133,292,0.73000,0.43500,0.43500,-1.11523918e-02,0.58944995,Far,True,26,0.06500,Near,0.06333
KC,400,167,rebound,0.73000,0.015573,0.18639323,159,0.39750,-0.33250,0.33250,4.08303207e-04,1.00923101,Middle,False,159,0.39750,Middle,0.06417
KC,400,168,contraction,0.39750,0.015981,0.10337031,391,0.97750,0.58000,0.58000,-6.84710826e-03,0.54876353,Far,True,32,0.08000,Near,0.31083
KC,400,169,rebound,0.97750,0.009134,0.24665853,215,0.53750,-0.44000,0.44000,4.36007010e-02,4.06127927,Middle,False,215,0.53750,Middle,0.12917
KC,400,170,contraction,0.53750,0.052735,0.14755871,266,0.66500,0.12750,0.12750,-1.91023135e-02,0.63433683,Middle,True,98,0.24500,Near,0.00167
KC,400,171,rebound,0.66500,0.033633,0.17465813,102,0.25500,-0.41000,0.41000,4.14265446e-03,1.14399546,Near,False,102,0.25500,Near,0.07833
KC,400,172,contraction,0.25500,0.037775,0.07319379,322,0.80500,0.55000,0.55000,-1.59674596e-02,0.42562226,Far,True,45,0.11250,Near,0.13833
KC,400,173,rebound,0.80500,0.021808,0.20670193,173,0.43250,-0.37250,0.37250,1.49824116e-02,1.42002796,Middle,False,173,0.43250,Middle,0.09917
KC,400,174,contraction,0.43250,0.036790,0.11732253,360,0.90000,0.46750,0.46750,-2.09818682e-02,0.51123065,Far,True,61,0.15250,Near,0.23333
KC,400,175,rebound,0.90000,0.015808,0.22895206,203,0.50750,-0.39250,0.39250,3.47194918e-02,3.45282528,Middle,False,203,0.50750,Middle,0.15917
KC,400,176,contraction,0.50750,0.050528,0.13950694,114,0.28500,-0.22250,0.22250,-1.84217605e-02,0.61798313,Near,False,114,0.28500,Near,0.04833
KC,400,177,contraction,0.28500,0.032106,0.07927650,302,0.75500,0.47000,0.47000,-1.00578686e-02,0.61761749,Far,True,44,0.11000,Near,0.08833
KC,400,178,rebound,0.75500,0.022048,0.19426203,244,0.61000,-0.14500,0.14500,2.09726333e-03,1.04753794,Middle,False,244,0.61000,Middle,0.05667
KC,400,179,contraction,0.61000,0.024145,0.15853634,78,0.19500,-0.41500,0.41500,-8.92395956e-04,0.96561303,Near,False,78,0.19500,Near,0.13833
KC,400,180,contraction,0.19500,0.023253,0.05456324,376,0.94000,0.74500,0.74500,-1.23660283e-02,0.34397753,Far,True,15,0.03750,Near,0.27333
KC,400,181,rebound,0.94000,0.010887,0.23772174,182,0.45500,-0.48500,0.48500,4.02008192e-02,3.36107628,Middle,False,182,0.45500,Middle,0.12167
KC,400,182,contraction,0.45500,0.051088,0.12652194,279,0.69750,0.24250,0.24250,-2.20000614e-02,0.55153609,Far,True,137,0.34250,Middle,0.03083
KC,400,183,rebound,0.69750,0.029088,0.18164693,133,0.33250,-0.36500,0.36500,4.72899431e-03,1.13327404,Near,False,133,0.33250,Near,0.00083
KC,400,184,contraction,0.33250,0.033817,0.09157918,339,0.84750,0.51500,0.51500,-1.72740690e-02,0.44764197,Far,True,45,0.11250,Near,0.18083
KC,400,185,rebound,0.84750,0.016543,0.21601066,218,0.54500,-0.30250,0.30250,2.23039548e-02,1.71430695,Middle,False,218,0.54500,Middle,0.12167
KC,400,186,contraction,0.54500,0.038847,0.14596165,94,0.23500,-0.31000,0.31000,-1.28463610e-02,0.67957130,Near,False,94,0.23500,Near,0.09833
KC,400,187,contraction,0.23500,0.026000,0.06525006,313,0.78250,0.54750,0.54750,-1.60430643e-02,0.42537415,Far,True,25,0.06250,Near,0.11583
KC,400,188,rebound,0.78250,0.009957,0.19811429,161,0.40250,-0.38000,0.38000,1.47895328e-02,1.45306919,Middle,False,161,0.40250,Middle,0.06917
KC,400,189,contraction,0.40250,0.024747,0.10681167,394,0.98500,0.58250,0.58250,-1.66851355e-02,0.52817086,Far,True,40,0.10000,Near,0.31833
KC,400,190,rebound,0.98500,0.008062,0.24826539,237,0.59250,-0.39250,0.39250,5.11944556e-02,8.02774655,Middle,False,237,0.59250,Middle,0.07417
KC,400,191,contraction,0.59250,0.059256,0.16293900,125,0.31250,-0.28000,0.28000,-1.54735067e-02,0.70254014,Near,False,125,0.31250,Near,0.02083
KC,400,192,contraction,0.31250,0.043783,0.08907063,288,0.72000,0.40750,0.40750,-1.47728145e-02,0.55387347,Far,True,58,0.14500,Near,0.05333
KC,400,193,rebound,0.72000,0.029010,0.18725242,190,0.47500,-0.24500,0.24500,3.58586561e-04,1.00773858,Middle,False,190,0.47500,Middle,0.14167
KC,400,194,contraction,0.47500,0.029368,0.12609207,352,0.88000,0.40500,0.40500,-9.91566981e-03,0.58702975,Far,True,64,0.16000,Near,0.21333
KC,400,195,rebound,0.88000,0.019453,0.22486315,145,0.36250,-0.51750,0.51750,2.60992630e-02,2.65137349,Middle,False,145,0.36250,Middle,0.02917
KC,400,196,contraction,0.36250,0.045552,0.10201297,261,0.65250,0.29000,0.29000,-1.85303461e-02,0.55667961,Middle,True,70,0.17500,Near,0.01417
KC,400,197,contraction,0.65250,0.027022,0.16988038,80,0.20000,-0.45250,0.45250,-2.28703239e-03,0.92340382,Near,False,80,0.20000,Near,0.13333
KC,400,198,contraction,0.20000,0.024734,0.05618362,369,0.92250,0.72250,0.72250,-1.03722211e-02,0.43708832,Far,True,19,0.04750,Near,0.25583
KC,400,199,rebound,0.92250,0.014362,0.23421557,209,0.52250,-0.40000,0.40000,3.71027755e-02,2.74126090,Middle,False,209,0.52250,Middle,0.14417
KC,400,200,contraction,0.52250,0.051465,0.14349126,305,0.76250,0.24000,0.24000,-2.15132579e-02,0.57686946,Far,True,118,0.29500,Near,0.09583
KC,400,201,rebound,0.76250,0.029952,0.19811295,134,0.33500,-0.42750,0.42750,1.67333863e-02,1.64787677,Middle,False,134,0.33500,Middle,0.00167
KC,400,202,contraction,0.33500,0.046685,0.09542129,247,0.61750,0.28250,0.28250,-2.66585722e-02,0.45955666,Middle,True,61,0.15250,Near,0.04917
KC,400,203,contraction,0.61750,0.020027,0.15938165,67,0.16750,-0.45000,0.45000,-2.91161691e-03,0.89251986,Near,False,67,0.16750,Near,0.16583
KC,400,204,contraction,0.16750,0.017115,0.04615375,334,0.83500,0.66750,0.66750,-5.10728426e-03,0.55571509,Far,True,1,0.00250,Near,0.16833
KC,400,205,rebound,0.83500,0.012008,0.21175193,174,0.43500,-0.40000,0.40000,2.03769836e-02,1.64492525,Middle,False,174,0.43500,Middle,0.10167
KC,400,206,contraction,0.43500,0.032385,0.11684617,383,0.95750,0.52250,0.52250,-2.28867229e-02,0.49660432,Far,True,98,0.24500,Near,0.29083
KC,400,207,rebound,0.95750,0.009498,0.24174949,221,0.55250,-0.40500,0.40500,4.78881579e-02,6.21674827,Middle,False,221,0.55250,Middle,0.11417
KC,400,208,contraction,0.55250,0.057386,0.15247153,117,0.29250,-0.26000,0.26000,-1.62923193e-02,0.66396536,Near,False,117,0.29250,Near,0.04083
KC,400,209,contraction,0.29250,0.041094,0.08339845,284,0.71000,0.41750,0.41750,-1.20708916e-02,0.58839035,Far,True,48,0.12000,Near,0.04333
KC,400,210,contraction,0.71000,0.029023,0.18475573,157,0.39250,-0.31750,0.31750,-5.03493547e-03,0.89761701,Middle,False,157,0.39250,Middle,0.05917
KC,400,211,contraction,0.39250,0.023988,0.10412199,345,0.86250,0.47000,0.47000,-8.23920276e-03,0.65099866,Far,True,44,0.11000,Near,0.19583
KC,400,212,rebound,0.86250,0.015749,0.21956219,200,0.50000,-0.36250,0.36250,2.07702086e-02,1.82962334,Middle,False,200,0.50000,Middle,0.16667
KC,400,213,contraction,0.50000,0.036519,0.13412975,82,0.20500,-0.29500,0.29500,-1.44873386e-02,0.61608681,Near,False,82,0.20500,Near,0.12833
KC,400,214,contraction,0.20500,0.022032,0.05675791,316,0.79000,0.58500,0.58500,-7.36069625e-03,0.57139621,Far,True,14,0.03500,Near,0.12333
KC,400,215,rebound,0.79000,0.014671,0.20116774,241,0.60250,-0.18750,0.18750,8.08779984e-03,1.20188998,Middle,False,241,0.60250,Middle,0.06417
KC,400,216,contraction,0.60250,0.022759,0.15631469,124,0.31000,-0.29250,0.29250,-3.35729720e-03,0.90906057,Near,False,124,0.31000,Near,0.02333
KC,400,217,contraction,0.31000,0.019401,0.08235036,388,0.97000,0.66000,0.66000,-1.16161644e-02,0.42465475,Far,True,24,0.06000,Near,0.30333
KC,400,218,rebound,0.97000,0.007785,0.24444632,185,0.46250,-0.50750,0.50750,4.03446838e-02,3.49498841,Middle,False,185,0.46250,Middle,0.12917
KC,400,219,contraction,0.46250,0.048130,0.12765749,274,0.68500,0.22250,0.22250,-1.53899230e-02,0.64277482,Far,True,92,0.23000,Near,0.01833
KC,400,220,contraction,0.68500,0.032740,0.17943501,100,0.25000,-0.43500,0.43500,-1.95969492e-03,0.94520992,Near,False,100,0.25000,Near,0.08333
KC,400,221,contraction,0.25000,0.030780,0.07019509,328,0.82000,0.57000,0.57000,-1.25935275e-02,0.46456104,Far,True,35,0.08750,Near,0.15333
KC,400,222,rebound,0.82000,0.018187,0.20954671,212,0.53000,-0.29000,0.29000,1.71236228e-02,1.51016179,Middle,False,212,0.53000,Middle,0.13667
KC,400,223,contraction,0.53000,0.035310,0.14132761,138,0.34500,-0.18500,0.18500,-1.63702376e-02,0.66320536,Middle,False,138,0.34500,Middle,0.01167
KC,400,224,contraction,0.34500,0.018940,0.09098505,363,0.90750,0.56250,0.56250,-5.57724315e-03,0.58757019,Far,True,34,0.08500,Near,0.24083
KC,400,225,rebound,0.90750,0.013363,0.23021574,253,0.63250,-0.27500,0.27500,2.66049999e-02,2.00057236,Middle,False,253,0.63250,Middle,0.03417
KC,400,226,contraction,0.63250,0.039968,0.16811699,111,0.27750,-0.35500,0.35500,-5.58155938e-03,0.87368159,Near,False,111,0.27750,Near,0.05583
KC,400,227,contraction,0.27750,0.034386,0.07797160,299,0.74750,0.47000,0.47000,-1.68231118e-02,0.47003184,Far,True,45,0.11250,Near,0.08083
KC,400,228,rebound,0.74750,0.017563,0.19126582,171,0.42750,-0.32000,0.32000,1.00356742e-02,1.27332318,Middle,False,171,0.42750,Middle,0.09417
KC,400,229,contraction,0.42750,0.027599,0.11377474,52,0.13000,-0.29750,0.29750,-1.79605204e-02,0.49472978,Near,False,52,0.13000,Near,0.20333
KC,400,230,contraction,0.13000,0.009638,0.03490961,373,0.93250,0.80250,0.80250,-1.28542516e-03,0.63091843,Far,True,1,0.00250,Near,0.26583
KC,400,231,rebound,0.93250,0.008353,0.23521326,226,0.56500,-0.36750,0.36750,3.54054527e-02,2.58839523,Middle,False,226,0.56500,Middle,0.10167
KC,400,232,contraction,0.56500,0.043758,0.15218962,131,0.32750,-0.23750,0.23750,-1.79114104e-02,0.66139910,Near,False,131,0.32750,Near,0.00583
KC,400,233,contraction,0.32750,0.025847,0.08833677,320,0.80000,0.47250,0.47250,-8.80792098e-03,0.63254595,Far,True,24,0.06000,Near,0.13333
KC,400,234,rebound,0.80000,0.017039,0.20425979,193,0.48250,-0.31750,0.31750,1.04292158e-02,1.25704706,Middle,False,193,0.48250,Middle,0.14917
KC,400,235,contraction,0.48250,0.027468,0.12749209,74,0.18500,-0.29750,0.29750,-1.47209020e-02,0.61602016,Near,False,74,0.18500,Near,0.14833
KC,400,236,contraction,0.18500,0.012747,0.04943687,350,0.87500,0.69000,0.69000,-4.71825005e-03,0.60207422,Far,True,1,0.00250,Near,0.20833
KC,400,237,rebound,0.87500,0.008029,0.22075730,260,0.65000,-0.22500,0.22500,2.51339013e-02,2.01908176,Middle,False,260,0.65000,Middle,0.01667
KC,400,238,contraction,0.65000,0.033163,0.17079078,149,0.37250,-0.27750,0.27750,-2.04248234e-03,0.95132747,Middle,False,149,0.37250,Middle,0.03917
KC,400,239,contraction,0.37250,0.031121,0.10090516,290,0.72500,0.35250,0.35250,-2.44786524e-02,0.45629492,Far,True,41,0.10250,Near,0.05833
KC,400,240,rebound,0.72500,0.006642,0.18291049,96,0.24000,-0.48500,0.48500,1.28660252e-02,1.86444236,Near,False,96,0.24000,Near,0.09333
KC,400,241,contraction,0.24000,0.019508,0.06487700,395,0.98750,0.74750,0.74750,-1.30241330e-02,0.40652155,Far,True,12,0.03000,Near,0.32083
KC,400,242,rebound,0.98750,0.006484,0.24849597,209,0.52250,-0.46500,0.46500,5.16083685e-02,5.98487730,Middle,False,209,0.52250,Middle,0.14417
KC,400,243,contraction,0.52250,0.058092,0.14514806,244,0.61000,0.08750,0.08750,-2.65278159e-02,0.56827085,Middle,True,165,0.41250,Middle,0.05667
KC,400,244,contraction,0.61000,0.031564,0.16039111,121,0.30250,-0.30750,0.30750,-2.43753664e-03,0.93305270,Near,False,121,0.30250,Near,0.03083
KC,400,245,contraction,0.30250,0.029127,0.08290672,336,0.84000,0.53750,0.53750,-9.50479524e-03,0.54659198,Far,True,38,0.09500,Near,0.17333
KC,400,246,rebound,0.84000,0.019622,0.21490552,174,0.43500,-0.40500,0.40500,1.58263494e-02,1.42920833,Middle,False,174,0.43500,Middle,0.10167
KC,400,247,contraction,0.43500,0.035448,0.11761211,304,0.76000,0.32500,0.32500,-1.81802849e-02,0.56608619,Far,True,61,0.15250,Near,0.09333
KC,400,248,rebound,0.76000,0.017268,0.19431704,89,0.22250,-0.53750,0.53750,1.24292096e-02,1.65647059,Near,False,89,0.22250,Near,0.11083
KC,400,249,contraction,0.22250,0.029697,0.06304934,367,0.91750,0.69500,0.69500,-1.85093693e-02,0.43593845,Far,True,30,0.07500,Near,0.25083
KC,400,250,rebound,0.91750,0.011188,0.23217200,218,0.54500,-0.37250,0.37250,4.34718127e-02,4.09692949,Middle,False,218,0.54500,Middle,0.12167
KC,400,251,contraction,0.54500,0.054660,0.14991495,144,0.36000,-0.18500,0.18500,-2.00065180e-02,0.63628859,Middle,False,144,0.36000,Middle,0.02667
KC,400,252,contraction,0.36000,0.034653,0.09866332,277,0.69250,0.33250,0.33250,-1.42873022e-02,0.59687767,Far,True,49,0.12250,Near,0.02583
KC,400,253,contraction,0.69250,0.020366,0.17821650,70,0.17500,-0.51750,0.51750,-1.96553239e-03,0.92991248,Near,False,70,0.17500,Near,0.15833
KC,400,254,contraction,0.17500,0.018400,0.04835011,380,0.95000,0.77500,0.77500,-9.46542424e-03,0.41230194,Far,True,2,0.00500,Near,0.28333
KC,400,255,rebound,0.95000,0.008935,0.23973376,195,0.48750,-0.46250,0.46250,4.55133448e-02,4.16903891,Middle,False,195,0.48750,Middle,0.15417
KC,400,256,contraction,0.48750,0.054448,0.13548709,258,0.64500,0.15750,0.15750,-2.21701816e-02,0.58501478,Middle,True,126,0.31500,Near,0.02167
KC,400,257,contraction,0.64500,0.032278,0.16931955,117,0.29250,-0.35250,0.35250,-2.17952537e-03,0.94160370,Near,False,117,0.29250,Near,0.04083
KC,400,258,contraction,0.29250,0.030099,0.08064967,325,0.81250,0.52000,0.52000,-9.56389889e-03,0.56520068,Far,True,32,0.08000,Near,0.14583
KC,400,259,rebound,0.81250,0.020535,0.20825869,167,0.41750,-0.39500,0.39500,1.10963147e-02,1.28139398,Middle,False,167,0.41750,Middle,0.08417
KC,400,260,contraction,0.41750,0.031631,0.11228277,346,0.86500,0.44750,0.44750,-1.88980247e-02,0.54018270,Far,True,52,0.13000,Near,0.19833
KC,400,261,rebound,0.86500,0.012733,0.21943326,227,0.56750,-0.29750,0.29750,2.93014053e-02,2.73610154,Middle,False,227,0.56750,Middle,0.09917
KC,400,262,contraction,0.56750,0.042034,0.15238362,98,0.24500,-0.32250,0.32250,-9.93879556e-03,0.74364110,Near,False,98,0.24500,Near,0.08833
KC,400,263,contraction,0.24500,0.032096,0.06927392,294,0.73500,0.49000,0.49000,-1.80441224e-02,0.43426658,Far,True,36,0.09000,Near,0.06833
KC,400,264,rebound,0.73500,0.014052,0.18726289,148,0.37000,-0.36500,0.36500,6.69790635e-03,1.18200569,Middle,False,148,0.37000,Middle,0.03667
KC,400,265,contraction,0.37000,0.020749,0.09768736,390,0.97500,0.60500,0.60500,-1.41293863e-02,0.48595319,Far,True,34,0.08500,Near,0.30833
KC,400,266,rebound,0.97500,0.006620,0.24540502,207,0.51750,-0.45750,0.45750,4.72314874e-02,5.63953938,Middle,False,207,0.51750,Middle,0.14917
KC,400,267,contraction,0.51750,0.053852,0.14283789,269,0.67250,0.15500,0.15500,-2.05092503e-02,0.60741365,Far,True,111,0.27750,Near,0.00583
KC,400,268,rebound,0.67250,0.033342,0.17646058,112,0.28000,-0.39250,0.39250,3.43140497e-03,1.10721951,Near,False,112,0.28000,Near,0.05333
KC,400,269,contraction,0.28000,0.036774,0.07919343,332,0.83000,0.55000,0.55000,-1.81655703e-02,0.41951586,Far,True,48,0.12000,Near,0.16333
KC,400,270,rebound,0.83000,0.018608,0.21215203,178,0.44500,-0.38500,0.38500,2.11299058e-02,1.67690559,Middle,False,178,0.44500,Middle,0.11167
KC,400,271,contraction,0.44500,0.039738,0.12118451,67,0.16750,-0.27750,0.27750,-2.30413177e-02,0.53976041,Near,False,67,0.16750,Near,0.16583
KC,400,272,contraction,0.16750,0.016697,0.04604918,358,0.89500,0.72750,0.72750,-3.31752809e-03,0.65497582,Far,True,1,0.00250,Near,0.22833
KC,400,273,rebound,0.89500,0.013379,0.22709480,238,0.59500,-0.30000,0.30000,3.30367075e-02,2.54339886,Middle,False,238,0.59500,Middle,0.07167
KC,400,274,contraction,0.59500,0.046416,0.16035398,138,0.34500,-0.25000,0.25000,-1.42375205e-02,0.71963563,Middle,False,138,0.34500,Middle,0.01167
KC,400,275,contraction,0.34500,0.032178,0.09429460,306,0.76500,0.42000,0.42000,-1.37105247e-02,0.56530430,Far,True,37,0.09250,Near,0.09833
KC,400,276,rebound,0.76500,0.018468,0.19586697,193,0.48250,-0.28250,0.28250,6.00337066e-03,1.14812640,Middle,False,193,0.48250,Middle,0.14917
KC,400,277,contraction,0.48250,0.024471,0.12674281,77,0.19250,-0.29000,0.29000,-1.23325858e-02,0.63043766,Near,False,77,0.19250,Near,0.14083
KC,400,278,contraction,0.19250,0.012139,0.05115966,375,0.93750,0.74500,0.74500,-4.77177333e-03,0.46105076,Far,True,1,0.00250,Near,0.27083
KC,400,279,rebound,0.93750,0.007367,0.23621672,253,0.63250,-0.30500,0.30500,3.51556893e-02,2.86224153,Middle,False,253,0.63250,Middle,0.03417
KC,400,280,contraction,0.63250,0.042523,0.16875564,153,0.38250,-0.25000,0.25000,-7.10419128e-03,0.84891423,Middle,False,153,0.38250,Middle,0.04917
KC,400,281,contraction,0.38250,0.035418,0.10447959,316,0.79000,0.40750,0.40750,-1.86875641e-02,0.52223939,Far,True,49,0.12250,Near,0.12333
KC,400,282,rebound,0.79000,0.016731,0.20168270,109,0.27250,-0.51750,0.51750,1.45108836e-02,1.59755925,Near,False,109,0.27250,Near,0.06083
KC,400,283,contraction,0.27250,0.031242,0.07593542,278,0.69500,0.42250,0.42250,-1.82480004e-02,0.50500943,Far,True,35,0.08750,Near,0.02833
KC,400,284,rebound,0.69500,0.012994,0.17699842,184,0.46000,-0.23500,0.23500,2.18364054e-03,1.05229222,Middle,False,184,0.46000,Middle,0.12667
KC,400,285,contraction,0.46000,0.015177,0.11879433,43,0.10750,-0.35250,0.35250,-8.79468407e-03,0.60647690,Near,False,43,0.10750,Near,0.22583
KC,400,286,contraction,0.10750,0.006383,0.02847066,393,0.98250,0.87500,0.87500,-7.80639829e-04,0.49719905,Far,True,1,0.00250,Near,0.31583
KC,400,287,rebound,0.98250,0.005602,0.24702550,222,0.55500,-0.42750,0.42750,4.15169158e-02,4.47139670,Middle,False,222,0.55500,Middle,0.11167
KC,400,288,contraction,0.55500,0.047119,0.15052973,129,0.32250,-0.23250,0.23250,-1.82379653e-02,0.64645380,Near,False,129,0.32250,Near,0.01083
KC,400,289,contraction,0.32250,0.028881,0.08784524,340,0.85000,0.52750,0.52750,-4.76569005e-03,0.70475655,Far,True,22,0.05500,Near,0.18333
KC,400,290,rebound,0.85000,0.024115,0.21852882,245,0.61250,-0.23750,0.23750,1.51051605e-02,1.41984111,Middle,False,245,0.61250,Middle,0.05417
KC,400,291,contraction,0.61250,0.039220,0.16293011,99,0.24750,-0.36500,0.36500,-7.76123350e-03,0.82871462,Near,False,99,0.24750,Near,0.08583
KC,400,292,contraction,0.24750,0.031459,0.06973980,299,0.74750,0.50000,0.50000,-1.31702658e-02,0.50330255,Far,True,28,0.07000,Near,0.08083
KC,400,293,rebound,0.74750,0.018289,0.19144723,168,0.42000,-0.32750,0.32750,9.11676908e-03,1.24322758,Middle,False,168,0.42000,Middle,0.08667
KC,400,294,contraction,0.42000,0.027406,0.11185142,362,0.90500,0.48500,0.48500,-1.48897969e-02,0.48286304,Far,True,50,0.12500,Near,0.23833
KC,400,295,rebound,0.90500,0.012516,0.22937898,204,0.51000,-0.39500,0.39500,3.22388316e-02,2.65614696,Middle,False,204,0.51000,Middle,0.15667
KC,400,296,contraction,0.51000,0.044755,0.13868868,84,0.21000,-0.30000,0.30000,-1.85549086e-02,0.60226645,Near,False,84,0.21000,Near,0.12333
KC,400,297,contraction,0.21000,0.026200,0.05904996,285,0.71250,0.50250,0.50250,-9.69848718e-03,0.55801960,Far,True,21,0.05250,Near,0.04583
KC,400,298,rebound,0.71250,0.016501,0.18225033,141,0.35250,-0.36000,0.36000,2.09483760e-04,1.00506146,Middle,False,141,0.35250,Middle,0.01917
KC,400,299,contraction,0.35250,0.016711,0.09230270,351,0.87750,0.52500,0.52500,-8.75618837e-03,0.57155583,Far,True,20,0.05000,Near,0.21083
KC,400,300,rebound,0.87750,0.007955,0.22136366,228,0.57000,-0.30750,0.30750,2.49672917e-02,1.89294830,Middle,False,228,0.57000,Middle,0.09667
KC,400,301,contraction,0.57000,0.032922,0.15073048,106,0.26500,-0.30500,0.30500,-1.11683359e-02,0.72991817,Near,False,106,0.26500,Near,0.06833
KC,400,302,contraction,0.26500,0.021754,0.07168840,322,0.80500,0.54000,0.54000,-1.44037975e-02,0.45821580,Far,True,23,0.05750,Near,0.13833
KC,400,303,rebound,0.80500,0.007350,0.20308745,178,0.44500,-0.36000,0.36000,1.73494690e-02,1.63660472,Middle,False,178,0.44500,Middle,0.11167
KC,400,304,contraction,0.44500,0.024699,0.11742481,49,0.12250,-0.32250,0.32250,-1.64382408e-02,0.55045100,Near,False,49,0.12250,Near,0.21083
KC,400,305,contraction,0.12250,0.008261,0.03269025,385,0.96250,0.84000,0.84000,-1.88884183e-03,0.44979980,Far,True,1,0.00250,Near,0.29583
KC,400,306,rebound,0.96250,0.006372,0.24221804,252,0.63000,-0.33250,0.33250,4.31333084e-02,4.51198066,Middle,False,252,0.63000,Middle,0.03667
KC,400,307,contraction,0.63000,0.049505,0.16987637,150,0.37500,-0.25500,0.25500,-9.56207041e-03,0.80669239,Middle,False,150,0.37500,Middle,0.04167
KC,400,308,contraction,0.37500,0.039943,0.10373585,294,0.73500,0.36000,0.36000,-1.97336205e-02,0.51708814,Far,True,78,0.19500,Near,0.06833
KC,400,309,rebound,0.73500,0.020210,0.18880245,98,0.24500,-0.49000,0.49000,6.30932555e-03,1.22658243,Near,False,98,0.24500,Near,0.08833
KC,400,310,contraction,0.24500,0.026519,0.06787978,335,0.83750,0.59250,0.59250,-1.70626030e-02,0.48655921,Far,True,19,0.04750,Near,0.17083
KC,400,311,rebound,0.83750,0.009457,0.21173913,199,0.49750,-0.34000,0.34000,2.99793037e-02,2.30605128,Middle,False,199,0.49750,Middle,0.16417
KC,400,312,contraction,0.49750,0.039436,0.13423395,71,0.17750,-0.32000,0.32000,-2.48098948e-02,0.54063294,Near,False,71,0.17750,Near,0.15583
KC,400,313,contraction,0.17750,0.014626,0.04803148,371,0.92750,0.75000,0.75000,-7.72329820e-03,0.56770151,Far,True,1,0.00250,Near,0.26083
KC,400,314,rebound,0.92750,0.006903,0.23360066,233,0.58250,-0.34500,0.34500,4.28259870e-02,4.12041495,Middle,False,233,0.58250,Middle,0.08417
KC,400,315,contraction,0.58250,0.049729,0.15805715,139,0.34750,-0.23500,0.23500,-1.45117034e-02,0.71990968,Middle,False,139,0.34750,Middle,0.01417
KC,400,316,contraction,0.34750,0.035217,0.09567923,277,0.69250,0.34500,0.34500,-1.65152896e-02,0.55436186,Far,True,38,0.09500,Near,0.02583
KC,400,317,contraction,0.69250,0.018702,0.17780041,90,0.22500,-0.46750,0.46750,-2.89990137e-03,0.91993141,Near,False,90,0.22500,Near,0.10833
KC,400,318,contraction,0.22500,0.015802,0.06020043,315,0.78750,0.56250,0.56250,-1.00738529e-02,0.50328004,Far,True,3,0.00750,Near,0.12083
KC,400,319,rebound,0.78750,0.005728,0.19830697,181,0.45250,-0.33500,0.33500,1.70476974e-02,1.53530958,Middle,False,181,0.45250,Middle,0.11917
KC,400,320,contraction,0.45250,0.022776,0.11881889,396,0.99000,0.53750,0.53750,-1.77802457e-02,0.50711716,Far,True,37,0.09250,Near,0.32333
KC,400,321,rebound,0.99000,0.004995,0.24874883,216,0.54000,-0.45000,0.45000,5.16272283e-02,14.31541229,Middle,False,216,0.54000,Middle,0.12667
KC,400,322,contraction,0.54000,0.056623,0.14915564,122,0.30500,-0.23500,0.23500,-1.83402907e-02,0.63765545,Near,False,122,0.30500,Near,0.02833
KC,400,323,contraction,0.30500,0.038282,0.08582056,301,0.75250,0.44750,0.44750,-1.24846165e-02,0.58010988,Far,True,50,0.12500,Near,0.08583
KC,400,324,rebound,0.75250,0.025798,0.19457441,163,0.40750,-0.34500,0.34500,2.12735109e-03,1.04745308,Middle,False,163,0.40750,Middle,0.07417
KC,400,325,contraction,0.40750,0.027925,0.10885625,348,0.87000,0.46250,0.46250,-9.88180682e-03,0.61789750,Far,True,53,0.13250,Near,0.20333
KC,400,326,rebound,0.87000,0.018043,0.22201080,243,0.60750,-0.26250,0.26250,2.53542911e-02,1.97298275,Middle,False,243,0.60750,Middle,0.05917
KC,400,327,contraction,0.60750,0.043397,0.16272437,102,0.25500,-0.35250,0.35250,-6.88526758e-03,0.81989254,Near,False,102,0.25500,Near,0.07833
KC,400,328,contraction,0.25500,0.036512,0.07287805,271,0.67750,0.42250,0.42250,-2.24125880e-02,0.41741989,Far,True,44,0.11000,Near,0.01083
KC,400,329,rebound,0.67750,0.014100,0.17289990,64,0.16000,-0.51750,0.51750,1.02870282e-03,1.04697371,Near,False,64,0.16000,Near,0.17333
KC,400,330,contraction,0.16000,0.015128,0.04378208,366,0.91500,0.75500,0.75500,-4.25061185e-03,0.45094724,Far,True,1,0.00250,Near,0.24833
KC,400,331,rebound,0.91500,0.010878,0.23146943,190,0.47500,-0.44000,0.44000,3.87317758e-02,3.04129863,Middle,False,190,0.47500,Middle,0.14167
KC,400,332,contraction,0.47500,0.049609,0.13115237,140,0.35000,-0.12500,0.12500,-2.88897949e-02,0.51604857,Middle,False,140,0.35000,Middle,0.01667
KC,400,333,contraction,0.35000,0.020720,0.09267992,325,0.81250,0.46250,0.46250,-4.26168295e-03,0.76916270,Far,True,21,0.05250,Near,0.14583
KC,400,334,rebound,0.81250,0.016458,0.20723950,226,0.56500,-0.24750,0.24750,1.16948637e-02,1.29821954,Middle,False,226,0.56500,Middle,0.10167
KC,400,335,contraction,0.56500,0.028153,0.14828822,86,0.21500,-0.35000,0.35000,-9.44798475e-03,0.73344779,Near,False,86,0.21500,Near,0.11833
KC,400,336,contraction,0.21500,0.018705,0.05842622,381,0.95250,0.73750,0.73750,-1.06539223e-02,0.45700359,Far,True,7,0.01750,Near,0.28583
KC,400,337,rebound,0.95250,0.008051,0.24013774,256,0.64000,-0.31250,0.31250,4.05282027e-02,4.17617948,Middle,False,256,0.64000,Middle,0.02667
KC,400,338,contraction,0.64000,0.048579,0.17214479,159,0.39750,-0.24250,0.24250,-3.63137230e-03,0.91908315,Middle,False,159,0.39750,Middle,0.06417
KC,400,339,contraction,0.39750,0.044948,0.11061195,305,0.76250,0.36500,0.36500,-2.15661027e-02,0.50068079,Far,True,61,0.15250,Near,0.09583
KC,400,340,rebound,0.76250,0.023382,0.19647042,117,0.29250,-0.47000,0.47000,1.11919703e-02,1.38832631,Near,False,117,0.29250,Near,0.04083
KC,400,341,contraction,0.29250,0.034574,0.08176842,341,0.85250,0.56000,0.56000,-2.14021443e-02,0.47582667,Far,True,43,0.10750,Near,0.18583
KC,400,342,rebound,0.85250,0.013172,0.21641788,202,0.50500,-0.34750,0.34750,3.26239493e-02,2.51929996,Middle,False,202,0.50500,Middle,0.16167
KC,400,343,contraction,0.50500,0.045795,0.13769887,77,0.19250,-0.31250,0.31250,-2.39749961e-02,0.54494788,Near,False,77,0.19250,Near,0.14083
KC,400,344,contraction,0.19250,0.021820,0.05358012,281,0.70250,0.51000,0.51000,-8.12929785e-03,0.58044608,Far,True,12,0.03000,Near,0.03583
KC,400,345,contraction,0.70250,0.013691,0.17904779,148,0.37000,-0.33250,0.33250,-2.26282771e-04,0.99460748,Middle,False,148,0.37000,Middle,0.03667
KC,400,346,contraction,0.37000,0.013465,0.09586622,387,0.96750,0.59750,0.59750,-7.81418365e-03,0.52046466,Far,True,15,0.03750,Near,0.30083
KC,400,347,rebound,0.96750,0.005651,0.24328768,231,0.57750,-0.39000,0.39000,4.34252846e-02,3.78044906,Middle,False,231,0.57750,Middle,0.08917
KC,400,348,contraction,0.57750,0.049076,0.15664400,110,0.27500,-0.30250,0.30250,-1.74832585e-02,0.67713242,Near,False,110,0.27500,Near,0.05833
KC,400,349,contraction,0.27500,0.031593,0.07664818,317,0.79250,0.51750,0.51750,-9.67191843e-03,0.57602183,Far,True,37,0.09250,Near,0.12583
KC,400,350,rebound,0.79250,0.021921,0.20360520,183,0.45750,-0.33500,0.33500,1.30672117e-02,1.34900083,Middle,False,183,0.45750,Middle,0.12417
KC,400,351,contraction,0.45750,0.034988,0.12312201,356,0.89000,0.43250,0.43250,-2.09559707e-02,0.56268138,Far,True,58,0.14500,Near,0.22333
KC,400,352,rebound,0.89000,0.014032,0.22600801,214,0.53500,-0.35500,0.35500,3.36577595e-02,3.53592480,Middle,False,214,0.53500,Middle,0.13167
KC,400,353,contraction,0.53500,0.047690,0.14567245,96,0.24000,-0.29500,0.29500,-1.45189454e-02,0.68094787,Near,False,96,0.24000,Near,0.09333
KC,400,354,contraction,0.24000,0.033171,0.06829272,288,0.72000,0.48000,0.48000,-1.21056217e-02,0.54853880,Far,True,37,0.09250,Near,0.05333
KC,400,355,rebound,0.72000,0.021065,0.18526631,144,0.36000,-0.36000,0.36000,5.95656317e-04,1.01416583,Middle,False,144,0.36000,Middle,0.02667
KC,400,356,contraction,0.36000,0.021661,0.09541523,373,0.93250,0.57250,0.57250,-1.46001524e-02,0.53784843,Far,True,33,0.08250,Near,0.26583
KC,400,357,rebound,0.93250,0.007061,0.23489019,245,0.61250,-0.32000,0.32000,4.04181307e-02,3.71002415,Middle,False,245,0.61250,Middle,0.05417
KC,400,358,contraction,0.61250,0.047479,0.16499472,166,0.41500,-0.19750,0.19750,-1.12684612e-02,0.78063096,Middle,False,166,0.41500,Middle,0.08167
KC,400,359,contraction,0.41500,0.036210,0.11280261,328,0.82000,0.40500,0.40500,-1.87045798e-02,0.52557219,Far,True,66,0.16500,Near,0.15333
KC,400,360,rebound,0.82000,0.017506,0.20937646,114,0.28500,-0.53500,0.53500,2.15448916e-02,2.41864199,Near,False,114,0.28500,Near,0.04833
KC,400,361,contraction,0.28500,0.039051,0.08101268,266,0.66500,0.38000,0.38000,-1.85449946e-02,0.49485046,Middle,True,52,0.13000,Near,0.00167
KC,400,362,contraction,0.66500,0.020506,0.17137643,68,0.17000,-0.49500,0.49500,-3.10433207e-03,0.88880626,Near,False,68,0.17000,Near,0.16333
KC,400,363,contraction,0.17000,0.017401,0.04685035,350,0.87500,0.70500,0.70500,-1.27561700e-02,0.45041884,Far,True,1,0.00250,Near,0.20833
KC,400,364,rebound,0.87500,0.004645,0.21991131,196,0.49000,-0.38500,0.38500,3.76846889e-02,3.18309069,Middle,False,196,0.49000,Middle,0.15667
KC,400,365,contraction,0.49000,0.042330,0.13308248,134,0.33500,-0.15500,0.15500,-2.70013735e-02,0.52965467,Middle,False,134,0.33500,Middle,0.00167
KC,400,366,contraction,0.33500,0.015329,0.08758214,299,0.74750,0.41250,0.41250,-8.44477800e-03,0.66322155,Far,True,16,0.04000,Near,0.08083
KC,400,367,rebound,0.74750,0.006884,0.18859594,81,0.20250,-0.54500,0.54500,4.14428856e-03,1.24532229,Near,False,81,0.20250,Near,0.13083
KC,400,368,contraction,0.20250,0.011028,0.05338202,396,0.99000,0.78750,0.78750,-6.73697160e-03,0.52728069,Far,True,1,0.00250,Near,0.32333
KC,400,369,rebound,0.99000,0.004291,0.24857277,224,0.56000,-0.43000,0.43000,5.53395902e-02,10.83257075,Middle,False,224,0.56000,Middle,0.10667
KC,400,370,contraction,0.56000,0.059631,0.15490767,171,0.42750,-0.13250,0.13250,-2.28238674e-02,0.62463279,Middle,False,171,0.42750,Middle,0.09417
KC,400,371,contraction,0.42750,0.036807,0.11607670,311,0.77750,0.35000,0.35000,-1.29301229e-02,0.64436524,Far,True,54,0.13500,Near,0.11083
KC,400,372,rebound,0.77750,0.023877,0.20034417,118,0.29500,-0.48250,0.48250,9.35425897e-03,1.30248427,Near,False,118,0.29500,Near,0.03833
KC,400,373,contraction,0.29500,0.033231,0.08205774,259,0.64750,0.35250,0.35250,-1.45538646e-02,0.56381620,Middle,True,41,0.10250,Near,0.01917
KC,400,374,contraction,0.64750,0.018677,0.16654427,58,0.14500,-0.50250,0.50250,-6.42564310e-03,0.77720712,Near,False,58,0.14500,Near,0.18833
KC,400,375,contraction,0.14500,0.012251,0.03931286,363,0.90750,0.76250,0.76250,-3.46636092e-04,0.90494540,Far,True,1,0.00250,Near,0.24083
KC,400,376,rebound,0.90750,0.011905,0.22985120,201,0.50250,-0.40500,0.40500,3.26279874e-02,2.31397354,Middle,False,201,0.50250,Middle,0.16417
KC,400,377,contraction,0.50250,0.044533,0.13675820,282,0.70500,0.20250,0.20250,-2.35063837e-02,0.56339295,Far,True,143,0.35750,Middle,0.03833
KC,400,378,rebound,0.70500,0.021026,0.18150660,139,0.34750,-0.35750,0.35750,1.11827722e-02,1.39641268,Middle,False,139,0.34750,Middle,0.01417
KC,400,379,contraction,0.34750,0.032209,0.09492730,337,0.84250,0.49500,0.49500,-2.19962895e-02,0.42240630,Far,True,40,0.10000,Near,0.17583
KC,400,380,rebound,0.84250,0.010213,0.21317822,178,0.44500,-0.39750,0.39750,2.37709733e-02,2.40895849,Middle,False,178,0.44500,Middle,0.11167
KC,400,381,contraction,0.44500,0.033984,0.11974597,77,0.19250,-0.25250,0.25250,-1.82482912e-02,0.55080405,Near,False,77,0.19250,Near,0.14083
KC,400,382,contraction,0.19250,0.015736,0.05205889,379,0.94750,0.75500,0.75500,-8.58495925e-03,0.48655627,Far,True,1,0.00250,Near,0.28083
KC,400,383,rebound,0.94750,0.007151,0.23866265,237,0.59250,-0.35500,0.35500,4.50640845e-02,4.67985742,Middle,False,237,0.59250,Middle,0.07417
KC,400,384,contraction,0.59250,0.052215,0.16117868,150,0.37500,-0.21750,0.21750,-1.85833767e-02,0.67150651,Middle,False,150,0.37500,Middle,0.04167
KC,400,385,contraction,0.37500,0.033631,0.10215783,303,0.75750,0.38250,0.38250,-1.16922715e-02,0.62652329,Far,True,47,0.11750,Near,0.09083
KC,400,386,rebound,0.75750,0.021939,0.19485976,105,0.26250,-0.49500,0.49500,4.93038955e-03,1.15289036,Near,False,105,0.26250,Near,0.07083
KC,400,387,contraction,0.26250,0.026869,0.07234236,265,0.66250,0.40000,0.40000,-1.47825185e-02,0.52652757,Middle,True,28,0.07000,Near,0.00417
KC,400,388,contraction,0.66250,0.012087,0.16864673,50,0.12500,-0.53750,0.53750,-3.12011932e-03,0.88617017,Near,False,50,0.12500,Near,0.20833
KC,400,389,contraction,0.12500,0.008967,0.03349170,354,0.88500,0.76000,0.76000,-2.22238835e-03,0.60922107,Far,True,1,0.00250,Near,0.21833
KC,400,390,rebound,0.88500,0.006744,0.22293610,193,0.48250,-0.40250,0.40250,3.41346934e-02,2.58601878,Middle,False,193,0.48250,Middle,0.14917
KC,400,391,contraction,0.48250,0.040879,0.13084478,126,0.31500,-0.16750,0.16750,-2.69899556e-02,0.52713315,Near,False,126,0.31500,Near,0.01833
KC,400,392,contraction,0.31500,0.013889,0.08222229,322,0.80500,0.49000,0.49000,-6.76387301e-03,0.65788996,Far,True,1,0.00250,Near,0.13833
KC,400,393,rebound,0.80500,0.007125,0.20303132,221,0.55250,-0.25250,0.25250,1.36639774e-02,1.37430339,Middle,False,221,0.55250,Middle,0.11417
KC,400,394,contraction,0.55250,0.020789,0.14332231,73,0.18250,-0.37000,0.37000,-8.46215146e-03,0.73217838,Near,False,73,0.18250,Near,0.15083
KC,400,395,contraction,0.18250,0.012327,0.04870678,391,0.97750,0.79500,0.79500,-7.26684468e-03,0.36822595,Far,True,1,0.00250,Near,0.31083
KC,400,396,rebound,0.97750,0.005060,0.24564007,248,0.62000,-0.35750,0.35750,4.31430658e-02,4.29434769,Middle,False,248,0.62000,Middle,0.04667
KC,400,397,contraction,0.62000,0.048203,0.16705083,158,0.39500,-0.22500,0.22500,-5.91383265e-03,0.87116296,Middle,False,158,0.39500,Middle,0.06167
KC,400,398,contraction,0.39500,0.042289,0.10932237,293,0.73250,0.33750,0.33750,-2.09079519e-02,0.50939129,Far,True,94,0.23500,Near,0.06583
KC,400,399,rebound,0.73250,0.021382,0.18847039,110,0.27500,-0.45750,0.45750,7.27114356e-03,1.24918732,Near,False,110,0.27500,Near,0.05833
KC,400,400,contraction,0.27500,0.028653,0.07591317,343,0.85750,0.58250,0.58250,-1.61677771e-02,0.43421091,Far,True,30,0.07500,Near,0.19083
KC,400,401,rebound,0.85750,0.012485,0.21749623,199,0.49750,-0.36000,0.36000,2.82835364e-02,2.08411061,Middle,False,199,0.49750,Middle,0.16417
KC,400,402,contraction,0.49750,0.040768,0.13456711,81,0.20250,-0.29500,0.29500,-2.29695252e-02,0.54805398,Near,False,81,0.20250,Near,0.13083
KC,400,403,contraction,0.20250,0.017799,0.05507473,276,0.69000,0.48750,0.48750,-8.43160726e-03,0.58413304,Far,True,5,0.01250,Near,0.02333
KC,400,404,contraction,0.69000,0.009367,0.17484183,143,0.35750,-0.33250,0.33250,-1.67936553e-03,0.95986166,Middle,False,143,0.35750,Middle,0.02417
KC,400,405,contraction,0.35750,0.007688,0.09129699,370,0.92500,0.56750,0.56750,-5.34400178e-04,0.92219130,Far,True,6,0.01500,Near,0.25833
KC,400,406,rebound,0.92500,0.007154,0.23303839,227,0.56750,-0.35750,0.35750,2.89033873e-02,2.02499586,Middle,False,227,0.56750,Middle,0.09917
KC,400,407,contraction,0.56750,0.036057,0.15088923,100,0.25000,-0.31750,0.31750,-1.43555626e-02,0.68163435,Near,False,100,0.25000,Near,0.08333
KC,400,408,contraction,0.25000,0.021701,0.06792534,315,0.78750,0.53750,0.53750,-8.72979983e-03,0.56748734,Far,True,20,0.05000,Near,0.12083
KC,400,409,rebound,0.78750,0.012972,0.20011789,176,0.44000,-0.34750,0.34750,1.21806409e-02,1.32864722,Middle,False,176,0.44000,Middle,0.10667
KC,400,410,contraction,0.44000,0.025152,0.11628805,44,0.11000,-0.33000,0.33000,-1.82306914e-02,0.53529561,Near,False,44,0.11000,Near,0.22333
KC,400,411,contraction,0.11000,0.006922,0.02923038,384,0.96000,0.85000,0.85000,-1.91692775e-03,0.44971418,Far,True,1,0.00250,Near,0.29333
KC,400,412,rebound,0.96000,0.005005,0.24125115,244,0.61000,-0.35000,0.35000,4.38226058e-02,4.65164203,Middle,False,244,0.61000,Middle,0.05667
KC,400,413,contraction,0.61000,0.048827,0.16470680,136,0.34000,-0.27000,0.27000,-1.19889224e-02,0.75984450,Middle,False,136,0.34000,Middle,0.00667
KC,400,414,contraction,0.34000,0.036838,0.09420957,299,0.74750,0.40750,0.40750,-1.50660145e-02,0.55162127,Far,True,68,0.17000,Near,0.08083
KC,400,415,rebound,0.74750,0.021772,0.19231807,192,0.48000,-0.26750,0.26750,4.48521642e-03,1.10306726,Middle,False,192,0.48000,Middle,0.14667
KC,400,416,contraction,0.48000,0.026257,0.12656437,72,0.18000,-0.30000,0.30000,-1.33471153e-02,0.60601325,Near,False,72,0.18000,Near,0.15333
KC,400,417,contraction,0.18000,0.012910,0.04822759,348,0.87000,0.69000,0.69000,-1.90128906e-03,0.74295575,Far,True,1,0.00250,Near,0.20333
KC,400,418,rebound,0.87000,0.011009,0.22025227,218,0.54500,-0.32500,0.32500,1.82051667e-02,1.54176704,Middle,False,218,0.54500,Middle,0.12167
KC,400,419,contraction,0.54500,0.029214,0.14355356,113,0.28250,-0.26250,0.26250,-1.22787463e-02,0.70709193,Near,False,113,0.28250,Near,0.05083
KC,400,420,contraction,0.28250,0.016935,0.07485887,329,0.82250,0.54000,0.54000,-9.12526605e-03,0.57730493,Far,True,7,0.01750,Near,0.15583
KC,400,421,rebound,0.82250,0.007810,0.20757756,163,0.40750,-0.41500,0.41500,1.42585403e-02,1.39944748,Middle,False,163,0.40750,Middle,0.07417
KC,400,422,contraction,0.40750,0.022069,0.10739219,270,0.67500,0.26750,0.26750,-1.32979291e-02,0.64024358,Far,True,36,0.09000,Near,0.00833
KC,400,423,rebound,0.67500,0.008771,0.17094271,60,0.15000,-0.52500,0.52500,3.34285117e-03,1.19335506,Near,False,60,0.15000,Near,0.18333
KC,400,424,contraction,0.15000,0.012114,0.04052842,397,0.99250,0.84250,0.84250,-8.27089107e-03,0.29521926,Far,True,1,0.00250,Near,0.32583
KC,400,425,rebound,0.99250,0.003843,0.24908570,205,0.51250,-0.48000,0.48000,4.83996071e-02,5.76074310,Middle,False,205,0.51250,Middle,0.15417
KC,400,426,contraction,0.51250,0.052242,0.14118560,287,0.71750,0.20500,0.20500,-2.08893770e-02,0.59562235,Far,True,130,0.32500,Near,0.05083
KC,400,427,rebound,0.71750,0.031353,0.18721326,131,0.32750,-0.39000,0.39000,1.08276301e-02,1.36113103,Near,False,131,0.32750,Near,0.00583
KC,400,428,contraction,0.32750,0.042181,0.09242017,359,0.89750,0.57000,0.57000,-2.43066500e-02,0.43710488,Far,True,80,0.20000,Near,0.23083
KC,400,429,rebound,0.89750,0.017874,0.22884350,183,0.45750,-0.44000,0.44000,3.53284125e-02,2.72152790,Middle,False,183,0.45750,Middle,0.12417
KC,400,430,contraction,0.45750,0.053202,0.12767561,253,0.63250,0.17500,0.17500,-2.02959906e-02,0.59513925,Middle,True,93,0.23250,Near,0.03417
KC,400,431,contraction,0.63250,0.032906,0.16635161,94,0.23500,-0.39750,0.39750,-3.21052016e-03,0.90421250,Near,False,94,0.23500,Near,0.09833
KC,400,432,contraction,0.23500,0.029696,0.06617398,320,0.80000,0.56500,0.56500,-1.23274486e-02,0.47018441,Far,True,29,0.07250,Near,0.13333
KC,400,433,rebound,0.80000,0.017368,0.20434212,155,0.38750,-0.41250,0.41250,1.17058185e-02,1.31988315,Middle,False,155,0.38750,Middle,0.05417
KC,400,434,contraction,0.38750,0.029074,0.10414357,374,0.93500,0.54750,0.54750,-1.84303856e-02,0.53913037,Far,True,43,0.10750,Near,0.26833
KC,400,435,rebound,0.93500,0.010644,0.23641097,225,0.56250,-0.37250,0.37250,4.48742028e-02,4.43405918,Middle,False,225,0.56250,Middle,0.10417
KC,400,436,contraction,0.56250,0.055518,0.15450452,117,0.29250,-0.27000,0.27000,-1.91232892e-02,0.63166524,Near,False,117,0.29250,Near,0.04083
KC,400,437,contraction,0.29250,0.036395,0.08222370,296,0.74000,0.44750,0.44750,-1.09144616e-02,0.59802629,Far,True,48,0.12000,Near,0.07333
KC,400,438,rebound,0.74000,0.025480,0.19137009,191,0.47750,-0.26250,0.26250,1.03817021e-03,1.02222707,Middle,False,191,0.47750,Middle,0.14417
KC,400,439,contraction,0.47750,0.026519,0.12600463,61,0.15250,-0.32500,0.32500,-1.31102846e-02,0.58399385,Near,False,61,0.15250,Near,0.18083
KC,400,440,contraction,0.15250,0.013408,0.04147706,340,0.85000,0.69750,0.69750,-1.52473858e-03,0.77620368,Far,True,1,0.00250,Near,0.18333
KC,400,441,rebound,0.85000,0.011883,0.21547087,242,0.60500,-0.24500,0.24500,1.62268266e-02,1.46234917,Middle,False,242,0.60500,Middle,0.06167
KC,400,442,contraction,0.60500,0.028110,0.15827758,134,0.33500,-0.27000,0.27000,-4.73710493e-03,0.88202577,Middle,False,134,0.33500,Middle,0.00167
KC,400,443,contraction,0.33500,0.023373,0.08959330,382,0.95500,0.62000,0.62000,-1.70266380e-02,0.45530102,Far,True,25,0.06250,Near,0.28833
KC,400,444,rebound,0.95500,0.006347,0.24033664,207,0.51750,-0.43750,0.43750,4.14985586e-02,4.05313947,Middle,False,207,0.51750,Middle,0.14917
KC,400,445,contraction,0.51750,0.047845,0.14133628,279,0.69750,0.18000,0.18000,-1.62714877e-02,0.64899589,Far,True,98,0.24500,Near,0.03083
KC,400,446,rebound,0.69750,0.031574,0.18226841,105,0.26250,-0.43500,0.43500,6.48121170e-03,1.22849898,Near,False,105,0.26250,Near,0.07083
KC,400,447,contraction,0.26250,0.038055,0.07513872,325,0.81250,0.55000,0.55000,-2.13455663e-02,0.38381743,Far,True,44,0.11000,Near,0.14583
KC,400,448,rebound,0.81250,0.016709,0.20730232,168,0.42000,-0.39250,0.39250,2.21917328e-02,1.78942715,Middle,False,168,0.42000,Middle,0.08667
KC,400,449,contraction,0.42000,0.038901,0.11472526,259,0.64750,0.22750,0.22750,-2.62134703e-02,0.50198590,Middle,True,65,0.16250,Near,0.01917
KC,400,450,rebound,0.64750,0.012688,0.16504689,74,0.18500,-0.46250,0.46250,5.76694516e-03,1.32235862,Near,False,74,0.18500,Near,0.14833
KC,400,451,contraction,0.18500,0.018455,0.05086363,364,0.91000,0.72500,0.72500,-1.07273299e-02,0.31355860,Far,True,3,0.00750,Near,0.24333
KC,400,452,rebound,0.91000,0.007727,0.22943179,188,0.47000,-0.44000,0.44000,3.24850714e-02,2.36529770,Middle,False,188,0.47000,Middle,0.13667
KC,400,453,contraction,0.47000,0.040212,0.12755306,303,0.75750,0.28750,0.28750,-2.30627674e-02,0.54329576,Far,True,122,0.30500,Near,0.09083
KC,400,454,rebound,0.75750,0.017149,0.19366237,127,0.31750,-0.44000,0.44000,1.85306525e-02,1.82255945,Near,False,127,0.31750,Near,0.01583
KC,400,455,contraction,0.31750,0.035680,0.08829503,232,0.58000,0.26250,0.26250,-2.61855794e-02,0.45141785,Middle,True,44,0.11000,Near,0.08667
KC,400,456,contraction,0.58000,0.009495,0.14737364,48,0.12000,-0.46000,0.46000,-1.21704761e-03,0.92950213,Near,False,48,0.12000,Near,0.21333
KC,400,457,contraction,0.12000,0.008278,0.03206938,392,0.98000,0.86000,0.86000,-3.60722572e-03,0.37711019,Far,True,1,0.00250,Near,0.31333
KC,400,458,rebound,0.98000,0.004670,0.24616757,200,0.50000,-0.48000,0.48000,4.04632530e-02,4.41407615,Middle,False,200,0.50000,Middle,0.16667
KC,400,459,contraction,0.50000,0.045134,0.13628338,288,0.72000,0.22000,0.22000,-1.66702928e-02,0.62884553,Far,True,110,0.27500,Near,0.05333
KC,400,460,rebound,0.72000,0.028463,0.18711581,140,0.35000,-0.37000,0.37000,8.85153753e-03,1.29702583,Middle,False,140,0.35000,Middle,0.01667
KC,400,461,contraction,0.35000,0.037315,0.09682869,345,0.86250,0.51250,0.51250,-1.80321661e-02,0.43936990,Far,True,77,0.19250,Near,0.19583
KC,400,462,rebound,0.86250,0.019283,0.22044565,174,0.43500,-0.42750,0.42750,2.28804961e-02,1.95496784,Middle,False,174,0.43500,Middle,0.10167
KC,400,463,contraction,0.43500,0.042163,0.11929078,263,0.65750,0.22250,0.22250,-1.92764869e-02,0.58954828,Middle,True,84,0.21000,Near,0.00917
KC,400,464,rebound,0.65750,0.022887,0.17009665,90,0.22500,-0.43250,0.43250,3.74626502e-03,1.14722486,Near,False,90,0.22500,Near,0.10833
KC,400,465,contraction,0.22500,0.026633,0.06290822,355,0.88750,0.66250,0.66250,-1.61392070e-02,0.37443012,Far,True,22,0.05500,Near,0.22083
KC,400,466,rebound,0.88750,0.010494,0.22449842,215,0.53750,-0.35000,0.35000,3.00327090e-02,2.16715729,Middle,False,215,0.53750,Middle,0.12917
KC,400,467,contraction,0.53750,0.040526,0.14450660,119,0.29750,-0.24000,0.24000,-1.65422737e-02,0.65167916,Near,False,119,0.29750,Near,0.03583
KC,400,468,contraction,0.29750,0.023984,0.08037103,314,0.78500,0.48750,0.48750,-9.85070055e-03,0.58241262,Far,True,28,0.07000,Near,0.11833
KC,400,469,rebound,0.78500,0.014133,0.19978335,161,0.40250,-0.38250,0.38250,7.49755137e-03,1.18517239,Middle,False,161,0.40250,Middle,0.06917
KC,400,470,contraction,0.40250,0.021631,0.10603274,42,0.10500,-0.29750,0.29750,-1.54985278e-02,0.57487192,Near,False,42,0.10500,Near,0.22833
KC,400,471,contraction,0.10500,0.006132,0.02778311,377,0.94250,0.83750,0.83750,-2.62058215e-04,0.85175431,Far,True,1,0.00250,Near,0.27583
KC,400,472,rebound,0.94250,0.005870,0.23709259,243,0.60750,-0.33500,0.33500,4.15512777e-02,3.85051952,Middle,False,243,0.60750,Middle,0.05917
KC,400,473,contraction,0.60750,0.047422,0.16373041,135,0.33750,-0.27000,0.27000,-1.64266266e-02,0.70721066,Middle,False,135,0.33750,Middle,0.00417
KC,400,474,contraction,0.33750,0.030995,0.09212376,294,0.73500,0.39750,0.39750,-1.15614524e-02,0.61310738,Far,True,65,0.16250,Near,0.06833
KC,400,475,rebound,0.73500,0.019434,0.18860839,192,0.48000,-0.25500,0.25500,2.25206864e-03,1.05024182,Middle,False,192,0.48000,Middle,0.14667
KC,400,476,contraction,0.48000,0.021686,0.12542141,68,0.17000,-0.31000,0.31000,-1.09519294e-02,0.63666842,Near,False,68,0.17000,Near,0.16333
KC,400,477,contraction,0.17000,0.010734,0.04518343,336,0.84000,0.67000,0.67000,-3.95010595e-03,0.60929798,Far,True,1,0.00250,Near,0.17333
KC,400,478,rebound,0.84000,0.006784,0.21169590,225,0.56250,-0.27750,0.27750,1.29515957e-02,1.34054208,Middle,False,225,0.56250,Middle,0.10417
KC,400,479,contraction,0.56250,0.019735,0.14555880,103,0.25750,-0.30500,0.30500,-6.11869331e-03,0.82201529,Near,False,103,0.25750,Near,0.07583
KC,400,480,contraction,0.25750,0.013617,0.06777913,388,0.97000,0.71250,0.71250,-9.59734753e-03,0.43498189,Far,True,1,0.00250,Near,0.30333
KC,400,481,rebound,0.97000,0.004019,0.24350479,258,0.64500,-0.32500,0.32500,4.07698016e-02,4.19914533,Middle,False,258,0.64500,Middle,0.02167
KC,400,482,contraction,0.64500,0.044789,0.17244724,155,0.38750,-0.25750,0.25750,-2.23449984e-03,0.94825075,Middle,False,155,0.38750,Middle,0.05417
KC,400,483,contraction,0.38750,0.042554,0.10751362,309,0.77250,0.38500,0.38500,-2.20256385e-02,0.47544582,Far,True,59,0.14750,Near,0.10583
KC,400,484,rebound,0.77250,0.020529,0.19825721,121,0.30250,-0.47000,0.47000,1.19405721e-02,1.44831690,Near,False,121,0.30250,Near,0.03083
KC,400,485,contraction,0.30250,0.032469,0.08374235,351,0.87750,0.57500,0.57500,-2.09650980e-02,0.49157893,Far,True,45,0.11250,Near,0.21083
KC,400,486,rebound,0.87750,0.011504,0.22225108,203,0.50750,-0.37000,0.37000,3.77913829e-02,3.12859452,Middle,False,203,0.50750,Middle,0.15917
KC,400,487,contraction,0.50750,0.049296,0.13919892,83,0.20750,-0.30000,0.30000,-2.50573527e-02,0.55249952,Near,False,83,0.20750,Near,0.12583
KC,400,488,contraction,0.20750,0.024238,0.05793458,277,0.69250,0.48500,0.48500,-6.34623140e-03,0.66101807,Far,True,18,0.04500,Near,0.02583
KC,400,489,contraction,0.69250,0.017892,0.17759802,170,0.42500,-0.26750,0.26750,-4.00201531e-03,0.91557381,Middle,False,170,0.42500,Middle,0.09167
KC,400,490,contraction,0.42500,0.013890,0.10972252,368,0.92000,0.49500,0.49500,-8.19970194e-03,0.57995101,Far,True,28,0.07000,Near,0.25333
KC,400,491,rebound,0.92000,0.005690,0.23142260,232,0.58000,-0.34000,0.34000,3.26576016e-02,3.52808370,Middle,False,232,0.58000,Middle,0.08667
KC,400,492,contraction,0.58000,0.038348,0.15458700,110,0.27500,-0.30500,0.30500,-8.52846352e-03,0.78684274,Near,False,110,0.27500,Near,0.05833
KC,400,493,contraction,0.27500,0.029820,0.07620488,321,0.80250,0.52750,0.52750,-1.62404807e-02,0.45163094,Far,True,36,0.09000,Near,0.13583
KC,400,494,rebound,0.80250,0.013579,0.20401976,183,0.45750,-0.34500,0.34500,1.46229432e-02,1.43060846,Middle,False,183,0.45750,Middle,0.12417
KC,400,495,contraction,0.45750,0.028202,0.12142550,57,0.14250,-0.31500,0.31500,-1.62982107e-02,0.55528262,Near,False,57,0.14250,Near,0.19083
KC,400,496,contraction,0.14250,0.011904,0.03860094,290,0.72500,0.58250,0.58250,-8.26443904e-03,0.48515435,Far,True,1,0.00250,Near,0.05833
KC,400,497,rebound,0.72500,0.003639,0.18215983,135,0.33750,-0.38750,0.38750,4.23754723e-03,1.11666615,Middle,False,135,0.33750,Middle,0.00417
KC,400,498,contraction,0.33750,0.007877,0.08634422,395,0.98750,0.65000,0.65000,-4.59429538e-03,0.50228615,Far,True,1,0.00250,Near,0.32083
KC,400,499,rebound,0.98750,0.003283,0.24769565,220,0.55000,-0.43750,0.43750,4.48957538e-02,4.19018510,Middle,False,220,0.55000,Middle,0.11667
KC,400,500,contraction,0.55000,0.048178,0.14954458,264,0.66000,0.11000,0.11000,-2.07346074e-02,0.62024647,Middle,True,99,0.24750,Near,0.00667
KC,400,501,rebound,0.66000,0.027444,0.17186093,102,0.25500,-0.40500,0.40500,4.70095625e-03,1.17122096,Near,False,102,0.25500,Near,0.07833
KC,400,502,contraction,0.25500,0.032145,0.07178617,341,0.85250,0.59750,0.59750,-1.46696323e-02,0.40256634,Far,True,33,0.08250,Near,0.18583
KC,400,503,rebound,0.85250,0.017475,0.21749376,167,0.41750,-0.43500,0.43500,2.41847481e-02,1.84750759,Middle,False,167,0.41750,Middle,0.08417
KC,400,504,contraction,0.41750,0.041660,0.11478995,302,0.75500,0.33750,0.33750,-2.50066396e-02,0.50929071,Far,True,66,0.16500,Near,0.08833
KC,400,505,rebound,0.75500,0.016653,0.19291329,125,0.31250,-0.44250,0.44250,1.31731191e-02,1.61101734,Near,False,125,0.31250,Near,0.02083
KC,400,506,contraction,0.31250,0.029826,0.08558157,241,0.60250,0.29000,0.29000,-2.01968009e-02,0.50441270,Middle,True,42,0.10500,Near,0.06417
KC,400,507,contraction,0.60250,0.009629,0.15303237,50,0.12500,-0.47750,0.47750,-5.18566973e-04,0.97050403,Near,False,50,0.12500,Near,0.20833
KC,400,508,contraction,0.12500,0.009111,0.03352773,372,0.93000,0.80500,0.80500,-9.55234220e-04,0.69558066,Far,True,1,0.00250,Near,0.26333
KC,400,509,rebound,0.93000,0.008156,0.23453892,194,0.48500,-0.44500,0.44500,3.26534561e-02,2.25936529,Middle,False,194,0.48500,Middle,0.15167
KC,400,510,contraction,0.48500,0.040809,0.13145228,281,0.70250,0.21750,0.21750,-2.34433382e-02,0.54505032,Far,True,93,0.23250,Near,0.03583
KC,400,511,rebound,0.70250,0.017366,0.17996645,108,0.27000,-0.43250,0.43250,1.05283711e-02,1.45818514,Near,False,108,0.27000,Near,0.06333
KC,400,512,contraction,0.27000,0.027894,0.07447354,357,0.89250,0.62250,0.62250,-1.88347962e-02,0.38998756,Far,True,22,0.05500,Near,0.22583
KC,400,513,rebound,0.89250,0.009059,0.22538984,175,0.43750,-0.45500,0.45500,3.37073644e-02,2.60017060,Middle,False,175,0.43750,Middle,0.10417
KC,400,514,contraction,0.43750,0.042767,0.12006668,252,0.63000,0.19250,0.19250,-2.33735850e-02,0.54598586,Middle,True,74,0.18500,Near,0.03667
KC,400,515,contraction,0.63000,0.019393,0.16234829,79,0.19750,-0.43250,0.43250,-1.02179839e-04,0.99604466,Near,False,79,0.19750,Near,0.13583
KC,400,516,contraction,0.19750,0.019291,0.05419774,328,0.82000,0.62250,0.62250,-1.06498736e-02,0.43412364,Far,True,5,0.01250,Near,0.15333
KC,400,517,rebound,0.82000,0.008641,0.20716027,148,0.37000,-0.45000,0.45000,1.77187275e-02,1.58540980,Middle,False,148,0.37000,Middle,0.03667
KC,400,518,contraction,0.37000,0.026360,0.09908996,385,0.96250,0.59250,0.59250,-2.20660045e-02,0.51300040,Far,True,29,0.07250,Near,0.29583
KC,400,519,rebound,0.96250,0.004294,0.24169846,215,0.53750,-0.42500,0.42500,5.33512715e-02,9.09488747,Middle,False,215,0.53750,Middle,0.12917
KC,400,520,contraction,0.53750,0.057645,0.14878627,272,0.68000,0.14250,0.14250,-2.42259728e-02,0.57471558,Far,True,119,0.29750,Near,0.01333
KC,400,521,rebound,0.68000,0.033419,0.17835478,119,0.29750,-0.38250,0.38250,7.25248353e-03,1.24422905,Near,False,119,0.29750,Near,0.03583
KC,400,522,contraction,0.29750,0.040672,0.08454290,313,0.78250,0.48500,0.48500,-2.38823135e-02,0.40160815,Far,True,53,0.13250,Near,0.11583
KC,400,523,rebound,0.78250,0.016789,0.19982232,180,0.45000,-0.33250,0.33250,1.66379814e-02,1.51544535,Middle,False,180,0.45000,Middle,0.11667
KC,400,524,contraction,0.45000,0.033427,0.12085682,64,0.16000,-0.29000,0.29000,-1.84985403e-02,0.51194125,Near,False,64,0.16000,Near,0.17333
KC,400,525,contraction,0.16000,0.014929,0.04373218,348,0.87000,0.71000,0.71000,-7.98503801e-03,0.38963756,Far,True,1,0.00250,Near,0.20333
KC,400,526,rebound,0.87000,0.006944,0.21923592,229,0.57250,-0.29750,0.29750,2.69208971e-02,2.01036856,Middle,False,229,0.57250,Middle,0.09417
KC,400,527,contraction,0.57250,0.033865,0.15159115,132,0.33000,-0.24250,0.24250,-1.17365225e-02,0.74247653,Near,False,132,0.33000,Near,0.00333
KC,400,528,contraction,0.33000,0.022128,0.08803202,295,0.73750,0.40750,0.40750,-1.80538408e-02,0.48938005,Far,True,24,0.06000,Near,0.07083
KC,400,529,rebound,0.73750,0.004074,0.18539356,86,0.21500,-0.52250,0.52250,9.42890297e-03,1.71038192,Near,False,86,0.21500,Near,0.11833
KC,400,530,contraction,0.21500,0.013503,0.05712578,398,0.99500,0.78000,0.78000,-1.05138153e-02,0.41046388,Far,True,1,0.00250,Near,0.32833
KC,400,531,rebound,0.99500,0.002989,0.24949733,201,0.50250,-0.49250,0.49250,5.38707004e-02,8.83325943,Middle,False,201,0.50250,Middle,0.16417
KC,400,532,contraction,0.50250,0.056860,0.13984000,260,0.65000,0.14750,0.14750,-2.29343590e-02,0.58303690,Middle,True,158,0.39500,Middle,0.01667
KC,400,533,contraction,0.65000,0.033926,0.17098141,145,0.36250,-0.28750,0.28750,-2.59607665e-03,0.93834838,Middle,False,145,0.36250,Middle,0.02917
KC,400,534,contraction,0.36250,0.031330,0.09845740,335,0.83750,0.47500,0.47500,-1.21775731e-02,0.53434433,Far,True,47,0.11750,Near,0.17083
KC,400,535,rebound,0.83750,0.019152,0.21416300,173,0.43250,-0.40500,0.40500,1.51319201e-02,1.53580629,Middle,False,173,0.43250,Middle,0.09917
KC,400,536,contraction,0.43250,0.034284,0.11669598,68,0.17000,-0.26250,0.26250,-1.86349607e-02,0.56309834,Near,False,68,0.17000,Near,0.16333
KC,400,537,contraction,0.17000,0.015649,0.04641224,363,0.90750,0.73750,0.73750,-1.44580830e-03,0.73894969,Far,True,1,0.00250,Near,0.24083
KC,400,538,rebound,0.90750,0.014203,0.23042579,239,0.59750,-0.31000,0.31000,3.31119246e-02,2.50491799,Middle,False,239,0.59750,Middle,0.06917
KC,400,539,contraction,0.59750,0.047315,0.16120377,122,0.30500,-0.29250,0.29250,-1.57896516e-02,0.68734653,Near,False,122,0.30500,Near,0.02833
KC,400,540,contraction,0.30500,0.031525,0.08413136,304,0.76000,0.45500,0.45500,-9.02853747e-03,0.64039368,Far,True,32,0.08000,Near,0.09333
KC,400,541,rebound,0.76000,0.022497,0.19562422,193,0.48250,-0.27750,0.27750,3.97738834e-03,1.08864494,Middle,False,193,0.48250,Middle,0.14917
KC,400,542,contraction,0.48250,0.026474,0.12724357,55,0.13750,-0.34500,0.34500,-1.56031025e-02,0.58408131,Near,False,55,0.13750,Near,0.19583
KC,400,543,contraction,0.13750,0.010871,0.03709279,378,0.94500,0.80750,0.80750,-1.28965701e-03,0.61668183,Far,True,1,0.00250,Near,0.27833
KC,400,544,rebound,0.94500,0.009582,0.23864538,253,0.63250,-0.31250,0.31250,3.75594078e-02,3.45610016,Middle,False,253,0.63250,Middle,0.03417
KC,400,545,contraction,0.63250,0.047141,0.16991023,151,0.37750,-0.25500,0.25500,-6.09921259e-03,0.86766677,Middle,False,151,0.37750,Middle,0.04417
KC,400,546,contraction,0.37750,0.041042,0.10463543,320,0.80000,0.42250,0.42250,-1.83423193e-02,0.51858043,Far,True,90,0.22500,Near,0.13333
KC,400,547,rebound,0.80000,0.022699,0.20567485,209,0.52250,-0.27750,0.27750,1.33231357e-02,1.48959753,Middle,False,209,0.52250,Middle,0.14417
KC,400,548,contraction,0.52250,0.036023,0.13963063,95,0.23750,-0.28500,0.28500,-1.08171884e-02,0.70725636,Near,False,95,0.23750,Near,0.09583
KC,400,549,contraction,0.23750,0.025205,0.06567634,352,0.88000,0.64250,0.64250,-1.42923443e-02,0.46097797,Far,True,19,0.04750,Near,0.21333
KC,400,550,rebound,0.88000,0.010913,0.22272825,176,0.44000,-0.44000,0.44000,2.57164509e-02,2.02599040,Middle,False,176,0.44000,Middle,0.10667
KC,400,551,contraction,0.44000,0.036629,0.11915736,279,0.69750,0.25750,0.25750,-1.29315607e-02,0.66149736,Far,True,64,0.16000,Near,0.03083
KC,400,552,rebound,0.69750,0.023698,0.18029947,114,0.28500,-0.41250,0.41250,4.49890818e-04,1.01239688,Near,False,114,0.28500,Near,0.04833
KC,400,553,contraction,0.28500,0.024148,0.07728695,383,0.95750,0.67250,0.67250,-1.83888288e-02,0.44989716,Far,True,29,0.07250,Near,0.29083
KC,400,554,rebound,0.95750,0.005759,0.24081474,227,0.56750,-0.39000,0.39000,4.84947278e-02,5.71322534,Middle,False,227,0.56750,Middle,0.09917
KC,400,555,contraction,0.56750,0.054254,0.15543842,143,0.35750,-0.21000,0.21000,-1.93216986e-02,0.65343892,Middle,False,143,0.35750,Middle,0.02417
KC,400,556,contraction,0.35750,0.034932,0.09810800,299,0.74750,0.39000,0.39000,-9.59847454e-03,0.65983905,Far,True,54,0.13500,Near,0.08083
KC,400,557,rebound,0.74750,0.025334,0.19320838,82,0.20500,-0.54250,0.54250,5.33336145e-04,1.01722951,Near,False,82,0.20500,Near,0.12833
KC,400,558,contraction,0.20500,0.025867,0.05771671,331,0.82750,0.62250,0.62250,-1.05033703e-02,0.52870977,Far,True,21,0.05250,Near,0.16083
KC,400,559,rebound,0.82750,0.015363,0.21071587,196,0.49000,-0.33750,0.33750,2.50655191e-02,1.90866748,Middle,False,196,0.49000,Middle,0.15667
KC,400,560,contraction,0.49000,0.040429,0.13260725,259,0.64750,0.15750,0.15750,-2.36634722e-02,0.56470026,Middle,True,121,0.30250,Near,0.01917
KC,400,561,rebound,0.64750,0.016766,0.16606638,106,0.26500,-0.38250,0.38250,3.73216628e-03,1.13134277,Near,False,106,0.26500,Near,0.06833
KC,400,562,contraction,0.26500,0.020498,0.07137442,367,0.91750,0.65250,0.65250,-1.42526614e-02,0.36152182,Far,True,20,0.05000,Near,0.25083
KC,400,563,rebound,0.91750,0.006245,0.23093626,169,0.42250,-0.49500,0.49500,3.43536519e-02,2.57921411,Middle,False,169,0.42250,Middle,0.08917
KC,400,564,contraction,0.42250,0.040599,0.11577467,285,0.71250,0.29000,0.29000,-2.13041770e-02,0.54722706,Far,True,58,0.14500,Near,0.04583
KC,400,565,rebound,0.71250,0.019295,0.18294863,125,0.31250,-0.40000,0.40000,4.98703543e-03,1.19493666,Near,False,125,0.31250,Near,0.02083
KC,400,566,contraction,0.31250,0.024282,0.08419538,342,0.85500,0.54250,0.54250,-1.81335615e-02,0.49526211,Far,True,37,0.09250,Near,0.18833
KC,400,567,rebound,0.85500,0.006148,0.21528699,215,0.53750,-0.31750,0.31750,3.01644012e-02,3.18096331,Middle,False,215,0.53750,Middle,0.12917
KC,400,568,contraction,0.53750,0.036312,0.14345309,75,0.18750,-0.35000,0.35000,-1.49438746e-02,0.61953180,Near,False,75,0.18750,Near,0.14583
KC,400,569,contraction,0.18750,0.021369,0.05221713,393,0.98250,0.79500,0.79500,-1.71826695e-02,0.39987901,Far,True,10,0.02500,Near,0.31583
KC,400,570,rebound,0.98250,0.004186,0.24667146,240,0.60000,-0.38250,0.38250,5.45818377e-02,14.27697046,Middle,False,240,0.60000,Middle,0.06667
KC,400,571,contraction,0.60000,0.058768,0.16469192,155,0.38750,-0.21250,0.21250,-1.22731719e-02,0.76168563,Middle,False,155,0.38750,Middle,0.05417
KC,400,572,contraction,0.38750,0.046494,0.10849862,308,0.77000,0.38250,0.38250,-1.71668940e-02,0.53662832,Far,True,95,0.23750,Near,0.10333
KC,400,573,rebound,0.77000,0.029328,0.19983190,186,0.46500,-0.30500,0.30500,6.93828159e-03,1.19165786,Middle,False,186,0.46500,Middle,0.13167
KC,400,574,contraction,0.46500,0.036266,0.12531647,89,0.22250,-0.24250,0.24250,-1.71957278e-02,0.57328046,Near,False,89,0.22250,Near,0.11083
KC,400,575,contraction,0.22250,0.019070,0.06039254,355,0.88750,0.66500,0.66500,-6.15116430e-03,0.59475319,Far,True,11,0.02750,Near,0.22083
KC,400,576,rebound,0.88750,0.012919,0.22510475,255,0.63750,-0.25000,0.25000,2.74424149e-02,2.18335825,Middle,False,255,0.63750,Middle,0.02917
KC,400,577,contraction,0.63750,0.040361,0.16946535,134,0.33500,-0.30250,0.30250,-6.14297637e-03,0.86074339,Middle,False,134,0.33500,Middle,0.00167
KC,400,578,contraction,0.33500,0.034218,0.09230461,318,0.79500,0.46000,0.46000,-1.93531803e-02,0.48572831,Far,True,45,0.11250,Near,0.12833
KC,400,579,rebound,0.79500,0.014865,0.20246631,202,0.50500,-0.29000,0.29000,1.63032021e-02,1.50061351,Middle,False,202,0.50500,Middle,0.16167
KC,400,580,contraction,0.50500,0.031168,0.13404211,68,0.17000,-0.33500,0.33500,-1.36894346e-02,0.62314026,Near,False,68,0.17000,Near,0.16333
KC,400,581,contraction,0.17000,0.017479,0.04686975,375,0.93750,0.76750,0.76750,-1.11115833e-02,0.40999868,Far,True,1,0.00250,Near,0.27083
KC,400,582,rebound,0.93750,0.006367,0.23596686,230,0.57500,-0.36250,0.36250,3.96847714e-02,3.67767923,Middle,False,230,0.57500,Middle,0.09167
KC,400,583,contraction,0.57500,0.046052,0.15526305,146,0.36500,-0.21000,0.21000,-1.30972630e-02,0.73418969,Middle,False,146,0.36500,Middle,0.03167
KC,400,584,contraction,0.36500,0.032955,0.09948874,291,0.72750,0.36250,0.36250,-1.29196919e-02,0.60636520,Far,True,42,0.10500,Near,0.06083
KC,400,585,rebound,0.72750,0.020035,0.18688381,101,0.25250,-0.47500,0.47500,1.93078022e-03,1.05836727,Near,False,101,0.25250,Near,0.08083
KC,400,586,contraction,0.25250,0.021966,0.06861651,337,0.84250,0.59000,0.59000,-1.33666397e-02,0.45531290,Far,True,18,0.04500,Near,0.17583
KC,400,587,rebound,0.84250,0.008599,0.21277485,182,0.45500,-0.38750,0.38750,2.45059825e-02,1.86860786,Middle,False,182,0.45500,Middle,0.12167
KC,400,588,contraction,0.45500,0.033105,0.12202634,267,0.66750,0.21250,0.21250,-2.14188124e-02,0.56022509,Far,True,53,0.13250,Near,0.00083
KC,400,589,rebound,0.66750,0.011687,0.16979664,76,0.19000,-0.47750,0.47750,5.75682320e-03,1.32575744,Near,False,76,0.19000,Near,0.14333
KC,400,590,contraction,0.19000,0.017443,0.05186085,389,0.97250,0.78250,0.78250,-1.32510652e-02,0.33508700,Far,True,3,0.00750,Near,0.30583
KC,400,591,rebound,0.97250,0.004192,0.24417308,211,0.52750,-0.44500,0.44500,4.73955214e-02,4.52628558,Middle,False,211,0.52750,Middle,0.13917
KC,400,592,contraction,0.52750,0.051588,0.14477196,132,0.33000,-0.19750,0.19750,-2.06034717e-02,0.61544262,Near,False,132,0.33000,Near,0.00333
KC,400,593,contraction,0.33000,0.030984,0.09024609,311,0.77750,0.44750,0.44750,-9.24391457e-03,0.64034637,Far,True,35,0.08750,Near,0.11083
KC,400,594,rebound,0.77750,0.021740,0.19981011,168,0.42000,-0.35750,0.35750,4.33311580e-03,1.09772724,Middle,False,168,0.42000,Middle,0.08667
KC,400,595,contraction,0.42000,0.026074,0.11151839,349,0.87250,0.45250,0.45250,-1.39951512e-02,0.61416628,Far,True,49,0.12250,Near,0.20583
KC,400,596,rebound,0.87250,0.012078,0.22114461,239,0.59750,-0.27500,0.27500,2.96965480e-02,2.73964631,Middle,False,239,0.59750,Middle,0.06917
KC,400,597,contraction,0.59750,0.041775,0.15981874,105,0.26250,-0.33500,0.33500,-6.82170544e-03,0.82156753,Near,False,105,0.26250,Near,0.07083
KC,400,598,contraction,0.26250,0.034953,0.07436332,282,0.70500,0.44250,0.44250,-2.16588784e-02,0.41986511,Far,True,42,0.10500,Near,0.03833
KC,400,599,rebound,0.70500,0.013294,0.17957360,150,0.37500,-0.33000,0.33000,3.21423566e-03,1.14441727,Middle,False,150,0.37500,Middle,0.04167
KC,400,600,contraction,0.37500,0.016509,0.09787716,370,0.92500,0.55000,0.55000,-1.08849762e-02,0.47487636,Far,True,34,0.08500,Near,0.25833
KC,400,601,rebound,0.92500,0.005624,0.23265591,200,0.50000,-0.42500,0.42500,3.55539429e-02,4.80745556,Middle,False,200,0.50000,Middle,0.16667
KC,400,602,contraction,0.50000,0.041178,0.13529440,79,0.19750,-0.30250,0.30250,-1.87818628e-02,0.57399686,Near,False,79,0.19750,Near,0.13583
KC,400,603,contraction,0.19750,0.022396,0.05497393,302,0.75500,0.55750,0.55750,-7.74291917e-03,0.56992734,Far,True,14,0.03500,Near,0.08833
KC,400,604,rebound,0.75500,0.014653,0.19241320,174,0.43500,-0.32000,0.32000,3.07360867e-03,1.07532798,Middle,False,174,0.43500,Middle,0.10167
KC,400,605,contraction,0.43500,0.017726,0.11318160,36,0.09000,-0.34500,0.34500,-1.33678959e-02,0.60918118,Near,False,36,0.09000,Near,0.24333
KC,400,606,contraction,0.09000,0.004359,0.02358963,333,0.83250,0.74250,0.74250,-7.44273707e-04,0.81717751,Far,True,1,0.00250,Near,0.16583
KC,400,607,rebound,0.83250,0.003614,0.20902856,229,0.57250,-0.26000,0.26000,1.83178560e-02,1.57362607,Middle,False,229,0.57250,Middle,0.09417
KC,400,608,contraction,0.57250,0.021932,0.14860803,112,0.28000,-0.29250,0.29250,-6.21181492e-03,0.83006987,Near,False,112,0.28000,Near,0.05333
KC,400,609,contraction,0.28000,0.015720,0.07393007,397,0.99250,0.71250,0.71250,-1.27646377e-02,0.41963290,Far,True,1,0.00250,Near,0.32583
KC,400,610,rebound,0.99250,0.002956,0.24886391,256,0.64000,-0.35250,0.35250,4.73196288e-02,6.16370516,Middle,False,256,0.64000,Middle,0.02667
KC,400,611,contraction,0.64000,0.050275,0.17256882,155,0.38750,-0.25250,0.25250,-5.94554868e-03,0.87340077,Middle,False,155,0.38750,Middle,0.05417
KC,400,612,contraction,0.38750,0.044330,0.10795743,316,0.79000,0.40250,0.40250,-2.20609286e-02,0.49031006,Far,True,71,0.17750,Near,0.12333
KC,400,613,rebound,0.79000,0.022269,0.20306720,191,0.47750,-0.31250,0.31250,1.50985380e-02,1.58338925,Middle,False,191,0.47750,Middle,0.14417
KC,400,614,contraction,0.47750,0.037367,0.12871683,83,0.20750,-0.27000,0.27000,-1.55481831e-02,0.59210665,Near,False,83,0.20750,Near,0.12583
KC,400,615,contraction,0.20750,0.021819,0.05732979,360,0.90000,0.69250,0.69250,-7.72659896e-03,0.47771304,Far,True,11,0.02750,Near,0.23333
KC,400,616,rebound,0.90000,0.014093,0.22852314,241,0.60250,-0.29750,0.29750,2.88551826e-02,2.18436399,Middle,False,241,0.60250,Middle,0.06417
KC,400,617,contraction,0.60250,0.042948,0.16136193,132,0.33000,-0.27250,0.27250,-9.62923282e-03,0.78859006,Near,False,132,0.33000,Near,0.00333
KC,400,618,contraction,0.33000,0.033319,0.09082963,290,0.72500,0.39500,0.39500,-1.58531359e-02,0.53647534,Far,True,44,0.11000,Near,0.05833
KC,400,619,rebound,0.72500,0.017465,0.18561634,96,0.24000,-0.48500,0.48500,9.38405462e-04,1.02936872,Near,False,96,0.24000,Near,0.09333
KC,400,620,contraction,0.24000,0.018404,0.06460094,380,0.95000,0.71000,0.71000,-9.72045387e-03,0.48421921,Far,True,13,0.03250,Near,0.28333
KC,400,621,rebound,0.95000,0.008683,0.23967083,208,0.52000,-0.43000,0.43000,4.65736082e-02,4.52210016,Middle,False,208,0.52000,Middle,0.14667
KC,400,622,contraction,0.52000,0.055257,0.14381423,271,0.67750,0.15750,0.15750,-2.37817700e-02,0.57223156,Far,True,164,0.41000,Middle,0.01083
KC,400,623,rebound,0.67750,0.031475,0.17724379,147,0.36750,-0.31000,0.31000,4.01813592e-03,1.10828624,Middle,False,147,0.36750,Middle,0.03417
KC,400,624,contraction,0.36750,0.035493,0.10074832,340,0.85000,0.48250,0.48250,-1.73450266e-02,0.46236040,Far,True,55,0.13750,Near,0.18333
KC,400,625,rebound,0.85000,0.018148,0.21703707,180,0.45000,-0.40000,0.40000,2.17716242e-02,1.92483359,Middle,False,180,0.45000,Middle,0.11667
KC,400,626,contraction,0.45000,0.039920,0.12247997,73,0.18250,-0.26750,0.26750,-1.96393179e-02,0.54355670,Near,False,73,0.18250,Near,0.15083
KC,400,627,contraction,0.18250,0.020281,0.05069514,307,0.76750,0.58500,0.58500,-6.05369385e-03,0.60028427,Far,True,7,0.01750,Near,0.10083
KC,400,628,rebound,0.76750,0.014227,0.19543172,226,0.56500,-0.20250,0.20250,6.09903362e-03,1.14544642,Middle,False,226,0.56500,Middle,0.10167
KC,400,629,contraction,0.56500,0.020326,0.14633148,108,0.27000,-0.29500,0.29500,-6.94778051e-03,0.80835332,Near,False,108,0.27000,Near,0.06333
KC,400,630,contraction,0.27000,0.013378,0.07084453,366,0.91500,0.64500,0.64500,-7.22761779e-03,0.45721270,Far,True,4,0.01000,Near,0.24833
KC,400,631,rebound,0.91500,0.006151,0.23028763,194,0.48500,-0.43000,0.43000,2.70731147e-02,1.95326125,Middle,False,194,0.48500,Middle,0.15167
KC,400,632,contraction,0.48500,0.033224,0.12955591,279,0.69750,0.21250,0.21250,-1.65939476e-02,0.62945182,Far,True,59,0.14750,Near,0.03083
KC,400,633,rebound,0.69750,0.016630,0.17853242,124,0.31000,-0.38750,0.38750,7.45421506e-03,1.31239145,Near,False,124,0.31000,Near,0.02333
KC,400,634,contraction,0.31000,0.024084,0.08352097,386,0.96500,0.65500,0.65500,-1.92191769e-02,0.41152737,Far,True,35,0.08750,Near,0.29833
KC,400,635,rebound,0.96500,0.004865,0.24246618,237,0.59250,-0.37250,0.37250,4.50718265e-02,8.35430830,Middle,False,237,0.59250,Middle,0.07417
KC,400,636,contraction,0.59250,0.049937,0.16060914,155,0.38750,-0.20500,0.20500,-1.13699607e-02,0.77086317,Middle,False,155,0.38750,Middle,0.05417
KC,400,637,contraction,0.38750,0.038567,0.10651665,324,0.81000,0.42250,0.42250,-1.37514969e-02,0.54951873,Far,True,63,0.15750,Near,0.14333
KC,400,638,rebound,0.81000,0.024815,0.20870377,98,0.24500,-0.56500,0.56500,1.22254750e-02,1.49547457,Near,False,98,0.24500,Near,0.08833
KC,400,639,contraction,0.24500,0.037041,0.07051014,261,0.65250,0.40750,0.40750,-1.42488931e-02,0.52987145,Middle,True,44,0.11000,Near,0.01417
KC,400,640,contraction,0.65250,0.022792,0.16882292,177,0.44250,-0.21000,0.21000,-6.87793738e-03,0.85836661,Middle,False,177,0.44250,Middle,0.10917
KC,400,641,contraction,0.44250,0.015914,0.11460343,351,0.87750,0.43500,0.43500,-5.35720515e-03,0.70517755,Far,True,41,0.10250,Near,0.21083
KC,400,642,rebound,0.87750,0.010557,0.22201413,131,0.32750,-0.55000,0.55000,2.22540520e-02,2.50031621,Near,False,131,0.32750,Near,0.00583
KC,400,643,contraction,0.32750,0.032811,0.09007765,295,0.73750,0.41000,0.41000,-1.56859028e-02,0.53061651,Far,True,49,0.12250,Near,0.07083
KC,400,644,rebound,0.73750,0.017125,0.18865617,207,0.51750,-0.22000,0.22000,6.16475484e-03,1.20524772,Middle,False,207,0.51750,Middle,0.14917
KC,400,645,contraction,0.51750,0.023289,0.13519736,65,0.16250,-0.35500,0.35500,-7.45549750e-03,0.72515951,Near,False,65,0.16250,Near,0.17083
KC,400,646,contraction,0.16250,0.015834,0.04458348,374,0.93500,0.77250,0.77250,-1.20743048e-02,0.29524553,Far,True,1,0.00250,Near,0.26833
KC,400,647,rebound,0.93500,0.003760,0.23468991,230,0.57500,-0.36000,0.36000,3.58262068e-02,2.74090289,Middle,False,230,0.57500,Middle,0.09167
KC,400,648,contraction,0.57500,0.039586,0.15364646,118,0.29500,-0.28000,0.28000,-1.08969474e-02,0.76371056,Near,False,118,0.29500,Near,0.03833
KC,400,649,contraction,0.29500,0.028689,0.08092222,314,0.78500,0.49000,0.49000,-1.38435250e-02,0.50035056,Far,True,27,0.06750,Near,0.11833
KC,400,650,rebound,0.78500,0.014845,0.19996134,167,0.41750,-0.36750,0.36750,1.20765855e-02,1.33128209,Middle,False,167,0.41750,Middle,0.08417
KC,400,651,contraction,0.41750,0.026922,0.11110549,44,0.11000,-0.30750,0.30750,-1.99680245e-02,0.53962411,Near,False,44,0.11000,Near,0.22333
KC,400,652,contraction,0.11000,0.006954,0.02923848,343,0.85750,0.74750,0.74750,-2.25062718e-03,0.62274350,Far,True,1,0.00250,Near,0.19083
KC,400,653,rebound,0.85750,0.004703,0.21555082,247,0.61750,-0.24000,0.24000,2.43977746e-02,1.93043282,Middle,False,247,0.61750,Middle,0.04917
KC,400,654,contraction,0.61750,0.029101,0.16165027,136,0.34000,-0.27750,0.27750,-5.46196123e-03,0.86948865,Middle,False,136,0.34000,Middle,0.00667
KC,400,655,contraction,0.34000,0.023639,0.09090978,394,0.98500,0.64500,0.64500,-2.04874869e-02,0.45564303,Far,True,18,0.04500,Near,0.31833
KC,400,656,rebound,0.98500,0.003152,0.24703791,200,0.50000,-0.48500,0.48500,5.31134465e-02,11.02229291,Middle,False,200,0.50000,Middle,0.16667
KC,400,657,contraction,0.50000,0.056265,0.13906627,281,0.70250,0.20250,0.20250,-1.84841792e-02,0.61676109,Far,True,97,0.24250,Near,0.03583
KC,400,658,rebound,0.70250,0.037781,0.18507022,107,0.26750,-0.43500,0.43500,3.10427348e-03,1.09447125,Near,False,107,0.26750,Near,0.06583
KC,400,659,contraction,0.26750,0.040885,0.07709629,327,0.81750,0.55000,0.55000,-2.14949214e-02,0.42402015,Far,True,57,0.14250,Near,0.15083
KC,400,660,rebound,0.81750,0.019390,0.20922256,179,0.44750,-0.37000,0.37000,2.30003172e-02,1.80485341,Middle,False,179,0.44750,Middle,0.11417
KC,400,661,contraction,0.44750,0.042391,0.12247264,258,0.64500,0.19750,0.19750,-2.37938583e-02,0.54430581,Middle,True,72,0.18000,Near,0.02167
KC,400,662,rebound,0.64500,0.018597,0.16589918,79,0.19750,-0.44750,0.44750,3.55787513e-03,1.16027197,Near,False,79,0.19750,Near,0.13583
KC,400,663,contraction,0.19750,0.022155,0.05491364,362,0.90500,0.70750,0.70750,-1.31601218e-02,0.33718216,Far,True,12,0.03000,Near,0.23833
KC,400,664,rebound,0.90500,0.008994,0.22849861,213,0.53250,-0.37250,0.37250,3.26735060e-02,2.50272640,Middle,False,213,0.53250,Middle,0.13417
KC,400,665,contraction,0.53250,0.041668,0.14354199,130,0.32500,-0.20750,0.20750,-1.62238473e-02,0.66664453,Near,False,130,0.32500,Near,0.00833
KC,400,666,contraction,0.32500,0.025444,0.08761103,303,0.75750,0.43250,0.43250,-1.21326608e-02,0.57294118,Far,True,30,0.07500,Near,0.09083
KC,400,667,rebound,0.75750,0.013311,0.19270286,159,0.39750,-0.36000,0.36000,3.55900868e-03,1.13429753,Middle,False,159,0.39750,Middle,0.06417
KC,400,668,contraction,0.39750,0.016870,0.10359262,38,0.09500,-0.30250,0.30250,-1.18890906e-02,0.54582783,Near,False,38,0.09500,Near,0.23833
KC,400,669,contraction,0.09500,0.004981,0.02499534,382,0.95500,0.86000,0.86000,-1.98562462e-04,0.84398787,Far,True,1,0.00250,Near,0.28833
KC,400,670,rebound,0.95500,0.004783,0.23994570,238,0.59500,-0.36000,0.36000,4.04933723e-02,3.49041627,Middle,False,238,0.59500,Middle,0.07167
KC,400,671,contraction,0.59500,0.045276,0.16006905,113,0.28250,-0.31250,0.31250,-1.60999218e-02,0.68554165,Near,False,113,0.28250,Near,0.05083
KC,400,672,contraction,0.28250,0.029176,0.07791907,318,0.79500,0.51250,0.51250,-9.45878092e-03,0.61779088,Far,True,14,0.03500,Near,0.12833
KC,400,673,rebound,0.79500,0.019717,0.20367937,191,0.47750,-0.31750,0.31750,1.30843588e-02,1.34682181,Middle,False,191,0.47750,Middle,0.14417
KC,400,674,contraction,0.47750,0.032802,0.12757546,274,0.68500,0.20750,0.20750,-1.97710210e-02,0.58370682,Far,True,69,0.17250,Near,0.01833
KC,400,675,rebound,0.68500,0.013031,0.17450770,85,0.21250,-0.47250,0.47250,8.76491220e-03,1.47512944,Near,False,85,0.21250,Near,0.12083
KC,400,676,contraction,0.21250,0.021796,0.05857393,354,0.88500,0.67250,0.67250,-1.46513956e-02,0.33498280,Far,True,9,0.02250,Near,0.21833
KC,400,677,rebound,0.88500,0.007144,0.22303608,167,0.41750,-0.46750,0.46750,3.06670686e-02,2.36211517,Middle,False,167,0.41750,Middle,0.08417
KC,400,678,contraction,0.41750,0.037811,0.11382785,250,0.62500,0.20750,0.20750,-2.42056915e-02,0.52810134,Middle,True,55,0.13750,Near,0.04167
KC,400,679,contraction,0.62500,0.013606,0.15965143,63,0.15750,-0.46750,0.46750,-1.63064451e-04,0.99238394,Near,False,63,0.15750,Near,0.17583
KC,400,680,contraction,0.15750,0.013443,0.04273566,390,0.97500,0.81750,0.81750,-1.03527660e-02,0.34757776,Far,True,1,0.00250,Near,0.30833
KC,400,681,rebound,0.97500,0.003090,0.24452247,206,0.51500,-0.46000,0.46000,4.78165377e-02,5.73863805,Middle,False,206,0.51500,Middle,0.15167
KC,400,682,contraction,0.51500,0.050906,0.14147660,294,0.73500,0.22000,0.22000,-1.90745748e-02,0.59736151,Far,True,132,0.33000,Near,0.06833
KC,400,683,rebound,0.73500,0.031832,0.19170796,134,0.33500,-0.40000,0.40000,1.34646348e-02,1.47083338,Middle,False,134,0.33500,Middle,0.00167
KC,400,684,contraction,0.33500,0.045296,0.09507412,334,0.83500,0.50000,0.50000,-2.60474282e-02,0.42066723,Far,True,79,0.19750,Near,0.16833
KC,400,685,rebound,0.83500,0.019249,0.21356226,180,0.45000,-0.38500,0.38500,2.44289789e-02,1.91306997,Middle,False,180,0.45000,Middle,0.11667
KC,400,686,contraction,0.45000,0.043678,0.12341951,91,0.22750,-0.22250,0.22250,-2.30609347e-02,0.55082097,Near,False,91,0.22750,Near,0.10583
KC,400,687,contraction,0.22750,0.020617,0.06202927,268,0.67000,0.44250,0.44250,-7.75485815e-03,0.63993414,Far,True,13,0.03250,Near,0.00333
KC,400,688,contraction,0.67000,0.012862,0.17071556,368,0.92000,0.25000,0.25000,-4.55232491e-03,0.79680835,Far,True,42,0.10500,Near,0.25333
KC,400,689,rebound,0.92000,0.008310,0.23207748,216,0.54000,-0.38000,0.38000,4.08901935e-02,4.17222456,Middle,False,216,0.54000,Middle,0.12667
KC,400,690,contraction,0.54000,0.049200,0.14730003,122,0.30500,-0.23500,0.23500,-1.52964440e-02,0.67913799,Near,False,122,0.30500,Near,0.02833
KC,400,691,contraction,0.30500,0.033904,0.08472592,310,0.77500,0.47000,0.47000,-1.68993255e-02,0.47124076,Far,True,44,0.11000,Near,0.10833
KC,400,692,rebound,0.77500,0.017004,0.19800108,161,0.40250,-0.37250,0.37250,1.01481420e-02,1.27176482,Middle,False,161,0.40250,Middle,0.06917
KC,400,693,contraction,0.40250,0.027152,0.10741312,50,0.12500,-0.27750,0.27750,-1.81609589e-02,0.54332335,Near,False,50,0.12500,Near,0.20833
KC,400,694,contraction,0.12500,0.008992,0.03349788,346,0.86500,0.74000,0.74000,-2.53796343e-03,0.60713887,Far,True,1,0.00250,Near,0.19833
KC,400,695,rebound,0.86500,0.006454,0.21786339,235,0.58750,-0.27750,0.27750,2.66293241e-02,2.02880086,Middle,False,235,0.58750,Middle,0.07917
KC,400,696,contraction,0.58750,0.033083,0.15514572,105,0.26250,-0.32500,0.32500,-1.26066809e-02,0.71621150,Near,False,105,0.26250,Near,0.07083
KC,400,697,contraction,0.26250,0.020476,0.07074405,285,0.71250,0.45000,0.45000,-1.55172349e-02,0.48549979,Far,True,4,0.01000,Near,0.04583
KC,400,698,rebound,0.71250,0.004959,0.17936474,175,0.43750,-0.27500,0.27500,3.57202043e-03,1.09090840,Middle,False,175,0.43750,Middle,0.10417
KC,400,699,contraction,0.43750,0.008531,0.11150775,398,0.99500,0.55750,0.55750,-6.15769516e-03,0.58837747,Far,True,23,0.05750,Near,0.32833
KC,400,700,rebound,0.99500,0.002373,0.24934332,208,0.52000,-0.47500,0.47500,4.39711083e-02,13.36890415,Middle,False,208,0.52000,Middle,0.14667
KC,400,701,contraction,0.52000,0.046344,0.14158610,92,0.23000,-0.29000,0.29000,-1.78542868e-02,0.62873272,Near,False,92,0.23000,Near,0.10333
KC,400,702,contraction,0.23000,0.028490,0.06462253,322,0.80500,0.57500,0.57500,-4.43696758e-03,0.69645636,Far,True,26,0.06500,Near,0.13833
KC,400,703,rebound,0.80500,0.024053,0.20726329,251,0.62750,-0.17750,0.17750,9.58898977e-03,1.24775481,Middle,False,251,0.62750,Middle,0.03917
KC,400,704,contraction,0.62750,0.033642,0.16528553,139,0.34750,-0.28000,0.28000,-1.70349757e-03,0.95652231,Middle,False,139,0.34750,Middle,0.01417
KC,400,705,contraction,0.34750,0.031939,0.09485966,359,0.89750,0.55000,0.55000,-1.86336326e-02,0.42571509,Far,True,43,0.10750,Near,0.23083
KC,400,706,rebound,0.89750,0.013305,0.22770125,189,0.47250,-0.42500,0.42500,3.15261102e-02,2.40569368,Middle,False,189,0.47250,Middle,0.13917
KC,400,707,contraction,0.47250,0.044831,0.12933278,277,0.69250,0.22000,0.22000,-2.04976346e-02,0.57573226,Far,True,77,0.19250,Near,0.02583
KC,400,708,rebound,0.69250,0.024333,0.17920837,103,0.25750,-0.43500,0.43500,7.53825529e-03,1.30714925,Near,False,103,0.25750,Near,0.07583
KC,400,709,contraction,0.25750,0.031872,0.07234293,338,0.84500,0.58750,0.58750,-2.19754920e-02,0.38749294,Far,True,38,0.09500,Near,0.17833
KC,400,710,rebound,0.84500,0.009896,0.21372406,165,0.41250,-0.43250,0.43250,2.66990593e-02,2.15749263,Middle,False,165,0.41250,Middle,0.07917
KC,400,711,contraction,0.41250,0.036595,0.11227383,239,0.59750,0.18500,0.18500,-2.24223172e-02,0.54799703,Middle,True,58,0.14500,Near,0.06917
KC,400,712,contraction,0.59750,0.014173,0.15291825,62,0.15500,-0.44250,0.44250,-2.17041261e-04,0.98927954,Near,False,62,0.15500,Near,0.17833
KC,400,713,contraction,0.15500,0.013956,0.04223899,378,0.94500,0.79000,0.79000,-5.86329769e-03,0.35391307,Far,True,1,0.00250,Near,0.27833
KC,400,714,rebound,0.94500,0.008093,0.23827316,203,0.50750,-0.43750,0.43750,3.41769539e-02,2.58382397,Middle,False,203,0.50750,Middle,0.15917
KC,400,715,contraction,0.50750,0.042270,0.13744240,298,0.74500,0.23750,0.23750,-1.53696014e-02,0.63213078,Far,True,123,0.30750,Near,0.07833
KC,400,716,rebound,0.74500,0.026900,0.19297500,127,0.31750,-0.42750,0.42750,1.34693410e-02,1.48443230,Near,False,127,0.31750,Near,0.01583
KC,400,717,contraction,0.31750,0.040369,0.08946733,263,0.65750,0.34000,0.34000,-2.80916133e-02,0.41986092,Middle,True,46,0.11500,Near,0.00917
KC,400,718,rebound,0.65750,0.012278,0.16744443,81,0.20250,-0.45500,0.45500,3.32357771e-03,1.14331109,Near,False,81,0.20250,Near,0.13083
KC,400,719,contraction,0.20250,0.015601,0.05452533,371,0.92750,0.72500,0.72500,-8.84565439e-03,0.40763673,Far,True,1,0.00250,Near,0.26083
KC,400,720,rebound,0.92750,0.006756,0.23356391,181,0.45250,-0.47500,0.47500,3.75817874e-02,2.86128641,Middle,False,181,0.45250,Middle,0.11917
KC,400,721,contraction,0.45250,0.044337,0.12420936,313,0.78250,0.33000,0.33000,-2.26601587e-02,0.53727879,Far,True,112,0.28000,Near,0.11583
KC,400,722,rebound,0.78250,0.021677,0.20104432,145,0.36250,-0.42000,0.42000,1.66330412e-02,1.57528584,Middle,False,145,0.36250,Middle,0.02917
KC,400,723,contraction,0.36250,0.038310,0.10020258,232,0.58000,0.21750,0.21750,-2.17468158e-02,0.52918202,Middle,True,53,0.13250,Near,0.08667
KC,400,724,contraction,0.58000,0.016564,0.14914088,56,0.14000,-0.44000,0.44000,-5.03183651e-03,0.79668320,Near,False,56,0.14000,Near,0.19333
KC,400,725,contraction,0.14000,0.011532,0.03788292,349,0.87250,0.73250,0.73250,-5.36298709e-03,0.44785983,Far,True,1,0.00250,Near,0.20583
KC,400,726,rebound,0.87250,0.006169,0.21966717,195,0.48750,-0.38500,0.38500,2.22046431e-02,1.78128697,Middle,False,195,0.48750,Middle,0.15417
KC,400,727,contraction,0.48750,0.028373,0.12896833,100,0.25000,-0.23750,0.23750,-1.65698685e-02,0.60746973,Near,False,100,0.25000,Near,0.08333
KC,400,728,contraction,0.25000,0.011803,0.06545086,289,0.72250,0.47250,0.47250,-6.18051488e-03,0.68044258,Far,True,1,0.00250,Near,0.05583
KC,400,729,contraction,0.72250,0.005623,0.18203073,388,0.97000,0.24750,0.24750,-1.49362632e-03,0.91535266,Far,True,34,0.08500,Near,0.30333
KC,400,730,rebound,0.97000,0.004129,0.24353233,166,0.41500,-0.55500,0.55500,5.28129530e-02,11.47368930,Middle,False,166,0.41500,Middle,0.08167
KC,400,731,contraction,0.41500,0.056942,0.11798557,253,0.63250,0.21750,0.21750,-2.17156247e-02,0.55976737,Middle,True,120,0.30000,Near,0.03417
KC,400,732,contraction,0.63250,0.035227,0.16693166,115,0.28750,-0.34500,0.34500,-7.78621004e-03,0.81619462,Near,False,115,0.28750,Near,0.04583
KC,400,733,contraction,0.28750,0.027440,0.07873511,328,0.82000,0.53250,0.53250,-9.77012394e-03,0.54848348,Far,True,34,0.08500,Near,0.15333
KC,400,734,rebound,0.82000,0.017670,0.20941758,212,0.53000,-0.29000,0.29000,1.47642875e-02,1.39474983,Middle,False,212,0.53000,Middle,0.13667
KC,400,735,contraction,0.53000,0.032435,0.14060865,74,0.18500,-0.34500,0.34500,-1.37370803e-02,0.63644070,Near,False,74,0.18500,Near,0.14833
KC,400,736,contraction,0.18500,0.018698,0.05092438,357,0.89250,0.70750,0.70750,-1.12104305e-02,0.44864284,Far,True,4,0.01000,Near,0.22583
KC,400,737,rebound,0.89250,0.007487,0.22499677,177,0.44250,-0.45000,0.45000,3.15222499e-02,2.38843859,Middle,False,177,0.44250,Middle,0.10917
KC,400,738,contraction,0.44250,0.039009,0.12037733,275,0.68750,0.24500,0.24500,-1.58008639e-02,0.62229449,Far,True,128,0.32000,Near,0.02083
KC,400,739,rebound,0.68750,0.023208,0.17767712,125,0.31250,-0.37500,0.37500,1.43237562e-04,1.00376648,Near,False,125,0.31250,Near,0.02083
KC,400,740,contraction,0.31250,0.023352,0.08396293,308,0.77000,0.45750,0.45750,-1.77563866e-02,0.45951039,Far,True,29,0.07250,Near,0.10333
KC,400,741,rebound,0.77000,0.005595,0.19389883,86,0.21500,-0.55500,0.55500,1.10391981e-02,1.87292795,Near,False,86,0.21500,Near,0.11833
KC,400,742,contraction,0.21500,0.016635,0.05790863,229,0.57250,0.35750,0.35750,-1.32138681e-02,0.51767749,Middle,True,5,0.01250,Near,0.09417
KC,400,743,contraction,0.57250,0.003421,0.14398016,392,0.98000,0.40750,0.40750,-3.21194804e-04,0.92981639,Far,True,18,0.04500,Near,0.31333
KC,400,744,rebound,0.98000,0.003099,0.24577486,162,0.40500,-0.57500,0.57500,4.50712902e-02,5.91942149,Middle,False,162,0.40500,Middle,0.07167
KC,400,745,contraction,0.40500,0.048171,0.11329269,265,0.66250,0.25750,0.25750,-2.21485606e-02,0.53693472,Middle,True,63,0.15750,Near,0.00417
KC,400,746,contraction,0.66250,0.026022,0.17213055,105,0.26250,-0.40000,0.40000,-2.57235764e-03,0.92864036,Near,False,105,0.26250,Near,0.07083
KC,400,747,contraction,0.26250,0.023450,0.07148746,340,0.85000,0.58750,0.58750,-7.51185127e-03,0.56107321,Far,True,25,0.06250,Near,0.18333
KC,400,748,rebound,0.85000,0.015938,0.21648449,199,0.49750,-0.35250,0.35250,2.15203309e-02,1.66014420,Middle,False,199,0.49750,Middle,0.16417
KC,400,749,contraction,0.49750,0.037458,0.13373958,65,0.16250,-0.33500,0.33500,-2.18785595e-02,0.55148553,Near,False,65,0.16250,Near,0.17083
KC,400,750,contraction,0.16250,0.015580,0.04451994,299,0.74750,0.58500,0.58500,-4.16273824e-03,0.67028608,Far,True,1,0.00250,Near,0.08083
KC,400,751,rebound,0.74750,0.011417,0.18972925,144,0.36000,-0.38750,0.38750,6.17550834e-03,1.16480585,Middle,False,144,0.36000,Middle,0.02667
KC,400,752,contraction,0.36000,0.017593,0.09439813,373,0.93250,0.57250,0.57250,-9.82666956e-03,0.52646101,Far,True,10,0.02500,Near,0.26583
KC,400,753,rebound,0.93250,0.007766,0.23506646,223,0.55750,-0.37500,0.37500,3.79107821e-02,2.98942501,Middle,False,223,0.55750,Middle,0.10917
KC,400,754,contraction,0.55750,0.045677,0.15079416,115,0.28750,-0.27000,0.27000,-1.88009553e-02,0.63501886,Near,False,115,0.28750,Near,0.04583
KC,400,755,contraction,0.28750,0.026876,0.07859392,320,0.80000,0.51250,0.51250,-1.06496415e-02,0.58322820,Far,True,30,0.07500,Near,0.13333
KC,400,756,rebound,0.80000,0.016226,0.20405651,182,0.45500,-0.34500,0.34500,1.36658664e-02,1.37011005,Middle,False,182,0.45500,Middle,0.12167
KC,400,757,contraction,0.45500,0.029892,0.12122298,271,0.67750,0.22250,0.22250,-1.85209612e-02,0.59947127,Far,True,54,0.13500,Near,0.01083
KC,400,758,rebound,0.67750,0.011371,0.17221773,78,0.19500,-0.48250,0.48250,7.70537492e-03,1.44842800,Near,False,78,0.19500,Near,0.13833
KC,400,759,contraction,0.19500,0.019076,0.05351908,364,0.91000,0.71500,0.71500,-1.42587880e-02,0.32542407,Far,True,6,0.01500,Near,0.24333
KC,400,760,rebound,0.91000,0.004818,0.22870438,164,0.41000,-0.50000,0.50000,3.38857365e-02,2.63609773,Middle,False,164,0.41000,Middle,0.07667
KC,400,761,contraction,0.41000,0.038703,0.11217582,246,0.61500,0.20500,0.20500,-1.99013018e-02,0.57243481,Middle,True,49,0.12250,Near,0.05167
KC,400,762,contraction,0.61500,0.018802,0.15845049,95,0.23750,-0.37750,0.37750,-6.23066461e-03,0.82476278,Near,False,95,0.23750,Near,0.09583
KC,400,763,contraction,0.23750,0.012571,0.06251782,334,0.83500,0.59750,0.59750,-8.31428148e-03,0.51272996,Far,True,1,0.00250,Near,0.16833
KC,400,764,rebound,0.83500,0.004257,0.20981425,203,0.50750,-0.32750,0.32750,1.77136266e-02,1.60659311,Middle,False,203,0.50750,Middle,0.15917
KC,400,765,contraction,0.50750,0.021971,0.13236766,50,0.12500,-0.38250,0.38250,-1.29283249e-02,0.63094457,Near,False,50,0.12500,Near,0.20833
KC,400,766,contraction,0.12500,0.009042,0.03351058,384,0.96000,0.83500,0.83500,-6.19026647e-03,0.41377542,Far,True,1,0.00250,Near,0.29333
KC,400,767,rebound,0.96000,0.002852,0.24071301,233,0.58250,-0.37750,0.37750,4.22046041e-02,4.88538482,Middle,False,233,0.58250,Middle,0.08417
KC,400,768,contraction,0.58250,0.045057,0.15688916,136,0.34000,-0.24250,0.24250,-9.16405149e-03,0.79457611,Middle,False,136,0.34000,Middle,0.00667
KC,400,769,contraction,0.34000,0.035893,0.09397315,294,0.73500,0.39500,0.39500,-1.37526293e-02,0.57369311,Far,True,68,0.17000,Near,0.06833
KC,400,770,contraction,0.73500,0.022140,0.18928499,106,0.26500,-0.47000,0.47000,-7.07452422e-04,0.98120199,Near,False,106,0.26500,Near,0.06833
KC,400,771,contraction,0.26500,0.021433,0.07160813,347,0.86750,0.60250,0.60250,-1.28064172e-02,0.49805427,Far,True,14,0.03500,Near,0.20083
KC,400,772,rebound,0.86750,0.008626,0.21903153,188,0.47000,-0.39750,0.39750,3.12172835e-02,2.33820415,Middle,False,188,0.47000,Middle,0.13667
KC,400,773,contraction,0.47000,0.039843,0.12746085,263,0.65750,0.18750,0.18750,-2.19474034e-02,0.56822029,Middle,True,68,0.17000,Near,0.00917
KC,400,774,rebound,0.65750,0.017896,0.16884900,79,0.19750,-0.46000,0.46000,2.24280094e-03,1.09370258,Near,False,79,0.19750,Near,0.13583
KC,400,775,contraction,0.19750,0.020139,0.05440970,315,0.78750,0.59000,0.59000,-1.76813295e-02,0.34920181,Far,True,7,0.01750,Near,0.12083
KC,400,776,rebound,0.78750,0.002457,0.19748936,155,0.38750,-0.40000,0.40000,2.04868570e-02,1.82689268,Middle,False,155,0.38750,Middle,0.05417
KC,400,777,contraction,0.38750,0.022944,0.10261108,28,0.07000,-0.31750,0.31750,-2.03740889e-02,0.47966717,Near,False,28,0.07000,Near,0.26333
KC,400,778,contraction,0.07000,0.002570,0.01814256,396,0.99000,0.92000,0.92000,-2.12700824e-04,0.45782756,Far,True,1,0.00250,Near,0.32333
KC,400,779,rebound,0.99000,0.002358,0.24808938,218,0.54500,-0.44500,0.44500,5.17986963e-02,6.42291549,Middle,False,218,0.54500,Middle,0.12167
KC,400,780,contraction,0.54500,0.054156,0.14978905,279,0.69750,0.15250,0.15250,-2.30869040e-02,0.59115349,Far,True,125,0.31250,Near,0.03083
KC,400,781,rebound,0.69750,0.031069,0.18214233,125,0.31250,-0.38500,0.38500,9.79737381e-03,1.33821456,Near,False,125,0.31250,Near,0.02083
KC,400,782,contraction,0.31250,0.040867,0.08834167,353,0.88250,0.57000,0.57000,-2.57104573e-02,0.41231457,Far,True,62,0.15500,Near,0.21583
KC,400,783,rebound,0.88250,0.015156,0.22441406,182,0.45500,-0.42750,0.42750,3.56370382e-02,2.78961943,Middle,False,182,0.45500,Middle,0.12167
KC,400,784,contraction,0.45500,0.050793,0.12644832,249,0.62250,0.16750,0.16750,-2.44446772e-02,0.55022604,Middle,True,89,0.22250,Near,0.04417
KC,400,785,contraction,0.62250,0.026349,0.16221215,90,0.22500,-0.39750,0.39750,-7.13677495e-04,0.97538994,Near,False,90,0.22500,Near,0.10833
KC,400,786,contraction,0.22500,0.025635,0.06265873,326,0.81500,0.59000,0.59000,-1.36999836e-02,0.42863568,Far,True,18,0.04500,Near,0.14833
KC,400,787,rebound,0.81500,0.011935,0.20673373,159,0.39750,-0.41750,0.41750,1.58961810e-02,1.48844602,Middle,False,159,0.39750,Middle,0.06417
KC,400,788,contraction,0.39750,0.027831,0.10633278,376,0.94000,0.54250,0.54250,-2.01541999e-02,0.51604257,Far,True,45,0.11250,Near,0.27333
KC,400,789,rebound,0.94000,0.007677,0.23691923,212,0.53000,-0.41000,0.41000,4.57049164e-02,5.43081145,Middle,False,212,0.53000,Middle,0.13667
KC,400,790,contraction,0.53000,0.053382,0.14584546,113,0.28250,-0.24750,0.24750,-2.09078077e-02,0.59696656,Near,False,113,0.28250,Near,0.05083
KC,400,791,contraction,0.28250,0.032474,0.07874351,291,0.72750,0.44500,0.44500,-6.55929627e-03,0.70494572,Far,True,42,0.10500,Near,0.06083
KC,400,792,contraction,0.72750,0.025915,0.18835368,236,0.59000,-0.13750,0.13750,-5.85195045e-03,0.88779963,Middle,False,236,0.59000,Middle,0.07667
KC,400,793,contraction,0.59000,0.020063,0.15251569,71,0.17750,-0.41250,0.41250,-1.03981057e-03,0.95582367,Near,False,71,0.17750,Near,0.15583
KC,400,794,contraction,0.17750,0.019023,0.04913074,360,0.90000,0.72250,0.72250,-1.13683398e-02,0.36356076,Far,True,3,0.00750,Near,0.23333
KC,400,795,rebound,0.90000,0.007655,0.22691366,172,0.43000,-0.47000,0.47000,3.39260762e-02,2.60605984,Middle,False,172,0.43000,Middle,0.09667
KC,400,796,contraction,0.43000,0.041581,0.11789517,304,0.76000,0.33000,0.33000,-2.24836499e-02,0.53160426,Far,True,127,0.31750,Near,0.09333
KC,400,797,rebound,0.76000,0.019097,0.19477426,132,0.33000,-0.43000,0.43000,1.36966667e-02,1.47681996,Near,False,132,0.33000,Near,0.00333
KC,400,798,contraction,0.33000,0.032794,0.09069843,260,0.65000,0.32000,0.32000,-2.22838611e-02,0.48254596,Middle,True,42,0.10500,Near,0.01667
KC,400,799,rebound,0.65000,0.010510,0.16512746,58,0.14500,-0.50500,0.50500,1.57094140e-03,1.08576822,Near,False,58,0.14500,Near,0.18833
KC,400,800,contraction,0.14500,0.012081,0.03927020,386,0.96500,0.82000,0.82000,-8.74763977e-03,0.34115540,Far,True,1,0.00250,Near,0.29833
KC,400,801,rebound,0.96500,0.003333,0.24208329,198,0.49500,-0.47000,0.47000,4.80902534e-02,4.87059345,Middle,False,198,0.49500,Middle,0.16167
KC,400,802,contraction,0.49500,0.051423,0.13660585,281,0.70250,0.20750,0.20750,-2.63060386e-02,0.53805610,Far,True,116,0.29000,Near,0.03583
KC,400,803,rebound,0.70250,0.025117,0.18190434,119,0.29750,-0.40500,0.40500,1.02548491e-02,1.38284439,Near,False,119,0.29750,Near,0.03583
KC,400,804,contraction,0.29750,0.035372,0.08321806,336,0.84000,0.54250,0.54250,-1.90474375e-02,0.42239035,Far,True,36,0.09000,Near,0.17333
KC,400,805,rebound,0.84000,0.016325,0.21408120,178,0.44500,-0.39500,0.39500,2.36183549e-02,1.82450181,Middle,False,178,0.44500,Middle,0.11167
KC,400,806,contraction,0.44500,0.039943,0.12123578,241,0.60250,0.15750,0.15750,-2.44110447e-02,0.54562530,Middle,True,79,0.19750,Near,0.06417
KC,400,807,rebound,0.60250,0.015532,0.15450802,78,0.19500,-0.40750,0.40750,1.61035213e-03,1.07152414,Near,False,78,0.19500,Near,0.13833
KC,400,808,contraction,0.19500,0.017142,0.05303561,367,0.91750,0.72250,0.72250,-1.14189695e-02,0.37699975,Far,True,1,0.00250,Near,0.25083
KC,400,809,rebound,0.91750,0.005723,0.23080587,155,0.38750,-0.53000,0.53000,3.10106508e-02,2.33898614,Middle,False,155,0.38750,Middle,0.05417
KC,400,810,contraction,0.38750,0.036734,0.10605853,298,0.74500,0.35750,0.35750,-1.57924286e-02,0.57422407,Far,True,44,0.11000,Near,0.07833
KC,400,811,rebound,0.74500,0.020942,0.19148542,210,0.52500,-0.22000,0.22000,5.31011384e-03,1.12511589,Middle,False,210,0.52500,Middle,0.14167
KC,400,812,contraction,0.52500,0.026252,0.13781295,93,0.23250,-0.29250,0.29250,-9.72306477e-03,0.72313841,Near,False,93,0.23250,Near,0.10083
KC,400,813,contraction,0.23250,0.016529,0.06225719,344,0.86000,0.62750,0.62750,-1.14608683e-02,0.44288932,Far,True,8,0.02000,Near,0.19333
KC,400,814,rebound,0.86000,0.005068,0.21626697,169,0.42250,-0.43750,0.43750,2.00954929e-02,1.80948251,Middle,False,169,0.42250,Middle,0.08917
KC,400,815,contraction,0.42250,0.025163,0.11191584,268,0.67000,0.24750,0.24750,-1.52623146e-02,0.62027741,Far,True,44,0.11000,Near,0.00333
KC,400,816,rebound,0.67000,0.009901,0.16997526,62,0.15500,-0.51500,0.51500,4.06278098e-03,1.23953972,Near,False,62,0.15500,Near,0.17833
KC,400,817,contraction,0.15500,0.013964,0.04224096,395,0.98750,0.83250,0.83250,-1.19866472e-02,0.31177459,Far,True,1,0.00250,Near,0.32083
KC,400,818,rebound,0.98750,0.001977,0.24736930,222,0.55500,-0.43250,0.43250,5.07010093e-02,6.78109056,Middle,False,222,0.55500,Middle,0.11167
KC,400,819,contraction,0.55500,0.052678,0.15191955,133,0.33250,-0.22250,0.22250,-1.65221217e-02,0.67380488,Near,False,133,0.33250,Near,0.00083
KC,400,820,contraction,0.33250,0.036156,0.09216402,316,0.79000,0.45750,0.45750,-1.00228580e-02,0.60826415,Far,True,36,0.09000,Near,0.12333
KC,400,821,rebound,0.79000,0.026133,0.20403331,188,0.47000,-0.32000,0.32000,6.36453385e-03,1.14315139,Middle,False,188,0.47000,Middle,0.13667
KC,400,822,contraction,0.47000,0.032498,0.12562444,286,0.71500,0.24500,0.24500,-1.77665126e-02,0.59844700,Far,True,81,0.20250,Near,0.04833
KC,400,823,rebound,0.71500,0.014731,0.18243281,99,0.24750,-0.46750,0.46750,1.26233996e-02,1.66916540,Near,False,99,0.24750,Near,0.08583
KC,400,824,contraction,0.24750,0.027355,0.06871366,356,0.89000,0.64250,0.64250,-1.78937869e-02,0.37422054,Far,True,27,0.06750,Near,0.22333
KC,400,825,rebound,0.89000,0.009461,0.22486521,204,0.51000,-0.38000,0.38000,3.04590401e-02,2.29007245,Middle,False,204,0.51000,Middle,0.15667
KC,400,826,contraction,0.51000,0.039920,0.13747997,122,0.30500,-0.20500,0.20500,-1.95733656e-02,0.61182848,Near,False,122,0.30500,Near,0.02833
KC,400,827,contraction,0.30500,0.020347,0.08133663,327,0.81750,0.51250,0.51250,-1.07117525e-02,0.58729358,Far,True,28,0.07000,Near,0.15083
KC,400,828,rebound,0.81750,0.009635,0.20678369,244,0.61000,-0.20750,0.20750,1.68686431e-02,1.58011559,Middle,False,244,0.61000,Middle,0.05667
KC,400,829,contraction,0.61000,0.026503,0.15912585,78,0.19500,-0.41500,0.41500,-4.24050851e-03,0.85982527,Near,False,78,0.19500,Near,0.13833
KC,400,830,contraction,0.19500,0.022263,0.05431573,380,0.95000,0.75500,0.75500,-1.67180957e-02,0.37419362,Far,True,13,0.03250,Near,0.28333
KC,400,831,rebound,0.95000,0.005545,0.23888620,174,0.43500,-0.51500,0.51500,4.82373306e-02,5.81171319,Middle,False,174,0.43500,Middle,0.10167
KC,400,832,contraction,0.43500,0.053782,0.12219554,272,0.68000,0.24500,0.24500,-2.24885028e-02,0.54852061,Far,True,142,0.35500,Middle,0.01333
KC,400,833,contraction,0.68000,0.031294,0.17782341,137,0.34250,-0.33750,0.33750,-1.51910543e-03,0.96345126,Middle,False,137,0.34250,Middle,0.00917
KC,400,834,contraction,0.34250,0.029775,0.09306863,309,0.77250,0.43000,0.43000,-1.78427875e-02,0.48440225,Far,True,42,0.10500,Near,0.10583
KC,400,835,rebound,0.77250,0.011932,0.19610794,94,0.23500,-0.53750,0.53750,1.08619264e-02,1.55432592,Near,False,94,0.23500,Near,0.09833
KC,400,836,contraction,0.23500,0.022794,0.06444842,227,0.56750,0.33250,0.33250,-1.34226279e-02,0.54129796,Middle,True,20,0.05000,Near,0.09917
KC,400,837,contraction,0.56750,0.009371,0.14421776,370,0.92500,0.35750,0.35750,-4.57815311e-03,0.72627986,Far,True,29,0.07250,Near,0.25833
KC,400,838,rebound,0.92500,0.004793,0.23244822,164,0.41000,-0.51500,0.51500,3.69494667e-02,4.39759365,Middle,False,164,0.41000,Middle,0.07667
KC,400,839,contraction,0.41000,0.041742,0.11293559,260,0.65000,0.24000,0.24000,-2.31089352e-02,0.52822199,Middle,True,61,0.15250,Near,0.01667
KC,400,840,rebound,0.65000,0.018633,0.16715836,72,0.18000,-0.47000,0.47000,1.19310557e-03,1.05116373,Near,False,72,0.18000,Near,0.15333
KC,400,841,contraction,0.18000,0.019827,0.04995663,339,0.84750,0.66750,0.66750,-1.11815045e-02,0.37609018,Far,True,6,0.01500,Near,0.18083
KC,400,842,rebound,0.84750,0.008645,0.21403626,193,0.48250,-0.36500,0.36500,2.49328762e-02,1.87480158,Middle,False,193,0.48250,Middle,0.14917
KC,400,843,contraction,0.48250,0.033578,0.12901948,113,0.28250,-0.20000,0.20000,-2.07710158e-02,0.56474198,Near,False,113,0.28250,Near,0.05083
KC,400,844,contraction,0.28250,0.012807,0.07382672,297,0.74250,0.46000,0.46000,-9.62946597e-03,0.59689329,Far,True,4,0.01000,Near,0.07583
KC,400,845,rebound,0.74250,0.003177,0.18641936,46,0.11500,-0.62750,0.62750,4.34574835e-03,1.36100366,Near,False,46,0.11500,Near,0.21833
KC,400,846,contraction,0.11500,0.007523,0.03063079,391,0.97750,0.86250,0.86250,-5.36440398e-03,0.41030295,Far,True,1,0.00250,Near,0.31083
KC,400,847,rebound,0.97750,0.002159,0.24491469,214,0.53500,-0.44250,0.44250,5.33373094e-02,8.11733498,Middle,False,214,0.53500,Middle,0.13167
KC,400,848,contraction,0.53500,0.055496,0.14762402,147,0.36750,-0.16750,0.16750,-2.18487712e-02,0.61302953,Middle,False,147,0.36750,Middle,0.03417
KC,400,849,contraction,0.36750,0.033647,0.10028683,320,0.80000,0.43250,0.43250,-1.34339924e-02,0.60436980,Far,True,78,0.19500,Near,0.13333
KC,400,850,rebound,0.80000,0.020213,0.20505333,241,0.60250,-0.19750,0.19750,1.21283572e-02,1.32847809,Middle,False,241,0.60250,Middle,0.06417
KC,400,851,contraction,0.60250,0.032342,0.15871042,100,0.25000,-0.35250,0.35250,-3.79496237e-03,0.88776250,Near,False,100,0.25000,Near,0.08333
KC,400,852,contraction,0.25000,0.028547,0.06963668,352,0.88000,0.63000,0.63000,-1.86269322e-02,0.39337355,Far,True,24,0.06000,Near,0.21333
KC,400,853,rebound,0.88000,0.009920,0.22247994,179,0.44750,-0.43250,0.43250,3.27673579e-02,2.47864261,Middle,False,179,0.44750,Middle,0.11417
KC,400,854,contraction,0.44750,0.042687,0.12254678,277,0.69250,0.24500,0.24500,-2.16974335e-02,0.55071764,Far,True,68,0.17000,Near,0.02583
KC,400,855,rebound,0.69250,0.020990,0.17837243,122,0.30500,-0.38750,0.38750,4.51426413e-03,1.15396102,Near,False,122,0.30500,Near,0.02833
KC,400,856,contraction,0.30500,0.025504,0.08262599,374,0.93500,0.63000,0.63000,-2.13096482e-02,0.42665191,Far,True,35,0.08750,Near,0.26833
KC,400,857,rebound,0.93500,0.004194,0.23479858,207,0.51750,-0.41750,0.41750,4.41698672e-02,7.86306751,Middle,False,207,0.51750,Middle,0.14917
KC,400,858,contraction,0.51750,0.048364,0.14146605,83,0.20750,-0.31000,0.31000,-2.24283353e-02,0.58360949,Near,False,83,0.20750,Near,0.12583
KC,400,859,contraction,0.20750,0.025936,0.05835896,302,0.75500,0.54750,0.54750,-5.37660190e-03,0.67832189,Far,True,21,0.05250,Near,0.08833
KC,400,860,rebound,0.75500,0.020559,0.19388981,160,0.40000,-0.35500,0.35500,5.27444318e-03,1.12787824,Middle,False,160,0.40000,Middle,0.06667
KC,400,861,contraction,0.40000,0.025834,0.10645842,257,0.64250,0.24250,0.24250,-1.77468684e-02,0.58077367,Middle,True,35,0.08750,Near,0.02417
KC,400,862,rebound,0.64250,0.008087,0.16264671,52,0.13000,-0.51250,0.51250,1.51503538e-03,1.09194272,Near,False,52,0.13000,Near,0.20333
KC,400,863,contraction,0.13000,0.009602,0.03490046,346,0.86500,0.73500,0.73500,-6.49945336e-03,0.39848452,Far,True,1,0.00250,Near,0.19833
KC,400,864,rebound,0.86500,0.003102,0.21702560,187,0.46750,-0.39750,0.39750,2.43437300e-02,1.97987155,Middle,False,187,0.46750,Middle,0.13417
KC,400,865,contraction,0.46750,0.027446,0.12373653,104,0.26000,-0.20750,0.20750,-1.91383046e-02,0.56305924,Near,False,104,0.26000,Near,0.07333
KC,400,866,contraction,0.26000,0.008308,0.06707696,398,0.99500,0.73500,0.73500,-6.53458238e-03,0.55718497,Far,True,1,0.00250,Near,0.32833
KC,400,867,rebound,0.99500,0.001773,0.24919331,235,0.58750,-0.40750,0.40750,5.09167069e-02,13.75323368,Middle,False,235,0.58750,Middle,0.07917
KC,400,868,contraction,0.58750,0.052690,0.16004749,288,0.72000,0.13250,0.13250,-1.74104913e-02,0.66233252,Far,True,143,0.35750,Middle,0.05333
KC,400,869,rebound,0.72000,0.035279,0.18881987,141,0.35250,-0.36750,0.36750,1.15558921e-02,1.36942461,Middle,False,141,0.35250,Middle,0.01917
KC,400,870,contraction,0.35250,0.046835,0.09983384,328,0.82000,0.46750,0.46750,-2.56021610e-02,0.43327128,Far,True,71,0.17750,Near,0.15333
KC,400,871,rebound,0.82000,0.021233,0.21030830,196,0.49000,-0.33000,0.33000,2.19558117e-02,1.80558213,Middle,False,196,0.49000,Middle,0.15667
KC,400,872,contraction,0.49000,0.043189,0.13329725,86,0.21500,-0.27500,0.27500,-1.79823238e-02,0.57735393,Near,False,86,0.21500,Near,0.11833
KC,400,873,contraction,0.21500,0.025207,0.06005167,362,0.90500,0.69000,0.69000,-1.27214786e-02,0.46405469,Far,True,20,0.05000,Near,0.23833
KC,400,874,rebound,0.90500,0.012485,0.22937130,225,0.56250,-0.34250,0.34250,3.44294407e-02,2.74211843,Middle,False,225,0.56250,Middle,0.10417
KC,400,875,contraction,0.56250,0.046915,0.15235366,129,0.32250,-0.24000,0.24000,-1.63041645e-02,0.68283950,Near,False,129,0.32250,Near,0.01083
KC,400,876,contraction,0.32250,0.030610,0.08827762,307,0.76750,0.44500,0.44500,-1.08499860e-02,0.61766321,Far,True,39,0.09750,Near,0.10083
KC,400,877,rebound,0.76750,0.019760,0.19681512,170,0.42500,-0.34250,0.34250,5.24140311e-03,1.12230469,Middle,False,170,0.42500,Middle,0.09167
KC,400,878,contraction,0.42500,0.025002,0.11250047,269,0.67250,0.24750,0.24750,-1.57975844e-02,0.61205585,Far,True,50,0.12500,Near,0.00583
KC,400,879,rebound,0.67250,0.009204,0.17042608,67,0.16750,-0.50500,0.50500,7.26956516e-03,1.50099410,Near,False,67,0.16750,Near,0.16583
KC,400,880,contraction,0.16750,0.016474,0.04599347,382,0.95500,0.78750,0.78750,-9.60202905e-03,0.28897811,Far,True,1,0.00250,Near,0.28833
KC,400,881,rebound,0.95500,0.006872,0.24046796,206,0.51500,-0.44000,0.44000,3.88807904e-02,2.83775466,Middle,False,206,0.51500,Middle,0.15167
KC,400,882,contraction,0.51500,0.045753,0.14018816,116,0.29000,-0.22500,0.22500,-2.05522310e-02,0.59787541,Near,False,116,0.29000,Near,0.04333
KC,400,883,contraction,0.29000,0.025200,0.07880010,333,0.83250,0.54250,0.54250,-5.42285628e-03,0.69605742,Far,True,21,0.05250,Near,0.16583
KC,400,884,rebound,0.83250,0.019778,0.21306939,246,0.61500,-0.21750,0.21750,1.56109480e-02,1.44932953,Middle,False,246,0.61500,Middle,0.05167
KC,400,885,contraction,0.61500,0.035388,0.16259712,149,0.37250,-0.24250,0.24250,-7.07873793e-03,0.84318807,Middle,False,149,0.37250,Middle,0.03917
KC,400,886,contraction,0.37250,0.028310,0.10020244,354,0.88500,0.51250,0.51250,-1.89156722e-02,0.50391827,Far,True,46,0.11500,Near,0.21833
KC,400,887,rebound,0.88500,0.009394,0.22359852,186,0.46500,-0.42000,0.42000,3.02888277e-02,3.46087470,Middle,False,186,0.46500,Middle,0.13167
KC,400,888,contraction,0.46500,0.039683,0.12617073,284,0.71000,0.24500,0.24500,-1.71382676e-02,0.60520092,Far,True,81,0.20250,Near,0.04333
KC,400,889,rebound,0.71000,0.022545,0.18313616,95,0.23750,-0.47250,0.47250,9.96714486e-03,1.45523079,Near,False,95,0.23750,Near,0.09583
KC,400,890,contraction,0.23750,0.032512,0.06750295,315,0.78750,0.55000,0.55000,-2.60160087e-02,0.37378080,Far,True,36,0.09000,Near,0.12083
KC,400,891,rebound,0.78750,0.006496,0.19849895,161,0.40250,-0.38500,0.38500,1.99211546e-02,2.14188337,Middle,False,161,0.40250,Middle,0.06917
KC,400,892,contraction,0.40250,0.026417,0.10722923,46,0.11500,-0.28750,0.28750,-1.89732882e-02,0.52995050,Near,False,46,0.11500,Near,0.21833
KC,400,893,contraction,0.11500,0.007444,0.03061091,387,0.96750,0.85250,0.85250,-3.39154485e-03,0.44091843,Far,True,1,0.00250,Near,0.30083
KC,400,894,rebound,0.96750,0.004052,0.24288803,228,0.57000,-0.39750,0.39750,4.94764133e-02,6.04850613,Middle,False,228,0.57000,Middle,0.09667
KC,400,895,contraction,0.57000,0.053529,0.15588213,130,0.32500,-0.24500,0.24500,-2.16418823e-02,0.61762403,Near,False,130,0.32500,Near,0.00833
KC,400,896,contraction,0.32500,0.031887,0.08922166,294,0.73500,0.41000,0.41000,-1.11591379e-02,0.62751645,Far,True,26,0.06500,Near,0.06833
KC,400,897,rebound,0.73500,0.020727,0.18893187,198,0.49500,-0.24000,0.24000,1.22003673e-03,1.02651781,Middle,False,198,0.49500,Middle,0.16167
KC,400,898,contraction,0.49500,0.021948,0.12923688,70,0.17500,-0.32000,0.32000,-1.09620777e-02,0.64699816,Near,False,70,0.17500,Near,0.15833
KC,400,899,contraction,0.17500,0.010985,0.04649636,365,0.91250,0.73750,0.73750,-1.67974877e-03,0.72048632,Far,True,1,0.00250,Near,0.24583
KC,400,900,rebound,0.91250,0.009306,0.23045143,253,0.63250,-0.28000,0.28000,2.79720054e-02,2.11035662,Middle,False,253,0.63250,Middle,0.03417
KC,400,901,contraction,0.63250,0.037278,0.16744443,144,0.36000,-0.27250,0.27250,-4.96451445e-03,0.88624331,Middle,False,144,0.36000,Middle,0.02667
KC,400,902,contraction,0.36000,0.032313,0.09807830,325,0.81250,0.45250,0.45250,-1.87462661e-02,0.46151685,Far,True,39,0.09750,Near,0.14583
KC,400,903,rebound,0.81250,0.013567,0.20651673,178,0.44500,-0.36750,0.36750,1.74197454e-02,1.72149677,Middle,False,178,0.44500,Middle,0.11167
KC,400,904,contraction,0.44500,0.030987,0.11899667,81,0.20250,-0.24250,0.24250,-1.79235326e-02,0.53900499,Near,False,81,0.20250,Near,0.13083
KC,400,905,contraction,0.20250,0.013063,0.05389079,344,0.86000,0.65750,0.65750,-8.16139704e-03,0.54472412,Far,True,1,0.00250,Near,0.19333
KC,400,906,rebound,0.86000,0.004902,0.21622544,222,0.55500,-0.30500,0.30500,2.53126567e-02,1.92996669,Middle,False,222,0.55500,Middle,0.11167
KC,400,907,contraction,0.55500,0.030214,0.14630360,112,0.28000,-0.27500,0.27500,-1.44163864e-02,0.67669589,Near,False,112,0.28000,Near,0.05333
KC,400,908,contraction,0.28000,0.015798,0.07394951,280,0.70000,0.42000,0.42000,-1.13134286e-02,0.58034479,Far,True,10,0.02500,Near,0.03333
KC,400,909,rebound,0.70000,0.004485,0.17612115,44,0.11000,-0.59000,0.59000,2.15982502e-03,1.15743588,Near,False,44,0.11000,Near,0.22333
KC,400,910,contraction,0.11000,0.006644,0.02916110,393,0.98250,0.87250,0.87250,-4.26951313e-03,0.30366161,Far,True,1,0.00250,Near,0.31583
KC,400,911,rebound,0.98250,0.002375,0.24621873,192,0.48000,-0.50250,0.50250,4.97254354e-02,5.27602165,Middle,False,192,0.48000,Middle,0.14667
KC,400,912,contraction,0.48000,0.052100,0.13302508,263,0.65750,0.17750,0.17750,-2.29451106e-02,0.56840997,Middle,True,138,0.34500,Middle,0.00917
KC,400,913,rebound,0.65750,0.029155,0.17166381,131,0.32750,-0.33000,0.33000,5.89601214e-04,1.01584171,Near,False,131,0.32750,Near,0.00583
KC,400,914,contraction,0.32750,0.029745,0.08931121,335,0.83750,0.51000,0.51000,-1.55131330e-02,0.49552266,Far,True,29,0.07250,Near,0.17083
KC,400,915,rebound,0.83750,0.014232,0.21293292,166,0.41500,-0.42250,0.42250,1.83312703e-02,1.63400874,Middle,False,166,0.41500,Middle,0.08167
KC,400,916,contraction,0.41500,0.032563,0.11189074,301,0.75250,0.33750,0.33750,-1.85640876e-02,0.55845430,Far,True,67,0.16750,Near,0.08583
KC,400,917,rebound,0.75250,0.013999,0.19162472,92,0.23000,-0.52250,0.52250,1.36794637e-02,1.76838158,Near,False,92,0.23000,Near,0.10333
KC,400,918,contraction,0.23000,0.027678,0.06441959,234,0.58500,0.35500,0.35500,-1.82922388e-02,0.46118097,Middle,True,24,0.06000,Near,0.08167
KC,400,919,contraction,0.58500,0.009386,0.14859653,373,0.93250,0.34750,0.34750,-1.65529895e-03,0.85323134,Far,True,35,0.08750,Near,0.26583
KC,400,920,rebound,0.93250,0.007731,0.23505770,152,0.38000,-0.55250,0.55250,3.72712727e-02,3.75669136,Middle,False,152,0.38000,Middle,0.04667
KC,400,921,contraction,0.38000,0.045002,0.10625052,271,0.67750,0.29750,0.29750,-2.36059779e-02,0.50761697,Far,True,65,0.16250,Near,0.01083
KC,400,922,rebound,0.67750,0.021396,0.17472402,79,0.19750,-0.48000,0.48000,1.60004513e-03,1.06222226,Near,False,79,0.19750,Near,0.13583
KC,400,923,contraction,0.19750,0.022996,0.05512404,351,0.87750,0.68000,0.68000,-1.41250046e-02,0.44399838,Far,True,14,0.03500,Near,0.21083
KC,400,924,rebound,0.87750,0.008871,0.22159279,201,0.50250,-0.37500,0.37500,3.63190794e-02,2.90374200,Middle,False,201,0.50250,Middle,0.16417
KC,400,925,contraction,0.50250,0.045190,0.13692255,121,0.30250,-0.20000,0.20000,-2.46610410e-02,0.54724474,Near,False,121,0.30250,Near,0.03083
KC,400,926,contraction,0.30250,0.020529,0.08075729,311,0.77750,0.47500,0.47500,-9.73465980e-03,0.59141041,Far,True,20,0.05000,Near,0.11083
KC,400,927,rebound,0.77750,0.010795,0.19707363,220,0.55000,-0.22750,0.22750,7.97154766e-03,1.19581803,Middle,False,220,0.55000,Middle,0.11667
KC,400,928,contraction,0.55000,0.018766,0.14219152,59,0.14750,-0.40250,0.40250,-6.01630154e-03,0.76144317,Near,False,59,0.14750,Near,0.18583
KC,400,929,contraction,0.14750,0.012750,0.04006244,379,0.94750,0.80000,0.80000,-9.48499939e-03,0.30607096,Far,True,1,0.00250,Near,0.28083
KC,400,930,rebound,0.94750,0.003265,0.23769119,173,0.43250,-0.51500,0.51500,4.16128954e-02,3.55246032,Middle,False,173,0.43250,Middle,0.09917
KC,400,931,contraction,0.43250,0.044878,0.11934442,282,0.70500,0.27250,0.27250,-1.93422971e-02,0.58395504,Far,True,105,0.26250,Near,0.03833
KC,400,932,rebound,0.70500,0.025535,0.18263384,111,0.27750,-0.42750,0.42750,2.73555417e-03,1.08134028,Near,False,111,0.27750,Near,0.05583
KC,400,933,contraction,0.27750,0.028271,0.07644273,328,0.82000,0.54250,0.54250,-1.86995162e-02,0.47617219,Far,True,25,0.06250,Near,0.15333
KC,400,934,rebound,0.82000,0.009571,0.20739285,194,0.48500,-0.33500,0.33500,2.22144115e-02,1.75081931,Middle,False,194,0.48500,Middle,0.15167
KC,400,935,contraction,0.48500,0.031786,0.12919645,72,0.18000,-0.30500,0.30500,-1.89217890e-02,0.58429440,Near,False,72,0.18000,Near,0.15333
KC,400,936,contraction,0.18000,0.012864,0.04821601,255,0.63750,0.45750,0.45750,-9.32190492e-03,0.54484098,Middle,True,1,0.00250,Near,0.02917
KC,400,937,contraction,0.63750,0.003542,0.16026053,389,0.97250,0.33500,0.33500,-1.80889503e-03,0.86008413,Far,True,19,0.04750,Near,0.30583
KC,400,938,rebound,0.97250,0.001733,0.24355831,155,0.38750,-0.58500,0.58500,4.94253555e-02,10.82790051,Middle,False,155,0.38750,Middle,0.05417
KC,400,939,contraction,0.38750,0.051159,0.10966465,293,0.73250,0.34500,0.34500,-2.37315206e-02,0.51676917,Far,True,99,0.24750,Near,0.06583
KC,400,940,rebound,0.73250,0.027427,0.18998176,125,0.31250,-0.42000,0.42000,6.00357899e-03,1.17484033,Near,False,125,0.31250,Near,0.02083
KC,400,941,contraction,0.31250,0.033431,0.08648266,233,0.58250,0.27000,0.27000,-1.76446789e-02,0.54435441,Middle,True,43,0.10750,Near,0.08417
KC,400,942,contraction,0.58250,0.015786,0.14957149,357,0.89250,0.31000,0.31000,-3.90260714e-03,0.80017074,Far,True,49,0.12250,Near,0.22583
KC,400,943,rebound,0.89250,0.011883,0.22609584,180,0.45000,-0.44250,0.44250,3.04174325e-02,3.05021557,Middle,False,180,0.45000,Middle,0.11667
KC,400,944,contraction,0.45000,0.042301,0.12307520,83,0.20750,-0.24250,0.24250,-2.09741664e-02,0.52363104,Near,False,83,0.20750,Near,0.12583
KC,400,945,contraction,0.20750,0.021327,0.05720665,317,0.79250,0.58500,0.58500,-6.28878652e-03,0.60128489,Far,True,13,0.03250,Near,0.12583
KC,400,946,rebound,0.79250,0.015038,0.20188446,214,0.53500,-0.25750,0.25750,9.39815307e-03,1.23020215,Middle,False,214,0.53500,Middle,0.13167
KC,400,947,contraction,0.53500,0.024436,0.13985900,56,0.14000,-0.39500,0.39500,-1.28844038e-02,0.68226021,Near,False,56,0.14000,Near,0.19333
KC,400,948,contraction,0.14000,0.011552,0.03788790,368,0.92000,0.78000,0.78000,-7.00739365e-03,0.45553794,Far,True,1,0.00250,Near,0.25333
KC,400,949,rebound,0.92000,0.004544,0.23113605,160,0.40000,-0.52000,0.52000,3.70386768e-02,3.21773001,Middle,False,160,0.40000,Middle,0.06667
KC,400,950,contraction,0.40000,0.041583,0.11039572,268,0.67000,0.27000,0.27000,-1.40611243e-02,0.63540989,Far,True,109,0.27250,Near,0.00333
KC,400,951,contraction,0.67000,0.027522,0.17438044,110,0.27500,-0.39500,0.39500,-6.45633502e-03,0.84532478,Near,False,110,0.27500,Near,0.05833
KC,400,952,contraction,0.27500,0.021065,0.07401635,337,0.84250,0.56750,0.56750,-1.25050597e-02,0.50266225,Far,True,11,0.02750,Near,0.17583
KC,400,953,rebound,0.84250,0.008560,0.21276509,200,0.50000,-0.34250,0.34250,2.30236370e-02,1.76319000,Middle,False,200,0.50000,Middle,0.16667
KC,400,954,contraction,0.50000,0.031584,0.13289600,71,0.17750,-0.32250,0.32250,-1.92079776e-02,0.58611905,Near,False,71,0.17750,Near,0.15583
KC,400,955,contraction,0.17750,0.012376,0.04746900,298,0.74500,0.56750,0.56750,-6.11286307e-03,0.60831621,Far,True,1,0.00250,Near,0.07833
KC,400,956,rebound,0.74500,0.006263,0.18781579,142,0.35500,-0.39000,0.39000,6.04394480e-03,1.16445952,Middle,False,142,0.35500,Middle,0.02167
KC,400,957,contraction,0.35500,0.012307,0.09182677,399,0.99750,0.64250,0.64250,-1.06955734e-02,0.54774716,Far,True,4,0.01000,Near,0.33083
KC,400,958,rebound,0.99750,0.001612,0.24977788,238,0.59500,-0.40250,0.40250,5.36049725e-02,9.89594999,Middle,False,238,0.59500,Middle,0.07167
KC,400,959,contraction,0.59500,0.055216,0.16255412,172,0.43000,-0.16500,0.16500,-1.80280953e-02,0.68888394,Middle,False,172,0.43000,Middle,0.09667
KC,400,960,contraction,0.43000,0.037188,0.11679710,321,0.80250,0.37250,0.37250,-1.50374367e-02,0.60237273,Far,True,86,0.21500,Near,0.13583
KC,400,961,rebound,0.80250,0.022151,0.20616274,115,0.28750,-0.51500,0.51500,1.65885240e-02,1.73722090,Near,False,115,0.28750,Near,0.04583
KC,400,962,contraction,0.28750,0.038739,0.08155987,262,0.65500,0.36750,0.36750,-1.70817888e-02,0.52060364,Middle,True,49,0.12250,Near,0.01167
KC,400,963,contraction,0.65500,0.021658,0.16916442,66,0.16500,-0.49000,0.49000,-6.07946884e-03,0.81353904,Near,False,66,0.16500,Near,0.16833
KC,400,964,contraction,0.16500,0.015578,0.04514455,360,0.90000,0.73500,0.73500,-3.84854584e-03,0.54481272,Far,True,1,0.00250,Near,0.23333
KC,400,965,rebound,0.90000,0.011730,0.22793242,205,0.51250,-0.38750,0.38750,3.45168866e-02,2.53894975,Middle,False,205,0.51250,Middle,0.15417
KC,400,966,contraction,0.51250,0.046247,0.13968664,138,0.34500,-0.16750,0.16750,-2.42736295e-02,0.57383911,Middle,False,138,0.34500,Middle,0.01167
KC,400,967,contraction,0.34500,0.021973,0.09174323,304,0.76000,0.41500,0.41500,-7.90743338e-03,0.69744622,Far,True,24,0.06000,Near,0.09333
KC,400,968,rebound,0.76000,0.014065,0.19351637,90,0.22500,-0.53500,0.53500,2.70300671e-03,1.08782121,Near,False,90,0.22500,Near,0.10833
KC,400,969,contraction,0.22500,0.016769,0.06044213,377,0.94250,0.71750,0.71750,-9.18922518e-03,0.56724973,Far,True,4,0.01000,Near,0.27583
KC,400,970,rebound,0.94250,0.007579,0.23751982,226,0.56500,-0.37750,0.37750,4.69897030e-02,5.18809041,Middle,False,226,0.56500,Middle,0.10167
KC,400,971,contraction,0.56500,0.054569,0.15489225,165,0.41250,-0.15250,0.15250,-2.01713198e-02,0.65110709,Middle,False,165,0.41250,Middle,0.07917
KC,400,972,contraction,0.41250,0.034398,0.11172442,284,0.71000,0.29750,0.29750,-1.31476731e-02,0.63896783,Far,True,52,0.13000,Near,0.04333
KC,400,973,rebound,0.71000,0.021250,0.18281250,105,0.26250,-0.44750,0.44750,9.74843502e-04,1.02843685,Near,False,105,0.26250,Near,0.07083
KC,400,974,contraction,0.26250,0.022225,0.07118121,343,0.85750,0.59500,0.59500,-9.46523217e-03,0.48755678,Far,True,24,0.06000,Near,0.19083
KC,400,975,rebound,0.85750,0.012760,0.21756490,193,0.48250,-0.37500,0.37500,2.27066418e-02,1.71815658,Middle,False,193,0.48250,Middle,0.14917
KC,400,976,contraction,0.48250,0.035466,0.12949156,62,0.15500,-0.32750,0.32750,-2.12751748e-02,0.58546770,Near,False,62,0.15500,Near,0.17833
KC,400,977,contraction,0.15500,0.014191,0.04229777,270,0.67500,0.52000,0.52000,-5.12534889e-03,0.64506738,Far,True,1,0.00250,Near,0.00833
KC,400,978,contraction,0.67500,0.009066,0.17101643,131,0.32750,-0.34750,0.34750,-3.94078656e-03,0.90562537,Near,False,131,0.32750,Near,0.00583
KC,400,979,contraction,0.32750,0.005125,0.08315623,384,0.96000,0.63250,0.63250,-3.57196645e-04,0.89939245,Far,True,1,0.00250,Near,0.29333
KC,400,980,rebound,0.96000,0.004768,0.24119193,234,0.58500,-0.37500,0.37500,3.63269427e-02,2.94919590,Middle,False,234,0.58500,Middle,0.08167
KC,400,981,contraction,0.58500,0.041095,0.15652367,155,0.38750,-0.19750,0.19750,-1.53000859e-02,0.70892211,Middle,False,155,0.38750,Middle,0.05417
KC,400,982,contraction,0.38750,0.025795,0.10332365,325,0.81250,0.42500,0.42500,-5.88196728e-03,0.73412504,Far,True,43,0.10750,Near,0.14583
KC,400,983,rebound,0.81250,0.019913,0.20810316,97,0.24250,-0.57000,0.57000,9.48159353e-03,1.34708266,Near,False,97,0.24250,Near,0.09083
KC,400,984,contraction,0.24250,0.029394,0.06797355,292,0.73000,0.48750,0.48750,-1.31201615e-02,0.53660978,Far,True,29,0.07250,Near,0.06333
KC,400,985,rebound,0.73000,0.016274,0.18656851,186,0.46500,-0.26500,0.26500,6.71127095e-03,1.16903981,Middle,False,186,0.46500,Middle,0.13167
KC,400,986,contraction,0.46500,0.022985,0.12199633,46,0.11500,-0.35000,0.35000,-1.54147286e-02,0.53918520,Near,False,46,0.11500,Near,0.21833
KC,400,987,contraction,0.11500,0.007571,0.03064265,363,0.90750,0.79250,0.79250,-7.39781385e-04,0.80375719,Far,True,1,0.00250,Near,0.24083
KC,400,988,rebound,0.90750,0.006831,0.22858270,218,0.54500,-0.36250,0.36250,3.02741610e-02,2.18894460,Middle,False,218,0.54500,Middle,0.12167
KC,400,989,contraction,0.54500,0.037105,0.14552624,121,0.30250,-0.24250,0.24250,-1.54667769e-02,0.66956595,Near,False,121,0.30250,Near,0.03083
KC,400,990,contraction,0.30250,0.021638,0.08103455,312,0.78000,0.47750,0.47750,-1.17860438e-02,0.54651874,Far,True,8,0.02000,Near,0.11333
KC,400,991,rebound,0.78000,0.009852,0.19746304,166,0.41500,-0.36500,0.36500,7.88756277e-03,1.22838436,Middle,False,166,0.41500,Middle,0.08167
KC,400,992,contraction,0.41500,0.017740,0.10818493,32,0.08000,-0.33500,0.33500,-1.42598629e-02,0.61234620,Near,False,32,0.08000,Near,0.25333
KC,400,993,contraction,0.08000,0.003480,0.02086996,394,0.98500,0.90500,0.90500,-5.28316785e-04,0.67857571,Far,True,1,0.00250,Near,0.31833
KC,400,994,rebound,0.98500,0.002952,0.24698789,250,0.62500,-0.36000,0.36000,5.17731021e-02,10.66584382,Middle,False,250,0.62500,Middle,0.04167
KC,400,995,contraction,0.62500,0.054725,0.16993116,140,0.35000,-0.27500,0.27500,-1.48813396e-02,0.72381880,Middle,False,140,0.35000,Middle,0.01667
KC,400,996,contraction,0.35000,0.039843,0.09746083,281,0.70250,0.35250,0.35250,-1.52322095e-02,0.57384845,Far,True,76,0.19000,Near,0.03583
KC,400,997,contraction,0.70250,0.024611,0.18177777,90,0.22500,-0.47750,0.47750,-1.28507676e-03,0.96117499,Near,False,90,0.22500,Near,0.10833
KC,400,998,contraction,0.22500,0.023326,0.06208150,347,0.86750,0.64250,0.64250,-4.87500193e-03,0.61403596,Far,True,4,0.01000,Near,0.20083
KC,400,999,rebound,0.86750,0.018451,0.22148775,202,0.50500,-0.36250,0.36250,2.73888045e-02,1.97895487,Middle,False,202,0.50500,Middle,0.16167
KC,400,1000,contraction,0.50500,0.045840,0.13770996,261,0.65250,0.14750,0.14750,-2.69067862e-02,0.54772778,Middle,True,117,0.29250,Near,0.01417
KC,400,1001,rebound,0.65250,0.018933,0.16785826,113,0.28250,-0.37000,0.37000,5.37888614e-03,1.18968963,Near,False,113,0.28250,Near,0.05083
KC,400,1002,contraction,0.28250,0.024312,0.07670298,334,0.83500,0.55250,0.55250,-1.46987249e-02,0.42496326,Far,True,25,0.06250,Near,0.16833
KC,400,1003,rebound,0.83500,0.009613,0.21115330,173,0.43250,-0.40250,0.40250,2.05966152e-02,1.69434077,Middle,False,173,0.43250,Middle,0.09917
KC,400,1004,contraction,0.43250,0.030210,0.11567745,56,0.14000,-0.29250,0.29250,-2.00730076e-02,0.51313020,Near,False,56,0.14000,Near,0.19333
KC,400,1005,contraction,0.14000,0.010137,0.03753420,372,0.93000,0.79000,0.79000,-2.65083838e-03,0.50272202,Far,True,1,0.00250,Near,0.26333
KC,400,1006,rebound,0.93000,0.007486,0.23437149,228,0.57000,-0.36000,0.36000,3.82966194e-02,3.01586313,Middle,False,228,0.57000,Middle,0.09667
KC,400,1007,contraction,0.57000,0.045783,0.15394565,135,0.33750,-0.23250,0.23250,-1.76731131e-02,0.66626599,Middle,False,135,0.33750,Middle,0.00417
KC,400,1008,contraction,0.33750,0.028109,0.09140237,301,0.75250,0.41500,0.41500,-8.83230222e-03,0.65990394,Far,True,27,0.06750,Near,0.08583
KC,400,1009,rebound,0.75250,0.019277,0.19294429,190,0.47500,-0.27750,0.27750,4.42556605e-04,1.00928319,Middle,False,190,0.47500,Middle,0.14167
KC,400,1010,contraction,0.47500,0.019720,0.12367993,70,0.17500,-0.30000,0.30000,-1.04575297e-02,0.64663264,Near,False,70,0.17500,Near,0.15833
KC,400,1011,contraction,0.17500,0.009262,0.04606555,355,0.88750,0.71250,0.71250,-3.89396890e-03,0.54479659,Far,True,1,0.00250,Near,0.22083
KC,400,1012,rebound,0.88750,0.005368,0.22321706,245,0.61250,-0.27500,0.27500,2.41991069e-02,1.86340671,Middle,False,245,0.61250,Middle,0.05417
KC,400,1013,contraction,0.61250,0.029567,0.16051683,119,0.29750,-0.31500,0.31500,-5.65276121e-03,0.85673138,Near,False,119,0.29750,Near,0.03583
KC,400,1014,contraction,0.29750,0.023915,0.08035364,317,0.79250,0.49500,0.49500,-1.73805312e-02,0.46408602,Far,True,20,0.05000,Near,0.12583
KC,400,1015,rebound,0.79250,0.006534,0.19975851,163,0.40750,-0.38500,0.38500,1.59160162e-02,1.56240727,Middle,False,163,0.40750,Middle,0.07417
KC,400,1016,contraction,0.40750,0.022450,0.10748751,39,0.09750,-0.31000,0.31000,-1.73246830e-02,0.51771240,Near,False,39,0.09750,Near,0.23583
KC,400,1017,contraction,0.09750,0.005125,0.02565634,388,0.97000,0.87250,0.87250,-1.77404435e-03,0.44053361,Far,True,1,0.00250,Near,0.30333
KC,400,1018,rebound,0.97000,0.003351,0.24333783,218,0.54500,-0.42500,0.42500,4.64587938e-02,5.62973845,Middle,False,218,0.54500,Middle,0.12167
KC,400,1019,contraction,0.54500,0.049810,0.14870253,275,0.68750,0.14250,0.14250,-1.80386265e-02,0.64076542,Far,True,107,0.26750,Near,0.02083
KC,400,1020,rebound,0.68750,0.031771,0.17981787,128,0.32000,-0.36750,0.36750,4.50812863e-03,1.13996203,Near,False,128,0.32000,Near,0.01333
KC,400,1021,contraction,0.32000,0.036280,0.08906991,330,0.82500,0.50500,0.50500,-2.33951578e-02,0.41125228,Far,True,64,0.16000,Near,0.15833
KC,400,1022,rebound,0.82500,0.012884,0.20947112,182,0.45500,-0.37000,0.37000,2.35342290e-02,2.04872003,Middle,False,182,0.45500,Middle,0.12167
KC,400,1023,contraction,0.45500,0.036419,0.12285467,78,0.19500,-0.26000,0.26000,-1.96462342e-02,0.53140042,Near,False,78,0.19500,Near,0.13833
KC,400,1024,contraction,0.19500,0.016772,0.05294312,291,0.72750,0.53250,0.53250,-1.01465999e-02,0.51000980,Far,True,1,0.00250,Near,0.06083
KC,400,1025,rebound,0.72750,0.006626,0.18353147,146,0.36500,-0.36250,0.36250,9.41950222e-04,1.02264518,Middle,False,146,0.36500,Middle,0.03167
KC,400,1026,contraction,0.36500,0.007568,0.09314195,376,0.94000,0.57500,0.57500,-3.12183078e-03,0.67310663,Far,True,7,0.01750,Near,0.27333
KC,400,1027,rebound,0.94000,0.004446,0.23611150,232,0.58000,-0.36000,0.36000,3.72744370e-02,2.86410325,Middle,False,232,0.58000,Middle,0.08667
KC,400,1028,contraction,0.58000,0.041720,0.15543010,104,0.26000,-0.32000,0.32000,-1.49818341e-02,0.67284512,Near,False,104,0.26000,Near,0.07333
KC,400,1029,contraction,0.26000,0.026739,0.07168465,309,0.77250,0.51250,0.51250,-1.47302265e-02,0.49384992,Far,True,27,0.06750,Near,0.10583
KC,400,1030,rebound,0.77250,0.012008,0.19612709,194,0.48500,-0.28750,0.28750,1.26230729e-02,1.34712558,Middle,False,194,0.48500,Middle,0.15167
KC,400,1031,contraction,0.48500,0.024631,0.12740786,54,0.13500,-0.35000,0.35000,-1.44657268e-02,0.55915567,Near,False,54,0.13500,Near,0.19833
KC,400,1032,contraction,0.13500,0.010166,0.03629143,359,0.89750,0.76250,0.76250,-5.15323988e-03,0.43230889,Far,True,1,0.00250,Near,0.23083
KC,400,1033,rebound,0.89750,0.005012,0.22562812,249,0.62250,-0.27500,0.27500,2.90898669e-02,2.23899076,Middle,False,249,0.62250,Middle,0.04417
KC,400,1034,contraction,0.62250,0.034102,0.16415058,136,0.34000,-0.28250,0.28250,-2.50702528e-03,0.93638746,Middle,False,136,0.34000,Middle,0.00667
KC,400,1035,contraction,0.34000,0.031595,0.09289883,339,0.84750,0.50750,0.50750,-2.67765306e-02,0.42217500,Far,True,30,0.07500,Near,0.18083
KC,400,1036,rebound,0.84750,0.004819,0.21307969,174,0.43500,-0.41250,0.41250,3.02098260e-02,3.10931671,Middle,False,174,0.43500,Middle,0.10167
KC,400,1037,contraction,0.43500,0.035029,0.11750715,75,0.18750,-0.24750,0.24750,-2.18732997e-02,0.53307260,Near,False,75,0.18750,Near,0.14583
KC,400,1038,contraction,0.18750,0.013155,0.05016383,279,0.69750,0.51000,0.51000,-6.00186281e-03,0.63898830,Far,True,1,0.00250,Near,0.03083
KC,400,1039,contraction,0.69750,0.007153,0.17616336,30,0.07500,-0.62250,0.62250,-4.07793845e-03,0.89480899,Near,False,30,0.07500,Near,0.25833
KC,400,1040,contraction,0.07500,0.003076,0.01951888,397,0.99250,0.91750,0.91750,-9.65171694e-04,0.47642973,Far,True,1,0.00250,Near,0.32583
KC,400,1041,rebound,0.99250,0.002110,0.24865258,211,0.52750,-0.46500,0.46500,5.73795724e-02,13.65802688,Middle,False,211,0.52750,Middle,0.13917
KC,400,1042,contraction,0.52750,0.059490,0.14674748,147,0.36750,-0.16000,0.16000,-2.45063545e-02,0.58426790,Middle,False,147,0.36750,Middle,0.03417
KC,400,1043,contraction,0.36750,0.034984,0.10062089,302,0.75500,0.38750,0.38750,-1.05036836e-02,0.64381258,Far,True,90,0.22500,Near,0.08833
KC,400,1044,rebound,0.75500,0.024480,0.19486997,108,0.27000,-0.48500,0.48500,2.19049929e-03,1.06086220,Near,False,108,0.27000,Near,0.06333
KC,400,1045,contraction,0.27000,0.026670,0.07416759,259,0.64750,0.37750,0.37750,-1.17881294e-02,0.59061475,Middle,True,14,0.03500,Near,0.01917
KC,400,1046,contraction,0.64750,0.014882,0.16559556,350,0.87500,0.22750,0.22750,-3.98776568e-03,0.82027160,Far,True,56,0.14000,Near,0.20833
KC,400,1047,rebound,0.87500,0.010894,0.22147362,181,0.45250,-0.42250,0.42250,3.42837851e-02,2.91509250,Middle,False,181,0.45250,Middle,0.11917
KC,400,1048,contraction,0.45250,0.045178,0.12441956,82,0.20500,-0.24750,0.24750,-2.49355722e-02,0.51086673,Near,False,82,0.20500,Near,0.12833
KC,400,1049,contraction,0.20500,0.020243,0.05631067,321,0.80250,0.59750,0.59750,-1.01557547e-02,0.49944581,Far,True,6,0.01500,Near,0.13583
KC,400,1050,rebound,0.80250,0.010087,0.20314673,223,0.55750,-0.24500,0.24500,1.73634900e-02,1.53066563,Middle,False,223,0.55750,Middle,0.10917
KC,400,1051,contraction,0.55750,0.027450,0.14623760,125,0.31250,-0.24500,0.24500,-1.17819566e-02,0.72920750,Near,False,125,0.31250,Near,0.02083
KC,400,1052,contraction,0.31250,0.015668,0.08204211,381,0.95250,0.64000,0.64000,-9.10720106e-03,0.45941214,Far,True,16,0.04000,Near,0.28583
KC,400,1053,rebound,0.95250,0.006561,0.23976531,243,0.60750,-0.34500,0.34500,3.67490121e-02,2.97976927,Middle,False,243,0.60750,Middle,0.05917
KC,400,1054,contraction,0.60750,0.043310,0.16270257,156,0.39000,-0.21750,0.21750,-8.94169521e-03,0.81282556,Middle,False,156,0.39000,Middle,0.05667
KC,400,1055,contraction,0.39000,0.034369,0.10609214,293,0.73250,0.34250,0.34250,-1.75040170e-02,0.54741442,Far,True,58,0.14500,Near,0.06583
KC,400,1056,rebound,0.73250,0.016865,0.18734114,91,0.22750,-0.50500,0.50500,8.54544732e-03,1.40150124,Near,False,91,0.22750,Near,0.10583
KC,400,1057,contraction,0.22750,0.025410,0.06322750,365,0.91250,0.68500,0.68500,-1.63039273e-02,0.39919077,Far,True,24,0.06000,Near,0.24583
KC,400,1058,rebound,0.91250,0.009106,0.23040152,198,0.49500,-0.41750,0.41750,3.99083737e-02,3.25646378,Middle,False,198,0.49500,Middle,0.16167
KC,400,1059,contraction,0.49500,0.049014,0.13600361,269,0.67250,0.17750,0.17750,-2.45812724e-02,0.55160293,Far,True,132,0.33000,Near,0.00583
KC,400,1060,rebound,0.67250,0.024433,0.17423330,118,0.29500,-0.37750,0.37750,5.54533466e-03,1.18204777,Near,False,118,0.29500,Near,0.03833
KC,400,1061,contraction,0.29500,0.029979,0.08124463,333,0.83250,0.53750,0.53750,-1.94820657e-02,0.39539655,Far,True,39,0.09750,Near,0.16583
KC,400,1062,rebound,0.83250,0.010496,0.21074911,172,0.43000,-0.40250,0.40250,2.27084676e-02,1.98048843,Middle,False,172,0.43000,Middle,0.09667
KC,400,1063,contraction,0.43000,0.033205,0.11580123,58,0.14500,-0.28500,0.28500,-2.07368500e-02,0.52651949,Near,False,58,0.14500,Near,0.18833
KC,400,1064,contraction,0.14500,0.012468,0.03936702,307,0.76750,0.62250,0.62250,-8.27021838e-03,0.47418657,Far,True,1,0.00250,Near,0.10083
KC,400,1065,rebound,0.76750,0.004198,0.19292446,217,0.54250,-0.22500,0.22500,1.11021267e-02,1.30208085,Middle,False,217,0.54250,Middle,0.12417
KC,400,1066,contraction,0.54250,0.015300,0.13944999,86,0.21500,-0.32750,0.32750,-8.48140847e-03,0.75074854,Near,False,86,0.21500,Near,0.11833
KC,400,1067,contraction,0.21500,0.006819,0.05545464,390,0.97500,0.76000,0.76000,-3.42775524e-03,0.38500540,Far,True,1,0.00250,Near,0.30833
KC,400,1068,rebound,0.97500,0.003391,0.24459770,239,0.59750,-0.37750,0.37750,3.85692031e-02,3.04196792,Middle,False,239,0.59750,Middle,0.06917
KC,400,1069,contraction,0.59750,0.041960,0.15986500,143,0.35750,-0.24000,0.24000,-8.37951401e-03,0.81486590,Middle,False,143,0.35750,Middle,0.02417
KC,400,1070,contraction,0.35750,0.033581,0.09777013,343,0.85750,0.50000,0.50000,-1.78721089e-02,0.50580531,Far,True,39,0.09750,Near,0.19083
KC,400,1071,rebound,0.85750,0.015708,0.21830210,188,0.47000,-0.38750,0.38750,2.42772757e-02,1.80756441,Middle,False,188,0.47000,Middle,0.13667
KC,400,1072,contraction,0.47000,0.039986,0.12749642,281,0.70250,0.23250,0.23250,-1.77367877e-02,0.60372359,Far,True,97,0.24250,Near,0.03583
KC,400,1073,rebound,0.70250,0.022249,0.18118722,104,0.26000,-0.44250,0.44250,8.33522335e-03,1.32314715,Near,False,104,0.26000,Near,0.07333
KC,400,1074,contraction,0.26000,0.030584,0.07264603,369,0.92250,0.66250,0.66250,-2.29254894e-02,0.37718464,Far,True,35,0.08750,Near,0.25583
KC,400,1075,rebound,0.92250,0.007659,0.23253965,208,0.52000,-0.40250,0.40250,4.08872255e-02,3.46414049,Middle,False,208,0.52000,Middle,0.14667
KC,400,1076,contraction,0.52000,0.048546,0.14213646,131,0.32750,-0.19250,0.19250,-2.11776228e-02,0.60484067,Near,False,131,0.32750,Near,0.00583
KC,400,1077,contraction,0.32750,0.027368,0.08871705,313,0.78250,0.45500,0.45500,-8.50854916e-03,0.66147213,Far,True,41,0.10250,Near,0.11583
KC,400,1078,rebound,0.78250,0.018860,0.20033992,250,0.62500,-0.15750,0.15750,6.77203012e-03,1.16869016,Middle,False,250,0.62500,Middle,0.04167
KC,400,1079,rebound,0.62500,0.025632,0.16265792,82,0.20500,-0.42000,0.42000,2.20425343e-05,1.00083220,Near,False,82,0.20500,Near,0.12833
KC,400,1080,contraction,0.20500,0.025654,0.05766343,354,0.88500,0.68000,0.68000,-2.11174038e-02,0.37022883,Far,True,21,0.05250,Near,0.21833
KC,400,1081,rebound,0.88500,0.004536,0.22238408,171,0.42750,-0.45750,0.45750,3.92851119e-02,3.64551856,Middle,False,171,0.42750,Middle,0.09417
KC,400,1082,contraction,0.42750,0.043821,0.11783036,271,0.67750,0.25000,0.25000,-2.67281117e-02,0.50384302,Far,True,56,0.14000,Near,0.01083
KC,400,1083,rebound,0.67750,0.017093,0.17364833,113,0.28250,-0.39500,0.39500,4.87308583e-03,1.16277939,Near,False,113,0.28250,Near,0.05083
KC,400,1084,contraction,0.28250,0.021966,0.07611661,385,0.96250,0.68000,0.68000,-1.93669224e-02,0.42506638,Far,True,25,0.06250,Near,0.29583
KC,400,1085,rebound,0.96250,0.002599,0.24127487,215,0.53750,-0.42500,0.42500,4.97422120e-02,9.55688204,Middle,False,215,0.53750,Middle,0.12917
KC,400,1086,contraction,0.53750,0.052342,0.14746043,148,0.37000,-0.16750,0.16750,-2.23247797e-02,0.60820264,Middle,False,148,0.37000,Middle,0.03667
KC,400,1087,contraction,0.37000,0.030017,0.10000423,301,0.75250,0.38250,0.38250,-7.91508906e-03,0.70376151,Far,True,50,0.12500,Near,0.08583
KC,400,1088,rebound,0.75250,0.022102,0.19365046,87,0.21750,-0.53500,0.53500,1.92483056e-03,1.06659257,Near,False,87,0.21750,Near,0.11583
KC,400,1089,contraction,0.21750,0.024027,0.06038167,328,0.82000,0.60250,0.60250,-1.15406741e-02,0.50884595,Far,True,20,0.05000,Near,0.15333
KC,400,1090,rebound,0.82000,0.012486,0.20812150,193,0.48250,-0.33750,0.33750,2.25875755e-02,1.76910685,Middle,False,193,0.48250,Middle,0.14917
KC,400,1091,contraction,0.48250,0.035074,0.12939339,256,0.64000,0.15750,0.15750,-2.29411129e-02,0.57051404,Middle,True,56,0.14000,Near,0.02667
KC,400,1092,rebound,0.64000,0.012132,0.16303312,66,0.16500,-0.47500,0.47500,4.37267466e-03,1.25522116,Near,False,66,0.16500,Near,0.16833
KC,400,1093,contraction,0.16500,0.016505,0.04537628,374,0.93500,0.77000,0.77000,-1.37407053e-02,0.31308198,Far,True,1,0.00250,Near,0.26833
KC,400,1094,rebound,0.93500,0.002764,0.23444111,163,0.40750,-0.52750,0.52750,4.17802691e-02,4.10576061,Middle,False,163,0.40750,Middle,0.07417
KC,400,1095,contraction,0.40750,0.044545,0.11301117,285,0.71250,0.30500,0.30500,-2.31649895e-02,0.52921058,Far,True,117,0.29250,Near,0.04583
KC,400,1096,rebound,0.71250,0.021380,0.18346993,120,0.30000,-0.41250,0.41250,6.34263797e-03,1.19958791,Near,False,120,0.30000,Near,0.03333
KC,400,1097,contraction,0.30000,0.027722,0.08193059,340,0.85000,0.55000,0.55000,-2.03389140e-02,0.48742115,Far,True,29,0.07250,Near,0.18333
KC,400,1098,rebound,0.85000,0.007383,0.21434586,210,0.52500,-0.32500,0.32500,3.04739480e-02,2.33912461,Middle,False,210,0.52500,Middle,0.14167
KC,400,1099,contraction,0.52500,0.037857,0.14071435,84,0.21000,-0.31500,0.31500,-1.86872092e-02,0.59540300,Near,False,84,0.21000,Near,0.12333
KC,400,1100,contraction,0.21000,0.019170,0.05729254,265,0.66250,0.45250,0.45250,-1.54774294e-02,0.46178375,Middle,True,8,0.02000,Near,0.00417
KC,400,1101,rebound,0.66250,0.003693,0.16654819,36,0.09000,-0.57250,0.57250,7.69640294e-04,1.06216179,Near,False,36,0.09000,Near,0.24333
KC,400,1102,contraction,0.09000,0.004462,0.02361560,396,0.99000,0.90000,0.90000,-2.69703310e-03,0.33398294,Far,True,1,0.00250,Near,0.32333
KC,400,1103,rebound,0.99000,0.001765,0.24794134,180,0.45000,-0.54000,0.54000,5.31425693e-02,7.62211527,Middle,False,180,0.45000,Middle,0.11667
KC,400,1104,contraction,0.45000,0.054908,0.12622698,306,0.76500,0.31500,0.31500,-2.43923647e-02,0.54301995,Far,True,137,0.34250,Middle,0.09833
KC,400,1105,rebound,0.76500,0.030516,0.19887889,140,0.35000,-0.41500,0.41500,1.40956720e-02,1.45871029,Middle,False,140,0.35000,Middle,0.01667
KC,400,1106,contraction,0.35000,0.044611,0.09865281,238,0.59500,0.24500,0.24500,-2.13126365e-02,0.52792458,Middle,True,72,0.18000,Near,0.07167
KC,400,1107,contraction,0.59500,0.023299,0.15457465,351,0.87750,0.28250,0.28250,-9.17810752e-03,0.73433166,Far,True,73,0.18250,Near,0.21083
KC,400,1108,rebound,0.87750,0.014120,0.22290512,159,0.39750,-0.48000,0.48000,3.18598728e-02,3.81017600,Middle,False,159,0.39750,Middle,0.06417
KC,400,1109,contraction,0.39750,0.045980,0.11087009,276,0.69000,0.29250,0.29250,-2.46280493e-02,0.50353574,Far,True,79,0.19750,Near,0.02333
KC,400,1110,rebound,0.69000,0.021352,0.17783808,96,0.24000,-0.45000,0.45000,8.62477996e-03,1.37944020,Near,False,96,0.24000,Near,0.09333
KC,400,1111,contraction,0.24000,0.029977,0.06749427,324,0.81000,0.57000,0.57000,-2.17629766e-02,0.39946217,Far,True,29,0.07250,Near,0.14333
KC,400,1112,rebound,0.81000,0.008214,0.20455353,198,0.49500,-0.31500,0.31500,2.31502539e-02,1.82729665,Middle,False,198,0.49500,Middle,0.16167
KC,400,1113,contraction,0.49500,0.031364,0.13159109,63,0.15750,-0.33750,0.33750,-1.74257148e-02,0.57657044,Near,False,63,0.15750,Near,0.17583
KC,400,1114,contraction,0.15750,0.013939,0.04285966,378,0.94500,0.78750,0.78750,-8.55198187e-03,0.36766209,Far,True,1,0.00250,Near,0.27833
KC,400,1115,rebound,0.94500,0.005387,0.23759667,225,0.56250,-0.38250,0.38250,4.21996530e-02,3.61882050,Middle,False,225,0.56250,Middle,0.10417
KC,400,1116,contraction,0.56250,0.047586,0.15252158,132,0.33000,-0.23250,0.23250,-1.50937009e-02,0.69407279,Near,False,132,0.33000,Near,0.00333
KC,400,1117,contraction,0.33000,0.032493,0.09062315,295,0.73750,0.40750,0.40750,-1.50821928e-02,0.54092578,Far,True,32,0.08000,Near,0.07083
KC,400,1118,rebound,0.73750,0.017410,0.18872761,170,0.42500,-0.31250,0.31250,2.18137665e-03,1.04964565,Middle,False,170,0.42500,Middle,0.09167
KC,400,1119,contraction,0.42500,0.019592,0.11114795,360,0.90000,0.47500,0.47500,-1.16680141e-02,0.55820092,Far,True,42,0.10500,Near,0.23333
KC,400,1120,rebound,0.90000,0.007924,0.22698095,245,0.61250,-0.28750,0.28750,3.01600398e-02,3.88487002,Middle,False,245,0.61250,Middle,0.05417
KC,400,1121,contraction,0.61250,0.038084,0.16264596,106,0.26500,-0.34750,0.34750,-1.63475442e-03,0.95109603,Near,False,106,0.26500,Near,0.06833
KC,400,1122,contraction,0.26500,0.036449,0.07536227,315,0.78750,0.52250,0.52250,-2.55913016e-02,0.38098559,Far,True,43,0.10750,Near,0.12083
KC,400,1123,rebound,0.78750,0.010858,0.19958944,184,0.46000,-0.32750,0.32750,1.92288771e-02,1.79037424,Middle,False,184,0.46000,Middle,0.12667
KC,400,1124,contraction,0.46000,0.030087,0.12252166,60,0.15000,-0.31000,0.31000,-1.70362074e-02,0.52681836,Near,False,60,0.15000,Near,0.18333
KC,400,1125,contraction,0.15000,0.013050,0.04076261,392,0.98000,0.83000,0.83000,-1.05478939e-02,0.38638934,Far,True,1,0.00250,Near,0.31333
KC,400,1126,rebound,0.98000,0.002503,0.24562564,219,0.54750,-0.43250,0.43250,5.00571106e-02,8.51221337,Middle,False,219,0.54750,Middle,0.11917
KC,400,1127,contraction,0.54750,0.052560,0.15001491,272,0.68000,0.13250,0.13250,-1.83604473e-02,0.64237079,Far,True,140,0.35000,Middle,0.01333
KC,400,1128,rebound,0.68000,0.034199,0.17854980,135,0.33750,-0.34250,0.34250,6.21642233e-03,1.18900903,Middle,False,135,0.33750,Middle,0.00417
KC,400,1129,contraction,0.33750,0.040416,0.09447891,336,0.84000,0.50250,0.50250,-2.17178377e-02,0.39810648,Far,True,76,0.19000,Near,0.17333
KC,400,1130,rebound,0.84000,0.018698,0.21467445,166,0.41500,-0.42500,0.42500,2.15730843e-02,1.81975822,Middle,False,166,0.41500,Middle,0.08167
KC,400,1131,contraction,0.41500,0.040271,0.11381772,257,0.64250,0.22750,0.22750,-2.26440675e-02,0.53775154,Middle,True,79,0.19750,Near,0.02417
KC,400,1132,rebound,0.64250,0.017627,0.16503170,83,0.20750,-0.43500,0.43500,4.10655741e-03,1.18207318,Near,False,83,0.20750,Near,0.12583
KC,400,1133,contraction,0.20750,0.021733,0.05730834,366,0.91500,0.70750,0.70750,-1.28301987e-02,0.36465566,Far,True,12,0.03000,Near,0.24833
KC,400,1134,rebound,0.91500,0.008903,0.23097579,201,0.50250,-0.41250,0.41250,3.36971547e-02,2.40140005,Middle,False,201,0.50250,Middle,0.16417
KC,400,1135,contraction,0.50250,0.042600,0.13627508,299,0.74750,0.24500,0.24500,-1.98785523e-02,0.57525182,Far,True,116,0.29000,Near,0.08083
KC,400,1136,rebound,0.74750,0.022722,0.19255544,123,0.30750,-0.44000,0.44000,1.58583520e-02,1.65444973,Near,False,123,0.30750,Near,0.02583
KC,400,1137,contraction,0.30750,0.038580,0.08652003,236,0.59000,0.28250,0.28250,-2.85723511e-02,0.42359251,Middle,True,48,0.12000,Near,0.07667
KC,400,1138,rebound,0.59000,0.010008,0.15000194,53,0.13250,-0.45750,0.45750,5.35404812e-05,1.00311495,Near,False,53,0.13250,Near,0.20083
KC,400,1139,contraction,0.13250,0.010061,0.03564033,347,0.86750,0.73500,0.73500,-4.70874276e-03,0.46744145,Far,True,1,0.00250,Near,0.20083
KC,400,1140,rebound,0.86750,0.005353,0.21821314,160,0.40000,-0.46750,0.46750,2.39225948e-02,1.85146449,Middle,False,160,0.40000,Middle,0.06667
KC,400,1141,contraction,0.40000,0.029275,0.10731879,283,0.70750,0.30750,0.30750,-2.17521987e-02,0.50767172,Far,True,26,0.06500,Near,0.04083
KC,400,1142,rebound,0.70750,0.007523,0.17875574,96,0.24000,-0.46750,0.46750,8.83513216e-03,1.38880856,Near,False,96,0.24000,Near,0.09333
KC,400,1143,contraction,0.24000,0.016358,0.06408953,383,0.95750,0.71750,0.71750,-1.34478453e-02,0.40383371,Far,True,1,0.00250,Near,0.29083
KC,400,1144,rebound,0.95750,0.002910,0.24010256,208,0.52000,-0.43750,0.43750,4.63368172e-02,4.41603833,Middle,False,208,0.52000,Middle,0.14667
KC,400,1145,contraction,0.52000,0.049247,0.14231177,139,0.34750,-0.17250,0.17250,-2.47086819e-02,0.56970219,Middle,False,139,0.34750,Middle,0.01417
KC,400,1146,contraction,0.34750,0.024538,0.09300960,319,0.79750,0.45000,0.45000,-6.18634014e-03,0.71306442,Far,True,33,0.08250,Near,0.13083
KC,400,1147,rebound,0.79750,0.018352,0.20396301,244,0.61000,-0.18750,0.18750,8.47389299e-03,1.21253889,Middle,False,244,0.61000,Middle,0.05667
KC,400,1148,contraction,0.61000,0.026826,0.15920649,84,0.21000,-0.40000,0.40000,-2.78427781e-03,0.90567358,Near,False,84,0.21000,Near,0.12333
KC,400,1149,contraction,0.21000,0.024042,0.05851042,356,0.89000,0.68000,0.68000,-1.89035743e-02,0.37577915,Far,True,17,0.04250,Near,0.22333
KC,400,1150,rebound,0.89000,0.005138,0.22378452,180,0.45000,-0.44000,0.44000,3.83977629e-02,3.27501905,Middle,False,180,0.45000,Middle,0.11667
KC,400,1151,contraction,0.45000,0.043536,0.12338396,269,0.67250,0.22250,0.22250,-2.49051830e-02,0.52387313,Far,True,115,0.28750,Near,0.00583
KC,400,1152,rebound,0.67250,0.018631,0.17278267,114,0.28500,-0.38750,0.38750,4.92131583e-03,1.16400176,Near,False,114,0.28500,Near,0.04833
KC,400,1153,contraction,0.28500,0.023552,0.07713800,27,0.06750,-0.21750,0.21750,-2.11472667e-02,0.40011157,Near,False,27,0.06750,Near,0.26583
KC,400,1154,contraction,0.06750,0.002405,0.01747618,330,0.82500,0.75750,0.75750,-6.64814531e-04,0.79145940,Far,True,1,0.00250,Near,0.15833
KC,400,1155,rebound,0.82500,0.001740,0.20668498,198,0.49500,-0.33000,0.33000,1.99255275e-02,1.62776252,Middle,False,198,0.49500,Middle,0.16167
KC,400,1156,contraction,0.49500,0.021665,0.12916636,65,0.16250,-0.33250,0.33250,-1.61223946e-02,0.58072916,Near,False,65,0.16250,Near,0.17083
KC,400,1157,contraction,0.16250,0.005543,0.04201076,399,0.99750,0.83500,0.83500,-4.10962823e-03,0.44028267,Far,True,1,0.00250,Near,0.33083
KC,400,1158,rebound,0.99750,0.001433,0.24973335,230,0.57500,-0.42250,0.42250,5.06732419e-02,9.18466840,Middle,False,230,0.57500,Middle,0.09167
KC,400,1159,contraction,0.57500,0.052107,0.15677666,149,0.37250,-0.20250,0.20250,-1.59405262e-02,0.69777869,Middle,False,149,0.37250,Middle,0.03917
KC,400,1160,contraction,0.37250,0.036166,0.10216653,302,0.75500,0.38250,0.38250,-9.40334454e-03,0.67496517,Far,True,88,0.22000,Near,0.08833
KC,400,1161,contraction,0.75500,0.026763,0.19544070,105,0.26250,-0.49250,0.49250,-4.15527185e-04,0.98919100,Near,False,105,0.26250,Near,0.07083
KC,400,1162,contraction,0.26250,0.026347,0.07221181,278,0.69500,0.43250,0.43250,-1.20822145e-02,0.56739335,Far,True,18,0.04500,Near,0.02833
KC,400,1163,contraction,0.69500,0.014265,0.17731626,175,0.43750,-0.25750,0.25750,-1.01008166e-03,0.97737602,Middle,False,175,0.43750,Middle,0.10417
KC,400,1164,contraction,0.43750,0.013255,0.11268874,371,0.92750,0.49000,0.49000,-1.79121077e-03,0.81327662,Far,True,35,0.08750,Near,0.26083
KC,400,1165,rebound,0.92750,0.011464,0.23474094,215,0.53750,-0.39000,0.39000,2.85475098e-02,2.32934703,Middle,False,215,0.53750,Middle,0.12917
KC,400,1166,contraction,0.53750,0.040011,0.14437781,89,0.22250,-0.31500,0.31500,-1.32967223e-02,0.68339659,Near,False,89,0.22250,Near,0.11083
KC,400,1167,contraction,0.22250,0.026715,0.06230363,338,0.84500,0.62250,0.62250,-8.68482516e-03,0.53264411,Far,True,23,0.05750,Near,0.17833
KC,400,1168,rebound,0.84500,0.018030,0.21575743,159,0.39750,-0.44750,0.44750,1.78590569e-02,1.53759639,Middle,False,159,0.39750,Middle,0.06417
KC,400,1169,contraction,0.39750,0.035889,0.10834719,260,0.65000,0.25250,0.25250,-1.45274145e-02,0.62984323,Middle,True,49,0.12250,Near,0.01667
KC,400,1170,contraction,0.65000,0.021361,0.16784034,66,0.16500,-0.48500,0.48500,-6.16987057e-03,0.81944264,Near,False,66,0.16500,Near,0.16833
KC,400,1171,contraction,0.16500,0.015191,0.04504787,314,0.78500,0.62000,0.62000,-7.39044341e-03,0.50863843,Far,True,1,0.00250,Near,0.11833
KC,400,1172,rebound,0.78500,0.007801,0.19820026,134,0.33500,-0.45000,0.45000,1.28594252e-02,1.41596251,Middle,False,134,0.33500,Middle,0.00167
KC,400,1173,contraction,0.33500,0.020660,0.08891512,380,0.95000,0.61500,0.61500,-1.44457333e-02,0.51384470,Far,True,11,0.02750,Near,0.28333
KC,400,1174,rebound,0.95000,0.006215,0.23905368,206,0.51500,-0.43500,0.43500,4.65868405e-02,4.69167881,Middle,False,206,0.51500,Middle,0.15167
KC,400,1175,contraction,0.51500,0.052802,0.14195039,248,0.62000,0.10500,0.10500,-2.40595525e-02,0.58250513,Middle,True,109,0.27250,Near,0.04667
KC,400,1176,contraction,0.62000,0.028742,0.16218550,103,0.25750,-0.36250,0.36250,-1.91256046e-03,0.94212704,Near,False,103,0.25750,Near,0.07583
KC,400,1177,contraction,0.25750,0.026829,0.07108236,349,0.87250,0.61500,0.61500,-1.38438126e-02,0.46227717,Far,True,27,0.06750,Near,0.20583
KC,400,1178,rebound,0.87250,0.012986,0.22137141,178,0.44500,-0.42750,0.42750,2.64485179e-02,1.94580392,Middle,False,178,0.44500,Middle,0.11167
KC,400,1179,contraction,0.44500,0.039434,0.12110854,289,0.72250,0.27750,0.27750,-1.75750082e-02,0.58243556,Far,True,60,0.15000,Near,0.05583
KC,400,1180,rebound,0.72250,0.021859,0.18608979,121,0.30250,-0.42000,0.42000,5.66662351e-03,1.18921282,Near,False,121,0.30250,Near,0.03083
KC,400,1181,contraction,0.30250,0.027526,0.08250644,325,0.81250,0.51000,0.51000,-2.16009115e-02,0.45612040,Far,True,38,0.09500,Near,0.14583
KC,400,1182,rebound,0.81250,0.005925,0.20460622,197,0.49250,-0.32000,0.32000,2.17873332e-02,2.79639199,Middle,False,197,0.49250,Middle,0.15917
KC,400,1183,contraction,0.49250,0.027712,0.13005305,64,0.16000,-0.33250,0.33250,-1.26386819e-02,0.60971807,Near,False,64,0.16000,Near,0.17333
KC,400,1184,contraction,0.16000,0.015074,0.04376838,388,0.97000,0.81000,0.81000,-1.08353860e-02,0.36961013,Far,True,1,0.00250,Near,0.30333
KC,400,1185,rebound,0.97000,0.004238,0.24355953,234,0.58500,-0.38500,0.38500,4.80316504e-02,5.60604847,Middle,False,234,0.58500,Middle,0.08167
KC,400,1186,contraction,0.58500,0.052270,0.15931745,147,0.36750,-0.21750,0.21750,-1.47089148e-02,0.71682734,Middle,False,147,0.36750,Middle,0.03417
KC,400,1187,contraction,0.36750,0.037561,0.10126522,298,0.74500,0.37750,0.37750,-1.57207101e-02,0.56858531,Far,True,82,0.20500,Near,0.07833
KC,400,1188,rebound,0.74500,0.021840,0.19171004,99,0.24750,-0.49750,0.49750,4.19226688e-03,1.13497791,Near,False,99,0.24750,Near,0.08583
KC,400,1189,contraction,0.24750,0.026032,0.06838311,359,0.89750,0.65000,0.65000,-1.39348475e-02,0.50383267,Far,True,22,0.05500,Near,0.23083
KC,400,1190,rebound,0.89750,0.012098,0.22739939,212,0.53000,-0.36750,0.36750,3.73114976e-02,2.93436020,Middle,False,212,0.53000,Middle,0.13667
KC,400,1191,contraction,0.53000,0.049409,0.14485227,266,0.66500,0.13500,0.13500,-2.18342770e-02,0.59878837,Middle,True,162,0.40500,Middle,0.00167
KC,400,1192,rebound,0.66500,0.027575,0.17314370,128,0.32000,-0.34500,0.34500,4.52937827e-03,1.13706403,Near,False,128,0.32000,Near,0.01333
KC,400,1193,contraction,0.32000,0.032104,0.08802604,334,0.83500,0.51500,0.51500,-2.31348126e-02,0.40410547,Far,True,45,0.11250,Near,0.16833
KC,400,1194,rebound,0.83500,0.008969,0.21099234,173,0.43250,-0.40250,0.40250,2.58610245e-02,2.67900163,Middle,False,173,0.43250,Middle,0.09917
KC,400,1195,contraction,0.43250,0.034830,0.11683260,62,0.15500,-0.27750,0.27750,-2.06206130e-02,0.51094207,Near,False,62,0.15500,Near,0.17833
KC,400,1196,contraction,0.15500,0.014210,0.04230244,283,0.70750,0.55250,0.55250,-9.67333058e-03,0.47667703,Far,True,1,0.00250,Near,0.04083
KC,400,1197,rebound,0.70750,0.004536,0.17800911,107,0.26750,-0.44000,0.44000,6.03035870e-04,1.01764816,Near,False,107,0.26750,Near,0.06583
KC,400,1198,contraction,0.26750,0.005139,0.06815987,375,0.93750,0.67000,0.67000,-1.69511530e-03,0.70202888,Far,True,1,0.00250,Near,0.27083
KC,400,1199,rebound,0.93750,0.003444,0.23523609,222,0.55500,-0.38250,0.38250,3.78411572e-02,2.87856968,Middle,False,222,0.55500,Middle,0.11167
KC,400,1200,contraction,0.55500,0.041286,0.14907138,153,0.38250,-0.17250,0.17250,-2.00003874e-02,0.63889486,Middle,False,153,0.38250,Middle,0.04917
KC,400,1201,contraction,0.38250,0.021285,0.10094628,312,0.78000,0.39750,0.39750,-1.06731579e-02,0.62160698,Far,True,33,0.08250,Near,0.11333
KC,400,1202,rebound,0.78000,0.010612,0.19765299,85,0.21250,-0.56750,0.56750,9.93722824e-03,1.46805530,Near,False,85,0.21250,Near,0.12083
KC,400,1203,contraction,0.21250,0.020549,0.05826230,251,0.62750,0.41500,0.41500,-1.32835601e-02,0.50695393,Middle,True,10,0.02500,Near,0.03917
KC,400,1204,contraction,0.62750,0.007266,0.15869141,32,0.08000,-0.54750,0.54750,-3.75349246e-03,0.80557879,Near,False,32,0.08000,Near,0.25333
KC,400,1205,contraction,0.08000,0.003512,0.02087804,394,0.98500,0.90500,0.90500,-8.03109349e-04,0.45385493,Far,True,1,0.00250,Near,0.31833
KC,400,1206,rebound,0.98500,0.002709,0.24692726,190,0.47500,-0.51000,0.51000,5.11522948e-02,5.93180832,Middle,False,190,0.47500,Middle,0.14167
KC,400,1207,contraction,0.47500,0.053861,0.13221533,292,0.73000,0.25500,0.25500,-2.55903300e-02,0.52654387,Far,True,132,0.33000,Near,0.06333
KC,400,1208,rebound,0.73000,0.028271,0.18956775,133,0.33250,-0.39750,0.39750,1.19953112e-02,1.40610030,Near,False,133,0.33250,Near,0.00083
KC,400,1209,contraction,0.33250,0.040266,0.09319158,344,0.86000,0.52750,0.52750,-2.18023744e-02,0.45354952,Far,True,65,0.16250,Near,0.19333
KC,400,1210,rebound,0.86000,0.018464,0.21961599,209,0.52250,-0.33750,0.33750,2.85129897e-02,2.08523591,Middle,False,209,0.52250,Middle,0.14417
KC,400,1211,contraction,0.52250,0.046977,0.14236923,99,0.24750,-0.27500,0.27500,-1.88817187e-02,0.59873210,Near,False,99,0.24750,Near,0.08583
KC,400,1212,contraction,0.24750,0.028095,0.06889880,271,0.67750,0.43000,0.43000,-1.38951375e-02,0.52126898,Far,True,23,0.05750,Near,0.01083
KC,400,1213,contraction,0.67750,0.014200,0.17292502,364,0.91000,0.23250,0.23250,-3.93417477e-03,0.91027869,Far,True,58,0.14500,Near,0.24333
KC,400,1214,rebound,0.91000,0.010266,0.23006648,166,0.41500,-0.49500,0.49500,4.47383772e-02,5.25398698,Middle,False,166,0.41500,Middle,0.08167
KC,400,1215,contraction,0.41500,0.055004,0.11750107,238,0.59500,0.18000,0.18000,-2.82300719e-02,0.50137808,Middle,True,77,0.19250,Near,0.07167
KC,400,1216,contraction,0.59500,0.026774,0.15544355,78,0.19500,-0.40000,0.40000,-4.49362265e-03,0.84732260,Near,False,78,0.19500,Near,0.13833
KC,400,1217,contraction,0.19500,0.022281,0.05432015,322,0.80500,0.61000,0.61000,-9.37194408e-03,0.47940850,Far,True,11,0.02750,Near,0.13833
KC,400,1218,rebound,0.80500,0.012909,0.20447716,144,0.36000,-0.44500,0.44500,1.31748423e-02,1.39178330,Middle,False,144,0.36000,Middle,0.02667
KC,400,1219,contraction,0.36000,0.026083,0.09652087,300,0.75000,0.39000,0.39000,-2.10097995e-02,0.50156187,Far,True,29,0.07250,Near,0.08333
KC,400,1220,rebound,0.75000,0.005074,0.18876842,194,0.48500,-0.26500,0.26500,1.15542960e-02,1.83546342,Middle,False,194,0.48500,Middle,0.15167
KC,400,1221,contraction,0.48500,0.016628,0.12540700,50,0.12500,-0.36000,0.36000,-7.82501519e-03,0.66484323,Near,False,50,0.12500,Near,0.20833
KC,400,1222,contraction,0.12500,0.008803,0.03345074,384,0.96000,0.83500,0.83500,-4.82751191e-03,0.27713218,Far,True,1,0.00250,Near,0.29333
KC,400,1223,rebound,0.96000,0.003975,0.24099386,226,0.56500,-0.39500,0.39500,3.73739489e-02,2.81565638,Middle,False,226,0.56500,Middle,0.10167
KC,400,1224,contraction,0.56500,0.041349,0.15158735,119,0.29750,-0.26750,0.26750,-1.19268781e-02,0.72912609,Near,False,119,0.29750,Near,0.03583
KC,400,1225,contraction,0.29750,0.029423,0.08173063,337,0.84250,0.54500,0.54500,-1.46387216e-02,0.51051454,Far,True,19,0.04750,Near,0.17583
KC,400,1226,rebound,0.84250,0.014784,0.21432095,176,0.44000,-0.40250,0.40250,2.02457340e-02,1.62395327,Middle,False,176,0.44000,Middle,0.10667
KC,400,1227,contraction,0.44000,0.035030,0.11875738,267,0.66750,0.22750,0.22750,-1.57301926e-02,0.62798169,Far,True,72,0.18000,Near,0.00083
KC,400,1228,rebound,0.66750,0.019299,0.17169984,86,0.21500,-0.45250,0.45250,1.26106657e-03,1.04563635,Near,False,86,0.21500,Near,0.11833
KC,400,1229,contraction,0.21500,0.020560,0.05889010,356,0.89000,0.67500,0.67500,-1.45268241e-02,0.36233135,Far,True,9,0.02250,Near,0.22333
KC,400,1230,rebound,0.89000,0.006034,0.22400840,205,0.51250,-0.37750,0.37750,3.10529018e-02,2.27885261,Middle,False,205,0.51250,Middle,0.15417
KC,400,1231,contraction,0.51250,0.037086,0.13739662,130,0.32500,-0.18750,0.18750,-1.90236079e-02,0.61686932,Near,False,130,0.32500,Near,0.00833
KC,400,1232,contraction,0.32500,0.018063,0.08576572,306,0.76500,0.44000,0.44000,-8.90609559e-03,0.64877400,Far,True,23,0.05750,Near,0.09833
KC,400,1233,rebound,0.76500,0.009157,0.19353920,65,0.16250,-0.60250,0.60250,5.32344813e-03,1.27359960,Near,False,65,0.16250,Near,0.17083
KC,400,1234,contraction,0.16250,0.014480,0.04424506,249,0.62250,0.46000,0.46000,-9.39859218e-03,0.52577723,Middle,True,1,0.00250,Near,0.04417
KC,400,1235,contraction,0.62250,0.005082,0.15689541,391,0.97750,0.35500,0.35500,-2.86583154e-03,0.83179930,Far,True,17,0.04250,Near,0.31083
KC,400,1236,rebound,0.97750,0.002216,0.24492895,165,0.41250,-0.56500,0.56500,5.26823665e-02,9.67931172,Middle,False,165,0.41250,Middle,0.07917
KC,400,1237,contraction,0.41250,0.054898,0.11684954,281,0.70250,0.29000,0.29000,-2.60536659e-02,0.49737006,Far,True,107,0.26750,Near,0.03583
KC,400,1238,rebound,0.70250,0.028845,0.18283613,112,0.28000,-0.42250,0.42250,4.64394095e-03,1.14553965,Near,False,112,0.28000,Near,0.05333
KC,400,1239,contraction,0.28000,0.033488,0.07837211,329,0.82250,0.54250,0.54250,-1.89178870e-02,0.46927664,Far,True,36,0.09000,Near,0.15583
KC,400,1240,rebound,0.82250,0.014571,0.20926764,197,0.49250,-0.33000,0.33000,2.44738701e-02,1.87936595,Middle,False,197,0.49250,Middle,0.15917
KC,400,1241,contraction,0.49250,0.039044,0.13288611,77,0.19250,-0.30000,0.30000,-2.20079493e-02,0.54868636,Near,False,77,0.19250,Near,0.14083
KC,400,1242,contraction,0.19250,0.017036,0.05238412,368,0.92000,0.72750,0.72750,-8.21749615e-03,0.49481473,Far,True,1,0.00250,Near,0.25333
KC,400,1243,rebound,0.92000,0.008819,0.23220475,231,0.57750,-0.34250,0.34250,3.98200459e-02,3.39245459,Middle,False,231,0.57750,Middle,0.08917
KC,400,1244,contraction,0.57750,0.048639,0.15653476,145,0.36250,-0.21500,0.21500,-1.54252703e-02,0.70254208,Middle,False,145,0.36250,Middle,0.02917
KC,400,1245,contraction,0.36250,0.033214,0.09892844,295,0.73750,0.37500,0.37500,-1.55794769e-02,0.55508307,Far,True,42,0.10500,Near,0.07083
KC,400,1246,rebound,0.73750,0.017634,0.18878357,99,0.24750,-0.49000,0.49000,3.46445897e-03,1.11076026,Near,False,99,0.24750,Near,0.08583
KC,400,1247,contraction,0.24750,0.021099,0.06714969,347,0.86750,0.62000,0.62000,-1.37059709e-02,0.49024790,Far,True,18,0.04500,Near,0.20083
KC,400,1248,rebound,0.86750,0.007393,0.21872319,188,0.47000,-0.39750,0.39750,3.19856492e-02,2.42429229,Middle,False,188,0.47000,Middle,0.13667
KC,400,1249,contraction,0.47000,0.039378,0.12734461,258,0.64500,0.17500,0.17500,-2.16977709e-02,0.57446516,Middle,True,58,0.14500,Near,0.02167
KC,400,1250,rebound,0.64500,0.017681,0.16567016,70,0.17500,-0.47000,0.47000,5.24219698e-04,1.02244397,Near,False,70,0.17500,Near,0.15833
KC,400,1251,contraction,0.17500,0.018205,0.04830122,378,0.94500,0.77000,0.77000,-1.53236160e-02,0.33490901,Far,True,2,0.00500,Near,0.27833
KC,400,1252,rebound,0.94500,0.002881,0.23697031,169,0.42250,-0.52250,0.52250,4.50581787e-02,4.75884149,Middle,False,169,0.42250,Middle,0.08917
KC,400,1253,contraction,0.42250,0.047939,0.11760986,276,0.69000,0.26750,0.26750,-2.12801667e-02,0.55359170,Far,True,122,0.30500,Near,0.02333
KC,400,1254,rebound,0.69000,0.026659,0.17916482,122,0.30500,-0.38500,0.38500,1.49322445e-03,1.04103991,Near,False,122,0.30500,Near,0.02833
KC,400,1255,contraction,0.30500,0.028152,0.08328812,318,0.79500,0.49000,0.49000,-1.55989300e-02,0.48368544,Far,True,31,0.07750,Near,0.12833
KC,400,1256,rebound,0.79500,0.012554,0.20188839,211,0.52750,-0.26750,0.26750,1.60279493e-02,1.46757984,Middle,False,211,0.52750,Middle,0.13917
KC,400,1257,contraction,0.52750,0.028582,0.13902038,80,0.20000,-0.32750,0.32750,-1.30048287e-02,0.64537968,Near,False,80,0.20000,Near,0.13333
KC,400,1258,contraction,0.20000,0.015577,0.05389417,360,0.90000,0.70000,0.70000,-1.36813899e-02,0.36848902,Far,True,1,0.00250,Near,0.23333
KC,400,1259,rebound,0.90000,0.001895,0.22547382,179,0.44750,-0.45250,0.45250,3.32560125e-02,2.73285128,Middle,False,179,0.44750,Middle,0.11417
KC,400,1260,contraction,0.44750,0.035151,0.12066283,251,0.62750,0.18000,0.18000,-1.93500842e-02,0.59463440,Middle,True,50,0.12500,Near,0.03917
KC,400,1261,contraction,0.62750,0.015801,0.16082531,102,0.25500,-0.37250,0.37250,-1.71696251e-03,0.94688197,Near,False,102,0.25500,Near,0.07833
KC,400,1262,contraction,0.25500,0.014084,0.06727107,398,0.99500,0.74000,0.74000,-1.24291249e-02,0.46408822,Far,True,7,0.01750,Near,0.32833
KC,400,1263,rebound,0.99500,0.001655,0.24916378,225,0.56250,-0.43250,0.43250,4.80005777e-02,22.74927979,Middle,False,225,0.56250,Middle,0.10417
KC,400,1264,contraction,0.56250,0.049656,0.15303893,301,0.75250,0.19000,0.19000,-1.36151860e-02,0.68345507,Far,True,143,0.35750,Middle,0.08583
KC,400,1265,rebound,0.75250,0.036041,0.19713513,144,0.36000,-0.39250,0.39250,1.52434868e-02,1.51085231,Middle,False,144,0.36000,Middle,0.02667
KC,400,1266,contraction,0.36000,0.051284,0.10282100,332,0.83000,0.47000,0.47000,-2.91088379e-02,0.42564795,Far,True,68,0.17000,Near,0.16333
KC,400,1267,rebound,0.83000,0.022175,0.21304379,191,0.47750,-0.35250,0.35250,2.55540289e-02,2.06448065,Middle,False,191,0.47750,Middle,0.14417
KC,400,1268,contraction,0.47750,0.047729,0.13130730,88,0.22000,-0.25750,0.25750,-2.05426754e-02,0.54924532,Near,False,88,0.22000,Near,0.11333
KC,400,1269,contraction,0.22000,0.027187,0.06179663,282,0.70500,0.48500,0.48500,-1.05513324e-02,0.55854936,Far,True,26,0.06500,Near,0.03833
KC,400,1270,contraction,0.70500,0.016635,0.18040880,128,0.32000,-0.38500,0.38500,-3.31767972e-03,0.92232658,Near,False,128,0.32000,Near,0.01333
KC,400,1271,contraction,0.32000,0.013318,0.08332938,372,0.93000,0.61000,0.61000,-4.69380858e-03,0.63415142,Far,True,15,0.03750,Near,0.26333
KC,400,1272,rebound,0.93000,0.008624,0.23465593,234,0.58500,-0.34500,0.34500,3.60600274e-02,2.74486446,Middle,False,234,0.58500,Middle,0.08167
KC,400,1273,contraction,0.58500,0.044684,0.15742093,162,0.40500,-0.18000,0.18000,-1.59457398e-02,0.70471176,Middle,False,162,0.40500,Middle,0.07167
KC,400,1274,contraction,0.40500,0.028738,0.10843450,315,0.78750,0.38250,0.38250,-1.25240689e-02,0.59603826,Far,True,54,0.13500,Near,0.12083
KC,400,1275,rebound,0.78750,0.016214,0.20092848,99,0.24750,-0.54000,0.54000,1.26330426e-02,1.63937349,Near,False,99,0.24750,Near,0.08583
KC,400,1276,contraction,0.24750,0.028847,0.06908674,263,0.65750,0.41000,0.41000,-1.70777636e-02,0.47845224,Middle,True,33,0.08250,Near,0.00917
KC,400,1277,contraction,0.65750,0.011769,0.16731730,53,0.13250,-0.52500,0.52500,-1.78656370e-03,0.91688556,Near,False,53,0.13250,Near,0.20083
KC,400,1278,contraction,0.13250,0.009983,0.03562066,352,0.88000,0.74750,0.74750,-3.17689437e-03,0.54494950,Far,True,1,0.00250,Near,0.21333
KC,400,1279,rebound,0.88000,0.006806,0.22170144,196,0.49000,-0.39000,0.39000,3.20902164e-02,2.39249499,Middle,False,196,0.49000,Middle,0.15667
KC,400,1280,contraction,0.49000,0.038896,0.13222399,133,0.33250,-0.15750,0.15750,-2.45464190e-02,0.54854153,Near,False,133,0.33250,Near,0.00083
KC,400,1281,contraction,0.33250,0.014350,0.08671239,386,0.96500,0.63250,0.63250,-9.76113881e-03,0.58659419,Far,True,6,0.01500,Near,0.29833
KC,400,1282,rebound,0.96500,0.004588,0.24239710,242,0.60500,-0.36000,0.36000,4.52889449e-02,5.68594111,Middle,False,242,0.60500,Middle,0.06167
KC,400,1283,contraction,0.60500,0.049877,0.16371934,167,0.41750,-0.18750,0.18750,-1.47670772e-02,0.72992623,Middle,False,167,0.41750,Middle,0.08417
KC,400,1284,contraction,0.41750,0.035110,0.11315257,304,0.76000,0.34250,0.34250,-1.08725442e-02,0.66442791,Far,True,73,0.18250,Near,0.09333
KC,400,1285,rebound,0.76000,0.024238,0.19605943,104,0.26000,-0.50000,0.50000,7.85881543e-03,1.29066357,Near,False,104,0.26000,Near,0.07333
KC,400,1286,contraction,0.26000,0.032097,0.07302414,338,0.84500,0.58500,0.58500,-1.76422036e-02,0.44761600,Far,True,36,0.09000,Near,0.17833
KC,400,1287,rebound,0.84500,0.014454,0.21486359,210,0.52500,-0.32000,0.32000,2.69861747e-02,2.01591329,Middle,False,210,0.52500,Middle,0.14167
KC,400,1288,contraction,0.52500,0.041441,0.14161013,78,0.19500,-0.33000,0.33000,-2.01400570e-02,0.60310090,Near,False,78,0.19500,Near,0.13833
KC,400,1289,contraction,0.19500,0.021300,0.05407512,277,0.69250,0.49750,0.49750,-8.91856742e-03,0.56504659,Far,True,10,0.02500,Near,0.02583
KC,400,1290,rebound,0.69250,0.012382,0.17622047,146,0.36500,-0.32750,0.32750,4.84081000e-05,1.00118662,Middle,False,146,0.36500,Middle,0.03167
KC,400,1291,contraction,0.36500,0.012430,0.09435758,366,0.91500,0.55000,0.55000,-7.93924782e-03,0.49823614,Far,True,12,0.03000,Near,0.24833
KC,400,1292,rebound,0.91500,0.004491,0.22987276,224,0.56000,-0.35500,0.35500,3.00992611e-02,2.55836536,Middle,False,224,0.56000,Middle,0.10667
KC,400,1293,contraction,0.56000,0.034590,0.14864758,112,0.28000,-0.28000,0.28000,-1.25864756e-02,0.70821348,Near,False,112,0.28000,Near,0.05333
KC,400,1294,contraction,0.28000,0.022004,0.07550096,321,0.80250,0.52250,0.52250,-1.25803202e-02,0.51428270,Far,True,25,0.06250,Near,0.13583
KC,400,1295,rebound,0.80250,0.009424,0.20298088,179,0.44750,-0.35500,0.35500,1.49154188e-02,1.45864902,Middle,False,179,0.44750,Middle,0.11417
KC,400,1296,contraction,0.44750,0.024339,0.11795973,49,0.12250,-0.32500,0.32500,-1.56589325e-02,0.56226496,Near,False,49,0.12250,Near,0.21083
KC,400,1297,contraction,0.12250,0.008680,0.03279500,393,0.98250,0.86000,0.86000,-6.08934997e-03,0.45327633,Far,True,1,0.00250,Near,0.31583
KC,400,1298,rebound,0.98250,0.002591,0.24627266,252,0.63000,-0.35250,0.35250,5.10526428e-02,10.58577426,Middle,False,252,0.63000,Middle,0.03667
KC,400,1299,contraction,0.63000,0.053643,0.17091082,153,0.38250,-0.24750,0.24750,-1.15425633e-02,0.77807976,Middle,False,153,0.38250,Middle,0.04917
KC,400,1300,contraction,0.38250,0.042101,0.10615018,294,0.73500,0.35250,0.35250,-1.59744261e-02,0.56767164,Far,True,86,0.21500,Near,0.06833
KC,400,1301,rebound,0.73500,0.026126,0.19028158,101,0.25250,-0.48250,0.48250,3.19682512e-03,1.09902597,Near,False,101,0.25250,Near,0.08083
KC,400,1302,contraction,0.25250,0.029323,0.07045578,345,0.86250,0.61000,0.61000,-1.38722186e-02,0.48665786,Far,True,24,0.06000,Near,0.19583
KC,400,1303,rebound,0.86250,0.015451,0.21948773,203,0.50750,-0.35500,0.35500,3.14250674e-02,2.34099373,Middle,False,203,0.50750,Middle,0.15917
KC,400,1304,contraction,0.50750,0.046876,0.13859400,266,0.66500,0.15750,0.15750,-2.58382558e-02,0.55521926,Middle,True,129,0.32250,Near,0.00167
KC,400,1305,rebound,0.66500,0.021038,0.17150943,124,0.31000,-0.35500,0.35500,6.66062996e-03,1.23866433,Near,False,124,0.31000,Near,0.02333
KC,400,1306,contraction,0.31000,0.027698,0.08442459,375,0.93750,0.62750,0.62750,-2.04451238e-02,0.39451232,Far,True,38,0.09500,Near,0.27083
KC,400,1307,rebound,0.93750,0.007253,0.23618831,185,0.46250,-0.47500,0.47500,4.09047761e-02,4.63443371,Middle,False,185,0.46250,Middle,0.12917
KC,400,1308,contraction,0.46250,0.048158,0.12766450,307,0.76750,0.30500,0.30500,-2.16350216e-02,0.56694472,Far,True,79,0.19750,Near,0.10083
KC,400,1309,rebound,0.76750,0.026523,0.19850575,140,0.35000,-0.41750,0.41750,1.39579462e-02,1.59393472,Middle,False,140,0.35000,Middle,0.01667
KC,400,1310,contraction,0.35000,0.040481,0.09762023,239,0.59750,0.24750,0.24750,-2.07948058e-02,0.53089404,Middle,True,64,0.16000,Near,0.06917
KC,400,1311,contraction,0.59750,0.019686,0.15429653,67,0.16750,-0.43000,0.43000,-3.20600095e-03,0.87393363,Near,False,67,0.16750,Near,0.16583
KC,400,1312,contraction,0.16750,0.016480,0.04599503,355,0.88750,0.72000,0.72000,-8.15763888e-03,0.42182796,Far,True,1,0.00250,Near,0.22083
KC,400,1313,rebound,0.88750,0.008322,0.22395562,209,0.52250,-0.36500,0.36500,2.52315051e-02,1.82892352,Middle,False,209,0.52250,Middle,0.14417
KC,400,1314,contraction,0.52250,0.033554,0.13901350,105,0.26250,-0.26000,0.26000,-1.60502720e-02,0.63402380,Near,False,105,0.26250,Near,0.07083
KC,400,1315,contraction,0.26250,0.017504,0.07000093,325,0.81250,0.55000,0.55000,-7.15376635e-03,0.63890064,Far,True,7,0.01750,Near,0.14583
KC,400,1316,rebound,0.81250,0.010350,0.20571249,167,0.41750,-0.39500,0.39500,1.25313350e-02,1.33532654,Middle,False,167,0.41750,Middle,0.08417
KC,400,1317,contraction,0.41750,0.022881,0.11009532,279,0.69750,0.28000,0.28000,-1.40734392e-02,0.62547165,Far,True,37,0.09250,Near,0.03083
KC,400,1318,rebound,0.69750,0.008808,0.17657696,76,0.19000,-0.50750,0.50750,4.99484729e-03,1.29430530,Near,False,76,0.19000,Near,0.14333
KC,400,1319,contraction,0.19000,0.013803,0.05095067,383,0.95750,0.76750,0.76750,-1.11694688e-02,0.36111632,Far,True,1,0.00250,Near,0.29083
KC,400,1320,rebound,0.95750,0.002633,0.24003331,222,0.55500,-0.40250,0.40250,4.45110270e-02,4.04786448,Middle,False,222,0.55500,Middle,0.11167
KC,400,1321,contraction,0.55500,0.047144,0.15053606,135,0.33750,-0.21750,0.21750,-1.71347832e-02,0.66766713,Middle,False,135,0.33750,Middle,0.00417
KC,400,1322,contraction,0.33750,0.030009,0.09187737,299,0.74750,0.41000,0.41000,-1.42320167e-02,0.55276868,Far,True,35,0.08750,Near,0.08083
KC,400,1323,rebound,0.74750,0.015777,0.19081936,181,0.45250,-0.29500,0.29500,3.64837786e-03,1.09447291,Middle,False,181,0.45250,Middle,0.11917
KC,400,1324,contraction,0.45250,0.019426,0.11798146,49,0.12250,-0.33000,0.33000,-1.09983383e-02,0.58533134,Near,False,49,0.12250,Near,0.21083
KC,400,1325,contraction,0.12250,0.008427,0.03273187,342,0.85500,0.73250,0.73250,-2.94105608e-03,0.58210606,Far,True,1,0.00250,Near,0.18833
KC,400,1326,rebound,0.85500,0.005486,0.21512161,246,0.61500,-0.24000,0.24000,1.87722010e-02,1.58737580,Middle,False,246,0.61500,Middle,0.05167
KC,400,1327,contraction,0.61500,0.024259,0.15981466,111,0.27750,-0.33750,0.33750,-1.35205669e-03,0.95969404,Near,False,111,0.27750,Near,0.05583
KC,400,1328,contraction,0.27750,0.022907,0.07510165,396,0.99000,0.71250,0.71250,-2.11111628e-02,0.37983729,Far,True,8,0.02000,Near,0.32333
KC,400,1329,rebound,0.99000,0.001795,0.24794886,200,0.50000,-0.49000,0.49000,5.33534781e-02,8.37093420,Middle,False,200,0.50000,Middle,0.16667
KC,400,1330,contraction,0.50000,0.055149,0.13878722,273,0.68250,0.18250,0.18250,-2.00422221e-02,0.60187177,Far,True,148,0.37000,Middle,0.01583
KC,400,1331,rebound,0.68250,0.035107,0.17940167,142,0.35500,-0.32750,0.32750,2.05814433e-03,1.05278172,Middle,False,142,0.35500,Middle,0.02167
KC,400,1332,contraction,0.35500,0.037165,0.09804121,329,0.82250,0.46750,0.46750,-1.74828040e-02,0.48027378,Far,True,64,0.16000,Near,0.15583
KC,400,1333,rebound,0.82250,0.019682,0.21054550,171,0.42750,-0.39500,0.39500,1.58281974e-02,1.68983996,Middle,False,171,0.42750,Middle,0.09417
KC,400,1334,contraction,0.42750,0.035510,0.11575255,72,0.18000,-0.24750,0.24750,-1.85552009e-02,0.55645825,Near,False,72,0.18000,Near,0.15333
KC,400,1335,contraction,0.18000,0.016955,0.04923875,362,0.90500,0.72500,0.72500,-3.71755655e-03,0.62774580,Far,True,1,0.00250,Near,0.23833
KC,400,1336,rebound,0.90500,0.013237,0.22955936,233,0.58250,-0.32250,0.32250,3.39326644e-02,2.59000691,Middle,False,233,0.58250,Middle,0.08417
KC,400,1337,contraction,0.58250,0.047170,0.15741753,122,0.30500,-0.27750,0.27750,-1.85059563e-02,0.64763908,Near,False,122,0.30500,Near,0.02833
KC,400,1338,contraction,0.30500,0.028664,0.08341604,293,0.73250,0.42750,0.42750,-7.47739790e-03,0.68686329,Far,True,30,0.07500,Near,0.06583
KC,400,1339,contraction,0.73250,0.021187,0.18842169,191,0.47750,-0.25500,0.25500,-2.05908607e-03,0.95803703,Middle,False,191,0.47750,Middle,0.14417
KC,400,1340,contraction,0.47750,0.019128,0.12415692,50,0.12500,-0.35250,0.35250,-1.06299732e-02,0.61363645,Near,False,50,0.12500,Near,0.20833
KC,400,1341,contraction,0.12500,0.008498,0.03337443,370,0.92500,0.80000,0.80000,-1.11759443e-03,0.68912786,Far,True,1,0.00250,Near,0.25833
KC,400,1342,rebound,0.92500,0.007380,0.23309503,254,0.63500,-0.29000,0.29000,3.13687214e-02,2.41505389,Middle,False,254,0.63500,Middle,0.03167
KC,400,1343,contraction,0.63500,0.038749,0.16843721,146,0.36500,-0.27000,0.27000,-3.93428183e-03,0.90855440,Middle,False,146,0.36500,Middle,0.03167
KC,400,1344,contraction,0.36500,0.034815,0.09995364,316,0.79000,0.42500,0.42500,-1.80439491e-02,0.48563218,Far,True,82,0.20500,Near,0.12333
KC,400,1345,rebound,0.79000,0.016771,0.20169265,103,0.25750,-0.53250,0.53250,1.30773785e-02,1.54474215,Near,False,103,0.25750,Near,0.07583
KC,400,1346,contraction,0.25750,0.029848,0.07183700,219,0.54750,0.29000,0.29000,-1.76519237e-02,0.50222623,Middle,True,25,0.06250,Near,0.11917
KC,400,1347,contraction,0.54750,0.012196,0.13992401,349,0.87250,0.32500,0.32500,-6.99168118e-03,0.69589586,Far,True,30,0.07500,Near,0.20583
KC,400,1348,rebound,0.87250,0.005204,0.21942609,165,0.41250,-0.46000,0.46000,2.84491086e-02,3.13374194,Middle,False,165,0.41250,Middle,0.07917
KC,400,1349,contraction,0.41250,0.033653,0.11153837,278,0.69500,0.28250,0.28250,-2.10292410e-02,0.53476834,Far,True,63,0.15750,Near,0.02833
KC,400,1350,rebound,0.69500,0.012624,0.17690606,80,0.20000,-0.49500,0.49500,9.07360462e-03,1.52154767,Near,False,80,0.20000,Near,0.13333
KC,400,1351,contraction,0.20000,0.021698,0.05542446,388,0.97000,0.77000,0.77000,-1.81968849e-02,0.34656900,Far,True,11,0.02750,Near,0.30333
KC,400,1352,rebound,0.97000,0.003501,0.24337524,202,0.50500,-0.46500,0.46500,5.06478924e-02,5.97179002,Middle,False,202,0.50500,Middle,0.16167
KC,400,1353,contraction,0.50500,0.054149,0.13978721,261,0.65250,0.14750,0.14750,-2.46004473e-02,0.57063861,Middle,True,130,0.32500,Near,0.01417
KC,400,1354,rebound,0.65250,0.029548,0.17051210,125,0.31250,-0.34000,0.34000,3.80498195e-03,1.11662338,Near,False,125,0.31250,Near,0.02083
KC,400,1355,contraction,0.31250,0.033353,0.08646335,332,0.83000,0.51750,0.51750,-1.76145571e-02,0.44776058,Far,True,42,0.10500,Near,0.16333
KC,400,1356,rebound,0.83000,0.015739,0.21143471,176,0.44000,-0.39000,0.39000,1.82170628e-02,1.54058485,Middle,False,176,0.44000,Middle,0.10667
KC,400,1357,contraction,0.44000,0.033956,0.11848897,63,0.15750,-0.28250,0.28250,-1.98274676e-02,0.53649752,Near,False,63,0.15750,Near,0.17583
KC,400,1358,contraction,0.15750,0.014128,0.04290711,303,0.75750,0.60000,0.60000,-3.83508536e-03,0.67275373,Far,True,1,0.00250,Near,0.09083
KC,400,1359,rebound,0.75750,0.010293,0.19194834,227,0.56750,-0.19000,0.19000,3.88483750e-03,1.08986921,Middle,False,227,0.56750,Middle,0.09917
KC,400,1360,contraction,0.56750,0.014178,0.14541955,98,0.24500,-0.32250,0.32250,-4.25794329e-03,0.86484583,Near,False,98,0.24500,Near,0.08833
KC,400,1361,contraction,0.24500,0.009920,0.06373006,377,0.94250,0.69750,0.69750,-5.30437806e-03,0.44613204,Far,True,1,0.00250,Near,0.27583
KC,400,1362,rebound,0.94250,0.004616,0.23677897,189,0.47250,-0.47000,0.47000,3.14293524e-02,2.24016317,Middle,False,189,0.47250,Middle,0.13917
KC,400,1363,contraction,0.47250,0.036045,0.12713630,285,0.71250,0.24000,0.24000,-1.75381492e-02,0.60418613,Far,True,133,0.33250,Near,0.04583
KC,400,1364,rebound,0.71250,0.018507,0.18275177,131,0.32750,-0.38500,0.38500,8.31931060e-03,1.26982533,Near,False,131,0.32750,Near,0.00583
KC,400,1365,contraction,0.32750,0.026826,0.08858159,353,0.88250,0.55500,0.55500,-1.86475428e-02,0.43755046,Far,True,37,0.09250,Near,0.21583
KC,400,1366,rebound,0.88250,0.008179,0.22266971,213,0.53250,-0.35000,0.35000,2.92086031e-02,2.85954243,Middle,False,213,0.53250,Middle,0.13417
KC,400,1367,contraction,0.53250,0.037387,0.14247186,84,0.21000,-0.32250,0.32250,-1.35943352e-02,0.65508178,Near,False,84,0.21000,Near,0.12333
KC,400,1368,contraction,0.21000,0.023793,0.05844828,313,0.78250,0.57250,0.57250,-1.39230204e-02,0.45412211,Far,True,18,0.04500,Near,0.11583
KC,400,1369,rebound,0.78250,0.009870,0.19809252,158,0.39500,-0.38750,0.38750,1.47603247e-02,1.45536848,Middle,False,158,0.39500,Middle,0.06167
KC,400,1370,contraction,0.39500,0.024630,0.10490760,255,0.63750,0.24250,0.24250,-2.01969281e-02,0.54765102,Middle,True,35,0.08750,Near,0.02917
KC,400,1371,rebound,0.63750,0.004433,0.16048337,50,0.12500,-0.51250,0.51250,4.44113535e-03,1.40027339,Near,False,50,0.12500,Near,0.20833
KC,400,1372,contraction,0.12500,0.008875,0.03346865,391,0.97750,0.85250,0.85250,-7.42875193e-03,0.24060498,Far,True,1,0.00250,Near,0.31083
KC,400,1373,rebound,0.97750,0.001446,0.24473647,194,0.48500,-0.49250,0.49250,4.37783997e-02,3.75488269,Middle,False,194,0.48500,Middle,0.15167
KC,400,1374,contraction,0.48500,0.045224,0.13255606,291,0.72750,0.24250,0.24250,-2.14785828e-02,0.57113004,Far,True,116,0.29000,Near,0.06083
KC,400,1375,rebound,0.72750,0.023746,0.18781142,120,0.30000,-0.42750,0.42750,1.35048604e-02,1.53456127,Near,False,120,0.30000,Near,0.03333
KC,400,1376,contraction,0.30000,0.037251,0.08431263,339,0.84750,0.54750,0.54750,-2.30754531e-02,0.42515584,Far,True,36,0.09000,Near,0.18083
KC,400,1377,rebound,0.84750,0.014175,0.21541877,173,0.43250,-0.41500,0.41500,2.62663235e-02,1.99254234,Middle,False,173,0.43250,Middle,0.09917
KC,400,1378,contraction,0.43250,0.040441,0.11823535,242,0.60500,0.17250,0.17250,-2.11034348e-02,0.57335728,Middle,True,75,0.18750,Near,0.06167
KC,400,1379,contraction,0.60500,0.019338,0.15608449,76,0.19000,-0.41500,0.41500,-1.71205395e-03,0.93409364,Near,False,76,0.19000,Near,0.14333
KC,400,1380,contraction,0.19000,0.017626,0.05190648,365,0.91250,0.72250,0.72250,-1.06618034e-02,0.34936084,Far,True,1,0.00250,Near,0.24583
KC,400,1381,rebound,0.91250,0.006964,0.22986603,208,0.52000,-0.39250,0.39250,3.06447219e-02,2.22221487,Middle,False,208,0.52000,Middle,0.14667
KC,400,1382,contraction,0.52000,0.037609,0.13940221,129,0.32250,-0.19750,0.19750,-1.73560548e-02,0.64090599,Near,False,129,0.32250,Near,0.01083
KC,400,1383,contraction,0.32250,0.020253,0.08568820,308,0.77000,0.44750,0.44750,-6.92351982e-03,0.68902351,Far,True,23,0.05750,Near,0.10333
KC,400,1384,rebound,0.77000,0.013329,0.19583232,92,0.23000,-0.54000,0.54000,2.34399939e-03,1.07297864,Near,False,92,0.23000,Near,0.10333
KC,400,1385,contraction,0.23000,0.015673,0.06141832,269,0.67250,0.44250,0.44250,-8.57461810e-03,0.61287006,Far,True,5,0.01250,Near,0.00583
KC,400,1386,contraction,0.67250,0.007099,0.16989966,36,0.09000,-0.58250,0.58250,-2.56529717e-03,0.90757713,Near,False,36,0.09000,Near,0.24333
KC,400,1387,contraction,0.09000,0.004533,0.02363334,381,0.95250,0.86250,0.86250,-2.07005753e-03,0.37943357,Far,True,1,0.00250,Near,0.28583
KC,400,1388,rebound,0.95250,0.002463,0.23874082,184,0.46000,-0.49250,0.49250,4.78417112e-02,5.22258933,Middle,False,184,0.46000,Middle,0.12667
KC,400,1389,contraction,0.46000,0.050305,0.12757625,235,0.58750,0.12750,0.12750,-2.67086624e-02,0.53708758,Middle,True,145,0.36250,Middle,0.07917
KC,400,1390,contraction,0.58750,0.023596,0.15277408,110,0.27500,-0.31250,0.31250,-6.90739892e-03,0.81693586,Near,False,110,0.27500,Near,0.05833
KC,400,1391,contraction,0.27500,0.016689,0.07292223,328,0.82000,0.54500,0.54500,-4.02849527e-03,0.72832104,Far,True,1,0.00250,Near,0.15333
KC,400,1392,rebound,0.82000,0.012660,0.20816511,156,0.39000,-0.43000,0.43000,9.46083914e-03,1.23695603,Middle,False,156,0.39000,Middle,0.05667
KC,400,1393,contraction,0.39000,0.022121,0.10303032,287,0.71750,0.32750,0.32750,-1.53068219e-02,0.58206395,Far,True,45,0.11250,Near,0.05083
KC,400,1394,rebound,0.71750,0.006814,0.18107862,69,0.17250,-0.54500,0.54500,7.92602604e-03,1.50305460,Near,False,69,0.17250,Near,0.16083
KC,400,1395,contraction,0.17250,0.014740,0.04681012,358,0.89500,0.72250,0.72250,-1.16578462e-02,0.37466000,Far,True,1,0.00250,Near,0.22833
KC,400,1396,rebound,0.89500,0.003083,0.22452066,201,0.50250,-0.39250,0.39250,3.60637606e-02,2.79762799,Middle,False,201,0.50250,Middle,0.16417
KC,400,1397,contraction,0.50250,0.039146,0.13541160,124,0.31000,-0.19250,0.19250,-2.27688435e-02,0.56711869,Near,False,124,0.31000,Near,0.02333
KC,400,1398,contraction,0.31000,0.016378,0.08159439,317,0.79250,0.48250,0.48250,-1.29684671e-02,0.58286305,Far,True,11,0.02750,Near,0.12583
KC,400,1399,rebound,0.79250,0.003409,0.19897727,226,0.56500,-0.22750,0.22750,1.35787500e-02,1.78123183,Middle,False,226,0.56500,Middle,0.10167
KC,400,1400,contraction,0.56500,0.016988,0.14549696,80,0.20000,-0.36500,0.36500,-4.46714095e-03,0.84163704,Near,False,80,0.20000,Near,0.13333
KC,400,1401,contraction,0.20000,0.012521,0.05313018,399,0.99750,0.79750,0.79750,-1.13064904e-02,0.35051391,Far,True,1,0.00250,Near,0.33083
KC,400,1402,rebound,0.99750,0.001214,0.24967855,177,0.44250,-0.55500,0.55500,4.87670743e-02,6.48799746,Middle,False,177,0.44250,Middle,0.10917
KC,400,1403,contraction,0.44250,0.049981,0.12312032,266,0.66500,0.22250,0.22250,-1.55700549e-02,0.63913803,Middle,True,138,0.34500,Middle,0.00167
KC,400,1404,contraction,0.66500,0.034411,0.17485281,115,0.28750,-0.37750,0.37750,-7.81444737e-03,0.83252527,Near,False,115,0.28750,Near,0.04583
KC,400,1405,contraction,0.28750,0.026597,0.07852420,343,0.85750,0.57000,0.57000,-8.69822232e-03,0.55758610,Far,True,29,0.07250,Near,0.19083
KC,400,1406,rebound,0.85750,0.017899,0.21884964,212,0.53000,-0.32750,0.32750,2.14111823e-02,1.64716005,Middle,False,212,0.53000,Middle,0.13667
KC,400,1407,contraction,0.53000,0.039310,0.14232744,295,0.73750,0.20750,0.20750,-1.90685111e-02,0.62921851,Far,True,89,0.22250,Near,0.07083
KC,400,1408,rebound,0.73750,0.020241,0.18943531,140,0.35000,-0.38750,0.38750,1.66581395e-02,1.76778370,Middle,False,140,0.35000,Middle,0.01667
KC,400,1409,contraction,0.35000,0.036899,0.09672484,56,0.14000,-0.21000,0.21000,-2.53392408e-02,0.42371956,Near,False,56,0.14000,Near,0.19333
KC,400,1410,contraction,0.14000,0.011560,0.03789003,372,0.93000,0.79000,0.79000,-2.42253032e-03,0.51659223,Far,True,1,0.00250,Near,0.26333
KC,400,1411,rebound,0.93000,0.009138,0.23478440,240,0.60000,-0.33000,0.33000,3.74244227e-02,3.02011965,Middle,False,240,0.60000,Middle,0.06667
KC,400,1412,contraction,0.60000,0.046562,0.16164051,165,0.41250,-0.18750,0.18750,-1.28612325e-02,0.75311650,Middle,False,165,0.41250,Middle,0.07917
KC,400,1413,contraction,0.41250,0.033701,0.11155020,322,0.80500,0.39250,0.39250,-1.70744483e-02,0.54352248,Far,True,85,0.21250,Near,0.13833
KC,400,1414,rebound,0.80500,0.016626,0.20540659,106,0.26500,-0.54000,0.54000,1.74551341e-02,1.83697960,Near,False,106,0.26500,Near,0.06833
KC,400,1415,contraction,0.26500,0.034081,0.07477037,273,0.68250,0.41750,0.41750,-1.78380007e-02,0.48915059,Far,True,34,0.08500,Near,0.01583
KC,400,1416,contraction,0.68250,0.016243,0.17468587,190,0.47500,-0.20750,0.20750,-7.79382588e-04,0.98242325,Middle,False,190,0.47500,Middle,0.14167
KC,400,1417,contraction,0.47500,0.015464,0.12261602,44,0.11000,-0.36500,0.36500,-8.81003551e-03,0.63660760,Near,False,44,0.11000,Near,0.22333
KC,400,1418,contraction,0.11000,0.006654,0.02916351,385,0.96250,0.85250,0.85250,-1.67145417e-03,0.52719855,Far,True,1,0.00250,Near,0.29583
KC,400,1419,rebound,0.96250,0.004983,0.24187065,222,0.55500,-0.40750,0.40750,3.61696253e-02,2.74768434,Middle,False,222,0.55500,Middle,0.11167
KC,400,1420,contraction,0.55500,0.041152,0.14903806,128,0.32000,-0.23500,0.23500,-1.36476970e-02,0.70637273,Near,False,128,0.32000,Near,0.01333
KC,400,1421,contraction,0.32000,0.027505,0.08687613,335,0.83750,0.51750,0.51750,-8.12471417e-03,0.64367497,Far,True,19,0.04750,Near,0.17083
KC,400,1422,rebound,0.83750,0.019380,0.21421995,253,0.63250,-0.20500,0.20500,1.33722139e-02,1.36847925,Middle,False,253,0.63250,Middle,0.03417
KC,400,1423,contraction,0.63250,0.032752,0.16631301,150,0.37500,-0.25750,0.25750,-2.06281398e-03,0.94979250,Middle,False,150,0.37500,Middle,0.04167
KC,400,1424,contraction,0.37500,0.030689,0.10142230,354,0.88500,0.51000,0.51000,-1.98883748e-02,0.48120346,Far,True,65,0.16250,Near,0.21833
KC,400,1425,rebound,0.88500,0.010801,0.22395021,197,0.49250,-0.39250,0.39250,3.07011884e-02,3.88282520,Middle,False,197,0.49250,Middle,0.15917
KC,400,1426,contraction,0.49250,0.041502,0.13350051,86,0.21500,-0.27750,0.27750,-1.54851107e-02,0.60631652,Near,False,86,0.21500,Near,0.11833
KC,400,1427,contraction,0.21500,0.026017,0.06025423,300,0.75000,0.53500,0.53500,-8.03309789e-03,0.58804301,Far,True,20,0.05000,Near,0.08333
KC,400,1428,contraction,0.75000,0.017984,0.19199596,163,0.40750,-0.34250,0.34250,-5.31197249e-04,0.98867079,Middle,False,163,0.40750,Middle,0.07417
KC,400,1429,contraction,0.40750,0.017453,0.10623816,368,0.92000,0.51250,0.51250,-1.30508823e-02,0.59279993,Far,True,34,0.08500,Near,0.25333
KC,400,1430,rebound,0.92000,0.004402,0.23110044,233,0.58250,-0.33750,0.33750,3.85079074e-02,5.98602411,Middle,False,233,0.58250,Middle,0.08417
KC,400,1431,contraction,0.58250,0.042910,0.15635241,112,0.28000,-0.30250,0.30250,-1.01836817e-02,0.75868362,Near,False,112,0.28000,Near,0.05333
KC,400,1432,contraction,0.28000,0.032726,0.07818149,284,0.71000,0.43000,0.43000,-1.67726554e-02,0.49170338,Far,True,40,0.10000,Near,0.04333
KC,400,1433,rebound,0.71000,0.015953,0.18148833,67,0.16750,-0.54250,0.54250,4.05138659e-04,1.01633386,Near,False,67,0.16750,Near,0.16583
KC,400,1434,contraction,0.16750,0.016358,0.04596461,326,0.81500,0.64750,0.64750,-1.15567798e-02,0.43080513,Far,True,1,0.00250,Near,0.14833
KC,400,1435,rebound,0.81500,0.004802,0.20495042,180,0.45000,-0.36500,0.36500,2.61322206e-02,2.06485306,Middle,False,180,0.45000,Middle,0.11667
KC,400,1436,contraction,0.45000,0.030934,0.12023347,38,0.09500,-0.35500,0.35500,-2.59937986e-02,0.50462572,Near,False,38,0.09500,Near,0.23833
KC,400,1437,contraction,0.09500,0.004940,0.02498502,395,0.98750,0.89250,0.89250,-2.34214154e-03,0.51480522,Far,True,1,0.00250,Near,0.32083
KC,400,1438,rebound,0.98750,0.002598,0.24752449,217,0.54250,-0.44500,0.44500,5.48008095e-02,12.48859253,Middle,False,217,0.54250,Middle,0.12417
KC,400,1439,contraction,0.54250,0.057399,0.14997469,138,0.34500,-0.19750,0.19750,-2.11761903e-02,0.61796183,Middle,False,138,0.34500,Middle,0.01167
KC,400,1440,contraction,0.34500,0.036223,0.09530564,305,0.76250,0.41750,0.41750,-1.00667756e-02,0.66679243,Far,True,81,0.20250,Near,0.09583
KC,400,1441,rebound,0.76250,0.026156,0.19716395,249,0.62250,-0.14000,0.14000,3.05050415e-03,1.07048008,Middle,False,249,0.62250,Middle,0.04417
KC,400,1442,contraction,0.62250,0.029206,0.16292657,100,0.25000,-0.37250,0.37250,-9.66649291e-04,0.96943621,Near,False,100,0.25000,Near,0.08333
KC,400,1443,contraction,0.25000,0.028240,0.06955991,348,0.87000,0.62000,0.62000,-1.56822241e-02,0.38240584,Far,True,21,0.05250,Near,0.20333
KC,400,1444,rebound,0.87000,0.012557,0.22063936,187,0.46750,-0.40250,0.40250,2.87152655e-02,2.12782520,Middle,False,187,0.46750,Middle,0.13417
KC,400,1445,contraction,0.46750,0.041273,0.12719317,271,0.67750,0.21000,0.21000,-2.43362805e-02,0.53517118,Far,True,73,0.18250,Near,0.01083
KC,400,1446,rebound,0.67750,0.016936,0.17360910,119,0.29750,-0.38000,0.38000,7.17508847e-03,1.33339370,Near,False,119,0.29750,Near,0.03583
KC,400,1447,contraction,0.29750,0.024111,0.08040287,376,0.94000,0.64250,0.64250,-1.67438174e-02,0.38954549,Far,True,31,0.07750,Near,0.27333
KC,400,1448,rebound,0.94000,0.007368,0.23684192,207,0.51750,-0.42250,0.42250,3.92522569e-02,3.62911254,Middle,False,207,0.51750,Middle,0.14917
KC,400,1449,contraction,0.51750,0.046620,0.14102998,83,0.20750,-0.31000,0.31000,-2.11747556e-02,0.60050797,Near,False,83,0.20750,Near,0.12583
KC,400,1450,contraction,0.20750,0.025445,0.05823630,314,0.78500,0.57750,0.57750,-4.55670985e-03,0.68434363,Far,True,20,0.05000,Near,0.11833
KC,400,1451,rebound,0.78500,0.020888,0.20147212,161,0.40250,-0.38250,0.38250,1.01986393e-02,1.26701063,Middle,False,161,0.40250,Middle,0.06917
KC,400,1452,contraction,0.40250,0.031087,0.10839678,260,0.65000,0.24750,0.24750,-1.89980308e-02,0.56583856,Middle,True,41,0.10250,Near,0.01667
KC,400,1453,contraction,0.65000,0.012089,0.16552227,57,0.14250,-0.50750,0.50750,-4.16601749e-04,0.97999570,Near,False,57,0.14250,Near,0.19083
KC,400,1454,contraction,0.14250,0.011672,0.03854312,360,0.90000,0.75750,0.75750,-4.91174976e-03,0.43635943,Far,True,1,0.00250,Near,0.23333
KC,400,1455,rebound,0.90000,0.006761,0.22669018,192,0.48000,-0.42000,0.42000,3.05547168e-02,2.25039177,Middle,False,192,0.48000,Middle,0.14667
KC,400,1456,contraction,0.48000,0.037315,0.12932886,290,0.72500,0.24500,0.24500,-2.17091088e-02,0.55969635,Far,True,112,0.28000,Near,0.05833
KC,400,1457,rebound,0.72500,0.015606,0.18515158,124,0.31000,-0.41500,0.41500,1.52566413e-02,1.68517194,Near,False,124,0.31000,Near,0.02333
KC,400,1458,contraction,0.31000,0.030863,0.08521574,337,0.84250,0.53250,0.53250,-2.66600273e-02,0.41650905,Far,True,32,0.08000,Near,0.17583
KC,400,1459,rebound,0.84250,0.004203,0.21167574,171,0.42750,-0.41500,0.41500,2.76981348e-02,3.35611937,Middle,False,171,0.42750,Middle,0.09417
KC,400,1460,contraction,0.42750,0.031901,0.11485027,70,0.17500,-0.25250,0.25250,-2.05626014e-02,0.56593241,Near,False,70,0.17500,Near,0.15833
KC,400,1461,contraction,0.17500,0.011338,0.04658462,389,0.97250,0.79750,0.79750,-7.86369124e-03,0.57707292,Far,True,1,0.00250,Near,0.30583
KC,400,1462,rebound,0.97250,0.003475,0.24399370,234,0.58500,-0.38750,0.38750,5.41101382e-02,12.34626626,Middle,False,234,0.58500,Middle,0.08167
KC,400,1463,contraction,0.58500,0.057585,0.16064623,144,0.36000,-0.22500,0.22500,-2.24932462e-02,0.62652727,Middle,False,144,0.36000,Middle,0.02667
KC,400,1464,contraction,0.36000,0.035092,0.09877292,298,0.74500,0.38500,0.38500,-1.07028818e-02,0.65797533,Far,True,42,0.10500,Near,0.07833
KC,400,1465,rebound,0.74500,0.024389,0.19234720,210,0.52500,-0.22000,0.22000,1.77198043e-03,1.03835904,Middle,False,210,0.52500,Middle,0.14167
KC,400,1466,contraction,0.52500,0.026161,0.13779020,88,0.22000,-0.30500,0.30500,-9.25934198e-03,0.72475330,Near,False,88,0.22000,Near,0.11333
KC,400,1467,contraction,0.22000,0.016901,0.05922536,351,0.87750,0.65750,0.65750,-8.21415300e-03,0.49106459,Far,True,5,0.01250,Near,0.21083
KC,400,1468,rebound,0.87750,0.008687,0.22154682,252,0.63000,-0.24750,0.24750,2.22590755e-02,1.76498890,Middle,False,252,0.63000,Middle,0.03667
KC,400,1469,contraction,0.63000,0.030946,0.16523659,130,0.32500,-0.30500,0.30500,-2.10832769e-03,0.94503815,Near,False,130,0.32500,Near,0.00833
KC,400,1470,contraction,0.32500,0.028838,0.08845951,321,0.80250,0.47750,0.47750,-2.12594149e-02,0.43005115,Far,True,37,0.09250,Near,0.13583
KC,400,1471,rebound,0.80250,0.007579,0.20251966,179,0.44750,-0.35500,0.35500,1.99517353e-02,2.12139508,Middle,False,179,0.44750,Middle,0.11417
KC,400,1472,contraction,0.44750,0.027530,0.11875759,55,0.13750,-0.31000,0.31000,-1.63768871e-02,0.51589715,Near,False,55,0.13750,Near,0.19583
KC,400,1473,contraction,0.13750,0.011153,0.03716337,380,0.95000,0.81250,0.81250,-7.34311344e-03,0.38340955,Far,True,1,0.00250,Near,0.28333
KC,400,1474,rebound,0.95000,0.003810,0.23845259,225,0.56250,-0.38750,0.38750,4.20386034e-02,3.94894830,Middle,False,225,0.56250,Middle,0.10417
KC,400,1475,contraction,0.56250,0.045849,0.15208724,116,0.29000,-0.27250,0.27250,-1.73536525e-02,0.66478035,Near,False,116,0.29000,Near,0.04333
KC,400,1476,contraction,0.29000,0.028495,0.07962383,282,0.70500,0.41500,0.41500,-8.50951924e-03,0.66112500,Far,True,21,0.05250,Near,0.03833
KC,400,1477,contraction,0.70500,0.019986,0.18124645,159,0.39750,-0.30750,0.30750,-5.27853956e-03,0.89171174,Middle,False,159,0.39750,Middle,0.06417
KC,400,1478,contraction,0.39750,0.014707,0.10305181,341,0.85250,0.45500,0.45500,-8.38756175e-03,0.62866260,Far,True,27,0.06750,Near,0.18583
KC,400,1479,rebound,0.85250,0.006320,0.21470492,200,0.50000,-0.35250,0.35250,1.96810177e-02,2.28524104,Middle,False,200,0.50000,Middle,0.16667
KC,400,1480,contraction,0.50000,0.026001,0.13150018,74,0.18500,-0.31500,0.31500,-1.00671033e-02,0.67697632,Near,False,74,0.18500,Near,0.14833
KC,400,1481,contraction,0.18500,0.015934,0.05023340,307,0.76750,0.58250,0.58250,-1.25214337e-02,0.42954002,Far,True,1,0.00250,Near,0.10083
KC,400,1482,rebound,0.76750,0.003412,0.19272804,134,0.33500,-0.43250,0.43250,8.81435365e-03,1.30057200,Middle,False,134,0.33500,Middle,0.00167
KC,400,1483,contraction,0.33500,0.012227,0.08680663,393,0.98250,0.64750,0.64750,-1.04682793e-02,0.55042297,Far,True,8,0.02000,Near,0.31583
KC,400,1484,rebound,0.98250,0.001758,0.24606456,241,0.60250,-0.38000,0.38000,5.06824397e-02,7.71151962,Middle,False,241,0.60250,Middle,0.06417
KC,400,1485,contraction,0.60250,0.052441,0.16373517,171,0.42750,-0.17500,0.17500,-1.61594052e-02,0.71299964,Middle,False,171,0.42750,Middle,0.09417
KC,400,1486,contraction,0.42750,0.036281,0.11594532,289,0.72250,0.29500,0.29500,-1.73695340e-02,0.58713800,Far,True,84,0.21000,Near,0.05583
KC,400,1487,rebound,0.72250,0.018912,0.18535294,97,0.24250,-0.48000,0.48000,9.88522946e-03,1.42811537,Near,False,97,0.24250,Near,0.09083
KC,400,1488,contraction,0.24250,0.028797,0.06782424,363,0.90750,0.66500,0.66500,-1.62836577e-02,0.38856026,Far,True,30,0.07500,Near,0.24083
KC,400,1489,rebound,0.90750,0.012513,0.23000333,211,0.52750,-0.38000,0.38000,3.56802891e-02,2.65084335,Middle,False,211,0.52750,Middle,0.13917
KC,400,1490,contraction,0.52750,0.048194,0.14392340,127,0.31750,-0.21000,0.21000,-2.14826343e-02,0.60502145,Near,False,127,0.31750,Near,0.01583
KC,400,1491,contraction,0.31750,0.026711,0.08605274,325,0.81250,0.49500,0.49500,-9.13759703e-03,0.62504587,Far,True,37,0.09250,Near,0.14583
KC,400,1492,rebound,0.81250,0.017573,0.20751834,254,0.63500,-0.17750,0.17750,1.29434226e-02,1.36973961,Middle,False,254,0.63500,Middle,0.03167
KC,400,1493,contraction,0.63500,0.030517,0.16637920,151,0.37750,-0.25750,0.25750,-2.57809927e-03,0.93813973,Middle,False,151,0.37750,Middle,0.04417
KC,400,1494,contraction,0.37750,0.027939,0.10135967,52,0.13000,-0.24750,0.24750,-1.80562397e-02,0.44479728,Near,False,52,0.13000,Near,0.20333
KC,400,1495,contraction,0.13000,0.009882,0.03497061,371,0.92750,0.79750,0.79750,-4.01635940e-03,0.41686550,Far,True,1,0.00250,Near,0.26083
KC,400,1496,rebound,0.92750,0.005866,0.23334152,222,0.55500,-0.37250,0.37250,3.46406527e-02,2.59469980,Middle,False,222,0.55500,Middle,0.11167
KC,400,1497,contraction,0.55500,0.040507,0.14887669,108,0.27000,-0.28500,0.28500,-1.75246618e-02,0.64529276,Near,False,108,0.27000,Near,0.06333
KC,400,1498,contraction,0.27000,0.022982,0.07324552,301,0.75250,0.48250,0.48250,-5.76759796e-03,0.70423202,Far,True,10,0.02500,Near,0.08583
KC,400,1499,rebound,0.75250,0.017214,0.19242862,181,0.45250,-0.30000,0.30000,3.03698034e-03,1.06803880,Middle,False,181,0.45250,Middle,0.11917
KC,400,1500,contraction,0.45250,0.020251,0.11818787,345,0.86250,0.41000,0.41000,-1.39917688e-02,0.57667021,Far,True,37,0.09250,Near,0.19583
KC,400,1501,rebound,0.86250,0.006260,0.21718993,136,0.34000,-0.52250,0.52250,2.63547671e-02,3.42709945,Middle,False,136,0.34000,Middle,0.00667
KC,400,1502,contraction,0.34000,0.032614,0.09315362,267,0.66750,0.32750,0.32750,-1.59757074e-02,0.56528081,Far,True,58,0.14500,Near,0.00083
KC,400,1503,contraction,0.66750,0.016639,0.17103469,72,0.18000,-0.48750,0.48750,-3.18260787e-04,0.98757135,Near,False,72,0.18000,Near,0.15333
KC,400,1504,contraction,0.18000,0.016321,0.04908013,384,0.96000,0.78000,0.78000,-1.42921601e-02,0.37614745,Far,True,1,0.00250,Near,0.29333
KC,400,1505,rebound,0.96000,0.002028,0.24050709,204,0.51000,-0.45000,0.45000,5.01563978e-02,6.04554142,Middle,False,204,0.51000,Middle,0.15667
KC,400,1506,contraction,0.51000,0.052185,0.14054618,281,0.70250,0.19250,0.19250,-2.44765886e-02,0.57009166,Far,True,157,0.39250,Middle,0.03583
KC,400,1507,rebound,0.70250,0.027708,0.18255204,122,0.30500,-0.39750,0.39750,8.65427407e-03,1.29175227,Near,False,122,0.30500,Near,0.02833
KC,400,1508,contraction,0.30500,0.036362,0.08534061,329,0.82250,0.51750,0.51750,-2.32284573e-02,0.43699780,Far,True,43,0.10750,Near,0.15583
KC,400,1509,rebound,0.82250,0.013134,0.20890849,172,0.43000,-0.39250,0.39250,2.47489756e-02,1.94296990,Middle,False,172,0.43000,Middle,0.09667
KC,400,1510,contraction,0.43000,0.037883,0.11697074,240,0.60000,0.17000,0.17000,-2.38331903e-02,0.54169035,Middle,True,61,0.15250,Near,0.06667
KC,400,1511,rebound,0.60000,0.014050,0.15351244,65,0.16250,-0.43750,0.43750,1.14766392e-03,1.05921686,Near,False,65,0.16250,Near,0.17083
KC,400,1512,contraction,0.16250,0.015197,0.04442435,357,0.89250,0.73000,0.73000,-1.22145310e-02,0.30563390,Far,True,1,0.00250,Near,0.22583
KC,400,1513,rebound,0.89250,0.002983,0.22387072,152,0.38000,-0.51250,0.51250,2.88684843e-02,2.26307068,Middle,False,152,0.38000,Middle,0.04667
KC,400,1514,contraction,0.38000,0.031851,0.10296284,293,0.73250,0.35250,0.35250,-1.88765391e-02,0.54196007,Far,True,34,0.08500,Near,0.06583
KC,400,1515,rebound,0.73250,0.012975,0.18636871,101,0.25250,-0.48000,0.48000,7.75746963e-03,1.29151639,Near,False,101,0.25250,Near,0.08083
KC,400,1516,contraction,0.25250,0.020732,0.06830807,224,0.56000,0.30750,0.30750,-1.70634542e-02,0.49740752,Middle,True,12,0.03000,Near,0.10667
KC,400,1517,contraction,0.56000,0.003669,0.14091721,397,0.99250,0.43250,0.43250,-2.20216533e-03,0.79835195,Far,True,21,0.05250,Near,0.32583
KC,400,1518,rebound,0.99250,0.001467,0.24849167,188,0.47000,-0.52250,0.52250,4.70784033e-02,28.47963071,Middle,False,188,0.47000,Middle,0.13667
KC,400,1519,contraction,0.47000,0.048545,0.12963627,311,0.77750,0.30750,0.30750,-1.91224024e-02,0.59015818,Far,True,117,0.29250,Near,0.11083
KC,400,1520,rebound,0.77750,0.029423,0.20173067,131,0.32750,-0.45000,0.45000,1.55358845e-02,1.55356858,Near,False,131,0.32750,Near,0.00583
KC,400,1521,contraction,0.32750,0.044959,0.09311464,259,0.64750,0.32000,0.32000,-2.08291671e-02,0.50664690,Middle,True,61,0.15250,Near,0.01917
KC,400,1522,contraction,0.64750,0.024129,0.16790735,77,0.19250,-0.45500,0.45500,-4.02714241e-03,0.86912300,Near,False,77,0.19250,Near,0.14083
KC,400,1523,contraction,0.19250,0.020102,0.05315056,349,0.87250,0.68000,0.68000,-7.99293755e-03,0.45624630,Far,True,8,0.02000,Near,0.20583
KC,400,1524,rebound,0.87250,0.012109,0.22115233,201,0.50250,-0.37000,0.37000,2.76428161e-02,1.99996136,Middle,False,201,0.50250,Middle,0.16417
KC,400,1525,contraction,0.50250,0.039752,0.13556303,113,0.28250,-0.22000,0.22000,-2.32476276e-02,0.56988465,Near,False,113,0.28250,Near,0.05083
KC,400,1526,contraction,0.28250,0.016505,0.07475113,320,0.80000,0.51750,0.51750,-6.82298129e-03,0.66251167,Far,True,13,0.03250,Near,0.13333
KC,400,1527,rebound,0.80000,0.009682,0.20242038,233,0.58250,-0.21750,0.21750,1.15218631e-02,1.30601680,Middle,False,233,0.58250,Middle,0.08417
KC,400,1528,contraction,0.58250,0.021203,0.15092585,63,0.15750,-0.42500,0.42500,-6.59235714e-03,0.80947122,Near,False,63,0.15750,Near,0.17583
KC,400,1529,contraction,0.15750,0.014611,0.04302776,375,0.93750,0.78000,0.78000,-7.93946921e-03,0.36611210,Far,True,1,0.00250,Near,0.27083
KC,400,1530,rebound,0.93750,0.006672,0.23604289,169,0.42250,-0.51500,0.51500,4.22638474e-02,3.83059799,Middle,False,169,0.42250,Middle,0.08917
KC,400,1531,contraction,0.42250,0.048935,0.11785885,275,0.68750,0.26500,0.26500,-2.10694179e-02,0.54769014,Far,True,137,0.34250,Middle,0.02083
KC,400,1532,contraction,0.68750,0.027866,0.17884150,126,0.31500,-0.37250,0.37250,-1.10032187e-03,0.97227699,Near,False,126,0.31500,Near,0.01833
KC,400,1533,contraction,0.31500,0.026766,0.08544142,336,0.84000,0.52500,0.52500,-1.75870651e-02,0.46658011,Far,True,29,0.07250,Near,0.17333
KC,400,1534,rebound,0.84000,0.009179,0.21229465,209,0.52250,-0.31750,0.31750,2.49878522e-02,1.89352447,Middle,False,209,0.52250,Middle,0.14417
KC,400,1535,contraction,0.52250,0.034166,0.13916661,85,0.21250,-0.31000,0.31000,-1.53916243e-02,0.61609100,Near,False,85,0.21250,Near,0.12083
KC,400,1536,contraction,0.21250,0.018775,0.05781871,297,0.74250,0.53000,0.53000,-1.37340860e-02,0.45332355,Far,True,7,0.01750,Near,0.07583
KC,400,1537,rebound,0.74250,0.005041,0.18688519,152,0.38000,-0.36250,0.36250,8.08176956e-03,1.22567419,Middle,False,152,0.38000,Middle,0.04667
KC,400,1538,contraction,0.38000,0.013123,0.09828063,387,0.96750,0.58750,0.58750,-9.74977370e-03,0.51663212,Far,True,19,0.04750,Near,0.30083
KC,400,1539,rebound,0.96750,0.003373,0.24271819,239,0.59750,-0.37000,0.37000,4.33890992e-02,5.16815211,Middle,False,239,0.59750,Middle,0.06917
KC,400,1540,contraction,0.59750,0.046762,0.16106546,115,0.28750,-0.31000,0.31000,-1.27389243e-02,0.73245673,Near,False,115,0.28750,Near,0.04583
KC,400,1541,contraction,0.28750,0.034023,0.08038073,308,0.77000,0.48250,0.48250,-1.79157538e-02,0.48510181,Far,True,42,0.10500,Near,0.10333
KC,400,1542,rebound,0.77000,0.016107,0.19652679,184,0.46000,-0.31000,0.31000,1.44484580e-02,1.42062628,Middle,False,184,0.46000,Middle,0.12667
KC,400,1543,contraction,0.46000,0.030556,0.12263891,58,0.14500,-0.31500,0.31500,-1.83214740e-02,0.52789518,Near,False,58,0.14500,Near,0.18833
KC,400,1544,contraction,0.14500,0.012234,0.03930854,361,0.90250,0.75750,0.75750,-2.76469577e-03,0.55577235,Far,True,1,0.00250,Near,0.23583
KC,400,1545,rebound,0.90250,0.009469,0.22799236,222,0.55500,-0.34750,0.34750,2.99153493e-02,2.24347650,Middle,False,222,0.55500,Middle,0.11167
KC,400,1546,contraction,0.55500,0.039385,0.14859620,134,0.33500,-0.22000,0.22000,-1.58639585e-02,0.67850740,Middle,False,134,0.33500,Middle,0.00167
KC,400,1547,contraction,0.33500,0.023521,0.08963021,283,0.70750,0.37250,0.37250,-1.16185426e-02,0.61651921,Far,True,23,0.05750,Near,0.04083
KC,400,1548,rebound,0.70750,0.011902,0.17985057,80,0.20000,-0.50750,0.50750,4.48500781e-04,1.01583265,Near,False,80,0.20000,Near,0.13333
KC,400,1549,contraction,0.20000,0.012351,0.05308770,343,0.85750,0.65750,0.65750,-7.75754834e-03,0.46157011,Far,True,1,0.00250,Near,0.19083
KC,400,1550,rebound,0.85750,0.004593,0.21552331,193,0.48250,-0.37500,0.37500,2.54190679e-02,1.91666116,Middle,False,193,0.48250,Middle,0.14917
KC,400,1551,contraction,0.48250,0.030012,0.12812808,258,0.64500,0.16250,0.16250,-2.24216900e-02,0.56856860,Middle,True,45,0.11250,Near,0.02167
KC,400,1552,rebound,0.64500,0.007591,0.16314766,101,0.25250,-0.39250,0.39250,6.46873775e-03,1.35962865,Near,False,101,0.25250,Near,0.08083
KC,400,1553,contraction,0.25250,0.014059,0.06663984,379,0.94750,0.69500,0.69500,-1.20216730e-02,0.34099837,Far,True,5,0.01250,Near,0.28083
KC,400,1554,rebound,0.94750,0.002038,0.23738442,166,0.41500,-0.53250,0.53250,3.74098978e-02,3.72138843,Middle,False,166,0.41500,Middle,0.08167
KC,400,1555,contraction,0.41500,0.039448,0.11361190,300,0.75000,0.33500,0.33500,-1.99768058e-02,0.54226845,Far,True,53,0.13250,Near,0.08333
KC,400,1556,rebound,0.75000,0.019471,0.19236770,125,0.31250,-0.43750,0.43750,8.50920928e-03,1.26234209,Near,False,125,0.31250,Near,0.02083
KC,400,1557,contraction,0.31250,0.027980,0.08512000,236,0.59000,0.27750,0.27750,-1.77769191e-02,0.53713705,Middle,True,39,0.09750,Near,0.07667
KC,400,1558,contraction,0.59000,0.010203,0.15005077,46,0.11500,-0.47500,0.47500,-2.68113144e-03,0.85831647,Near,False,46,0.11500,Near,0.21833
KC,400,1559,contraction,0.11500,0.007522,0.03063049,366,0.91500,0.80000,0.80000,-4.68890439e-03,0.44635574,Far,True,1,0.00250,Near,0.24833
KC,400,1560,rebound,0.91500,0.002833,0.22945826,200,0.50000,-0.41500,0.41500,3.17800874e-02,2.24216283,Middle,False,200,0.50000,Middle,0.16667
KC,400,1561,contraction,0.50000,0.034613,0.13365328,318,0.79500,0.29500,0.29500,-1.96354378e-02,0.58777385,Far,True,92,0.23000,Near,0.12833
KC,400,1562,rebound,0.79500,0.014978,0.20249442,141,0.35250,-0.44250,0.44250,2.35630563e-02,2.35175101,Middle,False,141,0.35250,Middle,0.01917
KC,400,1563,contraction,0.35250,0.038541,0.09776019,267,0.66750,0.31500,0.31500,-2.58811479e-02,0.46112604,Far,True,73,0.18250,Near,0.00083
KC,400,1564,rebound,0.66750,0.012660,0.17003990,83,0.20750,-0.46000,0.46000,6.11790466e-03,1.29633832,Near,False,83,0.20750,Near,0.12583
KC,400,1565,contraction,0.20750,0.018778,0.05656938,398,0.99500,0.78750,0.78750,-1.75706708e-02,0.35133345,Far,True,2,0.00500,Near,0.32833
KC,400,1566,rebound,0.99500,0.001207,0.24905171,213,0.53250,-0.46250,0.46250,5.48283175e-02,9.84217179,Middle,False,213,0.53250,Middle,0.13417
KC,400,1567,contraction,0.53250,0.056035,0.14713379,159,0.39750,-0.13500,0.13500,-2.30864367e-02,0.60521162,Middle,False,159,0.39750,Middle,0.06417
KC,400,1568,contraction,0.39750,0.032949,0.10761218,329,0.82250,0.42500,0.42500,-7.45771261e-03,0.69738849,Far,True,55,0.13750,Near,0.15583
KC,400,1569,rebound,0.82250,0.025491,0.21199775,246,0.61500,-0.20750,0.20750,1.18098664e-02,1.31902288,Middle,False,246,0.61500,Middle,0.05167
KC,400,1570,contraction,0.61500,0.037301,0.16307522,110,0.27500,-0.34000,0.34000,-1.91863139e-03,0.94438102,Near,False,110,0.27500,Near,0.05833
KC,400,1571,contraction,0.27500,0.035382,0.07759556,350,0.87500,0.60000,0.60000,-2.10414960e-02,0.42274226,Far,True,43,0.10750,Near,0.20833
KC,400,1572,rebound,0.87500,0.014341,0.22233519,184,0.46000,-0.41500,0.41500,3.11185961e-02,2.29323525,Middle,False,184,0.46000,Middle,0.12667
KC,400,1573,contraction,0.46000,0.045459,0.12636483,286,0.71500,0.25500,0.25500,-1.98933265e-02,0.56968124,Far,True,72,0.18000,Near,0.04833
KC,400,1574,rebound,0.71500,0.025566,0.18514150,127,0.31750,-0.39750,0.39750,6.37623539e-03,1.23488467,Near,False,127,0.31750,Near,0.01583
KC,400,1575,contraction,0.31750,0.031942,0.08736056,49,0.12250,-0.19500,0.19500,-2.37529537e-02,0.44764796,Near,False,49,0.12250,Near,0.21083
KC,400,1576,contraction,0.12250,0.008189,0.03267232,372,0.93000,0.80750,0.80750,-1.41921514e-03,0.69116439,Far,True,1,0.00250,Near,0.26333
KC,400,1577,rebound,0.93000,0.006770,0.23419252,225,0.56250,-0.36750,0.36750,4.12747850e-02,3.55451976,Middle,False,225,0.56250,Middle,0.10417
KC,400,1578,contraction,0.56250,0.048045,0.15263622,155,0.38750,-0.17500,0.17500,-2.15025778e-02,0.63226497,Middle,False,155,0.38750,Middle,0.05417
KC,400,1579,contraction,0.38750,0.026542,0.10351057,307,0.76750,0.38000,0.38000,-6.63213100e-03,0.73777579,Far,True,69,0.17250,Near,0.10083
KC,400,1580,rebound,0.76750,0.019910,0.19685254,94,0.23500,-0.53250,0.53250,4.25589270e-03,1.13968487,Near,False,94,0.23500,Near,0.09833
KC,400,1581,contraction,0.23500,0.024166,0.06479151,262,0.65500,0.42000,0.42000,-1.21264366e-02,0.54774240,Middle,True,14,0.03500,Near,0.01167
KC,400,1582,contraction,0.65500,0.012040,0.16675990,40,0.10000,-0.55500,0.55500,-6.53730788e-03,0.84187822,Near,False,40,0.10000,Near,0.23333
KC,400,1583,contraction,0.10000,0.005502,0.02637558,355,0.88750,0.78750,0.78750,-9.38359278e-04,0.76745439,Far,True,1,0.00250,Near,0.22083
KC,400,1584,rebound,0.88750,0.004564,0.22301599,191,0.47750,-0.41000,0.41000,3.59595015e-02,2.83023741,Middle,False,191,0.47750,Middle,0.14417
KC,400,1585,contraction,0.47750,0.040523,0.12950586,120,0.30000,-0.17750,0.17750,-2.61810857e-02,0.52350623,Near,False,120,0.30000,Near,0.03333
KC,400,1586,contraction,0.30000,0.014342,0.07858559,323,0.80750,0.50750,0.50750,-8.22826401e-03,0.62885443,Far,True,1,0.00250,Near,0.14083
KC,400,1587,rebound,0.80750,0.006114,0.20340352,232,0.58000,-0.22750,0.22750,1.41748822e-02,1.40126889,Middle,False,232,0.58000,Middle,0.08667
KC,400,1588,contraction,0.58000,0.020289,0.15007224,75,0.18750,-0.39250,0.39250,-6.05784259e-03,0.79713607,Near,False,75,0.18750,Near,0.14583
KC,400,1589,contraction,0.18750,0.014231,0.05043278,390,0.97500,0.78750,0.78750,-1.05471266e-02,0.35744726,Far,True,1,0.00250,Near,0.30833
KC,400,1590,rebound,0.97500,0.003684,0.24467100,175,0.43750,-0.53750,0.53750,4.72025236e-02,4.71769349,Middle,False,175,0.43750,Middle,0.10417
KC,400,1591,contraction,0.43750,0.050887,0.12209663,278,0.69500,0.25750,0.25750,-1.78237798e-02,0.59460434,Far,True,138,0.34500,Middle,0.02833
KC,400,1592,contraction,0.69500,0.033063,0.18201569,135,0.33750,-0.35750,0.35750,-2.29345468e-03,0.94671215,Middle,False,135,0.33750,Middle,0.00417
KC,400,1593,contraction,0.33750,0.030769,0.09206732,337,0.84250,0.50500,0.50500,-1.64816165e-02,0.50176374,Far,True,44,0.11000,Near,0.17583
KC,400,1594,rebound,0.84250,0.014288,0.21419692,210,0.52500,-0.31750,0.31750,2.44521403e-02,1.84474269,Middle,False,210,0.52500,Middle,0.14167
KC,400,1595,contraction,0.52500,0.038740,0.14093495,90,0.22500,-0.30000,0.30000,-1.62858396e-02,0.61670882,Near,False,90,0.22500,Near,0.10833
KC,400,1596,contraction,0.22500,0.022454,0.06186349,297,0.74250,0.51750,0.51750,-1.19373473e-02,0.50073567,Far,True,16,0.04000,Near,0.07583
KC,400,1597,rebound,0.74250,0.010517,0.18825416,157,0.39250,-0.35000,0.35000,4.65984241e-03,1.11585404,Middle,False,157,0.39250,Middle,0.05917
KC,400,1598,contraction,0.39250,0.015176,0.10191912,382,0.95500,0.56250,0.56250,-1.02407992e-02,0.55390665,Far,True,27,0.06750,Near,0.28833
KC,400,1599,rebound,0.95500,0.004936,0.23998392,241,0.60250,-0.35250,0.35250,4.25975827e-02,4.83294921,Middle,False,241,0.60250,Middle,0.06417
KC,400,1600,contraction,0.60250,0.047533,0.16250831,116,0.29000,-0.31250,0.31250,-1.15943778e-02,0.74690602,Near,False,116,0.29000,Near,0.04333
KC,400,1601,contraction,0.29000,0.035939,0.08148472,313,0.78250,0.49250,0.49250,-1.81174636e-02,0.47545529,Far,True,46,0.11500,Near,0.11583
KC,400,1602,rebound,0.78250,0.017821,0.20008035,187,0.46750,-0.31500,0.31500,1.52892509e-02,1.44291631,Middle,False,187,0.46750,Middle,0.13417
KC,400,1603,contraction,0.46750,0.033111,0.12515267,63,0.15750,-0.31000,0.31000,-1.85223135e-02,0.54152488,Near,False,63,0.15750,Near,0.17583
KC,400,1604,contraction,0.15750,0.014588,0.04302209,359,0.89750,0.74000,0.74000,-5.82941137e-03,0.48587986,Far,True,1,0.00250,Near,0.23083
KC,400,1605,rebound,0.89750,0.008759,0.22656474,223,0.55750,-0.34000,0.34000,3.13007787e-02,2.43481112,Middle,False,223,0.55750,Middle,0.10917
KC,400,1606,contraction,0.55750,0.040060,0.14938993,133,0.33250,-0.22500,0.22500,-1.56854773e-02,0.68379112,Near,False,133,0.33250,Near,0.00083
KC,400,1607,contraction,0.33250,0.024374,0.08921856,284,0.71000,0.37750,0.37750,-1.14311490e-02,0.61870856,Far,True,26,0.06500,Near,0.04333
KC,400,1608,contraction,0.71000,0.012943,0.18073577,82,0.20500,-0.50500,0.50500,-2.46976064e-04,0.99170180,Near,False,82,0.20500,Near,0.12833
KC,400,1609,contraction,0.20500,0.012696,0.05442403,344,0.86000,0.65500,0.65500,-8.95315158e-03,0.43944830,Far,True,1,0.00250,Near,0.19333
KC,400,1610,rebound,0.86000,0.003743,0.21593574,177,0.44250,-0.41750,0.41750,2.72870370e-02,2.05639040,Middle,False,177,0.44250,Middle,0.10917
KC,400,1611,contraction,0.44250,0.031030,0.11838250,258,0.64500,0.20250,0.20250,-2.08810315e-02,0.56645219,Middle,True,41,0.10250,Near,0.02167
KC,400,1612,rebound,0.64500,0.010149,0.16378724,56,0.14000,-0.50500,0.50500,1.14788353e-03,1.06323615,Near,False,56,0.14000,Near,0.19333
KC,400,1613,contraction,0.14000,0.011297,0.03782421,394,0.98500,0.84500,0.84500,-9.16430858e-03,0.30137870,Far,True,1,0.00250,Near,0.31833
KC,400,1614,rebound,0.98500,0.002133,0.24678314,203,0.50750,-0.47750,0.47750,4.99457482e-02,5.64481731,Middle,False,203,0.50750,Middle,0.15917
KC,400,1615,contraction,0.50750,0.052078,0.13989457,125,0.31250,-0.19500,0.19500,-2.24923062e-02,0.58564268,Near,False,125,0.31250,Near,0.02083
KC,400,1616,contraction,0.31250,0.029586,0.08552150,305,0.76250,0.45000,0.45000,-5.10365746e-03,0.75278638,Far,True,22,0.05500,Near,0.09583
KC,400,1617,contraction,0.76250,0.024482,0.19674558,235,0.58750,-0.17500,0.17500,-2.90145402e-04,0.99395155,Middle,False,235,0.58750,Middle,0.07917
KC,400,1618,contraction,0.58750,0.024192,0.15292305,94,0.23500,-0.35250,0.35250,-4.61184281e-03,0.85771883,Near,False,94,0.23500,Near,0.09833
KC,400,1619,contraction,0.23500,0.019580,0.06364509,367,0.91750,0.68250,0.68250,-8.55226345e-03,0.48572753,Far,True,10,0.02500,Near,0.25083
KC,400,1620,rebound,0.91750,0.011028,0.23213202,169,0.42250,-0.49500,0.49500,3.22712177e-02,2.33739427,Middle,False,169,0.42250,Middle,0.08917
KC,400,1621,contraction,0.42250,0.043299,0.11644982,276,0.69000,0.26750,0.26750,-1.74737810e-02,0.58988649,Far,True,64,0.16000,Near,0.02333
KC,400,1622,contraction,0.69000,0.025826,0.17895638,114,0.28500,-0.40500,0.40500,-2.79844533e-03,0.92895936,Near,False,114,0.28500,Near,0.04833
KC,400,1623,contraction,0.28500,0.023027,0.07700677,330,0.82500,0.54000,0.54000,-8.27055311e-03,0.57894554,Far,True,27,0.06750,Near,0.15833
KC,400,1624,rebound,0.82500,0.014757,0.20993913,209,0.52250,-0.30250,0.30250,1.69657448e-02,1.47908569,Middle,False,209,0.52250,Middle,0.14417
KC,400,1625,contraction,0.52250,0.031722,0.13855557,68,0.17000,-0.35250,0.35250,-1.54675478e-02,0.61835321,Near,False,68,0.17000,Near,0.16333
KC,400,1626,contraction,0.17000,0.016255,0.04656368,376,0.94000,0.77000,0.77000,-1.04913027e-02,0.41999418,Far,True,1,0.00250,Near,0.27333
KC,400,1627,rebound,0.94000,0.005763,0.23644085,245,0.61250,-0.32750,0.32750,4.15709132e-02,3.95297331,Middle,False,245,0.61250,Middle,0.05417
KC,400,1628,contraction,0.61250,0.047334,0.16495858,149,0.37250,-0.24000,0.24000,-6.58223497e-03,0.85452567,Middle,False,149,0.37250,Middle,0.03917
KC,400,1629,contraction,0.37250,0.040752,0.10331302,299,0.74750,0.37500,0.37500,-2.05467372e-02,0.49320675,Far,True,48,0.12000,Near,0.08083
KC,400,1630,rebound,0.74750,0.020205,0.19192634,105,0.26250,-0.48500,0.48500,7.00885725e-03,1.23791881,Near,False,105,0.26250,Near,0.07083
KC,400,1631,contraction,0.26250,0.027214,0.07242855,340,0.85000,0.58750,0.58750,-1.71740142e-02,0.46659634,Far,True,27,0.06750,Near,0.18333
KC,400,1632,rebound,0.85000,0.010040,0.21501005,191,0.47750,-0.37250,0.37250,3.13316058e-02,2.40541860,Middle,False,191,0.47750,Middle,0.14417
KC,400,1633,contraction,0.47750,0.041372,0.12971795,263,0.65750,0.18000,0.18000,-2.60108754e-02,0.53442762,Middle,True,74,0.18500,Near,0.00917
KC,400,1634,rebound,0.65750,0.015361,0.16821523,82,0.20500,-0.45250,0.45250,6.00375863e-03,1.29488587,Near,False,82,0.20500,Near,0.12833
KC,400,1635,contraction,0.20500,0.021365,0.05659117,386,0.96500,0.76000,0.76000,-1.86282488e-02,0.34492998,Far,True,13,0.03250,Near,0.29833
KC,400,1636,rebound,0.96500,0.002736,0.24193411,174,0.43500,-0.53000,0.53000,4.92770685e-02,6.11622650,Middle,False,174,0.43500,Middle,0.10167
KC,400,1637,contraction,0.43500,0.052014,0.12175338,286,0.71500,0.28000,0.28000,-2.26742373e-02,0.55476081,Far,True,130,0.32500,Near,0.04833
KC,400,1638,rebound,0.71500,0.029339,0.18608482,130,0.32500,-0.39000,0.39000,5.29154579e-03,1.14971051,Near,False,130,0.32500,Near,0.00833
KC,400,1639,contraction,0.32500,0.034631,0.08990770,321,0.80250,0.47750,0.47750,-1.90824939e-02,0.51098376,Far,True,45,0.11250,Near,0.13583
KC,400,1640,rebound,0.80250,0.015548,0.20451208,216,0.54000,-0.26250,0.26250,1.97960777e-02,1.63883451,Middle,False,216,0.54000,Middle,0.12667
KC,400,1641,contraction,0.54000,0.035344,0.14383610,90,0.22500,-0.31500,0.31500,-1.40270220e-02,0.65116853,Near,False,90,0.22500,Near,0.10833
KC,400,1642,contraction,0.22500,0.021317,0.06157934,356,0.89000,0.66500,0.66500,-1.33791637e-02,0.39918953,Far,True,17,0.04250,Near,0.22333
KC,400,1643,rebound,0.89000,0.007938,0.22448455,185,0.46250,-0.42750,0.42750,3.06874790e-02,2.26683134,Middle,False,185,0.46250,Middle,0.12917
KC,400,1644,contraction,0.46250,0.038626,0.12528142,254,0.63500,0.17250,0.17250,-1.97138457e-02,0.59644776,Middle,True,60,0.15000,Near,0.03167
KC,400,1645,contraction,0.63500,0.018912,0.16347796,69,0.17250,-0.46250,0.46250,-1.00318026e-03,0.96631326,Near,False,69,0.17250,Near,0.16083
KC,400,1646,contraction,0.17250,0.017909,0.04760217,334,0.83500,0.66250,0.66250,-1.51629862e-02,0.35425739,Far,True,1,0.00250,Near,0.16833
KC,400,1647,rebound,0.83500,0.002746,0.20943642,148,0.37000,-0.46500,0.46500,2.73418247e-02,2.30881669,Middle,False,148,0.37000,Middle,0.03667
KC,400,1648,contraction,0.37000,0.030088,0.10002188,274,0.68500,0.31500,0.31500,-2.48609483e-02,0.48946698,Far,True,29,0.07250,Near,0.01833
KC,400,1649,rebound,0.68500,0.005227,0.17255664,103,0.25750,-0.42750,0.42750,6.23425823e-03,1.38559470,Near,False,103,0.25750,Near,0.07583
KC,400,1650,contraction,0.25750,0.011461,0.06724020,392,0.98000,0.72250,0.72250,-1.02528215e-02,0.42480053,Far,True,1,0.00250,Near,0.31333
KC,400,1651,rebound,0.98000,0.001208,0.24530200,207,0.51750,-0.46250,0.46250,4.89263463e-02,5.00931779,Middle,False,207,0.51750,Middle,0.14917
KC,400,1652,contraction,0.51750,0.050134,0.14190858,301,0.75250,0.23500,0.23500,-2.50452096e-02,0.56718505,Far,True,162,0.40500,Middle,0.08583
KC,400,1653,rebound,0.75250,0.025089,0.19439728,137,0.34250,-0.41000,0.41000,1.68192067e-02,1.63974633,Middle,False,137,0.34250,Middle,0.00917
KC,400,1654,contraction,0.34250,0.041908,0.09610208,237,0.59250,0.25000,0.25000,-2.58838932e-02,0.47335083,Middle,True,57,0.14250,Near,0.07417
KC,400,1655,contraction,0.59250,0.016024,0.15213111,61,0.15250,-0.44000,0.44000,-2.40479008e-03,0.89342298,Near,False,61,0.15250,Near,0.18083
KC,400,1656,contraction,0.15250,0.013620,0.04152991,363,0.90750,0.75500,0.75500,-4.23308723e-03,0.46505106,Far,True,1,0.00250,Near,0.24083
KC,400,1657,rebound,0.90750,0.009387,0.22922164,177,0.44250,-0.46500,0.46500,2.95866751e-02,2.10275149,Middle,False,177,0.44250,Middle,0.10917
KC,400,1658,contraction,0.44250,0.038973,0.12036831,289,0.72250,0.28000,0.28000,-2.11953387e-02,0.54811845,Far,True,96,0.24000,Near,0.05583
KC,400,1659,rebound,0.72250,0.017778,0.18506948,112,0.28000,-0.44250,0.44250,9.20525150e-03,1.33833681,Near,False,112,0.28000,Near,0.05333
KC,400,1660,contraction,0.28000,0.026983,0.07674579,346,0.86500,0.58500,0.58500,-1.93951181e-02,0.43567861,Far,True,25,0.06250,Near,0.19833
KC,400,1661,rebound,0.86500,0.007588,0.21814701,201,0.50250,-0.36250,0.36250,3.09089022e-02,2.31346845,Middle,False,201,0.50250,Middle,0.16417
KC,400,1662,contraction,0.50250,0.038497,0.13524923,81,0.20250,-0.30000,0.30000,-2.08241566e-02,0.56839374,Near,False,81,0.20250,Near,0.13083
KC,400,1663,contraction,0.20250,0.017673,0.05504320,264,0.66000,0.45750,0.45750,-1.00033752e-02,0.55465093,Middle,True,3,0.00750,Near,0.00667
KC,400,1664,contraction,0.66000,0.007669,0.16691735,33,0.08250,-0.57750,0.57750,-3.96048338e-03,0.88671995,Near,False,33,0.08250,Near,0.25083
KC,400,1665,contraction,0.08250,0.003709,0.02155223,378,0.94500,0.86250,0.86250,-7.06807768e-04,0.61312885,Far,True,1,0.00250,Near,0.27833
KC,400,1666,rebound,0.94500,0.003002,0.23700053,164,0.41000,-0.53500,0.53500,4.43959702e-02,4.57908497,Middle,False,164,0.41000,Middle,0.07667
KC,400,1667,contraction,0.41000,0.047398,0.11434952,310,0.77500,0.36500,0.36500,-2.38228546e-02,0.53413768,Far,True,126,0.31500,Near,0.10833
KC,400,1668,rebound,0.77500,0.023575,0.19964381,219,0.54750,-0.22750,0.22750,1.43331280e-02,1.43735515,Middle,False,219,0.54750,Middle,0.11917
KC,400,1669,contraction,0.54750,0.037908,0.14635209,117,0.29250,-0.25500,0.25500,-1.11176127e-02,0.73440872,Near,False,117,0.29250,Near,0.04083
KC,400,1670,contraction,0.29250,0.026791,0.07982269,328,0.82000,0.52750,0.52750,-2.06710513e-02,0.41989776,Far,True,21,0.05250,Near,0.15333
KC,400,1671,rebound,0.82000,0.006120,0.20652992,182,0.45500,-0.36500,0.36500,1.96081608e-02,2.11431800,Middle,False,182,0.45500,Middle,0.12167
KC,400,1672,contraction,0.45500,0.025728,0.12018196,62,0.15500,-0.30000,0.30000,-1.49205773e-02,0.57633320,Near,False,62,0.15500,Near,0.17833
KC,400,1673,contraction,0.15500,0.010807,0.04145182,399,0.99750,0.84250,0.84250,-9.83682375e-03,0.47016961,Far,True,1,0.00250,Near,0.33083
KC,400,1674,rebound,0.99750,0.000970,0.24961761,247,0.61750,-0.38000,0.38000,5.67644290e-02,79.79736623,Middle,False,247,0.61750,Middle,0.04917
KC,400,1675,contraction,0.61750,0.057735,0.16880872,145,0.36250,-0.25500,0.25500,-1.46380163e-02,0.72864592,Middle,False,145,0.36250,Middle,0.02917
KC,400,1676,contraction,0.36250,0.043097,0.10139922,293,0.73250,0.37000,0.37000,-1.44372140e-02,0.59119766,Far,True,89,0.22250,Near,0.06583
KC,400,1677,contraction,0.73250,0.028660,0.19028991,198,0.49500,-0.23750,0.23750,-6.67384082e-04,0.98616393,Middle,False,198,0.49500,Middle,0.16167
KC,400,1678,contraction,0.49500,0.027992,0.13074807,352,0.88000,0.38500,0.38500,-1.11159492e-02,0.66714250,Far,True,85,0.21250,Near,0.21333
KC,400,1679,rebound,0.88000,0.016876,0.22421908,122,0.30500,-0.57500,0.57500,3.15141437e-02,3.79421555,Near,False,122,0.30500,Near,0.02833
KC,400,1680,contraction,0.30500,0.048390,0.08834762,268,0.67000,0.36500,0.36500,-2.03436651e-02,0.49579338,Far,True,73,0.18250,Near,0.00333
KC,400,1681,contraction,0.67000,0.028047,0.17451170,85,0.21250,-0.45750,0.45750,-4.54017873e-03,0.88073724,Near,False,85,0.21250,Near,0.12083
KC,400,1682,contraction,0.21250,0.023507,0.05900166,320,0.80000,0.58750,0.58750,-1.15670746e-02,0.47993550,Far,True,17,0.04250,Near,0.13333
KC,400,1683,rebound,0.80000,0.011940,0.20298489,175,0.43750,-0.36250,0.36250,1.98638377e-02,1.66180441,Middle,False,175,0.43750,Middle,0.10417
KC,400,1684,contraction,0.43750,0.031803,0.11732585,370,0.92500,0.48750,0.48750,-2.23800392e-02,0.53856319,Far,True,45,0.11250,Near,0.25833
KC,400,1685,rebound,0.92500,0.009423,0.23360584,223,0.55750,-0.36750,0.36750,4.40165388e-02,4.26734815,Middle,False,223,0.55750,Middle,0.10917
KC,400,1686,contraction,0.55750,0.053440,0.15273497,132,0.33000,-0.22750,0.22750,-1.68203149e-02,0.66989238,Near,False,132,0.33000,Near,0.00333
KC,400,1687,contraction,0.33000,0.036620,0.09165489,283,0.70750,0.37750,0.37750,-1.82928194e-02,0.51140716,Far,True,52,0.13000,Near,0.04083
KC,400,1688,rebound,0.70750,0.018327,0.18145669,75,0.18750,-0.52000,0.52000,2.56503013e-03,1.10467960,Near,False,75,0.18750,Near,0.14583
KC,400,1689,contraction,0.18750,0.020892,0.05209794,339,0.84750,0.66000,0.66000,-1.26857824e-02,0.41583989,Far,True,9,0.02250,Near,0.18083
KC,400,1690,rebound,0.84750,0.008206,0.21392650,190,0.47500,-0.37250,0.37250,2.89451783e-02,2.18659058,Middle,False,190,0.47500,Middle,0.14167
KC,400,1691,contraction,0.47500,0.037151,0.12803779,250,0.62500,0.15000,0.15000,-2.51406569e-02,0.54735509,Middle,True,106,0.26500,Near,0.04167
KC,400,1692,rebound,0.62500,0.012011,0.15925263,101,0.25250,-0.37250,0.37250,3.90700600e-03,1.15114611,Near,False,101,0.25250,Near,0.08083
KC,400,1693,contraction,0.25250,0.015918,0.06710438,383,0.95750,0.70500,0.70500,-1.07545358e-02,0.35968048,Far,True,8,0.02000,Near,0.29083
KC,400,1694,rebound,0.95750,0.005163,0.24066575,165,0.41250,-0.54500,0.54500,3.70826459e-02,2.78316281,Middle,False,165,0.41250,Middle,0.07917
KC,400,1695,contraction,0.41250,0.042246,0.11368641,302,0.75500,0.34250,0.34250,-1.63297351e-02,0.57387780,Far,True,56,0.14000,Near,0.08833
KC,400,1696,rebound,0.75500,0.025916,0.19522897,211,0.52750,-0.22750,0.22750,6.10829288e-03,1.14361493,Middle,False,211,0.52750,Middle,0.13917
KC,400,1697,contraction,0.52750,0.032024,0.13988105,82,0.20500,-0.32250,0.32250,-1.08689088e-02,0.70267751,Near,False,82,0.20500,Near,0.12833
KC,400,1698,contraction,0.20500,0.021155,0.05653882,358,0.89500,0.69000,0.69000,-1.18651322e-02,0.40414045,Far,True,13,0.03250,Near,0.22833
KC,400,1699,rebound,0.89500,0.009290,0.22607254,236,0.59000,-0.30500,0.30500,2.90605579e-02,2.21019678,Middle,False,236,0.59000,Middle,0.07667
KC,400,1700,contraction,0.59000,0.038351,0.15708768,135,0.33750,-0.25250,0.25250,-6.94767569e-03,0.83573639,Middle,False,135,0.33750,Middle,0.00417
KC,400,1701,contraction,0.33750,0.031403,0.09222576,315,0.78750,0.45000,0.45000,-1.89042240e-02,0.48308627,Far,True,40,0.10000,Near,0.12083
KC,400,1702,rebound,0.78750,0.012499,0.19999970,176,0.44000,-0.34750,0.34750,1.25149181e-02,1.50345913,Middle,False,176,0.44000,Middle,0.10667
KC,400,1703,contraction,0.44000,0.025014,0.11625343,54,0.13500,-0.30500,0.30500,-1.43573801e-02,0.55744651,Near,False,54,0.13500,Near,0.19833
KC,400,1704,contraction,0.13500,0.010656,0.03641409,388,0.97000,0.83500,0.83500,-7.35832279e-03,0.45544983,Far,True,1,0.00250,Near,0.30333
KC,400,1705,rebound,0.97000,0.003298,0.24332451,260,0.65000,-0.32000,0.32000,4.71009666e-02,7.58631585,Middle,False,260,0.65000,Middle,0.01667
KC,400,1706,contraction,0.65000,0.050399,0.17509975,149,0.37250,-0.27750,0.27750,-7.34194861e-03,0.84821371,Middle,False,149,0.37250,Middle,0.03917
KC,400,1707,contraction,0.37250,0.043057,0.10388926,290,0.72500,0.35250,0.35250,-2.01134428e-02,0.51139829,Far,True,92,0.23000,Near,0.05833
KC,400,1708,rebound,0.72500,0.022944,0.18698590,105,0.26250,-0.46250,0.46250,5.55612700e-03,1.18529456,Near,False,105,0.26250,Near,0.07083
KC,400,1709,contraction,0.26250,0.028500,0.07274993,342,0.85500,0.59250,0.59250,-1.44714031e-02,0.48909438,Far,True,25,0.06250,Near,0.18833
KC,400,1710,rebound,0.85500,0.014028,0.21725708,203,0.50750,-0.34750,0.34750,3.01013253e-02,2.24381919,Middle,False,203,0.50750,Middle,0.15917
KC,400,1711,contraction,0.50750,0.044130,0.13790741,78,0.19500,-0.31250,0.31250,-2.55957272e-02,0.54719516,Near,False,78,0.19500,Near,0.13833
KC,400,1712,contraction,0.19500,0.018534,0.05338348,273,0.68250,0.48750,0.48750,-8.66776260e-03,0.57219859,Far,True,3,0.00750,Near,0.01583
KC,400,1713,contraction,0.68250,0.009866,0.17309154,160,0.40000,-0.28250,0.28250,-1.49633775e-03,0.96523242,Middle,False,160,0.40000,Middle,0.06667
KC,400,1714,contraction,0.40000,0.008370,0.10209246,373,0.93250,0.53250,0.53250,-2.66414588e-03,0.74281455,Far,True,12,0.03000,Near,0.26583
KC,400,1715,rebound,0.93250,0.005706,0.23455142,225,0.56250,-0.37000,0.37000,3.13270326e-02,2.41288404,Middle,False,225,0.56250,Middle,0.10417
KC,400,1716,contraction,0.56250,0.037033,0.14988318,115,0.28750,-0.27500,0.27500,-1.20210295e-02,0.72199928,Near,False,115,0.28750,Near,0.04583
KC,400,1717,contraction,0.28750,0.025012,0.07812792,324,0.81000,0.52250,0.52250,-1.02864745e-02,0.54457248,Far,True,30,0.07500,Near,0.14333
KC,400,1718,rebound,0.81000,0.014725,0.20618130,184,0.46000,-0.35000,0.35000,1.16419462e-02,1.29449659,Middle,False,184,0.46000,Middle,0.12667
KC,400,1719,contraction,0.46000,0.026367,0.12159179,56,0.14000,-0.32000,0.32000,-1.53278657e-02,0.57489888,Near,False,56,0.14000,Near,0.19333
KC,400,1720,contraction,0.14000,0.011039,0.03775982,353,0.88250,0.74250,0.74250,-6.28329397e-03,0.52743710,Far,True,1,0.00250,Near,0.21583
KC,400,1721,rebound,0.88250,0.004756,0.22181400,245,0.61250,-0.27000,0.27000,2.96766772e-02,2.31218476,Middle,False,245,0.61250,Middle,0.05417
KC,400,1722,contraction,0.61250,0.034433,0.16173317,134,0.33500,-0.27750,0.27750,-6.67669796e-03,0.84444227,Middle,False,134,0.33500,Middle,0.00167
KC,400,1723,contraction,0.33500,0.027756,0.09068899,298,0.74500,0.41000,0.41000,-1.95700429e-02,0.47431327,Far,True,27,0.06750,Near,0.07833
KC,400,1724,rebound,0.74500,0.008186,0.18829648,89,0.22250,-0.52250,0.52250,9.40592903e-03,1.43308962,Near,False,89,0.22250,Near,0.11083
KC,400,1725,contraction,0.22250,0.017592,0.06002296,395,0.98750,0.76500,0.76500,-1.55688924e-02,0.44381717,Far,True,2,0.00500,Near,0.32083
KC,400,1726,rebound,0.98750,0.002023,0.24738074,207,0.51750,-0.47000,0.47000,5.74624365e-02,14.44020425,Middle,False,207,0.51750,Middle,0.14917
KC,400,1727,contraction,0.51750,0.059485,0.14424635,266,0.66500,0.14750,0.14750,-2.46617978e-02,0.56842724,Middle,True,163,0.40750,Middle,0.00167
KC,400,1728,rebound,0.66500,0.034824,0.17495590,148,0.37000,-0.29500,0.29500,1.91265581e-03,1.04920703,Middle,False,148,0.37000,Middle,0.03667
KC,400,1729,contraction,0.37000,0.036736,0.10168406,332,0.83000,0.46000,0.46000,-1.91820103e-02,0.45794652,Far,True,60,0.15000,Near,0.16333
KC,400,1730,rebound,0.83000,0.017554,0.21188856,177,0.44250,-0.38750,0.38750,1.92194220e-02,1.84774462,Middle,False,177,0.44250,Middle,0.10917
KC,400,1731,contraction,0.44250,0.036774,0.11981842,72,0.18000,-0.26250,0.26250,-1.86220462e-02,0.54112897,Near,False,72,0.18000,Near,0.15333
KC,400,1732,contraction,0.18000,0.018152,0.04953791,308,0.77000,0.59000,0.59000,-7.43847285e-03,0.55387216,Far,True,2,0.00500,Near,0.10333
KC,400,1733,rebound,0.77000,0.010713,0.19517829,228,0.57000,-0.20000,0.20000,7.45902511e-03,1.18503924,Middle,False,228,0.57000,Middle,0.09667
KC,400,1734,contraction,0.57000,0.018172,0.14704304,106,0.26500,-0.30500,0.30500,-5.42624508e-03,0.84254164,Near,False,106,0.26500,Near,0.06833
KC,400,1735,contraction,0.26500,0.012746,0.06943648,367,0.91750,0.65250,0.65250,-5.53517719e-03,0.49491728,Far,True,1,0.00250,Near,0.25083
KC,400,1736,rebound,0.91750,0.007211,0.23117769,193,0.48250,-0.43500,0.43500,2.63779614e-02,1.84471128,Middle,False,193,0.48250,Middle,0.14917
KC,400,1737,contraction,0.48250,0.033589,0.12902218,280,0.70000,0.21750,0.21750,-1.72018271e-02,0.61355312,Far,True,58,0.14500,Near,0.03333
KC,400,1738,rebound,0.70000,0.016387,0.17909672,124,0.31000,-0.39000,0.39000,7.96538386e-03,1.31524713,Near,False,124,0.31000,Near,0.02333
KC,400,1739,contraction,0.31000,0.024352,0.08358807,380,0.95000,0.64000,0.64000,-1.94152367e-02,0.40709658,Far,True,34,0.08500,Near,0.28333
KC,400,1740,rebound,0.95000,0.004937,0.23873426,216,0.54000,-0.41000,0.41000,4.22240636e-02,6.81498936,Middle,False,216,0.54000,Middle,0.12667
KC,400,1741,contraction,0.54000,0.047161,0.14679027,91,0.22750,-0.31250,0.31250,-1.83371734e-02,0.64755282,Near,False,91,0.22750,Near,0.10583
KC,400,1742,contraction,0.22750,0.028824,0.06408098,317,0.79250,0.56500,0.56500,-7.37913053e-03,0.60167206,Far,True,29,0.07250,Near,0.12583
KC,400,1743,rebound,0.79250,0.021445,0.20348620,165,0.41250,-0.38000,0.38000,1.24670980e-02,1.33924965,Middle,False,165,0.41250,Middle,0.07917
KC,400,1744,contraction,0.41250,0.033912,0.11160297,259,0.64750,0.23500,0.23500,-1.82332941e-02,0.58422435,Middle,True,48,0.12000,Near,0.01917
KC,400,1745,contraction,0.64750,0.015679,0.16579465,62,0.15500,-0.49250,0.49250,-1.55503876e-03,0.93412762,Near,False,62,0.15500,Near,0.17833
KC,400,1746,contraction,0.15500,0.014124,0.04228089,348,0.87000,0.71500,0.71500,-5.93408082e-03,0.45004694,Far,True,1,0.00250,Near,0.20333
KC,400,1747,rebound,0.87000,0.008189,0.21954737,185,0.46250,-0.40750,0.40750,2.48736921e-02,1.92219612,Middle,False,185,0.46250,Middle,0.12917
KC,400,1748,contraction,0.46250,0.033063,0.12389079,289,0.72250,0.26000,0.26000,-2.23940837e-02,0.54956020,Far,True,111,0.27750,Near,0.05583
KC,400,1749,rebound,0.72250,0.010669,0.18329227,116,0.29000,-0.43250,0.43250,1.54379070e-02,1.73159274,Near,False,116,0.29000,Near,0.04333
KC,400,1750,contraction,0.29000,0.026107,0.07902675,390,0.97500,0.68500,0.68500,-2.38312531e-02,0.40468081,Far,True,24,0.06000,Near,0.30833
KC,400,1751,rebound,0.97500,0.002276,0.24431894,223,0.55750,-0.41750,0.41750,5.25597948e-02,13.14251493,Middle,False,223,0.55750,Middle,0.10917
KC,400,1752,contraction,0.55750,0.054836,0.15308388,146,0.36500,-0.19250,0.19250,-1.85828375e-02,0.65796882,Middle,False,146,0.36500,Middle,0.03167
KC,400,1753,contraction,0.36500,0.036253,0.10031317,326,0.81500,0.45000,0.45000,-1.48712600e-02,0.55219104,Far,True,54,0.13500,Near,0.14833
KC,400,1754,rebound,0.81500,0.021381,0.20909536,199,0.49750,-0.31750,0.31750,1.41895262e-02,1.48301487,Middle,False,199,0.49750,Middle,0.16417
KC,400,1755,contraction,0.49750,0.035571,0.13326774,81,0.20250,-0.29500,0.29500,-1.34211112e-02,0.63042398,Near,False,81,0.20250,Near,0.13083
KC,400,1756,contraction,0.20250,0.022150,0.05616246,275,0.68750,0.48500,0.48500,-9.84034150e-03,0.55144672,Far,True,13,0.03250,Near,0.02083
KC,400,1757,contraction,0.68750,0.012310,0.17495238,361,0.90250,0.21500,0.21500,-2.84352244e-03,0.86808035,Far,True,45,0.11250,Near,0.23583
KC,400,1758,rebound,0.90250,0.009466,0.22799150,161,0.40250,-0.50000,0.50000,3.97971411e-02,4.29675483,Middle,False,161,0.40250,Middle,0.06917
KC,400,1759,contraction,0.40250,0.049263,0.11294078,246,0.61500,0.21250,0.21250,-2.49794459e-02,0.51839319,Middle,True,103,0.25750,Near,0.05167
KC,400,1760,contraction,0.61500,0.024284,0.15982092,99,0.24750,-0.36750,0.36750,-3.19544432e-03,0.90369518,Near,False,99,0.24750,Near,0.08583
KC,400,1761,contraction,0.24750,0.021088,0.06714706,338,0.84500,0.59750,0.59750,-1.32142138e-02,0.45957187,Far,True,19,0.04750,Near,0.17833
KC,400,1762,rebound,0.84500,0.007874,0.21321851,188,0.47000,-0.37500,0.37500,2.01217634e-02,1.66994529,Middle,False,188,0.47000,Middle,0.13667
KC,400,1763,contraction,0.47000,0.027996,0.12449895,55,0.13750,-0.33250,0.33250,-1.70568724e-02,0.56081741,Near,False,55,0.13750,Near,0.19583
KC,400,1764,contraction,0.13750,0.010939,0.03710973,301,0.75250,0.61500,0.61500,-4.17156230e-03,0.62495803,Far,True,1,0.00250,Near,0.08583
KC,400,1765,rebound,0.75250,0.006767,0.18981684,132,0.33000,-0.42250,0.42250,6.71070041e-03,1.19178839,Near,False,132,0.33000,Near,0.00333
KC,400,1766,contraction,0.33000,0.013478,0.08586951,377,0.94250,0.61250,0.61250,-1.12738280e-02,0.50882428,Far,True,1,0.00250,Near,0.27583
KC,400,1767,rebound,0.94250,0.002204,0.23617606,227,0.56750,-0.37500,0.37500,4.23781222e-02,3.75662448,Middle,False,227,0.56750,Middle,0.09917
KC,400,1768,contraction,0.56750,0.044582,0.15302059,110,0.27500,-0.29250,0.29250,-1.92238027e-02,0.65091764,Near,False,110,0.27500,Near,0.05833
KC,400,1769,contraction,0.27500,0.025359,0.07508964,283,0.70750,0.43250,0.43250,-1.12085616e-02,0.58671553,Far,True,23,0.05750,Near,0.04083
KC,400,1770,rebound,0.70750,0.014150,0.18041250,170,0.42500,-0.28250,0.28250,9.31552862e-05,1.00211740,Middle,False,170,0.42500,Middle,0.09167
KC,400,1771,contraction,0.42500,0.014243,0.10981079,32,0.08000,-0.34500,0.34500,-1.07179944e-02,0.55585733,Near,False,32,0.08000,Near,0.25333
KC,400,1772,contraction,0.08000,0.003525,0.02088129,354,0.88500,0.80500,0.80500,-1.01025390e-03,0.67779587,Far,True,1,0.00250,Near,0.21833
KC,400,1773,rebound,0.88500,0.002515,0.22187872,210,0.52500,-0.36000,0.36000,2.40393133e-02,1.79102101,Middle,False,210,0.52500,Middle,0.14167
KC,400,1774,contraction,0.52500,0.026554,0.13788855,85,0.21250,-0.31250,0.31250,-1.31876707e-02,0.64983276,Near,False,85,0.21250,Near,0.12083
KC,400,1775,contraction,0.21250,0.013367,0.05646663,314,0.78500,0.57250,0.57250,-8.30775174e-03,0.53727038,Far,True,1,0.00250,Near,0.11833
KC,400,1776,rebound,0.78500,0.005059,0.19751470,147,0.36750,-0.41750,0.41750,1.04403126e-02,1.29718143,Middle,False,147,0.36750,Middle,0.03417
KC,400,1777,contraction,0.36750,0.015499,0.09574977,397,0.99250,0.62500,0.62500,-1.41989044e-02,0.57485188,Far,True,5,0.01250,Near,0.32583
KC,400,1778,rebound,0.99250,0.001300,0.24845005,243,0.60750,-0.38500,0.38500,5.48996457e-02,19.99393019,Middle,False,243,0.60750,Middle,0.05917
KC,400,1779,contraction,0.60750,0.056200,0.16592496,180,0.45000,-0.15750,0.15750,-1.62937813e-02,0.71600223,Middle,False,180,0.45000,Middle,0.11667
KC,400,1780,contraction,0.45000,0.039906,0.12247651,294,0.73500,0.28500,0.28500,-1.65844709e-02,0.59955805,Far,True,75,0.18750,Near,0.06833
KC,400,1781,rebound,0.73500,0.023322,0.18958040,106,0.26500,-0.47000,0.47000,1.14882876e-02,1.46969859,Near,False,106,0.26500,Near,0.06833
KC,400,1782,contraction,0.26500,0.034810,0.07495247,341,0.85250,0.58750,0.58750,-2.11809608e-02,0.40181534,Far,True,44,0.11000,Near,0.18583
KC,400,1783,rebound,0.85250,0.013629,0.21653223,202,0.50500,-0.34750,0.34750,2.68487009e-02,1.98422806,Middle,False,202,0.50500,Middle,0.16167
KC,400,1784,contraction,0.50500,0.040478,0.13636940,75,0.18750,-0.31750,0.31750,-1.95592358e-02,0.59355763,Near,False,75,0.18750,Near,0.14583
KC,400,1785,contraction,0.18750,0.020918,0.05210459,268,0.67000,0.48250,0.48250,-8.88093470e-03,0.56581378,Far,True,8,0.02000,Near,0.00333
KC,400,1786,contraction,0.67000,0.012037,0.17050936,137,0.34250,-0.32750,0.32750,-3.18272356e-03,0.92350608,Middle,False,137,0.34250,Middle,0.00917
KC,400,1787,contraction,0.34250,0.008855,0.08783868,371,0.92750,0.58500,0.58500,-1.83740652e-03,0.76779035,Far,True,2,0.00500,Near,0.26083
KC,400,1788,rebound,0.92750,0.007017,0.23362933,224,0.56000,-0.36750,0.36750,2.83538967e-02,1.98033004,Middle,False,224,0.56000,Middle,0.10667
KC,400,1789,contraction,0.56000,0.035371,0.14884280,97,0.24250,-0.31750,0.31750,-1.45581657e-02,0.68239239,Near,False,97,0.24250,Near,0.09083
KC,400,1790,contraction,0.24250,0.020813,0.06582826,321,0.80250,0.56000,0.56000,-6.31844280e-03,0.62467741,Far,True,16,0.04000,Near,0.13583
KC,400,1791,rebound,0.80250,0.014495,0.20424865,169,0.42250,-0.38000,0.38000,1.29327526e-02,1.35122984,Middle,False,169,0.42250,Middle,0.08917
KC,400,1792,contraction,0.42250,0.027427,0.11248184,280,0.70000,0.27750,0.27750,-1.99856636e-02,0.55305204,Far,True,42,0.10500,Near,0.03333
KC,400,1793,rebound,0.70000,0.007442,0.17686042,65,0.16250,-0.53750,0.53750,8.03564749e-03,1.60141289,Near,False,65,0.16250,Near,0.17083
KC,400,1794,contraction,0.16250,0.015477,0.04449433,385,0.96250,0.80000,0.80000,-1.11565802e-02,0.33904330,Far,True,1,0.00250,Near,0.29583
KC,400,1795,rebound,0.96250,0.004321,0.24170519,196,0.49000,-0.47250,0.47250,4.73136262e-02,4.61744900,Middle,False,196,0.49000,Middle,0.15667
KC,400,1796,contraction,0.49000,0.051634,0.13540860,252,0.63000,0.14000,0.14000,-2.38823113e-02,0.57063981,Middle,True,127,0.31750,Near,0.03667
KC,400,1797,rebound,0.63000,0.027752,0.16443802,120,0.30000,-0.33000,0.33000,2.28420652e-04,1.00665880,Near,False,120,0.30000,Near,0.03333
KC,400,1798,contraction,0.30000,0.027980,0.08199512,334,0.83500,0.53500,0.53500,-1.35191607e-02,0.46730199,Far,True,29,0.07250,Near,0.16833
KC,400,1799,rebound,0.83500,0.014461,0.21236533,158,0.39500,-0.44000,0.44000,1.60992964e-02,1.46762692,Middle,False,158,0.39500,Middle,0.06167
KC,400,1800,contraction,0.39500,0.030561,0.10639016,300,0.75000,0.35500,0.35500,-1.84828594e-02,0.53007150,Far,True,48,0.12000,Near,0.08333
KC,400,1801,rebound,0.75000,0.012078,0.19051944,87,0.21750,-0.53250,0.53250,1.15624959e-02,1.61228006,Near,False,87,0.21750,Near,0.11583
KC,400,1802,contraction,0.21750,0.023640,0.06028507,230,0.57500,0.35750,0.35750,-1.67209857e-02,0.46862185,Middle,True,18,0.04500,Near,0.09167
KC,400,1803,contraction,0.57500,0.006919,0.14547982,364,0.91000,0.33500,0.33500,-1.48995978e-03,0.88940453,Far,True,28,0.07000,Near,0.24333
KC,400,1804,rebound,0.91000,0.005429,0.22885733,176,0.44000,-0.47000,0.47000,3.36459878e-02,3.50616343,Middle,False,176,0.44000,Middle,0.10667
KC,400,1805,contraction,0.44000,0.039075,0.11976883,67,0.16750,-0.27250,0.27250,-2.42141711e-02,0.51205085,Near,False,67,0.16750,Near,0.16583
KC,400,1806,contraction,0.16750,0.014861,0.04559028,275,0.68750,0.52000,0.52000,-5.93018115e-03,0.62392649,Far,True,1,0.00250,Near,0.02083
KC,400,1807,contraction,0.68750,0.008931,0.17410774,129,0.32250,-0.36500,0.36500,-1.81780723e-03,0.95439436,Near,False,129,0.32250,Near,0.01083
KC,400,1808,contraction,0.32250,0.007113,0.08240329,391,0.97750,0.65500,0.65500,-5.01824206e-03,0.64345646,Far,True,1,0.00250,Near,0.31083
KC,400,1809,rebound,0.97750,0.002095,0.24489873,214,0.53500,-0.44250,0.44250,4.39825447e-02,5.47846935,Middle,False,214,0.53500,Middle,0.13167
KC,400,1810,contraction,0.53500,0.046077,0.14526936,311,0.77750,0.24250,0.24250,-1.80191719e-02,0.59933026,Far,True,104,0.26000,Near,0.11083
KC,400,1811,rebound,0.77750,0.028058,0.20138957,148,0.37000,-0.40750,0.40750,1.67943711e-02,1.59911466,Middle,False,148,0.37000,Middle,0.03667
KC,400,1812,contraction,0.37000,0.044853,0.10371316,256,0.64000,0.27000,0.27000,-2.52649746e-02,0.49021423,Middle,True,79,0.19750,Near,0.02667
KC,400,1813,rebound,0.64000,0.019588,0.16489692,83,0.20750,-0.43250,0.43250,1.45629599e-03,1.05702149,Near,False,83,0.20750,Near,0.12583
KC,400,1814,contraction,0.20750,0.021044,0.05713599,349,0.87250,0.66500,0.66500,-7.65686257e-03,0.45992041,Far,True,12,0.03000,Near,0.20583
KC,400,1815,rebound,0.87250,0.013387,0.22147178,189,0.47250,-0.40000,0.40000,2.40762797e-02,1.77391383,Middle,False,189,0.47250,Middle,0.13917
KC,400,1816,contraction,0.47250,0.037463,0.12749085,290,0.72500,0.25250,0.25250,-2.37245390e-02,0.53334342,Far,True,109,0.27250,Near,0.05833
KC,400,1817,rebound,0.72500,0.013739,0.18468471,114,0.28500,-0.44000,0.44000,1.47793451e-02,1.67627885,Near,False,114,0.28500,Near,0.04833
KC,400,1818,contraction,0.28500,0.028518,0.07837955,374,0.93500,0.65000,0.65000,-2.27301341e-02,0.40813660,Far,True,33,0.08250,Near,0.26833
KC,400,1819,rebound,0.93500,0.005788,0.23519701,220,0.55000,-0.38500,0.38500,4.43558835e-02,4.67627041,Middle,False,220,0.55000,Middle,0.11667
KC,400,1820,contraction,0.55000,0.050144,0.15003599,142,0.35500,-0.19500,0.19500,-1.85220224e-02,0.65779187,Middle,False,142,0.35500,Middle,0.02167
KC,400,1821,contraction,0.35500,0.031622,0.09665548,325,0.81250,0.45750,0.45750,-1.42118550e-02,0.53683739,Far,True,50,0.12500,Near,0.14583
KC,400,1822,rebound,0.81250,0.017410,0.20747752,178,0.44500,-0.36750,0.36750,1.42028609e-02,1.56010228,Middle,False,178,0.44500,Middle,0.11167
KC,400,1823,contraction,0.44500,0.031613,0.11915323,65,0.16250,-0.28250,0.28250,-1.60937179e-02,0.60687043,Near,False,65,0.16250,Near,0.17083
KC,400,1824,contraction,0.16250,0.015519,0.04450480,271,0.67750,0.51500,0.51500,-6.00806937e-03,0.61906265,Far,True,1,0.00250,Near,0.01083
KC,400,1825,contraction,0.67750,0.009511,0.17175278,357,0.89250,0.21500,0.21500,-5.22883982e-03,0.82678959,Far,True,30,0.07500,Near,0.22583
KC,400,1826,rebound,0.89250,0.004282,0.22419557,156,0.39000,-0.50250,0.50250,3.71074747e-02,4.84670768,Middle,False,156,0.39000,Middle,0.05667
KC,400,1827,contraction,0.39000,0.041390,0.10784744,241,0.60250,0.21250,0.21250,-2.20826512e-02,0.53998404,Middle,True,92,0.23000,Near,0.06417
KC,400,1828,contraction,0.60250,0.019307,0.15545178,88,0.22000,-0.38250,0.38250,-3.58844610e-03,0.88327814,Near,False,88,0.22000,Near,0.11333
KC,400,1829,contraction,0.22000,0.015719,0.05892967,336,0.84000,0.62000,0.62000,-1.40695568e-02,0.42346291,Far,True,1,0.00250,Near,0.17333
KC,400,1830,rebound,0.84000,0.001649,0.21041228,198,0.49500,-0.34500,0.34500,2.14111993e-02,2.27383827,Middle,False,198,0.49500,Middle,0.16167
KC,400,1831,contraction,0.49500,0.023060,0.12951508,49,0.12250,-0.37250,0.37250,-1.45615798e-02,0.61174141,Near,False,49,0.12250,Near,0.21083
KC,400,1832,contraction,0.12250,0.008499,0.03274968,396,0.99000,0.86750,0.86750,-7.40359680e-03,0.42407093,Far,True,1,0.00250,Near,0.32333
KC,400,1833,rebound,0.99000,0.001095,0.24777379,253,0.63250,-0.35750,0.35750,5.04815207e-02,17.10778087,Middle,False,253,0.63250,Middle,0.03417
KC,400,1834,contraction,0.63250,0.051577,0.17101917,138,0.34500,-0.28750,0.28750,-5.07093748e-03,0.88430222,Middle,False,138,0.34500,Middle,0.01167
KC,400,1835,contraction,0.34500,0.046506,0.09787643,301,0.75250,0.40750,0.40750,-1.85729806e-02,0.50204678,Far,True,100,0.25000,Near,0.08583
KC,400,1836,rebound,0.75250,0.027933,0.19510819,175,0.43750,-0.31500,0.31500,5.79509694e-03,1.13742513,Middle,False,175,0.43750,Middle,0.10417
KC,400,1837,contraction,0.43750,0.033728,0.11780696,76,0.19000,-0.24750,0.24750,-2.05856308e-02,0.52622381,Near,False,76,0.19000,Near,0.14333
KC,400,1838,contraction,0.19000,0.013142,0.05078555,345,0.86250,0.67250,0.67250,-2.41128597e-03,0.71760215,Far,True,1,0.00250,Near,0.19583
KC,400,1839,rebound,0.86250,0.010731,0.21830773,224,0.56000,-0.30250,0.30250,2.35726868e-02,1.78207131,Middle,False,224,0.56000,Middle,0.10667
KC,400,1840,contraction,0.56000,0.034304,0.14857590,115,0.28750,-0.27250,0.27250,-1.54763825e-02,0.66741680,Near,False,115,0.28750,Near,0.04583
KC,400,1841,contraction,0.28750,0.018827,0.07658181,313,0.78250,0.49500,0.49500,-1.02358283e-02,0.60297756,Far,True,12,0.03000,Near,0.11583
KC,400,1842,rebound,0.78250,0.008591,0.19777285,188,0.47000,-0.31250,0.31250,8.30891620e-03,1.20790022,Middle,False,188,0.47000,Middle,0.13667
KC,400,1843,contraction,0.47000,0.016900,0.12172508,43,0.10750,-0.36250,0.36250,-1.04785696e-02,0.60738237,Near,False,43,0.10750,Near,0.22583
KC,400,1844,contraction,0.10750,0.006422,0.02848044,381,0.95250,0.84500,0.84500,-2.56486852e-04,0.83399432,Far,True,1,0.00250,Near,0.28583
KC,400,1845,rebound,0.95250,0.006165,0.23966632,260,0.65000,-0.30250,0.30250,3.77587935e-02,3.35645772,Middle,False,260,0.65000,Middle,0.01667
KC,400,1846,contraction,0.65000,0.043924,0.17348101,146,0.36500,-0.28500,0.28500,-3.09117496e-03,0.92870618,Middle,False,146,0.36500,Middle,0.03167
KC,400,1847,contraction,0.36500,0.040833,0.10145822,287,0.71750,0.35250,0.35250,-2.38387768e-02,0.46666441,Far,True,84,0.21000,Near,0.05083
KC,400,1848,rebound,0.71750,0.016994,0.18362353,97,0.24250,-0.47500,0.47500,7.63662771e-03,1.30249882,Near,False,97,0.24250,Near,0.09083
KC,400,1849,contraction,0.24250,0.024631,0.06678268,362,0.90500,0.66250,0.66250,-1.58548879e-02,0.44575408,Far,True,13,0.03250,Near,0.23833
KC,400,1850,rebound,0.90500,0.008776,0.22844396,206,0.51500,-0.39000,0.39000,3.98576734e-02,3.31985143,Middle,False,206,0.51500,Middle,0.15167
KC,400,1851,contraction,0.51500,0.048634,0.14090838,129,0.32250,-0.19250,0.19250,-2.57172505e-02,0.56590911,Near,False,129,0.32250,Near,0.01083
KC,400,1852,contraction,0.32250,0.022916,0.08635407,321,0.80250,0.48000,0.48000,-9.20782085e-03,0.61325384,Far,True,29,0.07250,Near,0.13583
KC,400,1853,rebound,0.80250,0.013708,0.20405211,234,0.58500,-0.21750,0.21750,1.35938883e-02,1.37876748,Middle,False,234,0.58500,Middle,0.08167
KC,400,1854,contraction,0.58500,0.027302,0.15307558,77,0.19250,-0.39250,0.39250,-6.67838749e-03,0.78735520,Near,False,77,0.19250,Near,0.14083
KC,400,1855,contraction,0.19250,0.020624,0.05328099,376,0.94000,0.74750,0.74750,-1.75567753e-02,0.36302965,Far,True,8,0.02000,Near,0.27333
KC,400,1856,rebound,0.94000,0.003067,0.23576679,178,0.44500,-0.49500,0.49500,4.69671519e-02,5.30312812,Middle,False,178,0.44500,Middle,0.11167
KC,400,1857,contraction,0.44500,0.050034,0.12375858,274,0.68500,0.24000,0.24000,-2.08565385e-02,0.56445964,Far,True,116,0.29000,Near,0.01833
KC,400,1858,contraction,0.68500,0.029178,0.17854445,117,0.29250,-0.39250,0.39250,-4.14829148e-04,0.98891470,Near,False,117,0.29250,Near,0.04083
KC,400,1859,contraction,0.29250,0.028763,0.08031574,332,0.83000,0.53750,0.53750,-1.77547240e-02,0.45055635,Far,True,33,0.08250,Near,0.16333
KC,400,1860,rebound,0.83000,0.011008,0.21025206,199,0.49750,-0.33250,0.33250,2.29065978e-02,1.77243361,Middle,False,199,0.49750,Middle,0.16417
KC,400,1861,contraction,0.49750,0.033915,0.13285371,66,0.16500,-0.33250,0.33250,-1.80688178e-02,0.57377853,Near,False,66,0.16500,Near,0.16833
KC,400,1862,contraction,0.16500,0.015846,0.04521150,296,0.74000,0.57500,0.57500,-9.85232011e-03,0.47056397,Far,True,1,0.00250,Near,0.07333
KC,400,1863,rebound,0.74000,0.005994,0.18649842,149,0.37250,-0.36750,0.36750,8.70146005e-03,1.25054489,Middle,False,149,0.37250,Middle,0.03917
KC,400,1864,contraction,0.37250,0.014695,0.09679879,388,0.97000,0.59750,0.59750,-1.30274952e-02,0.51486404,Far,True,11,0.02750,Near,0.30333
KC,400,1865,rebound,0.97000,0.001668,0.24291691,228,0.57000,-0.40000,0.40000,4.70288048e-02,6.16333412,Middle,False,228,0.57000,Middle,0.09667
KC,400,1866,contraction,0.57000,0.048696,0.15467411,108,0.27000,-0.30000,0.30000,-1.73308914e-02,0.65460473,Near,False,108,0.27000,Near,0.06333
KC,400,1867,contraction,0.27000,0.031366,0.07534139,308,0.77000,0.50000,0.50000,-1.35261678e-02,0.54229592,Far,True,33,0.08250,Near,0.10333
KC,400,1868,rebound,0.77000,0.017839,0.19695985,174,0.43500,-0.33500,0.33500,1.06157534e-02,1.28136927,Middle,False,174,0.43500,Middle,0.10167
KC,400,1869,contraction,0.43500,0.028455,0.11586379,351,0.87750,0.44250,0.44250,-1.78714061e-02,0.57319952,Far,True,49,0.12250,Near,0.21083
KC,400,1870,rebound,0.87750,0.010584,0.22202094,244,0.61000,-0.26750,0.26750,3.02609865e-02,3.28027473,Middle,False,244,0.61000,Middle,0.05667
KC,400,1871,contraction,0.61000,0.040845,0.16271118,125,0.31250,-0.29750,0.29750,-4.12430969e-03,0.89497963,Near,False,125,0.31250,Near,0.02083
KC,400,1872,contraction,0.31250,0.036720,0.08730511,52,0.13000,-0.18250,0.18250,-2.70067674e-02,0.41377969,Near,False,52,0.13000,Near,0.20333
KC,400,1873,contraction,0.13000,0.009714,0.03492841,282,0.70500,0.57500,0.57500,-3.17879318e-03,0.69656286,Far,True,1,0.00250,Near,0.03833
KC,400,1874,contraction,0.70500,0.006535,0.17788372,190,0.47500,-0.23000,0.23000,-3.51688793e-04,0.99213425,Middle,False,190,0.47500,Middle,0.14167
KC,400,1875,contraction,0.47500,0.006183,0.12029579,368,0.92000,0.44500,0.44500,-3.70144097e-03,0.70743069,Far,True,12,0.03000,Near,0.25333
KC,400,1876,rebound,0.92000,0.002482,0.23062043,144,0.36000,-0.56000,0.56000,3.16429594e-02,3.79002552,Middle,False,144,0.36000,Middle,0.02667
KC,400,1877,contraction,0.36000,0.034125,0.09853117,262,0.65500,0.29500,0.29500,-1.99576936e-02,0.52952112,Middle,True,72,0.18000,Near,0.01167
KC,400,1878,rebound,0.65500,0.014167,0.16729175,80,0.20000,-0.45500,0.45500,1.80712001e-03,1.07321507,Near,False,80,0.20000,Near,0.13333
KC,400,1879,contraction,0.20000,0.015974,0.05399353,338,0.84500,0.64500,0.64500,-1.13699297e-02,0.41142320,Far,True,1,0.00250,Near,0.17833
KC,400,1880,rebound,0.84500,0.004604,0.21240105,207,0.51750,-0.32750,0.32750,2.29784354e-02,1.76450094,Middle,False,207,0.51750,Middle,0.14917
KC,400,1881,contraction,0.51750,0.027583,0.13627066,105,0.26250,-0.25500,0.25500,-1.65236047e-02,0.62422727,Near,False,105,0.26250,Near,0.07083
KC,400,1882,contraction,0.26250,0.011059,0.06838976,399,0.99750,0.73500,0.73500,-1.02765646e-02,0.48787200,Far,True,1,0.00250,Near,0.33083
KC,400,1883,rebound,0.99750,0.000782,0.24957061,235,0.58750,-0.41000,0.41000,5.05470374e-02,18.49603300,Middle,False,235,0.58750,Middle,0.07917
KC,400,1884,contraction,0.58750,0.051329,0.15970737,160,0.40000,-0.18750,0.18750,-1.46158414e-02,0.72457843,Middle,False,160,0.40000,Middle,0.06667
KC,400,1885,contraction,0.40000,0.036714,0.10917841,312,0.78000,0.38000,0.38000,-8.51228643e-03,0.69943006,Far,True,58,0.14500,Near,0.11333
KC,400,1886,rebound,0.78000,0.028201,0.20205034,121,0.30250,-0.47750,0.47750,3.70949022e-03,1.09574266,Near,False,121,0.30250,Near,0.03083
KC,400,1887,contraction,0.30250,0.031911,0.08360271,288,0.72000,0.41750,0.41750,-1.30273199e-02,0.57623929,Far,True,44,0.11000,Near,0.05333
KC,400,1888,rebound,0.72000,0.018884,0.18472088,187,0.46750,-0.25250,0.25250,1.11756189e-03,1.02490802,Middle,False,187,0.46750,Middle,0.13417
KC,400,1889,contraction,0.46750,0.020001,0.12187527,358,0.89500,0.42750,0.42750,-8.83691283e-03,0.61798367,Far,True,54,0.13500,Near,0.22833
KC,400,1890,rebound,0.89500,0.011164,0.22654105,138,0.34500,-0.55000,0.55000,2.81840112e-02,3.99572163,Middle,False,138,0.34500,Middle,0.01167
KC,400,1891,contraction,0.34500,0.039348,0.09608705,254,0.63500,0.29000,0.29000,-1.66998510e-02,0.57226860,Middle,True,62,0.15500,Near,0.03167
KC,400,1892,contraction,0.63500,0.022648,0.16441209,71,0.17750,-0.45750,0.45750,-3.74624321e-03,0.86802636,Near,False,71,0.17750,Near,0.15583
KC,400,1893,contraction,0.17750,0.018902,0.04910053,328,0.82000,0.64250,0.64250,-9.85979937e-03,0.42690209,Far,True,3,0.00750,Near,0.15333
KC,400,1894,rebound,0.82000,0.009042,0.20726058,201,0.50250,-0.31750,0.31750,1.80942776e-02,1.53664187,Middle,False,201,0.50250,Middle,0.16417
KC,400,1895,contraction,0.50250,0.027137,0.13240915,97,0.24250,-0.26000,0.26000,-1.70867209e-02,0.59844745,Near,False,97,0.24250,Near,0.09083
KC,400,1896,contraction,0.24250,0.010050,0.06313746,383,0.95750,0.71500,0.71500,-4.04481162e-03,0.49383407,Far,True,1,0.00250,Near,0.29083
KC,400,1897,rebound,0.95750,0.006005,0.24087626,230,0.57500,-0.38250,0.38250,3.90084099e-02,3.39681054,Middle,False,230,0.57500,Middle,0.09167
KC,400,1898,contraction,0.57500,0.045013,0.15500336,152,0.38000,-0.19500,0.19500,-1.57140084e-02,0.70026175,Middle,False,152,0.38000,Middle,0.04667
KC,400,1899,contraction,0.38000,0.029299,0.10232486,301,0.75250,0.37250,0.37250,-8.67123666e-03,0.68954600,Far,True,44,0.11000,Near,0.08583
KC,400,1900,rebound,0.75250,0.020628,0.19328205,110,0.27500,-0.47750,0.47750,1.52257505e-03,1.04630624,Near,False,110,0.27500,Near,0.05833
KC,400,1901,contraction,0.27500,0.022151,0.07428770,346,0.86500,0.59000,0.59000,-1.10245570e-02,0.54000503,Far,True,26,0.06500,Near,0.19833
KC,400,1902,rebound,0.86500,0.011126,0.21903156,211,0.52750,-0.33750,0.33750,2.70716561e-02,1.98424862,Middle,False,211,0.52750,Middle,0.13917
KC,400,1903,contraction,0.52750,0.038198,0.14142447,75,0.18750,-0.34000,0.34000,-1.93714801e-02,0.61220109,Near,False,75,0.18750,Near,0.14583
KC,400,1904,contraction,0.18750,0.018826,0.05158160,275,0.68750,0.50000,0.50000,-5.66857768e-03,0.66261563,Far,True,5,0.01250,Near,0.02083
KC,400,1905,contraction,0.68750,0.013158,0.17516446,164,0.41000,-0.27750,0.27750,-3.15816899e-03,0.93072537,Middle,False,164,0.41000,Middle,0.07667
KC,400,1906,contraction,0.41000,0.010000,0.10499992,372,0.93000,0.52000,0.52000,-5.01404870e-03,0.58430233,Far,True,16,0.04000,Near,0.26333
KC,400,1907,rebound,0.93000,0.004986,0.23374640,241,0.60250,-0.32750,0.32750,2.97078337e-02,2.87533381,Middle,False,241,0.60250,Middle,0.06417
KC,400,1908,contraction,0.60250,0.034693,0.15929836,121,0.30250,-0.30000,0.30000,-4.12029082e-03,0.89143346,Near,False,121,0.30250,Near,0.03083
KC,400,1909,contraction,0.30250,0.030573,0.08326829,318,0.79500,0.49250,0.49250,-1.77859035e-02,0.43945691,Far,True,39,0.09750,Near,0.12833
KC,400,1910,rebound,0.79500,0.012787,0.20194681,182,0.45500,-0.34000,0.34000,1.43644431e-02,1.50080989,Middle,False,182,0.45500,Middle,0.12167
KC,400,1911,contraction,0.45500,0.027152,0.12053792,57,0.14250,-0.31250,0.31250,-1.51457142e-02,0.54245957,Near,False,57,0.14250,Near,0.19083
KC,400,1912,contraction,0.14250,0.012006,0.03862649,392,0.98000,0.83750,0.83750,-8.84646309e-03,0.39731822,Far,True,1,0.00250,Near,0.31333
KC,400,1913,rebound,0.98000,0.003160,0.24578988,257,0.64250,-0.33750,0.33750,4.81701145e-02,8.17963144,Middle,False,257,0.64250,Middle,0.02417
KC,400,1914,contraction,0.64250,0.051330,0.17345741,146,0.36500,-0.27750,0.27750,-6.54141616e-03,0.86040021,Middle,False,146,0.36500,Middle,0.03167
KC,400,1915,contraction,0.36500,0.044788,0.10244705,295,0.73750,0.37250,0.37250,-1.92002552e-02,0.51134661,Far,True,89,0.22250,Near,0.07083
KC,400,1916,rebound,0.73750,0.025588,0.19077199,199,0.49750,-0.24000,0.24000,4.47127058e-03,1.13113910,Middle,False,199,0.49750,Middle,0.16417
KC,400,1917,contraction,0.49750,0.030059,0.13188981,86,0.21500,-0.28250,0.28250,-1.17498582e-02,0.66402225,Near,False,86,0.21500,Near,0.11833
KC,400,1918,contraction,0.21500,0.018309,0.05832734,352,0.88000,0.66500,0.66500,-3.93622293e-03,0.64198110,Far,True,5,0.01250,Near,0.21333
KC,400,1919,rebound,0.88000,0.014373,0.22359329,225,0.56250,-0.31750,0.31750,1.90009914e-02,1.52863370,Middle,False,225,0.56250,Middle,0.10417
KC,400,1920,contraction,0.56250,0.033374,0.14896854,118,0.29500,-0.26750,0.26750,-1.14260766e-02,0.73761973,Near,False,118,0.29500,Near,0.03833
KC,400,1921,contraction,0.29500,0.021948,0.07923702,331,0.82750,0.53250,0.53250,-9.27663646e-03,0.56200617,Far,True,23,0.05750,Near,0.16083
KC,400,1922,rebound,0.82750,0.012671,0.21004286,170,0.42500,-0.40250,0.40250,1.48110334e-02,1.40647565,Middle,False,170,0.42500,Middle,0.09167
KC,400,1923,contraction,0.42500,0.027482,0.11312062,279,0.69750,0.27250,0.27250,-1.61163440e-02,0.60136359,Far,True,48,0.12000,Near,0.03083
KC,400,1924,rebound,0.69750,0.011366,0.17721653,71,0.17750,-0.52000,0.52000,6.74598551e-03,1.38324484,Near,False,71,0.17750,Near,0.15583
KC,400,1925,contraction,0.17750,0.018112,0.04890303,378,0.94500,0.76750,0.76750,-1.28020433e-02,0.33598113,Far,True,1,0.00250,Near,0.27833
KC,400,1926,rebound,0.94500,0.005310,0.23757751,207,0.51750,-0.42750,0.42750,4.27808248e-02,3.59093592,Middle,False,207,0.51750,Middle,0.14917
KC,400,1927,contraction,0.51750,0.048091,0.14139772,134,0.33500,-0.18250,0.18250,-2.14449903e-02,0.59809618,Middle,False,134,0.33500,Middle,0.00167
KC,400,1928,contraction,0.33500,0.026646,0.09041147,308,0.77000,0.43500,0.43500,-8.91755683e-03,0.64449099,Far,True,31,0.07750,Near,0.10333
KC,400,1929,rebound,0.77000,0.017728,0.19693208,243,0.60750,-0.16250,0.16250,4.19919033e-03,1.09838843,Middle,False,243,0.60750,Middle,0.05917
KC,400,1930,contraction,0.60750,0.021928,0.15735688,94,0.23500,-0.37250,0.37250,-3.53740796e-04,0.98764983,Near,False,94,0.23500,Near,0.09833
KC,400,1931,contraction,0.23500,0.021574,0.06414345,363,0.90750,0.67250,0.67250,-1.51833135e-02,0.35619079,Far,True,16,0.04000,Near,0.24083
KC,400,1932,rebound,0.90750,0.006390,0.22847262,179,0.44750,-0.46000,0.46000,3.51191759e-02,2.65356108,Middle,False,179,0.44750,Middle,0.11417
KC,400,1933,contraction,0.44750,0.041510,0.12225241,269,0.67250,0.22500,0.22500,-2.30191449e-02,0.54127609,Far,True,59,0.14750,Near,0.00583
KC,400,1934,rebound,0.67250,0.018491,0.17274763,113,0.28250,-0.39000,0.39000,3.39767132e-03,1.10844967,Near,False,113,0.28250,Near,0.05083
KC,400,1935,contraction,0.28250,0.021888,0.07609704,339,0.84750,0.56500,0.56500,-1.60218517e-02,0.40994822,Far,True,27,0.06750,Near,0.18083
KC,400,1936,rebound,0.84750,0.005866,0.21334158,196,0.49000,-0.35750,0.35750,2.33363067e-02,2.35967317,Middle,False,196,0.49000,Middle,0.15667
KC,400,1937,contraction,0.49000,0.029203,0.12980066,62,0.15500,-0.33500,0.33500,-1.51305513e-02,0.57611259,Near,False,62,0.15500,Near,0.17833
KC,400,1938,contraction,0.15500,0.014072,0.04226802,298,0.74500,0.59000,0.59000,-1.18855997e-02,0.41131696,Far,True,1,0.00250,Near,0.07833
KC,400,1939,rebound,0.74500,0.002186,0.18679662,145,0.36250,-0.38250,0.38250,1.04990979e-02,1.32379001,Middle,False,145,0.36250,Middle,0.02917
KC,400,1940,contraction,0.36250,0.012686,0.09379639,394,0.98500,0.62250,0.62250,-1.07398632e-02,0.49358922,Far,True,6,0.01500,Near,0.31833
KC,400,1941,rebound,0.98500,0.001946,0.24673643,228,0.57000,-0.41500,0.41500,4.82719929e-02,5.04946759,Middle,False,228,0.57000,Middle,0.09667
KC,400,1942,contraction,0.57000,0.050218,0.15505443,120,0.30000,-0.27000,0.27000,-1.88332570e-02,0.65137117,Near,False,120,0.30000,Near,0.03333
KC,400,1943,contraction,0.30000,0.031384,0.08284611,320,0.80000,0.50000,0.50000,-1.15769181e-02,0.56862859,Far,True,38,0.09500,Near,0.13333
KC,400,1944,rebound,0.80000,0.019808,0.20495188,184,0.46000,-0.34000,0.34000,1.33096893e-02,1.35397772,Middle,False,184,0.46000,Middle,0.12667
KC,400,1945,contraction,0.46000,0.033117,0.12327931,262,0.65500,0.19500,0.19500,-1.85052473e-02,0.60197521,Middle,True,71,0.17750,Near,0.01167
KC,400,1946,rebound,0.65500,0.014612,0.16740299,79,0.19750,-0.45750,0.45750,5.37090625e-03,1.26489100,Near,False,79,0.19750,Near,0.13583
KC,400,1947,contraction,0.19750,0.019983,0.05437072,367,0.91750,0.72000,0.72000,-1.17659845e-02,0.31690300,Far,True,8,0.02000,Near,0.25083
KC,400,1948,rebound,0.91750,0.008217,0.23142922,163,0.40750,-0.51000,0.51000,3.20207026e-02,2.36356730,Middle,False,163,0.40750,Middle,0.07417
KC,400,1949,contraction,0.40750,0.040238,0.11193440,285,0.71250,0.30500,0.30500,-1.89204511e-02,0.55940378,Far,True,51,0.12750,Near,0.04583
KC,400,1950,rebound,0.71250,0.021317,0.18345429,108,0.27000,-0.44250,0.44250,3.20260708e-03,1.09792542,Near,False,108,0.27000,Near,0.06333
KC,400,1951,contraction,0.27000,0.024520,0.07362994,344,0.86000,0.59000,0.59000,-1.55858458e-02,0.50043989,Far,True,25,0.06250,Near,0.19333
KC,400,1952,rebound,0.86000,0.008934,0.21723348,212,0.53000,-0.33000,0.33000,3.20207783e-02,2.45028966,Middle,False,212,0.53000,Middle,0.13667
KC,400,1953,contraction,0.53000,0.040955,0.14273867,135,0.33750,-0.19250,0.19250,-2.21567322e-02,0.59314506,Middle,False,135,0.33750,Middle,0.00417
KC,400,1954,contraction,0.33750,0.018798,0.08907449,310,0.77500,0.43750,0.43750,-1.39993033e-02,0.55571481,Far,True,32,0.08000,Near,0.10833
KC,400,1955,rebound,0.77500,0.004799,0.19494966,69,0.17250,-0.60250,0.60250,1.26457775e-02,2.22603111,Near,False,69,0.17250,Near,0.16083
KC,400,1956,contraction,0.17250,0.017444,0.04748611,244,0.61000,0.43750,0.43750,-1.10076846e-02,0.50789912,Middle,True,1,0.00250,Near,0.05667
KC,400,1957,contraction,0.61000,0.006437,0.15410919,386,0.96500,0.35500,0.35500,-2.79179253e-03,0.77479714,Far,True,22,0.05500,Near,0.29833
KC,400,1958,rebound,0.96500,0.003645,0.24216124,176,0.44000,-0.52500,0.52500,4.90050165e-02,5.76819638,Middle,False,176,0.44000,Middle,0.10667
KC,400,1959,contraction,0.44000,0.052650,0.12316249,272,0.68000,0.24000,0.24000,-2.80378749e-02,0.49811937,Far,True,103,0.25750,Near,0.01333
KC,400,1960,rebound,0.68000,0.024612,0.17615302,114,0.28500,-0.39500,0.39500,6.58663926e-03,1.23631199,Near,False,114,0.28500,Near,0.04833
KC,400,1961,contraction,0.28500,0.031199,0.07904968,333,0.83250,0.54750,0.54750,-2.08481687e-02,0.41184557,Far,True,36,0.09000,Near,0.16583
KC,400,1962,rebound,0.83250,0.010351,0.21071264,198,0.49500,-0.33750,0.33750,2.43328540e-02,1.88423361,Middle,False,198,0.49500,Middle,0.16167
KC,400,1963,contraction,0.49500,0.034683,0.13242085,77,0.19250,-0.30250,0.30250,-1.78391042e-02,0.57300750,Near,False,77,0.19250,Near,0.14083
KC,400,1964,contraction,0.19250,0.016844,0.05233608,359,0.89750,0.70500,0.70500,-1.13036195e-02,0.41975688,Far,True,2,0.00500,Near,0.23083
KC,400,1965,rebound,0.89750,0.005541,0.22576017,229,0.57250,-0.32500,0.32500,3.40474321e-02,2.61754343,Middle,False,229,0.57250,Middle,0.09417
KC,400,1966,contraction,0.57250,0.039588,0.15302203,142,0.35500,-0.21750,0.21750,-1.21084457e-02,0.74454430,Middle,False,142,0.35500,Middle,0.02167
KC,400,1967,contraction,0.35500,0.027480,0.09561992,295,0.73750,0.38250,0.38250,-1.68798646e-02,0.52629785,Far,True,36,0.09000,Near,0.07083
KC,400,1968,rebound,0.73750,0.010600,0.18702495,94,0.23500,-0.50250,0.50250,6.62107455e-03,1.31281106,Near,False,94,0.23500,Near,0.09833
KC,400,1969,contraction,0.23500,0.017221,0.06305522,380,0.95000,0.71500,0.71500,-1.48026790e-02,0.43019634,Far,True,10,0.02500,Near,0.28333
KC,400,1970,rebound,0.95000,0.002418,0.23810455,206,0.51500,-0.43500,0.43500,4.69028989e-02,4.78195474,Middle,False,206,0.51500,Middle,0.15167
KC,400,1971,contraction,0.51500,0.049321,0.14108028,260,0.65000,0.13500,0.13500,-2.18235175e-02,0.59711877,Middle,True,159,0.39750,Middle,0.01667
KC,400,1972,rebound,0.65000,0.027498,0.16937440,124,0.31000,-0.34000,0.34000,1.18330678e-03,1.03376451,Near,False,124,0.31000,Near,0.02333
KC,400,1973,contraction,0.31000,0.028681,0.08467022,324,0.81000,0.50000,0.50000,-1.75533087e-02,0.43860511,Far,True,39,0.09750,Near,0.14333
KC,400,1974,rebound,0.81000,0.011128,0.20528190,168,0.42000,-0.39000,0.39000,1.77481647e-02,1.73304422,Middle,False,168,0.42000,Middle,0.08667
KC,400,1975,contraction,0.42000,0.028876,0.11221894,54,0.13500,-0.28500,0.28500,-1.84566844e-02,0.50385790,Near,False,54,0.13500,Near,0.19833
KC,400,1976,contraction,0.13500,0.010419,0.03635477,350,0.87500,0.74000,0.74000,-7.43323642e-03,0.44383363,Far,True,1,0.00250,Near,0.20833
KC,400,1977,rebound,0.87500,0.002986,0.21949646,223,0.55750,-0.31750,0.31750,2.91365757e-02,2.20927478,Middle,False,223,0.55750,Middle,0.10917
KC,400,1978,contraction,0.55750,0.032122,0.14740560,105,0.26250,-0.29500,0.29500,-1.41225750e-02,0.67922335,Near,False,105,0.26250,Near,0.07083
KC,400,1979,contraction,0.26250,0.018000,0.07012496,287,0.71750,0.45500,0.45500,-1.19704238e-02,0.54701543,Far,True,2,0.00500,Near,0.05083
KC,400,1980,rebound,0.71750,0.006029,0.18088235,151,0.37750,-0.34000,0.34000,1.35259128e-03,1.03286688,Middle,False,151,0.37750,Middle,0.04417
KC,400,1981,contraction,0.37750,0.007382,0.09622050,398,0.99500,0.61750,0.61750,-6.37100438e-03,0.50764642,Far,True,11,0.02750,Near,0.32833
KC,400,1982,rebound,0.99500,0.001011,0.24900275,241,0.60250,-0.39250,0.39250,4.63642316e-02,12.49917399,Middle,False,241,0.60250,Middle,0.06417
KC,400,1983,contraction,0.60250,0.047375,0.16246881,128,0.32000,-0.28250,0.28250,-1.32379456e-02,0.74882888,Near,False,128,0.32000,Near,0.01333
KC,400,1984,contraction,0.32000,0.034137,0.08853432,313,0.78250,0.46250,0.46250,-1.15338548e-02,0.57488430,Far,True,48,0.12000,Near,0.11583
KC,400,1985,rebound,0.78250,0.022603,0.20127586,189,0.47250,-0.31000,0.31000,1.11391072e-02,1.28541584,Middle,False,189,0.47250,Middle,0.13917
KC,400,1986,contraction,0.47250,0.033743,0.12656063,69,0.17250,-0.30000,0.30000,-1.76166514e-02,0.54523790,Near,False,69,0.17250,Near,0.16083
KC,400,1987,contraction,0.17250,0.016126,0.04715647,365,0.91250,0.74000,0.74000,-4.54802954e-03,0.53554274,Far,True,1,0.00250,Near,0.24583
KC,400,1988,rebound,0.91250,0.011578,0.23101946,254,0.63500,-0.27750,0.27750,3.15551329e-02,2.51072418,Middle,False,254,0.63500,Middle,0.03167
KC,400,1989,contraction,0.63500,0.043133,0.16953325,157,0.39250,-0.24250,0.24250,-6.44841413e-03,0.86267085,Middle,False,157,0.39250,Middle,0.05917
KC,400,1990,contraction,0.39250,0.036685,0.10729614,301,0.75250,0.36000,0.36000,-2.01197882e-02,0.50736187,Far,True,87,0.21750,Near,0.08583
KC,400,1991,rebound,0.75250,0.016565,0.19226620,103,0.25750,-0.49500,0.49500,1.18567624e-02,1.50255155,Near,False,103,0.25750,Near,0.07583
KC,400,1992,contraction,0.25750,0.028422,0.07148039,340,0.85000,0.59250,0.59250,-1.90793571e-02,0.45651908,Far,True,28,0.07000,Near,0.18333
KC,400,1993,rebound,0.85000,0.009342,0.21483555,205,0.51250,-0.33750,0.33750,3.11322323e-02,2.38115278,Middle,False,205,0.51250,Middle,0.15417
KC,400,1994,contraction,0.51250,0.040474,0.13824361,79,0.19750,-0.31500,0.31500,-2.27510490e-02,0.57016767,Near,False,79,0.19750,Near,0.13583
KC,400,1995,contraction,0.19750,0.017723,0.05380584,273,0.68250,0.48500,0.48500,-1.06133658e-02,0.52475542,Far,True,4,0.01000,Near,0.01583
KC,400,1996,rebound,0.68250,0.007110,0.17240250,140,0.35000,-0.33250,0.33250,4.72048244e-04,1.01218204,Middle,False,140,0.35000,Middle,0.01667
KC,400,1997,contraction,0.35000,0.007582,0.08939551,384,0.96000,0.61000,0.61000,-2.82061215e-03,0.64089951,Far,True,2,0.00500,Near,0.29333
KC,400,1998,rebound,0.96000,0.004761,0.24119036,225,0.56250,-0.39750,0.39750,3.67575882e-02,2.63606366,Middle,False,225,0.56250,Middle,0.10417
KC,400,1999,contraction,0.56250,0.041519,0.15100476,114,0.28500,-0.27750,0.27750,-1.73501861e-02,0.66758250,Near,False,114,0.28500,Near,0.04833
KC,400,2000,contraction,0.28500,0.024169,0.07729221,322,0.80500,0.52000,0.52000,-7.69180259e-03,0.61624271,Far,True,29,0.07250,Near,0.13833
KC,400,2001,rebound,0.80500,0.016477,0.20536926,180,0.45000,-0.35500,0.35500,1.34694947e-02,1.36097069,Middle,False,180,0.45000,Middle,0.11667
KC,400,2002,contraction,0.45000,0.029947,0.11998663,53,0.13250,-0.31750,0.31750,-1.97061756e-02,0.56352566,Near,False,53,0.13250,Near,0.20083
KC,400,2003,contraction,0.13250,0.010240,0.03568509,355,0.88750,0.75500,0.75500,-1.87264767e-03,0.67296225,Far,True,1,0.00250,Near,0.22083
KC,400,2004,rebound,0.88750,0.008368,0.22396693,245,0.61250,-0.27500,0.27500,3.00753720e-02,2.32286651,Middle,False,245,0.61250,Middle,0.05417
KC,400,2005,contraction,0.61250,0.038443,0.16273577,146,0.36500,-0.24750,0.24750,-9.51972854e-03,0.79906338,Middle,False,146,0.36500,Middle,0.03167
KC,400,2006,contraction,0.36500,0.028923,0.09848084,292,0.73000,0.36500,0.36500,-1.78027367e-02,0.52613718,Far,True,32,0.08000,Near,0.06333
KC,400,2007,rebound,0.73000,0.011121,0.18528016,91,0.22750,-0.50250,0.50250,8.12370262e-03,1.35021550,Near,False,91,0.22750,Near,0.10583
KC,400,2008,contraction,0.22750,0.019244,0.06168608,374,0.93500,0.70750,0.70750,-1.50186902e-02,0.41880171,Far,True,5,0.01250,Near,0.26833
KC,400,2009,rebound,0.93500,0.004226,0.23480641,201,0.50250,-0.43250,0.43250,4.49938726e-02,4.28272378,Middle,False,201,0.50250,Middle,0.16417
KC,400,2010,contraction,0.50250,0.049220,0.13792988,264,0.66000,0.15750,0.15750,-2.50120645e-02,0.55493732,Middle,True,127,0.31750,Near,0.00667
KC,400,2011,rebound,0.66000,0.024207,0.17105186,122,0.30500,-0.35500,0.35500,4.00496113e-03,1.12467587,Near,False,122,0.30500,Near,0.02833
KC,400,2012,contraction,0.30500,0.028212,0.08330310,331,0.82750,0.52250,0.52250,-1.94765137e-02,0.40581162,Far,True,35,0.08750,Near,0.16083
KC,400,2013,rebound,0.82750,0.008736,0.20905897,170,0.42500,-0.40250,0.40250,2.18931859e-02,2.05934077,Middle,False,170,0.42500,Middle,0.09167
KC,400,2014,contraction,0.42500,0.030629,0.11390727,58,0.14500,-0.28000,0.28000,-1.96898646e-02,0.52031605,Near,False,58,0.14500,Near,0.18833
KC,400,2015,contraction,0.14500,0.010939,0.03898480,390,0.97500,0.83000,0.83000,-8.28577785e-03,0.46675308,Far,True,1,0.00250,Near,0.30833
KC,400,2016,rebound,0.97500,0.002653,0.24441336,231,0.57750,-0.39750,0.39750,5.22842728e-02,9.52836739,Middle,False,231,0.57750,Middle,0.08917
KC,400,2017,contraction,0.57750,0.054938,0.15810943,282,0.70500,0.12750,0.12750,-2.05466704e-02,0.63735313,Far,True,141,0.35250,Middle,0.03833
KC,400,2018,rebound,0.70500,0.034391,0.18484776,138,0.34500,-0.36000,0.36000,1.03332269e-02,1.33227940,Middle,False,138,0.34500,Middle,0.01167
KC,400,2019,contraction,0.34500,0.044724,0.09743107,314,0.78500,0.44000,0.44000,-2.70286947e-02,0.43375004,Far,True,80,0.20000,Near,0.11833
KC,400,2020,rebound,0.78500,0.017696,0.20067389,187,0.46750,-0.31750,0.31750,1.83295177e-02,1.77640699,Middle,False,187,0.46750,Middle,0.13417
KC,400,2021,contraction,0.46750,0.036025,0.12588127,82,0.20500,-0.26250,0.26250,-1.70226457e-02,0.56527968,Near,False,82,0.20500,Near,0.12833
KC,400,2022,contraction,0.20500,0.019002,0.05600061,349,0.87250,0.66750,0.66750,-9.79280987e-03,0.40502640,Far,True,6,0.01500,Near,0.20583
KC,400,2023,rebound,0.87250,0.009210,0.22042741,218,0.54500,-0.32750,0.32750,2.52789105e-02,1.86208348,Middle,False,218,0.54500,Middle,0.12167
KC,400,2024,contraction,0.54500,0.034489,0.14487214,114,0.28500,-0.26000,0.26000,-1.50212206e-02,0.66803222,Near,False,114,0.28500,Near,0.04833
KC,400,2025,contraction,0.28500,0.019467,0.07611683,298,0.74500,0.46000,0.46000,-1.32741109e-02,0.53428795,Far,True,17,0.04250,Near,0.07833
KC,400,2026,rebound,0.74500,0.006193,0.18779830,158,0.39500,-0.35000,0.35000,5.31113514e-03,1.31031942,Middle,False,158,0.39500,Middle,0.06167
KC,400,2027,contraction,0.39500,0.011504,0.10162609,370,0.92500,0.53000,0.53000,-7.92406941e-03,0.55490819,Far,True,27,0.06750,Near,0.25833
KC,400,2028,rebound,0.92500,0.003580,0.23214507,242,0.60500,-0.32000,0.32000,3.41389550e-02,5.40089446,Middle,False,242,0.60500,Middle,0.06167
KC,400,2029,contraction,0.60500,0.037719,0.16067981,97,0.24250,-0.36250,0.36250,-7.25710811e-03,0.80752244,Near,False,97,0.24250,Near,0.09083
KC,400,2030,contraction,0.24250,0.030462,0.06824053,272,0.68000,0.43750,0.43750,-2.15905747e-02,0.40924067,Far,True,33,0.08250,Near,0.01333
KC,400,2031,rebound,0.68000,0.008872,0.17221789,143,0.35750,-0.32250,0.32250,2.64866791e-03,1.14667699,Middle,False,143,0.35750,Middle,0.02417
KC,400,2032,contraction,0.35750,0.011520,0.09225505,393,0.98250,0.62500,0.62500,-9.86927961e-03,0.54114369,Far,True,21,0.05250,Near,0.31583
KC,400,2033,rebound,0.98250,0.001651,0.24603773,202,0.50500,-0.47750,0.47750,4.66651858e-02,18.28823333,Middle,False,202,0.50500,Middle,0.16167
KC,400,2034,contraction,0.50500,0.048316,0.13832903,320,0.80000,0.29500,0.29500,-1.94577562e-02,0.56298705,Far,True,78,0.19500,Near,0.13333
KC,400,2035,rebound,0.80000,0.028858,0.20721459,126,0.31500,-0.48500,0.48500,1.83719049e-02,1.73035119,Near,False,126,0.31500,Near,0.01833
KC,400,2036,contraction,0.31500,0.047230,0.09055757,255,0.63750,0.32250,0.32250,-2.09090125e-02,0.50188477,Middle,True,64,0.16000,Near,0.02917
KC,400,2037,contraction,0.63750,0.026321,0.16595531,73,0.18250,-0.45500,0.45500,-5.80162764e-03,0.82308243,Near,False,73,0.18250,Near,0.15083
KC,400,2038,contraction,0.18250,0.020520,0.05075491,342,0.85500,0.67250,0.67250,-6.20094933e-03,0.50751830,Far,True,8,0.02000,Near,0.18833
KC,400,2039,rebound,0.85500,0.014319,0.21732967,181,0.45250,-0.40250,0.40250,2.61715551e-02,1.94796071,Middle,False,181,0.45250,Middle,0.11917
KC,400,2040,contraction,0.45250,0.040490,0.12324756,288,0.72000,0.26750,0.26750,-2.49004814e-02,0.52573946,Far,True,103,0.25750,Near,0.05333
KC,400,2041,rebound,0.72000,0.015590,0.18389744,110,0.27500,-0.44500,0.44500,1.02817728e-02,1.40323373,Near,False,110,0.27500,Near,0.05833
KC,400,2042,contraction,0.27500,0.025872,0.07521788,362,0.90500,0.63000,0.63000,-1.88056468e-02,0.45243708,Far,True,26,0.06500,Near,0.23833
KC,400,2043,rebound,0.90500,0.007066,0.22801647,213,0.53250,-0.37250,0.37250,3.99226788e-02,3.37976768,Middle,False,213,0.53250,Middle,0.13417
KC,400,2044,contraction,0.53250,0.046989,0.14487214,149,0.37250,-0.16000,0.16000,-2.13600868e-02,0.61462200,Middle,False,149,0.37250,Middle,0.03917
KC,400,2045,contraction,0.37250,0.025628,0.09953212,307,0.76750,0.39500,0.39500,-1.52439560e-02,0.55445245,Far,True,44,0.11000,Near,0.10083
KC,400,2046,rebound,0.76750,0.010385,0.19447113,83,0.20750,-0.56000,0.56000,1.19359684e-02,1.75598009,Near,False,83,0.20750,Near,0.12583
KC,400,2047,contraction,0.20750,0.022320,0.05745512,245,0.61250,0.40500,0.40500,-1.50715739e-02,0.47701608,Middle,True,15,0.03750,Near,0.05417
KC,400,2048,contraction,0.61250,0.007249,0.15493723,33,0.08250,-0.53000,0.53000,-3.58794418e-03,0.79069680,Near,False,33,0.08250,Near,0.25083
KC,400,2049,contraction,0.08250,0.003661,0.02154024,379,0.94750,0.86500,0.86500,-3.10621716e-04,0.77525610,Far,True,1,0.00250,Near,0.28083
KC,400,2050,rebound,0.94750,0.003350,0.23771259,176,0.44000,-0.50750,0.50750,4.12973339e-02,3.41997584,Middle,False,176,0.44000,Middle,0.10667
KC,400,2051,contraction,0.44000,0.044648,0.12116192,275,0.68750,0.24750,0.24750,-2.36865239e-02,0.52975720,Far,True,120,0.30000,Near,0.02083
KC,400,2052,rebound,0.68750,0.020961,0.17711529,119,0.29750,-0.39000,0.39000,4.87616687e-03,1.15261836,Near,False,119,0.29750,Near,0.03583
KC,400,2053,contraction,0.29750,0.025837,0.08083433,334,0.83500,0.53750,0.53750,-1.63467619e-02,0.43216180,Far,True,14,0.03500,Near,0.16833
KC,400,2054,rebound,0.83500,0.009491,0.21112264,200,0.50000,-0.33500,0.33500,2.19937777e-02,1.71438795,Middle,False,200,0.50000,Middle,0.16667
KC,400,2055,contraction,0.50000,0.031484,0.13287108,70,0.17500,-0.32500,0.32500,-1.64828218e-02,0.57862130,Near,False,70,0.17500,Near,0.15833
KC,400,2056,contraction,0.17500,0.015002,0.04750038,356,0.89000,0.71500,0.71500,-1.25813191e-02,0.40445261,Far,True,1,0.00250,Near,0.22333
KC,400,2057,rebound,0.89000,0.002420,0.22310505,228,0.57000,-0.32000,0.32000,3.39453315e-02,2.65257516,Middle,False,228,0.57000,Middle,0.09667
KC,400,2058,contraction,0.57000,0.036366,0.15159138,138,0.34500,-0.22500,0.22500,-1.12603647e-02,0.75359293,Middle,False,138,0.34500,Middle,0.01167
KC,400,2059,contraction,0.34500,0.025105,0.09252629,296,0.74000,0.39500,0.39500,-1.79700460e-02,0.50066129,Far,True,27,0.06750,Near,0.07333
KC,400,2060,rebound,0.74000,0.007135,0.18678378,92,0.23000,-0.51000,0.51000,8.51016575e-03,1.44834151,Near,False,92,0.23000,Near,0.10333
KC,400,2061,contraction,0.23000,0.015645,0.06141132,396,0.99000,0.76000,0.76000,-1.46015468e-02,0.41738016,Far,True,2,0.00500,Near,0.32333
KC,400,2062,rebound,0.99000,0.001044,0.24776093,192,0.48000,-0.51000,0.51000,5.41871226e-02,10.21936272,Middle,False,192,0.48000,Middle,0.14667
KC,400,2063,contraction,0.48000,0.055231,0.13380771,261,0.65250,0.17250,0.17250,-1.97755090e-02,0.60650598,Middle,True,158,0.39500,Middle,0.01417
KC,400,2064,contraction,0.65250,0.035455,0.17198884,125,0.31250,-0.34000,0.34000,-6.15875468e-03,0.85771818,Near,False,125,0.31250,Near,0.02083
KC,400,2065,contraction,0.31250,0.029297,0.08544915,324,0.81000,0.49750,0.49750,-1.06860962e-02,0.55902018,Far,True,39,0.09750,Near,0.14333
KC,400,2066,rebound,0.81000,0.018611,0.20715263,169,0.42250,-0.38750,0.38750,1.23104687e-02,1.32273788,Middle,False,169,0.42250,Middle,0.08917
KC,400,2067,contraction,0.42250,0.030921,0.11335524,283,0.70750,0.28500,0.28500,-1.98061052e-02,0.56225762,Far,True,56,0.14000,Near,0.04083
KC,400,2068,rebound,0.70750,0.011115,0.17965372,77,0.19250,-0.51500,0.51500,1.05000775e-02,1.71392029,Near,False,77,0.19250,Near,0.14083
KC,400,2069,contraction,0.19250,0.021615,0.05352874,368,0.92000,0.72750,0.72750,-1.35823873e-02,0.38193439,Far,True,11,0.02750,Near,0.25333
KC,400,2070,rebound,0.92000,0.008033,0.23200814,214,0.53500,-0.38500,0.38500,3.98817036e-02,3.24109552,Middle,False,214,0.53500,Middle,0.13167
KC,400,2071,contraction,0.53500,0.047914,0.14572856,141,0.35250,-0.18250,0.18250,-2.08749524e-02,0.61656572,Middle,False,141,0.35250,Middle,0.01917
KC,400,2072,contraction,0.35250,0.027039,0.09488483,312,0.78000,0.42750,0.42750,-1.41078036e-02,0.54028730,Far,True,38,0.09500,Near,0.11333
KC,400,2073,rebound,0.78000,0.012932,0.19823288,101,0.25250,-0.52750,0.52750,9.63432094e-03,1.37782266,Near,False,101,0.25250,Near,0.08083
KC,400,2074,contraction,0.25250,0.022566,0.06876646,247,0.61750,0.36500,0.36500,-1.22004200e-02,0.57188369,Middle,True,21,0.05250,Near,0.04917
KC,400,2075,contraction,0.61750,0.010365,0.15696635,38,0.09500,-0.52250,0.52250,-5.31757223e-03,0.74837484,Near,False,38,0.09500,Near,0.23833
KC,400,2076,contraction,0.09500,0.005048,0.02501196,382,0.95500,0.86000,0.86000,-4.69925908e-04,0.69580437,Far,True,1,0.00250,Near,0.28833
KC,400,2077,rebound,0.95500,0.004578,0.23989448,186,0.46500,-0.49000,0.49000,4.27205392e-02,3.53046206,Middle,False,186,0.46500,Middle,0.13167
KC,400,2078,contraction,0.46500,0.047298,0.12807461,273,0.68250,0.21750,0.21750,-2.34294745e-02,0.54464689,Far,True,127,0.31750,Near,0.01583
KC,400,2079,rebound,0.68250,0.023869,0.17659224,122,0.30500,-0.37750,0.37750,3.55172904e-03,1.10556212,Near,False,122,0.30500,Near,0.02833
KC,400,2080,contraction,0.30500,0.027421,0.08310517,344,0.86000,0.55500,0.55500,-1.25575227e-02,0.46054155,Far,True,21,0.05250,Near,0.19333
KC,400,2081,rebound,0.86000,0.014863,0.21871579,206,0.51500,-0.34500,0.34500,2.25826348e-02,1.70467010,Middle,False,206,0.51500,Middle,0.15167
KC,400,2082,contraction,0.51500,0.037446,0.13811145,82,0.20500,-0.31000,0.31000,-1.72891075e-02,0.60527994,Near,False,82,0.20500,Near,0.12833
KC,400,2083,contraction,0.20500,0.020157,0.05628918,303,0.75750,0.55250,0.55250,-9.63328943e-03,0.52029131,Far,True,4,0.01000,Near,0.09083
KC,400,2084,rebound,0.75750,0.010523,0.19200585,157,0.39250,-0.36500,0.36500,8.73418394e-03,1.23648096,Middle,False,157,0.39250,Middle,0.05917
KC,400,2085,contraction,0.39250,0.019258,0.10293940,360,0.90000,0.50750,0.50750,-1.54383661e-02,0.52426045,Far,True,24,0.06000,Near,0.23333
KC,400,2086,rebound,0.90000,0.003819,0.22595481,230,0.57500,-0.32500,0.32500,3.43004315e-02,3.75156905,Middle,False,230,0.57500,Middle,0.09167
KC,400,2087,contraction,0.57500,0.038120,0.15327992,108,0.27000,-0.30500,0.30500,-1.08164421e-02,0.74043375,Near,False,108,0.27000,Near,0.06333
KC,400,2088,contraction,0.27000,0.027303,0.07432581,287,0.71750,0.44750,0.44750,-2.03173041e-02,0.44010924,Far,True,30,0.07500,Near,0.05083
KC,400,2089,rebound,0.71750,0.006986,0.18112148,61,0.15250,-0.56500,0.56500,6.09693721e-03,1.40182325,Near,False,61,0.15250,Near,0.18083
KC,400,2090,contraction,0.15250,0.013083,0.04139571,388,0.97000,0.81750,0.81750,-1.09253549e-02,0.43205006,Far,True,1,0.00250,Near,0.30333
KC,400,2091,rebound,0.97000,0.002157,0.24303937,190,0.47500,-0.49500,0.49500,5.47684559e-02,10.73183244,Middle,False,190,0.47500,Middle,0.14167
KC,400,2092,contraction,0.47500,0.056926,0.13298149,255,0.63750,0.16250,0.16250,-2.55189568e-02,0.54783770,Middle,True,143,0.35750,Middle,0.02917
KC,400,2093,contraction,0.63750,0.031407,0.16722675,133,0.33250,-0.30500,0.30500,-2.57723397e-03,0.93514878,Near,False,133,0.33250,Near,0.00083
KC,400,2094,contraction,0.33250,0.028830,0.09033244,330,0.82500,0.49250,0.49250,-1.18169558e-02,0.52984769,Far,True,33,0.08250,Near,0.15833
KC,400,2095,rebound,0.82500,0.017013,0.21050320,170,0.42500,-0.40000,0.40000,1.32586923e-02,1.36851058,Middle,False,170,0.42500,Middle,0.09167
KC,400,2096,contraction,0.42500,0.030272,0.11381788,70,0.17500,-0.25000,0.25000,-1.94754001e-02,0.54592422,Near,False,70,0.17500,Near,0.15833
KC,400,2097,contraction,0.17500,0.010796,0.04644903,316,0.79000,0.61500,0.61500,-2.94533299e-03,0.72459573,Far,True,1,0.00250,Near,0.12333
KC,400,2098,rebound,0.79000,0.007851,0.19946269,220,0.55000,-0.24000,0.24000,1.09659666e-02,1.28593087,Middle,False,220,0.55000,Middle,0.11667
KC,400,2099,contraction,0.55000,0.018817,0.14220418,98,0.24500,-0.30500,0.30500,-1.09052502e-02,0.71257687,Near,False,98,0.24500,Near,0.08833
KC,400,2100,contraction,0.24500,0.007911,0.06322787,373,0.93250,0.68750,0.68750,-4.14851420e-03,0.52191066,Far,True,1,0.00250,Near,0.26583
KC,400,2101,rebound,0.93250,0.003763,0.23406574,243,0.60750,-0.32500,0.32500,3.15175995e-02,2.44376524,Middle,False,243,0.60750,Middle,0.05917
KC,400,2102,contraction,0.60750,0.035281,0.16069514,146,0.36500,-0.24250,0.24250,-7.15529893e-03,0.83912642,Middle,False,146,0.36500,Middle,0.03167
KC,400,2103,contraction,0.36500,0.028125,0.09828132,295,0.73750,0.37250,0.37250,-1.81962628e-02,0.51614891,Far,True,40,0.10000,Near,0.07083
KC,400,2104,rebound,0.73750,0.009929,0.18685725,80,0.20000,-0.53750,0.53750,8.21004929e-03,1.46362635,Near,False,80,0.20000,Near,0.13333
KC,400,2105,contraction,0.20000,0.018139,0.05453476,350,0.87500,0.67500,0.67500,-1.32254412e-02,0.41564902,Far,True,5,0.01250,Near,0.20833
KC,400,2106,rebound,0.87500,0.004914,0.21997840,193,0.48250,-0.39250,0.39250,3.45769027e-02,2.70884093,Middle,False,193,0.48250,Middle,0.14917
KC,400,2107,contraction,0.48250,0.039491,0.13049763,118,0.29500,-0.18750,0.18750,-2.57881797e-02,0.52213102,Near,False,118,0.29500,Near,0.03833
KC,400,2108,contraction,0.29500,0.013702,0.07717558,274,0.68500,0.39000,0.39000,-9.35228885e-03,0.64270025,Far,True,10,0.02500,Near,0.01833
KC,400,2109,rebound,0.68500,0.004350,0.17233751,41,0.10250,-0.58250,0.58250,1.44301470e-03,1.10687362,Near,False,41,0.10250,Near,0.23083
KC,400,2110,contraction,0.10250,0.005793,0.02707327,399,0.99750,0.89500,0.89500,-5.21520289e-03,0.29315997,Far,True,1,0.00250,Near,0.33083
KC,400,2111,rebound,0.99750,0.000578,0.24951947,212,0.53000,-0.46750,0.46750,5.34199535e-02,8.50623612,Middle,False,212,0.53000,Middle,0.13667
KC,400,2112,contraction,0.53000,0.053998,0.14599945,155,0.38750,-0.14250,0.14250,-2.26165988e-02,0.60665277,Middle,False,155,0.38750,Middle,0.05417
KC,400,2113,contraction,0.38750,0.031381,0.10472030,322,0.80500,0.41750,0.41750,-6.63118645e-03,0.71946314,Far,True,67,0.16750,Near,0.13833
KC,400,2114,rebound,0.80500,0.024750,0.20743751,248,0.62000,-0.18500,0.18500,7.87885721e-03,1.19284018,Middle,False,248,0.62000,Middle,0.04667
KC,400,2115,contraction,0.62000,0.032629,0.16315722,103,0.25750,-0.36250,0.36250,-5.87006937e-04,0.98155571,Near,False,103,0.25750,Near,0.07583
KC,400,2116,contraction,0.25750,0.032042,0.07238547,355,0.88750,0.63000,0.63000,-1.90280389e-02,0.37928849,Far,True,30,0.07500,Near,0.22083
KC,400,2117,rebound,0.88750,0.013014,0.22512846,181,0.45250,-0.43500,0.43500,3.29152182e-02,2.44548988,Middle,False,181,0.45250,Middle,0.11917
KC,400,2118,contraction,0.45250,0.045929,0.12460726,284,0.71000,0.25750,0.25750,-2.19885307e-02,0.54628138,Far,True,73,0.18250,Near,0.04333
KC,400,2119,rebound,0.71000,0.023941,0.18348513,127,0.31750,-0.39250,0.39250,6.80113401e-03,1.21590714,Near,False,127,0.31750,Near,0.01583
KC,400,2120,contraction,0.31750,0.030742,0.08706042,337,0.84250,0.52500,0.52500,-2.21847742e-02,0.45255720,Far,True,48,0.12000,Near,0.17583
KC,400,2121,rebound,0.84250,0.008557,0.21276422,205,0.51250,-0.33000,0.33000,2.69434296e-02,2.88257150,Middle,False,205,0.51250,Middle,0.15417
KC,400,2122,contraction,0.51250,0.035500,0.13700008,76,0.19000,-0.32250,0.32250,-1.43901065e-02,0.61247064,Near,False,76,0.19000,Near,0.14333
KC,400,2123,contraction,0.19000,0.021110,0.05277755,377,0.94250,0.75250,0.75250,-1.45883061e-02,0.41570299,Far,True,9,0.02250,Near,0.27583
KC,400,2124,rebound,0.94250,0.006522,0.23725548,234,0.58500,-0.35750,0.35750,4.43109577e-02,4.63922828,Middle,False,234,0.58500,Middle,0.08167
KC,400,2125,contraction,0.58500,0.050833,0.15895822,148,0.37000,-0.21500,0.21500,-1.35873392e-02,0.73283602,Middle,False,148,0.37000,Middle,0.03667
KC,400,2126,contraction,0.37000,0.037246,0.10181138,301,0.75250,0.38250,0.38250,-1.52423444e-02,0.55697716,Far,True,50,0.12500,Near,0.08583
KC,400,2127,rebound,0.75250,0.022003,0.19362579,106,0.26500,-0.48750,0.48750,4.79802152e-03,1.14993258,Near,False,106,0.26500,Near,0.06833
KC,400,2128,contraction,0.26500,0.026801,0.07295030,264,0.66000,0.39500,0.39500,-1.55109581e-02,0.51487988,Middle,True,29,0.07250,Near,0.00667
KC,400,2129,contraction,0.66000,0.011290,0.16782256,51,0.12750,-0.53250,0.53250,-2.18458246e-03,0.89896446,Near,False,51,0.12750,Near,0.20583
KC,400,2130,contraction,0.12750,0.009106,0.03415142,365,0.91250,0.78500,0.78500,-3.92430795e-03,0.41375315,Far,True,1,0.00250,Near,0.24583
KC,400,2131,rebound,0.91250,0.005181,0.22942034,187,0.46750,-0.44500,0.44500,3.96089122e-02,3.26936200,Middle,False,187,0.46750,Middle,0.13417
KC,400,2132,contraction,0.46750,0.044790,0.12807257,244,0.61000,0.14250,0.14250,-2.90325473e-02,0.51793749,Middle,True,132,0.33000,Near,0.05667
KC,400,2133,rebound,0.61000,0.015758,0.15643943,92,0.23000,-0.38000,0.38000,6.81290964e-05,1.00246511,Near,False,92,0.23000,Near,0.10333
KC,400,2134,contraction,0.23000,0.015826,0.06145646,327,0.81750,0.58750,0.58750,-9.13242907e-03,0.50675959,Far,True,1,0.00250,Near,0.15083
KC,400,2135,rebound,0.81750,0.006693,0.20604835,158,0.39500,-0.42250,0.42250,1.62248733e-02,1.49531095,Middle,False,158,0.39500,Middle,0.06167
KC,400,2136,contraction,0.39500,0.022918,0.10447957,389,0.97250,0.57750,0.57750,-1.94128847e-02,0.49103723,Far,True,28,0.07000,Near,0.30583
KC,400,2137,rebound,0.97250,0.003505,0.24400135,215,0.53750,-0.43500,0.43500,5.02138740e-02,8.63639299,Middle,False,215,0.53750,Middle,0.12917
KC,400,2138,contraction,0.53750,0.053719,0.14780482,281,0.70250,0.16500,0.16500,-1.98672232e-02,0.61134212,Far,True,122,0.30500,Near,0.03583
KC,400,2139,rebound,0.70250,0.033852,0.18408801,124,0.31000,-0.39250,0.39250,1.00728870e-02,1.35028143,Near,False,124,0.31000,Near,0.02333
KC,400,2140,contraction,0.31000,0.043925,0.08848124,313,0.78250,0.47250,0.47250,-2.71521087e-02,0.39517652,Far,True,61,0.15250,Near,0.11583
KC,400,2141,rebound,0.78250,0.016773,0.19981821,174,0.43500,-0.34750,0.34750,1.76808497e-02,1.72096560,Middle,False,174,0.43500,Middle,0.10167
KC,400,2142,contraction,0.43500,0.034454,0.11736342,66,0.16500,-0.27000,0.27000,-1.90404696e-02,0.50708054,Near,False,66,0.16500,Near,0.16833
KC,400,2143,contraction,0.16500,0.015413,0.04510330,348,0.87000,0.70500,0.70500,-6.68154730e-03,0.43863805,Far,True,1,0.00250,Near,0.20333
KC,400,2144,rebound,0.87000,0.008732,0.21968292,228,0.57000,-0.30000,0.30000,2.63161417e-02,1.96068888,Middle,False,228,0.57000,Middle,0.09667
KC,400,2145,contraction,0.57000,0.035048,0.15126195,111,0.27750,-0.29250,0.29250,-1.33959453e-02,0.71112848,Near,False,111,0.27750,Near,0.05583
KC,400,2146,contraction,0.27750,0.021652,0.07478797,293,0.73250,0.45500,0.45500,-1.61568936e-02,0.49230703,Far,True,15,0.03750,Near,0.06583
KC,400,2147,rebound,0.73250,0.005495,0.18449874,152,0.38000,-0.35250,0.35250,6.25923216e-03,1.26967898,Middle,False,152,0.38000,Middle,0.04667
KC,400,2148,contraction,0.38000,0.011754,0.09793855,383,0.95750,0.57750,0.57750,-8.22703415e-03,0.51140815,Far,True,21,0.05250,Near,0.29083
KC,400,2149,rebound,0.95750,0.003527,0.24025679,204,0.51000,-0.44750,0.44750,4.05403320e-02,5.18536090,Middle,False,204,0.51000,Middle,0.15667
KC,400,2150,contraction,0.51000,0.044068,0.13851688,261,0.65250,0.14250,0.14250,-2.00691158e-02,0.61174947,Middle,True,86,0.21500,Near,0.01417
KC,400,2151,rebound,0.65250,0.023998,0.16912460,91,0.22750,-0.42500,0.42500,4.52831864e-03,1.18432685,Near,False,91,0.22750,Near,0.10583
KC,400,2152,contraction,0.22750,0.028527,0.06400668,335,0.83750,0.61000,0.61000,-1.71414461e-02,0.35141399,Far,True,28,0.07000,Near,0.17083
KC,400,2153,rebound,0.83750,0.011385,0.21222131,167,0.41750,-0.42000,0.42000,2.23964991e-02,1.78777613,Middle,False,167,0.41750,Middle,0.08417
KC,400,2154,contraction,0.41750,0.033782,0.11282044,52,0.13000,-0.28750,0.28750,-2.41918920e-02,0.51390263,Near,False,52,0.13000,Near,0.20333
KC,400,2155,contraction,0.13000,0.009590,0.03489747,305,0.76250,0.63250,0.63250,-3.40299747e-03,0.65087170,Far,True,1,0.00250,Near,0.09583
KC,400,2156,rebound,0.76250,0.006187,0.19217172,219,0.54750,-0.21500,0.21500,8.50816276e-03,1.23925062,Middle,False,219,0.54750,Middle,0.11917
KC,400,2157,contraction,0.54750,0.014695,0.14054876,107,0.26750,-0.28000,0.28000,-7.40680884e-03,0.79395947,Near,False,107,0.26750,Near,0.06583
KC,400,2158,contraction,0.26750,0.007288,0.06869706,370,0.92500,0.65750,0.65750,-4.01687000e-03,0.54854579,Far,True,1,0.00250,Near,0.25833
KC,400,2159,rebound,0.92500,0.003271,0.23206784,186,0.46500,-0.46000,0.46000,2.72145865e-02,1.94351787,Middle,False,186,0.46500,Middle,0.13167
KC,400,2160,contraction,0.46500,0.030486,0.12387148,273,0.68250,0.21750,0.21750,-1.62562090e-02,0.62412352,Far,True,68,0.17000,Near,0.01583
KC,400,2161,rebound,0.68250,0.014230,0.17418243,81,0.20250,-0.48000,0.48000,4.65922373e-03,1.20615397,Near,False,81,0.20250,Near,0.13083
KC,400,2162,contraction,0.20250,0.018889,0.05534724,357,0.89250,0.69000,0.69000,-1.58785261e-02,0.35716206,Far,True,4,0.01000,Near,0.22583
KC,400,2163,rebound,0.89250,0.003010,0.22387761,155,0.38750,-0.50500,0.50500,3.46263298e-02,2.98201929,Middle,False,155,0.38750,Middle,0.05417
KC,400,2164,contraction,0.38750,0.037637,0.10628419,246,0.61500,0.22750,0.22750,-2.01561215e-02,0.55663602,Middle,True,42,0.10500,Near,0.05167
KC,400,2165,contraction,0.61500,0.017481,0.15812016,58,0.14500,-0.47000,0.47000,-7.12334703e-03,0.78445237,Near,False,58,0.14500,Near,0.18833
KC,400,2166,contraction,0.14500,0.010357,0.03883932,321,0.80250,0.65750,0.65750,-7.26828876e-03,0.46182760,Far,True,1,0.00250,Near,0.13583
KC,400,2167,rebound,0.80250,0.003089,0.20139725,133,0.33250,-0.47000,0.47000,1.73512088e-02,1.64999585,Near,False,133,0.33250,Near,0.00083
KC,400,2168,contraction,0.33250,0.020440,0.08823505,395,0.98750,0.65500,0.65500,-1.87017648e-02,0.49737420,Far,True,4,0.01000,Near,0.32083
KC,400,2169,rebound,0.98750,0.001738,0.24730961,210,0.52500,-0.46250,0.46250,5.71304681e-02,13.71478297,Middle,False,210,0.52500,Middle,0.14167
KC,400,2170,contraction,0.52500,0.058869,0.14596723,282,0.70500,0.18000,0.18000,-2.37784098e-02,0.57749159,Far,True,173,0.43250,Middle,0.03833
KC,400,2171,rebound,0.70500,0.035091,0.18502263,117,0.29250,-0.41250,0.41250,6.20199329e-03,1.19496220,Near,False,117,0.29250,Near,0.04083
KC,400,2172,contraction,0.29250,0.041292,0.08344812,236,0.59000,0.29750,0.29750,-2.48481000e-02,0.44905397,Middle,True,48,0.12000,Near,0.07667
KC,400,2173,contraction,0.59000,0.016444,0.15161110,342,0.85500,0.26500,0.26500,-3.93959896e-03,0.82782645,Far,True,66,0.16500,Near,0.18833
KC,400,2174,rebound,0.85500,0.012505,0.21687620,164,0.41000,-0.44500,0.44500,3.02298053e-02,3.02366156,Middle,False,164,0.41000,Middle,0.07667
KC,400,2175,contraction,0.41000,0.042735,0.11318365,73,0.18250,-0.22750,0.22750,-2.52025133e-02,0.45512355,Near,False,73,0.18250,Near,0.15083
KC,400,2176,contraction,0.18250,0.017532,0.05000802,301,0.75250,0.57000,0.57000,-7.34686697e-03,0.56082783,Far,True,1,0.00250,Near,0.08583
KC,400,2177,rebound,0.75250,0.010185,0.19067130,193,0.48250,-0.27000,0.27000,5.33057810e-03,1.12608142,Middle,False,193,0.48250,Middle,0.14917
KC,400,2178,contraction,0.48250,0.015516,0.12450395,375,0.93750,0.45500,0.45500,-1.04989346e-02,0.60691198,Far,True,36,0.09000,Near,0.27083
KC,400,2179,rebound,0.93750,0.005017,0.23562922,138,0.34500,-0.59250,0.59250,3.92927153e-02,6.65149169,Middle,False,138,0.34500,Middle,0.01167
KC,400,2180,contraction,0.34500,0.044310,0.09732739,259,0.64750,0.30250,0.30250,-1.66736020e-02,0.57230282,Middle,True,57,0.14250,Near,0.01917
KC,400,2181,contraction,0.64750,0.027636,0.16878399,90,0.22500,-0.42250,0.42250,-7.85311271e-03,0.79412076,Near,False,90,0.22500,Near,0.10833
KC,400,2182,contraction,0.22500,0.019783,0.06119572,328,0.82000,0.59500,0.59500,-9.30365614e-03,0.50441532,Far,True,12,0.03000,Near,0.15333
KC,400,2183,rebound,0.82000,0.010479,0.20761980,206,0.51500,-0.30500,0.30500,1.88488212e-02,1.57101349,Middle,False,206,0.51500,Middle,0.15167
KC,400,2184,contraction,0.51500,0.029328,0.13608201,56,0.14000,-0.37500,0.37500,-1.78088263e-02,0.59717936,Near,False,56,0.14000,Near,0.19333
KC,400,2185,contraction,0.14000,0.011519,0.03787980,362,0.90500,0.76500,0.76500,-7.92192461e-03,0.44479901,Far,True,1,0.00250,Near,0.23833
KC,400,2186,rebound,0.90500,0.003597,0.22714932,172,0.43000,-0.47500,0.47500,3.71227320e-02,3.07739659,Middle,False,172,0.43000,Middle,0.09667
KC,400,2187,contraction,0.43000,0.040720,0.11768000,275,0.68750,0.25750,0.25750,-1.83043208e-02,0.58413153,Far,True,113,0.28250,Near,0.02083
KC,400,2188,rebound,0.68750,0.022416,0.17747892,114,0.28500,-0.40250,0.40250,1.28662846e-03,1.03688819,Near,False,114,0.28500,Near,0.04833
KC,400,2189,contraction,0.28500,0.023702,0.07717558,311,0.77750,0.49250,0.49250,-1.97167067e-02,0.45718405,Far,True,17,0.04250,Near,0.11083
KC,400,2190,rebound,0.77750,0.003986,0.19537140,219,0.54750,-0.23000,0.23000,1.40936727e-02,1.76705732,Middle,False,219,0.54750,Middle,0.11917
KC,400,2191,contraction,0.54750,0.018079,0.14139482,71,0.17750,-0.37000,0.37000,-5.74200162e-03,0.79103669,Near,False,71,0.17750,Near,0.15583
KC,400,2192,contraction,0.17750,0.012337,0.04745932,391,0.97750,0.80000,0.80000,-1.02741425e-02,0.30755628,Far,True,1,0.00250,Near,0.31083
KC,400,2193,rebound,0.97750,0.002063,0.24489078,182,0.45500,-0.52250,0.52250,4.48881896e-02,4.22329370,Middle,False,182,0.45500,Middle,0.12167
KC,400,2194,contraction,0.45500,0.046951,0.12548783,255,0.63750,0.18250,0.18250,-2.07860125e-02,0.58400465,Middle,True,132,0.33000,Near,0.02917
KC,400,2195,contraction,0.63750,0.026165,0.16591633,124,0.31000,-0.32750,0.32750,-3.26199121e-03,0.91609615,Near,False,124,0.31000,Near,0.02333
KC,400,2196,contraction,0.31000,0.022903,0.08322583,345,0.86250,0.55250,0.55250,-9.78862770e-03,0.53033143,Far,True,26,0.06500,Near,0.19583
KC,400,2197,rebound,0.86250,0.013115,0.21890367,201,0.50250,-0.36000,0.36000,1.79767197e-02,1.51542472,Middle,False,201,0.50250,Middle,0.16417
KC,400,2198,contraction,0.50250,0.031091,0.13339785,82,0.20500,-0.29750,0.29750,-1.43349261e-02,0.63939840,Near,False,82,0.20500,Near,0.12833
KC,400,2199,contraction,0.20500,0.016756,0.05543912,296,0.74000,0.53500,0.53500,-4.48244115e-03,0.70495439,Far,True,3,0.00750,Near,0.07333
KC,400,2200,rebound,0.74000,0.012274,0.18806851,149,0.37250,-0.36750,0.36750,9.90248542e-05,1.00225771,Middle,False,149,0.37250,Middle,0.03917
KC,400,2201,contraction,0.37250,0.012373,0.09621827,380,0.95000,0.57750,0.57750,-8.26002930e-03,0.54366557,Far,True,16,0.04000,Near,0.28333
KC,400,2202,rebound,0.95000,0.004113,0.23852826,235,0.58750,-0.36250,0.36250,4.05327281e-02,3.56328910,Middle,False,235,0.58750,Middle,0.07917
KC,400,2203,contraction,0.58750,0.044646,0.15803644,109,0.27250,-0.31500,0.31500,-1.42994318e-02,0.69572220,Near,False,109,0.27250,Near,0.06083
KC,400,2204,contraction,0.27250,0.030346,0.07571159,319,0.79750,0.52500,0.52500,-1.11708536e-02,0.54437570,Far,True,35,0.08750,Near,0.13083
KC,400,2205,rebound,0.79750,0.019175,0.20416887,177,0.44250,-0.35500,0.35500,1.33279382e-02,1.36006177,Middle,False,177,0.44250,Middle,0.10917
KC,400,2206,contraction,0.44250,0.032503,0.11875086,271,0.67750,0.23500,0.23500,-1.94765323e-02,0.57306963,Far,True,55,0.13750,Near,0.01083
KC,400,2207,rebound,0.67750,0.013027,0.17263172,72,0.18000,-0.49750,0.49750,6.11131997e-03,1.34475289,Near,False,72,0.18000,Near,0.15333
KC,400,2208,contraction,0.18000,0.019138,0.04978455,354,0.88500,0.70500,0.70500,-1.32724023e-02,0.33221668,Far,True,4,0.01000,Near,0.21833
KC,400,2209,rebound,0.88500,0.005866,0.22271645,196,0.49000,-0.39500,0.39500,3.10936574e-02,2.41882415,Middle,False,196,0.49000,Middle,0.15667
KC,400,2210,contraction,0.49000,0.036959,0.13173987,126,0.31500,-0.17500,0.17500,-2.07499875e-02,0.58207358,Near,False,126,0.31500,Near,0.01833
KC,400,2211,contraction,0.31500,0.016209,0.08280237,304,0.76000,0.44500,0.44500,-1.15363816e-02,0.58266174,Far,True,16,0.04000,Near,0.09333
KC,400,2212,rebound,0.76000,0.004673,0.19116828,56,0.14000,-0.62000,0.62000,6.70159679e-03,1.50715341,Near,False,56,0.14000,Near,0.19333
KC,400,2213,contraction,0.14000,0.011375,0.03784367,243,0.60750,0.46750,0.46750,-8.67277436e-03,0.51002609,Middle,True,1,0.00250,Near,0.05917
KC,400,2214,contraction,0.60750,0.002702,0.15255048,386,0.96500,0.35750,0.35750,-1.65204505e-03,0.81628215,Far,True,6,0.01500,Near,0.29833
KC,400,2215,rebound,0.96500,0.001050,0.24151247,161,0.40250,-0.56250,0.56250,4.90361218e-02,7.17435525,Middle,False,161,0.40250,Middle,0.06917
KC,400,2216,contraction,0.40250,0.050086,0.11314650,280,0.70000,0.29750,0.29750,-2.74472654e-02,0.49190045,Far,True,99,0.24750,Near,0.03333
KC,400,2217,rebound,0.70000,0.022639,0.18065968,105,0.26250,-0.43750,0.43750,6.78133482e-03,1.24482339,Near,False,105,0.26250,Near,0.07083
KC,400,2218,contraction,0.26250,0.029420,0.07298002,336,0.84000,0.57750,0.57750,-1.78948251e-02,0.45455092,Far,True,26,0.06500,Near,0.17333
KC,400,2219,rebound,0.84000,0.011525,0.21288131,207,0.51750,-0.32250,0.32250,2.76088199e-02,2.08080685,Middle,False,207,0.51750,Middle,0.14917
KC,400,2220,contraction,0.51750,0.039134,0.13915852,80,0.20000,-0.31750,0.31750,-2.11345875e-02,0.59305233,Near,False,80,0.20000,Near,0.13333
KC,400,2221,contraction,0.20000,0.017999,0.05449987,366,0.91500,0.71500,0.71500,-1.31044231e-02,0.46146486,Far,True,3,0.00750,Near,0.24833
KC,400,2222,rebound,0.91500,0.004895,0.22997376,227,0.56750,-0.34750,0.34750,4.04530542e-02,3.55572306,Middle,False,227,0.56750,Middle,0.09917
KC,400,2223,contraction,0.56750,0.045348,0.15321203,143,0.35750,-0.21000,0.21000,-1.34994334e-02,0.72409261,Middle,False,143,0.35750,Middle,0.02417
KC,400,2224,contraction,0.35750,0.031849,0.09733717,293,0.73250,0.37500,0.37500,-1.72815989e-02,0.52760666,Far,True,39,0.09750,Near,0.06583
KC,400,2225,rebound,0.73250,0.014567,0.18676677,96,0.24000,-0.49250,0.49250,3.92185339e-03,1.13451828,Near,False,96,0.24000,Near,0.09333
KC,400,2226,contraction,0.24000,0.018489,0.06462223,326,0.81500,0.57500,0.57500,-1.51912337e-02,0.47222582,Far,True,13,0.03250,Near,0.14833
KC,400,2227,rebound,0.81500,0.003298,0.20457442,183,0.45750,-0.35750,0.35750,2.49212519e-02,2.02682100,Middle,False,183,0.45750,Middle,0.12417
KC,400,2228,contraction,0.45750,0.028219,0.12142974,46,0.11500,-0.34250,0.34250,-2.06561844e-02,0.53547470,Near,False,46,0.11500,Near,0.21833
KC,400,2229,contraction,0.11500,0.007563,0.03064069,397,0.99250,0.87750,0.87750,-6.69408175e-03,0.47459342,Far,True,1,0.00250,Near,0.32583
KC,400,2230,rebound,0.99250,0.000869,0.24834217,247,0.61750,-0.37500,0.37500,5.58107411e-02,27.14124042,Middle,False,247,0.61750,Middle,0.04917
KC,400,2231,contraction,0.61750,0.056679,0.16854486,154,0.38500,-0.23250,0.23250,-1.23937155e-02,0.76384159,Middle,False,154,0.38500,Middle,0.05167
KC,400,2232,contraction,0.38500,0.044286,0.10732143,284,0.71000,0.32500,0.32500,-2.06570219e-02,0.52793152,Far,True,85,0.21250,Near,0.04333
KC,400,2233,rebound,0.71000,0.023629,0.18340717,112,0.28000,-0.43000,0.43000,3.55748835e-03,1.10719727,Near,False,112,0.28000,Near,0.05333
KC,400,2234,contraction,0.28000,0.027186,0.07679654,349,0.87250,0.59250,0.59250,-1.23052082e-02,0.46980263,Far,True,24,0.06000,Near,0.20583
KC,400,2235,rebound,0.87250,0.014881,0.22184524,204,0.51000,-0.36250,0.36250,2.95876234e-02,2.14774482,Middle,False,204,0.51000,Middle,0.15667
KC,400,2236,contraction,0.51000,0.044469,0.13861715,81,0.20250,-0.30750,0.30750,-2.41445394e-02,0.55417582,Near,False,81,0.20250,Near,0.13083
KC,400,2237,contraction,0.20250,0.020324,0.05570601,310,0.77500,0.57250,0.57250,-5.66847635e-03,0.63252752,Far,True,7,0.01750,Near,0.10833
KC,400,2238,rebound,0.77500,0.014656,0.19741389,171,0.42750,-0.34750,0.34750,9.84928335e-03,1.25637529,Middle,False,171,0.42750,Middle,0.09417
KC,400,2239,contraction,0.42750,0.024505,0.11300121,372,0.93000,0.50250,0.50250,-1.70919822e-02,0.58273535,Far,True,35,0.08750,Near,0.26333
KC,400,2240,rebound,0.93000,0.007413,0.23435322,233,0.58250,-0.34750,0.34750,4.29537413e-02,4.14005243,Middle,False,233,0.58250,Middle,0.08417
KC,400,2241,contraction,0.58250,0.050367,0.15821665,127,0.31750,-0.26500,0.26500,-1.28622050e-02,0.72938449,Near,False,127,0.31750,Near,0.01583
KC,400,2242,contraction,0.31750,0.037504,0.08875110,273,0.68250,0.36500,0.36500,-1.87071958e-02,0.50987511,Far,True,51,0.12750,Near,0.01583
KC,400,2243,contraction,0.68250,0.018797,0.17532430,70,0.17500,-0.50750,0.50750,-9.70049425e-04,0.96326492,Near,False,70,0.17500,Near,0.15833
KC,400,2244,contraction,0.17500,0.017827,0.04820679,339,0.84750,0.67250,0.67250,-9.13400036e-03,0.42507774,Far,True,1,0.00250,Near,0.18083
KC,400,2245,rebound,0.84750,0.008693,0.21404829,188,0.47000,-0.37750,0.37750,2.68000466e-02,2.01114115,Middle,False,188,0.47000,Middle,0.13667
KC,400,2246,contraction,0.47000,0.035493,0.12637330,102,0.25500,-0.21500,0.21500,-2.53156944e-02,0.52454006,Near,False,102,0.25500,Near,0.07833
KC,400,2247,contraction,0.25500,0.010178,0.06629438,300,0.75000,0.49500,0.49500,-6.51323134e-03,0.65690986,Far,True,1,0.00250,Near,0.08333
KC,400,2248,rebound,0.75000,0.003664,0.18841607,217,0.54250,-0.20750,0.20750,3.96075295e-03,1.17127476,Middle,False,217,0.54250,Middle,0.12417
KC,400,2249,contraction,0.54250,0.007625,0.13753126,40,0.10000,-0.44250,0.44250,-1.99920094e-03,0.86877128,Near,False,40,0.10000,Near,0.23333
KC,400,2250,contraction,0.10000,0.005626,0.02640646,384,0.96000,0.86000,0.86000,-3.05266557e-03,0.28129041,Far,True,1,0.00250,Near,0.29333
KC,400,2251,rebound,0.96000,0.002573,0.24064329,157,0.39250,-0.56750,0.56750,3.95242291e-02,3.32911531,Middle,False,157,0.39250,Middle,0.05917
KC,400,2252,contraction,0.39250,0.042097,0.10864935,260,0.65000,0.25750,0.25750,-1.93353516e-02,0.56232719,Middle,True,88,0.22000,Near,0.01667
KC,400,2253,contraction,0.65000,0.022762,0.16819051,92,0.23000,-0.42000,0.42000,-5.65201614e-03,0.85365271,Near,False,92,0.23000,Near,0.10333
KC,400,2254,contraction,0.23000,0.017110,0.06177751,330,0.82500,0.59500,0.59500,-7.31493425e-03,0.55961116,Far,True,1,0.00250,Near,0.15833
KC,400,2255,rebound,0.82500,0.009795,0.20869877,195,0.48750,-0.33750,0.33750,1.70345042e-02,1.48520872,Middle,False,195,0.48750,Middle,0.15417
KC,400,2256,contraction,0.48750,0.026830,0.12858240,59,0.14750,-0.34000,0.34000,-1.89211370e-02,0.57423250,Near,False,59,0.14750,Near,0.18583
KC,400,2257,contraction,0.14750,0.007908,0.03885212,360,0.90000,0.75250,0.75250,-2.24855028e-03,0.61065571,Far,True,1,0.00250,Near,0.23333
KC,400,2258,rebound,0.90000,0.005660,0.22641498,237,0.59250,-0.30750,0.30750,3.13040954e-02,2.35217707,Middle,False,237,0.59250,Middle,0.07417
KC,400,2259,contraction,0.59250,0.036964,0.15736600,135,0.33750,-0.25500,0.25500,-7.58000536e-03,0.82327911,Middle,False,135,0.33750,Middle,0.00417
KC,400,2260,contraction,0.33750,0.029384,0.09172100,291,0.72750,0.39000,0.39000,-1.94930148e-02,0.48565018,Far,True,23,0.05750,Near,0.06083
KC,400,2261,rebound,0.72750,0.009891,0.18434775,100,0.25000,-0.47750,0.47750,5.23214826e-03,1.20242107,Near,False,100,0.25000,Near,0.08333
KC,400,2262,contraction,0.25000,0.015123,0.06628078,393,0.98250,0.73250,0.73250,-1.36788303e-02,0.43541516,Far,True,3,0.00750,Near,0.31583
KC,400,2263,rebound,0.98250,0.001444,0.24598608,207,0.51750,-0.46500,0.46500,5.31154420e-02,7.41116859,Middle,False,207,0.51750,Middle,0.14917
KC,400,2264,contraction,0.51750,0.054560,0.14301494,269,0.67250,0.15500,0.15500,-2.30408265e-02,0.57988168,Far,True,164,0.41000,Middle,0.00583
KC,400,2265,rebound,0.67250,0.031519,0.17600473,148,0.37000,-0.30250,0.30250,3.15536997e-03,1.08332244,Middle,False,148,0.37000,Middle,0.03667
KC,400,2266,contraction,0.37000,0.034674,0.10116857,321,0.80250,0.43250,0.43250,-1.69618197e-02,0.49129001,Far,True,54,0.13500,Near,0.13583
KC,400,2267,rebound,0.80250,0.017712,0.20505312,112,0.28000,-0.52250,0.52250,1.35983703e-02,1.63746377,Near,False,112,0.28000,Near,0.05333
KC,400,2268,contraction,0.28000,0.031311,0.07782771,244,0.61000,0.33000,0.33000,-1.95308542e-02,0.49255846,Middle,True,41,0.10250,Near,0.05667
KC,400,2269,contraction,0.61000,0.011780,0.15544500,353,0.88250,0.27250,0.27250,-2.34131855e-03,0.87477622,Far,True,51,0.12750,Near,0.21583
KC,400,2270,rebound,0.88250,0.009439,0.22298467,174,0.43500,-0.44750,0.44750,3.47598825e-02,4.19792474,Middle,False,174,0.43500,Middle,0.10167
KC,400,2271,contraction,0.43500,0.044199,0.11979964,73,0.18250,-0.25250,0.25250,-2.44873446e-02,0.48019591,Near,False,73,0.18250,Near,0.15083
KC,400,2272,contraction,0.18250,0.019711,0.05055280,304,0.76000,0.57750,0.57750,-9.22906490e-03,0.50441736,Far,True,6,0.01500,Near,0.09333
KC,400,2273,rebound,0.76000,0.010482,0.19262054,200,0.50000,-0.26000,0.26000,7.59060947e-03,1.18712433,Middle,False,200,0.50000,Middle,0.16667
KC,400,2274,contraction,0.50000,0.018073,0.12951819,43,0.10750,-0.39250,0.39250,-1.17740939e-02,0.63936972,Near,False,43,0.10750,Near,0.22583
KC,400,2275,contraction,0.10750,0.006299,0.02844967,376,0.94000,0.83250,0.83250,-1.33333829e-03,0.54615931,Far,True,1,0.00250,Near,0.27333
KC,400,2276,rebound,0.94000,0.004965,0.23624133,227,0.56750,-0.37250,0.37250,3.54585202e-02,2.89291900,Middle,False,227,0.56750,Middle,0.09917
KC,400,2277,contraction,0.56750,0.040424,0.15198096,129,0.32250,-0.24500,0.24500,-9.77355574e-03,0.77375646,Near,False,129,0.32250,Near,0.01083
KC,400,2278,contraction,0.32250,0.030650,0.08828757,285,0.71250,0.39000,0.39000,-1.74680467e-02,0.51138415,Far,True,18,0.04500,Near,0.04583
KC,400,2279,rebound,0.71250,0.013182,0.18142056,91,0.22750,-0.48500,0.48500,1.83769228e-03,1.06184507,Near,False,91,0.22750,Near,0.10583
KC,400,2280,contraction,0.22750,0.015020,0.06062998,342,0.85500,0.62750,0.62750,-8.08921790e-03,0.49048452,Far,True,1,0.00250,Near,0.18833
KC,400,2281,rebound,0.85500,0.006931,0.21548268,181,0.45250,-0.40250,0.40250,2.51420356e-02,1.89438673,Middle,False,181,0.45250,Middle,0.11917
KC,400,2282,contraction,0.45250,0.032073,0.12114319,257,0.64250,0.19000,0.19000,-2.33648021e-02,0.54487550,Middle,True,54,0.13500,Near,0.02417
KC,400,2283,rebound,0.64250,0.008708,0.16280199,65,0.16250,-0.48000,0.48000,3.97893812e-03,1.23332075,Near,False,65,0.16250,Near,0.17083
KC,400,2284,contraction,0.16250,0.012687,0.04379672,369,0.92250,0.76000,0.76000,-1.13633788e-02,0.31045413,Far,True,1,0.00250,Near,0.25583
KC,400,2285,rebound,0.92250,0.001324,0.23095588,157,0.39250,-0.53000,0.53000,3.83090186e-02,3.38599915,Middle,False,157,0.39250,Middle,0.05917
KC,400,2286,contraction,0.39250,0.039633,0.10803313,296,0.74000,0.34750,0.34750,-2.33468057e-02,0.51803050,Far,True,108,0.27000,Near,0.07333
KC,400,2287,rebound,0.74000,0.016286,0.18907143,116,0.29000,-0.45000,0.45000,9.63539827e-03,1.33563341,Near,False,116,0.29000,Near,0.04333
KC,400,2288,contraction,0.29000,0.025921,0.07898028,221,0.55250,0.26250,0.26250,-1.77627189e-02,0.52373174,Middle,True,23,0.05750,Near,0.11417
KC,400,2289,contraction,0.55250,0.008158,0.14016460,29,0.07250,-0.48000,0.48000,-5.41720089e-03,0.69931908,Near,False,29,0.07250,Near,0.26083
KC,400,2290,contraction,0.07250,0.002741,0.01881030,390,0.97500,0.90250,0.90250,-2.07976991e-03,0.40590733,Far,True,1,0.00250,Near,0.30833
KC,400,2291,rebound,0.97500,0.000661,0.24391536,193,0.48250,-0.49250,0.49250,4.19714043e-02,5.40712558,Middle,False,193,0.48250,Middle,0.14917
KC,400,2292,contraction,0.48250,0.042633,0.13128321,315,0.78750,0.30500,0.30500,-1.54061240e-02,0.63166877,Far,True,97,0.24250,Near,0.12083
KC,400,2293,rebound,0.78750,0.027227,0.20368168,138,0.34500,-0.44250,0.44250,1.52136246e-02,1.50245274,Middle,False,138,0.34500,Middle,0.01167
KC,400,2294,contraction,0.34500,0.042440,0.09686008,265,0.66250,0.31750,0.31750,-1.96697738e-02,0.52955978,Middle,True,75,0.18750,Near,0.00417
KC,400,2295,contraction,0.66250,0.022771,0.17131764,84,0.21000,-0.45250,0.45250,-2.15186680e-03,0.93023399,Near,False,84,0.21000,Near,0.12333
KC,400,2296,contraction,0.21000,0.020619,0.05765467,347,0.86750,0.65750,0.65750,-1.06909527e-02,0.42105798,Far,True,1,0.00250,Near,0.20083
KC,400,2297,rebound,0.86750,0.009928,0.21935693,206,0.51500,-0.35250,0.35250,2.76781848e-02,2.02133786,Middle,False,206,0.51500,Middle,0.15167
KC,400,2298,contraction,0.51500,0.037606,0.13815148,112,0.28000,-0.23500,0.23500,-2.11343436e-02,0.59335956,Near,False,112,0.28000,Near,0.05333
KC,400,2299,contraction,0.28000,0.016472,0.07411790,326,0.81500,0.53500,0.53500,-9.62709156e-03,0.59478056,Far,True,10,0.02500,Near,0.14833
KC,400,2300,rebound,0.81500,0.006844,0.20546112,171,0.42750,-0.38750,0.38750,1.64050205e-02,1.49026298,Middle,False,171,0.42750,Middle,0.09417
KC,400,2301,contraction,0.42750,0.023250,0.11268738,276,0.69000,0.26250,0.26250,-1.69148446e-02,0.60564583,Far,True,43,0.10750,Near,0.02333
KC,400,2302,rebound,0.69000,0.006335,0.17408367,64,0.16000,-0.53000,0.53000,8.14803261e-03,1.65014295,Near,False,64,0.16000,Near,0.17333
KC,400,2303,contraction,0.16000,0.014483,0.04362067,381,0.95250,0.79250,0.79250,-1.32757926e-02,0.33123580,Far,True,1,0.00250,Near,0.28583
KC,400,2304,rebound,0.95250,0.001207,0.23842673,225,0.56250,-0.39000,0.39000,4.51523773e-02,4.41250947,Middle,False,225,0.56250,Middle,0.10417
KC,400,2305,contraction,0.56250,0.046359,0.15221482,134,0.33500,-0.22750,0.22750,-1.47916535e-02,0.70259826,Middle,False,134,0.33500,Middle,0.00167
KC,400,2306,contraction,0.33500,0.031568,0.09164191,302,0.75500,0.42000,0.42000,-1.88626724e-02,0.48271446,Far,True,34,0.08500,Near,0.08833
KC,400,2307,rebound,0.75500,0.012705,0.19192624,182,0.45500,-0.30000,0.30000,8.02155728e-03,1.29815628,Middle,False,182,0.45500,Middle,0.12167
KC,400,2308,contraction,0.45500,0.020727,0.11893163,49,0.12250,-0.33250,0.33250,-1.21735630e-02,0.59395736,Near,False,49,0.12250,Near,0.21083
KC,400,2309,contraction,0.12250,0.008553,0.03276324,359,0.89750,0.77500,0.77500,-4.31822465e-03,0.41670179,Far,True,1,0.00250,Near,0.23083
KC,400,2310,rebound,0.89750,0.004235,0.22543368,242,0.60500,-0.29250,0.29250,2.87771048e-02,2.16307008,Middle,False,242,0.60500,Middle,0.06167
KC,400,2311,contraction,0.60500,0.033012,0.15950296,115,0.28750,-0.31750,0.31750,-5.70904519e-03,0.85237939,Near,False,115,0.28750,Near,0.04583
KC,400,2312,contraction,0.28750,0.027303,0.07870070,332,0.83000,0.54250,0.54250,-2.25622044e-02,0.41378338,Far,True,15,0.03750,Near,0.16333
KC,400,2313,rebound,0.83000,0.004741,0.20868515,163,0.40750,-0.42250,0.42250,2.55198923e-02,2.08069038,Middle,False,163,0.40750,Middle,0.07417
KC,400,2314,contraction,0.40750,0.030260,0.10944012,268,0.67000,0.26250,0.26250,-2.17505792e-02,0.53223202,Far,True,67,0.16750,Near,0.00333
KC,400,2315,rebound,0.67000,0.008510,0.16962747,77,0.19250,-0.47750,0.47750,6.97249825e-03,1.38344063,Near,False,77,0.19250,Near,0.14083
KC,400,2316,contraction,0.19250,0.015482,0.05199560,398,0.99500,0.80250,0.80250,-1.50316590e-02,0.34876953,Far,True,1,0.00250,Near,0.32833
KC,400,2317,rebound,0.99500,0.000451,0.24886268,207,0.51750,-0.47750,0.47750,5.45046914e-02,8.16947259,Middle,False,207,0.51750,Middle,0.14917
KC,400,2318,contraction,0.51750,0.054955,0.14311386,289,0.72250,0.20500,0.20500,-2.45509626e-02,0.56173400,Far,True,139,0.34750,Middle,0.05583
KC,400,2319,rebound,0.72250,0.030404,0.18822612,138,0.34500,-0.37750,0.37750,1.27669040e-02,1.44038016,Middle,False,138,0.34500,Middle,0.01167
KC,400,2320,contraction,0.34500,0.043171,0.09704284,340,0.85000,0.50500,0.50500,-2.83830327e-02,0.43866611,Far,True,59,0.14750,Near,0.18333
KC,400,2321,rebound,0.85000,0.014788,0.21619708,187,0.46750,-0.38250,0.38250,3.03842570e-02,2.56257131,Middle,False,187,0.46750,Middle,0.13417
KC,400,2322,contraction,0.46750,0.045173,0.12816815,92,0.23000,-0.23750,0.23750,-2.18965407e-02,0.55768972,Near,False,92,0.23000,Near,0.10333
KC,400,2323,contraction,0.23000,0.023276,0.06331901,257,0.64250,0.41250,0.41250,-1.05812864e-02,0.57986097,Middle,True,19,0.04750,Near,0.02417
KC,400,2324,contraction,0.64250,0.012695,0.16379869,367,0.91750,0.27500,0.27500,-4.38382954e-03,0.76824754,Far,True,42,0.10500,Near,0.25083
KC,400,2325,rebound,0.91750,0.008311,0.23145273,158,0.39500,-0.52250,0.52250,3.86096300e-02,4.05696355,Middle,False,158,0.39500,Middle,0.06167
KC,400,2326,contraction,0.39500,0.046921,0.11048014,298,0.74500,0.35000,0.35000,-2.31187080e-02,0.53587690,Far,True,66,0.16500,Near,0.07833
KC,400,2327,rebound,0.74500,0.023802,0.19220046,116,0.29000,-0.45500,0.45500,9.70643588e-03,1.33667396,Near,False,116,0.29000,Near,0.04333
KC,400,2328,contraction,0.29000,0.033508,0.08087707,230,0.57500,0.28500,0.28500,-1.67472121e-02,0.54153530,Middle,True,44,0.11000,Near,0.09167
KC,400,2329,contraction,0.57500,0.016761,0.14794027,48,0.12000,-0.45500,0.45500,-8.40069198e-03,0.68316287,Near,False,48,0.12000,Near,0.21333
KC,400,2330,contraction,0.12000,0.008360,0.03209010,378,0.94500,0.82500,0.82500,-3.87747344e-03,0.48921287,Far,True,1,0.00250,Near,0.27833
KC,400,2331,rebound,0.94500,0.004483,0.23737073,198,0.49500,-0.45000,0.45000,3.87236794e-02,3.08067767,Middle,False,198,0.49500,Middle,0.16167
KC,400,2332,contraction,0.49500,0.043207,0.13455165,313,0.78250,0.28750,0.28750,-1.79817322e-02,0.60398314,Far,True,132,0.33000,Near,0.11583
KC,400,2333,rebound,0.78250,0.025225,0.20193122,141,0.35250,-0.43000,0.43000,1.69057240e-02,1.60084495,Middle,False,141,0.35250,Middle,0.01917
KC,400,2334,contraction,0.35250,0.042131,0.09865765,264,0.66000,0.30750,0.30750,-2.28303590e-02,0.49851322,Middle,True,75,0.18750,Near,0.00667
KC,400,2335,rebound,0.66000,0.019300,0.16982506,84,0.21000,-0.45000,0.45000,6.61662554e-04,1.02411836,Near,False,84,0.21000,Near,0.12333
KC,400,2336,contraction,0.21000,0.019962,0.05749047,350,0.87500,0.66500,0.66500,-1.21550743e-02,0.38203917,Far,True,5,0.01250,Near,0.20833
KC,400,2337,rebound,0.87500,0.007807,0.22070170,181,0.45250,-0.42250,0.42250,2.97119378e-02,2.19495468,Middle,False,181,0.45250,Middle,0.11917
KC,400,2338,contraction,0.45250,0.037519,0.12250469,244,0.61000,0.15750,0.15750,-2.41920215e-02,0.54794121,Middle,True,59,0.14750,Near,0.05667
KC,400,2339,contraction,0.61000,0.013327,0.15583168,64,0.16000,-0.45000,0.45000,-2.57258171e-04,0.98800842,Near,False,64,0.16000,Near,0.17333
KC,400,2340,contraction,0.16000,0.013069,0.04326737,328,0.82000,0.66000,0.66000,-1.07675015e-02,0.38043939,Far,True,1,0.00250,Near,0.15333
KC,400,2341,rebound,0.82000,0.002302,0.20557549,132,0.33000,-0.49000,0.49000,2.06719707e-02,1.86094295,Near,False,132,0.33000,Near,0.00333
KC,400,2342,contraction,0.33000,0.022974,0.08824349,387,0.96750,0.63750,0.63750,-2.10990495e-02,0.47210379,Far,True,11,0.02750,Near,0.30083
KC,400,2343,rebound,0.96750,0.001875,0.24234372,213,0.53250,-0.43500,0.43500,5.30897094e-02,8.39757804,Middle,False,213,0.53250,Middle,0.13417
KC,400,2344,contraction,0.53250,0.054965,0.14686615,280,0.70000,0.16750,0.16750,-2.22549486e-02,0.58666020,Far,True,160,0.40000,Middle,0.03333
KC,400,2345,rebound,0.70000,0.032710,0.18317741,114,0.28500,-0.41500,0.41500,7.44867457e-03,1.25261920,Near,False,114,0.28500,Near,0.04833
KC,400,2346,contraction,0.28500,0.040158,0.08128958,306,0.76500,0.48000,0.48000,-2.68795366e-02,0.41732359,Far,True,47,0.11750,Near,0.09833
KC,400,2347,rebound,0.76500,0.013279,0.19456970,168,0.42000,-0.34500,0.34500,1.94398598e-02,1.69884653,Middle,False,168,0.42000,Middle,0.08667
KC,400,2348,contraction,0.42000,0.032719,0.11317966,54,0.13500,-0.28500,0.28500,-2.22926943e-02,0.48997657,Near,False,54,0.13500,Near,0.19833
KC,400,2349,contraction,0.13500,0.010426,0.03635649,362,0.90500,0.77000,0.77000,-4.60916602e-03,0.42368125,Far,True,1,0.00250,Near,0.23833
KC,400,2350,rebound,0.90500,0.005817,0.22770420,226,0.56500,-0.34000,0.34000,3.51285908e-02,2.70009301,Middle,False,226,0.56500,Middle,0.10167
KC,400,2351,contraction,0.56500,0.040945,0.15148635,137,0.34250,-0.22250,0.22250,-1.68638855e-02,0.67246240,Middle,False,137,0.34250,Middle,0.00917
KC,400,2352,contraction,0.34250,0.024081,0.09164537,321,0.80250,0.46000,0.46000,-1.61474037e-02,0.54276562,Far,True,24,0.06000,Near,0.13583
KC,400,2353,rebound,0.80250,0.007934,0.20260852,191,0.47750,-0.32500,0.32500,1.60904685e-02,1.74191172,Middle,False,191,0.47750,Middle,0.14417
KC,400,2354,contraction,0.47750,0.024025,0.12538114,74,0.18500,-0.29250,0.29250,-1.24875959e-02,0.62035506,Near,False,74,0.18500,Near,0.14833
KC,400,2355,contraction,0.18500,0.011537,0.04913424,394,0.98500,0.80000,0.80000,-1.04674674e-02,0.47012565,Far,True,1,0.00250,Near,0.31833
KC,400,2356,rebound,0.98500,0.001069,0.24651737,253,0.63250,-0.35250,0.35250,5.19470881e-02,13.92869636,Middle,False,253,0.63250,Middle,0.03417
KC,400,2357,contraction,0.63250,0.053017,0.17137915,154,0.38500,-0.24750,0.24750,-1.18147316e-02,0.77492801,Middle,False,154,0.38500,Middle,0.05167
KC,400,2358,contraction,0.38500,0.041202,0.10655046,291,0.72750,0.34250,0.34250,-1.65081390e-02,0.56409102,Far,True,94,0.23500,Near,0.06083
KC,400,2359,rebound,0.72750,0.024694,0.18804843,105,0.26250,-0.46500,0.46500,3.57861696e-03,1.10974720,Near,False,105,0.26250,Near,0.07083
KC,400,2360,contraction,0.26250,0.028272,0.07269308,343,0.85750,0.59500,0.59500,-1.28820562e-02,0.46964740,Far,True,28,0.07000,Near,0.19083
KC,400,2361,rebound,0.85750,0.015390,0.21822257,207,0.51750,-0.34000,0.34000,2.79033097e-02,2.04970218,Middle,False,207,0.51750,Middle,0.14917
KC,400,2362,contraction,0.51750,0.043294,0.14019840,126,0.31500,-0.20250,0.20250,-2.39446614e-02,0.56619939,Near,False,126,0.31500,Near,0.01833
KC,400,2363,contraction,0.31500,0.019349,0.08358723,274,0.68500,0.37000,0.37000,-1.02425188e-02,0.63863413,Far,True,29,0.07250,Near,0.01833
KC,400,2364,rebound,0.68500,0.009106,0.17352660,55,0.13750,-0.54750,0.54750,1.27750054e-03,1.06927718,Near,False,55,0.13750,Near,0.19583
KC,400,2365,contraction,0.13750,0.010384,0.03697098,371,0.92750,0.79000,0.79000,-3.09297804e-03,0.45057526,Far,True,1,0.00250,Near,0.26083
KC,400,2366,rebound,0.92750,0.007291,0.23369773,183,0.45750,-0.47000,0.47000,3.60804259e-02,2.65358060,Middle,False,183,0.45750,Middle,0.12417
KC,400,2367,contraction,0.45750,0.043371,0.12521784,245,0.61250,0.15500,0.15500,-2.25894287e-02,0.56990025,Middle,True,94,0.23500,Near,0.05417
KC,400,2368,contraction,0.61250,0.020782,0.15832048,92,0.23000,-0.38250,0.38250,-4.17421677e-03,0.87174621,Near,False,92,0.23000,Near,0.10333
KC,400,2369,contraction,0.23000,0.016608,0.06165193,331,0.82750,0.59750,0.59750,-5.50583578e-03,0.62005508,Far,True,1,0.00250,Near,0.16083
KC,400,2370,rebound,0.82750,0.011102,0.20965047,159,0.39750,-0.43000,0.43000,1.34250486e-02,1.37058299,Middle,False,159,0.39750,Middle,0.06417
KC,400,2371,contraction,0.39750,0.024527,0.10550673,301,0.75250,0.35500,0.35500,-1.69803656e-02,0.54208405,Far,True,32,0.08000,Near,0.08583
KC,400,2372,rebound,0.75250,0.007547,0.19001164,113,0.28250,-0.47000,0.47000,1.00555148e-02,1.55809267,Near,False,113,0.28250,Near,0.05083
KC,400,2373,contraction,0.28250,0.017602,0.07502552,382,0.95500,0.67250,0.67250,-1.49081057e-02,0.49998013,Far,True,18,0.04500,Near,0.28833
KC,400,2374,rebound,0.95500,0.002694,0.23942349,218,0.54500,-0.41000,0.41000,4.99525932e-02,6.36928727,Middle,False,218,0.54500,Middle,0.12167
KC,400,2375,contraction,0.54500,0.052647,0.14941164,143,0.35750,-0.18750,0.18750,-2.48043162e-02,0.59282569,Middle,False,143,0.35750,Middle,0.02417
KC,400,2376,contraction,0.35750,0.027842,0.09633556,282,0.70500,0.34750,0.34750,-1.05566883e-02,0.65834437,Far,True,45,0.11250,Near,0.03833
KC,400,2377,rebound,0.70500,0.017286,0.18057139,71,0.17750,-0.52750,0.52750,7.02751923e-04,1.02753685,Near,False,71,0.17750,Near,0.15583
KC,400,2378,contraction,0.17750,0.017988,0.04887208,353,0.88250,0.70500,0.70500,-8.22162126e-03,0.41867588,Far,True,1,0.00250,Near,0.21583
KC,400,2379,rebound,0.88250,0.009767,0.22306667,195,0.48750,-0.39500,0.39500,3.21531113e-02,2.36379613,Middle,False,195,0.48750,Middle,0.15417
KC,400,2380,contraction,0.48750,0.041920,0.13235495,257,0.64250,0.15500,0.15500,-2.34631194e-02,0.56683161,Middle,True,106,0.26500,Near,0.02417
KC,400,2381,rebound,0.64250,0.018457,0.16523917,103,0.25750,-0.38500,0.38500,2.54493081e-03,1.08801457,Near,False,103,0.25750,Near,0.07583
KC,400,2382,contraction,0.25750,0.021002,0.06962540,323,0.80750,0.55000,0.55000,-1.66060430e-02,0.40639499,Far,True,16,0.04000,Near,0.14083
KC,400,2383,rebound,0.80750,0.004396,0.20297389,165,0.41250,-0.39500,0.39500,1.80760604e-02,1.85032148,Middle,False,165,0.41250,Middle,0.07917
KC,400,2384,contraction,0.41250,0.022472,0.10874291,39,0.09750,-0.31500,0.31500,-1.72276633e-02,0.50247390,Near,False,39,0.09750,Near,0.23583
KC,400,2385,contraction,0.09750,0.005244,0.02568599,392,0.98000,0.88250,0.88250,-4.76521103e-03,0.31954339,Far,True,1,0.00250,Near,0.31333
KC,400,2386,rebound,0.98000,0.000479,0.24511969,230,0.57500,-0.40500,0.40500,5.02208076e-02,6.33787898,Middle,False,230,0.57500,Middle,0.09167
KC,400,2387,contraction,0.57500,0.050700,0.15642489,132,0.33000,-0.24500,0.24500,-1.81577217e-02,0.65840064,Near,False,132,0.33000,Near,0.00333
KC,400,2388,contraction,0.33000,0.032542,0.09063546,297,0.74250,0.41250,0.41250,-1.01216822e-02,0.63342510,Far,True,61,0.15250,Near,0.07583
KC,400,2389,rebound,0.74250,0.022420,0.19123004,186,0.46500,-0.27750,0.27750,2.32598204e-04,1.00491329,Middle,False,186,0.46500,Middle,0.13167
KC,400,2390,contraction,0.46500,0.022653,0.12191319,346,0.86500,0.40000,0.40000,-1.08108435e-02,0.59395164,Far,True,65,0.16250,Near,0.19833
KC,400,2391,rebound,0.86500,0.011842,0.21921048,110,0.27500,-0.59000,0.59000,2.63415609e-02,3.19445911,Near,False,110,0.27500,Near,0.05833
KC,400,2392,contraction,0.27500,0.038183,0.07829587,264,0.66000,0.38500,0.38500,-1.61096484e-02,0.52834502,Middle,True,54,0.13500,Near,0.00667
KC,400,2393,contraction,0.66000,0.022074,0.17051846,69,0.17250,-0.48750,0.48750,-6.55276508e-03,0.84399028,Near,False,69,0.17250,Near,0.16083
KC,400,2394,contraction,0.17250,0.015521,0.04700526,365,0.91250,0.74000,0.74000,-8.65501988e-03,0.47406887,Far,True,1,0.00250,Near,0.24583
KC,400,2395,rebound,0.91250,0.006866,0.22984151,206,0.51500,-0.39750,0.39750,4.18056136e-02,3.68153133,Middle,False,206,0.51500,Middle,0.15167
KC,400,2396,contraction,0.51500,0.048672,0.14091791,149,0.37250,-0.14250,0.14250,-2.39861419e-02,0.58066360,Middle,False,149,0.37250,Middle,0.03917
KC,400,2397,contraction,0.37250,0.024686,0.09929638,310,0.77500,0.40250,0.40250,-9.27212673e-03,0.65286391,Far,True,30,0.07500,Near,0.10833
KC,400,2398,rebound,0.77500,0.015413,0.19760335,95,0.23750,-0.53750,0.53750,5.44351365e-03,1.18370097,Near,False,95,0.23750,Near,0.09583
KC,400,2399,contraction,0.23750,0.020857,0.06458922,247,0.61750,0.38000,0.38000,-1.06659272e-02,0.58898172,Middle,True,13,0.03250,Near,0.04917
KC,400,2400,contraction,0.61750,0.010191,0.15692274,33,0.08250,-0.53500,0.53500,-6.51435172e-03,0.74012797,Near,False,33,0.08250,Near,0.25083
KC,400,2401,contraction,0.08250,0.003677,0.02154415,375,0.93750,0.85500,0.85500,-1.37305818e-03,0.47899656,Far,True,1,0.00250,Near,0.27083
KC,400,2402,rebound,0.93750,0.002304,0.23495089,179,0.44750,-0.49000,0.49000,4.13404124e-02,3.49199081,Middle,False,179,0.44750,Middle,0.11417
KC,400,2403,contraction,0.44750,0.043644,0.12278599,284,0.71000,0.26250,0.26250,-2.14962630e-02,0.54743974,Far,True,123,0.30750,Near,0.04333
KC,400,2404,rebound,0.71000,0.022148,0.18303693,124,0.31000,-0.40000,0.40000,6.16015497e-03,1.18834919,Near,False,124,0.31000,Near,0.02333
KC,400,2405,contraction,0.31000,0.028308,0.08457697,334,0.83500,0.52500,0.52500,-1.94640537e-02,0.45742816,Far,True,49,0.12250,Near,0.16833
KC,400,2406,rebound,0.83500,0.008844,0.21096095,214,0.53500,-0.30000,0.30000,2.46311499e-02,1.95964236,Middle,False,214,0.53500,Middle,0.13167
KC,400,2407,contraction,0.53500,0.033475,0.14211874,80,0.20000,-0.33500,0.33500,-1.36446651e-02,0.64450781,Near,False,80,0.20000,Near,0.13333
KC,400,2408,contraction,0.20000,0.019830,0.05495757,271,0.67750,0.47750,0.47750,-1.93600911e-02,0.38681239,Far,True,2,0.00500,Near,0.01083
KC,400,2409,rebound,0.67750,0.000470,0.16949255,144,0.36000,-0.31750,0.31750,4.23858857e-03,1.57751830,Middle,False,144,0.36000,Middle,0.02667
KC,400,2410,contraction,0.36000,0.004709,0.09117720,399,0.99750,0.63750,0.63750,-4.39755965e-03,0.53863902,Far,True,1,0.00250,Near,0.33083
KC,400,2411,rebound,0.99750,0.000311,0.24945281,196,0.49000,-0.50750,0.50750,4.22422928e-02,11.53057485,Middle,False,196,0.49000,Middle,0.15667
KC,400,2412,contraction,0.49000,0.042554,0.13313838,316,0.79000,0.30000,0.30000,-1.58098912e-02,0.60295574,Far,True,99,0.24750,Near,0.12333
KC,400,2413,rebound,0.79000,0.026744,0.20418591,116,0.29000,-0.50000,0.50000,1.54884659e-02,1.60927732,Near,False,116,0.29000,Near,0.04333
KC,400,2414,contraction,0.29000,0.042232,0.08305802,242,0.60500,0.31500,0.31500,-1.86587499e-02,0.51599790,Middle,True,54,0.13500,Near,0.06167
KC,400,2415,contraction,0.60500,0.023573,0.15714334,356,0.89000,0.28500,0.28500,-8.83983740e-03,0.72068873,Far,True,61,0.15250,Near,0.22333
KC,400,2416,rebound,0.89000,0.014734,0.22618338,165,0.41250,-0.47750,0.47750,3.68515306e-02,3.64703736,Middle,False,165,0.41250,Middle,0.07917
KC,400,2417,contraction,0.41250,0.051585,0.11602126,289,0.72250,0.31000,0.31000,-2.67688222e-02,0.49127178,Far,True,76,0.19000,Near,0.05583
KC,400,2418,rebound,0.72250,0.024816,0.18682905,97,0.24250,-0.48000,0.48000,1.02743625e-02,1.45096228,Near,False,97,0.24250,Near,0.09083
KC,400,2419,contraction,0.24250,0.035091,0.06939765,223,0.55750,0.31500,0.31500,-2.15002442e-02,0.44343484,Middle,True,41,0.10250,Near,0.10917
KC,400,2420,contraction,0.55750,0.013590,0.14277258,369,0.92250,0.36500,0.36500,-6.15287713e-03,0.73101791,Far,True,43,0.10750,Near,0.25583
KC,400,2421,rebound,0.92250,0.007437,0.23248437,151,0.37750,-0.54500,0.54500,3.76836238e-02,5.18700632,Middle,False,151,0.37750,Middle,0.04417
KC,400,2422,contraction,0.37750,0.045121,0.10565527,263,0.65750,0.28000,0.28000,-2.12607683e-02,0.52976434,Middle,True,64,0.16000,Near,0.00917
KC,400,2423,contraction,0.65750,0.023860,0.17034008,76,0.19000,-0.46750,0.46750,-1.76137075e-03,0.93759009,Near,False,76,0.19000,Near,0.14333
KC,400,2424,contraction,0.19000,0.022099,0.05302474,328,0.82000,0.63000,0.63000,-8.92355163e-03,0.47118114,Far,True,12,0.03000,Near,0.15333
KC,400,2425,rebound,0.82000,0.013175,0.20829385,188,0.47000,-0.35000,0.35000,1.98042147e-02,1.61784589,Middle,False,188,0.47000,Middle,0.13667
KC,400,2426,contraction,0.47000,0.032980,0.12574490,110,0.27500,-0.19500,0.19500,-2.37584300e-02,0.52539371,Near,False,110,0.27500,Near,0.05833
KC,400,2427,contraction,0.27500,0.009221,0.07105529,385,0.96250,0.68750,0.68750,-4.23907280e-03,0.65788709,Far,True,1,0.00250,Near,0.29583
KC,400,2428,rebound,0.96250,0.004982,0.24187053,236,0.59000,-0.37250,0.37250,4.32165942e-02,4.80188548,Middle,False,236,0.59000,Middle,0.07667
KC,400,2429,contraction,0.59000,0.048199,0.15954967,299,0.74750,0.15750,0.15750,-1.72585555e-02,0.68136475,Far,True,142,0.35500,Middle,0.08083
KC,400,2430,rebound,0.74750,0.030940,0.19461004,142,0.35500,-0.39250,0.39250,1.67615343e-02,1.61150797,Middle,False,142,0.35500,Middle,0.02167
KC,400,2431,contraction,0.35500,0.047702,0.10067542,208,0.52000,0.16500,0.16500,-3.08817341e-02,0.44865936,Middle,True,65,0.16250,Near,0.14667
KC,400,2432,contraction,0.52000,0.016820,0.13420499,343,0.85750,0.33750,0.33750,-3.41954684e-03,0.82893962,Far,True,56,0.14000,Near,0.19083
KC,400,2433,rebound,0.85750,0.013400,0.21772510,101,0.25250,-0.60500,0.60500,2.38672448e-02,2.88924072,Near,False,101,0.25250,Near,0.08083
KC,400,2434,contraction,0.25250,0.037268,0.07244191,273,0.68250,0.43000,0.43000,-1.76224277e-02,0.47765691,Far,True,45,0.11250,Near,0.01583
KC,400,2435,contraction,0.68250,0.019645,0.17553630,168,0.42000,-0.26250,0.26250,-4.15845096e-04,0.99036871,Middle,False,168,0.42000,Middle,0.08667
KC,400,2436,contraction,0.42000,0.019229,0.10980734,42,0.10500,-0.31500,0.31500,-1.31801420e-02,0.50801628,Near,False,42,0.10500,Near,0.22833
KC,400,2437,contraction,0.10500,0.006049,0.02776231,361,0.90250,0.79750,0.79750,-1.29453270e-03,0.65363138,Far,True,1,0.00250,Near,0.23583
KC,400,2438,rebound,0.90250,0.004755,0.22681367,225,0.56250,-0.34000,0.34000,2.70297767e-02,1.94310955,Middle,False,225,0.56250,Middle,0.10417
KC,400,2439,contraction,0.56250,0.031784,0.14857112,120,0.30000,-0.26250,0.26250,-1.22646895e-02,0.72098895,Near,False,120,0.30000,Near,0.03333
KC,400,2440,contraction,0.30000,0.019520,0.07987995,313,0.78250,0.48250,0.48250,-1.00049939e-02,0.57969751,Far,True,6,0.01500,Near,0.11583
KC,400,2441,rebound,0.78250,0.009515,0.19800370,182,0.45500,-0.32750,0.32750,7.27039118e-03,1.23976128,Middle,False,182,0.45500,Middle,0.12167
KC,400,2442,contraction,0.45500,0.016785,0.11794629,58,0.14500,-0.31000,0.31000,-1.10619508e-02,0.59730683,Near,False,58,0.14500,Near,0.18833
KC,400,2443,contraction,0.14500,0.005723,0.03768081,389,0.97250,0.82750,0.82750,-3.26152987e-03,0.41123637,Far,True,1,0.00250,Near,0.30583
KC,400,2444,rebound,0.97250,0.002462,0.24374042,252,0.63000,-0.34250,0.34250,4.38245043e-02,4.59898942,Middle,False,252,0.63000,Middle,0.03667
KC,400,2445,contraction,0.63000,0.046286,0.16907155,145,0.36250,-0.26750,0.26750,-9.71163559e-03,0.80177253,Middle,False,145,0.36250,Middle,0.02917
KC,400,2446,contraction,0.36250,0.036575,0.09976864,294,0.73500,0.37250,0.37250,-1.66201770e-02,0.54221251,Far,True,81,0.20250,Near,0.06833
KC,400,2447,rebound,0.73500,0.019954,0.18873860,96,0.24000,-0.49500,0.49500,4.20553381e-03,1.14083510,Near,False,96,0.24000,Near,0.09333
KC,400,2448,contraction,0.24000,0.024160,0.06603998,337,0.84250,0.60250,0.60250,-1.20640195e-02,0.47985523,Far,True,15,0.03750,Near,0.17583
KC,400,2449,rebound,0.84250,0.012096,0.21364898,201,0.50250,-0.34000,0.34000,2.71589876e-02,2.03455238,Middle,False,201,0.50250,Middle,0.16417
KC,400,2450,contraction,0.50250,0.039255,0.13543872,72,0.18000,-0.32250,0.32250,-2.51266065e-02,0.54773776,Near,False,72,0.18000,Near,0.15333
KC,400,2451,contraction,0.18000,0.014128,0.04853207,268,0.67000,0.49000,0.49000,-7.67859796e-03,0.58327293,Far,True,1,0.00250,Near,0.00333
KC,400,2452,contraction,0.67000,0.006450,0.16911242,374,0.93500,0.26500,0.26500,-1.40289168e-03,0.95593950,Far,True,133,0.33250,Near,0.26833
KC,400,2453,rebound,0.93500,0.005047,0.23501170,164,0.41000,-0.52500,0.52500,4.87658306e-02,8.03939773,Middle,False,164,0.41000,Middle,0.07667
KC,400,2454,contraction,0.41000,0.053813,0.11595316,233,0.58250,0.17250,0.17250,-2.83454827e-02,0.49928934,Middle,True,117,0.29250,Near,0.08417
KC,400,2455,contraction,0.58250,0.025467,0.15199179,107,0.26750,-0.31500,0.31500,-7.22823059e-03,0.80655697,Near,False,107,0.26750,Near,0.06583
KC,400,2456,contraction,0.26750,0.018239,0.07143473,323,0.80750,0.54000,0.54000,-7.57655769e-03,0.59725829,Far,True,15,0.03750,Near,0.14083
KC,400,2457,rebound,0.80750,0.010662,0.20454059,186,0.46500,-0.34250,0.34250,8.50841536e-03,1.20078302,Middle,False,186,0.46500,Middle,0.13167
KC,400,2458,contraction,0.46500,0.019171,0.12104269,47,0.11750,-0.34750,0.34750,-1.13282321e-02,0.58999721,Near,False,47,0.11750,Near,0.21583
KC,400,2459,contraction,0.11750,0.007843,0.03133563,353,0.88250,0.76500,0.76500,-3.97275911e-03,0.45528619,Far,True,1,0.00250,Near,0.21583
KC,400,2460,rebound,0.88250,0.003870,0.22159245,246,0.61500,-0.26750,0.26750,2.46903193e-02,1.91966754,Middle,False,246,0.61500,Middle,0.05167
KC,400,2461,contraction,0.61500,0.028560,0.16089002,129,0.32250,-0.29250,0.29250,-1.86046010e-03,0.94991784,Near,False,129,0.32250,Near,0.01083
KC,400,2462,contraction,0.32250,0.026700,0.08729991,301,0.75250,0.43000,0.43000,-2.20658242e-02,0.44177932,Far,True,19,0.04750,Near,0.08583
KC,400,2463,rebound,0.75250,0.004634,0.18928345,85,0.21250,-0.54000,0.54000,1.18964582e-02,1.68587331,Near,False,85,0.21250,Near,0.12083
KC,400,2464,contraction,0.21250,0.016530,0.05725757,396,0.99000,0.77750,0.77750,-1.53048511e-02,0.43943306,Far,True,1,0.00250,Near,0.32333
KC,400,2465,rebound,0.99000,0.001225,0.24780636,207,0.51750,-0.47250,0.47250,5.82081547e-02,16.97876048,Middle,False,207,0.51750,Middle,0.14917
KC,400,2466,contraction,0.51750,0.059434,0.14423339,275,0.68750,0.17000,0.17000,-2.57317403e-02,0.56649886,Far,True,156,0.39000,Middle,0.02083
KC,400,2467,rebound,0.68750,0.033702,0.18030046,149,0.37250,-0.31500,0.31500,6.99961896e-03,1.19996555,Middle,False,149,0.37250,Middle,0.03917
KC,400,2468,contraction,0.37250,0.040701,0.10330036,332,0.83000,0.45750,0.45750,-2.51495462e-02,0.43557924,Far,True,62,0.15500,Near,0.16333
KC,400,2469,rebound,0.83000,0.015552,0.21138798,177,0.44250,-0.38750,0.38750,2.34459874e-02,2.23377936,Middle,False,177,0.44250,Middle,0.10917
KC,400,2470,contraction,0.44250,0.038998,0.12037447,73,0.18250,-0.26000,0.26000,-1.99671059e-02,0.53916420,Near,False,73,0.18250,Near,0.15083
KC,400,2471,contraction,0.18250,0.019031,0.05038270,364,0.91000,0.72750,0.72750,-9.44741987e-03,0.51224205,Far,True,4,0.01000,Near,0.24333
KC,400,2472,rebound,0.91000,0.009583,0.22989584,230,0.57500,-0.33500,0.33500,3.84452470e-02,3.24571453,Middle,False,230,0.57500,Middle,0.09167
KC,400,2473,contraction,0.57500,0.048029,0.15575715,122,0.30500,-0.27000,0.27000,-1.74797524e-02,0.66034254,Near,False,122,0.30500,Near,0.02833
KC,400,2474,contraction,0.30500,0.030549,0.08388722,290,0.72500,0.42000,0.42000,-1.08720874e-02,0.60791459,Far,True,32,0.08000,Near,0.05833
KC,400,2475,contraction,0.72500,0.019677,0.18616919,192,0.48000,-0.24500,0.24500,-2.08395459e-03,0.95707769,Middle,False,192,0.48000,Middle,0.14667
KC,400,2476,contraction,0.48000,0.017593,0.12439821,49,0.12250,-0.35750,0.35750,-9.12627529e-03,0.63697932,Near,False,49,0.12250,Near,0.21083
KC,400,2477,contraction,0.12250,0.008467,0.03274164,379,0.94750,0.82500,0.82500,-2.49692863e-03,0.51548252,Far,True,1,0.00250,Near,0.28083
KC,400,2478,rebound,0.94750,0.005970,0.23836740,253,0.63250,-0.31500,0.31500,3.62677840e-02,2.95670900,Middle,False,253,0.63250,Middle,0.03417
KC,400,2479,contraction,0.63250,0.042237,0.16868435,141,0.35250,-0.28000,0.28000,-4.67157986e-03,0.89215156,Middle,False,141,0.35250,Middle,0.01917
KC,400,2480,contraction,0.35250,0.037566,0.09751646,316,0.79000,0.43750,0.43750,-1.72277873e-02,0.49127675,Far,True,82,0.20500,Near,0.12333
KC,400,2481,rebound,0.79000,0.020338,0.20258451,171,0.42750,-0.36250,0.36250,1.10169244e-02,1.37132269,Middle,False,171,0.42750,Middle,0.09417
KC,400,2482,contraction,0.42750,0.031355,0.11471374,77,0.19250,-0.23500,0.23500,-1.88649762e-02,0.53321858,Near,False,77,0.19250,Near,0.14083
KC,400,2483,contraction,0.19250,0.012490,0.05124750,346,0.86500,0.67250,0.67250,-2.63047002e-03,0.69695607,Far,True,1,0.00250,Near,0.19833
KC,400,2484,rebound,0.86500,0.009860,0.21871488,221,0.55250,-0.31250,0.31250,2.39654716e-02,1.79815029,Middle,False,221,0.55250,Middle,0.11417
KC,400,2485,contraction,0.55250,0.033825,0.14658125,110,0.27500,-0.27750,0.27750,-1.71478918e-02,0.63631352,Near,False,110,0.27500,Near,0.05833
KC,400,2486,contraction,0.27500,0.016677,0.07291927,284,0.71000,0.43500,0.43500,-8.80039129e-03,0.63217762,Far,True,8,0.02000,Near,0.04333
KC,400,2487,contraction,0.71000,0.007877,0.17946918,44,0.11000,-0.60000,0.60000,-1.02274712e-03,0.94718988,Near,False,44,0.11000,Near,0.22333
KC,400,2488,contraction,0.11000,0.006854,0.02921349,384,0.96000,0.85000,0.85000,-4.11911587e-03,0.37643513,Far,True,1,0.00250,Near,0.29333
KC,400,2489,rebound,0.96000,0.002735,0.24068371,197,0.49250,-0.46750,0.46750,4.88948518e-02,5.35356168,Middle,False,197,0.49250,Middle,0.15917
KC,400,2490,contraction,0.49250,0.051630,0.13603242,262,0.65500,0.16250,0.16250,-2.37888068e-02,0.56608211,Middle,True,146,0.36500,Middle,0.01167
KC,400,2491,rebound,0.65500,0.027841,0.17071022,130,0.32500,-0.33000,0.33000,2.09011310e-03,1.05911047,Near,False,130,0.32500,Near,0.00833
KC,400,2492,contraction,0.32500,0.029931,0.08873275,328,0.82000,0.49500,0.49500,-1.63252680e-02,0.46057366,Far,True,28,0.07000,Near,0.15333
KC,400,2493,rebound,0.82000,0.013606,0.20840143,164,0.41000,-0.41000,0.41000,1.62164156e-02,1.56512043,Middle,False,164,0.41000,Middle,0.07667
KC,400,2494,contraction,0.41000,0.029822,0.10995554,64,0.16000,-0.25000,0.25000,-2.01790753e-02,0.53249346,Near,False,64,0.16000,Near,0.17333
KC,400,2495,contraction,0.16000,0.009643,0.04241077,357,0.89250,0.73250,0.73250,-3.03651259e-03,0.65718945,Far,True,1,0.00250,Near,0.22583
KC,400,2496,rebound,0.89250,0.006607,0.22477664,234,0.58500,-0.30750,0.30750,3.23923860e-02,2.47192576,Middle,False,234,0.58500,Middle,0.08167
KC,400,2497,contraction,0.58500,0.038999,0.15599974,115,0.28750,-0.29750,0.29750,-1.61477514e-02,0.67830870,Near,False,115,0.28750,Near,0.04583
KC,400,2498,contraction,0.28750,0.022851,0.07758780,300,0.75000,0.46250,0.46250,-1.01714678e-02,0.59145419,Far,True,15,0.03750,Near,0.08333
KC,400,2499,rebound,0.75000,0.012680,0.19066993,185,0.46250,-0.28750,0.28750,5.35734147e-03,1.12753771,Middle,False,185,0.46250,Middle,0.12917
KC,400,2500,contraction,0.46250,0.018037,0.12013427,40,0.10000,-0.36250,0.36250,-1.25926576e-02,0.55936639,Near,False,40,0.10000,Near,0.23333
KC,400,2501,contraction,0.10000,0.005444,0.02636110,391,0.97750,0.87750,0.87750,-4.16350182e-03,0.31621171,Far,True,1,0.00250,Near,0.31083
KC,400,2502,rebound,0.97750,0.001281,0.24469523,247,0.61750,-0.36000,0.36000,4.54324639e-02,5.26322560,Middle,False,247,0.61750,Middle,0.04917
KC,400,2503,contraction,0.61750,0.046713,0.16605334,143,0.35750,-0.26000,0.26000,-8.21371312e-03,0.82359990,Middle,False,143,0.35750,Middle,0.02417
KC,400,2504,contraction,0.35750,0.038500,0.09899991,312,0.78000,0.42250,0.42250,-1.72708889e-02,0.51155272,Far,True,80,0.20000,Near,0.11333
KC,400,2505,rebound,0.78000,0.021229,0.20030719,203,0.50750,-0.27250,0.27250,9.89558640e-03,1.32650653,Middle,False,203,0.50750,Middle,0.15917
KC,400,2506,contraction,0.50750,0.031124,0.13465609,86,0.21500,-0.29250,0.29250,-1.11729731e-02,0.67908496,Near,False,86,0.21500,Near,0.11833
KC,400,2507,contraction,0.21500,0.019951,0.05873785,342,0.85500,0.64000,0.64000,-9.51468533e-03,0.43803808,Far,True,3,0.00750,Near,0.18833
KC,400,2508,rebound,0.85500,0.010437,0.21635917,168,0.42000,-0.43500,0.43500,1.84439377e-02,1.54508882,Middle,False,168,0.42000,Middle,0.08667
KC,400,2509,contraction,0.42000,0.028881,0.11222016,274,0.68500,0.26500,0.26500,-1.39145023e-02,0.63633709,Far,True,50,0.12500,Near,0.01833
KC,400,2510,rebound,0.68500,0.014966,0.17499153,103,0.25750,-0.42750,0.42750,1.30041995e-03,1.04050535,Near,False,103,0.25750,Near,0.07583
KC,400,2511,contraction,0.25750,0.016267,0.06844164,370,0.92500,0.66750,0.66750,-1.05178217e-02,0.41579764,Far,True,10,0.02500,Near,0.25833
KC,400,2512,rebound,0.92500,0.005749,0.23268718,220,0.55000,-0.37500,0.37500,3.62783550e-02,2.71444424,Middle,False,220,0.55000,Middle,0.11667
KC,400,2513,contraction,0.55000,0.042027,0.14800677,133,0.33250,-0.21750,0.21750,-1.83868395e-02,0.64393900,Near,False,133,0.33250,Near,0.00083
KC,400,2514,contraction,0.33250,0.023640,0.08903506,296,0.74000,0.40750,0.40750,-1.13460669e-02,0.60446938,Far,True,35,0.08750,Near,0.07333
KC,400,2515,rebound,0.74000,0.012294,0.18807354,68,0.17000,-0.57000,0.57000,4.28450538e-03,1.20450462,Near,False,68,0.17000,Near,0.16333
KC,400,2516,contraction,0.17000,0.016579,0.04664467,351,0.87750,0.70750,0.70750,-1.25795591e-02,0.43681976,Far,True,1,0.00250,Near,0.21083
KC,400,2517,rebound,0.87750,0.003999,0.22037478,189,0.47250,-0.40500,0.40500,3.67200221e-02,3.01876816,Middle,False,189,0.47250,Middle,0.13917
KC,400,2518,contraction,0.47250,0.040719,0.12830479,254,0.63500,0.16250,0.16250,-2.36884659e-02,0.55792243,Middle,True,113,0.28250,Near,0.03167
KC,400,2519,rebound,0.63500,0.017031,0.16300767,108,0.27000,-0.36500,0.36500,7.75073014e-04,1.02472098,Near,False,108,0.27000,Near,0.06333
KC,400,2520,contraction,0.27000,0.017806,0.07195144,395,0.98750,0.71750,0.71750,-1.72177537e-02,0.37996179,Far,True,13,0.03250,Near,0.32083
KC,400,2521,rebound,0.98750,0.000588,0.24702200,211,0.52750,-0.46000,0.46000,4.92111108e-02,26.72332742,Middle,False,211,0.52750,Middle,0.13917
KC,400,2522,contraction,0.52750,0.049799,0.14432478,286,0.71500,0.18750,0.18750,-1.83431055e-02,0.61887944,Far,True,148,0.37000,Middle,0.04833
KC,400,2523,rebound,0.71500,0.031456,0.18661400,145,0.36250,-0.35250,0.35250,1.03095862e-02,1.31807079,Middle,False,145,0.36250,Middle,0.02917
KC,400,2524,contraction,0.36250,0.041766,0.10106640,325,0.81250,0.45000,0.45000,-2.23064310e-02,0.42851223,Far,True,61,0.15250,Near,0.14583
KC,400,2525,rebound,0.81250,0.019459,0.20798979,173,0.43250,-0.38000,0.38000,1.75004260e-02,1.84371420,Middle,False,173,0.43250,Middle,0.09917
KC,400,2526,contraction,0.43250,0.036960,0.11736490,74,0.18500,-0.24750,0.24750,-1.85597703e-02,0.54004388,Near,False,74,0.18500,Near,0.14833
KC,400,2527,contraction,0.18500,0.018400,0.05084995,362,0.90500,0.72000,0.72000,-8.59996945e-03,0.49765422,Far,True,4,0.01000,Near,0.23833
KC,400,2528,rebound,0.90500,0.009800,0.22869996,236,0.59000,-0.31500,0.31500,3.60259900e-02,2.89805096,Middle,False,236,0.59000,Middle,0.07667
KC,400,2529,contraction,0.59000,0.045826,0.15895646,124,0.31000,-0.28000,0.28000,-1.57727940e-02,0.68613332,Near,False,124,0.31000,Near,0.02333
KC,400,2530,contraction,0.31000,0.030053,0.08501326,306,0.76500,0.45500,0.45500,-1.30052969e-02,0.55639052,Far,True,34,0.08500,Near,0.09833
KC,400,2531,rebound,0.76500,0.017048,0.19551194,195,0.48750,-0.27750,0.27750,7.50126135e-03,1.18142577,Middle,False,195,0.48750,Middle,0.15417
KC,400,2532,contraction,0.48750,0.024549,0.12801225,56,0.14000,-0.34750,0.34750,-1.30865550e-02,0.60167394,Near,False,56,0.14000,Near,0.19333
KC,400,2533,contraction,0.14000,0.011462,0.03786561,377,0.94250,0.80250,0.80250,-6.01373756e-03,0.41926405,Far,True,1,0.00250,Near,0.27583
KC,400,2534,rebound,0.94250,0.005449,0.23698718,257,0.64250,-0.30000,0.30000,3.90578423e-02,3.67783346,Middle,False,257,0.64250,Middle,0.02417
KC,400,2535,contraction,0.64250,0.044507,0.17175164,151,0.37750,-0.26500,0.26500,-3.62801329e-03,0.91759606,Middle,False,151,0.37750,Middle,0.04417
KC,400,2536,contraction,0.37750,0.040879,0.10459464,331,0.82750,0.45000,0.45000,-2.38037641e-02,0.46504246,Far,True,90,0.22500,Near,0.16083
KC,400,2537,rebound,0.82750,0.017075,0.21114370,207,0.51750,-0.31000,0.31000,2.22680762e-02,2.09863206,Middle,False,207,0.51750,Middle,0.14917
KC,400,2538,contraction,0.51750,0.039343,0.13921071,97,0.24250,-0.27500,0.27500,-1.26110020e-02,0.67679964,Near,False,97,0.24250,Near,0.09083
KC,400,2539,contraction,0.24250,0.026732,0.06730796,290,0.72500,0.48250,0.48250,-1.64238042e-02,0.46144029,Far,True,22,0.05500,Near,0.05833
KC,400,2540,rebound,0.72500,0.010308,0.18382701,133,0.33250,-0.39250,0.39250,2.70081872e-03,1.07107414,Near,False,133,0.33250,Near,0.00083
KC,400,2541,contraction,0.33250,0.013009,0.08637722,382,0.95500,0.62250,0.62250,-1.06066760e-02,0.49896252,Far,True,17,0.04250,Near,0.28833
KC,400,2542,rebound,0.95500,0.002402,0.23935055,228,0.57000,-0.38500,0.38500,4.33821157e-02,5.69861898,Middle,False,228,0.57000,Middle,0.09667
KC,400,2543,contraction,0.57000,0.045784,0.15394608,166,0.41500,-0.15500,0.15500,-1.77812396e-02,0.67813635,Middle,False,166,0.41500,Middle,0.08167
KC,400,2544,contraction,0.41500,0.028003,0.11075077,317,0.79250,0.37750,0.37750,-1.13652832e-02,0.61971707,Far,True,59,0.14750,Near,0.12583
KC,400,2545,rebound,0.79250,0.016638,0.20228445,89,0.22250,-0.57000,0.57000,1.39315848e-02,1.74244782,Near,False,89,0.22250,Near,0.11083
KC,400,2546,contraction,0.22250,0.030569,0.06326734,267,0.66750,0.44500,0.44500,-1.58566377e-02,0.47102984,Far,True,31,0.07750,Near,0.00083
KC,400,2547,contraction,0.66750,0.014713,0.17055318,125,0.31250,-0.35500,0.35500,-3.96656985e-03,0.90687251,Near,False,125,0.31250,Near,0.02083
KC,400,2548,contraction,0.31250,0.010746,0.08081154,354,0.88500,0.57250,0.57250,-4.52335005e-03,0.65738047,Far,True,11,0.02750,Near,0.21833
KC,400,2549,rebound,0.88500,0.006223,0.22280570,197,0.49250,-0.39250,0.39250,2.71149420e-02,1.94893919,Middle,False,197,0.49250,Middle,0.15917
KC,400,2550,contraction,0.49250,0.033338,0.13145944,60,0.15000,-0.34250,0.34250,-2.03099211e-02,0.55691663,Near,False,60,0.15000,Near,0.18333
KC,400,2551,contraction,0.15000,0.013028,0.04075696,299,0.74750,0.59750,0.59750,-7.23522609e-03,0.52366389,Far,True,1,0.00250,Near,0.08083
KC,400,2552,rebound,0.74750,0.005793,0.18832315,153,0.38250,-0.36500,0.36500,7.74832461e-03,1.21203414,Middle,False,153,0.38250,Middle,0.04917
KC,400,2553,contraction,0.38250,0.013541,0.09901023,388,0.97000,0.58750,0.58750,-1.30277901e-02,0.54418867,Far,True,9,0.02250,Near,0.30333
KC,400,2554,rebound,0.97000,0.000513,0.24262829,235,0.58750,-0.38250,0.38250,4.85387964e-02,12.35411083,Middle,False,235,0.58750,Middle,0.07917
KC,400,2555,contraction,0.58750,0.049052,0.15913798,112,0.28000,-0.30750,0.30750,-1.52216781e-02,0.68680314,Near,False,112,0.28000,Near,0.05333
KC,400,2556,contraction,0.28000,0.033830,0.07845757,335,0.83750,0.55750,0.55750,-1.55311442e-02,0.51130864,Far,True,36,0.09000,Near,0.17083
KC,400,2557,rebound,0.83750,0.018299,0.21394978,186,0.46500,-0.37250,0.37250,2.40767092e-02,1.82666161,Middle,False,186,0.46500,Middle,0.13167
KC,400,2558,contraction,0.46500,0.042376,0.12684396,274,0.68500,0.22000,0.22000,-2.02951075e-02,0.58162633,Far,True,76,0.19000,Near,0.01833
KC,400,2559,rebound,0.68500,0.022081,0.17677018,87,0.21750,-0.46750,0.46750,4.06232343e-03,1.15942493,Near,False,87,0.21750,Near,0.11583
KC,400,2560,contraction,0.21750,0.026143,0.06091076,365,0.91250,0.69500,0.69500,-1.99097115e-02,0.38831889,Far,True,22,0.05500,Near,0.24583
KC,400,2561,rebound,0.91250,0.006233,0.22968333,211,0.52750,-0.38500,0.38500,4.17044294e-02,3.69109323,Middle,False,211,0.52750,Middle,0.13917
KC,400,2562,contraction,0.52750,0.047938,0.14385944,138,0.34500,-0.18250,0.18250,-1.95724072e-02,0.62686356,Middle,False,138,0.34500,Middle,0.01167
KC,400,2563,contraction,0.34500,0.028365,0.09334134,308,0.77000,0.42500,0.42500,-1.31049538e-02,0.57142746,Far,True,39,0.09750,Near,0.10333
KC,400,2564,rebound,0.77000,0.015260,0.19631510,169,0.42250,-0.34750,0.34750,5.55212949e-03,1.22636577,Middle,False,169,0.42250,Middle,0.08917
KC,400,2565,contraction,0.42250,0.020813,0.11082813,49,0.12250,-0.30000,0.30000,-1.23343337e-02,0.61012560,Near,False,49,0.12250,Near,0.21083
KC,400,2566,contraction,0.12250,0.008478,0.03274455,345,0.86250,0.74000,0.74000,-5.31343715e-03,0.48102027,Far,True,1,0.00250,Near,0.19583
KC,400,2567,rebound,0.86250,0.003165,0.21641619,245,0.61250,-0.25000,0.25000,2.63813148e-02,2.06575270,Middle,False,245,0.61250,Middle,0.05417
KC,400,2568,contraction,0.61250,0.029546,0.16051152,108,0.27000,-0.34250,0.34250,-6.91274547e-03,0.82440730,Near,False,108,0.27000,Near,0.06333
KC,400,2569,contraction,0.27000,0.022633,0.07315833,285,0.71250,0.44250,0.44250,-2.11539205e-02,0.41771895,Far,True,7,0.01750,Near,0.04583
KC,400,2570,rebound,0.71250,0.001479,0.17849485,70,0.17500,-0.53750,0.53750,6.57702521e-03,1.59895250,Near,False,70,0.17500,Near,0.15833
KC,400,2571,contraction,0.17500,0.008056,0.04576411,398,0.99500,0.82000,0.82000,-7.84262585e-03,0.44738523,Far,True,1,0.00250,Near,0.32833
KC,400,2572,rebound,0.99500,0.000214,0.24880345,198,0.49500,-0.50000,0.50000,5.68310242e-02,11.61695515,Middle,False,198,0.49500,Middle,0.16167
KC,400,2573,contraction,0.49500,0.057045,0.13801121,259,0.64750,0.15250,0.15250,-2.72214511e-02,0.54255125,Middle,True,150,0.37500,Middle,0.01917
KC,400,2574,rebound,0.64750,0.029823,0.16933084,134,0.33500,-0.31250,0.31250,1.15197523e-03,1.03155578,Middle,False,134,0.33500,Middle,0.00167
KC,400,2575,contraction,0.33500,0.030975,0.09149384,327,0.81750,0.48250,0.48250,-1.51776018e-02,0.48242704,Far,True,35,0.08750,Near,0.15083
KC,400,2576,rebound,0.81750,0.015798,0.20832444,174,0.43500,-0.38250,0.38250,1.50257987e-02,1.43443120,Middle,False,174,0.43500,Middle,0.10167
KC,400,2577,contraction,0.43500,0.030824,0.11645589,59,0.14750,-0.28750,0.28750,-1.92357897e-02,0.53266784,Near,False,59,0.14750,Near,0.18583
KC,400,2578,contraction,0.14750,0.011588,0.03977194,371,0.92750,0.78000,0.78000,-1.86419824e-03,0.64058692,Far,True,1,0.00250,Near,0.26083
KC,400,2579,rebound,0.92750,0.009724,0.23430589,227,0.56750,-0.36000,0.36000,3.75588530e-02,2.90299510,Middle,False,227,0.56750,Middle,0.09917
KC,400,2580,contraction,0.56750,0.047282,0.15369560,119,0.29750,-0.27000,0.27000,-1.89049408e-02,0.64521311,Near,False,119,0.29750,Near,0.03583
KC,400,2581,contraction,0.29750,0.028377,0.08146937,298,0.74500,0.44750,0.44750,-6.68778412e-03,0.69995951,Far,True,22,0.05500,Near,0.07833
KC,400,2582,contraction,0.74500,0.021690,0.19167242,188,0.47000,-0.27500,0.27500,-9.98538167e-04,0.97951470,Middle,False,188,0.47000,Middle,0.13667
KC,400,2583,contraction,0.47000,0.020691,0.12267279,350,0.87500,0.40500,0.40500,-1.11283111e-02,0.60110583,Far,True,45,0.11250,Near,0.20833
KC,400,2584,rebound,0.87500,0.009563,0.22114071,145,0.36250,-0.51250,0.51250,2.84593145e-02,3.40771676,Middle,False,145,0.36250,Middle,0.02917
KC,400,2585,contraction,0.36250,0.038022,0.10013054,268,0.67000,0.30750,0.30750,-1.73940627e-02,0.56296515,Far,True,69,0.17250,Near,0.00333
KC,400,2586,rebound,0.67000,0.020628,0.17265702,82,0.20500,-0.46500,0.46500,4.73364374e-04,1.01726203,Near,False,82,0.20500,Near,0.12833
KC,400,2587,contraction,0.20500,0.021101,0.05652536,319,0.79750,0.59250,0.59250,-1.68427422e-02,0.38812286,Far,True,11,0.02750,Near,0.13083
KC,400,2588,rebound,0.79750,0.004259,0.20043968,206,0.51500,-0.28250,0.28250,1.85035540e-02,1.65245600,Middle,False,206,0.51500,Middle,0.15167
KC,400,2589,contraction,0.51500,0.022762,0.13444057,52,0.13000,-0.38500,0.38500,-1.32284933e-02,0.64758688,Near,False,52,0.13000,Near,0.20333
KC,400,2590,contraction,0.13000,0.009534,0.03488344,380,0.95000,0.82000,0.82000,-6.36633486e-03,0.31220800,Far,True,1,0.00250,Near,0.28333
KC,400,2591,rebound,0.95000,0.003167,0.23829186,166,0.41500,-0.53500,0.53500,4.16594781e-02,3.64578527,Middle,False,166,0.41500,Middle,0.08167
KC,400,2592,contraction,0.41500,0.044827,0.11495673,252,0.63000,0.21500,0.21500,-1.88884678e-02,0.58785792,Middle,True,111,0.27750,Near,0.03667
KC,400,2593,contraction,0.63000,0.025938,0.16398461,107,0.26750,-0.36250,0.36250,-6.89437875e-03,0.82505688,Near,False,107,0.26750,Near,0.06583
KC,400,2594,contraction,0.26750,0.019044,0.07163602,338,0.84500,0.57750,0.57750,-1.03075286e-02,0.52760647,Far,True,6,0.01500,Near,0.17833
KC,400,2595,rebound,0.84500,0.008737,0.21343414,218,0.54500,-0.30000,0.30000,1.91771258e-02,1.56852032,Middle,False,218,0.54500,Middle,0.12167
KC,400,2596,contraction,0.54500,0.027914,0.14322842,75,0.18750,-0.35750,0.35750,-1.28551632e-02,0.69677208,Near,False,75,0.18750,Near,0.14583
KC,400,2597,contraction,0.18750,0.015059,0.05063963,292,0.73000,0.54250,0.54250,-9.15891939e-03,0.52308554,Far,True,1,0.00250,Near,0.06333
KC,400,2598,rebound,0.73000,0.005900,0.18397490,141,0.35250,-0.37750,0.37750,6.94562488e-03,1.19886527,Middle,False,141,0.35250,Middle,0.01917
KC,400,2599,contraction,0.35250,0.012845,0.09133630,390,0.97500,0.62250,0.62250,-1.12220811e-02,0.44798078,Far,True,5,0.01250,Near,0.30833
KC,400,2600,rebound,0.97500,0.001623,0.24415578,194,0.48500,-0.49000,0.49000,4.38579903e-02,4.93227522,Middle,False,194,0.48500,Middle,0.15167
KC,400,2601,contraction,0.48500,0.045481,0.13262028,275,0.68750,0.20250,0.20250,-1.92319130e-02,0.60199525,Far,True,97,0.24250,Near,0.02083
KC,400,2602,rebound,0.68750,0.026249,0.17843730,113,0.28250,-0.40500,0.40500,3.70404373e-03,1.11956980,Near,False,113,0.28250,Near,0.05083
KC,400,2603,contraction,0.28250,0.029953,0.07811331,356,0.89000,0.60750,0.60750,-1.67244051e-02,0.42774120,Far,True,36,0.09000,Near,0.22333
KC,400,2604,rebound,0.89000,0.013229,0.22580721,229,0.57250,-0.31750,0.31750,3.10049769e-02,2.28396495,Middle,False,229,0.57250,Middle,0.09417
KC,400,2605,contraction,0.57250,0.044234,0.15418346,153,0.38250,-0.19000,0.19000,-1.33219764e-02,0.73290419,Middle,False,153,0.38250,Middle,0.04917
KC,400,2606,contraction,0.38250,0.030912,0.10335296,312,0.78000,0.39750,0.39750,-1.46616737e-02,0.55073432,Far,True,55,0.13750,Near,0.11333
KC,400,2607,rebound,0.78000,0.016250,0.19906254,89,0.22250,-0.55750,0.55750,1.20721984e-02,1.60559494,Near,False,89,0.22250,Near,0.11083
KC,400,2608,contraction,0.22250,0.028322,0.06270559,256,0.64000,0.41750,0.41750,-1.86372670e-02,0.44006967,Middle,True,28,0.07000,Near,0.02667
KC,400,2609,contraction,0.64000,0.009685,0.16242128,46,0.11500,-0.52500,0.52500,-2.15850924e-03,0.88964699,Near,False,46,0.11500,Near,0.21833
KC,400,2610,contraction,0.11500,0.007527,0.03063165,368,0.92000,0.80500,0.80500,-2.93959497e-03,0.43940182,Far,True,1,0.00250,Near,0.25333
KC,400,2611,rebound,0.92000,0.004587,0.23114675,182,0.45500,-0.46500,0.46500,4.05174985e-02,3.43012732,Middle,False,182,0.45500,Middle,0.12167
KC,400,2612,contraction,0.45500,0.045104,0.12502612,286,0.71500,0.26000,0.26000,-2.79500570e-02,0.50399321,Far,True,126,0.31500,Near,0.04833
KC,400,2613,rebound,0.71500,0.017154,0.18303861,126,0.31500,-0.40000,0.40000,1.25813478e-02,1.47605048,Near,False,126,0.31500,Near,0.01833
KC,400,2614,contraction,0.31500,0.029736,0.08618395,332,0.83000,0.51500,0.51500,-2.35893528e-02,0.43547351,Far,True,26,0.06500,Near,0.16333
KC,400,2615,rebound,0.83000,0.006146,0.20903661,204,0.51000,-0.32000,0.32000,2.59019594e-02,2.35417909,Middle,False,204,0.51000,Middle,0.15667
KC,400,2616,contraction,0.51000,0.032048,0.13551210,77,0.19250,-0.31750,0.31750,-1.47962033e-02,0.61495058,Near,False,77,0.19250,Near,0.14083
KC,400,2617,contraction,0.19250,0.017252,0.05243805,385,0.96250,0.77000,0.77000,-1.63835116e-02,0.37933936,Far,True,1,0.00250,Near,0.29583
KC,400,2618,rebound,0.96250,0.000869,0.24084217,236,0.59000,-0.37250,0.37250,4.89980979e-02,6.49905015,Middle,False,236,0.59000,Middle,0.07667
KC,400,2619,contraction,0.59000,0.049867,0.15996670,149,0.37250,-0.21750,0.21750,-1.19600466e-02,0.75897471,Middle,False,149,0.37250,Middle,0.03917
KC,400,2620,contraction,0.37250,0.037907,0.10260168,303,0.75750,0.38500,0.38500,-1.83926617e-02,0.51165659,Far,True,53,0.13250,Near,0.09083
KC,400,2621,rebound,0.75750,0.019514,0.19425352,107,0.26750,-0.49000,0.49000,8.02932576e-03,1.27396673,Near,False,107,0.26750,Near,0.06583
KC,400,2622,contraction,0.26750,0.027543,0.07376085,264,0.66000,0.39250,0.39250,-1.77961844e-02,0.48311190,Middle,True,29,0.07250,Near,0.00667
KC,400,2623,contraction,0.66000,0.009747,0.16743680,52,0.13000,-0.53000,0.53000,-7.01358664e-04,0.96479662,Near,False,52,0.13000,Near,0.20333
KC,400,2624,contraction,0.13000,0.009046,0.03476146,348,0.87000,0.74000,0.74000,-3.75617584e-03,0.51303215,Far,True,1,0.00250,Near,0.20333
KC,400,2625,rebound,0.87000,0.005290,0.21882242,185,0.46250,-0.40750,0.40750,3.19361827e-02,2.44299280,Middle,False,185,0.46250,Middle,0.12917
KC,400,2626,contraction,0.46250,0.037226,0.12493147,123,0.30750,-0.15500,0.15500,-2.86588437e-02,0.50916611,Near,False,123,0.30750,Near,0.02583
KC,400,2627,contraction,0.30750,0.008567,0.07901675,322,0.80500,0.49750,0.49750,-7.21283551e-03,0.63416941,Far,True,1,0.00250,Near,0.13833
KC,400,2628,rebound,0.80500,0.001354,0.20158855,219,0.54750,-0.25750,0.25750,1.54836137e-02,1.79246895,Middle,False,219,0.54750,Middle,0.11917
KC,400,2629,contraction,0.54750,0.016838,0.14108445,69,0.17250,-0.37500,0.37500,-7.55522048e-03,0.73931364,Near,False,69,0.17250,Near,0.16083
KC,400,2630,contraction,0.17250,0.009283,0.04544564,397,0.99250,0.82000,0.82000,-8.98341317e-03,0.33548158,Far,True,1,0.00250,Near,0.32583
KC,400,2631,rebound,0.99250,0.000299,0.24819979,246,0.61500,-0.37750,0.37750,4.72296095e-02,6.54549656,Middle,False,246,0.61500,Middle,0.05167
KC,400,2632,contraction,0.61500,0.047529,0.16563219,157,0.39250,-0.22250,0.22250,-6.77264891e-03,0.85371030,Middle,False,157,0.39250,Middle,0.05917
KC,400,2633,contraction,0.39250,0.040756,0.10831403,294,0.73500,0.34250,0.34250,-2.05955117e-02,0.51150613,Far,True,92,0.23000,Near,0.06833
KC,400,2634,rebound,0.73500,0.020161,0.18879015,104,0.26000,-0.47500,0.47500,7.57938498e-03,1.27026862,Near,False,104,0.26000,Near,0.07333
KC,400,2635,contraction,0.26000,0.027740,0.07193500,360,0.90000,0.64000,0.64000,-1.46689223e-02,0.43155320,Far,True,26,0.06500,Near,0.23333
KC,400,2636,rebound,0.90000,0.013071,0.22826777,198,0.49500,-0.40500,0.40500,3.61103207e-02,2.72356775,Middle,False,198,0.49500,Middle,0.16167
KC,400,2637,contraction,0.49500,0.049181,0.13604535,271,0.67750,0.18250,0.18250,-2.46366947e-02,0.55149877,Far,True,134,0.33500,Middle,0.01083
KC,400,2638,rebound,0.67750,0.024545,0.17551117,130,0.32500,-0.35250,0.35250,5.88844333e-03,1.18193481,Near,False,130,0.32500,Near,0.00833
KC,400,2639,contraction,0.32500,0.030433,0.08885829,337,0.84250,0.51750,0.51750,-2.02052773e-02,0.41589665,Far,True,44,0.11000,Near,0.17583
KC,400,2640,rebound,0.84250,0.010228,0.21318197,175,0.43750,-0.40500,0.40500,2.36192972e-02,2.44846118,Middle,False,175,0.43750,Middle,0.10417
KC,400,2641,contraction,0.43750,0.033847,0.11783679,64,0.16000,-0.27750,0.27750,-1.88704583e-02,0.54375187,Near,False,64,0.16000,Near,0.17333
KC,400,2642,contraction,0.16000,0.014977,0.04374418,375,0.93750,0.77750,0.77750,-8.38278462e-03,0.47588909,Far,True,1,0.00250,Near,0.27083
KC,400,2643,rebound,0.93750,0.006594,0.23602348,231,0.57750,-0.36000,0.36000,4.43176555e-02,4.43108762,Middle,False,231,0.57750,Middle,0.08917
KC,400,2644,contraction,0.57750,0.050912,0.15710289,143,0.35750,-0.22000,0.22000,-1.97637903e-02,0.64790321,Middle,False,143,0.35750,Middle,0.02417
KC,400,2645,contraction,0.35750,0.031148,0.09716195,306,0.76500,0.40750,0.40750,-9.12464207e-03,0.66377827,Far,True,39,0.09750,Near,0.09833
KC,400,2646,rebound,0.76500,0.022023,0.19675579,98,0.24500,-0.52000,0.52000,2.96805271e-03,1.08977068,Near,False,98,0.24500,Near,0.08833
KC,400,2647,contraction,0.24500,0.024991,0.06749780,259,0.64750,0.40250,0.40250,-1.08931598e-02,0.58669332,Middle,True,20,0.05000,Near,0.01917
KC,400,2648,contraction,0.64750,0.014098,0.16539951,43,0.10750,-0.54000,0.54000,-7.56742765e-03,0.82616950,Near,False,43,0.10750,Near,0.22583
KC,400,2649,contraction,0.10750,0.006531,0.02850765,353,0.88250,0.77500,0.77500,-1.98370862e-03,0.60201208,Far,True,1,0.00250,Near,0.21583
KC,400,2650,rebound,0.88250,0.004547,0.22176172,190,0.47500,-0.40750,0.40750,3.55047794e-02,2.79650818,Middle,False,190,0.47500,Middle,0.14167
KC,400,2651,contraction,0.47500,0.040052,0.12876292,121,0.30250,-0.17250,0.17250,-2.74289075e-02,0.51766117,Near,False,121,0.30250,Near,0.03083
KC,400,2652,contraction,0.30250,0.012623,0.07878069,317,0.79250,0.49000,0.49000,-6.76395582e-03,0.69576523,Far,True,1,0.00250,Near,0.12583
KC,400,2653,rebound,0.79250,0.005859,0.19958970,217,0.54250,-0.25000,0.25000,1.16469369e-02,1.30764261,Middle,False,217,0.54250,Middle,0.12417
KC,400,2654,contraction,0.54250,0.017506,0.14000144,69,0.17250,-0.37000,0.37000,-8.03594891e-03,0.72575428,Near,False,69,0.17250,Near,0.16083
KC,400,2655,contraction,0.17250,0.009470,0.04549245,387,0.96750,0.79500,0.79500,-7.80122268e-03,0.37612137,Far,True,1,0.00250,Near,0.30083
KC,400,2656,rebound,0.96750,0.001669,0.24229215,244,0.61000,-0.35750,0.35750,4.18422797e-02,4.29603095,Middle,False,244,0.61000,Middle,0.05667
KC,400,2657,contraction,0.61000,0.043511,0.16337772,153,0.38250,-0.22750,0.22750,-6.43630138e-03,0.85723787,Middle,False,153,0.38250,Middle,0.04917
KC,400,2658,contraction,0.38250,0.037075,0.10489364,290,0.72500,0.34250,0.34250,-1.95443271e-02,0.52079859,Far,True,87,0.21750,Near,0.05833
KC,400,2659,rebound,0.72500,0.017530,0.18563256,103,0.25750,-0.46750,0.46750,6.01536910e-03,1.21089011,Near,False,103,0.25750,Near,0.07583
KC,400,2660,contraction,0.25750,0.023546,0.07026140,342,0.85500,0.59750,0.59750,-1.57557633e-02,0.41491374,Far,True,19,0.04750,Near,0.18833
KC,400,2661,rebound,0.85500,0.007790,0.21569746,185,0.46250,-0.39250,0.39250,2.81888999e-02,2.11027341,Middle,False,185,0.46250,Middle,0.12917
KC,400,2662,contraction,0.46250,0.035979,0.12461968,58,0.14500,-0.31750,0.31750,-2.42308041e-02,0.52920729,Near,False,58,0.14500,Near,0.18833
KC,400,2663,contraction,0.14500,0.011748,0.03918698,274,0.68500,0.54000,0.54000,-4.81808416e-03,0.63772658,Far,True,1,0.00250,Near,0.01833
KC,400,2664,contraction,0.68500,0.006930,0.17298246,132,0.33000,-0.35500,0.35500,-1.52361693e-03,0.96168933,Near,False,132,0.33000,Near,0.00333
KC,400,2665,contraction,0.33000,0.005406,0.08385156,372,0.93000,0.60000,0.60000,-2.78659062e-03,0.67187611,Far,True,1,0.00250,Near,0.26333
KC,400,2666,rebound,0.93000,0.002620,0.23315491,221,0.55250,-0.37750,0.37750,3.32891349e-02,2.37276682,Middle,False,221,0.55250,Middle,0.11417
KC,400,2667,contraction,0.55250,0.035909,0.14710219,91,0.22750,-0.32500,0.32500,-1.74838432e-02,0.63909287,Near,False,91,0.22750,Near,0.10583
KC,400,2668,contraction,0.22750,0.018425,0.06148123,312,0.78000,0.55250,0.55250,-7.67130555e-03,0.58184511,Far,True,5,0.01250,Near,0.11333
KC,400,2669,rebound,0.78000,0.010754,0.19768841,169,0.42250,-0.35750,0.35750,1.15303358e-02,1.31499105,Middle,False,169,0.42250,Middle,0.08917
KC,400,2670,contraction,0.42250,0.022284,0.11119599,32,0.08000,-0.34250,0.34250,-1.87174458e-02,0.54023667,Near,False,32,0.08000,Near,0.25333
KC,400,2671,contraction,0.08000,0.003567,0.02089163,393,0.98250,0.90250,0.90250,-2.60686455e-03,0.45468633,Far,True,1,0.00250,Near,0.31583
KC,400,2672,rebound,0.98250,0.000960,0.24586491,240,0.60000,-0.38250,0.38250,5.19839127e-02,10.65415256,Middle,False,240,0.60000,Middle,0.06667
KC,400,2673,contraction,0.60000,0.052944,0.16323589,142,0.35500,-0.24500,0.24500,-1.53448982e-02,0.71037514,Middle,False,142,0.35500,Middle,0.02167
KC,400,2674,contraction,0.35500,0.037599,0.09814967,297,0.74250,0.38750,0.38750,-1.31321240e-02,0.59490930,Far,True,70,0.17500,Near,0.07583
KC,400,2675,rebound,0.74250,0.024467,0.19174164,197,0.49250,-0.25000,0.25000,2.11601887e-03,1.04619261,Middle,False,197,0.49250,Middle,0.15917
KC,400,2676,contraction,0.49250,0.026583,0.12977064,75,0.18750,-0.30500,0.30500,-1.15467155e-02,0.64786686,Near,False,75,0.18750,Near,0.14583
KC,400,2677,contraction,0.18750,0.015036,0.05063396,347,0.86750,0.68000,0.68000,-1.63212078e-03,0.78193992,Far,True,1,0.00250,Near,0.20083
KC,400,2678,rebound,0.86750,0.013404,0.22022593,255,0.63750,-0.23000,0.23000,1.62695922e-02,1.47425313,Middle,False,255,0.63750,Middle,0.02917
KC,400,2679,contraction,0.63750,0.029673,0.16679333,123,0.30750,-0.33000,0.33000,-7.78947015e-05,0.99781167,Near,False,123,0.30750,Near,0.02583
KC,400,2680,contraction,0.30750,0.029595,0.08427386,328,0.82000,0.51250,0.51250,-2.06172104e-02,0.41405657,Far,True,28,0.07000,Near,0.15333
KC,400,2681,rebound,0.82000,0.008978,0.20724455,177,0.44250,-0.37750,0.37750,2.23314937e-02,1.77846365,Middle,False,177,0.44250,Middle,0.10917
KC,400,2682,contraction,0.44250,0.031310,0.11845243,56,0.14000,-0.30250,0.30250,-2.06822778e-02,0.51603596,Near,False,56,0.14000,Near,0.19333
KC,400,2683,contraction,0.14000,0.010627,0.03765686,366,0.91500,0.77500,0.77500,-5.57241053e-03,0.48070711,Far,True,1,0.00250,Near,0.24833
KC,400,2684,rebound,0.91500,0.005055,0.23001375,224,0.56000,-0.35500,0.35500,3.78666206e-02,3.02825871,Middle,False,224,0.56000,Middle,0.10667
KC,400,2685,contraction,0.56000,0.042922,0.15073041,135,0.33750,-0.22250,0.22250,-1.76504617e-02,0.66091978,Middle,False,135,0.33750,Middle,0.00417
KC,400,2686,contraction,0.33750,0.025271,0.09069279,284,0.71000,0.37250,0.37250,-1.09301950e-02,0.63187564,Far,True,24,0.06000,Near,0.04333
KC,400,2687,contraction,0.71000,0.014341,0.18108525,87,0.21750,-0.49250,0.49250,-3.88346293e-04,0.98755616,Near,False,87,0.21750,Near,0.11583
KC,400,2688,contraction,0.21750,0.013953,0.05786316,381,0.95250,0.73500,0.73500,-1.15029871e-02,0.42746188,Far,True,1,0.00250,Near,0.28583
KC,400,2689,rebound,0.95250,0.002450,0.23873741,204,0.51000,-0.44250,0.44250,4.65027471e-02,4.53537436,Middle,False,204,0.51000,Middle,0.15667
KC,400,2690,contraction,0.51000,0.048952,0.13973810,267,0.66750,0.15750,0.15750,-2.14988101e-02,0.59283660,Far,True,156,0.39000,Middle,0.00083
KC,400,2691,rebound,0.66750,0.027454,0.17373840,117,0.29250,-0.37500,0.37500,1.84529109e-03,1.05416060,Near,False,117,0.29250,Near,0.04083
KC,400,2692,contraction,0.29250,0.029299,0.08044972,321,0.80250,0.51000,0.51000,-1.54067251e-02,0.45993507,Far,True,34,0.08500,Near,0.13583
KC,400,2693,rebound,0.80250,0.013892,0.20409804,166,0.41500,-0.38750,0.38750,1.62098245e-02,1.48773271,Middle,False,166,0.41500,Middle,0.08167
KC,400,2694,contraction,0.41500,0.030102,0.11127549,50,0.12500,-0.29000,0.29000,-2.11596515e-02,0.51177052,Near,False,50,0.12500,Near,0.20833
KC,400,2695,contraction,0.12500,0.008942,0.03348558,355,0.88750,0.76250,0.76250,-3.76409791e-03,0.49773590,Far,True,1,0.00250,Near,0.22083
KC,400,2696,rebound,0.88750,0.005178,0.22316956,232,0.58000,-0.30750,0.30750,3.21734191e-02,2.46176278,Middle,False,232,0.58000,Middle,0.08667
KC,400,2697,contraction,0.58000,0.037352,0.15433791,131,0.32750,-0.25250,0.25250,-1.44679866e-02,0.70751405,Near,False,131,0.32750,Near,0.00583
KC,400,2698,contraction,0.32750,0.022884,0.08759592,301,0.75250,0.42500,0.42500,-1.43523612e-02,0.53834523,Far,True,18,0.04500,Near,0.08583
KC,400,2699,rebound,0.75250,0.008531,0.19025782,83,0.20750,-0.54500,0.54500,7.31846201e-03,1.32312024,Near,False,83,0.20750,Near,0.12583
KC,400,2700,contraction,0.20750,0.015850,0.05583744,250,0.62500,0.41750,0.41750,-1.54717054e-02,0.46992603,Middle,True,1,0.00250,Near,0.04167
KC,400,2701,rebound,0.62500,0.000378,0.15634451,20,0.05000,-0.57500,0.57500,9.28928833e-04,1.18959203,Near,False,20,0.05000,Near,0.28333
KC,400,2702,contraction,0.05000,0.001307,0.01282675,399,0.99750,0.94750,0.94750,-1.25460232e-03,0.23892379,Far,True,1,0.00250,Near,0.33083
KC,400,2703,rebound,0.99750,0.000052,0.24938810,186,0.46500,-0.53250,0.53250,5.49622532e-02,8.90147744,Middle,False,186,0.46500,Middle,0.13167
KC,400,2704,contraction,0.46500,0.055015,0.13000366,280,0.70000,0.23500,0.23500,-2.77716797e-02,0.50406667,Far,True,145,0.36250,Middle,0.03333
KC,400,2705,rebound,0.70000,0.027243,0.18181074,140,0.35000,-0.35000,0.35000,7.86310530e-03,1.25649612,Middle,False,140,0.35000,Middle,0.01667
KC,400,2706,contraction,0.35000,0.035106,0.09627652,338,0.84500,0.49500,0.49500,-1.71792069e-02,0.44604666,Far,True,61,0.15250,Near,0.17833
KC,400,2707,rebound,0.84500,0.017927,0.21573171,208,0.52000,-0.32500,0.32500,2.15941121e-02,1.76406486,Middle,False,208,0.52000,Middle,0.14667
KC,400,2708,contraction,0.52000,0.039521,0.13988024,95,0.23750,-0.28250,0.28250,-1.42068731e-02,0.64955875,Near,False,95,0.23750,Near,0.09583
KC,400,2709,contraction,0.23750,0.025314,0.06570352,362,0.90500,0.66750,0.66750,-1.46721699e-02,0.42625269,Far,True,28,0.07000,Near,0.23833
KC,400,2710,rebound,0.90500,0.010642,0.22891048,237,0.59250,-0.31250,0.31250,3.29577915e-02,2.49645938,Middle,False,237,0.59250,Middle,0.07417
KC,400,2711,contraction,0.59250,0.043600,0.15902493,154,0.38500,-0.20750,0.20750,-1.03138513e-02,0.78532178,Middle,False,154,0.38500,Middle,0.05167
KC,400,2712,contraction,0.38500,0.033286,0.10457147,310,0.77500,0.39000,0.39000,-1.56591087e-02,0.54628587,Far,True,56,0.14000,Near,0.10833
KC,400,2713,rebound,0.77500,0.017627,0.19815669,111,0.27750,-0.49750,0.49750,1.06272465e-02,1.45735649,Near,False,111,0.27750,Near,0.05583
KC,400,2714,contraction,0.27750,0.028254,0.07643850,265,0.66250,0.38500,0.38500,-1.88878104e-02,0.47639645,Middle,True,37,0.09250,Near,0.00417
KC,400,2715,rebound,0.66250,0.009366,0.16796655,56,0.14000,-0.52250,0.52250,1.67369505e-03,1.09261138,Near,False,56,0.14000,Near,0.19333
KC,400,2716,contraction,0.14000,0.011040,0.03775997,377,0.94250,0.80250,0.80250,-5.15026298e-03,0.36694482,Far,True,1,0.00250,Near,0.27583
KC,400,2717,rebound,0.94250,0.005890,0.23709741,192,0.48000,-0.46250,0.46250,4.31765416e-02,3.70310541,Middle,False,192,0.48000,Middle,0.14667
KC,400,2718,contraction,0.48000,0.049066,0.13226654,291,0.72750,0.24750,0.24750,-2.68393930e-02,0.52578331,Far,True,134,0.33500,Middle,0.06083
KC,400,2719,rebound,0.72750,0.022227,0.18743169,134,0.33500,-0.39250,0.39250,1.30500813e-02,1.46258209,Middle,False,134,0.33500,Middle,0.00167
KC,400,2720,contraction,0.33500,0.035277,0.09256921,332,0.83000,0.49500,0.49500,-2.43352976e-02,0.45512096,Far,True,41,0.10250,Near,0.16333
KC,400,2721,rebound,0.83000,0.010942,0.21023539,213,0.53250,-0.29750,0.29750,2.53236897e-02,2.24952548,Middle,False,213,0.53250,Middle,0.13417
KC,400,2722,contraction,0.53250,0.036265,0.14219131,87,0.21750,-0.31500,0.31500,-1.26716190e-02,0.66886814,Near,False,87,0.21750,Near,0.11583
KC,400,2723,contraction,0.21750,0.023594,0.06027341,386,0.96500,0.74750,0.74750,-1.99826751e-02,0.38621396,Far,True,15,0.03750,Near,0.29833
KC,400,2724,rebound,0.96500,0.003611,0.24215274,241,0.60250,-0.36250,0.36250,4.96462419e-02,7.42142977,Middle,False,241,0.60250,Middle,0.06417
KC,400,2725,contraction,0.60250,0.053257,0.16393930,160,0.40000,-0.20250,0.20250,-9.68278640e-03,0.80287906,Middle,False,160,0.40000,Middle,0.06667
KC,400,2726,contraction,0.40000,0.043574,0.11089360,304,0.76000,0.36000,0.36000,-2.11855447e-02,0.50812849,Far,True,65,0.16250,Near,0.09333
KC,400,2727,rebound,0.76000,0.022389,0.19559722,116,0.29000,-0.47000,0.47000,1.10785189e-02,1.39538994,Near,False,116,0.29000,Near,0.04333
KC,400,2728,contraction,0.29000,0.033467,0.08086685,348,0.87000,0.58000,0.58000,-1.98733566e-02,0.46387811,Far,True,42,0.10500,Near,0.20333
KC,400,2729,rebound,0.87000,0.013594,0.22089851,199,0.49750,-0.37250,0.37250,3.32495861e-02,2.51315650,Middle,False,199,0.49750,Middle,0.16417
KC,400,2730,contraction,0.49750,0.046844,0.13608590,261,0.65250,0.15500,0.15500,-2.30456450e-02,0.57399488,Middle,True,77,0.19250,Near,0.01417
KC,400,2731,rebound,0.65250,0.023798,0.16907449,92,0.23000,-0.42250,0.42250,3.80262159e-03,1.15666324,Near,False,92,0.23000,Near,0.10333
KC,400,2732,contraction,0.23000,0.027601,0.06440015,368,0.92000,0.69000,0.69000,-2.18017476e-02,0.35483362,Far,True,28,0.07000,Near,0.25333
KC,400,2733,rebound,0.92000,0.005799,0.23144971,175,0.43750,-0.48250,0.48250,4.21321407e-02,3.88714210,Middle,False,175,0.43750,Middle,0.10417
KC,400,2734,contraction,0.43750,0.047931,0.12135774,281,0.70250,0.26500,0.26500,-2.22380296e-02,0.53947644,Far,True,130,0.32500,Near,0.03583
KC,400,2735,rebound,0.70250,0.025693,0.18204824,129,0.32250,-0.38000,0.38000,4.34894666e-03,1.12356022,Near,False,129,0.32250,Near,0.01083
KC,400,2736,contraction,0.32250,0.030042,0.08813547,323,0.80750,0.48500,0.48500,-1.93994609e-02,0.47692183,Far,True,43,0.10750,Near,0.14083
KC,400,2737,rebound,0.80750,0.010642,0.20453561,217,0.54250,-0.26500,0.26500,1.91950735e-02,1.97237878,Middle,False,217,0.54250,Middle,0.12417
KC,400,2738,contraction,0.54250,0.029838,0.14308438,73,0.18250,-0.36000,0.36000,-9.35011304e-03,0.70804472,Near,False,73,0.18250,Near,0.15083
KC,400,2739,contraction,0.18250,0.020487,0.05074685,392,0.98000,0.79750,0.79750,-1.85001524e-02,0.32945984,Far,True,8,0.02000,Near,0.31333
KC,400,2740,rebound,0.98000,0.001987,0.24549681,187,0.46750,-0.51250,0.51250,5.13357144e-02,7.55818784,Middle,False,187,0.46750,Middle,0.13417
KC,400,2741,contraction,0.46750,0.053323,0.13020574,269,0.67250,0.20500,0.20500,-1.91267584e-02,0.60843512,Far,True,141,0.35250,Middle,0.00583
KC,400,2742,contraction,0.67250,0.034196,0.17667405,119,0.29750,-0.37500,0.37500,-1.20737501e-03,0.96833625,Near,False,119,0.29750,Near,0.03583
KC,400,2743,contraction,0.29750,0.032989,0.08262221,336,0.84000,0.54250,0.54250,-1.46085132e-02,0.48110942,Far,True,38,0.09500,Near,0.17333
KC,400,2744,rebound,0.84000,0.018380,0.21459508,228,0.57000,-0.27000,0.27000,1.96744041e-02,1.59899377,Middle,False,228,0.57000,Middle,0.09667
KC,400,2745,contraction,0.57000,0.038055,0.15201368,145,0.36250,-0.20750,0.20750,-1.16153388e-02,0.75249365,Middle,False,145,0.36250,Middle,0.02917
KC,400,2746,contraction,0.36250,0.026439,0.09723484,308,0.77000,0.40750,0.40750,-1.59761045e-02,0.52979703,Far,True,46,0.11500,Near,0.10333
KC,400,2747,rebound,0.77000,0.010463,0.19511582,85,0.21250,-0.55750,0.55750,1.29454321e-02,1.84445248,Near,False,85,0.21250,Near,0.12083
KC,400,2748,contraction,0.21250,0.023409,0.05897718,359,0.89750,0.68500,0.68500,-1.60969671e-02,0.40624852,Far,True,18,0.04500,Near,0.23083
KC,400,2749,rebound,0.89750,0.007312,0.22620293,197,0.49250,-0.40500,0.40500,3.82148410e-02,3.08602390,Middle,False,197,0.49250,Middle,0.15917
KC,400,2750,contraction,0.49250,0.045527,0.13450664,253,0.63250,0.14000,0.14000,-2.38722805e-02,0.56825902,Middle,True,125,0.31250,Near,0.03417
KC,400,2751,rebound,0.63250,0.021654,0.16353857,108,0.27000,-0.36250,0.36250,9.89791072e-04,1.03167974,Near,False,108,0.27000,Near,0.06333
KC,400,2752,contraction,0.27000,0.022644,0.07316102,374,0.93500,0.66500,0.66500,-1.87712034e-02,0.39758321,Far,True,24,0.06000,Near,0.26833
KC,400,2753,rebound,0.93500,0.003873,0.23471822,171,0.42750,-0.50750,0.50750,4.06958911e-02,4.69544872,Middle,False,171,0.42750,Middle,0.09417
KC,400,2754,contraction,0.42750,0.044569,0.11801719,288,0.72000,0.29250,0.29250,-1.73200978e-02,0.58148148,Far,True,63,0.15750,Near,0.05333
KC,400,2755,rebound,0.72000,0.027249,0.18681217,130,0.32500,-0.39500,0.39500,1.64862874e-03,1.04210878,Near,False,130,0.32500,Near,0.00833
KC,400,2756,contraction,0.32500,0.028897,0.08847433,319,0.79750,0.47250,0.47250,-1.81273901e-02,0.51535618,Far,True,44,0.11000,Near,0.13083
KC,400,2757,rebound,0.79750,0.010770,0.20206748,212,0.53000,-0.26750,0.26750,1.86534232e-02,1.92701362,Middle,False,212,0.53000,Middle,0.13667
KC,400,2758,contraction,0.53000,0.029423,0.13985584,71,0.17750,-0.35250,0.35250,-1.03048759e-02,0.68053071,Near,False,71,0.17750,Near,0.15583
KC,400,2759,contraction,0.17750,0.019118,0.04915462,351,0.87750,0.70000,0.70000,-1.73303070e-02,0.34251734,Far,True,4,0.01000,Near,0.21083
KC,400,2760,rebound,0.87750,0.001788,0.21982204,161,0.40250,-0.47500,0.47500,3.17420243e-02,2.74933966,Middle,False,161,0.40250,Middle,0.06917
KC,400,2761,contraction,0.40250,0.033530,0.10900755,260,0.65000,0.24750,0.24750,-1.82502822e-02,0.58044205,Middle,True,42,0.10500,Near,0.01667
KC,400,2762,contraction,0.65000,0.015280,0.16631998,94,0.23500,-0.41500,0.41500,-1.72408123e-03,0.94566818,Near,False,94,0.23500,Near,0.09833
KC,400,2763,contraction,0.23500,0.013556,0.06213895,394,0.98500,0.75000,0.75000,-1.25208974e-02,0.39648995,Far,True,1,0.00250,Near,0.31833
KC,400,2764,rebound,0.98500,0.001035,0.24650873,224,0.56000,-0.42500,0.42500,5.00984561e-02,6.24256152,Middle,False,224,0.56000,Middle,0.10667
KC,400,2765,contraction,0.56000,0.051133,0.15278334,141,0.35250,-0.20750,0.20750,-1.96092164e-02,0.64396064,Middle,False,141,0.35250,Middle,0.01917
KC,400,2766,contraction,0.35250,0.031524,0.09600604,301,0.75250,0.40000,0.40000,-7.26076857e-03,0.71319037,Far,True,43,0.10750,Near,0.08583
KC,400,2767,contraction,0.75250,0.024263,0.19419085,187,0.46750,-0.28500,0.28500,-1.80477844e-04,0.99628058,Middle,False,187,0.46750,Middle,0.13417
KC,400,2768,contraction,0.46750,0.024083,0.12289573,340,0.85000,0.38250,0.38250,-1.18694901e-02,0.59963392,Far,True,57,0.14250,Near,0.18333
KC,400,2769,rebound,0.85000,0.012213,0.21555336,112,0.28000,-0.57000,0.57000,2.58570575e-02,3.28864245,Near,False,112,0.28000,Near,0.05333
KC,400,2770,contraction,0.28000,0.038070,0.07951762,270,0.67500,0.39500,0.39500,-1.81349297e-02,0.50684375,Far,True,49,0.12250,Near,0.00833
KC,400,2771,contraction,0.67500,0.019936,0.17373389,67,0.16750,-0.50750,0.50750,-2.98724779e-03,0.89535754,Near,False,67,0.16750,Near,0.16583
KC,400,2772,contraction,0.16750,0.016948,0.04611208,379,0.94750,0.78000,0.78000,-1.13562453e-02,0.44639910,Far,True,1,0.00250,Near,0.28083
KC,400,2773,rebound,0.94750,0.005592,0.23827301,205,0.51250,-0.43500,0.43500,4.98521939e-02,6.15198247,Middle,False,205,0.51250,Middle,0.15417
KC,400,2774,contraction,0.51250,0.055444,0.14198606,245,0.61250,0.10000,0.10000,-2.56215409e-02,0.56901293,Middle,True,153,0.38250,Middle,0.05417
KC,400,2775,contraction,0.61250,0.029823,0.16058068,129,0.32250,-0.29000,0.29000,-2.47441032e-03,0.93447267,Near,False,129,0.32250,Near,0.01083
KC,400,2776,contraction,0.32250,0.027348,0.08746208,325,0.81250,0.49000,0.49000,-1.23944567e-02,0.53282253,Far,True,33,0.08250,Near,0.14583
KC,400,2777,rebound,0.81250,0.014954,0.20686346,167,0.41750,-0.39500,0.39500,1.26060149e-02,1.36128495,Middle,False,167,0.41750,Middle,0.08417
KC,400,2778,contraction,0.41750,0.027560,0.11126497,51,0.12750,-0.29000,0.29000,-1.82015613e-02,0.54397937,Near,False,51,0.12750,Near,0.20583
KC,400,2779,contraction,0.12750,0.009358,0.03421457,363,0.90750,0.78000,0.78000,-2.49481559e-03,0.68203415,Far,True,1,0.00250,Near,0.24083
KC,400,2780,rebound,0.90750,0.006863,0.22859087,230,0.57500,-0.33250,0.33250,3.23655097e-02,2.62755279,Middle,False,230,0.57500,Middle,0.09167
KC,400,2781,contraction,0.57500,0.039229,0.15355725,108,0.27000,-0.30500,0.30500,-1.44948607e-02,0.69217413,Near,False,108,0.27000,Near,0.06333
KC,400,2782,contraction,0.27000,0.024734,0.07368353,293,0.73250,0.46250,0.46250,-7.21125204e-03,0.66814511,Far,True,10,0.02500,Near,0.06583
KC,400,2783,contraction,0.73250,0.017523,0.18750572,180,0.45000,-0.28250,0.28250,-9.08290715e-04,0.98080371,Middle,False,180,0.45000,Middle,0.11667
KC,400,2784,contraction,0.45000,0.016615,0.11665365,34,0.08500,-0.36500,0.36500,-1.27420811e-02,0.56068616,Near,False,34,0.08500,Near,0.24833
KC,400,2785,contraction,0.08500,0.003873,0.02221813,346,0.86500,0.78000,0.78000,-1.52447812e-03,0.63251992,Far,True,1,0.00250,Near,0.19833
KC,400,2786,rebound,0.86500,0.002348,0.21683701,144,0.36000,-0.50500,0.50500,2.18260749e-02,1.85099733,Middle,False,144,0.36000,Middle,0.02667
KC,400,2787,contraction,0.36000,0.024174,0.09604353,265,0.66250,0.30250,0.30250,-1.35413737e-02,0.61419825,Middle,True,1,0.00250,Near,0.00417
KC,400,2788,contraction,0.66250,0.010633,0.16828318,77,0.19250,-0.47000,0.47000,-1.36639988e-03,0.95071763,Near,False,77,0.19250,Near,0.14083
KC,400,2789,contraction,0.19250,0.009266,0.05044158,388,0.97000,0.77750,0.77750,-7.89951211e-03,0.39445297,Far,True,1,0.00250,Near,0.30333
KC,400,2790,rebound,0.97000,0.001367,0.24284170,211,0.52750,-0.44250,0.44250,4.70798336e-02,4.51753316,Middle,False,211,0.52750,Middle,0.13917
KC,400,2791,contraction,0.52750,0.048447,0.14398666,305,0.76250,0.23500,0.23500,-2.18930758e-02,0.57493007,Far,True,125,0.31250,Near,0.09583
KC,400,2792,rebound,0.76250,0.026554,0.19726339,133,0.33250,-0.43000,0.43000,1.71902475e-02,1.67001318,Near,False,133,0.33250,Near,0.00083
KC,400,2793,contraction,0.33250,0.043744,0.09406096,248,0.62000,0.28750,0.28750,-2.62438547e-02,0.46141114,Middle,True,60,0.15000,Near,0.04667
KC,400,2794,contraction,0.62000,0.017500,0.15937499,67,0.16750,-0.45250,0.45250,-3.07218139e-03,0.89772607,Near,False,67,0.16750,Near,0.16583
KC,400,2795,contraction,0.16750,0.014428,0.04548195,334,0.83500,0.66750,0.66750,-8.20987301e-03,0.43788766,Far,True,1,0.00250,Near,0.16833
KC,400,2796,rebound,0.83500,0.006218,0.21030448,173,0.43250,-0.40250,0.40250,2.37730502e-02,1.85646781,Middle,False,173,0.43250,Middle,0.09917
KC,400,2797,contraction,0.43250,0.029991,0.11562274,37,0.09250,-0.34000,0.34000,-2.59677899e-02,0.49330120,Near,False,37,0.09250,Near,0.24083
KC,400,2798,contraction,0.09250,0.004023,0.02413079,370,0.92500,0.83250,0.83250,-6.57411522e-04,0.71802889,Far,True,1,0.00250,Near,0.25833
KC,400,2799,rebound,0.92500,0.003366,0.23209144,221,0.55250,-0.37250,0.37250,4.09173096e-02,3.49751196,Middle,False,221,0.55250,Middle,0.11417
KC,400,2800,contraction,0.55250,0.044283,0.14919577,118,0.29500,-0.25750,0.25750,-1.65159702e-02,0.65934721,Near,False,118,0.29500,Near,0.03833
KC,400,2801,contraction,0.29500,0.027767,0.08069178,285,0.71250,0.41750,0.41750,-1.08487353e-02,0.60545887,Far,True,5,0.01250,Near,0.04583
KC,400,2802,contraction,0.71250,0.016918,0.18235459,156,0.39000,-0.32250,0.32250,-3.40850689e-03,0.92726142,Middle,False,156,0.39000,Middle,0.05667
KC,400,2803,contraction,0.39000,0.013510,0.10087747,354,0.88500,0.49500,0.49500,-1.14384566e-02,0.58559592,Far,True,17,0.04250,Near,0.21833
KC,400,2804,rebound,0.88500,0.002071,0.22176785,199,0.49750,-0.38750,0.38750,2.88849033e-02,4.02550040,Middle,False,199,0.49750,Middle,0.16417
KC,400,2805,contraction,0.49750,0.030956,0.13211408,80,0.20000,-0.29750,0.29750,-1.36129587e-02,0.62320213,Near,False,80,0.20000,Near,0.13333
KC,400,2806,contraction,0.20000,0.017343,0.05433584,312,0.78000,0.58000,0.58000,-9.61397408e-03,0.51034160,Far,True,1,0.00250,Near,0.11333
KC,400,2807,rebound,0.78000,0.007729,0.19693234,239,0.59750,-0.18250,0.18250,7.59777026e-03,1.19924260,Middle,False,239,0.59750,Middle,0.06917
KC,400,2808,contraction,0.59750,0.015327,0.15320679,107,0.26750,-0.33000,0.33000,-1.13103607e-03,0.96383682,Near,False,107,0.26750,Near,0.06583
KC,400,2809,contraction,0.26750,0.014196,0.07042403,396,0.99000,0.72250,0.72250,-1.39464193e-02,0.37242135,Far,True,5,0.01250,Near,0.32333
KC,400,2810,rebound,0.99000,0.000250,0.24756242,182,0.45500,-0.53500,0.53500,4.73016897e-02,19.68091177,Middle,False,182,0.45500,Middle,0.12167
KC,400,2811,contraction,0.45500,0.047551,0.12563785,274,0.68500,0.23000,0.23000,-1.68918159e-02,0.61784721,Far,True,136,0.34000,Middle,0.01833
KC,400,2812,contraction,0.68500,0.030660,0.17891489,131,0.32750,-0.35750,0.35750,-1.95754034e-03,0.95277528,Near,False,131,0.32750,Near,0.00583
KC,400,2813,contraction,0.32750,0.028702,0.08905051,328,0.82000,0.49250,0.49250,-1.35775282e-02,0.50056382,Far,True,43,0.10750,Near,0.15333
KC,400,2814,rebound,0.82000,0.015124,0.20878112,212,0.53000,-0.29000,0.29000,1.56755957e-02,1.54228871,Middle,False,212,0.53000,Middle,0.13667
KC,400,2815,contraction,0.53000,0.030800,0.14020002,74,0.18500,-0.34500,0.34500,-1.04559595e-02,0.68938053,Near,False,74,0.18500,Near,0.14833
KC,400,2816,contraction,0.18500,0.020344,0.05133603,365,0.91250,0.72750,0.72750,-1.33968413e-02,0.38833761,Far,True,8,0.02000,Near,0.24583
KC,400,2817,rebound,0.91250,0.006947,0.22986182,166,0.41500,-0.49750,0.49750,3.49587269e-02,2.76934912,Middle,False,166,0.41500,Middle,0.08167
KC,400,2818,contraction,0.41500,0.041906,0.11422650,262,0.65500,0.24000,0.24000,-1.56531562e-02,0.62399823,Middle,True,100,0.25000,Near,0.01167
KC,400,2819,contraction,0.65500,0.026253,0.17031322,102,0.25500,-0.40000,0.40000,-6.55024565e-03,0.83545891,Near,False,102,0.25500,Near,0.07833
KC,400,2820,contraction,0.25500,0.019703,0.06867565,303,0.75750,0.50250,0.50250,-1.00675257e-02,0.55819153,Far,True,15,0.03750,Near,0.09083
KC,400,2821,rebound,0.75750,0.009635,0.19178377,192,0.48000,-0.27750,0.27750,5.03131085e-03,1.11744994,Middle,False,192,0.48000,Middle,0.14667
KC,400,2822,contraction,0.48000,0.014666,0.12366660,43,0.10750,-0.37250,0.37250,-8.36242610e-03,0.62590964,Near,False,43,0.10750,Near,0.22583
KC,400,2823,contraction,0.10750,0.006304,0.02845099,382,0.95500,0.84750,0.84750,-2.28996095e-03,0.39495347,Far,True,1,0.00250,Near,0.28833
KC,400,2824,rebound,0.95500,0.004014,0.23975350,232,0.58000,-0.37500,0.37500,3.72863006e-02,2.78848755,Middle,False,232,0.58000,Middle,0.08667
KC,400,2825,contraction,0.58000,0.041300,0.15532508,135,0.33750,-0.24250,0.24250,-1.07090969e-02,0.76552638,Middle,False,135,0.33750,Middle,0.00417
KC,400,2826,contraction,0.33750,0.030591,0.09202280,321,0.80250,0.46500,0.46500,-1.36813517e-02,0.53026775,Far,True,62,0.15500,Near,0.13583
KC,400,2827,rebound,0.80250,0.016910,0.20485247,173,0.43250,-0.37000,0.37000,1.02844408e-02,1.31927462,Middle,False,173,0.43250,Middle,0.09917
KC,400,2828,contraction,0.43250,0.027194,0.11492358,282,0.70500,0.27250,0.27250,-1.66111400e-02,0.59242989,Far,True,67,0.16750,Near,0.03833
KC,400,2829,rebound,0.70500,0.010583,0.17889579,85,0.21250,-0.49250,0.49250,1.13063310e-02,1.68823852,Near,False,85,0.21250,Near,0.12083
KC,400,2830,contraction,0.21250,0.021889,0.05859737,350,0.87500,0.66250,0.66250,-1.63003184e-02,0.34327195,Far,True,10,0.02500,Near,0.20833
KC,400,2831,rebound,0.87500,0.005589,0.22014729,205,0.51250,-0.36250,0.36250,2.89612380e-02,2.11252542,Middle,False,205,0.51250,Middle,0.15417
KC,400,2832,contraction,0.51250,0.034550,0.13676260,115,0.28750,-0.22500,0.22500,-1.76578897e-02,0.61913413,Near,False,115,0.28750,Near,0.04583
KC,400,2833,contraction,0.28750,0.016893,0.07609813,376,0.94000,0.65250,0.65250,-1.50372716e-02,0.50525533,Far,True,14,0.03500,Near,0.27333
KC,400,2834,rebound,0.94000,0.001855,0.23546381,246,0.61500,-0.32500,0.32500,4.36911831e-02,5.44550905,Middle,False,246,0.61500,Middle,0.05167
KC,400,2835,contraction,0.61500,0.045546,0.16513661,152,0.38000,-0.23500,0.23500,-1.02443534e-02,0.79204580,Middle,False,152,0.38000,Middle,0.04667
KC,400,2836,contraction,0.38000,0.035302,0.10382552,297,0.74250,0.36250,0.36250,-1.83994339e-02,0.52227682,Far,True,57,0.14250,Near,0.07583
KC,400,2837,rebound,0.74250,0.016903,0.18985066,91,0.22750,-0.51500,0.51500,8.26663641e-03,1.38993057,Near,False,91,0.22750,Near,0.10583
KC,400,2838,contraction,0.22750,0.025169,0.06316732,337,0.84250,0.61500,0.61500,-1.83486940e-02,0.44026250,Far,True,23,0.05750,Near,0.17583
KC,400,2839,rebound,0.84250,0.006821,0.21233015,189,0.47250,-0.37000,0.37000,3.05881264e-02,2.37046013,Middle,False,189,0.47250,Middle,0.13917
KC,400,2840,contraction,0.47250,0.037409,0.12747718,59,0.14750,-0.32500,0.32500,-2.48446192e-02,0.54001926,Near,False,59,0.14750,Near,0.18583
KC,400,2841,contraction,0.14750,0.012564,0.04001603,266,0.66500,0.51750,0.51750,-5.62773569e-03,0.61368238,Middle,True,1,0.00250,Near,0.00167
KC,400,2842,contraction,0.66500,0.006936,0.16798409,129,0.32250,-0.34250,0.34250,-2.72438551e-03,0.93102269,Near,False,129,0.32250,Near,0.01083
KC,400,2843,contraction,0.32250,0.004212,0.08167800,391,0.97750,0.65500,0.65500,-3.86369445e-03,0.50670639,Far,True,1,0.00250,Near,0.31083
KC,400,2844,rebound,0.97750,0.000348,0.24446207,221,0.55250,-0.42500,0.42500,4.31263224e-02,3.81879130,Middle,False,221,0.55250,Middle,0.11417
KC,400,2845,contraction,0.55250,0.043475,0.14899365,309,0.77250,0.22000,0.22000,-2.06248067e-02,0.62751582,Far,True,160,0.40000,Middle,0.10583
KC,400,2846,rebound,0.77250,0.022850,0.19883745,157,0.39250,-0.38000,0.38000,2.10787018e-02,1.93169544,Middle,False,157,0.39250,Middle,0.05917
KC,400,2847,contraction,0.39250,0.043929,0.10910713,79,0.19750,-0.19500,0.19500,-2.70161677e-02,0.45641452,Near,False,79,0.19750,Near,0.13583
KC,400,2848,contraction,0.19750,0.016912,0.05360308,356,0.89000,0.69250,0.69250,-6.89444360e-03,0.53894079,Far,True,1,0.00250,Near,0.22333
KC,400,2849,rebound,0.89000,0.010018,0.22500447,236,0.59000,-0.30000,0.30000,3.22067065e-02,2.46766234,Middle,False,236,0.59000,Middle,0.07667
KC,400,2850,contraction,0.59000,0.042225,0.15805615,122,0.30500,-0.28500,0.28500,-1.46185860e-02,0.71686110,Near,False,122,0.30500,Near,0.02833
KC,400,2851,contraction,0.30500,0.027606,0.08315150,287,0.71750,0.41250,0.41250,-1.39190903e-02,0.55167248,Far,True,29,0.07250,Near,0.05083
KC,400,2852,rebound,0.71750,0.013687,0.18279673,180,0.45000,-0.26750,0.26750,2.45585230e-03,1.05739805,Middle,False,180,0.45000,Middle,0.11667
KC,400,2853,contraction,0.45000,0.016143,0.11653569,41,0.10250,-0.34750,0.34750,-1.02896729e-02,0.56571617,Near,False,41,0.10250,Near,0.23083
KC,400,2854,contraction,0.10250,0.005853,0.02708828,368,0.92000,0.81750,0.81750,-3.36837880e-03,0.45726717,Far,True,1,0.00250,Near,0.25333
KC,400,2855,rebound,0.92000,0.002485,0.23062118,210,0.52500,-0.39500,0.39500,3.02705492e-02,2.18127040,Middle,False,210,0.52500,Middle,0.14167
KC,400,2856,contraction,0.52500,0.032755,0.13943882,100,0.25000,-0.27500,0.27500,-1.53371696e-02,0.63855102,Near,False,100,0.25000,Near,0.08333
KC,400,2857,contraction,0.25000,0.017418,0.06685453,324,0.81000,0.56000,0.56000,-5.15418198e-03,0.67243508,Far,True,1,0.00250,Near,0.14333
KC,400,2858,rebound,0.81000,0.012264,0.20556598,253,0.63250,-0.17750,0.17750,1.01309118e-02,1.26979019,Middle,False,253,0.63250,Middle,0.03417
KC,400,2859,rebound,0.63250,0.022395,0.16372371,140,0.35000,-0.28250,0.28250,4.30230105e-04,1.01168566,Middle,False,140,0.35000,Middle,0.01667
KC,400,2860,contraction,0.35000,0.022825,0.09320627,28,0.07000,-0.28000,0.28000,-2.01593113e-02,0.41193474,Near,False,28,0.07000,Near,0.26333
KC,400,2861,contraction,0.07000,0.002666,0.01816644,385,0.96250,0.89250,0.89250,-2.65962895e-03,0.37953926,Far,True,1,0.00250,Near,0.29583
KC,400,2862,rebound,0.96250,0.000006,0.24062653,196,0.49000,-0.47250,0.47250,4.39442756e-02,4.30392468,Middle,False,196,0.49000,Middle,0.15667
KC,400,2863,contraction,0.49000,0.043950,0.13348760,279,0.69750,0.20750,0.20750,-1.72024740e-02,0.62253525,Far,True,90,0.22500,Near,0.03083
KC,400,2864,rebound,0.69750,0.026748,0.18106198,112,0.28000,-0.41750,0.41750,3.91905063e-03,1.12112055,Near,False,112,0.28000,Near,0.05333
KC,400,2865,contraction,0.28000,0.030667,0.07766674,334,0.83500,0.55500,0.55500,-1.76646174e-02,0.41987981,Far,True,51,0.12750,Near,0.16833
KC,400,2866,rebound,0.83500,0.013002,0.21200059,170,0.42500,-0.41000,0.41000,2.27140889e-02,1.78535716,Middle,False,170,0.42500,Middle,0.09167
KC,400,2867,contraction,0.42500,0.035716,0.11517911,243,0.60750,0.18250,0.18250,-2.25076325e-02,0.55065885,Middle,True,65,0.16250,Near,0.05917
KC,400,2868,rebound,0.60750,0.013209,0.15517720,68,0.17000,-0.43750,0.43750,1.28930102e-03,1.06311344,Near,False,68,0.17000,Near,0.16333
KC,400,2869,contraction,0.17000,0.014498,0.04612453,348,0.87000,0.70000,0.70000,-1.19668281e-02,0.36212760,Far,True,1,0.00250,Near,0.20333
KC,400,2870,rebound,0.87000,0.002531,0.21813282,149,0.37250,-0.49750,0.49750,2.47295183e-02,1.98629344,Middle,False,149,0.37250,Middle,0.03917
KC,400,2871,contraction,0.37250,0.027261,0.09994020,295,0.73750,0.36500,0.36500,-1.70968995e-02,0.54385827,Far,True,31,0.07750,Near,0.07083
KC,400,2872,rebound,0.73750,0.010164,0.18691598,96,0.24000,-0.49750,0.49750,7.21426224e-03,1.27573411,Near,False,96,0.24000,Near,0.09333
KC,400,2873,contraction,0.24000,0.017378,0.06434454,222,0.55500,0.31500,0.31500,-1.51621087e-02,0.51225650,Middle,True,4,0.01000,Near,0.11167
KC,400,2874,contraction,0.55500,0.002216,0.13930401,14,0.03500,-0.52000,0.52000,-1.56660867e-03,0.80738684,Near,False,14,0.03500,Near,0.29833
KC,400,2875,contraction,0.03500,0.000649,0.00891236,400,1.00000,0.96500,0.96500,-6.49449956e-04,0.15112766,Far,True,1,0.00250,Near,0.33333
KW,50,0,risk,0.50000,0.250000,0.18750000,29,0.58000,0.08000,0.08000,-7.37312500e-02,0.13414634,Middle,True,23,0.46000,Middle,0.08667
KW,50,1,risk,0.58000,0.176269,0.18906719,34,0.68000,0.10000,0.10000,-5.86849950e-02,0.15418118,Far,True,21,0.42000,Middle,0.01333
KW,50,2,risk,0.68000,0.117584,0.19939594,19,0.38000,-0.30000,0.30000,-4.18362017e-02,0.22121686,Middle,False,19,0.38000,Middle,0.04667
KW,50,3,risk,0.38000,0.075748,0.11393689,40,0.80000,0.42000,0.42000,-2.61315557e-02,0.15908082,Far,True,11,0.22000,Near,0.13333
KW,50,4,risk,0.80000,0.049616,0.21240400,43,0.86000,0.06000,0.06000,-2.83792088e-02,0.24735723,Far,True,38,0.76000,Far,0.19333
KW,50,5,risk,0.86000,0.021237,0.22030920,11,0.22000,-0.64000,0.64000,-5.35118344e-03,0.64538734,Near,False,11,0.22000,Near,0.11333
KW,50,6,risk,0.22000,0.015886,0.05897140,48,0.96000,0.74000,0.74000,-1.34057776e-02,0.09909975,Far,True,1,0.02000,Near,0.29333
KW,50,7,risk,0.96000,0.002480,0.24061996,50,1.00000,0.04000,0.04000,-2.47982778e-03,0.70598957,Far,True,1,0.02000,Near,0.33333
KW,100,0,risk,0.50000,0.250000,0.18750000,59,0.59000,0.09000,0.09000,-7.36359375e-02,0.13433572,Middle,True,46,0.46000,Middle,0.07667
KW,100,1,risk,0.59000,0.176364,0.19159102,67,0.67000,0.08000,0.08000,-5.94098418e-02,0.15647026,Far,True,42,0.42000,Middle,0.00333
KW,100,2,risk,0.67000,0.116954,0.19673856,38,0.38000,-0.29000,0.29000,-4.15422119e-02,0.22013898,Middle,False,38,0.38000,Middle,0.04667
KW,100,3,risk,0.38000,0.075412,0.11385300,79,0.79000,0.41000,0.41000,-2.57407644e-02,0.16084321,Far,True,23,0.23000,Near,0.12333
KW,100,4,risk,0.79000,0.049671,0.20991781,87,0.87000,0.08000,0.08000,-2.80830935e-02,0.23628119,Far,True,21,0.21000,Near,0.20333
KW,100,5,risk,0.87000,0.021588,0.22289704,22,0.22000,-0.65000,0.65000,-5.60961440e-03,0.63787134,Near,False,22,0.22000,Near,0.11333
KW,100,6,risk,0.22000,0.015979,0.05899463,96,0.96000,0.74000,0.74000,-1.34958950e-02,0.09858798,Far,True,1,0.01000,Near,0.29333
KW,100,7,risk,0.96000,0.002483,0.24062066,100,1.00000,0.04000,0.04000,-2.48264150e-03,0.69055749,Far,True,1,0.01000,Near,0.33333
KW,200,0,risk,0.50000,0.250000,0.18750000,118,0.59000,0.09000,0.09000,-7.36359375e-02,0.13433572,Middle,True,92,0.46000,Middle,0.07667
KW,200,1,risk,0.59000,0.176364,0.19159102,135,0.67500,0.08500,0.08500,-5.94028697e-02,0.15647026,Far,True,84,0.42000,Middle,0.00833
KW,200,2,risk,0.67500,0.116961,0.19799030,75,0.37500,-0.30000,0.30000,-4.09986678e-02,0.22364389,Middle,False,75,0.37500,Middle,0.04167
KW,200,3,risk,0.37500,0.075963,0.11274063,159,0.79500,0.42000,0.42000,-2.62950909e-02,0.15671364,Far,True,45,0.22500,Near,0.12833
KW,200,4,risk,0.79500,0.049667,0.21116686,174,0.87000,0.07500,0.07500,-2.82205202e-02,0.24418087,Far,True,42,0.21000,Near,0.20333
KW,200,5,risk,0.87000,0.021447,0.22286173,44,0.22000,-0.65000,0.65000,-5.25704611e-03,0.65303326,Near,False,44,0.22000,Near,0.11333
KW,200,6,risk,0.22000,0.016190,0.05904747,191,0.95500,0.73500,0.73500,-1.37365174e-02,0.10019951,Far,True,1,0.00500,Near,0.28833
KW,200,7,risk,0.95500,0.002453,0.23936334,200,1.00000,0.04500,0.04500,-2.45335042e-03,0.69490346,Far,True,1,0.00500,Near,0.33333
KW,400,0,risk,0.50000,0.250000,0.18750000,236,0.59000,0.09000,0.09000,-7.36359375e-02,0.13433572,Middle,True,184,0.46000,Middle,0.07667
KW,400,1,risk,0.59000,0.176364,0.19159102,269,0.67250,0.08250,0.08250,-5.93995134e-02,0.15647497,Far,True,167,0.41750,Middle,0.00583
KW,400,2,risk,0.67250,0.116965,0.19736614,151,0.37750,-0.29500,0.29500,-4.12715410e-02,0.22188239,Middle,False,151,0.37750,Middle,0.04417
KW,400,3,risk,0.37750,0.075693,0.11329825,318,0.79500,0.41750,0.41750,-2.60146443e-02,0.15873242,Far,True,90,0.22500,Near,0.12833
KW,400,4,risk,0.79500,0.049678,0.21116959,347,0.86750,0.07250,0.07250,-2.82182513e-02,0.24213731,Far,True,85,0.21250,Near,0.20083
KW,400,5,risk,0.86750,0.021460,0.22224003,87,0.21750,-0.65000,0.65000,-5.41940335e-03,0.64514904,Near,False,87,0.21750,Near,0.11583
KW,400,6,risk,0.21750,0.016041,0.05838518,382,0.95500,0.73750,0.73750,-1.35411882e-02,0.09865519,Far,True,1,0.00250,Near,0.28833
KW,400,7,risk,0.95500,0.002500,0.23937488,400,1.00000,0.04500,0.04500,-2.49952092e-03,0.68281664,Far,True,1,0.00250,Near,0.33333
KS,50,0,contraction,0.50000,0.250000,0.18750000,30,0.60000,0.10000,0.10000,-3.81250000e-02,0.55147059,Middle,True,23,0.46000,Middle,0.06667
KS,50,1,contraction,0.60000,0.211875,0.20296875,33,0.66000,0.06000,0.06000,-2.26171875e-02,0.69169329,Middle,True,21,0.42000,Middle,0.00667
KS,50,2,contraction,0.66000,0.189258,0.21231445,19,0.38000,-0.28000,0.28000,-1.34454102e-02,0.79788640,Middle,False,19,0.38000,Middle,0.04667
KS,50,3,contraction,0.38000,0.175812,0.13895310,34,0.68000,0.30000,0.30000,-1.75513066e-02,0.65659197,Far,True,17,0.34000,Middle,0.01333
KS,50,4,contraction,0.68000,0.158261,0.20956527,33,0.66000,-0.02000,0.02000,-1.43238969e-02,0.78529790,Middle,False,33,0.66000,Middle,0.00667
KS,50,5,contraction,0.66000,0.143937,0.20098430,17,0.34000,-0.32000,0.32000,-9.06932554e-03,0.84709999,Middle,False,17,0.34000,Middle,0.00667
KS,50,6,contraction,0.34000,0.134868,0.11871697,34,0.68000,0.34000,0.34000,-1.89481009e-02,0.60100082,Far,True,17,0.34000,Middle,0.01333
KS,50,7,contraction,0.68000,0.115920,0.19897994,33,0.66000,-0.02000,0.02000,-1.34749607e-02,0.78685587,Middle,False,33,0.66000,Middle,0.00667
KS,50,8,contraction,0.66000,0.102445,0.19061120,17,0.34000,-0.32000,0.32000,-2.20149928e-03,0.95584134,Middle,False,17,0.34000,Middle,0.00667
KS,50,9,contraction,0.34000,0.100243,0.11006083,36,0.72000,0.38000,0.38000,-2.25891498e-02,0.52535813,Far,True,16,0.32000,Near,0.05333
KS,50,10,contraction,0.72000,0.077654,0.19941354,17,0.34000,-0.38000,0.38000,-3.66139396e-03,0.93158163,Middle,False,17,0.34000,Middle,0.00667
KS,50,11,contraction,0.34000,0.073993,0.10349819,33,0.66000,0.32000,0.32000,-1.03030373e-02,0.71520937,Middle,True,16,0.32000,Near,0.00667
KS,50,12,contraction,0.66000,0.063690,0.18092243,34,0.68000,0.02000,0.02000,-1.60222132e-02,0.73529412,Far,True,33,0.66000,Middle,0.01333
KS,50,13,rebound,0.68000,0.047668,0.18191688,17,0.34000,-0.34000,0.34000,8.72327906e-03,1.24535163,Middle,False,17,0.34000,Middle,0.00667
KS,50,14,contraction,0.34000,0.056391,0.09909770,41,0.82000,0.48000,0.48000,-2.28884577e-02,0.45891635,Far,True,16,0.32000,Near,0.15333
KS,50,15,rebound,0.82000,0.033502,0.21337558,16,0.32000,-0.50000,0.50000,1.92604224e-02,1.60283544,Near,False,16,0.32000,Near,0.01333
KS,50,16,contraction,0.32000,0.052763,0.09319069,33,0.66000,0.34000,0.34000,-1.15926906e-02,0.66773947,Middle,True,16,0.32000,Near,0.00667
KS,50,17,contraction,0.66000,0.041170,0.17529252,17,0.34000,-0.32000,0.32000,-1.18695104e-02,0.78687470,Middle,False,17,0.34000,Middle,0.00667
KS,50,18,contraction,0.34000,0.029301,0.09232514,33,0.66000,0.32000,0.32000,-1.22160789e-02,0.65390960,Middle,True,1,0.02000,Near,0.00667
KS,50,19,contraction,0.66000,0.017084,0.16927112,16,0.32000,-0.34000,0.34000,-8.33818436e-03,0.83062586,Near,False,16,0.32000,Near,0.01333
KS,50,20,contraction,0.32000,0.008746,0.08218657,46,0.92000,0.60000,0.60000,-2.36920171e-03,0.68956793,Far,True,1,0.02000,Near,0.25333
KS,50,21,rebound,0.92000,0.006377,0.23159427,33,0.66000,-0.26000,0.26000,3.52136605e-02,2.55758369,Middle,False,33,0.66000,Middle,0.00667
KS,50,22,rebound,0.66000,0.041591,0.17539769,17,0.34000,-0.32000,0.32000,1.42623074e-03,1.03361913,Middle,False,17,0.34000,Middle,0.00667
KS,50,23,contraction,0.34000,0.043017,0.09575425,34,0.68000,0.34000,0.34000,-2.44818962e-02,0.48418895,Far,True,17,0.34000,Middle,0.01333
KS,50,24,rebound,0.68000,0.018535,0.17463377,17,0.34000,-0.34000,0.34000,2.31714442e-03,1.05604914,Middle,False,17,0.34000,Middle,0.00667
KS,50,25,contraction,0.34000,0.020852,0.09021306,50,1.00000,0.66000,0.66000,-2.08522356e-02,0.50434838,Far,True,1,0.02000,Near,0.33333
KS,100,0,contraction,0.50000,0.250000,0.18750000,59,0.59000,0.09000,0.09000,-3.81000000e-02,0.55163283,Middle,True,46,0.46000,Middle,0.07667
KS,100,1,contraction,0.59000,0.211900,0.20047500,66,0.66000,0.07000,0.07000,-2.24177500e-02,0.69094525,Middle,True,41,0.41000,Middle,0.00667
KS,100,2,contraction,0.66000,0.189482,0.21237056,37,0.37000,-0.29000,0.29000,-1.47681888e-02,0.78237536,Middle,False,37,0.37000,Middle,0.03667
KS,100,3,contraction,0.37000,0.174714,0.13617852,67,0.67000,0.30000,0.30000,-1.43772977e-02,0.70098055,Far,True,34,0.34000,Middle,0.00333
KS,100,4,contraction,0.67000,0.160337,0.20758419,67,0.67000,0.00000,0.00000,-1.71256957e-02,0.75000000,Far,False,67,0.67000,Far,0.00333
KS,100,5,contraction,0.67000,0.143211,0.20330277,34,0.34000,-0.33000,0.33000,-9.22431014e-03,0.84638951,Middle,False,34,0.34000,Middle,0.00667
KS,100,6,contraction,0.34000,0.133987,0.11849669,67,0.67000,0.33000,0.33000,-1.73241450e-02,0.62865221,Far,True,33,0.33000,Near,0.00333
KS,100,7,contraction,0.67000,0.116663,0.19666565,66,0.66000,-0.01000,0.01000,-1.55427472e-02,0.75980608,Middle,False,66,0.66000,Middle,0.00667
KS,100,8,contraction,0.66000,0.101120,0.19027997,33,0.33000,-0.33000,0.33000,-1.93360082e-03,0.96056121,Near,False,33,0.33000,Near,0.00333
KS,100,9,contraction,0.33000,0.099186,0.10729657,72,0.72000,0.39000,0.39000,-2.07967584e-02,0.53482276,Far,True,33,0.33000,Near,0.05333
KS,100,10,contraction,0.72000,0.078390,0.19959738,34,0.34000,-0.38000,0.38000,-4.68651025e-03,0.91414424,Middle,False,34,0.34000,Middle,0.00667
KS,100,11,contraction,0.34000,0.073703,0.10342575,67,0.67000,0.33000,0.33000,-9.68930302e-03,0.72541574,Far,True,33,0.33000,Near,0.00333
KS,100,12,contraction,0.67000,0.064014,0.18350342,66,0.66000,-0.01000,0.01000,-1.47164940e-02,0.75712290,Middle,False,66,0.66000,Middle,0.00667
KS,100,13,rebound,0.66000,0.049297,0.17732430,33,0.33000,-0.33000,0.33000,6.26681826e-03,1.16657790,Near,False,33,0.33000,Near,0.00333
KS,100,14,contraction,0.33000,0.055564,0.09639100,82,0.82000,0.49000,0.49000,-2.13816466e-02,0.44904634,Far,True,33,0.33000,Near,0.15333
KS,100,15,rebound,0.82000,0.034182,0.21354559,34,0.34000,-0.48000,0.48000,1.81770253e-02,1.51625530,Middle,False,34,0.34000,Middle,0.00667
KS,100,16,contraction,0.34000,0.052359,0.09808985,67,0.67000,0.33000,0.33000,-1.23038663e-02,0.66365514,Far,True,33,0.33000,Near,0.00333
KS,100,17,contraction,0.67000,0.040056,0.17751388,33,0.33000,-0.34000,0.34000,-1.02082693e-02,0.81145711,Near,False,33,0.33000,Near,0.00333
KS,100,18,contraction,0.33000,0.029847,0.08996182,67,0.67000,0.34000,0.34000,-1.18584757e-02,0.65248895,Far,True,1,0.01000,Near,0.00333
KS,100,19,contraction,0.67000,0.017989,0.17199720,33,0.33000,-0.34000,0.34000,-7.28160876e-03,0.85393229,Near,False,33,0.33000,Near,0.00333
KS,100,20,contraction,0.33000,0.010707,0.08517679,92,0.92000,0.59000,0.59000,-4.24071375e-03,0.61042783,Far,True,1,0.01000,Near,0.25333
KS,100,21,rebound,0.92000,0.006466,0.23161662,66,0.66000,-0.26000,0.26000,3.71426471e-02,2.78901500,Middle,False,66,0.66000,Middle,0.00667
KS,100,22,rebound,0.66000,0.043609,0.17590228,34,0.34000,-0.32000,0.32000,1.45096431e-04,1.00331040,Middle,False,34,0.34000,Middle,0.00667
KS,100,23,contraction,0.34000,0.043754,0.09593855,67,0.67000,0.33000,0.33000,-2.35938814e-02,0.50159394,Far,True,33,0.33000,Near,0.00333
KS,100,24,rebound,0.67000,0.020160,0.17254008,33,0.33000,-0.34000,0.34000,1.02042682e-03,1.02448050,Near,False,33,0.33000,Near,0.00333
KS,100,25,contraction,0.33000,0.021181,0.08779519,100,1.00000,0.67000,0.67000,-2.11807511e-02,0.49144160,Far,True,1,0.01000,Near,0.33333
KS,200,0,contraction,0.50000,0.250000,0.18750000,119,0.59500,0.09500,0.09500,-3.80875000e-02,0.55171399,Middle,True,92,0.46000,Middle,0.07167
KS,200,1,contraction,0.59500,0.211913,0.20172813,133,0.66500,0.07000,0.07000,-2.22218906e-02,0.69414052,Middle,True,83,0.41500,Middle,0.00167
KS,200,2,contraction,0.66500,0.189691,0.21367265,74,0.37000,-0.29500,0.29500,-1.35865493e-02,0.79722994,Middle,False,74,0.37000,Middle,0.03667
KS,200,3,contraction,0.37000,0.176104,0.13652602,134,0.67000,0.30000,0.30000,-1.60067704e-02,0.67855928,Far,True,67,0.33500,Middle,0.00333
KS,200,4,contraction,0.67000,0.160097,0.20752432,133,0.66500,-0.00500,0.00500,-1.65197426e-02,0.75848620,Middle,False,133,0.66500,Middle,0.00167
KS,200,5,contraction,0.66500,0.143578,0.20214439,67,0.33500,-0.33000,0.33000,-8.97172200e-03,0.84923457,Middle,False,67,0.33500,Middle,0.00167
KS,200,6,contraction,0.33500,0.134606,0.11740146,134,0.67000,0.33500,0.33500,-1.79918240e-02,0.61759135,Far,True,67,0.33500,Middle,0.00333
KS,200,7,contraction,0.67000,0.116614,0.19665350,133,0.66500,-0.00500,0.00500,-1.56139355e-02,0.75895981,Middle,False,133,0.66500,Middle,0.00167
KS,200,8,contraction,0.66500,0.101000,0.19150002,67,0.33500,-0.33000,0.33000,-9.43458552e-04,0.98067414,Middle,False,67,0.33500,Middle,0.00167
KS,200,9,contraction,0.33500,0.100057,0.10876415,144,0.72000,0.38500,0.38500,-2.18956308e-02,0.52605147,Far,True,66,0.33000,Near,0.05333
KS,200,10,contraction,0.72000,0.078161,0.19954024,67,0.33500,-0.38500,0.38500,-3.99032044e-03,0.92593425,Middle,False,67,0.33500,Middle,0.00167
KS,200,11,contraction,0.33500,0.074171,0.10229266,133,0.66500,0.33000,0.33000,-9.92800048e-03,0.72034720,Middle,True,66,0.33000,Near,0.00167
KS,200,12,contraction,0.66500,0.064243,0.18231066,134,0.67000,0.00500,0.00500,-1.54305359e-02,0.74626866,Far,True,133,0.66500,Middle,0.00333
KS,200,13,rebound,0.67000,0.048812,0.17970303,67,0.33500,-0.33500,0.33500,7.58250694e-03,1.20521441,Middle,False,67,0.33500,Middle,0.00167
KS,200,14,contraction,0.33500,0.056395,0.09784866,163,0.81500,0.48000,0.48000,-2.24059585e-02,0.44937502,Far,True,66,0.33000,Near,0.14833
KS,200,15,rebound,0.81500,0.033989,0.21224717,66,0.33000,-0.48500,0.48500,1.83064607e-02,1.53489012,Near,False,66,0.33000,Near,0.00333
KS,200,16,contraction,0.33000,0.052295,0.09557378,133,0.66500,0.33500,0.33500,-1.26471249e-02,0.65388814,Middle,True,66,0.33000,Near,0.00167
KS,200,17,contraction,0.66500,0.039648,0.17616200,67,0.33500,-0.33000,0.33000,-1.08991968e-02,0.80161527,Middle,False,67,0.33500,Middle,0.00167
KS,200,18,contraction,0.33500,0.028749,0.09093720,133,0.66500,0.33000,0.33000,-1.18042355e-02,0.65823000,Middle,True,1,0.00500,Near,0.00167
KS,200,19,contraction,0.66500,0.016945,0.17048614,66,0.33000,-0.33500,0.33500,-7.63104606e-03,0.84693727,Near,False,66,0.33000,Near,0.00333
KS,200,20,contraction,0.33000,0.009314,0.08482838,184,0.92000,0.59000,0.59000,-2.82041655e-03,0.66622960,Far,True,1,0.00500,Near,0.25333
KS,200,21,rebound,0.92000,0.006493,0.23162328,133,0.66500,-0.25500,0.25500,3.56243175e-02,2.60112427,Middle,False,133,0.66500,Middle,0.00167
KS,200,22,rebound,0.66500,0.042117,0.17677936,67,0.33500,-0.33000,0.33000,1.75709443e-03,1.04140405,Middle,False,67,0.33500,Middle,0.00167
KS,200,23,contraction,0.33500,0.043875,0.09471863,134,0.67000,0.33500,0.33500,-2.44924589e-02,0.48905194,Far,True,67,0.33500,Middle,0.00333
KS,200,24,rebound,0.67000,0.019382,0.17234552,67,0.33500,-0.33500,0.33500,1.11478165e-03,1.02656038,Middle,False,67,0.33500,Middle,0.00167
KS,200,25,contraction,0.33500,0.020497,0.08887421,200,1.00000,0.66500,0.66500,-2.04968434e-02,0.49880590,Far,True,1,0.00500,Near,0.33333
KS,400,0,contraction,0.50000,0.250000,0.18750000,237,0.59250,0.09250,0.09250,-3.80875000e-02,0.55171399,Middle,True,183,0.45750,Middle,0.07417
KS,400,1,contraction,0.59250,0.211913,0.20110312,266,0.66500,0.07250,0.07250,-2.21687656e-02,0.69398986,Middle,True,166,0.41500,Middle,0.00167
KS,400,2,contraction,0.66500,0.189744,0.21368593,149,0.37250,-0.29250,0.29250,-1.39208403e-02,0.79328245,Middle,False,149,0.37250,Middle,0.03917
KS,400,3,contraction,0.37250,0.175823,0.13708072,267,0.66750,0.29500,0.29500,-1.53392572e-02,0.69026471,Far,True,134,0.33500,Middle,0.00083
KS,400,4,contraction,0.66750,0.160484,0.20699591,267,0.66750,0.00000,0.00000,-1.72065350e-02,0.75000000,Far,False,267,0.66750,Far,0.00083
KS,400,5,contraction,0.66750,0.143277,0.20269428,134,0.33500,-0.33250,0.33250,-8.51130780e-03,0.85619117,Middle,False,134,0.33500,Middle,0.00167
KS,400,6,contraction,0.33500,0.134766,0.11744145,267,0.66750,0.33250,0.33250,-1.80999743e-02,0.61803873,Far,True,133,0.33250,Near,0.00083
KS,400,7,contraction,0.66750,0.116666,0.19604145,273,0.68250,0.01500,0.01500,-1.60614102e-02,0.75248614,Far,True,266,0.66500,Middle,0.01583
KS,400,8,rebound,0.68250,0.100604,0.19577610,133,0.33250,-0.35000,0.35000,1.90303424e-03,1.04056031,Near,False,133,0.33250,Near,0.00083
KS,400,9,contraction,0.33250,0.102507,0.10875186,266,0.66500,0.33250,0.33250,-2.34575191e-02,0.53682901,Middle,True,133,0.33250,Near,0.00167
KS,400,10,contraction,0.66500,0.079050,0.18601248,134,0.33500,-0.33000,0.33000,-1.10539680e-02,0.80794775,Middle,False,134,0.33500,Middle,0.00167
KS,400,11,contraction,0.33500,0.067996,0.10074899,303,0.75750,0.42250,0.42250,-8.81579020e-03,0.68355235,Far,True,133,0.33250,Near,0.09083
KS,400,12,rebound,0.75750,0.059180,0.20417004,267,0.66750,-0.09000,0.09000,2.41392061e-03,1.04977055,Far,False,267,0.66750,Far,0.00083
KS,400,13,rebound,0.66750,0.061594,0.18227352,133,0.33250,-0.33500,0.33500,2.95657434e-03,1.06956992,Near,False,133,0.33250,Near,0.00083
KS,400,14,contraction,0.33250,0.064551,0.09926267,266,0.66500,0.33250,0.33250,-2.62787247e-02,0.48568279,Middle,True,133,0.33250,Near,0.00167
KS,400,15,contraction,0.66500,0.038272,0.17581798,134,0.33500,-0.33000,0.33000,-1.78173354e-03,0.96104328,Middle,False,134,0.33500,Middle,0.00167
KS,400,16,contraction,0.33500,0.036490,0.09287255,340,0.85000,0.51500,0.51500,-1.42987934e-02,0.52884403,Far,True,1,0.00250,Near,0.18333
KS,400,17,rebound,0.85000,0.022191,0.21804785,267,0.66750,-0.18250,0.18250,2.27485830e-02,1.71927501,Far,False,267,0.66750,Far,0.00083
KS,400,18,rebound,0.66750,0.044940,0.17811000,133,0.33250,-0.33500,0.33500,7.40948890e-03,1.20022024,Near,False,133,0.33250,Near,0.00083
KS,400,19,contraction,0.33250,0.052349,0.09621237,266,0.66500,0.33250,0.33250,-3.01778479e-02,0.44353080,Middle,True,133,0.33250,Near,0.00167
KS,400,20,rebound,0.66500,0.022172,0.17179291,133,0.33250,-0.33250,0.33250,3.75587801e-03,1.09609518,Near,False,133,0.33250,Near,0.00083
KS,400,21,contraction,0.33250,0.025928,0.08960688,378,0.94500,0.61250,0.61250,-2.29299992e-02,0.46684740,Far,True,1,0.00250,Near,0.27833
KS,400,22,rebound,0.94500,0.002998,0.23699938,267,0.66750,-0.27750,0.27750,4.77323587e-02,5.19833251,Far,False,267,0.66750,Far,0.00083
KS,400,23,rebound,0.66750,0.050730,0.17955747,134,0.33500,-0.33250,0.33250,5.39032236e-03,1.13646716,Middle,False,134,0.33500,Middle,0.00167
KS,400,24,contraction,0.33500,0.056120,0.09778005,267,0.66750,0.33250,0.33250,-2.84440034e-02,0.46205715,Far,True,133,0.33250,Near,0.00083
KS,400,25,rebound,0.66750,0.027676,0.17379405,133,0.33250,-0.33500,0.33500,2.12425304e-03,1.05153998,Near,False,133,0.33250,Near,0.00083
KS,400,26,contraction,0.33250,0.029800,0.09057511,266,0.66500,0.33250,0.33250,-2.39824225e-02,0.48564493,Middle,True,1,0.00250,Near,0.00167
KS,400,27,rebound,0.66500,0.005818,0.16770451,133,0.33250,-0.33250,0.33250,2.58658197e-03,1.06592583,Near,False,133,0.33250,Near,0.00083
KS,400,28,contraction,0.33250,0.008405,0.08522615,400,1.00000,0.66750,0.66750,-8.40460289e-03,0.47248149,Far,True,1,0.00250,Near,0.33333
