K,t,a_t,a_next,da,rebound,gate_open_t,B_t,in_churn_window
50,0,0.50000,0.58000,+0.08000,False,False,-0.250000,False
50,1,0.58000,0.64000,+0.06000,False,False,-0.155828,False
50,2,0.64000,0.44000,-0.20000,False,False,-0.083424,False
50,3,0.44000,0.72000,+0.28000,False,False,-0.276106,False
50,4,0.72000,0.54000,-0.18000,False,True,0.014458,False
50,5,0.54000,0.76000,+0.22000,False,False,-0.158683,False
50,6,0.76000,0.38000,-0.38000,True,True,0.069286,False
50,7,0.38000,0.80000,+0.42000,False,False,-0.310994,False
50,8,0.80000,0.62000,-0.18000,True,True,0.120005,False
50,9,0.62000,0.46000,-0.16000,False,False,-0.064770,False
50,10,0.46000,0.84000,+0.38000,False,False,-0.213207,False
50,11,0.84000,0.68000,-0.16000,True,True,0.173733,False
50,12,0.68000,0.34000,-0.34000,False,True,0.006445,False
50,13,0.34000,0.86000,+0.52000,False,False,-0.333323,False
50,14,0.86000,0.52000,-0.34000,True,True,0.204221,False
50,15,0.52000,0.74000,+0.22000,False,False,-0.155786,False
50,16,0.74000,0.40000,-0.34000,True,True,0.082632,False
50,17,0.40000,0.88000,+0.48000,False,False,-0.262534,False
50,18,0.88000,0.58000,-0.30000,True,True,0.235509,False
50,19,0.58000,0.30000,-0.28000,False,False,-0.089301,False
50,20,0.30000,0.78000,+0.48000,False,False,-0.353166,False
50,21,0.78000,0.48000,-0.30000,True,True,0.136930,False
50,22,0.48000,0.90000,+0.42000,False,False,-0.167855,False
50,23,0.90000,0.64000,-0.26000,True,True,0.265991,True
50,24,0.64000,0.36000,-0.28000,False,False,-0.022597,True
50,25,0.36000,0.82000,+0.46000,False,False,-0.296470,True
50,26,0.82000,0.54000,-0.28000,True,True,0.185600,True
50,27,0.54000,0.26000,-0.28000,False,False,-0.112516,True
50,28,0.26000,0.92000,+0.66000,False,False,-0.372381,True
50,29,0.92000,0.66000,-0.26000,True,True,0.295614,True
50,30,0.66000,0.44000,-0.22000,False,True,0.001902,True
50,31,0.44000,0.76000,+0.32000,False,False,-0.213338,True
50,32,0.76000,0.34000,-0.42000,True,True,0.128561,True
50,33,0.34000,0.86000,+0.52000,False,False,-0.299796,True
50,34,0.86000,0.56000,-0.30000,True,True,0.241564,True
50,35,0.56000,0.28000,-0.28000,False,False,-0.089421,True
50,36,0.28000,0.94000,+0.66000,False,False,-0.346748,True
50,37,0.94000,0.62000,-0.32000,True,True,0.326326,True
50,38,0.62000,0.42000,-0.20000,False,False,-0.038073,True
50,39,0.42000,0.74000,+0.32000,False,False,-0.226237,True
50,40,0.74000,0.32000,-0.42000,False,True,0.109828,True
50,41,0.32000,0.84000,+0.52000,False,False,-0.308345,True
50,42,0.84000,0.52000,-0.32000,True,True,0.225122,True
50,43,0.52000,0.70000,+0.18000,False,False,-0.120441,True
50,44,0.70000,0.24000,-0.46000,True,True,0.087521,True
50,45,0.24000,0.92000,+0.68000,False,False,-0.383809,True
50,46,0.92000,0.46000,-0.46000,True,True,0.313631,True
50,47,0.46000,0.64000,+0.18000,False,False,-0.189124,True
50,48,0.64000,0.34000,-0.30000,False,True,0.018110,True
50,49,0.34000,0.88000,+0.54000,False,False,-0.273692,True
50,50,0.88000,0.56000,-0.32000,True,True,0.276512,True
50,51,0.56000,0.26000,-0.30000,False,False,-0.071675,True
50,52,0.26000,0.80000,+0.54000,False,False,-0.352462,True
50,53,0.80000,0.42000,-0.38000,True,True,0.194308,True
50,54,0.42000,0.96000,+0.54000,False,False,-0.196234,True
50,55,0.96000,0.60000,-0.36000,True,True,0.362443,True
50,56,0.60000,0.36000,-0.24000,False,False,-0.051861,True
50,57,0.36000,0.74000,+0.38000,False,False,-0.275542,True
50,58,0.74000,0.50000,-0.24000,False,True,0.116613,True
50,59,0.50000,0.90000,+0.40000,False,False,-0.119946,True
50,60,0.90000,0.30000,-0.60000,True,True,0.297073,True
50,61,0.30000,0.68000,+0.38000,False,False,-0.344059,True
50,62,0.68000,0.44000,-0.24000,False,True,0.053157,True
50,63,0.44000,0.82000,+0.38000,False,False,-0.175886,True
50,64,0.82000,0.24000,-0.58000,True,True,0.218488,True
50,65,0.24000,0.62000,+0.38000,False,False,-0.382091,True
50,66,0.62000,0.94000,+0.32000,False,True,0.019722,True
50,67,0.94000,0.48000,-0.46000,True,True,0.346607,True
50,68,0.48000,0.72000,+0.24000,False,False,-0.168883,True
50,69,0.72000,0.34000,-0.38000,True,True,0.099394,True
50,70,0.34000,0.86000,+0.52000,False,False,-0.294207,True
50,71,0.86000,0.54000,-0.32000,True,True,0.261878,True
50,72,0.54000,0.26000,-0.28000,False,False,-0.098573,True
50,73,0.26000,0.78000,+0.52000,False,False,-0.357487,True
50,74,0.78000,0.42000,-0.36000,True,True,0.185763,True
50,75,0.42000,0.96000,+0.54000,False,False,-0.192902,True
50,76,0.96000,0.60000,-0.36000,True,True,0.373006,True
50,77,0.60000,0.32000,-0.28000,False,False,-0.049275,True
50,78,0.32000,0.70000,+0.38000,False,False,-0.313543,True
50,79,0.70000,0.46000,-0.24000,False,True,0.087201,True
50,80,0.46000,0.88000,+0.42000,False,False,-0.146470,True
50,81,0.88000,0.28000,-0.60000,True,True,0.286203,True
50,82,0.28000,0.66000,+0.38000,False,False,-0.348757,True
50,83,0.66000,0.40000,-0.26000,False,True,0.052032,True
50,84,0.40000,0.92000,+0.52000,False,False,-0.192515,True
50,85,0.92000,0.56000,-0.36000,True,True,0.335815,True
50,86,0.56000,0.22000,-0.34000,False,False,-0.072839,True
50,87,0.22000,0.80000,+0.58000,False,False,-0.392393,True
50,88,0.80000,0.48000,-0.32000,True,True,0.194722,True
50,89,0.48000,0.74000,+0.26000,False,False,-0.138174,True
50,90,0.74000,0.32000,-0.42000,True,True,0.151725,True
50,91,0.32000,0.96000,+0.64000,False,False,-0.291659,True
50,92,0.96000,0.58000,-0.38000,True,True,0.382054,True
50,93,0.58000,0.38000,-0.20000,False,False,-0.063623,True
50,94,0.38000,0.84000,+0.46000,False,False,-0.245516,True
50,95,0.84000,0.50000,-0.34000,True,True,0.235708,True
50,96,0.50000,0.22000,-0.28000,False,False,-0.129905,True
50,97,0.22000,0.72000,+0.50000,False,False,-0.387161,True
50,98,0.72000,0.34000,-0.38000,False,True,0.123648,True
50,99,0.34000,0.90000,+0.56000,False,False,-0.243315,True
50,100,0.90000,0.62000,-0.28000,True,True,0.322219,True
50,101,0.62000,0.42000,-0.20000,False,False,-0.006482,True
50,102,0.42000,0.78000,+0.36000,False,False,-0.191741,True
50,103,0.78000,0.26000,-0.52000,True,True,0.200097,True
50,104,0.26000,0.98000,+0.72000,False,False,-0.351642,True
50,105,0.98000,0.54000,-0.44000,True,True,0.406124,True
50,106,0.54000,0.68000,+0.14000,False,False,-0.112432,True
50,107,0.68000,0.36000,-0.32000,True,True,0.052574,True
50,108,0.36000,0.82000,+0.46000,False,False,-0.271607,True
50,109,0.82000,0.46000,-0.36000,True,True,0.219160,True
50,110,0.46000,0.20000,-0.26000,False,False,-0.168878,True
50,111,0.20000,0.88000,+0.68000,False,False,-0.399230,True
50,112,0.88000,0.60000,-0.28000,True,True,0.293631,True
50,113,0.60000,0.32000,-0.28000,False,False,-0.030542,True
50,114,0.32000,0.74000,+0.42000,False,False,-0.293259,True
50,115,0.74000,0.42000,-0.32000,True,True,0.152243,True
50,116,0.42000,0.94000,+0.52000,False,False,-0.173755,True
50,117,0.94000,0.52000,-0.42000,True,True,0.360677,True
50,118,0.52000,0.24000,-0.28000,False,False,-0.115343,True
50,119,0.24000,0.76000,+0.52000,False,False,-0.370906,True
50,120,0.76000,0.64000,-0.12000,True,True,0.162208,True
50,121,0.64000,0.34000,-0.30000,True,True,0.038292,True
50,122,0.34000,0.92000,+0.58000,False,False,-0.263476,True
50,123,0.92000,0.48000,-0.44000,True,True,0.346751,True
50,124,0.48000,0.70000,+0.22000,False,False,-0.150613,True
50,125,0.70000,0.26000,-0.44000,True,True,0.102348,True
50,126,0.26000,0.84000,+0.58000,False,False,-0.353672,True
50,127,0.84000,0.42000,-0.42000,True,True,0.260802,True
50,128,0.42000,0.58000,+0.16000,False,False,-0.200419,True
50,129,0.58000,0.16000,-0.42000,False,False,-0.000489,True
50,130,0.16000,0.98000,+0.82000,False,False,-0.416472,True
50,131,0.98000,0.54000,-0.44000,True,True,0.410414,True
50,132,0.54000,0.78000,+0.24000,False,False,-0.092183,True
50,133,0.78000,0.36000,-0.42000,True,True,0.165265,True
50,134,0.36000,0.66000,+0.30000,False,False,-0.277822,True
50,135,0.66000,0.24000,-0.42000,True,True,0.058364,True
50,136,0.24000,0.88000,+0.64000,False,False,-0.361740,True
50,137,0.88000,0.46000,-0.42000,True,True,0.293785,True
50,138,0.46000,0.72000,+0.26000,False,False,-0.167713,True
50,139,0.72000,0.30000,-0.42000,True,True,0.126839,True
50,140,0.30000,0.96000,+0.66000,False,False,-0.308774,True
50,141,0.96000,0.56000,-0.40000,True,True,0.385311,True
50,142,0.56000,0.40000,-0.16000,False,False,-0.085952,True
50,143,0.40000,0.80000,+0.40000,False,False,-0.222096,True
50,144,0.80000,0.26000,-0.54000,True,True,0.192477,True
50,145,0.26000,0.64000,+0.38000,False,False,-0.359240,True
50,146,0.64000,0.86000,+0.22000,False,True,0.037432,True
50,147,0.86000,0.44000,-0.42000,True,True,0.274606,True
50,148,0.44000,0.20000,-0.24000,False,False,-0.195585,True
50,149,0.20000,0.74000,+0.54000,False,False,-0.396533,True
50,150,0.74000,0.52000,-0.22000,True,True,0.157728,True
50,151,0.52000,0.94000,+0.42000,False,False,-0.072280,True
50,152,0.94000,0.36000,-0.58000,True,True,0.368539,True
50,153,0.36000,0.62000,+0.26000,False,False,-0.278783,True
50,154,0.62000,0.24000,-0.38000,False,True,0.009966,True
50,155,0.24000,0.82000,+0.58000,False,False,-0.354218,True
50,156,0.82000,0.48000,-0.34000,True,True,0.238048,True
50,157,0.48000,0.90000,+0.42000,False,False,-0.128233,True
50,158,0.90000,0.38000,-0.52000,True,True,0.329694,True
50,159,0.38000,0.68000,+0.30000,False,False,-0.252267,True
50,160,0.68000,0.22000,-0.46000,False,True,0.069538,True
50,161,0.22000,0.76000,+0.54000,False,False,-0.383991,True
50,162,0.76000,0.50000,-0.26000,True,True,0.189115,True
50,163,0.50000,0.14000,-0.36000,False,False,-0.098452,True
50,164,0.14000,0.98000,+0.84000,False,False,-0.426421,True
50,165,0.98000,0.58000,-0.40000,True,True,0.416561,True
50,166,0.58000,0.34000,-0.24000,False,False,-0.058260,True
50,167,0.34000,0.84000,+0.50000,False,False,-0.281256,True
50,168,0.84000,0.44000,-0.40000,True,True,0.241949,True
50,169,0.44000,0.70000,+0.26000,False,False,-0.186238,True
50,170,0.70000,0.26000,-0.44000,True,True,0.096833,True
50,171,0.26000,0.92000,+0.66000,False,False,-0.347247,True
50,172,0.92000,0.54000,-0.38000,True,True,0.343365,True
50,173,0.54000,0.36000,-0.18000,False,False,-0.098115,True
50,174,0.36000,0.78000,+0.42000,False,False,-0.248857,True
50,175,0.78000,0.62000,-0.16000,True,True,0.184168,True
50,176,0.62000,0.22000,-0.40000,True,True,0.015179,True
50,177,0.22000,0.88000,+0.66000,False,False,-0.385505,True
50,178,0.88000,0.46000,-0.42000,True,True,0.314278,True
50,179,0.46000,0.68000,+0.22000,False,False,-0.167176,True
50,180,0.68000,0.30000,-0.38000,True,True,0.094796,True
50,181,0.30000,0.96000,+0.66000,False,False,-0.301299,True
50,182,0.96000,0.52000,-0.44000,True,True,0.398057,True
50,183,0.52000,0.74000,+0.22000,False,False,-0.117278,True
50,184,0.74000,0.36000,-0.38000,True,True,0.130803,True
50,185,0.36000,0.82000,+0.46000,False,False,-0.269052,True
50,186,0.82000,0.44000,-0.38000,True,True,0.235622,True
50,187,0.44000,0.18000,-0.26000,False,False,-0.183632,True
50,188,0.18000,0.64000,+0.46000,False,False,-0.413659,True
50,189,0.64000,0.94000,+0.30000,False,True,0.070267,True
50,190,0.94000,0.50000,-0.44000,True,True,0.380712,True
50,191,0.50000,0.28000,-0.22000,False,False,-0.133635,True
50,192,0.28000,0.76000,+0.48000,False,False,-0.328655,True
50,193,0.76000,0.58000,-0.18000,True,True,0.171071,True
50,194,0.58000,0.20000,-0.38000,False,False,-0.014559,True
50,195,0.20000,0.86000,+0.66000,False,False,-0.386105,True
50,196,0.86000,0.40000,-0.46000,True,True,0.296777,True
50,197,0.40000,0.70000,+0.30000,False,False,-0.214306,True
50,198,0.70000,0.26000,-0.44000,True,True,0.132415,True
50,199,0.26000,0.98000,+0.72000,False,False,-0.322768,True
50,200,0.98000,0.54000,-0.44000,True,True,0.423785,True
50,201,0.54000,0.36000,-0.18000,False,False,-0.100267,True
50,202,0.36000,0.80000,+0.44000,False,False,-0.250510,True
50,203,0.80000,0.62000,-0.18000,True,True,0.200921,True
50,204,0.62000,0.24000,-0.38000,False,True,0.007264,True
50,205,0.24000,0.90000,+0.66000,False,False,-0.367594,True
50,206,0.90000,0.46000,-0.44000,True,True,0.320773,True
50,207,0.46000,0.72000,+0.26000,False,False,-0.176006,True
50,208,0.72000,0.32000,-0.40000,True,True,0.117478,True
50,209,0.32000,0.84000,+0.52000,False,False,-0.295602,True
50,210,0.84000,0.52000,-0.32000,True,True,0.270706,True
50,211,0.52000,0.20000,-0.32000,False,False,-0.101920,True
50,212,0.20000,0.66000,+0.46000,False,False,-0.396468,True
50,213,0.66000,0.96000,+0.30000,False,True,0.102372,True
50,214,0.96000,0.42000,-0.54000,True,True,0.405162,True
50,215,0.42000,0.60000,+0.18000,False,False,-0.223756,True
50,216,0.60000,0.26000,-0.34000,False,False,-0.006813,True
50,217,0.26000,0.78000,+0.52000,False,False,-0.338924,True
50,218,0.78000,0.36000,-0.42000,True,True,0.198976,True
50,219,0.36000,0.92000,+0.56000,False,False,-0.231518,True
50,220,0.92000,0.54000,-0.38000,True,True,0.353056,True
50,221,0.54000,0.22000,-0.32000,False,False,-0.090421,True
50,222,0.22000,0.74000,+0.52000,False,False,-0.381933,True
50,223,0.74000,0.44000,-0.30000,True,True,0.148908,True
50,224,0.44000,0.88000,+0.44000,False,False,-0.155346,True
50,225,0.88000,0.32000,-0.56000,True,True,0.315516,True
50,226,0.32000,0.64000,+0.32000,False,False,-0.298636,True
50,227,0.64000,0.16000,-0.48000,False,True,0.043177,True
50,228,0.16000,0.82000,+0.66000,False,False,-0.418417,True
50,229,0.82000,0.48000,-0.34000,True,True,0.267177,True
50,230,0.48000,0.24000,-0.24000,False,False,-0.126427,True
50,231,0.24000,0.98000,+0.74000,False,False,-0.314308,True
50,232,0.98000,0.58000,-0.40000,True,True,0.431334,True
50,233,0.58000,0.70000,+0.12000,False,False,-0.056382,True
50,234,0.70000,0.36000,-0.34000,True,True,0.086674,True
50,235,0.36000,0.86000,+0.50000,False,False,-0.266018,True
50,236,0.86000,0.46000,-0.40000,True,True,0.280046,True
50,237,0.46000,0.20000,-0.26000,False,False,-0.169820,True
50,238,0.20000,0.76000,+0.56000,False,False,-0.396807,True
50,239,0.76000,0.54000,-0.22000,True,True,0.177594,True
50,240,0.54000,0.28000,-0.26000,False,False,-0.053730,True
50,241,0.28000,0.94000,+0.66000,False,False,-0.289485,True
50,242,0.94000,0.62000,-0.32000,True,True,0.382154,True
50,243,0.62000,0.38000,-0.24000,False,False,-0.002172,True
50,244,0.38000,0.80000,+0.42000,False,False,-0.231856,True
50,245,0.80000,0.24000,-0.56000,True,True,0.220586,True
50,246,0.24000,0.68000,+0.44000,False,False,-0.367182,True
50,247,0.68000,0.44000,-0.24000,True,True,0.104343,True
50,248,0.44000,0.90000,+0.46000,False,False,-0.137305,True
50,249,0.90000,0.32000,-0.58000,True,True,0.351746,True
50,250,0.32000,0.58000,+0.26000,False,False,-0.294056,True
50,251,0.58000,0.12000,-0.46000,False,False,-0.000498,True
50,252,0.12000,0.98000,+0.86000,False,False,-0.444334,True
50,253,0.98000,0.50000,-0.48000,True,True,0.437104,True
50,254,0.50000,0.74000,+0.24000,False,False,-0.134703,True
50,255,0.74000,0.36000,-0.38000,True,True,0.123184,True
50,256,0.36000,0.84000,+0.48000,False,False,-0.264567,True
50,257,0.84000,0.54000,-0.30000,True,True,0.247652,True
50,258,0.54000,0.24000,-0.30000,False,False,-0.086724,True
50,259,0.24000,0.70000,+0.46000,False,False,-0.370025,True
50,260,0.70000,0.40000,-0.30000,False,True,0.120392,True
50,261,0.40000,0.92000,+0.52000,False,False,-0.177203,True
50,262,0.92000,0.60000,-0.32000,True,True,0.359018,True
50,263,0.60000,0.28000,-0.32000,False,False,-0.018999,True
50,264,0.28000,0.78000,+0.50000,False,False,-0.331478,True
50,265,0.78000,0.46000,-0.32000,True,True,0.201384,True
50,266,0.46000,0.14000,-0.32000,False,False,-0.143763,True
50,267,0.14000,0.88000,+0.74000,False,False,-0.431979,True
50,268,0.88000,0.56000,-0.32000,True,True,0.330090,True
50,269,0.56000,0.32000,-0.24000,False,False,-0.049527,True
50,270,0.32000,0.96000,+0.64000,False,False,-0.271189,True
50,271,0.96000,0.66000,-0.30000,True,True,0.415687,True
50,272,0.66000,0.42000,-0.24000,False,True,0.025344,True
50,273,0.42000,0.76000,+0.34000,False,False,-0.210609,True
50,274,0.76000,0.26000,-0.50000,True,True,0.163620,True
50,275,0.26000,0.52000,+0.26000,False,False,-0.359818,True
50,276,0.52000,0.84000,+0.32000,False,False,-0.057070,True
50,277,0.84000,0.36000,-0.48000,True,True,0.278820,True
50,278,0.36000,0.68000,+0.32000,False,False,-0.247512,True
50,279,0.68000,0.18000,-0.50000,True,True,0.116849,True
50,280,0.18000,0.94000,+0.76000,False,False,-0.402805,True
50,281,0.94000,0.48000,-0.46000,True,True,0.403156,True
50,282,0.48000,0.62000,+0.14000,False,False,-0.149528,True
50,283,0.62000,0.28000,-0.34000,False,True,0.026590,True
50,284,0.28000,0.82000,+0.54000,False,False,-0.311567,True
50,285,0.82000,0.40000,-0.42000,True,True,0.259602,True
50,286,0.40000,0.10000,-0.30000,False,False,-0.195706,True
50,287,0.10000,0.90000,+0.80000,False,False,-0.451176,True
50,288,0.90000,0.56000,-0.34000,True,True,0.367856,True
50,289,0.56000,0.24000,-0.32000,False,False,-0.058053,True
50,290,0.24000,0.72000,+0.48000,False,False,-0.349856,True
50,291,0.72000,0.44000,-0.28000,False,True,0.147007,True
50,292,0.44000,0.98000,+0.54000,False,False,-0.130768,True
50,293,0.98000,0.60000,-0.38000,True,True,0.451695,True
50,294,0.60000,0.32000,-0.28000,False,False,-0.030329,True
50,295,0.32000,0.78000,+0.46000,False,False,-0.301988,True
50,296,0.78000,0.48000,-0.30000,True,True,0.183836,True
50,297,0.48000,0.18000,-0.30000,False,False,-0.130258,True
50,298,0.18000,0.86000,+0.68000,False,False,-0.405217,True
50,299,0.86000,0.64000,-0.22000,True,True,0.291518,True
50,300,0.64000,0.36000,-0.28000,True,True,0.030899,True
50,301,0.36000,0.10000,-0.26000,False,False,-0.249628,True
50,302,0.10000,0.92000,+0.82000,False,False,-0.450693,True
50,303,0.92000,0.52000,-0.40000,True,True,0.377920,True
50,304,0.52000,0.70000,+0.18000,False,False,-0.105670,True
50,305,0.70000,0.28000,-0.42000,True,True,0.103346,True
50,306,0.28000,0.80000,+0.52000,False,False,-0.332136,True
50,307,0.80000,0.42000,-0.38000,True,True,0.241047,True
50,308,0.42000,0.14000,-0.28000,False,False,-0.188359,True
50,309,0.14000,0.96000,+0.82000,False,False,-0.420171,True
50,310,0.96000,0.58000,-0.38000,True,True,0.437148,True
50,311,0.58000,0.34000,-0.24000,False,False,-0.055190,True
50,312,0.34000,0.74000,+0.40000,False,False,-0.271209,True
50,313,0.74000,0.48000,-0.26000,True,True,0.149392,True
50,314,0.48000,0.18000,-0.30000,False,False,-0.113693,True
50,315,0.18000,0.88000,+0.70000,False,False,-0.386517,True
50,316,0.88000,0.62000,-0.26000,True,True,0.324043,True
50,317,0.62000,0.30000,-0.32000,False,True,0.013962,True
50,318,0.30000,0.82000,+0.52000,False,False,-0.299557,True
50,319,0.82000,0.44000,-0.38000,True,True,0.272069,True
50,320,0.44000,0.12000,-0.32000,False,False,-0.164131,True
50,321,0.12000,0.68000,+0.56000,False,False,-0.440572,True
50,322,0.68000,0.24000,-0.44000,True,True,0.161251,True
50,323,0.24000,1.00000,+0.76000,False,False,-0.288288,True
100,0,0.50000,0.58000,+0.08000,False,False,-0.250000,False
100,1,0.58000,0.64000,+0.06000,False,False,-0.155828,False
100,2,0.64000,0.43000,-0.21000,False,False,-0.083424,False
100,3,0.43000,0.71000,+0.28000,False,False,-0.286129,False
100,4,0.71000,0.54000,-0.17000,False,True,0.004307,False
100,5,0.54000,0.76000,+0.22000,False,False,-0.157812,False
100,6,0.76000,0.38000,-0.38000,False,True,0.069097,False
100,7,0.38000,0.80000,+0.42000,False,False,-0.309991,False
100,8,0.80000,0.61000,-0.19000,True,True,0.119849,False
100,9,0.61000,0.46000,-0.15000,False,False,-0.074281,False
100,10,0.46000,0.83000,+0.37000,False,False,-0.211505,False
100,11,0.83000,0.68000,-0.15000,True,True,0.163486,False
100,12,0.68000,0.34000,-0.34000,False,True,0.008433,False
100,13,0.34000,0.86000,+0.52000,False,False,-0.331422,False
100,14,0.86000,0.52000,-0.34000,True,True,0.204000,False
100,15,0.52000,0.74000,+0.22000,False,False,-0.154113,False
100,16,0.74000,0.40000,-0.34000,True,True,0.083723,False
100,17,0.40000,0.88000,+0.48000,False,False,-0.261218,False
100,18,0.88000,0.58000,-0.30000,True,True,0.235307,False
100,19,0.58000,0.30000,-0.28000,False,False,-0.088157,False
100,20,0.30000,0.79000,+0.49000,False,False,-0.352429,False
100,21,0.79000,0.48000,-0.31000,True,True,0.147879,False
100,22,0.48000,0.90000,+0.42000,False,False,-0.168674,False
100,23,0.90000,0.63000,-0.27000,True,True,0.265855,True
100,24,0.63000,0.37000,-0.26000,False,False,-0.033456,True
100,25,0.37000,0.72000,+0.35000,False,False,-0.285634,True
100,26,0.72000,0.27000,-0.45000,False,True,0.085195,True
100,27,0.27000,0.91000,+0.64000,False,False,-0.362534,True
100,28,0.91000,0.54000,-0.37000,True,True,0.284078,True
100,29,0.54000,0.77000,+0.23000,False,False,-0.119387,True
100,30,0.77000,0.42000,-0.35000,True,True,0.133924,True
100,31,0.42000,0.84000,+0.42000,False,False,-0.232706,True
100,32,0.84000,0.50000,-0.34000,True,True,0.216360,True
100,33,0.50000,0.29000,-0.21000,False,False,-0.150240,True
100,34,0.29000,0.93000,+0.64000,False,False,-0.337726,True
100,35,0.93000,0.64000,-0.29000,True,True,0.313349,True
100,36,0.64000,0.39000,-0.25000,False,False,-0.019054,True
100,37,0.39000,0.73000,+0.34000,False,False,-0.254743,True
100,38,0.73000,0.56000,-0.17000,False,True,0.101777,True
100,39,0.56000,0.23000,-0.33000,False,False,-0.065598,True
100,40,0.23000,0.89000,+0.66000,False,False,-0.385287,True
100,41,0.89000,0.46000,-0.43000,True,True,0.278534,True
100,42,0.46000,0.81000,+0.35000,False,False,-0.175932,True
100,43,0.81000,0.34000,-0.47000,True,True,0.192749,True
100,44,0.34000,0.67000,+0.33000,False,False,-0.295778,True
100,45,0.67000,0.94000,+0.27000,False,True,0.053495,True
100,46,0.94000,0.51000,-0.43000,True,True,0.334488,True
100,47,0.51000,0.29000,-0.22000,False,False,-0.149421,True
100,48,0.29000,0.75000,+0.46000,False,False,-0.344236,True
100,49,0.75000,0.59000,-0.16000,True,True,0.127758,True
100,50,0.59000,0.22000,-0.37000,False,False,-0.034061,True
100,51,0.22000,0.87000,+0.65000,False,False,-0.389650,True
100,52,0.87000,0.43000,-0.44000,True,True,0.267346,True
100,53,0.43000,0.70000,+0.27000,False,False,-0.205225,True
100,54,0.70000,0.33000,-0.37000,True,True,0.094365,True
100,55,0.33000,0.95000,+0.62000,False,False,-0.277435,True
100,56,0.95000,0.54000,-0.41000,True,True,0.351503,True
100,57,0.54000,0.78000,+0.24000,False,False,-0.106450,True
100,58,0.78000,0.39000,-0.39000,True,True,0.157912,True
100,59,0.39000,0.63000,+0.24000,False,False,-0.253158,True
100,60,0.63000,0.23000,-0.40000,False,True,0.018477,True
100,61,0.23000,0.92000,+0.69000,False,False,-0.378258,True
100,62,0.92000,0.49000,-0.43000,True,True,0.321740,True
100,63,0.49000,0.73000,+0.24000,False,False,-0.148682,True
100,64,0.73000,0.32000,-0.41000,True,True,0.115077,True
100,65,0.32000,0.84000,+0.52000,False,False,-0.305152,True
100,66,0.84000,0.56000,-0.28000,True,True,0.238373,True
100,67,0.56000,0.26000,-0.30000,False,False,-0.070401,True
100,68,0.26000,0.96000,+0.70000,False,False,-0.350619,True
100,69,0.96000,0.46000,-0.50000,True,True,0.369078,True
100,70,0.46000,0.68000,+0.22000,False,False,-0.188220,True
100,71,0.68000,0.36000,-0.32000,False,True,0.048276,True
100,72,0.36000,0.81000,+0.45000,False,False,-0.260863,True
100,73,0.81000,0.59000,-0.22000,True,True,0.200378,True
100,74,0.59000,0.23000,-0.36000,False,False,-0.032829,True
100,75,0.23000,0.89000,+0.66000,False,False,-0.382928,True
100,76,0.89000,0.48000,-0.41000,True,True,0.294712,True
100,77,0.48000,0.72000,+0.24000,False,False,-0.155635,True
100,78,0.72000,0.32000,-0.40000,True,True,0.111507,True
100,79,0.32000,0.94000,+0.62000,False,False,-0.300461,True
100,80,0.94000,0.54000,-0.40000,True,True,0.354660,True
100,81,0.54000,0.65000,+0.11000,False,False,-0.106506,True
100,82,0.65000,0.27000,-0.38000,True,True,0.029330,True
100,83,0.27000,0.83000,+0.56000,False,False,-0.353630,True
100,84,0.83000,0.42000,-0.41000,True,True,0.229985,True
100,85,0.42000,0.76000,+0.34000,False,False,-0.209607,True
100,86,0.76000,0.34000,-0.42000,True,True,0.166029,True
100,87,0.34000,0.97000,+0.63000,False,False,-0.273507,True
100,88,0.97000,0.57000,-0.40000,True,True,0.387784,True
100,89,0.57000,0.46000,-0.11000,False,False,-0.082660,True
100,90,0.46000,0.79000,+0.33000,False,False,-0.168856,True
100,91,0.79000,0.28000,-0.51000,True,True,0.179774,True
100,92,0.28000,0.67000,+0.39000,False,False,-0.350418,True
100,93,0.67000,0.88000,+0.21000,False,True,0.064591,True
100,94,0.88000,0.40000,-0.48000,True,True,0.285514,True
100,95,0.40000,0.60000,+0.20000,False,False,-0.245819,True
100,96,0.60000,0.21000,-0.39000,False,False,-0.012198,True
100,97,0.21000,0.91000,+0.70000,False,False,-0.393859,True
100,98,0.91000,0.50000,-0.41000,True,True,0.325647,True
100,99,0.50000,0.73000,+0.23000,False,False,-0.134697,True
100,100,0.73000,0.33000,-0.40000,True,True,0.120165,True
100,101,0.33000,0.85000,+0.52000,False,False,-0.293849,True
100,102,0.85000,0.45000,-0.40000,True,True,0.268034,True
100,103,0.45000,0.64000,+0.19000,False,False,-0.177145,True
100,104,0.64000,0.22000,-0.42000,True,True,0.045160,True
100,105,0.22000,0.97000,+0.75000,False,False,-0.379515,True
100,106,0.97000,0.54000,-0.43000,True,True,0.393837,True
100,107,0.54000,0.75000,+0.21000,False,False,-0.100972,True
100,108,0.75000,0.36000,-0.39000,True,True,0.132684,True
100,109,0.36000,0.81000,+0.45000,False,False,-0.277413,True
100,110,0.81000,0.47000,-0.34000,True,True,0.215077,True
100,111,0.47000,0.24000,-0.23000,False,False,-0.158534,True
100,112,0.24000,0.93000,+0.69000,False,False,-0.360143,True
100,113,0.93000,0.61000,-0.32000,True,True,0.347867,True
100,114,0.61000,0.39000,-0.22000,False,False,-0.030793,True
100,115,0.39000,0.71000,+0.32000,False,False,-0.232851,True
100,116,0.71000,0.27000,-0.44000,True,True,0.109792,True
100,117,0.27000,0.87000,+0.60000,False,False,-0.331402,True
100,118,0.87000,0.52000,-0.35000,True,True,0.287747,True
100,119,0.52000,0.18000,-0.34000,False,False,-0.106054,True
100,120,0.18000,0.78000,+0.60000,False,False,-0.412095,True
100,121,0.78000,0.43000,-0.35000,True,True,0.200496,True
100,122,0.43000,0.96000,+0.53000,False,False,-0.173139,True
100,123,0.96000,0.58000,-0.38000,True,True,0.388196,True
100,124,0.58000,0.32000,-0.26000,False,False,-0.063570,True
100,125,0.32000,0.69000,+0.37000,False,False,-0.307119,True
100,126,0.69000,0.22000,-0.47000,False,True,0.085455,True
100,127,0.22000,0.84000,+0.62000,False,False,-0.374667,True
100,128,0.84000,0.48000,-0.36000,True,True,0.255026,True
100,129,0.48000,0.65000,+0.17000,False,False,-0.141098,True
100,130,0.65000,0.27000,-0.38000,True,True,0.071544,True
100,131,0.27000,0.92000,+0.65000,False,False,-0.317156,True
100,132,0.92000,0.42000,-0.50000,True,True,0.350463,True
100,133,0.42000,0.74000,+0.32000,False,False,-0.202883,True
100,134,0.74000,0.34000,-0.40000,True,True,0.144162,True
100,135,0.34000,0.98000,+0.64000,False,False,-0.264452,True
100,136,0.98000,0.56000,-0.42000,True,True,0.411323,True
100,137,0.56000,0.67000,+0.11000,False,False,-0.091547,True
100,138,0.67000,0.29000,-0.38000,True,True,0.046011,True
100,139,0.29000,0.82000,+0.53000,False,False,-0.339122,True
100,140,0.82000,0.46000,-0.36000,True,True,0.214238,True
100,141,0.46000,0.19000,-0.27000,False,False,-0.172237,True
100,142,0.19000,0.89000,+0.70000,False,False,-0.404625,True
100,143,0.89000,0.59000,-0.30000,True,True,0.299756,True
100,144,0.59000,0.37000,-0.22000,False,False,-0.044375,True
100,145,0.37000,0.77000,+0.40000,False,False,-0.245856,True
100,146,0.77000,0.26000,-0.51000,True,True,0.174438,True
100,147,0.26000,0.70000,+0.44000,False,False,-0.343876,True
100,148,0.70000,0.49000,-0.21000,True,True,0.124790,True
100,149,0.49000,0.95000,+0.46000,False,False,-0.091231,True
100,150,0.95000,0.40000,-0.55000,True,True,0.378425,True
100,151,0.40000,0.63000,+0.23000,False,False,-0.231955,True
100,152,0.63000,0.21000,-0.42000,False,True,0.027698,True
100,153,0.21000,0.86000,+0.65000,False,False,-0.387622,True
100,154,0.86000,0.53000,-0.33000,True,True,0.272123,True
100,155,0.53000,0.31000,-0.22000,False,False,-0.088390,True
100,156,0.31000,0.80000,+0.49000,False,False,-0.281558,True
100,157,0.80000,0.44000,-0.36000,True,True,0.223187,True
100,158,0.44000,0.98000,+0.54000,False,False,-0.151540,True
100,159,0.98000,0.60000,-0.38000,True,True,0.415504,True
100,160,0.60000,0.34000,-0.26000,False,False,-0.043421,True
100,161,0.34000,0.73000,+0.39000,False,False,-0.289114,True
100,162,0.73000,0.23000,-0.50000,False,True,0.117855,True
100,163,0.23000,0.88000,+0.65000,False,False,-0.379440,True
100,164,0.88000,0.50000,-0.38000,True,True,0.286982,True
100,165,0.50000,0.67000,+0.17000,False,False,-0.138424,True
100,166,0.67000,0.30000,-0.37000,True,True,0.060968,True
100,167,0.30000,0.91000,+0.61000,False,False,-0.311013,True
100,168,0.91000,0.46000,-0.45000,True,True,0.329232,True
100,169,0.46000,0.76000,+0.30000,False,False,-0.174767,True
100,170,0.76000,0.37000,-0.39000,True,True,0.151885,True
100,171,0.37000,0.62000,+0.25000,False,False,-0.253569,True
100,172,0.62000,0.18000,-0.44000,False,True,0.030151,True
100,173,0.18000,0.94000,+0.76000,False,False,-0.408598,True
100,174,0.94000,0.54000,-0.40000,True,True,0.370360,True
100,175,0.54000,0.79000,+0.25000,False,False,-0.091407,True
100,176,0.79000,0.33000,-0.46000,True,True,0.185114,True
100,177,0.33000,0.69000,+0.36000,False,False,-0.305614,True
100,178,0.69000,0.42000,-0.27000,True,True,0.093966,True
100,179,0.42000,0.85000,+0.43000,False,False,-0.182156,True
100,180,0.85000,0.25000,-0.60000,True,True,0.281172,True
100,181,0.25000,0.58000,+0.33000,False,False,-0.367432,True
100,182,0.58000,0.97000,+0.39000,False,False,-0.006367,True
100,183,0.97000,0.47000,-0.50000,True,True,0.408641,True
100,184,0.47000,0.72000,+0.25000,False,False,-0.173585,True
100,185,0.72000,0.31000,-0.41000,True,True,0.103929,True
100,186,0.31000,0.82000,+0.51000,False,False,-0.317924,True
100,187,0.82000,0.52000,-0.30000,True,True,0.229092,True
100,188,0.52000,0.21000,-0.31000,False,False,-0.105705,True
100,189,0.21000,0.90000,+0.69000,False,False,-0.392303,True
100,190,0.90000,0.61000,-0.29000,True,True,0.325360,True
100,191,0.61000,0.38000,-0.23000,False,False,-0.021721,True
100,192,0.38000,0.75000,+0.37000,False,False,-0.242574,True
100,193,0.75000,0.27000,-0.48000,True,True,0.166426,True
100,194,0.27000,0.93000,+0.66000,False,False,-0.334596,True
100,195,0.93000,0.49000,-0.44000,True,True,0.370282,True
100,196,0.49000,0.66000,+0.17000,False,False,-0.149361,True
100,197,0.66000,0.32000,-0.34000,False,True,0.049434,True
100,198,0.32000,0.83000,+0.51000,False,False,-0.288819,True
100,199,0.83000,0.44000,-0.39000,True,True,0.257039,True
100,200,0.44000,0.16000,-0.28000,False,False,-0.173051,True
100,201,0.16000,0.98000,+0.82000,False,False,-0.419120,True
100,202,0.98000,0.58000,-0.40000,True,True,0.424410,True
100,203,0.58000,0.70000,+0.12000,False,False,-0.065360,True
100,204,0.70000,0.36000,-0.34000,True,True,0.077096,True
100,205,0.36000,0.79000,+0.43000,False,False,-0.271739,True
100,206,0.79000,0.47000,-0.32000,True,True,0.194200,True
100,207,0.47000,0.22000,-0.25000,False,False,-0.150701,True
100,208,0.22000,0.88000,+0.66000,False,False,-0.374182,True
100,209,0.88000,0.55000,-0.33000,True,True,0.301241,True
100,210,0.55000,0.30000,-0.25000,False,False,-0.071747,True
100,211,0.30000,0.74000,+0.44000,False,False,-0.295844,True
100,212,0.74000,0.15000,-0.59000,True,True,0.165726,True
100,213,0.15000,0.95000,+0.80000,False,False,-0.426330,True
100,214,0.95000,0.50000,-0.45000,True,True,0.387524,True
100,215,0.50000,0.64000,+0.14000,False,False,-0.140610,True
100,216,0.64000,0.34000,-0.30000,False,True,0.025104,True
100,217,0.34000,0.84000,+0.50000,False,False,-0.269362,True
100,218,0.84000,0.42000,-0.42000,True,True,0.256309,True
100,219,0.42000,0.71000,+0.29000,False,False,-0.194887,True
100,220,0.71000,0.23000,-0.48000,True,True,0.129071,True
100,221,0.23000,0.92000,+0.69000,False,False,-0.370009,True
100,222,0.92000,0.53000,-0.39000,True,True,0.360043,True
100,223,0.53000,0.31000,-0.22000,False,False,-0.102720,True
100,224,0.31000,0.77000,+0.46000,False,False,-0.291569,True
100,225,0.77000,0.59000,-0.18000,True,True,0.187439,True
100,226,0.59000,0.18000,-0.41000,False,False,-0.004839,True
100,227,0.18000,0.99000,+0.81000,False,False,-0.408849,True
100,228,0.99000,0.45000,-0.54000,True,True,0.436720,True
100,229,0.45000,0.68000,+0.23000,False,False,-0.193831,True
100,230,0.68000,0.35000,-0.33000,False,True,0.060803,True
100,231,0.35000,0.86000,+0.51000,False,False,-0.265254,True
100,232,0.86000,0.54000,-0.32000,True,True,0.261055,True
100,233,0.54000,0.25000,-0.29000,False,False,-0.087939,True
100,234,0.25000,0.80000,+0.55000,False,False,-0.357211,True
100,235,0.80000,0.42000,-0.38000,True,True,0.207959,True
100,236,0.42000,0.72000,+0.30000,False,False,-0.188687,True
100,237,0.72000,0.19000,-0.53000,True,True,0.144379,True
100,238,0.19000,0.91000,+0.72000,False,False,-0.401913,True
100,239,0.91000,0.50000,-0.41000,True,True,0.340969,True
100,240,0.50000,0.63000,+0.13000,False,False,-0.132279,True
100,241,0.63000,0.30000,-0.33000,True,True,0.030284,True
100,242,0.30000,0.96000,+0.66000,False,False,-0.301186,True
100,243,0.96000,0.56000,-0.40000,True,True,0.395812,True
100,244,0.56000,0.37000,-0.19000,False,False,-0.074034,True
100,245,0.37000,0.78000,+0.41000,False,False,-0.244692,True
100,246,0.78000,0.23000,-0.55000,True,True,0.176944,True
100,247,0.23000,0.69000,+0.46000,False,False,-0.378519,True
100,248,0.69000,0.45000,-0.24000,False,True,0.102037,True
100,249,0.45000,0.89000,+0.44000,False,False,-0.134851,True
100,250,0.89000,0.33000,-0.56000,True,True,0.315498,True
100,251,0.33000,0.61000,+0.28000,False,False,-0.287400,True
100,252,0.61000,0.15000,-0.46000,False,True,0.022630,True
100,253,0.15000,0.83000,+0.68000,False,False,-0.423940,True
100,254,0.83000,0.48000,-0.35000,True,True,0.262059,True
100,255,0.48000,0.94000,+0.46000,False,False,-0.121668,True
100,256,0.94000,0.39000,-0.55000,True,True,0.384214,True
100,257,0.39000,0.67000,+0.28000,False,False,-0.246562,True
100,258,0.67000,0.25000,-0.42000,False,True,0.056032,True
100,259,0.25000,0.76000,+0.51000,False,False,-0.357905,True
100,260,0.76000,0.52000,-0.24000,True,True,0.177558,True
100,261,0.52000,0.17000,-0.35000,False,False,-0.079527,True
100,262,0.17000,0.98000,+0.81000,False,False,-0.403078,True
100,263,0.98000,0.58000,-0.40000,True,True,0.427739,True
100,264,0.58000,0.35000,-0.23000,False,False,-0.055616,True
100,265,0.35000,0.81000,+0.46000,False,False,-0.269719,True
100,266,0.81000,0.45000,-0.36000,True,True,0.206804,True
100,267,0.45000,0.71000,+0.26000,False,False,-0.168837,True
100,268,0.71000,0.24000,-0.47000,True,True,0.117654,True
100,269,0.24000,0.88000,+0.64000,False,False,-0.365483,True
100,270,0.88000,0.53000,-0.35000,True,True,0.300841,True
100,271,0.53000,0.31000,-0.22000,False,False,-0.095639,True
100,272,0.31000,0.85000,+0.54000,False,False,-0.288311,True
100,273,0.85000,0.62000,-0.23000,True,True,0.281371,True
100,274,0.62000,0.38000,-0.24000,False,True,0.005624,True
100,275,0.38000,0.13000,-0.25000,False,False,-0.225881,True
100,276,0.13000,0.93000,+0.80000,False,False,-0.435238,True
100,277,0.93000,0.56000,-0.37000,True,True,0.373445,True
100,278,0.56000,0.73000,+0.17000,False,False,-0.063884,True
100,279,0.73000,0.29000,-0.44000,True,True,0.128480,True
100,280,0.29000,0.47000,+0.18000,False,False,-0.331608,True
100,281,0.47000,0.97000,+0.50000,False,False,-0.097953,True
100,282,0.97000,0.65000,-0.32000,True,True,0.418355,True
100,283,0.65000,0.35000,-0.30000,False,True,0.017563,True
100,284,0.35000,0.79000,+0.44000,False,False,-0.278755,True
100,285,0.79000,0.44000,-0.35000,True,True,0.186087,True
100,286,0.44000,0.19000,-0.25000,False,False,-0.180519,True
100,287,0.19000,0.87000,+0.68000,False,False,-0.399162,True
100,288,0.87000,0.58000,-0.29000,True,True,0.291172,True
100,289,0.58000,0.30000,-0.28000,False,False,-0.043200,True
100,290,0.30000,0.75000,+0.45000,False,False,-0.299628,True
100,291,0.75000,0.49000,-0.26000,True,True,0.172855,True
100,292,0.49000,0.13000,-0.36000,False,False,-0.095313,True
100,293,0.13000,0.92000,+0.79000,False,False,-0.432565,True
100,294,0.92000,0.63000,-0.29000,True,True,0.366652,True
100,295,0.63000,0.36000,-0.27000,False,True,0.014613,True
100,296,0.36000,0.82000,+0.46000,False,False,-0.253173,True
100,297,0.82000,0.43000,-0.39000,True,True,0.251969,True
100,298,0.43000,0.20000,-0.23000,False,False,-0.180041,True
100,299,0.20000,0.99000,+0.79000,False,False,-0.373900,True
100,300,0.99000,0.59000,-0.40000,True,True,0.441097,True
100,301,0.59000,0.70000,+0.11000,False,False,-0.052594,True
100,302,0.70000,0.33000,-0.37000,True,True,0.076837,True
100,303,0.33000,0.78000,+0.45000,False,False,-0.300788,True
100,304,0.78000,0.47000,-0.31000,True,True,0.186509,True
100,305,0.47000,0.18000,-0.29000,False,False,-0.150609,True
100,306,0.18000,0.90000,+0.72000,False,False,-0.407845,True
100,307,0.90000,0.55000,-0.35000,True,True,0.321073,True
100,308,0.55000,0.29000,-0.26000,False,False,-0.077992,True
100,309,0.29000,0.73000,+0.44000,False,False,-0.312384,True
100,310,0.73000,0.40000,-0.33000,True,True,0.147744,True
100,311,0.40000,0.95000,+0.55000,False,False,-0.183025,True
100,312,0.95000,0.61000,-0.34000,True,True,0.384974,True
100,313,0.61000,0.26000,-0.35000,False,False,-0.022287,True
100,314,0.26000,0.83000,+0.57000,False,False,-0.358738,True
100,315,0.83000,0.49000,-0.34000,True,True,0.231740,True
100,316,0.49000,0.68000,+0.19000,False,False,-0.139907,True
100,317,0.68000,0.32000,-0.36000,True,True,0.084637,True
100,318,0.32000,0.88000,+0.56000,False,False,-0.286800,True
100,319,0.88000,0.44000,-0.44000,True,True,0.312253,True
100,320,0.44000,0.17000,-0.27000,False,False,-0.181386,True
100,321,0.17000,0.76000,+0.59000,False,False,-0.415331,True
100,322,0.76000,0.56000,-0.20000,True,True,0.184123,True
100,323,0.56000,0.24000,-0.32000,False,False,-0.029461,True
100,324,0.24000,0.96000,+0.72000,False,False,-0.327813,True
100,325,0.96000,0.63000,-0.33000,True,True,0.408179,True
100,326,0.63000,0.38000,-0.25000,False,True,0.004621,True
100,327,0.38000,0.80000,+0.42000,False,False,-0.240641,True
100,328,0.80000,0.47000,-0.33000,True,True,0.213766,True
100,329,0.47000,0.19000,-0.28000,False,False,-0.143412,True
100,330,0.19000,0.91000,+0.72000,False,False,-0.395058,True
100,331,0.91000,0.58000,-0.33000,True,True,0.346887,True
100,332,0.58000,0.31000,-0.27000,False,False,-0.044653,True
100,333,0.31000,0.72000,+0.41000,False,False,-0.297371,True
100,334,0.72000,0.41000,-0.31000,False,True,0.135895,True
100,335,0.41000,0.86000,+0.45000,False,False,-0.169211,True
100,336,0.86000,0.25000,-0.61000,True,True,0.305988,True
100,337,0.25000,0.65000,+0.40000,False,False,-0.355329,True
100,338,0.65000,0.13000,-0.52000,False,True,0.071308,True
100,339,0.13000,0.99000,+0.86000,False,False,-0.432998,True
100,340,0.99000,0.51000,-0.48000,True,True,0.443733,True
100,341,0.51000,0.75000,+0.24000,False,False,-0.136046,True
100,342,0.75000,0.36000,-0.39000,True,True,0.134585,True
100,343,0.36000,0.60000,+0.24000,False,False,-0.274848,True
100,344,0.60000,0.21000,-0.39000,False,True,0.005506,True
100,345,0.21000,0.84000,+0.63000,False,False,-0.374130,True
100,346,0.84000,0.45000,-0.39000,True,True,0.261617,True
100,347,0.45000,0.93000,+0.48000,False,False,-0.157817,True
100,348,0.93000,0.54000,-0.39000,True,True,0.359468,True
100,349,0.54000,0.29000,-0.25000,False,False,-0.096518,True
100,350,0.29000,0.71000,+0.42000,False,False,-0.327712,True
100,351,0.71000,0.39000,-0.32000,False,True,0.108997,True
100,352,0.39000,0.81000,+0.42000,False,False,-0.198929,True
100,353,0.81000,0.22000,-0.59000,True,True,0.237623,True
100,354,0.22000,0.63000,+0.41000,False,False,-0.379111,True
100,355,0.63000,0.94000,+0.31000,False,True,0.058474,True
100,356,0.94000,0.47000,-0.47000,True,True,0.384312,True
100,357,0.47000,0.31000,-0.16000,False,False,-0.168831,True
100,358,0.31000,0.77000,+0.46000,False,False,-0.292667,True
100,359,0.77000,0.56000,-0.21000,True,True,0.182166,True
100,360,0.56000,0.17000,-0.39000,False,False,-0.037893,True
100,361,0.17000,0.89000,+0.72000,False,False,-0.415703,True
100,362,0.89000,0.42000,-0.47000,True,True,0.327814,True
100,363,0.42000,0.68000,+0.26000,False,False,-0.199800,True
100,364,0.68000,0.26000,-0.42000,True,True,0.090775,True
100,365,0.26000,0.97000,+0.71000,False,False,-0.331025,True
100,366,0.97000,0.52000,-0.45000,True,True,0.419937,True
100,367,0.52000,0.73000,+0.21000,False,False,-0.119059,True
100,368,0.73000,0.35000,-0.38000,True,True,0.117544,True
100,369,0.35000,0.83000,+0.48000,False,False,-0.277908,True
100,370,0.83000,0.46000,-0.37000,True,True,0.240540,True
100,371,0.46000,0.20000,-0.26000,False,False,-0.166430,True
100,372,0.20000,0.65000,+0.45000,False,False,-0.395019,True
100,373,0.65000,0.90000,+0.25000,False,True,0.074126,True
100,374,0.90000,0.39000,-0.51000,True,True,0.339634,True
100,375,0.39000,0.59000,+0.20000,False,False,-0.239269,True
100,376,0.59000,0.16000,-0.43000,False,False,-0.004343,True
100,377,0.16000,0.79000,+0.63000,False,False,-0.420617,True
100,378,0.79000,0.31000,-0.48000,True,True,0.227778,True
100,379,0.31000,0.98000,+0.67000,False,False,-0.280826,True
100,380,0.98000,0.53000,-0.45000,True,True,0.434015,True
100,381,0.53000,0.70000,+0.17000,False,False,-0.113515,True
100,382,0.70000,0.36000,-0.34000,True,True,0.082183,True
100,383,0.36000,0.85000,+0.49000,False,False,-0.264247,True
100,384,0.85000,0.47000,-0.38000,True,True,0.260994,True
100,385,0.47000,0.22000,-0.25000,False,False,-0.159915,True
100,386,0.22000,0.75000,+0.53000,False,False,-0.379908,True
100,387,0.75000,0.58000,-0.17000,True,True,0.167445,True
100,388,0.58000,0.27000,-0.31000,False,False,-0.009263,True
100,389,0.27000,0.92000,+0.65000,False,False,-0.306424,True
100,390,0.92000,0.43000,-0.49000,True,True,0.359043,True
100,391,0.43000,0.67000,+0.24000,False,False,-0.188178,True
100,392,0.67000,0.18000,-0.49000,False,True,0.080944,True
100,393,0.18000,0.87000,+0.69000,False,False,-0.408276,True
100,394,0.87000,0.50000,-0.37000,True,True,0.308658,True
100,395,0.50000,0.32000,-0.18000,False,False,-0.119159,True
100,396,0.32000,0.78000,+0.46000,False,False,-0.264170,True
100,397,0.78000,0.60000,-0.18000,True,True,0.221550,True
100,398,0.60000,0.21000,-0.39000,True,True,0.023878,True
100,399,0.21000,0.96000,+0.75000,False,False,-0.370042,True
100,400,0.96000,0.44000,-0.52000,True,True,0.414910,True
100,401,0.44000,0.71000,+0.27000,False,False,-0.189651,True
100,402,0.71000,0.30000,-0.41000,True,True,0.110393,True
100,403,0.30000,0.82000,+0.52000,False,False,-0.306814,True
100,404,0.82000,0.53000,-0.29000,True,True,0.251810,True
100,405,0.53000,0.17000,-0.36000,False,False,-0.082762,True
100,406,0.17000,0.93000,+0.76000,False,False,-0.416920,True
100,407,0.93000,0.41000,-0.52000,True,True,0.384378,True
100,408,0.41000,0.65000,+0.24000,False,False,-0.220964,True
100,409,0.65000,0.26000,-0.39000,False,True,0.042393,True
100,410,0.26000,0.76000,+0.50000,False,False,-0.332236,True
100,411,0.76000,0.48000,-0.28000,True,True,0.195235,True
100,412,0.48000,0.11000,-0.37000,False,False,-0.105317,True
100,413,0.11000,0.99000,+0.88000,False,False,-0.444024,True
100,414,0.99000,0.58000,-0.41000,True,True,0.449110,True
100,415,0.58000,0.35000,-0.23000,False,False,-0.055203,True
100,416,0.35000,0.84000,+0.49000,False,False,-0.267735,True
100,417,0.84000,0.51000,-0.33000,True,True,0.239084,True
100,418,0.51000,0.70000,+0.19000,False,False,-0.112460,True
100,419,0.70000,0.25000,-0.45000,True,True,0.099610,True
100,420,0.25000,0.89000,+0.64000,False,False,-0.365212,True
100,421,0.89000,0.43000,-0.46000,True,True,0.311563,True
100,422,0.43000,0.63000,+0.20000,False,False,-0.201868,True
100,423,0.63000,0.19000,-0.44000,False,True,0.030208,True
100,424,0.19000,0.80000,+0.61000,False,False,-0.403353,True
100,425,0.80000,0.37000,-0.43000,True,True,0.228860,True
100,426,0.37000,0.95000,+0.58000,False,False,-0.232364,True
100,427,0.95000,0.55000,-0.40000,True,True,0.392750,True
100,428,0.55000,0.30000,-0.25000,False,False,-0.090529,True
100,429,0.30000,0.73000,+0.43000,False,False,-0.314294,True
100,430,0.73000,0.46000,-0.27000,False,True,0.129349,True
100,431,0.46000,0.86000,+0.40000,False,False,-0.137197,True
100,432,0.86000,0.26000,-0.60000,True,True,0.288540,True
100,433,0.26000,0.65000,+0.39000,False,False,-0.357800,True
100,434,0.65000,0.15000,-0.50000,False,True,0.054802,True
100,435,0.15000,0.91000,+0.76000,False,False,-0.426069,True
100,436,0.91000,0.50000,-0.41000,True,True,0.357158,True
100,437,0.50000,0.36000,-0.14000,False,False,-0.132629,True
100,438,0.36000,0.77000,+0.41000,False,False,-0.235887,True
100,439,0.77000,0.59000,-0.18000,True,True,0.189574,True
100,440,0.59000,0.21000,-0.38000,False,True,0.000458,True
100,441,0.21000,0.98000,+0.77000,False,False,-0.377275,True
100,442,0.98000,0.44000,-0.54000,True,True,0.438309,True
100,443,0.44000,0.69000,+0.25000,False,False,-0.195813,True
100,444,0.69000,0.31000,-0.38000,False,True,0.075889,True
100,445,0.31000,0.82000,+0.51000,False,False,-0.300083,True
100,446,0.82000,0.53000,-0.29000,True,True,0.230377,True
100,447,0.53000,0.19000,-0.34000,False,False,-0.086828,True
100,448,0.19000,0.88000,+0.69000,False,False,-0.400918,True
100,449,0.88000,0.41000,-0.47000,True,True,0.311640,True
100,450,0.41000,0.66000,+0.25000,False,False,-0.211817,True
100,451,0.66000,0.26000,-0.40000,False,True,0.064110,True
100,452,0.26000,0.94000,+0.68000,False,False,-0.325459,True
100,453,0.94000,0.56000,-0.38000,True,True,0.385577,True
100,454,0.56000,0.74000,+0.18000,False,False,-0.072647,True
100,455,0.74000,0.35000,-0.39000,True,True,0.132971,True
100,456,0.35000,0.16000,-0.19000,False,False,-0.279401,True
100,457,0.16000,0.80000,+0.64000,False,False,-0.417399,True
100,458,0.80000,0.48000,-0.32000,True,True,0.228946,True
100,459,0.48000,0.23000,-0.25000,False,False,-0.126684,True
100,460,0.23000,0.92000,+0.69000,False,False,-0.319056,True
100,461,0.92000,0.61000,-0.31000,True,True,0.377496,True
100,462,0.61000,0.39000,-0.22000,False,False,-0.013279,True
100,463,0.39000,0.72000,+0.33000,False,False,-0.214989,True
100,464,0.72000,0.20000,-0.52000,True,True,0.152605,True
100,465,0.20000,0.85000,+0.65000,False,False,-0.384709,True
100,466,0.85000,0.50000,-0.35000,True,True,0.308658,True
100,467,0.50000,0.29000,-0.21000,False,False,-0.111692,True
100,468,0.29000,0.99000,+0.70000,False,False,-0.283082,True
100,469,0.99000,0.59000,-0.40000,True,True,0.453705,True
100,470,0.59000,0.41000,-0.18000,False,False,-0.047995,True
100,471,0.41000,0.77000,+0.36000,False,False,-0.206851,True
100,472,0.77000,0.25000,-0.52000,True,True,0.168596,True
100,473,0.25000,0.67000,+0.42000,False,False,-0.360595,True
100,474,0.67000,0.14000,-0.53000,False,True,0.083533,True
100,475,0.14000,0.89000,+0.75000,False,False,-0.431801,True
100,476,0.89000,0.47000,-0.42000,True,True,0.320184,True
100,477,0.47000,0.63000,+0.16000,False,False,-0.159383,True
100,478,0.63000,0.31000,-0.32000,True,True,0.044285,True
100,479,0.31000,0.96000,+0.65000,False,False,-0.279402,True
100,480,0.96000,0.53000,-0.43000,True,True,0.404098,True
100,481,0.53000,0.75000,+0.22000,False,False,-0.100707,True
100,482,0.75000,0.36000,-0.39000,True,True,0.140461,True
100,483,0.36000,0.83000,+0.47000,False,False,-0.268503,True
100,484,0.83000,0.44000,-0.39000,True,True,0.239995,True
100,485,0.44000,0.20000,-0.24000,False,False,-0.185848,True
100,486,0.20000,0.69000,+0.49000,False,False,-0.394864,True
100,487,0.69000,0.91000,+0.22000,False,True,0.114093,True
100,488,0.91000,0.50000,-0.41000,True,True,0.349747,True
100,489,0.50000,0.28000,-0.22000,False,False,-0.135780,True
100,490,0.28000,0.79000,+0.51000,False,False,-0.329345,True
100,491,0.79000,0.58000,-0.21000,True,True,0.211018,True
100,492,0.58000,0.22000,-0.36000,False,False,-0.025966,True
100,493,0.22000,0.97000,+0.75000,False,False,-0.371196,True
100,494,0.97000,0.43000,-0.54000,True,True,0.424984,True
100,495,0.43000,0.66000,+0.23000,False,False,-0.208805,True
100,496,0.66000,0.33000,-0.33000,False,True,0.043791,True
100,497,0.33000,0.85000,+0.52000,False,False,-0.274101,True
100,498,0.85000,0.54000,-0.31000,True,True,0.262555,True
100,499,0.54000,0.19000,-0.35000,False,False,-0.080208,True
100,500,0.19000,0.74000,+0.55000,False,False,-0.406303,True
100,501,0.74000,0.39000,-0.35000,True,True,0.159521,True
100,502,0.39000,0.93000,+0.54000,False,False,-0.199343,True
100,503,0.93000,0.60000,-0.33000,True,True,0.373226,True
100,504,0.60000,0.29000,-0.31000,False,False,-0.027306,True
100,505,0.29000,0.81000,+0.52000,False,False,-0.325730,True
100,506,0.81000,0.47000,-0.34000,True,True,0.227126,True
100,507,0.47000,0.16000,-0.31000,False,False,-0.147976,True
100,508,0.16000,0.70000,+0.54000,False,False,-0.420722,True
100,509,0.70000,0.35000,-0.35000,False,True,0.138602,True
100,510,0.35000,0.90000,+0.55000,False,False,-0.207553,True
100,511,0.90000,0.53000,-0.37000,True,True,0.361073,True
100,512,0.53000,0.22000,-0.31000,False,False,-0.079005,True
100,513,0.22000,0.77000,+0.55000,False,False,-0.361539,True
100,514,0.77000,0.41000,-0.36000,True,True,0.222725,True
100,515,0.41000,0.99000,+0.58000,False,False,-0.168075,True
100,516,0.99000,0.61000,-0.38000,True,True,0.458250,True
100,517,0.61000,0.31000,-0.30000,False,False,-0.028695,True
100,518,0.31000,0.72000,+0.41000,False,False,-0.314727,True
100,519,0.72000,0.46000,-0.26000,True,True,0.123533,True
100,520,0.46000,0.87000,+0.41000,False,False,-0.141291,True
100,521,0.87000,0.27000,-0.60000,True,True,0.289915,True
100,522,0.27000,0.64000,+0.37000,False,False,-0.353205,True
100,523,0.64000,0.16000,-0.48000,False,True,0.043530,True
100,524,0.16000,0.83000,+0.67000,False,False,-0.420055,True
100,525,0.83000,0.49000,-0.34000,True,True,0.267247,True
100,526,0.49000,0.34000,-0.15000,False,False,-0.123803,True
100,527,0.34000,0.95000,+0.61000,False,False,-0.227502,True
100,528,0.95000,0.58000,-0.37000,True,True,0.393679,True
100,529,0.58000,0.24000,-0.34000,False,False,-0.048335,True
100,530,0.24000,0.75000,+0.51000,False,False,-0.364669,True
100,531,0.75000,0.42000,-0.33000,True,True,0.155705,True
100,532,0.42000,0.88000,+0.46000,False,False,-0.181358,True
100,533,0.88000,0.53000,-0.35000,True,True,0.316832,True
100,534,0.53000,0.21000,-0.32000,False,False,-0.091317,True
100,535,0.21000,0.69000,+0.48000,False,False,-0.389105,True
100,536,0.69000,0.33000,-0.36000,False,True,0.114080,True
100,537,0.33000,0.94000,+0.61000,False,False,-0.240937,True
100,538,0.94000,0.60000,-0.34000,True,True,0.396275,True
100,539,0.60000,0.39000,-0.21000,False,False,-0.021536,True
100,540,0.39000,0.80000,+0.41000,False,False,-0.216519,True
100,541,0.80000,0.26000,-0.54000,True,True,0.217039,True
100,542,0.26000,0.66000,+0.40000,False,False,-0.347726,True
100,543,0.66000,0.14000,-0.52000,False,True,0.090169,True
100,544,0.14000,0.97000,+0.83000,False,False,-0.428158,True
100,545,0.97000,0.48000,-0.49000,True,True,0.432910,True
100,546,0.48000,0.73000,+0.25000,False,False,-0.161457,True
100,547,0.73000,0.35000,-0.38000,True,True,0.121941,True
100,548,0.35000,0.84000,+0.49000,False,False,-0.272938,True
100,549,0.84000,0.54000,-0.30000,True,True,0.255113,True
100,550,0.54000,0.24000,-0.30000,False,False,-0.087735,True
100,551,0.24000,0.77000,+0.53000,False,False,-0.366224,True
100,552,0.77000,0.42000,-0.35000,True,True,0.205646,True
100,553,0.42000,0.91000,+0.49000,False,False,-0.179137,True
100,554,0.91000,0.58000,-0.33000,True,True,0.356152,True
100,555,0.58000,0.29000,-0.29000,False,False,-0.046809,True
100,556,0.29000,0.68000,+0.39000,False,False,-0.324602,True
100,557,0.68000,0.16000,-0.52000,True,True,0.109930,True
100,558,0.16000,0.87000,+0.71000,False,False,-0.419970,True
100,559,0.87000,0.46000,-0.41000,True,True,0.335432,True
100,560,0.46000,0.23000,-0.23000,False,False,-0.158409,True
100,561,0.23000,0.98000,+0.75000,False,False,-0.332885,True
100,562,0.98000,0.61000,-0.37000,True,True,0.449539,True
100,563,0.61000,0.38000,-0.23000,False,False,-0.030246,True
100,564,0.38000,0.75000,+0.37000,False,False,-0.243741,True
100,565,0.75000,0.51000,-0.24000,True,True,0.146507,True
100,566,0.51000,0.19000,-0.32000,False,False,-0.097689,True
100,567,0.19000,0.82000,+0.63000,False,False,-0.395813,True
100,568,0.82000,0.34000,-0.48000,True,True,0.248928,True
100,569,0.34000,0.66000,+0.32000,False,False,-0.258601,True
100,570,0.66000,0.11000,-0.55000,False,True,0.097790,True
100,571,0.11000,0.92000,+0.81000,False,False,-0.447357,True
100,572,0.92000,0.47000,-0.45000,True,True,0.367880,True
100,573,0.47000,0.71000,+0.24000,False,False,-0.156263,True
100,574,0.71000,0.28000,-0.43000,True,True,0.124763,True
100,575,0.28000,0.86000,+0.58000,False,False,-0.327856,True
100,576,0.86000,0.54000,-0.32000,True,True,0.311607,True
100,577,0.54000,0.22000,-0.32000,False,False,-0.079438,True
100,578,0.22000,0.78000,+0.56000,False,False,-0.373259,True
100,579,0.78000,0.40000,-0.38000,True,True,0.242322,True
100,580,0.40000,0.08000,-0.32000,False,False,-0.198128,True
100,581,0.08000,0.96000,+0.88000,False,False,-0.457967,True
100,582,0.96000,0.59000,-0.37000,True,True,0.430596,True
100,583,0.59000,0.33000,-0.26000,False,False,-0.043045,True
100,584,0.33000,0.69000,+0.36000,False,False,-0.282865,True
100,585,0.69000,0.19000,-0.50000,False,True,0.109075,True
100,586,0.19000,0.89000,+0.70000,False,False,-0.389064,True
100,587,0.89000,0.48000,-0.41000,True,True,0.337651,True
100,588,0.48000,0.63000,+0.15000,False,False,-0.146211,True
100,589,0.63000,0.26000,-0.37000,True,True,0.048719,True
100,590,0.26000,0.81000,+0.55000,False,False,-0.326336,True
100,591,0.81000,0.39000,-0.42000,True,True,0.269124,True
100,592,0.39000,0.09000,-0.30000,False,False,-0.202068,True
100,593,0.09000,0.99000,+0.90000,False,False,-0.449099,True
100,594,0.99000,0.55000,-0.44000,True,True,0.467631,True
100,595,0.55000,0.73000,+0.18000,False,False,-0.087433,True
100,596,0.73000,0.34000,-0.39000,True,True,0.117377,True
100,597,0.34000,0.84000,+0.50000,False,False,-0.287563,True
100,598,0.84000,0.46000,-0.38000,True,True,0.258098,True
100,599,0.46000,0.21000,-0.25000,False,False,-0.170135,True
100,600,0.21000,0.67000,+0.46000,False,False,-0.385365,True
100,601,0.67000,0.93000,+0.26000,False,True,0.091869,True
100,602,0.93000,0.51000,-0.42000,True,True,0.368175,True
100,603,0.51000,0.30000,-0.21000,False,False,-0.128523,True
100,604,0.30000,0.76000,+0.46000,False,False,-0.313116,True
100,605,0.76000,0.41000,-0.35000,True,True,0.169662,True
100,606,0.41000,0.88000,+0.47000,False,False,-0.189285,True
100,607,0.88000,0.58000,-0.30000,True,True,0.319882,True
100,608,0.58000,0.24000,-0.34000,False,False,-0.044471,True
100,609,0.24000,0.70000,+0.46000,False,False,-0.371365,True
100,610,0.70000,0.36000,-0.34000,True,True,0.131152,True
100,611,0.36000,0.95000,+0.59000,False,False,-0.219220,True
100,612,0.95000,0.52000,-0.43000,True,True,0.410733,True
100,613,0.52000,0.20000,-0.32000,False,False,-0.107465,True
100,614,0.20000,0.79000,+0.59000,False,False,-0.397509,True
100,615,0.79000,0.44000,-0.35000,True,True,0.200487,True
100,616,0.44000,0.65000,+0.21000,False,False,-0.166829,True
100,617,0.65000,0.15000,-0.50000,True,True,0.079415,True
100,618,0.15000,0.90000,+0.75000,False,False,-0.424312,True
100,619,0.90000,0.38000,-0.52000,True,True,0.356207,True
100,620,0.38000,0.72000,+0.34000,False,False,-0.237655,True
100,621,0.72000,0.28000,-0.44000,True,True,0.140219,True
100,622,0.28000,0.57000,+0.29000,False,False,-0.313953,True
100,623,0.57000,0.06000,-0.51000,False,True,0.028564,True
100,624,0.06000,0.98000,+0.92000,False,False,-0.470939,True
100,625,0.98000,0.48000,-0.50000,True,True,0.456589,True
100,626,0.48000,0.81000,+0.33000,False,False,-0.147509,True
100,627,0.81000,0.34000,-0.47000,True,True,0.207437,True
100,628,0.34000,0.63000,+0.29000,False,False,-0.290231,True
100,629,0.63000,0.20000,-0.43000,False,True,0.028846,True
100,630,0.20000,0.85000,+0.65000,False,False,-0.388607,True
100,631,0.85000,0.45000,-0.40000,True,True,0.278372,True
100,632,0.45000,0.69000,+0.24000,False,False,-0.164127,True
100,633,0.69000,0.26000,-0.43000,True,True,0.114753,True
100,634,0.26000,0.92000,+0.66000,False,False,-0.329935,True
100,635,0.92000,0.53000,-0.39000,True,True,0.374134,True
100,636,0.53000,0.36000,-0.17000,False,False,-0.096747,True
100,637,0.36000,0.77000,+0.41000,False,False,-0.235188,True
100,638,0.77000,0.18000,-0.59000,True,True,0.196352,True
100,639,0.18000,0.61000,+0.43000,False,False,-0.410616,True
100,640,0.61000,0.07000,-0.54000,False,True,0.053181,True
100,641,0.07000,0.96000,+0.89000,False,False,-0.462264,True
100,642,0.96000,0.43000,-0.53000,True,True,0.432947,True
100,643,0.43000,0.73000,+0.30000,False,False,-0.202128,True
100,644,0.73000,0.30000,-0.43000,True,True,0.130406,True
100,645,0.30000,0.83000,+0.53000,False,False,-0.312957,True
100,646,0.83000,0.51000,-0.32000,True,True,0.256519,True
100,647,0.51000,0.22000,-0.29000,False,False,-0.111383,True
100,648,0.22000,0.66000,+0.44000,False,False,-0.368405,True
100,649,0.66000,0.10000,-0.56000,False,True,0.108290,True
100,650,0.10000,0.89000,+0.79000,False,False,-0.443051,True
100,651,0.89000,0.40000,-0.49000,True,True,0.353165,True
100,652,0.40000,0.58000,+0.18000,False,False,-0.217756,True
100,653,0.58000,0.17000,-0.41000,False,True,0.010592,True
100,654,0.17000,0.99000,+0.82000,False,False,-0.378901,True
100,655,0.99000,0.48000,-0.51000,True,True,0.480330,True
100,656,0.48000,0.75000,+0.27000,False,False,-0.149734,True
100,657,0.75000,0.33000,-0.42000,True,True,0.136290,True
100,658,0.33000,0.80000,+0.47000,False,False,-0.292902,True
100,659,0.80000,0.54000,-0.26000,True,True,0.210284,True
100,660,0.54000,0.24000,-0.30000,False,False,-0.077111,True
100,661,0.24000,0.87000,+0.63000,False,False,-0.358098,True
100,662,0.87000,0.43000,-0.44000,True,True,0.302537,True
100,663,0.43000,0.67000,+0.24000,False,False,-0.188364,True
100,664,0.67000,0.19000,-0.48000,False,True,0.077921,True
100,665,0.19000,0.94000,+0.75000,False,False,-0.398352,True
100,666,0.94000,0.51000,-0.43000,True,True,0.385661,True
100,667,0.51000,0.71000,+0.20000,False,False,-0.124002,True
100,668,0.71000,0.32000,-0.39000,True,True,0.105421,True
100,669,0.32000,0.82000,+0.50000,False,False,-0.301530,True
100,670,0.82000,0.41000,-0.41000,True,True,0.249555,True
100,671,0.41000,0.61000,+0.20000,False,False,-0.207306,True
100,672,0.61000,0.16000,-0.45000,True,True,0.032116,True
100,673,0.16000,0.91000,+0.75000,False,False,-0.420428,True
100,674,0.91000,0.47000,-0.44000,True,True,0.368155,True
100,675,0.47000,0.74000,+0.27000,False,False,-0.147078,True
100,676,0.74000,0.28000,-0.46000,True,True,0.161264,True
100,677,0.28000,0.57000,+0.29000,False,False,-0.330608,True
100,678,0.57000,0.09000,-0.48000,True,True,0.025447,True
100,679,0.09000,0.97000,+0.88000,False,False,-0.455600,True
100,680,0.97000,0.39000,-0.58000,True,True,0.442082,True
100,681,0.39000,0.68000,+0.29000,False,False,-0.234713,True
100,682,0.68000,0.23000,-0.45000,False,True,0.078905,True
100,683,0.23000,0.84000,+0.61000,False,False,-0.362058,True
100,684,0.84000,0.50000,-0.34000,True,True,0.259537,True
100,685,0.50000,0.31000,-0.19000,False,False,-0.117728,True
100,686,0.31000,0.78000,+0.47000,False,False,-0.263883,True
100,687,0.78000,0.59000,-0.19000,True,True,0.219869,True
100,688,0.59000,0.17000,-0.42000,True,True,0.014047,True
100,689,0.17000,0.93000,+0.76000,False,False,-0.406467,True
100,690,0.93000,0.43000,-0.50000,True,True,0.392307,True
100,691,0.43000,0.70000,+0.27000,False,False,-0.194625,True
100,692,0.70000,0.27000,-0.43000,True,True,0.112909,True
100,693,0.27000,0.86000,+0.59000,False,False,-0.328388,True
100,694,0.86000,0.52000,-0.34000,True,True,0.310314,True
100,695,0.52000,0.20000,-0.32000,False,False,-0.097251,True
100,696,0.20000,0.65000,+0.45000,False,False,-0.383324,True
100,697,0.65000,0.07000,-0.58000,False,True,0.109872,True
100,698,0.07000,1.00000,+0.93000,False,False,-0.467028,True
200,0,0.50000,0.58000,+0.08000,False,False,-0.250000,False
200,1,0.58000,0.64000,+0.06000,False,False,-0.155828,False
200,2,0.64000,0.43000,-0.21000,False,False,-0.083424,False
200,3,0.43000,0.71000,+0.28000,False,False,-0.286129,False
200,4,0.71000,0.54000,-0.17000,False,True,0.004307,False
200,5,0.54000,0.76500,+0.22500,False,False,-0.157812,False
200,6,0.76500,0.38000,-0.38500,False,True,0.074075,False
200,7,0.38000,0.79500,+0.41500,False,False,-0.310473,False
200,8,0.79500,0.61000,-0.18500,True,True,0.114883,False
200,9,0.61000,0.46000,-0.15000,False,False,-0.074087,False
200,10,0.46000,0.83500,+0.37500,False,False,-0.211313,False
200,11,0.83500,0.67500,-0.16000,True,True,0.168460,False
200,12,0.67500,0.34500,-0.33000,False,True,0.002717,False
200,13,0.34500,0.86000,+0.51500,False,False,-0.326309,False
200,14,0.86000,0.52500,-0.33500,True,True,0.204027,False
200,15,0.52500,0.73500,+0.21000,False,False,-0.148851,False
200,16,0.73500,0.40000,-0.33500,True,True,0.078171,False
200,17,0.40000,0.88000,+0.48000,False,False,-0.260877,False
200,18,0.88000,0.57500,-0.30500,True,True,0.235328,False
200,19,0.57500,0.30500,-0.27000,False,False,-0.092409,False
200,20,0.30500,0.80500,+0.50000,False,False,-0.346735,False
200,21,0.80500,0.48500,-0.32000,True,True,0.162520,False
200,22,0.48500,0.90000,+0.41500,False,False,-0.165257,False
200,23,0.90000,0.63500,-0.26500,True,True,0.265931,True
200,24,0.63500,0.37000,-0.26500,False,False,-0.029934,True
200,25,0.37000,0.75000,+0.38000,False,False,-0.287486,True
200,26,0.75000,0.45000,-0.30000,True,True,0.112471,True
200,27,0.45000,0.91500,+0.46500,False,False,-0.190051,True
200,28,0.91500,0.56000,-0.35500,True,True,0.289480,True
200,29,0.56000,0.28500,-0.27500,False,False,-0.099106,True
200,30,0.28500,0.78500,+0.50000,False,False,-0.358151,True
200,31,0.78500,0.65500,-0.13000,True,True,0.152974,True
200,32,0.65500,0.39000,-0.26500,False,True,0.018340,True
200,33,0.39000,0.93000,+0.54000,False,False,-0.245315,True
200,34,0.93000,0.51000,-0.42000,True,True,0.312502,True
200,35,0.51000,0.71000,+0.20000,False,False,-0.145055,True
200,36,0.71000,0.31500,-0.39500,True,True,0.075381,True
200,37,0.31500,0.85000,+0.53500,False,False,-0.325780,True
200,38,0.85000,0.46500,-0.38500,True,True,0.227042,True
200,39,0.46500,0.62000,+0.15500,False,False,-0.179425,True
200,40,0.62000,0.22500,-0.39500,False,True,0.000998,True
200,41,0.22500,0.94000,+0.71500,False,False,-0.388334,True
200,42,0.94000,0.55000,-0.39000,True,True,0.330688,True
200,43,0.55000,0.76500,+0.21500,False,False,-0.095030,True
200,44,0.76500,0.37000,-0.39500,True,True,0.133703,True
200,45,0.37000,0.83000,+0.46000,False,False,-0.275935,True
200,46,0.83000,0.48000,-0.35000,True,True,0.213355,True
200,47,0.48000,0.67500,+0.19500,False,False,-0.161757,True
200,48,0.67500,0.27000,-0.40500,True,True,0.059039,True
200,49,0.27000,0.90500,+0.63500,False,False,-0.353715,True
200,50,0.90500,0.53000,-0.37500,True,True,0.300916,True
200,51,0.53000,0.34000,-0.19000,False,False,-0.110174,True
200,52,0.34000,0.80000,+0.46000,False,False,-0.275281,True
200,53,0.80000,0.60500,-0.19500,True,True,0.196197,True
200,54,0.60500,0.22000,-0.38500,False,False,-0.011071,True
200,55,0.22000,0.95000,+0.73000,False,False,-0.389036,True
200,56,0.95000,0.45000,-0.50000,True,True,0.351728,True
200,57,0.45000,0.72000,+0.27000,False,False,-0.196774,True
200,58,0.72000,0.36500,-0.35500,False,True,0.092366,True
200,59,0.36500,0.87000,+0.50500,False,False,-0.260786,True
200,60,0.87000,0.56500,-0.30500,True,True,0.262933,True
200,61,0.56500,0.28000,-0.28500,False,False,-0.076021,True
200,62,0.28000,0.75500,+0.47500,False,False,-0.341174,True
200,63,0.75500,0.47500,-0.28000,True,True,0.152399,True
200,64,0.47500,0.96000,+0.48500,False,False,-0.134485,True
200,65,0.96000,0.63000,-0.33000,True,True,0.367351,True
200,66,0.63000,0.34500,-0.28500,False,False,-0.017122,True
200,67,0.34500,0.81500,+0.47000,False,False,-0.296714,True
200,68,0.81500,0.51000,-0.30500,True,True,0.200236,True
200,69,0.51000,0.23000,-0.28000,False,False,-0.126857,True
200,70,0.23000,0.89000,+0.66000,False,False,-0.384046,True
200,71,0.89000,0.66000,-0.23000,True,True,0.289379,True
200,72,0.66000,0.40500,-0.25500,False,True,0.021936,True
200,73,0.40500,0.73500,+0.33000,False,False,-0.231199,True
200,74,0.73500,0.29000,-0.44500,True,True,0.134061,True
200,75,0.29000,0.92500,+0.63500,False,False,-0.326755,True
200,76,0.92500,0.54000,-0.38500,True,True,0.335375,True
200,77,0.54000,0.37000,-0.17000,False,False,-0.106108,True
200,78,0.37000,0.78500,+0.41500,False,False,-0.246729,True
200,79,0.78500,0.59500,-0.19000,True,True,0.182376,True
200,80,0.59500,0.21500,-0.38000,False,False,-0.018709,True
200,81,0.21500,0.96500,+0.75000,False,False,-0.393632,True
200,82,0.96500,0.47000,-0.49500,True,True,0.380295,True
200,83,0.47000,0.69500,+0.22500,False,False,-0.176947,True
200,84,0.69500,0.32500,-0.37000,False,True,0.068986,True
200,85,0.32500,0.84500,+0.52000,False,False,-0.299308,True
200,86,0.84500,0.52500,-0.32000,True,True,0.236772,True
200,87,0.52500,0.24500,-0.28000,False,False,-0.107240,True
200,88,0.24500,0.76500,+0.52000,False,False,-0.360952,True
200,89,0.76500,0.42000,-0.34500,True,True,0.171323,True
200,90,0.42000,0.91000,+0.49000,False,False,-0.182300,True
200,91,0.91000,0.61000,-0.30000,True,True,0.323717,True
200,92,0.61000,0.30500,-0.30500,False,False,-0.024602,True
200,93,0.30500,0.71500,+0.41000,False,False,-0.317727,True
200,94,0.71500,0.19000,-0.52500,True,True,0.125095,True
200,95,0.19000,0.94500,+0.75500,False,False,-0.405208,True
200,96,0.94500,0.49500,-0.45000,True,True,0.364896,True
200,97,0.49500,0.65000,+0.15500,False,False,-0.151719,True
200,98,0.65000,0.35500,-0.29500,False,True,0.034172,True
200,99,0.35500,0.83000,+0.47500,False,False,-0.259618,True
200,100,0.83000,0.44500,-0.38500,True,True,0.233169,True
200,101,0.44500,0.87500,+0.43000,False,False,-0.172100,True
200,102,0.87500,0.56000,-0.31500,True,True,0.291421,True
200,103,0.56000,0.26000,-0.30000,False,False,-0.073031,True
200,104,0.26000,0.74500,+0.48500,False,False,-0.361342,True
200,105,0.74500,0.38500,-0.36000,True,True,0.155337,True
200,106,0.38500,0.97500,+0.59000,False,False,-0.216069,True
200,107,0.97500,0.59500,-0.38000,True,True,0.399163,True
200,108,0.59500,0.31500,-0.28000,False,False,-0.049662,True
200,109,0.31500,0.79000,+0.47500,False,False,-0.312807,True
200,110,0.79000,0.48000,-0.31000,True,True,0.179646,True
200,111,0.48000,0.68500,+0.20500,False,False,-0.146377,True
200,112,0.68500,0.22000,-0.46500,True,True,0.089271,True
200,113,0.22000,0.90000,+0.68000,False,False,-0.388982,True
200,114,0.90000,0.42500,-0.47500,True,True,0.315658,True
200,115,0.42500,0.63500,+0.21000,False,False,-0.207041,True
200,116,0.63500,0.27000,-0.36500,False,True,0.034713,True
200,117,0.27000,0.85500,+0.58500,False,False,-0.322039,True
200,118,0.85500,0.52000,-0.33500,True,True,0.276967,True
200,119,0.52000,0.16500,-0.35500,False,False,-0.093869,True
200,120,0.16500,0.95500,+0.79000,False,False,-0.418446,True
200,121,0.95500,0.58000,-0.37500,True,True,0.380510,True
200,122,0.58000,0.36500,-0.21500,False,False,-0.058478,True
200,123,0.36500,0.76000,+0.39500,False,False,-0.258142,True
200,124,0.76000,0.45000,-0.31000,False,True,0.149417,True
200,125,0.45000,0.81500,+0.36500,False,False,-0.158154,True
200,126,0.81500,0.28500,-0.53000,True,True,0.229540,True
200,127,0.28500,0.66500,+0.38000,False,False,-0.334478,True
200,128,0.66500,0.18000,-0.48500,False,True,0.076104,True
200,129,0.18000,0.93000,+0.75000,False,False,-0.400875,True
200,130,0.93000,0.50500,-0.42500,True,True,0.358831,True
200,131,0.50500,0.71500,+0.21000,False,False,-0.130427,True
200,132,0.71500,0.34500,-0.37000,True,True,0.113158,True
200,133,0.34500,0.87000,+0.52500,False,False,-0.274438,True
200,134,0.87000,0.46000,-0.41000,True,True,0.297701,True
200,135,0.46000,0.61500,+0.15500,False,False,-0.167487,True
200,136,0.61500,0.22000,-0.39500,True,True,0.021317,True
200,137,0.22000,0.98000,+0.76000,False,False,-0.376925,True
200,138,0.98000,0.54500,-0.43500,True,True,0.411620,True
200,139,0.54500,0.75000,+0.20500,False,False,-0.093499,True
200,140,0.75000,0.37000,-0.38000,True,True,0.130856,True
200,141,0.37000,0.82500,+0.45500,False,False,-0.267294,True
200,142,0.82500,0.43500,-0.39000,True,True,0.227365,True
200,143,0.43500,0.65500,+0.22000,False,False,-0.196273,True
200,144,0.65500,0.24000,-0.41500,True,True,0.055619,True
200,145,0.24000,0.91500,+0.67500,False,False,-0.367541,True
200,146,0.91500,0.51500,-0.40000,True,True,0.337081,True
200,147,0.51500,0.31000,-0.20500,False,False,-0.117025,True
200,148,0.31000,0.78000,+0.47000,False,False,-0.292083,True
200,149,0.78000,0.59000,-0.19000,True,True,0.189471,True
200,150,0.59000,0.18500,-0.40500,False,False,-0.009127,True
200,151,0.18500,0.97000,+0.78500,False,False,-0.407107,True
200,152,0.97000,0.45500,-0.51500,True,True,0.400372,True
200,153,0.45500,0.70000,+0.24500,False,False,-0.186012,True
200,154,0.70000,0.34000,-0.36000,False,True,0.079847,True
200,155,0.34000,0.85000,+0.51000,False,False,-0.278668,True
200,156,0.85000,0.54000,-0.31000,True,True,0.251908,True
200,157,0.54000,0.25000,-0.29000,False,False,-0.088396,True
200,158,0.25000,0.76500,+0.51500,False,False,-0.356294,True
200,159,0.76500,0.41000,-0.35500,True,True,0.180090,True
200,160,0.41000,0.89500,+0.48500,False,False,-0.188884,True
200,161,0.89500,0.60500,-0.29000,True,True,0.319743,True
200,162,0.60500,0.29500,-0.31000,False,False,-0.021647,True
200,163,0.29500,0.72000,+0.42500,False,False,-0.321479,True
200,164,0.72000,0.18000,-0.54000,True,True,0.145448,True
200,165,0.18000,0.94500,+0.76500,False,False,-0.409793,True
200,166,0.94500,0.49000,-0.45500,True,True,0.377498,True
200,167,0.49000,0.64500,+0.15500,False,False,-0.153796,True
200,168,0.64500,0.35000,-0.29500,False,True,0.035479,True
200,169,0.35000,0.83000,+0.48000,False,False,-0.259476,True
200,170,0.83000,0.43500,-0.39500,True,True,0.247831,True
200,171,0.43500,0.15500,-0.28000,False,False,-0.176544,True
200,172,0.15500,0.88000,+0.72500,False,False,-0.421617,True
200,173,0.88000,0.56500,-0.31500,True,True,0.317497,True
200,174,0.56500,0.28000,-0.28500,False,False,-0.055820,True
200,175,0.28000,0.74500,+0.46500,False,False,-0.316584,True
200,176,0.74500,0.39500,-0.35000,True,True,0.171727,True
200,177,0.39500,0.98500,+0.59000,False,False,-0.183845,True
200,178,0.98500,0.61500,-0.37000,True,True,0.423924,True
200,179,0.61500,0.32500,-0.29000,False,False,-0.024294,True
200,180,0.32500,0.79500,+0.47000,False,False,-0.299397,True
200,181,0.79500,0.50000,-0.29500,True,True,0.191067,True
200,182,0.50000,0.20500,-0.29500,False,False,-0.124978,True
200,183,0.20500,0.92000,+0.71500,False,False,-0.391261,True
200,184,0.92000,0.66000,-0.26000,True,True,0.339131,True
200,185,0.66000,0.41500,-0.24500,False,True,0.024537,True
200,186,0.41500,0.73000,+0.31500,False,False,-0.216847,True
200,187,0.73000,0.27500,-0.45500,True,True,0.134395,True
200,188,0.27500,0.86000,+0.58500,False,False,-0.338503,True
200,189,0.86000,0.53000,-0.33000,True,True,0.282119,True
200,190,0.53000,0.34500,-0.18500,False,False,-0.099134,True
200,191,0.34500,0.96000,+0.61500,False,False,-0.252999,True
200,192,0.96000,0.59500,-0.36500,True,True,0.392787,True
200,193,0.59500,0.43500,-0.16000,False,False,-0.046440,True
200,194,0.43500,0.77500,+0.34000,False,False,-0.186818,True
200,195,0.77500,0.25000,-0.52500,True,True,0.168766,True
200,196,0.25000,0.68500,+0.43500,False,False,-0.371703,True
200,197,0.68500,0.37000,-0.31500,False,True,0.092827,True
200,198,0.37000,0.90000,+0.53000,False,False,-0.217092,True
200,199,0.90000,0.51500,-0.38500,True,True,0.326368,True
200,200,0.51500,0.19000,-0.32500,False,False,-0.108435,True
200,201,0.19000,0.81500,+0.62500,False,False,-0.405840,True
200,202,0.81500,0.57500,-0.24000,True,True,0.231926,True
200,203,0.57500,0.30500,-0.27000,False,False,-0.033263,True
200,204,0.30500,0.97500,+0.67000,False,False,-0.289175,True
200,205,0.97500,0.64000,-0.33500,True,True,0.414784,True
200,206,0.64000,0.41000,-0.23000,False,True,0.001809,True
200,207,0.41000,0.75000,+0.34000,False,False,-0.222576,True
200,208,0.75000,0.26000,-0.49000,True,True,0.145371,True
200,209,0.26000,0.85000,+0.59000,False,False,-0.357419,True
200,210,0.85000,0.49000,-0.36000,True,True,0.262360,True
200,211,0.49000,0.67000,+0.18000,False,False,-0.142712,True
200,212,0.67000,0.32000,-0.35000,True,True,0.077103,True
200,213,0.32000,0.93500,+0.61500,False,False,-0.285313,True
200,214,0.93500,0.54000,-0.39500,True,True,0.363344,True
200,215,0.54000,0.22500,-0.31500,False,False,-0.093874,True
200,216,0.22500,0.78500,+0.56000,False,False,-0.384924,True
200,217,0.78500,0.43000,-0.35500,True,True,0.189920,True
200,218,0.43000,0.70500,+0.27500,False,False,-0.184184,True
200,219,0.70500,0.18000,-0.52500,True,True,0.130781,True
200,220,0.18000,0.89000,+0.71000,False,False,-0.409929,True
200,221,0.89000,0.47500,-0.41500,True,True,0.325581,True
200,222,0.47500,0.61000,+0.13500,False,False,-0.150811,True
200,223,0.61000,0.28000,-0.33000,True,True,0.022035,True
200,224,0.28000,0.98500,+0.70500,False,False,-0.308119,True
200,225,0.98500,0.55500,-0.43000,True,True,0.429589,True
200,226,0.55500,0.76000,+0.20500,False,False,-0.078018,True
200,227,0.76000,0.36000,-0.40000,True,True,0.145608,True
200,228,0.36000,0.83500,+0.47500,False,False,-0.277085,True
200,229,0.83500,0.44500,-0.39000,True,True,0.238544,True
200,230,0.44500,0.65500,+0.21000,False,False,-0.188565,True
200,231,0.65500,0.23000,-0.42500,True,True,0.053605,True
200,232,0.23000,0.91500,+0.68500,False,False,-0.379504,True
200,233,0.91500,0.51000,-0.40500,True,True,0.338776,True
200,234,0.51000,0.31500,-0.19500,False,False,-0.123374,True
200,235,0.31500,0.73500,+0.42000,False,False,-0.288061,True
200,236,0.73500,0.17000,-0.56500,False,True,0.144888,True
200,237,0.17000,0.86500,+0.69500,False,False,-0.414408,True
200,238,0.86500,0.57000,-0.29500,True,True,0.293712,True
200,239,0.57000,0.38500,-0.18500,False,False,-0.054196,True
200,240,0.38500,0.95000,+0.56500,False,False,-0.219211,True
200,241,0.95000,0.62500,-0.32500,True,True,0.385955,True
200,242,0.62500,0.29500,-0.33000,False,False,-0.011582,True
200,243,0.29500,0.78000,+0.48500,False,False,-0.333647,True
200,244,0.78000,0.46500,-0.31500,True,True,0.177702,True
200,245,0.46500,0.19000,-0.27500,False,False,-0.159155,True
200,246,0.19000,0.82000,+0.63000,False,False,-0.396329,True
200,247,0.82000,0.53500,-0.28500,True,True,0.249240,True
200,248,0.53500,0.26000,-0.27500,False,False,-0.070941,True
200,249,0.26000,0.96500,+0.70500,False,False,-0.314792,True
200,250,0.96500,0.66500,-0.30000,True,True,0.408278,True
200,251,0.66500,0.40500,-0.26000,False,True,0.029157,True
200,252,0.40500,0.72500,+0.32000,False,False,-0.227646,True
200,253,0.72500,0.31500,-0.41000,True,True,0.127519,True
200,254,0.31500,0.88000,+0.56500,False,False,-0.294696,True
200,255,0.88000,0.50500,-0.37500,True,True,0.300858,True
200,256,0.50500,0.21000,-0.29500,False,False,-0.126017,True
200,257,0.21000,0.76500,+0.55500,False,False,-0.388467,True
200,258,0.76500,0.58000,-0.18500,True,True,0.186093,True
200,259,0.58000,0.34500,-0.23500,False,False,-0.017080,True
200,260,0.34500,0.93000,+0.58500,False,False,-0.236001,True
200,261,0.93000,0.45500,-0.47500,True,True,0.372595,True
200,262,0.45500,0.69000,+0.23500,False,False,-0.164974,True
200,263,0.69000,0.24000,-0.45000,True,True,0.097544,True
200,264,0.24000,0.84500,+0.60500,False,False,-0.362533,True
200,265,0.84500,0.52500,-0.32000,True,True,0.279028,True
200,266,0.52500,0.17000,-0.35500,False,False,-0.087158,True
200,267,0.17000,0.99000,+0.82000,False,False,-0.414619,True
200,268,0.99000,0.61500,-0.37500,True,True,0.439126,True
200,269,0.61500,0.38500,-0.23000,False,False,-0.030064,True
200,270,0.38500,0.79000,+0.40500,False,False,-0.250781,True
200,271,0.79000,0.47000,-0.32000,True,True,0.179964,True
200,272,0.47000,0.25500,-0.21500,False,False,-0.155073,True
200,273,0.25500,0.89500,+0.64000,False,False,-0.340356,True
200,274,0.89500,0.65000,-0.24500,True,True,0.309856,True
200,275,0.65000,0.35000,-0.30000,False,True,0.019426,True
200,276,0.35000,0.74000,+0.39000,False,False,-0.271676,True
200,277,0.74000,0.50000,-0.24000,True,True,0.146660,True
200,278,0.50000,0.17500,-0.32500,False,False,-0.101838,True
200,279,0.17500,0.94000,+0.76500,False,False,-0.408250,True
200,280,0.94000,0.57500,-0.36500,True,True,0.373830,True
200,281,0.57500,0.31000,-0.26500,False,False,-0.053144,True
200,282,0.31000,0.81500,+0.50500,False,False,-0.300221,True
200,283,0.81500,0.43000,-0.38500,True,True,0.220148,True
200,284,0.43000,0.70000,+0.27000,False,False,-0.184694,True
200,285,0.70000,0.22000,-0.48000,True,True,0.114182,True
200,286,0.22000,0.87000,+0.65000,False,False,-0.375429,True
200,287,0.87000,0.52000,-0.35000,True,True,0.307312,True
200,288,0.52000,0.33000,-0.19000,False,False,-0.099197,True
200,289,0.33000,0.97000,+0.64000,False,False,-0.256216,True
200,290,0.97000,0.62500,-0.34500,True,True,0.414185,True
200,291,0.62500,0.40000,-0.22500,False,False,-0.014544,True
200,292,0.40000,0.76500,+0.36500,False,False,-0.225326,True
200,293,0.76500,0.26000,-0.50500,True,True,0.160041,True
200,294,0.26000,0.67500,+0.41500,False,False,-0.356285,True
200,295,0.67500,0.46500,-0.21000,False,True,0.090368,True
200,296,0.46500,0.91000,+0.44500,False,False,-0.115162,True
200,297,0.91000,0.34500,-0.56500,True,True,0.338824,True
200,298,0.34500,0.80000,+0.45500,False,False,-0.276770,True
200,299,0.80000,0.54500,-0.25500,True,True,0.209083,True
200,300,0.54500,0.20500,-0.34000,False,False,-0.076983,True
200,301,0.20500,0.85500,+0.65000,False,False,-0.398169,True
200,302,0.85500,0.43500,-0.42000,True,True,0.293856,True
200,303,0.43500,0.64500,+0.21000,False,False,-0.183706,True
200,304,0.64500,0.25000,-0.39500,False,True,0.060777,True
200,305,0.25000,0.98000,+0.73000,False,False,-0.333737,True
200,306,0.98000,0.57000,-0.41000,True,True,0.428767,True
200,307,0.57000,0.36500,-0.20500,False,False,-0.065588,True
200,308,0.36500,0.74500,+0.38000,False,False,-0.250140,True
200,309,0.74500,0.21500,-0.53000,False,True,0.142985,True
200,310,0.21500,0.83500,+0.62000,False,False,-0.383274,True
200,311,0.83500,0.49000,-0.34500,True,True,0.254429,True
200,312,0.49000,0.68500,+0.19500,False,False,-0.133279,True
200,313,0.68500,0.30000,-0.38500,True,True,0.103216,True
200,314,0.30000,0.92500,+0.62500,False,False,-0.300494,True
200,315,0.92500,0.45000,-0.47500,True,True,0.358430,True
200,316,0.45000,0.61500,+0.16500,False,False,-0.178798,True
200,317,0.61500,0.18500,-0.43000,False,True,0.018630,True
200,318,0.18500,0.88500,+0.70000,False,False,-0.407237,True
200,319,0.88500,0.39500,-0.49000,True,True,0.317560,True
200,320,0.39500,0.72500,+0.33000,False,False,-0.224619,True
200,321,0.72500,0.27000,-0.45500,True,True,0.131258,True
200,322,0.27000,0.79000,+0.52000,False,False,-0.328296,True
200,323,0.79000,0.52000,-0.27000,True,True,0.231024,True
200,324,0.52000,0.14500,-0.37500,False,False,-0.084877,True
200,325,0.14500,0.95500,+0.81000,False,False,-0.427655,True
200,326,0.95500,0.58000,-0.37500,True,True,0.403108,True
200,327,0.58000,0.35000,-0.23000,False,False,-0.052853,True
200,328,0.35000,0.76000,+0.41000,False,False,-0.267881,True
200,329,0.76000,0.43500,-0.32500,True,True,0.178033,True
200,330,0.43500,0.17500,-0.26000,False,False,-0.165770,True
200,331,0.17500,0.90000,+0.72500,False,False,-0.387754,True
200,332,0.90000,0.63500,-0.26500,True,True,0.345282,True
200,333,0.63500,0.31000,-0.32500,False,True,0.018425,True
200,334,0.31000,0.82000,+0.51000,False,False,-0.297194,True
200,335,0.82000,0.49000,-0.33000,True,True,0.256843,True
200,336,0.49000,0.21000,-0.28000,False,False,-0.123404,True
200,337,0.21000,0.99000,+0.78000,False,False,-0.367262,True
200,338,0.99000,0.59500,-0.39500,True,True,0.443660,True
200,339,0.59500,0.39000,-0.20500,False,False,-0.047095,True
200,340,0.39000,0.71500,+0.32500,False,False,-0.234017,True
200,341,0.71500,0.26500,-0.45000,False,True,0.107499,True
200,342,0.26500,0.85000,+0.58500,False,False,-0.337101,True
200,343,0.85000,0.52500,-0.32500,True,True,0.263622,True
200,344,0.52500,0.18000,-0.34500,False,False,-0.098262,True
200,345,0.18000,0.77000,+0.59000,False,False,-0.408247,True
200,346,0.77000,0.42000,-0.35000,True,True,0.194099,True
200,347,0.42000,0.93500,+0.51500,False,False,-0.179502,True
200,348,0.93500,0.57000,-0.36500,True,True,0.369041,True
200,349,0.57000,0.31500,-0.25500,False,False,-0.064114,True
200,350,0.31500,0.69000,+0.37500,False,False,-0.302889,True
200,351,0.69000,0.20500,-0.48500,False,True,0.098931,True
200,352,0.20500,0.87500,+0.67000,False,False,-0.380315,True
200,353,0.87500,0.47000,-0.40500,True,True,0.306423,True
200,354,0.47000,0.65000,+0.18000,False,False,-0.152686,True
200,355,0.65000,0.27000,-0.38000,True,True,0.067526,True
200,356,0.27000,0.96000,+0.69000,False,False,-0.317494,True
200,357,0.96000,0.51500,-0.44500,True,True,0.405858,True
200,358,0.51500,0.75000,+0.23500,False,False,-0.116661,True
200,359,0.75000,0.36000,-0.39000,True,True,0.141181,True
200,360,0.36000,0.81000,+0.45000,False,False,-0.267966,True
200,361,0.81000,0.43500,-0.37500,True,True,0.224147,True
200,362,0.43500,0.17500,-0.26000,False,False,-0.185141,True
200,363,0.17500,0.67000,+0.49500,False,False,-0.413396,True
200,364,0.67000,0.91500,+0.24500,False,True,0.106720,True
200,365,0.91500,0.49000,-0.42500,True,True,0.356489,True
200,366,0.49000,0.28500,-0.20500,False,False,-0.141150,True
200,367,0.28500,0.78500,+0.50000,False,False,-0.319210,True
200,368,0.78500,0.58000,-0.20500,True,True,0.212643,True
200,369,0.58000,0.21000,-0.37000,False,False,-0.019002,True
200,370,0.21000,0.97500,+0.76500,False,False,-0.377666,True
200,371,0.97500,0.42000,-0.55500,True,True,0.428354,True
200,372,0.42000,0.70500,+0.28500,False,False,-0.216834,True
200,373,0.70500,0.33000,-0.37500,False,True,0.090409,True
200,374,0.33000,0.84500,+0.51500,False,False,-0.281039,True
200,375,0.84500,0.54000,-0.30500,True,True,0.255442,True
200,376,0.54000,0.23500,-0.30500,False,False,-0.087036,True
200,377,0.23500,0.74000,+0.50500,False,False,-0.364725,True
200,378,0.74000,0.39500,-0.34500,True,True,0.167196,True
200,379,0.39500,0.89500,+0.50000,False,False,-0.190800,True
200,380,0.89500,0.60000,-0.29500,True,True,0.334256,True
200,381,0.60000,0.28000,-0.32000,False,False,-0.019677,True
200,382,0.28000,0.80000,+0.52000,False,False,-0.328293,True
200,383,0.80000,0.46500,-0.33500,True,True,0.244685,True
200,384,0.46500,0.14500,-0.32000,False,False,-0.142547,True
200,385,0.14500,0.94500,+0.80000,False,False,-0.428527,True
200,386,0.94500,0.56000,-0.38500,True,True,0.398421,True
200,387,0.56000,0.34500,-0.21500,False,False,-0.069835,True
200,388,0.34500,0.69500,+0.35000,False,False,-0.262490,True
200,389,0.69500,0.21000,-0.48500,False,True,0.109813,True
200,390,0.21000,0.86500,+0.65500,False,False,-0.369321,True
200,391,0.86500,0.49000,-0.37500,True,True,0.307760,True
200,392,0.49000,0.65000,+0.16000,False,False,-0.123645,True
200,393,0.65000,0.26500,-0.38500,True,True,0.080042,True
200,394,0.26500,0.98500,+0.72000,False,False,-0.319431,True
200,395,0.98500,0.43000,-0.55500,True,True,0.442695,True
200,396,0.43000,0.75500,+0.32500,False,False,-0.203234,True
200,397,0.75500,0.33500,-0.42000,True,True,0.141591,True
200,398,0.33500,0.61500,+0.28000,False,False,-0.283674,True
200,399,0.61500,0.83500,+0.22000,False,True,0.023166,True
200,400,0.83500,0.39000,-0.44500,True,True,0.255717,True
200,401,0.39000,0.16500,-0.22500,False,False,-0.230649,True
200,402,0.16500,0.91000,+0.74500,False,False,-0.417613,True
200,403,0.91000,0.54000,-0.37000,True,True,0.342729,True
200,404,0.54000,0.68500,+0.14500,False,False,-0.093208,True
200,405,0.68500,0.29000,-0.39500,True,True,0.081475,True
200,406,0.29000,0.79000,+0.50000,False,False,-0.323973,True
200,407,0.79000,0.45000,-0.34000,True,True,0.223308,True
200,408,0.45000,0.13500,-0.31500,False,False,-0.157526,True
200,409,0.13500,0.95000,+0.81500,False,False,-0.433712,True
200,410,0.95000,0.58000,-0.37000,True,True,0.400768,True
200,411,0.58000,0.35000,-0.23000,False,False,-0.052450,True
200,412,0.35000,0.73000,+0.38000,False,False,-0.263089,True
200,413,0.73000,0.23500,-0.49500,True,True,0.143016,True
200,414,0.23500,0.87500,+0.64000,False,False,-0.357670,True
200,415,0.87500,0.50000,-0.37500,True,True,0.308764,True
200,416,0.50000,0.64500,+0.14500,False,False,-0.125549,True
200,417,0.64500,0.28000,-0.36500,True,True,0.059086,True
200,418,0.28000,0.93000,+0.65000,False,False,-0.312744,True
200,419,0.93000,0.43000,-0.50000,True,True,0.389495,True
200,420,0.43000,0.76000,+0.33000,False,False,-0.196212,True
200,421,0.76000,0.33000,-0.43000,True,True,0.164509,True
200,422,0.33000,0.60500,+0.27500,False,False,-0.282177,True
200,423,0.60500,0.14500,-0.46000,False,True,0.028144,True
200,424,0.14500,0.84500,+0.70000,False,False,-0.425895,True
200,425,0.84500,0.47500,-0.37000,True,True,0.301648,True
200,426,0.47500,0.21500,-0.26000,False,False,-0.124367,True
200,427,0.21500,0.99000,+0.77500,False,False,-0.338501,True
200,428,0.99000,0.66500,-0.32500,True,True,0.450297,True
200,429,0.66500,0.39500,-0.27000,False,True,0.029259,True
200,430,0.39500,0.78000,+0.38500,False,False,-0.235522,True
200,431,0.78000,0.53000,-0.25000,True,True,0.179474,True
200,432,0.53000,0.26000,-0.27000,False,False,-0.091049,True
200,433,0.26000,0.89000,+0.63000,False,False,-0.342002,True
200,434,0.89000,0.58500,-0.30500,True,True,0.316576,True
200,435,0.58500,0.34000,-0.24500,False,False,-0.037340,True
200,436,0.34000,0.72500,+0.38500,False,False,-0.268407,True
200,437,0.72500,0.18000,-0.54500,True,True,0.148608,True
200,438,0.18000,0.96500,+0.78500,False,False,-0.408568,True
200,439,0.96500,0.48500,-0.48000,True,True,0.410894,True
200,440,0.48500,0.68000,+0.19500,False,False,-0.157678,True
200,441,0.68000,0.31000,-0.37000,True,True,0.067061,True
200,442,0.31000,0.82000,+0.51000,False,False,-0.305844,True
200,443,0.82000,0.43500,-0.38500,True,True,0.227011,True
200,444,0.43500,0.62000,+0.18500,False,False,-0.184424,True
200,445,0.62000,0.19500,-0.42500,True,True,0.041654,True
200,446,0.19500,0.90500,+0.71000,False,False,-0.389306,True
200,447,0.90500,0.51500,-0.39000,True,True,0.338617,True
200,448,0.51500,0.28000,-0.23500,False,False,-0.102384,True
200,449,0.28000,0.77000,+0.49000,False,False,-0.307048,True
200,450,0.77000,0.38500,-0.38500,True,True,0.192910,True
200,451,0.38500,0.86000,+0.47500,False,False,-0.197295,True
200,452,0.86000,0.56500,-0.29500,True,True,0.308354,True
200,453,0.56500,0.21500,-0.35000,False,False,-0.043507,True
200,454,0.21500,0.70500,+0.49000,False,False,-0.378708,True
200,455,0.70500,0.33500,-0.37000,True,True,0.161427,True
200,456,0.33500,0.97000,+0.63500,False,False,-0.226015,True
200,457,0.97000,0.48000,-0.49000,True,True,0.428115,True
200,458,0.48000,0.65500,+0.17500,False,False,-0.147096,True
200,459,0.65500,0.24500,-0.41000,True,True,0.058793,True
200,460,0.24500,0.83000,+0.58500,False,False,-0.352795,True
200,461,0.83000,0.41500,-0.41500,True,True,0.257139,True
200,462,0.41500,0.74500,+0.33000,False,False,-0.193593,True
200,463,0.74500,0.18500,-0.56000,True,True,0.183729,True
200,464,0.18500,0.92500,+0.74000,False,False,-0.408444,True
200,465,0.92500,0.53000,-0.39500,True,True,0.369878,True
200,466,0.53000,0.34500,-0.18500,False,False,-0.108363,True
200,467,0.34500,0.68500,+0.34000,False,False,-0.264243,True
200,468,0.68500,0.15000,-0.53500,False,True,0.109786,True
200,469,0.15000,0.88000,+0.73000,False,False,-0.424470,True
200,470,0.88000,0.46000,-0.42000,True,True,0.330979,True
200,471,0.46000,0.61000,+0.15000,False,False,-0.161083,True
200,472,0.61000,0.25500,-0.35500,False,True,0.030892,True
200,473,0.25500,0.99500,+0.74000,False,False,-0.323841,True
200,474,0.99500,0.55000,-0.44500,True,True,0.456633,True
200,475,0.55000,0.78000,+0.23000,False,False,-0.082590,True
200,476,0.78000,0.37000,-0.41000,True,True,0.163870,True
200,477,0.37000,0.71500,+0.34500,False,False,-0.268849,True
200,478,0.71500,0.28000,-0.43500,True,True,0.115887,True
200,479,0.28000,0.85000,+0.57000,False,False,-0.332129,True
200,480,0.85000,0.48500,-0.36500,True,True,0.271531,True
200,481,0.48500,0.18500,-0.30000,False,False,-0.141928,True
200,482,0.18500,0.94000,+0.75500,False,False,-0.404274,True
200,483,0.94000,0.59000,-0.35000,True,True,0.370567,True
200,484,0.59000,0.40000,-0.19000,False,False,-0.051877,True
200,485,0.40000,0.75500,+0.35500,False,False,-0.222864,True
200,486,0.75500,0.30000,-0.45500,True,True,0.155321,True
200,487,0.30000,0.66000,+0.36000,False,False,-0.309758,True
200,488,0.66000,0.14500,-0.51500,False,True,0.082346,True
200,489,0.14500,0.90000,+0.75500,False,False,-0.427263,True
200,490,0.90000,0.50000,-0.40000,True,True,0.333257,True
200,491,0.50000,0.34000,-0.16000,False,False,-0.126302,True
200,492,0.34000,0.81000,+0.47000,False,False,-0.245424,True
200,493,0.81000,0.56500,-0.24500,True,True,0.235236,True
200,494,0.56500,0.21500,-0.35000,False,False,-0.031619,True
200,495,0.21500,0.95500,+0.74000,False,False,-0.369912,True
200,496,0.95500,0.44500,-0.51000,True,True,0.402643,True
200,497,0.44500,0.70000,+0.25500,False,False,-0.185811,True
200,498,0.70000,0.29000,-0.41000,False,True,0.088510,True
200,499,0.29000,0.83500,+0.54500,False,False,-0.317180,True
200,500,0.83500,0.52500,-0.31000,True,True,0.255470,True
200,501,0.52500,0.18500,-0.34000,False,False,-0.093602,True
200,502,0.18500,0.74000,+0.55500,False,False,-0.404043,True
200,503,0.74000,0.38000,-0.36000,True,True,0.175189,True
200,504,0.38000,0.98000,+0.60000,False,False,-0.206339,True
200,505,0.98000,0.60500,-0.37500,True,True,0.433194,True
200,506,0.60500,0.32000,-0.28500,False,False,-0.033661,True
200,507,0.32000,0.79000,+0.47000,False,False,-0.302048,True
200,508,0.79000,0.47500,-0.31500,True,True,0.193177,True
200,509,0.47500,0.20000,-0.27500,False,False,-0.145202,True
200,510,0.20000,0.88500,+0.68500,False,False,-0.385634,True
200,511,0.88500,0.63500,-0.25000,True,True,0.303967,True
200,512,0.63500,0.39500,-0.24000,False,True,0.010229,True
200,513,0.39500,0.72000,+0.32500,False,False,-0.220703,True
200,514,0.72000,0.25500,-0.46500,True,True,0.147554,True
200,515,0.25500,0.92000,+0.66500,False,False,-0.341546,True
200,516,0.92000,0.51500,-0.40500,True,True,0.356302,True
200,517,0.51500,0.33500,-0.18000,False,False,-0.117235,True
200,518,0.33500,0.81500,+0.48000,False,False,-0.260963,True
200,519,0.81500,0.58000,-0.23500,True,True,0.236722,True
200,520,0.58000,0.19000,-0.39000,False,False,-0.026898,True
200,521,0.19000,0.94500,+0.75500,False,False,-0.404674,True
200,522,0.94500,0.45000,-0.49500,True,True,0.395904,True
200,523,0.45000,0.68000,+0.23000,False,False,-0.186600,True
200,524,0.68000,0.29500,-0.38500,False,True,0.066694,True
200,525,0.29500,0.77000,+0.47500,False,False,-0.314199,True
200,526,0.77000,0.40500,-0.36500,True,True,0.190871,True
200,527,0.40500,0.86500,+0.46000,False,False,-0.193006,True
200,528,0.86500,0.54000,-0.32500,True,True,0.305046,True
200,529,0.54000,0.22000,-0.32000,False,False,-0.079374,True
200,530,0.22000,0.70500,+0.48500,False,False,-0.380829,True
200,531,0.70500,0.34500,-0.36000,True,True,0.153779,True
200,532,0.34500,0.98500,+0.64000,False,False,-0.222429,True
200,533,0.98500,0.59500,-0.39000,True,True,0.445471,True
200,534,0.59500,0.43000,-0.16500,False,False,-0.037440,True
200,535,0.43000,0.82500,+0.39500,False,False,-0.183754,True
200,536,0.82500,0.27500,-0.55000,True,True,0.233691,True
200,537,0.27500,0.65500,+0.38000,False,False,-0.347263,True
200,538,0.65500,0.16500,-0.49000,False,True,0.061988,True
200,539,0.16500,0.90500,+0.74000,False,False,-0.416865,True
200,540,0.90500,0.49500,-0.41000,True,True,0.334698,True
200,541,0.49500,0.74000,+0.24500,False,False,-0.138187,True
200,542,0.74000,0.35500,-0.38500,True,True,0.143290,True
200,543,0.35500,0.57500,+0.22000,False,False,-0.265809,True
200,544,0.57500,0.13000,-0.44500,True,True,0.011870,True
200,545,0.13000,0.93500,+0.80500,False,False,-0.434527,True
200,546,0.93500,0.44500,-0.49000,True,True,0.382717,True
200,547,0.44500,0.78000,+0.33500,False,False,-0.174909,True
200,548,0.78000,0.29500,-0.48500,True,True,0.185788,True
200,549,0.29500,0.64000,+0.34500,False,False,-0.322364,True
200,550,0.64000,0.19000,-0.45000,False,True,0.056063,True
200,551,0.19000,0.87000,+0.68000,False,False,-0.380242,True
200,552,0.87000,0.51000,-0.36000,True,True,0.314796,True
200,553,0.51000,0.34000,-0.17000,False,False,-0.103907,True
200,554,0.34000,0.96500,+0.62500,False,False,-0.232086,True
200,555,0.96500,0.61000,-0.35500,True,True,0.421348,True
200,556,0.61000,0.40000,-0.21000,False,False,-0.022064,True
200,557,0.40000,0.75500,+0.35500,False,False,-0.215613,True
200,558,0.75500,0.24000,-0.51500,True,True,0.156429,True
200,559,0.24000,0.83500,+0.59500,False,False,-0.368860,True
200,560,0.83500,0.48500,-0.35000,True,True,0.257819,True
200,561,0.48500,0.68000,+0.19500,False,False,-0.136445,True
200,562,0.68000,0.28500,-0.39500,True,True,0.097278,True
200,563,0.28500,0.91500,+0.63000,False,False,-0.313930,True
200,564,0.91500,0.54000,-0.37500,True,True,0.370504,True
200,565,0.54000,0.35500,-0.18500,False,False,-0.085045,True
200,566,0.35500,0.79500,+0.44000,False,False,-0.244235,True
200,567,0.79500,0.20000,-0.59500,True,True,0.229632,True
200,568,0.20000,0.63000,+0.43000,False,False,-0.398799,True
200,569,0.63000,0.09500,-0.53500,False,True,0.062930,True
200,570,0.09500,0.99500,+0.90000,False,False,-0.452580,True
200,571,0.99500,0.45500,-0.54000,True,True,0.458738,True
200,572,0.45500,0.71500,+0.26000,False,False,-0.188304,True
200,573,0.71500,0.32500,-0.39000,True,True,0.099372,True
200,574,0.32500,0.85500,+0.53000,False,False,-0.296091,True
200,575,0.85500,0.52500,-0.33000,True,True,0.264616,True
200,576,0.52500,0.24500,-0.28000,False,False,-0.107696,True
200,577,0.24500,0.76000,+0.51500,False,False,-0.358896,True
200,578,0.76000,0.41000,-0.35000,True,True,0.178368,True
200,579,0.41000,0.89500,+0.48500,False,False,-0.188355,True
200,580,0.89500,0.58500,-0.31000,True,True,0.330177,True
200,581,0.58500,0.29000,-0.29500,False,False,-0.042230,True
200,582,0.29000,0.69000,+0.40000,False,False,-0.321525,True
200,583,0.69000,0.16500,-0.52500,True,True,0.118620,True
200,584,0.16500,0.95000,+0.78500,False,False,-0.415222,True
200,585,0.95000,0.48000,-0.47000,True,True,0.392178,True
200,586,0.48000,0.64500,+0.16500,False,False,-0.158410,True
200,587,0.64500,0.33500,-0.31000,True,True,0.041915,True
200,588,0.33500,0.82000,+0.48500,False,False,-0.268367,True
200,589,0.82000,0.42500,-0.39500,True,True,0.239427,True
200,590,0.42500,0.13500,-0.29000,False,False,-0.179530,True
200,591,0.13500,0.88000,+0.74500,False,False,-0.432473,True
200,592,0.88000,0.56000,-0.32000,True,True,0.323604,True
200,593,0.56000,0.26500,-0.29500,False,False,-0.057373,True
200,594,0.26500,0.74000,+0.47500,False,False,-0.327345,True
200,595,0.74000,0.38000,-0.36000,True,True,0.170566,True
200,596,0.38000,0.97500,+0.59500,False,False,-0.193782,True
200,597,0.97500,0.60500,-0.37000,True,True,0.426556,True
200,598,0.60500,0.31000,-0.29500,False,False,-0.029733,True
200,599,0.31000,0.78500,+0.47500,False,False,-0.307479,True
200,600,0.78500,0.49000,-0.29500,True,True,0.188250,True
200,601,0.49000,0.18500,-0.30500,False,False,-0.127556,True
200,602,0.18500,0.91000,+0.72500,False,False,-0.401469,True
200,603,0.91000,0.63500,-0.27500,True,True,0.341057,True
200,604,0.63500,0.39500,-0.24000,False,True,0.007739,True
200,605,0.39500,0.72000,+0.32500,False,False,-0.225602,True
200,606,0.72000,0.25000,-0.47000,True,True,0.137589,True
200,607,0.25000,0.84500,+0.59500,False,False,-0.350432,True
200,608,0.84500,0.51000,-0.33500,True,True,0.282985,True
200,609,0.51000,0.16000,-0.35000,False,False,-0.106244,True
200,610,0.16000,0.94000,+0.78000,False,False,-0.420170,True
200,611,0.94000,0.57000,-0.37000,True,True,0.391145,True
200,612,0.57000,0.35000,-0.22000,False,False,-0.064167,True
200,613,0.35000,0.75500,+0.40500,False,False,-0.267279,True
200,614,0.75500,0.43500,-0.32000,True,True,0.165484,True
200,615,0.43500,0.12500,-0.31000,False,False,-0.164842,True
200,616,0.12500,0.86500,+0.74000,False,False,-0.437106,True
200,617,0.86500,0.61500,-0.25000,True,True,0.314394,True
200,618,0.61500,0.28500,-0.33000,False,True,0.007793,True
200,619,0.28500,0.97000,+0.68500,False,False,-0.316464,True
200,620,0.97000,0.49500,-0.47500,True,True,0.430592,True
200,621,0.49500,0.69000,+0.19500,False,False,-0.145401,True
200,622,0.69000,0.33500,-0.35500,True,True,0.072107,True
200,623,0.33500,0.80500,+0.47000,False,False,-0.284027,True
200,624,0.80500,0.42000,-0.38500,True,True,0.216171,True
200,625,0.42000,0.17000,-0.25000,False,False,-0.194236,True
200,626,0.17000,0.89000,+0.72000,False,False,-0.407970,True
200,627,0.89000,0.58000,-0.31000,True,True,0.330389,True
200,628,0.58000,0.27500,-0.30500,False,False,-0.045750,True
200,629,0.27500,0.73000,+0.45500,False,False,-0.323651,True
200,630,0.73000,0.46500,-0.26500,True,True,0.151198,True
200,631,0.46500,0.10000,-0.36500,False,False,-0.117475,True
200,632,0.10000,0.99000,+0.89000,False,False,-0.449261,True
200,633,0.99000,0.63000,-0.36000,True,True,0.452194,True
200,634,0.63000,0.36500,-0.26500,False,False,-0.004199,True
200,635,0.36500,0.79000,+0.42500,False,False,-0.260448,True
200,636,0.79000,0.51500,-0.27500,True,True,0.188685,True
200,637,0.51500,0.22500,-0.29000,False,False,-0.102838,True
200,638,0.22500,0.85500,+0.63000,False,False,-0.372511,True
200,639,0.85500,0.42500,-0.43000,True,True,0.276520,True
200,640,0.42500,0.68000,+0.25500,False,False,-0.187704,True
200,641,0.68000,0.26500,-0.41500,False,True,0.092713,True
200,642,0.26500,0.92500,+0.66000,False,False,-0.321593,True
200,643,0.92500,0.55500,-0.37000,True,True,0.357072,True
200,644,0.55500,0.34000,-0.21500,False,False,-0.073617,True
200,645,0.34000,0.76500,+0.42500,False,False,-0.262052,True
200,646,0.76500,0.18500,-0.58000,True,True,0.180481,True
200,647,0.18500,0.64500,+0.46000,False,False,-0.407214,True
200,648,0.64500,0.95500,+0.31000,False,True,0.079586,True
200,649,0.95500,0.45000,-0.50500,True,True,0.399813,True
200,650,0.45000,0.71000,+0.26000,False,False,-0.194662,True
200,651,0.71000,0.30500,-0.40500,True,True,0.105222,True
200,652,0.30500,0.83000,+0.52500,False,False,-0.317120,True
200,653,0.83000,0.50500,-0.32500,True,True,0.245667,True
200,654,0.50500,0.21500,-0.29000,False,False,-0.120383,True
200,655,0.21500,0.90000,+0.68500,False,False,-0.380605,True
200,656,0.90000,0.58500,-0.31500,True,True,0.334954,True
200,657,0.58500,0.37500,-0.21000,False,False,-0.044631,True
200,658,0.37500,0.74500,+0.37000,False,False,-0.238391,True
200,659,0.74500,0.25500,-0.49000,True,True,0.168360,True
200,660,0.25500,0.87000,+0.61500,False,False,-0.340865,True
200,661,0.87000,0.47500,-0.39500,True,True,0.326965,True
200,662,0.47500,0.63500,+0.16000,False,False,-0.145890,True
200,663,0.63500,0.17500,-0.46000,True,True,0.054969,True
200,664,0.17500,0.98000,+0.80500,False,False,-0.412426,True
200,665,0.98000,0.42000,-0.56000,True,True,0.440750,True
200,666,0.42000,0.69500,+0.27500,False,False,-0.217760,True
200,667,0.69500,0.31500,-0.38000,False,True,0.081573,True
200,668,0.31500,0.80000,+0.48500,False,False,-0.296437,True
200,669,0.80000,0.53500,-0.26500,True,True,0.211571,True
200,670,0.53500,0.21000,-0.32500,False,False,-0.079820,True
200,671,0.21000,0.92000,+0.71000,False,False,-0.379644,True
200,672,0.92000,0.59500,-0.32500,True,True,0.356681,True
200,673,0.59500,0.37000,-0.22500,False,False,-0.032893,True
200,674,0.37000,0.77000,+0.40000,False,False,-0.245282,True
200,675,0.77000,0.27000,-0.50000,True,True,0.187112,True
200,676,0.27000,0.66500,+0.39500,False,False,-0.332511,True
200,677,0.66500,0.13000,-0.53500,True,True,0.104645,True
200,678,0.13000,0.94500,+0.81500,False,False,-0.434482,True
200,679,0.94500,0.47000,-0.47500,True,True,0.396830,True
200,680,0.47000,0.72500,+0.25500,False,False,-0.166309,True
200,681,0.72500,0.33500,-0.39000,True,True,0.131029,True
200,682,0.33500,0.84500,+0.51000,False,False,-0.280344,True
200,683,0.84500,0.52000,-0.32500,True,True,0.270563,True
200,684,0.52000,0.22500,-0.29500,False,False,-0.103270,True
200,685,0.22500,0.88500,+0.66000,False,False,-0.372514,True
200,686,0.88500,0.57500,-0.31000,True,True,0.335680,True
200,687,0.57500,0.38000,-0.19500,False,False,-0.047835,True
200,688,0.38000,0.75000,+0.37000,False,False,-0.224964,True
200,689,0.75000,0.19000,-0.56000,True,True,0.191374,True
200,690,0.19000,0.99500,+0.80500,False,False,-0.402152,True
200,691,0.99500,0.49000,-0.50500,True,True,0.461542,True
200,692,0.49000,0.65000,+0.16000,False,False,-0.157016,True
200,693,0.65000,0.31000,-0.34000,False,True,0.026833,True
200,694,0.31000,0.81500,+0.50500,False,False,-0.307656,True
200,695,0.81500,0.43000,-0.38500,True,True,0.220935,True
200,696,0.43000,0.70000,+0.27000,False,False,-0.187742,True
200,697,0.70000,0.23000,-0.47000,True,True,0.118239,True
200,698,0.23000,0.91000,+0.68000,False,False,-0.368335,True
200,699,0.91000,0.54000,-0.37000,True,True,0.341901,True
200,700,0.54000,0.35000,-0.19000,False,False,-0.091021,True
200,701,0.35000,0.78500,+0.43500,False,False,-0.253154,True
200,702,0.78500,0.19500,-0.59000,True,True,0.208991,True
200,703,0.19500,0.61500,+0.42000,False,False,-0.400052,True
200,704,0.61500,0.96000,+0.34500,False,True,0.039984,True
200,705,0.96000,0.45000,-0.51000,True,True,0.402709,True
200,706,0.45000,0.68000,+0.23000,False,False,-0.192870,True
200,707,0.68000,0.29000,-0.39000,True,True,0.072004,True
200,708,0.29000,0.85500,+0.56500,False,False,-0.326508,True
200,709,0.85500,0.50500,-0.35000,True,True,0.269577,True
200,710,0.50500,0.21500,-0.29000,False,False,-0.121390,True
200,711,0.21500,0.75500,+0.54000,False,False,-0.379386,True
200,712,0.75500,0.39000,-0.36500,True,True,0.179133,True
200,713,0.39000,0.93000,+0.54000,False,False,-0.202114,True
200,714,0.93000,0.57500,-0.35500,True,True,0.372416,True
200,715,0.57500,0.31000,-0.26500,False,False,-0.056945,True
200,716,0.31000,0.72000,+0.41000,False,False,-0.301139,True
200,717,0.72000,0.17500,-0.54500,True,True,0.138408,True
200,718,0.17500,0.87500,+0.70000,False,False,-0.411956,True
200,719,0.87500,0.47000,-0.40500,True,True,0.313291,True
200,720,0.47000,0.63500,+0.16500,False,False,-0.157360,True
200,721,0.63500,0.25500,-0.38000,True,True,0.048036,True
200,722,0.25500,0.97500,+0.72000,False,False,-0.333406,True
200,723,0.97500,0.53000,-0.44500,True,True,0.431445,True
200,724,0.53000,0.77500,+0.24500,False,False,-0.105700,True
200,725,0.77500,0.36500,-0.41000,True,True,0.164297,True
200,726,0.36500,0.67000,+0.30500,False,False,-0.271908,True
200,727,0.67000,0.22000,-0.45000,True,True,0.075178,True
200,728,0.22000,0.83500,+0.61500,False,False,-0.381427,True
200,729,0.83500,0.44500,-0.39000,True,True,0.261160,True
200,730,0.44500,0.13500,-0.31000,False,False,-0.172974,True
200,731,0.13500,0.90500,+0.77000,False,False,-0.432317,True
200,732,0.90500,0.56500,-0.34000,True,True,0.346183,True
200,733,0.56500,0.32500,-0.24000,False,False,-0.064633,True
200,734,0.32500,0.73500,+0.41000,False,False,-0.281209,True
200,735,0.73500,0.41000,-0.32500,True,True,0.156024,True
200,736,0.41000,0.95000,+0.54000,False,False,-0.172013,True
200,737,0.95000,0.60500,-0.34500,True,True,0.405269,True
200,738,0.60500,0.27000,-0.33500,False,False,-0.026144,True
200,739,0.27000,0.80000,+0.53000,False,False,-0.350250,True
200,740,0.80000,0.48500,-0.31500,True,True,0.209231,True
200,741,0.48500,0.18000,-0.30500,False,False,-0.135195,True
200,742,0.18000,0.69500,+0.51500,False,False,-0.405491,True
200,743,0.69500,0.35500,-0.34000,False,True,0.133000,True
200,744,0.35500,0.89000,+0.53500,False,False,-0.204756,True
200,745,0.89000,0.54000,-0.35000,True,True,0.347755,True
200,746,0.54000,0.22500,-0.31500,False,False,-0.065103,True
200,747,0.22500,0.82500,+0.60000,False,False,-0.356067,True
200,748,0.82500,0.42500,-0.40000,True,True,0.286272,True
200,749,0.42500,0.09500,-0.33000,False,False,-0.171421,True
200,750,0.09500,0.98500,+0.89000,False,False,-0.451620,True
200,751,0.98500,0.62500,-0.36000,True,True,0.448862,True
200,752,0.62500,0.34000,-0.28500,False,False,-0.016284,True
200,753,0.34000,0.74500,+0.40500,False,False,-0.285286,True
200,754,0.74500,0.49500,-0.25000,True,True,0.141091,True
200,755,0.49500,0.19500,-0.30000,False,False,-0.116199,True
200,756,0.19500,0.86500,+0.67000,False,False,-0.387613,True
200,757,0.86500,0.57500,-0.29000,True,True,0.295580,True
200,758,0.57500,0.29500,-0.28000,False,False,-0.036890,True
200,759,0.29500,0.78000,+0.48500,False,False,-0.299987,True
200,760,0.78000,0.40500,-0.37500,True,True,0.222614,True
200,761,0.40500,0.93500,+0.53000,False,False,-0.184407,True
200,762,0.93500,0.52500,-0.41000,True,True,0.383035,True
200,763,0.52500,0.23500,-0.29000,False,False,-0.102867,True
200,764,0.23500,0.69000,+0.45500,False,False,-0.368894,True
200,765,0.69000,0.35500,-0.33500,False,True,0.099792,True
200,766,0.35500,0.84500,+0.49000,False,False,-0.215766,True
200,767,0.84500,0.47000,-0.37500,True,True,0.297503,True
200,768,0.47000,0.13500,-0.33500,False,False,-0.125671,True
200,769,0.13500,0.96500,+0.83000,False,False,-0.433018,True
200,770,0.96500,0.61500,-0.35000,True,True,0.424451,True
200,771,0.61500,0.32000,-0.29500,False,False,-0.021656,True
200,772,0.32000,0.73000,+0.41000,False,False,-0.299226,True
200,773,0.73000,0.43500,-0.29500,True,True,0.130547,True
200,774,0.43500,0.88000,+0.44500,False,False,-0.164597,True
200,775,0.88000,0.55000,-0.33000,True,True,0.313646,True
200,776,0.55000,0.24000,-0.31000,False,False,-0.072354,True
200,777,0.24000,0.77000,+0.53000,False,False,-0.369146,True
200,778,0.77000,0.37500,-0.39500,True,True,0.196445,True
200,779,0.37500,0.09500,-0.28000,False,False,-0.222255,True
200,780,0.09500,0.92000,+0.82500,False,False,-0.451381,True
200,781,0.92000,0.59500,-0.32500,True,True,0.378172,True
200,782,0.59500,0.30000,-0.29500,False,False,-0.029837,True
200,783,0.30000,0.70000,+0.40000,False,False,-0.302932,True
200,784,0.70000,0.46000,-0.24000,False,True,0.124470,True
200,785,0.46000,0.13000,-0.33000,False,False,-0.113414,True
200,786,0.13000,0.99000,+0.86000,False,False,-0.411799,True
200,787,0.99000,0.64000,-0.35000,True,True,0.458252,True
200,788,0.64000,0.35500,-0.28500,False,True,0.013116,True
200,789,0.35500,0.81000,+0.45500,False,False,-0.265058,True
200,790,0.81000,0.50500,-0.30500,True,True,0.207092,True
200,791,0.50500,0.22500,-0.28000,False,False,-0.116531,True
200,792,0.22500,0.85500,+0.63000,False,False,-0.370463,True
200,793,0.85500,0.57000,-0.28500,True,True,0.275552,True
200,794,0.57000,0.31500,-0.25500,False,False,-0.044699,True
200,795,0.31500,0.75000,+0.43500,False,False,-0.281019,True
200,796,0.75000,0.17000,-0.58000,True,True,0.181148,True
200,797,0.17000,0.94000,+0.77000,False,False,-0.409956,True
200,798,0.94000,0.47000,-0.47000,True,True,0.382878,True
200,799,0.47000,0.66500,+0.19500,False,False,-0.168246,True
200,800,0.66500,0.34500,-0.32000,False,True,0.056075,True
200,801,0.34500,0.83000,+0.48500,False,False,-0.260862,True
200,802,0.83000,0.53000,-0.30000,True,True,0.259527,True
200,803,0.53000,0.21500,-0.31500,False,False,-0.079539,True
200,804,0.21500,0.90000,+0.68500,False,False,-0.377061,True
200,805,0.90000,0.42000,-0.48000,True,True,0.346437,True
200,806,0.42000,0.70500,+0.28500,False,False,-0.200994,True
200,807,0.70500,0.28000,-0.42500,True,True,0.109630,True
200,808,0.28000,0.61500,+0.33500,False,False,-0.317416,True
200,809,0.61500,0.10000,-0.51500,True,True,0.066892,True
200,810,0.10000,0.97000,+0.87000,False,False,-0.450887,True
200,811,0.97000,0.48500,-0.48500,True,True,0.430586,True
200,812,0.48500,0.77500,+0.29000,False,False,-0.144208,True
200,813,0.77500,0.35500,-0.42000,True,True,0.170977,True
200,814,0.35500,0.65000,+0.29500,False,False,-0.271109,True
200,815,0.65000,0.20000,-0.45000,True,True,0.065892,True
200,816,0.20000,0.87000,+0.67000,False,False,-0.388276,True
200,817,0.87000,0.45000,-0.42000,True,True,0.304716,True
200,818,0.45000,0.73000,+0.28000,False,False,-0.166616,True
200,819,0.73000,0.29000,-0.44000,True,True,0.158255,True
200,820,0.29000,0.92500,+0.63500,False,False,-0.311339,True
200,821,0.92500,0.54500,-0.38000,True,True,0.381592,True
200,822,0.54500,0.37500,-0.17000,False,False,-0.089073,True
200,823,0.37500,0.80000,+0.42500,False,False,-0.230002,True
200,824,0.80000,0.23000,-0.57000,True,True,0.226239,True
200,825,0.23000,0.62500,+0.39500,False,False,-0.374914,True
200,826,0.62500,0.11500,-0.51000,False,True,0.045504,True
200,827,0.11500,0.99500,+0.88000,False,False,-0.440941,True
200,828,0.99500,0.49500,-0.50000,True,True,0.465052,True
200,829,0.49500,0.69500,+0.20000,False,False,-0.148276,True
200,830,0.69500,0.33500,-0.36000,True,True,0.078586,True
200,831,0.33500,0.84000,+0.50500,False,False,-0.287134,True
200,832,0.84000,0.44000,-0.40000,True,True,0.246963,True
200,833,0.44000,0.60000,+0.16000,False,False,-0.185933,True
200,834,0.60000,0.19500,-0.40500,False,True,0.009762,True
200,835,0.19500,0.89500,+0.70000,False,False,-0.393914,True
200,836,0.89500,0.52000,-0.37500,True,True,0.323189,True
200,837,0.52000,0.75000,+0.23000,False,False,-0.095832,True
200,838,0.75000,0.30500,-0.44500,True,True,0.157269,True
200,839,0.30500,0.95000,+0.64500,False,False,-0.315047,True
200,840,0.95000,0.46500,-0.48500,True,True,0.389903,True
200,841,0.46500,0.66500,+0.20000,False,False,-0.177763,True
200,842,0.66500,0.25500,-0.41000,False,True,0.045502,True
200,843,0.25500,0.81000,+0.55500,False,False,-0.360849,True
200,844,0.81000,0.40000,-0.41000,True,True,0.219551,True
200,845,0.40000,0.61000,+0.21000,False,False,-0.218594,True
200,846,0.61000,0.15500,-0.45500,False,True,0.029719,True
200,847,0.15500,0.91000,+0.75500,False,False,-0.421344,True
200,848,0.91000,0.50500,-0.40500,True,True,0.351232,True
200,849,0.50500,0.72500,+0.22000,False,False,-0.114938,True
200,850,0.72500,0.31500,-0.41000,True,True,0.134663,True
200,851,0.31500,0.85500,+0.54000,False,False,-0.298748,True
200,852,0.85500,0.43000,-0.42500,True,True,0.297892,True
200,853,0.43000,0.19000,-0.24000,False,False,-0.188447,True
200,854,0.19000,0.68000,+0.49000,False,False,-0.387708,True
200,855,0.68000,0.97500,+0.29500,False,True,0.123477,True
200,856,0.97500,0.54000,-0.43500,True,True,0.431999,True
200,857,0.54000,0.34500,-0.19500,False,False,-0.103724,True
200,858,0.34500,0.78000,+0.43500,False,False,-0.276458,True
200,859,0.78000,0.46000,-0.32000,True,True,0.181419,True
200,860,0.46000,0.16500,-0.29500,False,False,-0.150369,True
200,861,0.16500,0.87500,+0.71000,False,False,-0.416141,True
200,862,0.87500,0.60000,-0.27500,True,True,0.306258,True
200,863,0.60000,0.29000,-0.31000,False,False,-0.020509,True
200,864,0.29000,0.74000,+0.45000,False,False,-0.315108,True
200,865,0.74000,0.40000,-0.34000,True,True,0.170830,True
200,866,0.40000,0.94500,+0.54500,False,False,-0.185147,True
200,867,0.94500,0.52500,-0.42000,True,True,0.395644,True
200,868,0.52500,0.23000,-0.29500,False,False,-0.104776,True
200,869,0.23000,0.70000,+0.47000,False,False,-0.374478,True
200,870,0.70000,0.35500,-0.34500,False,True,0.113078,True
200,871,0.35500,0.83000,+0.47500,False,False,-0.220367,True
200,872,0.83000,0.57000,-0.26000,True,True,0.266266,True
200,873,0.57000,0.17500,-0.39500,False,False,-0.025369,True
200,874,0.17500,0.92000,+0.74500,False,False,-0.410004,True
200,875,0.92000,0.44500,-0.47500,True,True,0.379344,True
200,876,0.44500,0.65500,+0.21000,False,False,-0.181683,True
200,877,0.65500,0.27500,-0.38000,True,True,0.061655,True
200,878,0.27500,0.79500,+0.52000,False,False,-0.319358,True
200,879,0.79500,0.38500,-0.41000,True,True,0.241867,True
200,880,0.38500,0.08500,-0.30000,False,False,-0.204512,True
200,881,0.08500,0.98000,+0.89500,False,False,-0.457808,True
200,882,0.98000,0.55000,-0.43000,True,True,0.445806,True
200,883,0.55000,0.71500,+0.16500,False,False,-0.086986,True
200,884,0.71500,0.32000,-0.39500,True,True,0.104857,True
200,885,0.32000,0.85000,+0.53000,False,False,-0.303632,True
200,886,0.85000,0.48000,-0.37000,True,True,0.268218,True
200,887,0.48000,0.21500,-0.26500,False,False,-0.150854,True
200,888,0.21500,0.67000,+0.45500,False,False,-0.381995,True
200,889,0.67000,0.89000,+0.22000,False,True,0.094928,True
200,890,0.89000,0.41000,-0.48000,True,True,0.332923,True
200,891,0.41000,0.59500,+0.18500,False,False,-0.222501,True
200,892,0.59500,0.17500,-0.42000,False,True,0.001934,True
200,893,0.17500,0.77500,+0.60000,False,False,-0.410873,True
200,894,0.77500,0.33500,-0.44000,True,True,0.223283,True
200,895,0.33500,0.96000,+0.62500,False,False,-0.252716,True
200,896,0.96000,0.52000,-0.44000,True,True,0.418942,True
200,897,0.52000,0.69000,+0.17000,False,False,-0.115241,True
200,898,0.69000,0.27500,-0.41500,True,True,0.087315,True
200,899,0.27500,0.82000,+0.54500,False,False,-0.341171,True
200,900,0.82000,0.44000,-0.38000,True,True,0.248595,True
200,901,0.44000,0.15000,-0.29000,False,False,-0.178697,True
200,902,0.15000,0.90500,+0.75500,False,False,-0.425260,True
200,903,0.90500,0.57000,-0.33500,True,True,0.355955,True
200,904,0.57000,0.35500,-0.21500,False,False,-0.058170,True
200,905,0.35500,0.74000,+0.38500,False,False,-0.249839,True
200,906,0.74000,0.23000,-0.51000,True,True,0.164602,True
200,907,0.23000,0.63500,+0.40500,False,False,-0.357950,True
200,908,0.63500,0.07500,-0.56000,True,True,0.099353,True
200,909,0.07500,0.99000,+0.91500,False,False,-0.462721,True
200,910,0.99000,0.47500,-0.51500,True,True,0.461538,True
200,911,0.47500,0.78500,+0.31000,False,False,-0.163431,True
200,912,0.78500,0.37500,-0.41000,True,True,0.181071,True
200,913,0.37500,0.60500,+0.23000,False,False,-0.256688,True
200,914,0.60500,0.20000,-0.40500,False,True,0.012017,True
200,915,0.20000,0.87000,+0.67000,False,False,-0.386380,True
200,916,0.87000,0.50500,-0.36500,True,True,0.293780,True
200,917,0.50500,0.28500,-0.22000,False,False,-0.108834,True
200,918,0.28500,0.93000,+0.64500,False,False,-0.295252,True
200,919,0.93000,0.67000,-0.26000,True,True,0.365923,True
200,920,0.67000,0.41000,-0.26000,False,True,0.040162,True
200,921,0.41000,0.75500,+0.34500,False,False,-0.216324,True
200,922,0.75500,0.25000,-0.50500,True,True,0.162432,True
200,923,0.25000,0.56000,+0.31000,False,False,-0.362323,True
200,924,0.56000,0.84500,+0.28500,False,False,-0.015230,True
200,925,0.84500,0.35000,-0.49500,True,True,0.287270,True
200,926,0.35000,0.12000,-0.23000,False,False,-0.262612,True
200,927,0.12000,0.95500,+0.83500,False,False,-0.440363,True
200,928,0.95500,0.59500,-0.36000,True,True,0.409213,True
200,929,0.59500,0.45000,-0.14500,False,False,-0.042257,True
200,930,0.45000,0.72500,+0.27500,False,False,-0.168683,True
200,931,0.72500,0.27000,-0.45500,True,True,0.130442,True
200,932,0.27000,0.81500,+0.54500,False,False,-0.337202,True
200,933,0.81500,0.49500,-0.32000,True,True,0.246942,True
200,934,0.49500,0.17500,-0.32000,False,False,-0.112794,True
200,935,0.17500,0.90000,+0.72500,False,False,-0.403137,True
200,936,0.90000,0.62500,-0.27500,True,True,0.350958,True
200,937,0.62500,0.36500,-0.26000,False,True,0.006606,True
200,938,0.36500,0.76500,+0.40000,False,False,-0.249749,True
200,939,0.76500,0.24500,-0.52000,True,True,0.208764,True
200,940,0.24500,0.54000,+0.29500,False,False,-0.353034,True
200,941,0.54000,0.97000,+0.43000,False,False,-0.003143,True
200,942,0.97000,0.42500,-0.54500,True,True,0.439893,True
200,943,0.42500,0.69000,+0.26500,False,False,-0.203865,True
200,944,0.69000,0.29000,-0.40000,True,True,0.087460,True
200,945,0.29000,0.86000,+0.57000,False,False,-0.313938,True
200,946,0.86000,0.51000,-0.35000,True,True,0.286582,True
200,947,0.51000,0.18500,-0.32500,False,False,-0.109502,True
200,948,0.18500,0.74000,+0.55500,False,False,-0.405289,True
200,949,0.74000,0.37500,-0.36500,True,True,0.173689,True
200,950,0.37500,0.92500,+0.55000,False,False,-0.207643,True
200,951,0.92500,0.58000,-0.34500,True,True,0.382053,True
200,952,0.58000,0.26500,-0.31500,False,False,-0.045811,True
200,953,0.26500,0.79500,+0.53000,False,False,-0.341330,True
200,954,0.79500,0.45500,-0.34000,True,True,0.221496,True
200,955,0.45500,0.13500,-0.32000,False,False,-0.153405,True
200,956,0.13500,0.66500,+0.53000,False,False,-0.432179,True
200,957,0.66500,0.99500,+0.33000,False,True,0.124141,True
200,958,0.99500,0.40000,-0.59500,True,True,0.468891,True
200,959,0.40000,0.61500,+0.21500,False,False,-0.242341,True
200,960,0.61500,0.24000,-0.37500,False,True,0.001693,True
200,961,0.24000,0.83500,+0.59500,False,False,-0.359511,True
200,962,0.83500,0.50000,-0.33500,True,True,0.241316,True
200,963,0.50000,0.72000,+0.22000,False,False,-0.117271,True
200,964,0.72000,0.31000,-0.41000,True,True,0.134967,True
200,965,0.31000,0.89000,+0.58000,False,False,-0.298208,True
200,966,0.89000,0.44000,-0.45000,True,True,0.319368,True
200,967,0.44000,0.64500,+0.20500,False,False,-0.184316,True
200,968,0.64500,0.19500,-0.45000,True,True,0.056376,True
200,969,0.19500,0.94000,+0.74500,False,False,-0.400476,True
200,970,0.94000,0.53500,-0.40500,True,True,0.380960,True
200,971,0.53500,0.34500,-0.19000,False,False,-0.098673,True
200,972,0.34500,0.77500,+0.43000,False,False,-0.263122,True
200,973,0.77500,0.25500,-0.52000,True,True,0.178843,True
200,974,0.25500,0.69500,+0.44000,False,False,-0.342812,True
200,975,0.69500,0.46500,-0.23000,False,True,0.119891,True
200,976,0.46500,0.87500,+0.41000,False,False,-0.108164,True
200,977,0.87500,0.32000,-0.55500,True,True,0.321865,True
200,978,0.32000,0.60000,+0.28000,False,False,-0.289377,True
200,979,0.60000,0.13000,-0.47000,False,True,0.027823,True
200,980,0.13000,0.96500,+0.83500,False,False,-0.435350,True
200,981,0.96500,0.50500,-0.46000,True,True,0.422533,True
200,982,0.50500,0.75000,+0.24500,False,False,-0.124160,True
200,983,0.75000,0.37000,-0.38000,True,True,0.144167,True
200,984,0.37000,0.82000,+0.45000,False,False,-0.253579,True
200,985,0.82000,0.27000,-0.55000,True,True,0.237863,True
200,986,0.27000,0.63000,+0.36000,False,False,-0.349367,True
200,987,0.63000,0.16500,-0.46500,False,True,0.035378,True
200,988,0.16500,0.91000,+0.74500,False,False,-0.406949,True
200,989,0.91000,0.47500,-0.43500,True,True,0.354996,True
200,990,0.47500,0.68000,+0.20500,False,False,-0.155373,True
200,991,0.68000,0.32500,-0.35500,True,True,0.087001,True
200,992,0.32500,0.85000,+0.52500,False,False,-0.276396,True
200,993,0.85000,0.53000,-0.32000,True,True,0.299896,True
200,994,0.53000,0.21000,-0.32000,False,False,-0.081299,True
200,995,0.21000,0.98500,+0.77500,False,False,-0.380099,True
200,996,0.98500,0.58500,-0.40000,True,True,0.450185,True
200,997,0.58500,0.39500,-0.19000,False,False,-0.055115,True
200,998,0.39500,0.76500,+0.37000,False,False,-0.229949,True
200,999,0.76500,0.28500,-0.48000,True,True,0.158643,True
200,1000,0.28500,0.71000,+0.42500,False,False,-0.328206,True
200,1001,0.71000,0.45500,-0.25500,True,True,0.124720,True
200,1002,0.45500,0.89500,+0.44000,False,False,-0.133768,True
200,1003,0.89500,0.34500,-0.55000,True,True,0.329502,True
200,1004,0.34500,0.64000,+0.29500,False,False,-0.274953,True
200,1005,0.64000,0.17500,-0.46500,False,True,0.048315,True
200,1006,0.17500,0.81000,+0.63500,False,False,-0.411032,True
200,1007,0.81000,0.50000,-0.31000,True,True,0.250237,True
200,1008,0.50000,0.24000,-0.26000,False,False,-0.100565,True
200,1009,0.24000,0.94500,+0.70500,False,False,-0.320729,True
200,1010,0.94500,0.57000,-0.37500,True,True,0.394254,True
200,1011,0.57000,0.37500,-0.19500,False,False,-0.053843,True
200,1012,0.37500,0.74500,+0.37000,False,False,-0.225772,True
200,1013,0.74500,0.20000,-0.54500,True,True,0.165495,True
200,1014,0.20000,0.86500,+0.66500,False,False,-0.387916,True
200,1015,0.86500,0.46500,-0.40000,True,True,0.306808,True
200,1016,0.46500,0.66000,+0.19500,False,False,-0.154626,True
200,1017,0.66000,0.28000,-0.38000,True,True,0.078769,True
200,1018,0.28000,0.96000,+0.68000,False,False,-0.309734,True
200,1019,0.96000,0.53500,-0.42500,True,True,0.424498,True
200,1020,0.53500,0.35000,-0.18500,False,False,-0.096420,True
200,1021,0.35000,0.78500,+0.43500,False,False,-0.252979,True
200,1022,0.78500,0.60500,-0.18000,True,True,0.194073,True
200,1023,0.60500,0.21500,-0.39000,True,True,0.006760,True
200,1024,0.21500,0.88500,+0.67000,False,False,-0.384271,True
200,1025,0.88500,0.43000,-0.45500,True,True,0.330383,True
200,1026,0.43000,0.70000,+0.27000,False,False,-0.193640,True
200,1027,0.70000,0.29000,-0.41000,True,True,0.113625,True
200,1028,0.29000,0.07500,-0.21500,False,False,-0.307787,True
200,1029,0.07500,0.92500,+0.85000,False,False,-0.462195,True
200,1030,0.92500,0.51500,-0.41000,True,True,0.390195,True
200,1031,0.51500,0.73000,+0.21500,False,False,-0.111637,True
200,1032,0.73000,0.36000,-0.37000,True,True,0.139632,True
200,1033,0.36000,0.15500,-0.20500,False,False,-0.253504,True
200,1034,0.15500,0.83000,+0.67500,False,False,-0.405138,True
200,1035,0.83000,0.56500,-0.26500,True,True,0.278967,True
200,1036,0.56500,0.25500,-0.31000,False,False,-0.035739,True
200,1037,0.25500,0.98000,+0.72500,False,False,-0.319554,True
200,1038,0.98000,0.47500,-0.50500,True,True,0.454237,True
200,1039,0.47500,0.67000,+0.19500,False,False,-0.159881,True
200,1040,0.67000,0.32000,-0.35000,False,True,0.057190,True
200,1041,0.32000,0.80000,+0.48000,False,False,-0.285766,True
200,1042,0.80000,0.42000,-0.38000,True,True,0.217693,True
200,1043,0.42000,0.13500,-0.28500,False,False,-0.183826,True
200,1044,0.13500,0.87000,+0.73500,False,False,-0.430407,True
200,1045,0.87000,0.59000,-0.28000,True,True,0.312527,True
200,1046,0.59000,0.27500,-0.31500,False,False,-0.026074,True
200,1047,0.27500,0.75000,+0.47500,False,False,-0.319247,True
200,1048,0.75000,0.45500,-0.29500,True,True,0.192933,True
200,1049,0.45500,0.08500,-0.37000,False,False,-0.125050,True
200,1050,0.08500,0.93500,+0.85000,False,False,-0.458373,True
200,1051,0.93500,0.54000,-0.39500,True,True,0.402257,True
200,1052,0.54000,0.30500,-0.23500,False,False,-0.078887,True
200,1053,0.30500,0.71000,+0.40500,False,False,-0.289027,True
200,1054,0.71000,0.18500,-0.52500,True,True,0.143786,True
200,1055,0.18500,0.84500,+0.66000,False,False,-0.383635,True
200,1056,0.84500,0.41000,-0.43500,True,True,0.312797,True
200,1057,0.41000,0.63000,+0.22000,False,False,-0.193849,True
200,1058,0.63000,0.12500,-0.50500,True,True,0.075637,True
200,1059,0.12500,0.99500,+0.87000,False,False,-0.429502,True
200,1060,0.99500,0.50000,-0.49500,True,True,0.472333,True
200,1061,0.50000,0.76500,+0.26500,False,False,-0.135966,True
200,1062,0.76500,0.34000,-0.42500,True,True,0.158884,True
200,1063,0.34000,0.65500,+0.31500,False,False,-0.291400,True
200,1064,0.65500,0.23000,-0.42500,True,True,0.065662,True
200,1065,0.23000,0.90500,+0.67500,False,False,-0.361682,True
200,1066,0.90500,0.46500,-0.44000,True,True,0.331544,True
200,1067,0.46500,0.72000,+0.25500,False,False,-0.162953,True
200,1068,0.72000,0.29500,-0.42500,True,True,0.129577,True
200,1069,0.29500,0.82500,+0.53000,False,False,-0.313132,True
200,1070,0.82500,0.53500,-0.29000,True,True,0.259028,True
200,1071,0.53500,0.18500,-0.35000,False,False,-0.079652,True
200,1072,0.18500,0.95000,+0.76500,False,False,-0.404883,True
200,1073,0.95000,0.43000,-0.52000,True,True,0.397823,True
200,1074,0.43000,0.64000,+0.21000,False,False,-0.206437,True
200,1075,0.64000,0.27000,-0.37000,False,True,0.028331,True
200,1076,0.27000,0.79000,+0.52000,False,False,-0.326526,True
200,1077,0.79000,0.49500,-0.29500,True,True,0.211809,True
200,1078,0.49500,0.13500,-0.36000,False,False,-0.102926,True
200,1079,0.13500,0.89000,+0.75500,False,False,-0.432305,True
200,1080,0.89000,0.58000,-0.31000,True,True,0.332275,True
200,1081,0.58000,0.33500,-0.24500,False,False,-0.035547,True
200,1082,0.33500,0.74000,+0.40500,False,False,-0.267593,True
200,1083,0.74000,0.22000,-0.52000,True,True,0.181374,True
200,1084,0.22000,0.97000,+0.75000,False,False,-0.361275,True
200,1085,0.97000,0.47000,-0.50000,True,True,0.429964,True
200,1086,0.47000,0.67500,+0.20500,False,False,-0.168132,True
200,1087,0.67500,0.36000,-0.31500,False,True,0.063447,True
200,1088,0.36000,0.85000,+0.49000,False,False,-0.248254,True
200,1089,0.85000,0.54500,-0.30500,True,True,0.268089,True
200,1090,0.54500,0.24500,-0.30000,False,False,-0.074112,True
200,1091,0.24500,0.77500,+0.53000,False,False,-0.356781,True
200,1092,0.77500,0.41000,-0.36500,True,True,0.208600,True
200,1093,0.41000,0.92000,+0.51000,False,False,-0.183216,True
200,1094,0.92000,0.60000,-0.32000,True,True,0.368207,True
200,1095,0.60000,0.29500,-0.30500,False,False,-0.027184,True
200,1096,0.29500,0.70500,+0.41000,False,False,-0.322106,True
200,1097,0.70500,0.17500,-0.53000,True,True,0.129326,True
200,1098,0.17500,0.87500,+0.70000,False,False,-0.412558,True
200,1099,0.87500,0.46500,-0.41000,True,True,0.332277,True
200,1100,0.46500,0.63000,+0.16500,False,False,-0.160481,True
200,1101,0.63000,0.25500,-0.37500,True,True,0.055572,True
200,1102,0.25500,0.98500,+0.73000,False,False,-0.328199,True
200,1103,0.98500,0.51500,-0.47000,True,True,0.455904,True
200,1104,0.51500,0.75500,+0.24000,False,False,-0.119802,True
200,1105,0.75500,0.35500,-0.40000,True,True,0.145282,True
200,1106,0.35500,0.81500,+0.46000,False,False,-0.276027,True
200,1107,0.81500,0.43500,-0.38000,True,True,0.227809,True
200,1108,0.43500,0.19000,-0.24500,False,False,-0.189216,True
200,1109,0.19000,0.66500,+0.47500,False,False,-0.399704,True
200,1110,0.66500,0.93000,+0.26500,False,True,0.092920,True
200,1111,0.93000,0.49500,-0.43500,True,True,0.371665,True
200,1112,0.49500,0.29000,-0.20500,False,False,-0.140472,True
200,1113,0.29000,0.73000,+0.44000,False,False,-0.317749,True
200,1114,0.73000,0.57000,-0.16000,False,True,0.146118,True
200,1115,0.57000,0.16000,-0.41000,False,False,-0.013100,True
200,1116,0.16000,0.86500,+0.70500,False,False,-0.419190,True
200,1117,0.86500,0.39000,-0.47500,True,True,0.309997,True
200,1118,0.39000,0.64500,+0.25500,False,False,-0.221824,True
200,1119,0.64500,0.22500,-0.42000,True,True,0.090687,True
200,1120,0.22500,0.95500,+0.73000,False,False,-0.341913,True
200,1121,0.95500,0.47500,-0.48000,True,True,0.414652,True
200,1122,0.47500,0.78000,+0.30500,False,False,-0.149836,True
200,1123,0.78000,0.33000,-0.45000,True,True,0.183209,True
200,1124,0.33000,0.60500,+0.27500,False,False,-0.291370,True
200,1125,0.60500,0.14500,-0.46000,False,True,0.022404,True
200,1126,0.14500,0.89500,+0.75000,False,False,-0.426445,True
200,1127,0.89500,0.44000,-0.45500,True,True,0.339455,True
200,1128,0.44000,0.70000,+0.26000,False,False,-0.177637,True
200,1129,0.70000,0.26500,-0.43500,True,True,0.114264,True
200,1130,0.26500,0.83000,+0.56500,False,False,-0.331250,True
200,1131,0.83000,0.52000,-0.31000,True,True,0.281307,True
200,1132,0.52000,0.18500,-0.33500,False,False,-0.086691,True
200,1133,0.18500,0.97500,+0.79000,False,False,-0.390948,True
200,1134,0.97500,0.58000,-0.39500,True,True,0.448636,True
200,1135,0.58000,0.37000,-0.21000,False,False,-0.055563,True
200,1136,0.37000,0.75000,+0.38000,False,False,-0.250303,True
200,1137,0.75000,0.29000,-0.46000,True,True,0.154047,True
200,1138,0.29000,0.85500,+0.56500,False,False,-0.311995,True
200,1139,0.85500,0.48500,-0.37000,True,True,0.287157,True
200,1140,0.48500,0.66000,+0.17500,False,False,-0.137583,True
200,1141,0.66000,0.21500,-0.44500,True,True,0.072299,True
200,1142,0.21500,0.91500,+0.70000,False,False,-0.381698,True
200,1143,0.91500,0.42500,-0.49000,True,True,0.369749,True
200,1144,0.42500,0.71000,+0.28500,False,False,-0.202722,True
200,1145,0.71000,0.31500,-0.39500,True,True,0.118022,True
200,1146,0.31500,0.80000,+0.48500,False,False,-0.288112,True
200,1147,0.80000,0.53500,-0.26500,True,True,0.248433,True
200,1148,0.53500,0.17000,-0.36500,False,False,-0.068070,True
200,1149,0.17000,0.99000,+0.82000,False,False,-0.414343,True
200,1150,0.99000,0.59500,-0.39500,True,True,0.469167,True
200,1151,0.59500,0.38000,-0.21500,False,False,-0.043265,True
200,1152,0.38000,0.76500,+0.38500,False,False,-0.245913,True
200,1153,0.76500,0.27000,-0.49500,True,True,0.171023,True
200,1154,0.27000,0.88000,+0.61000,False,False,-0.341637,True
200,1155,0.88000,0.49500,-0.38500,True,True,0.303331,True
200,1156,0.49500,0.65000,+0.15500,False,False,-0.140581,True
200,1157,0.65000,0.22500,-0.42500,True,True,0.046591,True
200,1158,0.22500,0.94000,+0.71500,False,False,-0.378872,True
200,1159,0.94000,0.44500,-0.49500,True,True,0.379994,True
200,1160,0.44500,0.69500,+0.25000,False,False,-0.194190,True
200,1161,0.69500,0.33000,-0.36500,True,True,0.082787,True
200,1162,0.33000,0.82000,+0.49000,False,False,-0.284206,True
200,1163,0.82000,0.54500,-0.27500,True,True,0.234846,True
200,1164,0.54500,0.20000,-0.34500,False,False,-0.072880,True
200,1165,0.20000,0.90000,+0.70000,False,False,-0.397588,True
200,1166,0.90000,0.42000,-0.48000,True,True,0.345049,True
200,1167,0.42000,0.63500,+0.21500,False,False,-0.207101,True
200,1168,0.63500,0.26500,-0.37000,False,True,0.036102,True
200,1169,0.26500,0.78000,+0.51500,False,False,-0.321184,True
200,1170,0.78000,0.48000,-0.30000,True,True,0.219077,True
200,1171,0.48000,0.11500,-0.36500,False,False,-0.102263,True
200,1172,0.11500,0.96000,+0.84500,False,False,-0.442139,True
200,1173,0.96000,0.58000,-0.38000,True,True,0.423359,True
200,1174,0.58000,0.34000,-0.24000,False,False,-0.045982,True
200,1175,0.34000,0.73500,+0.39500,False,False,-0.270167,True
200,1176,0.73500,0.22500,-0.51000,True,True,0.148401,True
200,1177,0.22500,0.85000,+0.62500,False,False,-0.364219,True
200,1178,0.85000,0.45500,-0.39500,True,True,0.283318,True
200,1179,0.45500,0.66500,+0.21000,False,False,-0.161857,True
200,1180,0.66500,0.28000,-0.38500,True,True,0.090195,True
200,1181,0.28000,0.92500,+0.64500,False,False,-0.303264,True
200,1182,0.92500,0.52500,-0.40000,True,True,0.391412,True
200,1183,0.52500,0.18500,-0.34000,False,False,-0.097741,True
200,1184,0.18500,0.76000,+0.57500,False,False,-0.405159,True
200,1185,0.76000,0.39000,-0.37000,True,True,0.186341,True
200,1186,0.39000,0.06500,-0.32500,False,False,-0.207204,True
200,1187,0.06500,0.87000,+0.80500,False,False,-0.466397,True
200,1188,0.87000,0.57000,-0.30000,True,True,0.341840,True
200,1189,0.57000,0.30000,-0.27000,False,False,-0.040188,True
200,1190,0.30000,0.70500,+0.40500,False,False,-0.289140,True
200,1191,0.70500,0.15000,-0.55500,True,True,0.180340,True
200,1192,0.15000,0.99500,+0.84500,False,False,-0.408113,True
200,1193,0.99500,0.47500,-0.52000,True,True,0.478016,True
200,1194,0.47500,0.63000,+0.15500,False,False,-0.165084,True
200,1195,0.63000,0.33000,-0.30000,False,True,0.021547,True
200,1196,0.33000,0.81500,+0.48500,False,False,-0.270714,True
200,1197,0.81500,0.42500,-0.39000,True,True,0.230019,True
200,1198,0.42500,0.89000,+0.46500,False,False,-0.177632,True
200,1199,0.89000,0.54500,-0.34500,True,True,0.325659,True
200,1200,0.54500,0.24000,-0.30500,False,False,-0.081702,True
200,1201,0.24000,0.73000,+0.49000,False,False,-0.371375,True
200,1202,0.73000,0.36500,-0.36500,True,True,0.146554,True
200,1203,0.36500,0.95000,+0.58500,False,False,-0.223017,True
200,1204,0.95000,0.59500,-0.35500,True,True,0.398885,True
200,1205,0.59500,0.29000,-0.30500,False,False,-0.038244,True
200,1206,0.29000,0.78500,+0.49500,False,False,-0.325858,True
200,1207,0.78500,0.46500,-0.32000,True,True,0.191128,True
200,1208,0.46500,0.16000,-0.30500,False,False,-0.150640,True
200,1209,0.16000,0.84000,+0.68000,False,False,-0.419377,True
200,1210,0.84000,0.53000,-0.31000,True,True,0.276879,True
200,1211,0.53000,0.25500,-0.27500,False,False,-0.076933,True
200,1212,0.25500,0.69000,+0.43500,False,False,-0.320880,True
200,1213,0.69000,0.08500,-0.60500,False,True,0.140147,True
200,1214,0.08500,0.97000,+0.88500,False,False,-0.458169,True
200,1215,0.97000,0.42000,-0.55000,True,True,0.429725,True
200,1216,0.42000,0.64500,+0.22500,False,False,-0.215594,True
200,1217,0.64500,0.31500,-0.33000,False,True,0.038187,True
200,1218,0.31500,0.86000,+0.54500,False,False,-0.280046,True
200,1219,0.86000,0.50500,-0.35500,True,True,0.283334,True
200,1220,0.50500,0.19500,-0.31000,False,False,-0.110765,True
200,1221,0.19500,0.75500,+0.56000,False,False,-0.390256,True
200,1222,0.75500,0.38000,-0.37500,True,True,0.178702,True
200,1223,0.38000,0.91500,+0.53500,False,False,-0.201282,True
200,1224,0.91500,0.58000,-0.33500,True,True,0.359229,True
200,1225,0.58000,0.27000,-0.31000,False,False,-0.045431,True
200,1226,0.27000,0.71500,+0.44500,False,False,-0.335767,True
200,1227,0.71500,0.44000,-0.27500,True,True,0.140175,True
200,1228,0.44000,0.10000,-0.34000,False,False,-0.139530,True
200,1229,0.10000,0.93500,+0.83500,False,False,-0.449474,True
200,1230,0.93500,0.54500,-0.39000,True,True,0.397770,True
200,1231,0.54500,0.30500,-0.24000,False,False,-0.071304,True
200,1232,0.30500,0.80500,+0.50000,False,False,-0.286294,True
200,1233,0.80500,0.63000,-0.17500,True,True,0.223899,True
200,1234,0.63000,0.22000,-0.41000,True,True,0.034655,True
200,1235,0.22000,0.88000,+0.66000,False,False,-0.376638,True
200,1236,0.88000,0.42500,-0.45500,True,True,0.342211,True
200,1237,0.42500,0.68000,+0.25500,False,False,-0.198367,True
200,1238,0.68000,0.27500,-0.40500,True,True,0.102074,True
200,1239,0.27500,0.98000,+0.70500,False,False,-0.313943,True
200,1240,0.98000,0.51000,-0.47000,True,True,0.452829,True
200,1241,0.51000,0.74000,+0.23000,False,False,-0.130249,True
200,1242,0.74000,0.36000,-0.38000,True,True,0.129595,True
200,1243,0.36000,0.60000,+0.24000,False,False,-0.268562,True
200,1244,0.60000,0.17000,-0.43000,False,True,0.015955,True
200,1245,0.17000,0.83500,+0.66500,False,False,-0.414021,True
200,1246,0.83500,0.45000,-0.38500,True,True,0.266337,True
200,1247,0.45000,0.10500,-0.34500,False,False,-0.152101,True
200,1248,0.10500,0.90500,+0.80000,False,False,-0.446338,True
200,1249,0.90500,0.55500,-0.35000,True,True,0.355921,True
200,1250,0.55500,0.30000,-0.25500,False,False,-0.064841,True
200,1251,0.30000,0.77000,+0.47000,False,False,-0.300716,True
200,1252,0.77000,0.39500,-0.37500,True,True,0.194361,True
200,1253,0.39500,0.67000,+0.27500,False,False,-0.193535,True
200,1254,0.67000,0.18000,-0.49000,True,True,0.131850,True
200,1255,0.18000,0.96500,+0.78500,False,False,-0.387079,True
200,1256,0.96500,0.49500,-0.47000,True,True,0.436667,True
200,1257,0.49500,0.72000,+0.22500,False,False,-0.131718,True
200,1258,0.72000,0.32000,-0.40000,True,True,0.127821,True
200,1259,0.32000,0.85500,+0.53500,False,False,-0.293153,True
200,1260,0.85500,0.44000,-0.41500,True,True,0.286137,True
200,1261,0.44000,0.61500,+0.17500,False,False,-0.179947,True
200,1262,0.61500,0.20500,-0.41000,True,True,0.031632,True
200,1263,0.20500,0.92500,+0.72000,False,False,-0.382207,True
200,1264,0.92500,0.53000,-0.39500,True,True,0.387355,True
200,1265,0.53000,0.28500,-0.24500,False,False,-0.090370,True
200,1266,0.28500,0.79000,+0.50500,False,False,-0.309022,True
200,1267,0.79000,0.40000,-0.39000,True,True,0.210112,True
200,1268,0.40000,0.69000,+0.29000,False,False,-0.194018,True
200,1269,0.69000,0.15000,-0.54000,True,True,0.134106,True
200,1270,0.15000,0.99000,+0.84000,False,False,-0.425927,True
200,1271,0.99000,0.56000,-0.43000,True,True,0.474237,True
200,1272,0.56000,0.34500,-0.21500,False,False,-0.078543,True
200,1273,0.34500,0.82000,+0.47500,False,False,-0.271680,True
200,1274,0.82000,0.47500,-0.34500,True,True,0.221811,True
200,1275,0.47500,0.73000,+0.25500,False,False,-0.145568,True
200,1276,0.73000,0.25000,-0.48000,True,True,0.139641,True
200,1277,0.25000,0.88500,+0.63500,False,False,-0.362650,True
200,1278,0.88500,0.51500,-0.37000,True,True,0.314762,True
200,1279,0.51500,0.31500,-0.20000,False,False,-0.114139,True
200,1280,0.31500,0.66000,+0.34500,False,False,-0.283669,True
200,1281,0.66000,0.13500,-0.52500,False,True,0.086301,True
200,1282,0.13500,0.94500,+0.81000,False,False,-0.432722,True
200,1283,0.94500,0.44000,-0.50500,True,True,0.393556,True
200,1284,0.44000,0.76000,+0.32000,False,False,-0.188852,True
200,1285,0.76000,0.36000,-0.40000,True,True,0.157225,True
200,1286,0.36000,0.61000,+0.25000,False,False,-0.255596,True
200,1287,0.61000,0.18500,-0.42500,False,True,0.024885,True
200,1288,0.18500,0.86500,+0.68000,False,False,-0.388106,True
200,1289,0.86500,0.49500,-0.37000,True,True,0.303577,True
200,1290,0.49500,0.26000,-0.23500,False,False,-0.110435,True
200,1291,0.26000,0.80000,+0.54000,False,False,-0.304795,True
200,1292,0.80000,0.57000,-0.23000,True,True,0.252357,True
200,1293,0.57000,0.13000,-0.44000,False,False,-0.006642,True
200,1294,0.13000,0.95500,+0.82500,False,False,-0.434420,True
200,1295,0.95500,0.41000,-0.54500,True,True,0.425875,True
200,1296,0.41000,0.69500,+0.28500,False,False,-0.220399,True
200,1297,0.69500,0.30500,-0.39000,False,True,0.090204,True
200,1298,0.30500,0.84000,+0.53500,False,False,-0.297521,True
200,1299,0.84000,0.52000,-0.32000,True,True,0.277591,True
200,1300,0.52000,0.20500,-0.31500,False,False,-0.094892,True
200,1301,0.20500,0.73500,+0.53000,False,False,-0.381138,True
200,1302,0.73500,0.37500,-0.36000,True,True,0.187097,True
200,1303,0.37500,0.91500,+0.54000,False,False,-0.196533,True
200,1304,0.91500,0.59000,-0.32500,True,True,0.388310,True
200,1305,0.59000,0.27000,-0.32000,False,False,-0.026271,True
200,1306,0.27000,0.77500,+0.50500,False,False,-0.331963,True
200,1307,0.77500,0.45000,-0.32500,True,True,0.231494,True
200,1308,0.45000,0.12000,-0.33000,False,False,-0.145686,True
200,1309,0.12000,0.98500,+0.86500,False,False,-0.439350,True
200,1310,0.98500,0.62500,-0.36000,True,True,0.470637,True
200,1311,0.62500,0.35000,-0.27500,False,False,-0.008836,True
200,1312,0.35000,0.71000,+0.36000,False,False,-0.273502,True
200,1313,0.71000,0.23500,-0.47500,True,True,0.121888,True
200,1314,0.23500,0.87500,+0.64000,False,False,-0.360160,True
200,1315,0.87500,0.50000,-0.37500,True,True,0.302424,True
200,1316,0.50000,0.31000,-0.19000,False,False,-0.129004,True
200,1317,0.31000,0.81000,+0.50000,False,False,-0.274256,True
200,1318,0.81000,0.56000,-0.25000,True,True,0.242551,True
200,1319,0.56000,0.17000,-0.39000,False,False,-0.040787,True
200,1320,0.17000,0.93000,+0.76000,False,False,-0.411847,True
200,1321,0.93000,0.43000,-0.50000,True,True,0.387742,True
200,1322,0.43000,0.67000,+0.24000,False,False,-0.199426,True
200,1323,0.67000,0.27500,-0.39500,False,True,0.065848,True
200,1324,0.27500,0.76000,+0.48500,False,False,-0.321511,True
200,1325,0.76000,0.47500,-0.28500,True,True,0.200383,True
200,1326,0.47500,0.11000,-0.36500,False,False,-0.108986,True
200,1327,0.11000,0.97000,+0.86000,False,False,-0.446147,True
200,1328,0.97000,0.59500,-0.37500,True,True,0.445797,True
200,1329,0.59500,0.34500,-0.25000,False,False,-0.034048,True
200,1330,0.34500,0.83000,+0.48500,False,False,-0.270826,True
200,1331,0.83000,0.51500,-0.31500,True,True,0.241684,True
200,1332,0.51500,0.22000,-0.29500,False,False,-0.102084,True
200,1333,0.22000,0.72500,+0.50500,False,False,-0.375157,True
200,1334,0.72500,0.39000,-0.33500,True,True,0.153629,True
200,1335,0.39000,0.89500,+0.50500,False,False,-0.182863,True
200,1336,0.89500,0.57000,-0.32500,True,True,0.340138,True
200,1337,0.57000,0.26000,-0.31000,False,False,-0.040171,True
200,1338,0.26000,0.79000,+0.53000,False,False,-0.337831,True
200,1339,0.79000,0.43500,-0.35500,True,True,0.237093,True
200,1340,0.43500,0.11500,-0.32000,False,False,-0.157737,True
200,1341,0.11500,0.94000,+0.82500,False,False,-0.441015,True
200,1342,0.94000,0.63000,-0.31000,True,True,0.419406,True
200,1343,0.63000,0.33000,-0.30000,False,True,0.005047,True
200,1344,0.33000,0.70000,+0.37000,False,False,-0.285536,True
200,1345,0.70000,0.20500,-0.49500,True,True,0.125636,True
200,1346,0.20500,0.85500,+0.65000,False,False,-0.378297,True
200,1347,0.85500,0.48500,-0.37000,True,True,0.309999,True
200,1348,0.48500,0.28500,-0.20000,False,False,-0.132722,True
200,1349,0.28500,0.99500,+0.71000,False,False,-0.280788,True
200,1350,0.99500,0.58500,-0.41000,True,True,0.490545,True
200,1351,0.58500,0.40000,-0.18500,False,False,-0.055836,True
200,1352,0.40000,0.75500,+0.35500,False,False,-0.218021,True
200,1353,0.75500,0.24000,-0.51500,True,True,0.149131,True
200,1354,0.24000,0.82000,+0.58000,False,False,-0.366205,True
200,1355,0.82000,0.52000,-0.30000,True,True,0.236358,True
200,1356,0.52000,0.32000,-0.20000,False,False,-0.101696,True
200,1357,0.32000,0.90500,+0.58500,False,False,-0.265120,True
200,1358,0.90500,0.64000,-0.26500,True,True,0.338617,True
200,1359,0.64000,0.42000,-0.22000,False,True,0.013574,True
200,1360,0.42000,0.16000,-0.26000,False,False,-0.196586,True
200,1361,0.16000,0.73500,+0.57500,False,False,-0.420805,True
200,1362,0.73500,0.27500,-0.46000,False,True,0.168289,True
200,1363,0.27500,0.95000,+0.67500,False,False,-0.289986,True
200,1364,0.95000,0.55000,-0.40000,True,True,0.404095,True
200,1365,0.55000,0.68000,+0.13000,False,False,-0.083125,True
200,1366,0.68000,0.35500,-0.32500,True,True,0.079277,True
200,1367,0.35500,0.84500,+0.49000,False,False,-0.257992,True
200,1368,0.84500,0.46000,-0.38500,True,True,0.270035,True
200,1369,0.46000,0.19500,-0.26500,False,False,-0.158762,True
200,1370,0.19500,0.78000,+0.58500,False,False,-0.392874,True
200,1371,0.78000,0.57500,-0.20500,True,True,0.220472,True
200,1372,0.57500,0.26000,-0.31500,False,False,-0.008953,True
200,1373,0.26000,0.92000,+0.66000,False,False,-0.313417,True
200,1374,0.92000,0.42500,-0.49500,True,True,0.386240,True
200,1375,0.42500,0.69500,+0.27000,False,False,-0.189991,True
200,1376,0.69500,0.21500,-0.48000,True,True,0.114151,True
200,1377,0.21500,0.87500,+0.66000,False,False,-0.372688,True
200,1378,0.87500,0.50500,-0.37000,True,True,0.339336,True
200,1379,0.50500,0.32000,-0.18500,False,False,-0.114743,True
200,1380,0.32000,0.75000,+0.43000,False,False,-0.262669,True
200,1381,0.75000,0.14000,-0.61000,True,True,0.212255,True
200,1382,0.14000,0.97500,+0.83500,False,False,-0.430838,True
200,1383,0.97500,0.56000,-0.41500,True,True,0.448677,True
200,1384,0.56000,0.39000,-0.17000,False,False,-0.081770,True
200,1385,0.39000,0.66500,+0.27500,False,False,-0.229155,True
200,1386,0.66500,0.23500,-0.43000,False,True,0.075685,True
200,1387,0.23500,0.82500,+0.59000,False,False,-0.351126,True
200,1388,0.82500,0.46500,-0.36000,True,True,0.257614,True
200,1389,0.46500,0.11500,-0.35000,False,False,-0.136441,True
200,1390,0.11500,0.89500,+0.78000,False,False,-0.441964,True
200,1391,0.89500,0.60000,-0.29500,True,True,0.353609,True
200,1392,0.60000,0.33000,-0.27000,False,False,-0.017467,True
200,1393,0.33000,0.73000,+0.40000,False,False,-0.276984,True
200,1394,0.73000,0.20500,-0.52500,True,True,0.169557,True
200,1395,0.20500,0.96000,+0.75500,False,False,-0.376202,True
200,1396,0.96000,0.50000,-0.46000,True,True,0.435064,True
200,1397,0.50000,0.64500,+0.14500,False,False,-0.138642,True
200,1398,0.64500,0.29500,-0.35000,True,True,0.040858,True
200,1399,0.29500,0.80000,+0.50500,False,False,-0.310835,True
200,1400,0.80000,0.41500,-0.38500,True,True,0.225094,True
200,1401,0.41500,0.13000,-0.28500,False,False,-0.190759,True
200,1402,0.13000,0.86500,+0.73500,False,False,-0.429951,True
200,1403,0.86500,0.55000,-0.31500,True,True,0.320862,True
200,1404,0.55000,0.25500,-0.29500,False,False,-0.059928,True
200,1405,0.25500,0.71000,+0.45500,False,False,-0.325953,True
200,1406,0.71000,0.36500,-0.34500,True,True,0.169717,True
200,1407,0.36500,0.00500,-0.36000,False,False,-0.182005,True
200,1408,0.00500,0.98500,+0.98000,False,False,-0.498401,True
200,1409,0.98500,0.58500,-0.40000,True,True,0.481991,True
200,1410,0.58500,0.30500,-0.28000,False,False,-0.041465,True
200,1411,0.30500,0.77500,+0.47000,False,False,-0.299942,True
200,1412,0.77500,0.46000,-0.31500,True,True,0.185987,True
200,1413,0.46000,0.15000,-0.31000,False,False,-0.144640,True
200,1414,0.15000,0.91000,+0.76000,False,False,-0.419981,True
200,1415,0.91000,0.62500,-0.28500,True,True,0.343985,True
200,1416,0.62500,0.38000,-0.24500,False,True,0.002669,True
200,1417,0.38000,0.82000,+0.44000,False,False,-0.231545,True
200,1418,0.82000,0.50500,-0.31500,True,True,0.243603,True
200,1419,0.50500,0.22000,-0.28500,False,False,-0.107393,True
200,1420,0.22000,0.72500,+0.50500,False,False,-0.372399,True
200,1421,0.72500,0.31500,-0.41000,True,True,0.174106,True
200,1422,0.31500,0.93500,+0.62000,False,False,-0.247973,True
200,1423,0.93500,0.56000,-0.37500,True,True,0.393774,True
200,1424,0.56000,0.25500,-0.30500,False,False,-0.061079,True
200,1425,0.25500,0.76000,+0.50500,False,False,-0.337480,True
200,1426,0.76000,0.43000,-0.33000,True,True,0.191982,True
200,1427,0.43000,0.09500,-0.33500,False,False,-0.162422,True
200,1428,0.09500,0.88000,+0.78500,False,False,-0.453513,True
200,1429,0.88000,0.60500,-0.27500,True,True,0.339612,True
200,1430,0.60500,0.33500,-0.27000,False,False,-0.002318,True
200,1431,0.33500,0.03500,-0.30000,False,False,-0.261317,True
200,1432,0.03500,0.96500,+0.93000,False,False,-0.482783,True
200,1433,0.96500,0.51500,-0.45000,True,True,0.452940,True
200,1434,0.51500,0.68500,+0.17000,False,False,-0.118692,True
200,1435,0.68500,0.27500,-0.41000,True,True,0.073940,True
200,1436,0.27500,0.80500,+0.53000,False,False,-0.340207,True
200,1437,0.80500,0.41500,-0.39000,True,True,0.224415,True
200,1438,0.41500,0.15500,-0.26000,False,False,-0.199849,True
200,1439,0.15500,0.85000,+0.69500,False,False,-0.412861,True
200,1440,0.85000,0.57000,-0.28000,True,True,0.297337,True
200,1441,0.57000,0.31000,-0.26000,False,False,-0.041140,True
200,1442,0.31000,0.73500,+0.42500,False,False,-0.274836,True
200,1443,0.73500,0.19500,-0.54000,True,True,0.200962,True
200,1444,0.19500,1.00000,+0.80500,False,False,-0.368843,True
400,0,0.50000,0.58000,+0.08000,False,False,-0.250000,False
400,1,0.58000,0.64000,+0.06000,False,False,-0.155828,False
400,2,0.64000,0.43250,-0.20750,False,False,-0.083424,False
400,3,0.43250,0.71250,+0.28000,False,False,-0.283631,False
400,4,0.71250,0.54250,-0.17000,False,True,0.006829,False
400,5,0.54250,0.76500,+0.22250,False,False,-0.155537,False
400,6,0.76500,0.38250,-0.38250,True,True,0.074143,False
400,7,0.38250,0.79750,+0.41500,False,False,-0.308404,False
400,8,0.79750,0.61250,-0.18500,True,True,0.117453,False
400,9,0.61250,0.46000,-0.15250,False,False,-0.071980,False
400,10,0.46000,0.83500,+0.37500,False,False,-0.212097,False
400,11,0.83500,0.67500,-0.16000,True,True,0.168555,False
400,12,0.67500,0.34250,-0.33250,False,True,0.002407,False
400,13,0.34250,0.85750,+0.51500,False,False,-0.329300,False
400,14,0.85750,0.52250,-0.33500,True,True,0.201597,False
400,15,0.52250,0.73750,+0.21500,False,False,-0.151429,False
400,16,0.73750,0.40250,-0.33500,True,True,0.080985,False
400,17,0.40250,0.88250,+0.48000,False,False,-0.258495,False
400,18,0.88250,0.57750,-0.30500,True,True,0.237864,False
400,19,0.57750,0.30500,-0.27250,False,False,-0.090548,False
400,20,0.30500,0.78500,+0.48000,False,False,-0.347517,False
400,21,0.78500,0.48250,-0.30250,True,True,0.142420,False
400,22,0.48250,0.90250,+0.42000,False,False,-0.164829,False
400,23,0.90250,0.63250,-0.27000,True,True,0.268408,True
400,24,0.63250,0.36750,-0.26500,False,False,-0.030612,True
400,25,0.36750,0.81750,+0.45000,False,False,-0.288351,True
400,26,0.81750,0.53250,-0.28500,True,True,0.182691,True
400,27,0.53250,0.26250,-0.27000,False,False,-0.118414,True
400,28,0.26250,0.91750,+0.65500,False,False,-0.368845,True
400,29,0.91750,0.67000,-0.24750,True,True,0.292998,True
400,30,0.67000,0.43250,-0.23750,False,True,0.012165,True
400,31,0.43250,0.75000,+0.31750,False,False,-0.220679,True
400,32,0.75000,0.33000,-0.42000,True,True,0.118557,True
400,33,0.33000,0.87000,+0.54000,False,False,-0.307650,True
400,34,0.87000,0.56000,-0.31000,True,True,0.250473,True
400,35,0.56000,0.39000,-0.17000,False,False,-0.091100,True
400,36,0.39000,0.93250,+0.54250,False,False,-0.236515,True
400,37,0.93250,0.62250,-0.31000,True,True,0.318282,True
400,38,0.62250,0.29250,-0.33000,False,False,-0.032695,True
400,39,0.29250,0.77250,+0.48000,False,False,-0.349348,True
400,40,0.77250,0.48750,-0.28500,True,True,0.141983,True
400,41,0.48750,0.84250,+0.35500,False,False,-0.151123,True
400,42,0.84250,0.37000,-0.47250,True,True,0.228595,True
400,43,0.37000,0.69000,+0.32000,False,False,-0.272824,True
400,44,0.69000,0.23250,-0.45750,False,True,0.068202,True
400,45,0.23250,0.94250,+0.71000,False,False,-0.384158,True
400,46,0.94250,0.54250,-0.40000,True,True,0.336737,True
400,47,0.54250,0.72000,+0.17750,False,False,-0.112938,True
400,48,0.72000,0.41000,-0.31000,True,True,0.090452,True
400,49,0.41000,0.89000,+0.48000,False,False,-0.230501,True
400,50,0.89000,0.50250,-0.38750,True,True,0.280638,True
400,51,0.50250,0.28000,-0.22250,False,False,-0.146139,True
400,52,0.28000,0.79500,+0.51500,False,False,-0.345893,True
400,53,0.79500,0.60500,-0.19000,True,True,0.180196,True
400,54,0.60500,0.34000,-0.26500,False,False,-0.023106,True
400,55,0.34000,0.95250,+0.61250,False,False,-0.273836,True
400,56,0.95250,0.65000,-0.30250,True,True,0.354352,True
400,57,0.65000,0.43750,-0.21250,False,True,0.003974,True
400,58,0.43750,0.82250,+0.38500,False,False,-0.203557,True
400,59,0.82250,0.30500,-0.51750,True,True,0.206626,True
400,60,0.30500,0.70250,+0.39750,False,False,-0.334377,True
400,61,0.70250,0.51500,-0.18750,True,True,0.086729,True
400,62,0.51500,0.91250,+0.39750,False,False,-0.101540,True
400,63,0.91250,0.38250,-0.53000,True,True,0.314805,True
400,64,0.38250,0.74500,+0.36250,False,False,-0.262831,True
400,65,0.74500,0.25500,-0.49000,True,True,0.128876,True
400,66,0.25500,0.58500,+0.33000,False,False,-0.372107,True
400,67,0.58500,0.96000,+0.37500,False,False,-0.020429,True
400,68,0.96000,0.46500,-0.49500,True,True,0.369067,True
400,69,0.46500,0.67500,+0.21000,False,False,-0.185728,True
400,70,0.67500,0.31750,-0.35750,True,True,0.049635,True
400,71,0.31750,0.85250,+0.53500,False,False,-0.308134,True
400,72,0.85250,0.53500,-0.31750,True,True,0.240452,True
400,73,0.53500,0.22250,-0.31250,False,False,-0.098997,True
400,74,0.22250,0.78500,+0.56250,False,False,-0.388426,True
400,75,0.78500,0.41500,-0.37000,True,True,0.181952,True
400,76,0.41500,0.92500,+0.51000,False,False,-0.199424,True
400,77,0.92500,0.61000,-0.31500,True,True,0.333809,True
400,78,0.61000,0.34000,-0.27000,False,False,-0.033450,True
400,79,0.34000,0.73000,+0.39000,False,False,-0.290551,True
400,80,0.73000,0.48000,-0.25000,True,True,0.123941,True
400,81,0.48000,0.87750,+0.39750,False,False,-0.128771,True
400,82,0.87750,0.28250,-0.59500,True,True,0.288328,True
400,83,0.28250,0.64750,+0.36500,False,False,-0.350177,True
400,84,0.64750,0.18250,-0.46500,False,True,0.041427,True
400,85,0.18250,0.96750,+0.78500,False,False,-0.409177,True
400,86,0.96750,0.52250,-0.44500,True,True,0.384437,True
400,87,0.52250,0.76250,+0.24000,False,False,-0.126848,True
400,88,0.76250,0.39000,-0.37250,True,True,0.137295,True
400,89,0.39000,0.81750,+0.42750,False,False,-0.252878,True
400,90,0.81750,0.45750,-0.36000,True,True,0.210851,True
400,91,0.45750,0.62500,+0.16750,False,False,-0.178561,True
400,92,0.62500,0.24000,-0.38500,True,True,0.018281,True
400,93,0.24000,0.90000,+0.66000,False,False,-0.368731,True
400,94,0.90000,0.55250,-0.34750,True,True,0.313620,True
400,95,0.55250,0.32250,-0.23000,False,False,-0.075189,True
400,96,0.32250,0.74000,+0.41750,False,False,-0.286216,True
400,97,0.74000,0.17750,-0.56250,True,True,0.152623,True
400,98,0.17750,0.94750,+0.77000,False,False,-0.411692,True
400,99,0.94750,0.49250,-0.45500,True,True,0.367480,True
400,100,0.49250,0.68000,+0.18750,False,False,-0.150849,True
400,101,0.68000,0.36000,-0.32000,True,True,0.061277,True
400,102,0.36000,0.84000,+0.48000,False,False,-0.258968,True
400,103,0.84000,0.43750,-0.40250,True,True,0.244194,True
400,104,0.43750,0.63750,+0.20000,False,False,-0.184722,True
400,105,0.63750,0.21500,-0.42250,True,True,0.048135,True
400,106,0.21500,0.97250,+0.75750,False,False,-0.381131,True
400,107,0.97250,0.54000,-0.43250,True,True,0.396401,True
400,108,0.54000,0.77750,+0.23750,False,False,-0.099083,True
400,109,0.77750,0.34250,-0.43500,True,True,0.156869,True
400,110,0.34250,0.70500,+0.36250,False,False,-0.297925,True
400,111,0.70500,0.26500,-0.44000,True,True,0.099755,True
400,112,0.26500,0.88250,+0.61750,False,False,-0.345427,True
400,113,0.88250,0.48250,-0.40000,True,True,0.288482,True
400,114,0.48250,0.60500,+0.12250,False,False,-0.155448,True
400,115,0.60500,0.19250,-0.41250,False,True,0.000754,True
400,116,0.19250,0.92000,+0.72750,False,False,-0.403277,True
400,117,0.92000,0.41750,-0.50250,True,True,0.337634,True
400,118,0.41750,0.74750,+0.33000,False,False,-0.215891,True
400,119,0.74750,0.31750,-0.43000,True,True,0.135711,True
400,120,0.31750,0.81250,+0.49500,False,False,-0.299255,True
400,121,0.81250,0.53000,-0.28250,True,True,0.221857,True
400,122,0.53000,0.22500,-0.30500,False,False,-0.094264,True
400,123,0.22500,0.96250,+0.73750,False,False,-0.369831,True
400,124,0.96250,0.62250,-0.34000,True,True,0.390499,True
400,125,0.62250,0.39500,-0.22750,False,False,-0.022293,True
400,126,0.39500,0.72000,+0.32500,False,False,-0.237769,True
400,127,0.72000,0.28250,-0.43750,True,True,0.113802,True
400,128,0.28250,0.86000,+0.57750,False,False,-0.327078,True
400,129,0.86000,0.49750,-0.36250,True,True,0.267633,True
400,130,0.49750,0.66250,+0.16500,False,False,-0.133297,True
400,131,0.66250,0.21000,-0.45250,True,True,0.068002,True
400,132,0.21000,0.93500,+0.72500,False,False,-0.393739,True
400,133,0.93500,0.44250,-0.49250,True,True,0.361406,True
400,134,0.44250,0.76750,+0.32500,False,False,-0.196374,True
400,135,0.76750,0.34500,-0.42250,True,True,0.157980,True
400,136,0.34500,0.59000,+0.24500,False,False,-0.282504,True
400,137,0.59000,0.15500,-0.43500,False,False,-0.007779,True
400,138,0.15500,0.89000,+0.73500,False,False,-0.422816,True
400,139,0.89000,0.51750,-0.37250,True,True,0.315523,True
400,140,0.51750,0.70000,+0.18250,False,False,-0.102479,True
400,141,0.70000,0.29000,-0.41000,True,True,0.110580,True
400,142,0.29000,0.98000,+0.69000,False,False,-0.319737,True
400,143,0.98000,0.46250,-0.51750,True,True,0.412577,True
400,144,0.46250,0.79250,+0.33000,False,False,-0.181708,True
400,145,0.79250,0.37750,-0.41500,True,True,0.171296,True
400,146,0.37750,0.63750,+0.26000,False,False,-0.260824,True
400,147,0.63750,0.22000,-0.41750,False,True,0.021648,True
400,148,0.22000,0.84500,+0.62500,False,False,-0.383525,True
400,149,0.84500,0.54250,-0.30250,True,True,0.252428,True
400,150,0.54250,0.31250,-0.23000,False,False,-0.080276,True
400,151,0.31250,0.91000,+0.59750,False,False,-0.282421,True
400,152,0.91000,0.60500,-0.30500,True,True,0.332563,True
400,153,0.60500,0.40750,-0.19750,False,False,-0.023107,True
400,154,0.40750,0.75000,+0.34250,False,False,-0.206908,True
400,155,0.75000,0.24000,-0.51000,True,True,0.156981,True
400,156,0.24000,0.95500,+0.71500,False,False,-0.366864,True
400,157,0.95500,0.50250,-0.45250,True,True,0.387127,True
400,158,0.50250,0.68250,+0.18000,False,False,-0.142129,True
400,159,0.68250,0.33750,-0.34500,True,True,0.062044,True
400,160,0.33750,0.82250,+0.48500,False,False,-0.284496,True
400,161,0.82250,0.45000,-0.37250,True,True,0.226583,True
400,162,0.45000,0.17750,-0.27250,False,False,-0.171602,True
400,163,0.17750,0.87250,+0.69500,False,False,-0.411460,True
400,164,0.87250,0.58000,-0.29250,True,True,0.295781,True
400,165,0.58000,0.29500,-0.28500,False,False,-0.046093,True
400,166,0.29500,0.73000,+0.43500,False,False,-0.308004,True
400,167,0.73000,0.39750,-0.33250,True,True,0.149203,True
400,168,0.39750,0.97750,+0.58000,False,False,-0.184256,True
400,169,0.97750,0.53750,-0.44000,True,True,0.414333,True
400,170,0.53750,0.66500,+0.12750,False,False,-0.100640,True
400,171,0.66500,0.25500,-0.41000,True,True,0.051053,True
400,172,0.25500,0.80500,+0.55000,False,False,-0.364836,True
400,173,0.80500,0.43250,-0.37250,True,True,0.210915,True
400,174,0.43250,0.90000,+0.46750,False,False,-0.185975,True
400,175,0.90000,0.50750,-0.39250,True,True,0.318648,True
400,176,0.50750,0.28500,-0.22250,False,False,-0.128178,True
400,177,0.28500,0.75500,+0.47000,False,False,-0.326660,True
400,178,0.75500,0.61000,-0.14500,True,True,0.160451,True
400,179,0.61000,0.19500,-0.41500,False,True,0.011536,True
400,180,0.19500,0.94000,+0.74500,False,False,-0.401825,True
400,181,0.94000,0.45500,-0.48500,True,True,0.371463,True
400,182,0.45500,0.69750,+0.24250,False,False,-0.181309,True
400,183,0.69750,0.33250,-0.36500,True,True,0.090572,True
400,184,0.33250,0.84750,+0.51500,False,False,-0.281718,True
400,185,0.84750,0.54500,-0.30250,True,True,0.264449,True
400,186,0.54500,0.23500,-0.31000,False,False,-0.076291,True
400,187,0.23500,0.78250,+0.54750,False,False,-0.366757,True
400,188,0.78250,0.40250,-0.38000,True,True,0.216744,True
400,189,0.40250,0.98500,+0.58250,False,False,-0.197048,True
400,190,0.98500,0.59250,-0.39250,True,True,0.425415,True
400,191,0.59250,0.31250,-0.28000,False,False,-0.052531,True
400,192,0.31250,0.72000,+0.40750,False,False,-0.315176,True
400,193,0.72000,0.47500,-0.24500,True,True,0.113198,True
400,194,0.47500,0.88000,+0.40500,False,False,-0.132380,True
400,195,0.88000,0.36250,-0.51750,True,True,0.290626,True
400,196,0.36250,0.65250,+0.29000,False,False,-0.267350,True
400,197,0.65250,0.20000,-0.45250,False,True,0.048992,True
400,198,0.20000,0.92250,+0.72250,False,False,-0.399526,True
400,199,0.92250,0.52250,-0.40000,True,True,0.344636,True
400,200,0.52250,0.76250,+0.24000,False,False,-0.114232,True
400,201,0.76250,0.33500,-0.42750,True,True,0.154187,True
400,202,0.33500,0.61750,+0.28250,False,False,-0.296213,True
400,203,0.61750,0.16750,-0.45000,False,True,0.026947,True
400,204,0.16750,0.83500,+0.66750,False,False,-0.416844,True
400,205,0.83500,0.43500,-0.40000,True,True,0.263287,True
400,206,0.43500,0.95750,+0.52250,False,False,-0.177083,True
400,207,0.95750,0.55250,-0.40500,True,True,0.393173,True
400,208,0.55250,0.29250,-0.26000,False,False,-0.090610,True
400,209,0.29250,0.71000,+0.41750,False,False,-0.331760,True
400,210,0.71000,0.39250,-0.31750,False,True,0.103177,True
400,211,0.39250,0.86250,+0.47000,False,False,-0.205678,True
400,212,0.86250,0.50000,-0.36250,True,True,0.281288,True
400,213,0.50000,0.20500,-0.29500,False,False,-0.118096,True
400,214,0.20500,0.79000,+0.58500,False,False,-0.389517,True
400,215,0.79000,0.60250,-0.18750,True,True,0.211375,True
400,216,0.60250,0.31000,-0.29250,False,True,0.006600,True
400,217,0.31000,0.97000,+0.66000,False,False,-0.279268,True
400,218,0.97000,0.46250,-0.50750,True,True,0.411380,True
400,219,0.46250,0.68500,+0.22250,False,False,-0.170419,True
400,220,0.68500,0.25000,-0.43500,False,True,0.072382,True
400,221,0.25000,0.82000,+0.57000,False,False,-0.359618,True
400,222,0.82000,0.53000,-0.29000,True,True,0.233301,True
400,223,0.53000,0.34500,-0.18500,False,False,-0.086386,True
400,224,0.34500,0.90750,+0.56250,False,False,-0.243304,True
400,225,0.90750,0.63250,-0.27500,True,True,0.332169,True
400,226,0.63250,0.27750,-0.35500,False,True,0.009714,True
400,227,0.27750,0.74750,+0.47000,False,False,-0.337552,True
400,228,0.74750,0.42750,-0.32000,True,True,0.162161,True
400,229,0.42750,0.13000,-0.29750,False,False,-0.176979,True
400,230,0.13000,0.93250,+0.80250,False,False,-0.434768,True
400,231,0.93250,0.56500,-0.36750,True,True,0.371916,True
400,232,0.56500,0.32750,-0.23750,False,False,-0.062646,True
400,233,0.32750,0.80000,+0.47250,False,False,-0.273990,True
400,234,0.80000,0.48250,-0.31750,True,True,0.215826,True
400,235,0.48250,0.18500,-0.29750,False,False,-0.121761,True
400,236,0.18500,0.87500,+0.69000,False,False,-0.388716,True
400,237,0.87500,0.65000,-0.22500,True,True,0.315527,True
400,238,0.65000,0.37250,-0.27750,False,True,0.036749,True
400,239,0.37250,0.72500,+0.35250,False,False,-0.237647,True
400,240,0.72500,0.24000,-0.48500,True,True,0.170597,True
400,241,0.24000,0.98750,+0.74750,False,False,-0.349489,True
400,242,0.98750,0.52250,-0.46500,True,True,0.433712,True
400,243,0.52250,0.61000,+0.08750,False,False,-0.121341,True
400,244,0.61000,0.30250,-0.30750,False,False,-0.000833,True
400,245,0.30250,0.84000,+0.53750,False,False,-0.304491,True
400,246,0.84000,0.43500,-0.40500,True,True,0.250276,True
400,247,0.43500,0.76000,+0.32500,False,False,-0.181583,True
400,248,0.76000,0.22250,-0.53750,True,True,0.175314,True
400,249,0.22250,0.91750,+0.69500,False,False,-0.385408,True
400,250,0.91750,0.54500,-0.37250,True,True,0.348092,True
400,251,0.54500,0.36000,-0.18500,False,False,-0.095232,True
400,252,0.36000,0.69250,+0.33250,False,False,-0.255440,True
400,253,0.69250,0.17500,-0.51750,False,True,0.101260,True
400,254,0.17500,0.95000,+0.77500,False,False,-0.412158,True
400,255,0.95000,0.48750,-0.46250,True,True,0.387479,True
400,256,0.48750,0.64500,+0.15750,False,False,-0.152504,True
400,257,0.64500,0.29250,-0.35250,False,True,0.033078,True
400,258,0.29250,0.81250,+0.52000,False,False,-0.316046,True
400,259,0.81250,0.41750,-0.39500,True,True,0.220920,True
400,260,0.41750,0.86500,+0.44750,False,False,-0.193435,True
400,261,0.86500,0.56750,-0.29750,True,True,0.291322,True
400,262,0.56750,0.24500,-0.32250,False,False,-0.057972,True
400,263,0.24500,0.73500,+0.49000,False,False,-0.366645,True
400,264,0.73500,0.37000,-0.36500,True,True,0.157912,True
400,265,0.37000,0.97500,+0.60500,False,False,-0.222009,True
400,266,0.97500,0.51750,-0.45750,True,True,0.420682,True
400,267,0.51750,0.67250,+0.15500,False,False,-0.121859,True
400,268,0.67250,0.28000,-0.39250,True,True,0.058983,True
400,269,0.28000,0.83000,+0.55000,False,False,-0.338452,True
400,270,0.83000,0.44500,-0.38500,True,True,0.242399,True
400,271,0.44500,0.16750,-0.27750,False,False,-0.177482,True
400,272,0.16750,0.89500,+0.72750,False,False,-0.415902,True
400,273,0.89500,0.59500,-0.30000,True,True,0.319627,True
400,274,0.59500,0.34500,-0.25000,False,False,-0.035891,True
400,275,0.34500,0.76500,+0.42000,False,False,-0.266770,True
400,276,0.76500,0.48250,-0.28250,True,True,0.177698,True
400,277,0.48250,0.19250,-0.29000,False,False,-0.116554,True
400,278,0.19250,0.93750,+0.74500,False,False,-0.379573,True
400,279,0.93750,0.63250,-0.30500,True,True,0.380380,True
400,280,0.63250,0.38250,-0.25000,False,True,0.006407,True
400,281,0.38250,0.79000,+0.40750,False,False,-0.234040,True
400,282,0.79000,0.27250,-0.51750,True,True,0.206521,True
400,283,0.27250,0.69500,+0.42250,False,False,-0.337835,True
400,284,0.69500,0.46000,-0.23500,True,True,0.120632,True
400,285,0.46000,0.10750,-0.35250,False,False,-0.119854,True
400,286,0.10750,0.98250,+0.87500,False,False,-0.445891,True
400,287,0.98250,0.55500,-0.42750,True,True,0.432302,True
400,288,0.55500,0.32250,-0.23250,False,False,-0.076729,True
400,289,0.32250,0.85000,+0.52750,False,False,-0.284093,True
400,290,0.85000,0.61250,-0.23750,True,True,0.251590,True
400,291,0.61250,0.24750,-0.36500,False,False,-0.009293,True
400,292,0.24750,0.74750,+0.50000,False,False,-0.363171,True
400,293,0.74750,0.42000,-0.32750,True,True,0.160582,True
400,294,0.42000,0.90500,+0.48500,False,False,-0.184156,True
400,295,0.90500,0.51000,-0.39500,True,True,0.331904,True
400,296,0.51000,0.21000,-0.30000,False,False,-0.118878,True
400,297,0.21000,0.71250,+0.50250,False,False,-0.392102,True
400,298,0.71250,0.35250,-0.36000,True,True,0.129544,True
400,299,0.35250,0.87750,+0.52500,False,False,-0.230934,True
400,300,0.87750,0.57000,-0.30750,True,True,0.318286,True
400,301,0.57000,0.26500,-0.30500,False,False,-0.042891,True
400,302,0.26500,0.80500,+0.54000,False,False,-0.328981,True
400,303,0.80500,0.44500,-0.36000,True,True,0.247943,True
400,304,0.44500,0.12250,-0.32250,False,False,-0.154463,True
400,305,0.12250,0.96250,+0.84000,False,False,-0.437771,True
400,306,0.96250,0.63000,-0.33250,True,True,0.409151,True
400,307,0.63000,0.37500,-0.25500,False,False,-0.004513,True
400,308,0.37500,0.73500,+0.36000,False,False,-0.247754,True
400,309,0.73500,0.24500,-0.49000,True,True,0.144075,True
400,310,0.24500,0.83750,+0.59250,False,False,-0.357652,True
400,311,0.83750,0.49750,-0.34000,True,True,0.273304,True
400,312,0.49750,0.17750,-0.32000,False,False,-0.124580,True
400,313,0.17750,0.92750,+0.75000,False,False,-0.401015,True
400,314,0.92750,0.58250,-0.34500,True,True,0.372102,True
400,315,0.58250,0.34750,-0.23500,False,False,-0.052268,True
400,316,0.34750,0.69250,+0.34500,False,False,-0.268752,True
400,317,0.69250,0.22500,-0.46750,False,True,0.104700,True
400,318,0.22500,0.78750,+0.56250,False,False,-0.356336,True
400,319,0.78750,0.45250,-0.33500,True,True,0.236772,True
400,320,0.45250,0.99000,+0.53750,False,False,-0.143432,True
400,321,0.99000,0.54000,-0.45000,True,True,0.442459,True
400,322,0.54000,0.30500,-0.23500,False,False,-0.102313,True
400,323,0.30500,0.75250,+0.44750,False,False,-0.315528,True
400,324,0.75250,0.40750,-0.34500,True,True,0.151096,True
400,325,0.40750,0.87000,+0.46250,False,False,-0.197523,True
400,326,0.87000,0.60750,-0.26250,True,True,0.283612,True
400,327,0.60750,0.25500,-0.35250,False,False,-0.019696,True
400,328,0.25500,0.67750,+0.42250,False,False,-0.363087,True
400,329,0.67750,0.16000,-0.51750,True,True,0.100291,True
400,330,0.16000,0.91500,+0.75500,False,False,-0.419736,True
400,331,0.91500,0.47500,-0.44000,True,True,0.346490,True
400,332,0.47500,0.35000,-0.12500,False,False,-0.159632,True
400,333,0.35000,0.81250,+0.46250,False,False,-0.241949,True
400,334,0.81250,0.56500,-0.24750,True,True,0.229643,True
400,335,0.56500,0.21500,-0.35000,False,False,-0.040400,True
400,336,0.21500,0.95250,+0.73750,False,False,-0.372807,True
400,337,0.95250,0.64000,-0.31250,True,True,0.392951,True
400,338,0.64000,0.39750,-0.24250,False,True,0.006557,True
400,339,0.39750,0.76250,+0.36500,False,False,-0.231614,True
400,340,0.76250,0.29250,-0.47000,True,True,0.165436,True
400,341,0.29250,0.85250,+0.56000,False,False,-0.322824,True
400,342,0.85250,0.50500,-0.34750,True,True,0.277666,True
400,343,0.50500,0.19250,-0.31250,False,False,-0.125145,True
400,344,0.19250,0.70250,+0.51000,False,False,-0.401610,True
400,345,0.70250,0.37000,-0.33250,False,True,0.126325,True
400,346,0.37000,0.96750,+0.59750,False,False,-0.205595,True
400,347,0.96750,0.57750,-0.39000,True,True,0.417096,True
400,348,0.57750,0.27500,-0.30250,False,False,-0.056518,True
400,349,0.27500,0.79250,+0.51750,False,False,-0.335876,True
400,350,0.79250,0.45750,-0.33500,True,True,0.198196,True
400,351,0.45750,0.89000,+0.43250,False,False,-0.158423,True
400,352,0.89000,0.53500,-0.35500,True,True,0.312961,True
400,353,0.53500,0.24000,-0.29500,False,False,-0.097403,True
400,354,0.24000,0.72000,+0.48000,False,False,-0.373263,True
400,355,0.72000,0.36000,-0.36000,True,True,0.127365,True
400,356,0.36000,0.93250,+0.57250,False,False,-0.233801,True
400,357,0.93250,0.61250,-0.32000,True,True,0.376509,True
400,358,0.61250,0.41500,-0.19750,False,False,-0.019655,True
400,359,0.41500,0.82000,+0.40500,False,False,-0.202663,True
400,360,0.82000,0.28500,-0.53500,True,True,0.234787,True
400,361,0.28500,0.66500,+0.38000,False,False,-0.336565,True
400,362,0.66500,0.17000,-0.49500,False,True,0.073479,True
400,363,0.17000,0.87500,+0.70500,False,False,-0.414982,True
400,364,0.87500,0.49000,-0.38500,True,True,0.329073,True
400,365,0.49000,0.33500,-0.15500,False,False,-0.135848,True
400,366,0.33500,0.74750,+0.41250,False,False,-0.245216,True
400,367,0.74750,0.20250,-0.54500,True,True,0.192173,True
400,368,0.20250,0.99000,+0.78750,False,False,-0.366447,True
400,369,0.99000,0.56000,-0.43000,True,True,0.445776,True
400,370,0.56000,0.42750,-0.13250,False,False,-0.085411,True
400,371,0.42750,0.77750,+0.35000,False,False,-0.190998,True
400,372,0.77750,0.29500,-0.48250,True,True,0.179525,True
400,373,0.29500,0.64750,+0.35250,False,False,-0.318352,True
400,374,0.64750,0.14500,-0.50250,False,True,0.059752,True
400,375,0.14500,0.90750,+0.76250,False,False,-0.427381,True
400,376,0.90750,0.50250,-0.40500,True,True,0.336071,True
400,377,0.50250,0.70500,+0.20250,False,False,-0.126105,True
400,378,0.70500,0.34750,-0.35750,True,True,0.112442,True
400,379,0.34750,0.84250,+0.49500,False,False,-0.264317,True
400,380,0.84250,0.44500,-0.39750,True,True,0.275965,True
400,381,0.44500,0.19250,-0.25250,False,False,-0.169464,True
400,382,0.19250,0.94750,+0.75500,False,False,-0.388681,True
400,383,0.94750,0.59250,-0.35500,True,True,0.391175,True
400,384,0.59250,0.37500,-0.21750,False,False,-0.045066,True
400,385,0.37500,0.75750,+0.38250,False,False,-0.238945,True
400,386,0.75750,0.26250,-0.49500,True,True,0.163161,True
400,387,0.26250,0.66250,+0.40000,False,False,-0.340750,True
400,388,0.66250,0.12500,-0.53750,False,True,0.090569,True
400,389,0.12500,0.88500,+0.76000,False,False,-0.437625,True
400,390,0.88500,0.48250,-0.40250,True,True,0.330204,True
400,391,0.48250,0.31500,-0.16750,False,False,-0.141481,True
400,392,0.31500,0.80500,+0.49000,False,False,-0.261678,True
400,393,0.80500,0.55250,-0.25250,True,True,0.248769,True
400,394,0.55250,0.18250,-0.37000,False,False,-0.039588,True
400,395,0.18250,0.97750,+0.79500,False,False,-0.390086,True
400,396,0.97750,0.62000,-0.35750,True,True,0.429666,True
400,397,0.62000,0.39500,-0.22500,False,False,-0.013005,True
400,398,0.39500,0.73250,+0.33750,False,False,-0.230797,True
400,399,0.73250,0.27500,-0.45750,True,True,0.139243,True
400,400,0.27500,0.85750,+0.58250,False,False,-0.331221,True
400,401,0.85750,0.49750,-0.36000,True,True,0.284487,True
400,402,0.49750,0.20250,-0.29500,False,False,-0.126337,True
400,403,0.20250,0.69000,+0.48750,False,False,-0.383356,True
400,404,0.69000,0.35750,-0.33250,False,True,0.126086,True
400,405,0.35750,0.92500,+0.56750,False,False,-0.200775,True
400,406,0.92500,0.56750,-0.35750,True,True,0.368664,True
400,407,0.56750,0.25000,-0.31750,False,False,-0.049947,True
400,408,0.25000,0.78750,+0.53750,False,False,-0.343880,True
400,409,0.78750,0.44000,-0.34750,True,True,0.213191,True
400,410,0.44000,0.11000,-0.33000,False,False,-0.160270,True
400,411,0.11000,0.96000,+0.85000,False,False,-0.445469,True
400,412,0.96000,0.61000,-0.35000,True,True,0.412417,True
400,413,0.61000,0.34000,-0.27000,False,False,-0.023731,True
400,414,0.34000,0.74750,+0.40750,False,False,-0.278542,True
400,415,0.74750,0.48000,-0.26750,True,True,0.153483,True
400,416,0.48000,0.18000,-0.30000,False,False,-0.122202,True
400,417,0.18000,0.87000,+0.69000,False,False,-0.394148,True
400,418,0.87000,0.54500,-0.32500,True,True,0.301108,True
400,419,0.54500,0.28250,-0.26250,False,False,-0.062132,True
400,420,0.28250,0.82250,+0.54000,False,False,-0.301441,True
400,421,0.82250,0.40750,-0.41500,True,True,0.263792,True
400,422,0.40750,0.67500,+0.26750,False,False,-0.187088,True
400,423,0.67500,0.15000,-0.52500,True,True,0.113018,True
400,424,0.15000,0.99250,+0.84250,False,False,-0.422004,True
400,425,0.99250,0.51250,-0.48000,True,True,0.450546,True
400,426,0.51250,0.71750,+0.20500,False,False,-0.125097,True
400,427,0.71750,0.32750,-0.39000,True,True,0.106993,True
400,428,0.32750,0.89750,+0.57000,False,False,-0.298158,True
400,429,0.89750,0.45750,-0.44000,True,True,0.311480,True
400,430,0.45750,0.63250,+0.17500,False,False,-0.181153,True
400,431,0.63250,0.23500,-0.39750,False,True,0.019632,True
400,432,0.23500,0.80000,+0.56500,False,False,-0.372906,True
400,433,0.80000,0.38750,-0.41250,True,True,0.215091,True
400,434,0.38750,0.93500,+0.54750,False,False,-0.219406,True
400,435,0.93500,0.56250,-0.37250,True,True,0.367176,True
400,436,0.56250,0.29250,-0.27000,False,False,-0.078648,True
400,437,0.29250,0.74000,+0.44750,False,False,-0.325422,True
400,438,0.74000,0.47750,-0.26250,True,True,0.139151,True
400,439,0.47750,0.15250,-0.32500,False,False,-0.125150,True
400,440,0.15250,0.85000,+0.69750,False,False,-0.422949,True
400,441,0.85000,0.60500,-0.24500,True,True,0.278630,True
400,442,0.60500,0.33500,-0.27000,False,False,-0.000330,True
400,443,0.33500,0.95500,+0.62000,False,False,-0.262048,True
400,444,0.95500,0.51750,-0.43750,True,True,0.401752,True
400,445,0.51750,0.69750,+0.18000,False,False,-0.115086,True
400,446,0.69750,0.26250,-0.43500,True,True,0.086653,True
400,447,0.26250,0.81250,+0.55000,False,False,-0.357719,True
400,448,0.81250,0.42000,-0.39250,True,True,0.229070,True
400,449,0.42000,0.64750,+0.22750,False,False,-0.201364,True
400,450,0.64750,0.18500,-0.46250,True,True,0.073944,True
400,451,0.18500,0.91000,+0.72500,False,False,-0.402273,True
400,452,0.91000,0.47000,-0.44000,True,True,0.351586,True
400,453,0.47000,0.75750,+0.28750,False,False,-0.153108,True
400,454,0.75750,0.31750,-0.44000,True,True,0.173079,True
400,455,0.31750,0.58000,+0.26250,False,False,-0.299413,True
400,456,0.58000,0.12000,-0.46000,False,True,0.015683,True
400,457,0.12000,0.98000,+0.86000,False,False,-0.440327,True
400,458,0.98000,0.50000,-0.48000,True,True,0.433955,True
400,459,0.50000,0.72000,+0.22000,False,False,-0.129341,True
400,460,0.72000,0.35000,-0.37000,True,True,0.114089,True
400,461,0.35000,0.86250,+0.51250,False,False,-0.269203,True
400,462,0.86250,0.43500,-0.42750,True,True,0.273479,True
400,463,0.43500,0.65750,+0.22250,False,False,-0.190636,True
400,464,0.65750,0.22500,-0.43250,True,True,0.061360,True
400,465,0.22500,0.88750,+0.66250,False,False,-0.377846,True
400,466,0.88750,0.53750,-0.35000,True,True,0.320122,True
400,467,0.53750,0.29750,-0.24000,False,False,-0.086021,True
400,468,0.29750,0.78500,+0.48750,False,False,-0.300671,True
400,469,0.78500,0.40250,-0.38250,True,True,0.207707,True
400,470,0.40250,0.10500,-0.29750,False,False,-0.191243,True
400,471,0.10500,0.94250,+0.83750,False,False,-0.447392,True
400,472,0.94250,0.60750,-0.33500,True,True,0.391178,True
400,473,0.60750,0.33750,-0.27000,False,False,-0.024587,True
400,474,0.33750,0.73500,+0.39750,False,False,-0.272452,True
400,475,0.73500,0.48000,-0.25500,True,True,0.145665,True
400,476,0.48000,0.17000,-0.31000,False,False,-0.113849,True
400,477,0.17000,0.84000,+0.67000,False,False,-0.398088,True
400,478,0.84000,0.56250,-0.27750,True,True,0.285054,True
400,479,0.56250,0.25750,-0.30500,False,False,-0.027457,True
400,480,0.25750,0.97000,+0.71250,False,False,-0.318484,True
400,481,0.97000,0.64500,-0.32500,True,True,0.427136,True
400,482,0.64500,0.38750,-0.25750,False,True,0.016080,True
400,483,0.38750,0.77250,+0.38500,False,False,-0.238634,True
400,484,0.77250,0.30250,-0.47000,True,True,0.180932,True
400,485,0.30250,0.87750,+0.57500,False,False,-0.309711,True
400,486,0.87750,0.50750,-0.37000,True,True,0.307191,True
400,487,0.50750,0.20750,-0.30000,False,False,-0.126772,True
400,488,0.20750,0.69250,+0.48500,False,False,-0.391133,True
400,489,0.69250,0.42500,-0.26750,False,True,0.106440,True
400,490,0.42500,0.92000,+0.49500,False,False,-0.151681,True
400,491,0.92000,0.58000,-0.34000,True,True,0.369429,True
400,492,0.58000,0.27500,-0.30500,False,False,-0.040617,True
400,493,0.27500,0.80250,+0.52750,False,False,-0.333103,True
400,494,0.80250,0.45750,-0.34500,True,True,0.226612,True
400,495,0.45750,0.14250,-0.31500,False,False,-0.147981,True
400,496,0.14250,0.72500,+0.58250,False,False,-0.428926,True
400,497,0.72500,0.33750,-0.38750,True,True,0.184123,True
400,498,0.33750,0.98750,+0.65000,False,False,-0.221442,True
400,499,0.98750,0.55000,-0.43750,True,True,0.448595,True
400,500,0.55000,0.66000,+0.11000,False,False,-0.082976,True
400,501,0.66000,0.25500,-0.40500,True,True,0.055781,True
400,502,0.25500,0.85250,+0.59750,False,False,-0.356719,True
400,503,0.85250,0.41750,-0.43500,True,True,0.267355,True
400,504,0.41750,0.75500,+0.33750,False,False,-0.207491,True
400,505,0.75500,0.31250,-0.44250,True,True,0.171697,True
400,506,0.31250,0.60250,+0.29000,False,False,-0.295613,True
400,507,0.60250,0.12500,-0.47750,False,True,0.037760,True
400,508,0.12500,0.93000,+0.80500,False,False,-0.438092,True
400,509,0.93000,0.48500,-0.44500,True,True,0.370090,True
400,510,0.48500,0.70250,+0.21750,False,False,-0.138890,True
400,511,0.70250,0.27000,-0.43250,True,True,0.117597,True
400,512,0.27000,0.89250,+0.62250,False,False,-0.334971,True
400,513,0.89250,0.43750,-0.45500,True,True,0.329574,True
400,514,0.43750,0.63000,+0.19250,False,False,-0.188902,True
400,515,0.63000,0.19750,-0.43250,False,True,0.040749,True
400,516,0.19750,0.82000,+0.62250,False,False,-0.391538,True
400,517,0.82000,0.37000,-0.45000,True,True,0.258448,True
400,518,0.37000,0.96250,+0.59250,False,False,-0.232378,True
400,519,0.96250,0.53750,-0.42500,True,True,0.418262,True
400,520,0.53750,0.68000,+0.14250,False,False,-0.105879,True
400,521,0.68000,0.29750,-0.38250,True,True,0.066369,True
400,522,0.29750,0.78250,+0.48500,False,False,-0.326211,True
400,523,0.78250,0.45000,-0.33250,True,True,0.198889,True
400,524,0.45000,0.16000,-0.29000,False,False,-0.163643,True
400,525,0.16000,0.87000,+0.71000,False,False,-0.419254,True
400,526,0.87000,0.57250,-0.29750,True,True,0.314447,True
400,527,0.57250,0.33000,-0.24250,False,False,-0.041789,True
400,528,0.33000,0.73750,+0.40750,False,False,-0.264702,True
400,529,0.73750,0.21500,-0.52250,True,True,0.194357,True
400,530,0.21500,0.99500,+0.78000,False,False,-0.360693,True
400,531,0.99500,0.50250,-0.49250,True,True,0.457805,True
400,532,0.50250,0.65000,+0.14750,False,False,-0.140062,True
400,533,0.65000,0.36250,-0.28750,False,True,0.035621,True
400,534,0.36250,0.83750,+0.47500,False,False,-0.247971,True
400,535,0.83750,0.43250,-0.40500,True,True,0.248752,True
400,536,0.43250,0.17000,-0.26250,False,False,-0.182403,True
400,537,0.17000,0.90750,+0.73750,False,False,-0.410977,True
400,538,0.90750,0.59750,-0.31000,True,True,0.330032,True
400,539,0.59750,0.30500,-0.29250,False,False,-0.034461,True
400,540,0.30500,0.76000,+0.45500,False,False,-0.305773,True
400,541,0.76000,0.48250,-0.27750,True,True,0.164595,True
400,542,0.48250,0.13750,-0.34500,False,False,-0.120075,True
400,543,0.13750,0.94500,+0.80750,False,False,-0.430991,True
400,544,0.94500,0.63250,-0.31250,True,True,0.380410,True
400,545,0.63250,0.37750,-0.25500,False,True,0.000745,True
400,546,0.37750,0.80000,+0.42250,False,False,-0.246693,True
400,547,0.80000,0.52250,-0.27750,True,True,0.204212,True
400,548,0.52250,0.23750,-0.28500,False,False,-0.094898,True
400,549,0.23750,0.88000,+0.64250,False,False,-0.362864,True
400,550,0.88000,0.44000,-0.44000,True,True,0.311387,True
400,551,0.44000,0.69750,+0.25750,False,False,-0.178251,True
400,552,0.69750,0.28500,-0.41250,True,True,0.099853,True
400,553,0.28500,0.95750,+0.67250,False,False,-0.313469,True
400,554,0.95750,0.56750,-0.39000,True,True,0.406642,True
400,555,0.56750,0.35750,-0.21000,False,False,-0.072294,True
400,556,0.35750,0.74750,+0.39000,False,False,-0.258342,True
400,557,0.74750,0.20500,-0.54250,True,True,0.146910,True
400,558,0.20500,0.82750,+0.62250,False,False,-0.396525,True
400,559,0.82750,0.49000,-0.33750,True,True,0.247200,True
400,560,0.49000,0.64750,+0.15750,False,False,-0.133393,True
400,561,0.64750,0.26500,-0.38250,True,True,0.063942,True
400,562,0.26500,0.91750,+0.65250,False,False,-0.326505,True
400,563,0.91750,0.42250,-0.49500,True,True,0.364656,True
400,564,0.42250,0.71250,+0.29000,False,False,-0.201115,True
400,565,0.71250,0.31250,-0.40000,True,True,0.123454,True
400,566,0.31250,0.85500,+0.54250,False,False,-0.286211,True
400,567,0.85500,0.53750,-0.31750,True,True,0.302545,True
400,568,0.53750,0.18750,-0.35000,False,False,-0.080306,True
400,569,0.18750,0.98250,+0.79500,False,False,-0.405731,True
400,570,0.98250,0.60000,-0.38250,True,True,0.438797,True
400,571,0.60000,0.38750,-0.21250,False,False,-0.044534,True
400,572,0.38750,0.77000,+0.38250,False,False,-0.243485,True
400,573,0.77000,0.46500,-0.30500,True,True,0.162685,True
400,574,0.46500,0.22250,-0.24250,False,False,-0.152741,True
400,575,0.22250,0.88750,+0.66500,False,False,-0.366077,True
400,576,0.88750,0.63750,-0.25000,True,True,0.313329,True
400,577,0.63750,0.33500,-0.30250,False,True,0.014196,True
400,578,0.33500,0.79500,+0.46000,False,False,-0.279807,True
400,579,0.79500,0.50500,-0.29000,True,True,0.215900,True
400,580,0.50500,0.17000,-0.33500,False,False,-0.105222,True
400,581,0.17000,0.93750,+0.76750,False,False,-0.415153,True
400,582,0.93750,0.57500,-0.36250,True,True,0.384170,True
400,583,0.57500,0.36500,-0.21000,False,False,-0.055455,True
400,584,0.36500,0.72750,+0.36250,False,False,-0.247940,True
400,585,0.72750,0.25250,-0.47500,True,True,0.136929,True
400,586,0.25250,0.84250,+0.59000,False,False,-0.341891,True
400,587,0.84250,0.45500,-0.38750,True,True,0.281087,True
400,588,0.45500,0.66750,+0.21250,False,False,-0.158165,True
400,589,0.66750,0.19000,-0.47750,True,True,0.096679,True
400,590,0.19000,0.97250,+0.78250,False,False,-0.395075,True
400,591,0.97250,0.52750,-0.44500,True,True,0.428764,True
400,592,0.52750,0.33000,-0.19750,False,False,-0.109369,True
400,593,0.33000,0.77750,+0.44750,False,False,-0.279936,True
400,594,0.77750,0.42000,-0.35750,True,True,0.183545,True
400,595,0.42000,0.87250,+0.45250,False,False,-0.181884,True
400,596,0.87250,0.59750,-0.27500,True,True,0.300593,True
400,597,0.59750,0.26250,-0.33500,False,False,-0.027639,True
400,598,0.26250,0.70500,+0.44250,False,False,-0.353373,True
400,599,0.70500,0.37500,-0.33000,True,True,0.129846,True
400,600,0.37500,0.92500,+0.55000,False,False,-0.207973,True
400,601,0.92500,0.50000,-0.42500,True,True,0.374711,True
400,602,0.50000,0.19750,-0.30250,False,False,-0.124369,True
400,603,0.19750,0.75500,+0.55750,False,False,-0.397713,True
400,604,0.75500,0.43500,-0.32000,True,True,0.176419,True
400,605,0.43500,0.09000,-0.34500,False,False,-0.150698,True
400,606,0.09000,0.83250,+0.74250,False,False,-0.454554,True
400,607,0.83250,0.57250,-0.26000,True,True,0.291758,True
400,608,0.57250,0.28000,-0.29250,False,False,-0.021825,True
400,609,0.28000,0.99250,+0.71250,False,False,-0.301145,True
400,610,0.99250,0.64000,-0.35250,True,True,0.455507,True
400,611,0.64000,0.38750,-0.25250,False,True,0.004609,True
400,612,0.38750,0.79000,+0.40250,False,False,-0.240855,True
400,613,0.79000,0.47750,-0.31250,True,True,0.195029,True
400,614,0.47750,0.20750,-0.27000,False,False,-0.141776,True
400,615,0.20750,0.90000,+0.69250,False,False,-0.386608,True
400,616,0.90000,0.60250,-0.29750,True,True,0.322809,True
400,617,0.60250,0.33000,-0.27250,False,False,-0.024131,True
400,618,0.33000,0.72500,+0.39500,False,False,-0.283482,True
400,619,0.72500,0.24000,-0.48500,True,True,0.139877,True
400,620,0.24000,0.95000,+0.71000,False,False,-0.347165,True
400,621,0.95000,0.52000,-0.43000,True,True,0.388307,True
400,622,0.52000,0.67750,+0.15750,False,False,-0.120870,True
400,623,0.67750,0.36750,-0.31000,True,True,0.066805,True
400,624,0.36750,0.85000,+0.48250,False,False,-0.249147,True
400,625,0.85000,0.45000,-0.40000,True,True,0.263385,True
400,626,0.45000,0.18250,-0.26750,False,False,-0.172723,True
400,627,0.18250,0.76750,+0.58500,False,False,-0.408568,True
400,628,0.76750,0.56500,-0.20250,True,True,0.189973,True
400,629,0.56500,0.27000,-0.29500,False,False,-0.026160,True
400,630,0.27000,0.91500,+0.64500,False,False,-0.305371,True
400,631,0.91500,0.48500,-0.43000,True,True,0.362535,True
400,632,0.48500,0.69750,+0.21250,False,False,-0.128341,True
400,633,0.69750,0.31000,-0.38750,True,True,0.114251,True
400,634,0.31000,0.96500,+0.65500,False,False,-0.288353,True
400,635,0.96500,0.59250,-0.37250,True,True,0.418053,True
400,636,0.59250,0.38750,-0.20500,False,False,-0.042506,True
400,637,0.38750,0.81000,+0.42250,False,False,-0.233413,True
400,638,0.81000,0.24500,-0.56500,True,True,0.210329,True
400,639,0.24500,0.65250,+0.40750,False,False,-0.373823,True
400,640,0.65250,0.44250,-0.21000,False,True,0.056538,True
400,641,0.44250,0.87750,+0.43500,False,False,-0.139099,True
400,642,0.87750,0.32750,-0.55000,True,True,0.309935,True
400,643,0.32750,0.73750,+0.41000,False,False,-0.285224,True
400,644,0.73750,0.51750,-0.22000,True,True,0.153134,True
400,645,0.51750,0.16250,-0.35500,False,False,-0.079392,True
400,646,0.16250,0.93500,+0.77250,False,False,-0.418912,True
400,647,0.93500,0.57500,-0.36000,True,True,0.393482,True
400,648,0.57500,0.29500,-0.28000,False,False,-0.047280,True
400,649,0.29500,0.78500,+0.49000,False,False,-0.311280,True
400,650,0.78500,0.41750,-0.36750,True,True,0.205949,True
400,651,0.41750,0.11000,-0.30750,False,False,-0.185839,True
400,652,0.11000,0.85750,+0.74750,False,False,-0.445591,True
400,653,0.85750,0.61750,-0.24000,True,True,0.311301,True
400,654,0.61750,0.34000,-0.27750,False,True,0.010551,True
400,655,0.34000,0.98500,+0.64500,False,False,-0.257539,True
400,656,0.98500,0.50000,-0.48500,True,True,0.446848,True
400,657,0.50000,0.70250,+0.20250,False,False,-0.141938,True
400,658,0.70250,0.26750,-0.43500,True,True,0.082656,True
400,659,0.26750,0.81750,+0.55000,False,False,-0.356489,True
400,660,0.81750,0.44750,-0.37000,True,True,0.228255,True
400,661,0.44750,0.64500,+0.19750,False,False,-0.178425,True
400,662,0.64500,0.19750,-0.44750,True,True,0.057423,True
400,663,0.19750,0.90500,+0.70750,False,False,-0.397253,True
400,664,0.90500,0.53250,-0.37250,True,True,0.342285,True
400,665,0.53250,0.32500,-0.20750,False,False,-0.092502,True
400,666,0.32500,0.75750,+0.43250,False,False,-0.275785,True
400,667,0.75750,0.39750,-0.36000,True,True,0.182302,True
400,668,0.39750,0.09500,-0.30250,False,False,-0.186295,True
400,669,0.09500,0.95500,+0.86000,False,False,-0.452478,True
400,670,0.95500,0.59500,-0.36000,True,True,0.408431,True
400,671,0.59500,0.28250,-0.31250,False,False,-0.034515,True
400,672,0.28250,0.79500,+0.51250,False,False,-0.324571,True
400,673,0.79500,0.47750,-0.31750,True,True,0.205079,True
400,674,0.47750,0.68500,+0.20750,False,False,-0.135211,True
400,675,0.68500,0.21250,-0.47250,True,True,0.110535,True
400,676,0.21250,0.88500,+0.67250,False,False,-0.381562,True
400,677,0.88500,0.41750,-0.46750,True,True,0.328698,True
400,678,0.41750,0.62500,+0.20750,False,False,-0.202386,True
400,679,0.62500,0.15750,-0.46750,False,True,0.049043,True
400,680,0.15750,0.97500,+0.81750,False,False,-0.418037,True
400,681,0.97500,0.51500,-0.46000,True,True,0.437209,True
400,682,0.51500,0.73500,+0.22000,False,False,-0.121105,True
400,683,0.73500,0.33500,-0.40000,True,True,0.123758,True
400,684,0.33500,0.83500,+0.50000,False,False,-0.294540,True
400,685,0.83500,0.45000,-0.38500,True,True,0.246049,True
400,686,0.45000,0.22750,-0.22250,False,False,-0.177546,True
400,687,0.22750,0.67000,+0.44250,False,False,-0.364244,True
400,688,0.67000,0.92000,+0.25000,False,True,0.095979,True
400,689,0.92000,0.54000,-0.38000,True,True,0.359562,True
400,690,0.54000,0.30500,-0.23500,False,False,-0.094161,True
400,691,0.30500,0.77500,+0.47000,False,False,-0.309346,True
400,692,0.77500,0.40250,-0.37250,True,True,0.190904,True
400,693,0.40250,0.12500,-0.27750,False,False,-0.201229,True
400,694,0.12500,0.86500,+0.74000,False,False,-0.437705,True
400,695,0.86500,0.58750,-0.27750,True,True,0.311330,True
400,696,0.58750,0.26250,-0.32500,False,False,-0.025631,True
400,697,0.26250,0.71250,+0.45000,False,False,-0.328962,True
400,698,0.71250,0.43750,-0.27500,True,True,0.165123,True
400,699,0.43750,0.99500,+0.55750,False,False,-0.123684,True
400,700,0.99500,0.52000,-0.47500,True,True,0.461719,True
400,701,0.52000,0.23000,-0.29000,False,False,-0.110806,True
400,702,0.23000,0.80500,+0.57500,False,False,-0.375955,True
400,703,0.80500,0.62750,-0.17750,True,True,0.206703,True
400,704,0.62750,0.34750,-0.28000,False,True,0.013539,True
400,705,0.34750,0.89750,+0.55000,False,False,-0.263905,True
400,706,0.89750,0.47250,-0.42500,True,True,0.322319,True
400,707,0.47250,0.69250,+0.22000,False,False,-0.156471,True
400,708,0.69250,0.25750,-0.43500,True,True,0.093695,True
400,709,0.25750,0.84500,+0.58750,False,False,-0.353803,True
400,710,0.84500,0.41250,-0.43250,True,True,0.279431,True
400,711,0.41250,0.59750,+0.18500,False,False,-0.205703,True
400,712,0.59750,0.15500,-0.44250,False,True,0.020107,True
400,713,0.15500,0.94500,+0.79000,False,False,-0.421847,True
400,714,0.94500,0.50750,-0.43750,True,True,0.385307,True
400,715,0.50750,0.74500,+0.23750,False,False,-0.118272,True
400,716,0.74500,0.31750,-0.42750,True,True,0.141699,True
400,717,0.31750,0.65750,+0.34000,False,False,-0.305815,True
400,718,0.65750,0.20250,-0.45500,True,True,0.085048,True
400,719,0.20250,0.92750,+0.72500,False,False,-0.378364,True
400,720,0.92750,0.45250,-0.47500,True,True,0.372661,True
400,721,0.45250,0.78250,+0.33000,False,False,-0.175864,True
400,722,0.78250,0.36250,-0.42000,True,True,0.188667,True
400,723,0.36250,0.58000,+0.21750,False,False,-0.258066,True
400,724,0.58000,0.14000,-0.44000,False,False,-0.003098,True
400,725,0.14000,0.87250,+0.73250,False,False,-0.430386,True
400,726,0.87250,0.48750,-0.38500,True,True,0.319962,True
400,727,0.48750,0.25000,-0.23750,False,False,-0.118263,True
400,728,0.25000,0.72250,+0.47250,False,False,-0.321147,True
400,729,0.72250,0.97000,+0.24750,False,True,0.172214,True
400,730,0.97000,0.41500,-0.55500,True,True,0.426579,True
400,731,0.41500,0.63250,+0.21750,False,False,-0.227648,True
400,732,0.63250,0.28750,-0.34500,False,True,0.016234,True
400,733,0.28750,0.82000,+0.53250,False,False,-0.316714,True
400,734,0.82000,0.53000,-0.29000,True,True,0.234425,True
400,735,0.53000,0.18500,-0.34500,False,False,-0.082158,True
400,736,0.18500,0.89250,+0.70750,False,False,-0.402791,True
400,737,0.89250,0.44250,-0.45000,True,True,0.334945,True
400,738,0.44250,0.68750,+0.24500,False,False,-0.179010,True
400,739,0.68750,0.31250,-0.37500,True,True,0.090758,True
400,740,0.31250,0.77000,+0.45750,False,False,-0.284508,True
400,741,0.77000,0.21500,-0.55500,True,True,0.219831,True
400,742,0.21500,0.57250,+0.35750,False,False,-0.368260,True
400,743,0.57250,0.98000,+0.40750,False,True,0.032819,True
400,744,0.98000,0.40500,-0.57500,True,True,0.442153,True
400,745,0.40500,0.66250,+0.25750,False,False,-0.227967,True
400,746,0.66250,0.26250,-0.40000,False,True,0.060705,True
400,747,0.26250,0.85000,+0.58750,False,False,-0.334690,True
400,748,0.85000,0.49750,-0.35250,True,True,0.268345,True
400,749,0.49750,0.16250,-0.33500,False,False,-0.121901,True
400,750,0.16250,0.74750,+0.58500,False,False,-0.418313,True
400,751,0.74750,0.36000,-0.38750,True,True,0.177439,True
400,752,0.36000,0.93250,+0.57250,False,False,-0.225404,True
400,753,0.93250,0.55750,-0.37500,True,True,0.373949,True
400,754,0.55750,0.28750,-0.27000,False,False,-0.072501,True
400,755,0.28750,0.80000,+0.51250,False,False,-0.315760,True
400,756,0.80000,0.45500,-0.34500,True,True,0.217676,True
400,757,0.45500,0.67750,+0.22250,False,False,-0.153218,True
400,758,0.67750,0.19500,-0.48250,True,True,0.107569,True
400,759,0.19500,0.91000,+0.71500,False,False,-0.393590,True
400,760,0.91000,0.41000,-0.50000,True,True,0.363271,True
400,761,0.41000,0.61500,+0.20500,False,False,-0.211098,True
400,762,0.61500,0.23750,-0.37750,False,True,0.026988,True
400,763,0.23750,0.83500,+0.59750,False,False,-0.335745,True
400,764,0.83500,0.50750,-0.32750,True,True,0.290944,True
400,765,0.50750,0.12500,-0.38250,False,False,-0.086900,True
400,766,0.12500,0.96000,+0.83500,False,False,-0.437870,True
400,767,0.96000,0.58250,-0.37750,True,True,0.423636,True
400,768,0.58250,0.34000,-0.24250,False,False,-0.046747,True
400,769,0.34000,0.73500,+0.39500,False,False,-0.277214,True
400,770,0.73500,0.26500,-0.47000,False,True,0.140275,True
400,771,0.26500,0.86750,+0.60250,False,False,-0.328356,True
400,772,0.86750,0.47000,-0.39750,True,True,0.305998,True
400,773,0.47000,0.65750,+0.18750,False,False,-0.152622,True
400,774,0.65750,0.19750,-0.46000,True,True,0.071432,True
400,775,0.19750,0.78750,+0.59000,False,False,-0.393281,True
400,776,0.78750,0.38750,-0.40000,True,True,0.253654,True
400,777,0.38750,0.07000,-0.31750,False,False,-0.208749,True
400,778,0.07000,0.99000,+0.92000,False,False,-0.464586,True
400,779,0.99000,0.54500,-0.44500,True,True,0.456825,True
400,780,0.54500,0.69750,+0.15250,False,False,-0.094689,True
400,781,0.69750,0.31250,-0.38500,True,True,0.087432,True
400,782,0.31250,0.88250,+0.57000,False,False,-0.311465,True
400,783,0.88250,0.45500,-0.42750,True,True,0.302697,True
400,784,0.45500,0.62250,+0.16750,False,False,-0.180978,True
400,785,0.62250,0.22500,-0.39750,False,True,0.020141,True
400,786,0.22500,0.81500,+0.59000,False,False,-0.376120,True
400,787,0.81500,0.39750,-0.41750,True,True,0.243488,True
400,788,0.39750,0.94000,+0.54250,False,False,-0.207367,True
400,789,0.94000,0.53000,-0.41000,True,True,0.381764,True
400,790,0.53000,0.28250,-0.24750,False,False,-0.108849,True
400,791,0.28250,0.72750,+0.44500,False,False,-0.329718,True
400,792,0.72750,0.59000,-0.13750,False,True,0.125892,True
400,793,0.59000,0.17750,-0.41250,False,False,-0.000627,True
400,794,0.17750,0.90000,+0.72250,False,False,-0.410978,True
400,795,0.90000,0.43000,-0.47000,True,True,0.341844,True
400,796,0.43000,0.76000,+0.33000,False,False,-0.194889,True
400,797,0.76000,0.33000,-0.43000,True,True,0.171367,True
400,798,0.33000,0.65000,+0.32000,False,False,-0.282699,True
400,799,0.65000,0.14500,-0.50500,True,True,0.082574,True
400,800,0.14500,0.96500,+0.82000,False,False,-0.426914,True
400,801,0.96500,0.49500,-0.47000,True,True,0.425809,True
400,802,0.49500,0.70250,+0.20750,False,False,-0.141685,True
400,803,0.70250,0.29750,-0.40500,True,True,0.102292,True
400,804,0.29750,0.84000,+0.54250,False,False,-0.318974,True
400,805,0.84000,0.44500,-0.39500,True,True,0.257448,True
400,806,0.44500,0.60250,+0.15750,False,False,-0.177753,True
400,807,0.60250,0.19500,-0.40750,True,True,0.021799,True
400,808,0.19500,0.91750,+0.72250,False,False,-0.389406,True
400,809,0.91750,0.38750,-0.53000,True,True,0.366790,True
400,810,0.38750,0.74500,+0.35750,False,False,-0.230897,True
400,811,0.74500,0.52500,-0.22000,True,True,0.152609,True
400,812,0.52500,0.23250,-0.29250,False,False,-0.077192,True
400,813,0.23250,0.86000,+0.62750,False,False,-0.350519,True
400,814,0.86000,0.42250,-0.43750,True,True,0.312132,True
400,815,0.42250,0.67000,+0.24750,False,False,-0.177790,True
400,816,0.67000,0.15500,-0.51500,True,True,0.104417,True
400,817,0.15500,0.98750,+0.83250,False,False,-0.421867,True
400,818,0.98750,0.55500,-0.43250,True,True,0.457031,True
400,819,0.55500,0.33250,-0.22250,False,False,-0.083078,True
400,820,0.33250,0.79000,+0.45750,False,False,-0.285086,True
400,821,0.79000,0.47000,-0.32000,True,True,0.188013,True
400,822,0.47000,0.71500,+0.24500,False,False,-0.142254,True
400,823,0.71500,0.24750,-0.46750,True,True,0.136227,True
400,824,0.24750,0.89000,+0.64250,False,False,-0.356570,True
400,825,0.89000,0.51000,-0.38000,True,True,0.325790,True
400,826,0.51000,0.30500,-0.20500,False,False,-0.112723,True
400,827,0.30500,0.81750,+0.51250,False,False,-0.286201,True
400,828,0.81750,0.61000,-0.20750,True,True,0.252743,True
400,829,0.61000,0.19500,-0.41500,False,True,0.007375,True
400,830,0.19500,0.95000,+0.75500,False,False,-0.399960,True
400,831,0.95000,0.43500,-0.51500,True,True,0.400046,True
400,832,0.43500,0.68000,+0.24500,False,False,-0.204284,True
400,833,0.68000,0.34250,-0.33750,False,True,0.069585,True
400,834,0.34250,0.77250,+0.43000,False,False,-0.265531,True
400,835,0.77250,0.23500,-0.53750,True,True,0.200997,True
400,836,0.23500,0.56750,+0.33250,False,False,-0.360966,True
400,837,0.56750,0.92500,+0.35750,False,True,0.003574,True
400,838,0.92500,0.41000,-0.51500,True,True,0.378384,True
400,839,0.41000,0.65000,+0.24000,False,False,-0.215097,True
400,840,0.65000,0.18000,-0.47000,True,True,0.062345,True
400,841,0.18000,0.84750,+0.66750,False,False,-0.410144,True
400,842,0.84750,0.48250,-0.36500,True,True,0.285935,True
400,843,0.48250,0.28250,-0.20000,False,False,-0.131366,True
400,844,0.28250,0.74250,+0.46000,False,False,-0.291374,True
400,845,0.74250,0.11500,-0.62750,True,True,0.204198,True
400,846,0.11500,0.97750,+0.86250,False,False,-0.442685,True
400,847,0.97750,0.53500,-0.44250,True,True,0.445708,True
400,848,0.53500,0.36750,-0.16750,False,False,-0.106125,True
400,849,0.36750,0.80000,+0.43250,False,False,-0.246469,True
400,850,0.80000,0.60250,-0.19750,True,True,0.209068,True
400,851,0.60250,0.25000,-0.35250,False,False,-0.009518,True
400,852,0.25000,0.88000,+0.63000,False,False,-0.356047,True
400,853,0.88000,0.44750,-0.43250,True,True,0.314359,True
400,854,0.44750,0.69250,+0.24500,False,False,-0.178802,True
400,855,0.69250,0.30500,-0.38750,True,True,0.100014,True
400,856,0.30500,0.93500,+0.63000,False,False,-0.295890,True
400,857,0.93500,0.51750,-0.41750,True,True,0.391254,True
400,858,0.51750,0.20750,-0.31000,False,False,-0.115693,True
400,859,0.20750,0.75500,+0.54750,False,False,-0.394145,True
400,860,0.75500,0.40000,-0.35500,True,True,0.163371,True
400,861,0.40000,0.64250,+0.24250,False,False,-0.201467,True
400,862,0.64250,0.13000,-0.51250,True,True,0.082827,True
400,863,0.13000,0.86500,+0.73500,False,False,-0.434654,True
400,864,0.86500,0.46750,-0.39750,True,True,0.327135,True
400,865,0.46750,0.26000,-0.20750,False,False,-0.136723,True
400,866,0.26000,0.99500,+0.73500,False,False,-0.300431,True
400,867,0.99500,0.58750,-0.40750,True,True,0.466097,True
400,868,0.58750,0.72000,+0.13250,False,False,-0.050591,True
400,869,0.72000,0.35250,-0.36750,True,True,0.103659,True
400,870,0.35250,0.82000,+0.46750,False,False,-0.278892,True
400,871,0.82000,0.49000,-0.33000,True,True,0.227034,True
400,872,0.49000,0.21500,-0.27500,False,False,-0.136934,True
400,873,0.21500,0.90500,+0.69000,False,False,-0.385366,True
400,874,0.90500,0.56250,-0.34250,True,True,0.331986,True
400,875,0.56250,0.32250,-0.24000,False,False,-0.068986,True
400,876,0.32250,0.76750,+0.44500,False,False,-0.286852,True
400,877,0.76750,0.42500,-0.34250,True,True,0.177491,True
400,878,0.42500,0.67250,+0.24750,False,False,-0.175003,True
400,879,0.67250,0.16750,-0.50500,True,True,0.109107,True
400,880,0.16750,0.95500,+0.78750,False,False,-0.415394,True
400,881,0.95500,0.51500,-0.44000,True,True,0.399719,True
400,882,0.51500,0.29000,-0.22500,False,False,-0.115093,True
400,883,0.29000,0.83250,+0.54250,False,False,-0.310355,True
400,884,0.83250,0.61500,-0.21750,True,True,0.242456,True
400,885,0.61500,0.37250,-0.24250,False,False,-0.001497,True
400,886,0.37250,0.88500,+0.51250,False,False,-0.233158,True
400,887,0.88500,0.46500,-0.42000,True,True,0.321001,True
400,888,0.46500,0.71000,+0.24500,False,False,-0.157409,True
400,889,0.71000,0.23750,-0.47250,True,True,0.114504,True
400,890,0.23750,0.78750,+0.55000,False,False,-0.374775,True
400,891,0.78750,0.40250,-0.38500,True,True,0.233665,True
400,892,0.40250,0.11500,-0.28750,False,False,-0.199976,True
400,893,0.11500,0.96750,+0.85250,False,False,-0.442398,True
400,894,0.96750,0.57000,-0.39750,True,True,0.424469,True
400,895,0.57000,0.32500,-0.24500,False,False,-0.069008,True
400,896,0.32500,0.73500,+0.41000,False,False,-0.286326,True
400,897,0.73500,0.49500,-0.24000,True,True,0.143035,True
400,898,0.49500,0.17500,-0.32000,False,False,-0.099355,True
400,899,0.17500,0.91250,+0.73750,False,False,-0.393823,True
400,900,0.91250,0.63250,-0.28000,True,True,0.348783,True
400,901,0.63250,0.36000,-0.27250,False,True,0.013348,True
400,902,0.36000,0.81250,+0.45250,False,False,-0.251975,True
400,903,0.81250,0.44500,-0.36750,True,True,0.236643,True
400,904,0.44500,0.20250,-0.24250,False,False,-0.164939,True
400,905,0.20250,0.86000,+0.65750,False,False,-0.372050,True
400,906,0.86000,0.55500,-0.30500,True,True,0.312884,True
400,907,0.55500,0.28000,-0.27500,False,False,-0.053729,True
400,908,0.28000,0.70000,+0.42000,False,False,-0.301328,True
400,909,0.70000,0.11000,-0.59000,True,True,0.154836,True
400,910,0.11000,0.98250,+0.87250,False,False,-0.444412,True
400,911,0.98250,0.48000,-0.50250,True,True,0.449208,True
400,912,0.48000,0.65750,+0.17750,False,False,-0.157439,True
400,913,0.65750,0.32750,-0.33000,True,True,0.050463,True
400,914,0.32750,0.83750,+0.51000,False,False,-0.280484,True
400,915,0.83750,0.41500,-0.42250,True,True,0.259961,True
400,916,0.41500,0.75250,+0.33750,False,False,-0.197352,True
400,917,0.75250,0.23000,-0.52250,True,True,0.175545,True
400,918,0.23000,0.58500,+0.35500,False,False,-0.374612,True
400,919,0.58500,0.93250,+0.34750,False,True,0.021027,True
400,920,0.93250,0.38000,-0.55250,True,True,0.374073,True
400,921,0.38000,0.67750,+0.29750,False,False,-0.249181,True
400,922,0.67750,0.19750,-0.48000,True,True,0.084215,True
400,923,0.19750,0.87750,+0.68000,False,False,-0.398846,True
400,924,0.87750,0.50250,-0.37500,True,True,0.315188,True
400,925,0.50250,0.30250,-0.20000,False,False,-0.126910,True
400,926,0.30250,0.77750,+0.47500,False,False,-0.289068,True
400,927,0.77750,0.55000,-0.22750,True,True,0.209233,True
400,928,0.55000,0.14750,-0.40250,False,False,-0.037936,True
400,929,0.14750,0.94750,+0.80000,False,False,-0.426222,True
400,930,0.94750,0.43250,-0.51500,True,True,0.408697,True
400,931,0.43250,0.70500,+0.27250,False,False,-0.196528,True
400,932,0.70500,0.27750,-0.42750,True,True,0.104054,True
400,933,0.27750,0.82000,+0.54250,False,False,-0.328095,True
400,934,0.82000,0.48500,-0.33500,True,True,0.255442,True
400,935,0.48500,0.18000,-0.30500,False,False,-0.126172,True
400,936,0.18000,0.63750,+0.45750,False,False,-0.394025,True
400,937,0.63750,0.97250,+0.33500,False,True,0.097150,True
400,938,0.97250,0.38750,-0.58500,True,True,0.443916,True
400,939,0.38750,0.73250,+0.34500,False,False,-0.248889,True
400,940,0.73250,0.31250,-0.42000,True,True,0.128309,True
400,941,0.31250,0.58250,+0.27000,False,False,-0.301148,True
400,942,0.58250,0.89250,+0.31000,False,True,0.001201,True
400,943,0.89250,0.45000,-0.44250,True,True,0.321131,True
400,944,0.45000,0.20750,-0.24250,False,False,-0.175811,True
400,945,0.20750,0.79250,+0.58500,False,False,-0.385649,True
400,946,0.79250,0.53500,-0.25750,True,True,0.212982,True
400,947,0.53500,0.14000,-0.39500,False,False,-0.063990,True
400,948,0.14000,0.92000,+0.78000,False,False,-0.430442,True
400,949,0.92000,0.40000,-0.52000,True,True,0.374551,True
400,950,0.40000,0.67000,+0.27000,False,False,-0.224892,True
400,951,0.67000,0.27500,-0.39500,False,True,0.065650,True
400,952,0.27500,0.84250,+0.56750,False,False,-0.317635,True
400,953,0.84250,0.50000,-0.34250,True,True,0.281217,True
400,954,0.50000,0.17750,-0.32250,False,False,-0.110863,True
400,955,0.17750,0.74500,+0.56750,False,False,-0.395219,True
400,956,0.74500,0.35500,-0.39000,True,True,0.192084,True
400,957,0.35500,0.99750,+0.64250,False,False,-0.217532,True
400,958,0.99750,0.59500,-0.40250,True,True,0.469908,True
400,959,0.59500,0.43000,-0.16500,False,False,-0.045827,True
400,960,0.43000,0.80250,+0.37250,False,False,-0.189028,True
400,961,0.80250,0.28750,-0.51500,True,True,0.207754,True
400,962,0.28750,0.65500,+0.36750,False,False,-0.333647,True
400,963,0.65500,0.16500,-0.49000,False,True,0.061205,True
400,964,0.16500,0.90000,+0.73500,False,False,-0.415810,True
400,965,0.90000,0.51250,-0.38750,True,True,0.329058,True
400,966,0.51250,0.34500,-0.16750,False,False,-0.118188,True
400,967,0.34500,0.76000,+0.41500,False,False,-0.249404,True
400,968,0.76000,0.22500,-0.53500,True,True,0.182877,True
400,969,0.22500,0.94250,+0.71750,False,False,-0.358564,True
400,970,0.94250,0.56500,-0.37750,True,True,0.384613,True
400,971,0.56500,0.41250,-0.15250,False,False,-0.075134,True
400,972,0.41250,0.71000,+0.29750,False,False,-0.202568,True
400,973,0.71000,0.26250,-0.44750,True,True,0.117001,True
400,974,0.26250,0.85750,+0.59500,False,False,-0.332387,True
400,975,0.85750,0.48250,-0.37500,True,True,0.283752,True
400,976,0.48250,0.15500,-0.32750,False,False,-0.134108,True
400,977,0.15500,0.67500,+0.52000,False,False,-0.422438,True
400,978,0.67500,0.32750,-0.34750,False,True,0.112054,True
400,979,0.32750,0.96000,+0.63250,False,False,-0.220623,True
400,980,0.96000,0.58500,-0.37500,True,True,0.413501,True
400,981,0.58500,0.38750,-0.19750,False,False,-0.039261,True
400,982,0.38750,0.81250,+0.42500,False,False,-0.213899,True
400,983,0.81250,0.24250,-0.57000,True,True,0.222179,True
400,984,0.24250,0.73000,+0.48750,False,False,-0.364922,True
400,985,0.73000,0.46500,-0.26500,True,True,0.147565,True
400,986,0.46500,0.11500,-0.35000,False,False,-0.131325,True
400,987,0.11500,0.90750,+0.79250,False,False,-0.442856,True
400,988,0.90750,0.54500,-0.36250,True,True,0.352374,True
400,989,0.54500,0.30250,-0.24250,False,False,-0.073913,True
400,990,0.30250,0.78000,+0.47750,False,False,-0.291257,True
400,991,0.78000,0.41500,-0.36500,True,True,0.214567,True
400,992,0.41500,0.08000,-0.33500,False,False,-0.170727,True
400,993,0.08000,0.98500,+0.90500,False,False,-0.460009,True
400,994,0.98500,0.62500,-0.36000,True,True,0.448032,True
400,995,0.62500,0.35000,-0.27500,False,False,-0.015301,True
400,996,0.35000,0.70250,+0.35250,False,False,-0.272621,True
400,997,0.70250,0.22500,-0.47750,False,True,0.103195,True
400,998,0.22500,0.86750,+0.64250,False,False,-0.371960,True
400,999,0.86750,0.50500,-0.36250,True,True,0.280234,True
400,1000,0.50500,0.65250,+0.14750,False,False,-0.125198,True
400,1001,0.65250,0.28250,-0.37000,True,True,0.064211,True
400,1002,0.28250,0.83500,+0.55250,False,False,-0.316266,True
400,1003,0.83500,0.43250,-0.40250,True,True,0.270311,True
400,1004,0.43250,0.14000,-0.29250,False,False,-0.176222,True
400,1005,0.14000,0.93000,+0.79000,False,False,-0.426304,True
400,1006,0.93000,0.57000,-0.36000,True,True,0.372449,True
400,1007,0.57000,0.33750,-0.23250,False,False,-0.060129,True
400,1008,0.33750,0.75250,+0.41500,False,False,-0.267828,True
400,1009,0.75250,0.47500,-0.27750,True,True,0.163490,True
400,1010,0.47500,0.17500,-0.30000,False,False,-0.114925,True
400,1011,0.17500,0.88750,+0.71250,False,False,-0.388578,True
400,1012,0.88750,0.61250,-0.27500,True,True,0.338306,True
400,1013,0.61250,0.29750,-0.31500,False,True,0.004800,True
400,1014,0.29750,0.79250,+0.49500,False,False,-0.300544,True
400,1015,0.79250,0.40750,-0.38500,True,True,0.238516,True
400,1016,0.40750,0.09750,-0.31000,False,False,-0.187816,True
400,1017,0.09750,0.97000,+0.87250,False,False,-0.450625,True
400,1018,0.97000,0.54500,-0.42500,True,True,0.430706,True
400,1019,0.54500,0.68750,+0.14250,False,False,-0.089861,True
400,1020,0.68750,0.32000,-0.36750,True,True,0.076350,True
400,1021,0.32000,0.82500,+0.50500,False,False,-0.297760,True
400,1022,0.82500,0.45500,-0.37000,True,True,0.250921,True
400,1023,0.45500,0.19500,-0.26000,False,False,-0.162956,True
400,1024,0.19500,0.72750,+0.53250,False,False,-0.388573,True
400,1025,0.72750,0.36500,-0.36250,True,True,0.173160,True
400,1026,0.36500,0.94000,+0.57500,False,False,-0.192846,True
400,1027,0.94000,0.58000,-0.36000,True,True,0.395022,True
400,1028,0.58000,0.26000,-0.32000,False,False,-0.045069,True
400,1029,0.26000,0.77250,+0.51250,False,False,-0.343027,True
400,1030,0.77250,0.48500,-0.28750,True,True,0.200785,True
400,1031,0.48500,0.13500,-0.35000,False,False,-0.114342,True
400,1032,0.13500,0.89750,+0.76250,False,False,-0.431392,True
400,1033,0.89750,0.62250,-0.27500,True,True,0.349881,True
400,1034,0.62250,0.34000,-0.28250,False,True,0.007862,True
400,1035,0.34000,0.84750,+0.50750,False,False,-0.270880,True
400,1036,0.84750,0.43500,-0.41250,True,True,0.300765,True
400,1037,0.43500,0.18750,-0.24750,False,False,-0.180981,True
400,1038,0.18750,0.69750,+0.51000,False,False,-0.387291,True
400,1039,0.69750,0.07500,-0.62250,False,True,0.141164,True
400,1040,0.07500,0.99250,+0.91750,False,False,-0.462707,True
400,1041,0.99250,0.52750,-0.46500,True,True,0.461055,True
400,1042,0.52750,0.36750,-0.16000,False,False,-0.117769,True
400,1043,0.36750,0.75500,+0.38750,False,False,-0.248416,True
400,1044,0.75500,0.27000,-0.48500,True,True,0.155931,True
400,1045,0.27000,0.64750,+0.37750,False,False,-0.332910,True
400,1046,0.64750,0.87500,+0.22750,False,True,0.068359,True
400,1047,0.87500,0.45250,-0.42250,True,True,0.306441,True
400,1048,0.45250,0.20500,-0.24750,False,False,-0.176896,True
400,1049,0.20500,0.80250,+0.59750,False,False,-0.385991,True
400,1050,0.80250,0.55750,-0.24500,True,True,0.236347,True
400,1051,0.55750,0.31250,-0.24500,False,False,-0.046731,True
400,1052,0.31250,0.95250,+0.64000,False,False,-0.268523,True
400,1053,0.95250,0.60750,-0.34500,True,True,0.398410,True
400,1054,0.60750,0.39000,-0.21750,False,False,-0.019587,True
400,1055,0.39000,0.73250,+0.34250,False,False,-0.225026,True
400,1056,0.73250,0.22750,-0.50500,True,True,0.148718,True
400,1057,0.22750,0.91250,+0.68500,False,False,-0.373225,True
400,1058,0.91250,0.49500,-0.41750,True,True,0.349423,True
400,1059,0.49500,0.67250,+0.17750,False,False,-0.138947,True
400,1060,0.67250,0.29500,-0.37750,True,True,0.073515,True
400,1061,0.29500,0.83250,+0.53750,False,False,-0.313356,True
400,1062,0.83250,0.43000,-0.40250,True,True,0.265114,True
400,1063,0.43000,0.14500,-0.28500,False,False,-0.183313,True
400,1064,0.14500,0.76750,+0.62250,False,False,-0.427968,True
400,1065,0.76750,0.54250,-0.22500,True,True,0.223737,True
400,1066,0.54250,0.21500,-0.32750,False,False,-0.037648,True
400,1067,0.21500,0.97500,+0.76000,False,False,-0.340079,True
400,1068,0.97500,0.59750,-0.37750,True,True,0.435485,True
400,1069,0.59750,0.35750,-0.24000,False,False,-0.027876,True
400,1070,0.35750,0.85750,+0.50000,False,False,-0.256370,True
400,1071,0.85750,0.47000,-0.38750,True,True,0.276383,True
400,1072,0.47000,0.70250,+0.23250,False,False,-0.152810,True
400,1073,0.70250,0.26000,-0.44250,True,True,0.107567,True
400,1074,0.26000,0.92250,+0.66250,False,False,-0.349311,True
400,1075,0.92250,0.52000,-0.40250,True,True,0.364330,True
400,1076,0.52000,0.32750,-0.19250,False,False,-0.113404,True
400,1077,0.32750,0.78250,+0.45500,False,False,-0.276593,True
400,1078,0.78250,0.62500,-0.15750,True,True,0.194366,True
400,1079,0.62500,0.20500,-0.42000,True,True,0.023886,True
400,1080,0.20500,0.88500,+0.68000,False,False,-0.396153,True
400,1081,0.88500,0.42750,-0.45750,True,True,0.339589,True
400,1082,0.42750,0.67750,+0.25000,False,False,-0.200225,True
400,1083,0.67750,0.28250,-0.39500,True,True,0.093204,True
400,1084,0.28250,0.96250,+0.68000,False,False,-0.311892,True
400,1085,0.96250,0.53750,-0.42500,True,True,0.427724,True
400,1086,0.53750,0.37000,-0.16750,False,False,-0.100206,True
400,1087,0.37000,0.75250,+0.38250,False,False,-0.238416,True
400,1088,0.75250,0.21750,-0.53500,True,True,0.157848,True
400,1089,0.21750,0.82000,+0.60250,False,False,-0.380748,True
400,1090,0.82000,0.48250,-0.33750,True,True,0.246984,True
400,1091,0.48250,0.64000,+0.15750,False,False,-0.133546,True
400,1092,0.64000,0.16500,-0.47500,True,True,0.067944,True
400,1093,0.16500,0.93500,+0.77000,False,False,-0.417965,True
400,1094,0.93500,0.40750,-0.52750,True,True,0.399178,True
400,1095,0.40750,0.71250,+0.30500,False,False,-0.221120,True
400,1096,0.71250,0.30000,-0.41250,True,True,0.119247,True
400,1097,0.30000,0.85000,+0.55000,False,False,-0.304685,True
400,1098,0.85000,0.52500,-0.32500,True,True,0.292820,True
400,1099,0.52500,0.21000,-0.31500,False,False,-0.094949,True
400,1100,0.21000,0.66250,+0.45250,False,False,-0.378786,True
400,1101,0.66250,0.09000,-0.57250,True,True,0.121337,True
400,1102,0.09000,0.99000,+0.90000,False,False,-0.455057,True
400,1103,0.99000,0.45000,-0.54000,True,True,0.461160,True
400,1104,0.45000,0.76500,+0.31500,False,False,-0.190497,True
400,1105,0.76500,0.35000,-0.41500,True,True,0.155797,True
400,1106,0.35000,0.59500,+0.24500,False,False,-0.278702,True
400,1107,0.59500,0.87750,+0.28250,False,False,-0.001909,True
400,1108,0.87750,0.39750,-0.48000,True,True,0.300239,True
400,1109,0.39750,0.69000,+0.29250,False,False,-0.232868,True
400,1110,0.69000,0.24000,-0.45000,True,True,0.096801,True
400,1111,0.24000,0.81000,+0.57000,False,False,-0.368353,True
400,1112,0.81000,0.49500,-0.31500,True,True,0.249889,True
400,1113,0.49500,0.15750,-0.33750,False,False,-0.115524,True
400,1114,0.15750,0.94500,+0.78750,False,False,-0.419304,True
400,1115,0.94500,0.56250,-0.38250,True,True,0.395726,True
400,1116,0.56250,0.33000,-0.23250,False,False,-0.069781,True
400,1117,0.33000,0.73750,+0.40750,False,False,-0.282246,True
400,1118,0.73750,0.42500,-0.31250,True,True,0.152498,True
400,1119,0.42500,0.90000,+0.47500,False,False,-0.164662,True
400,1120,0.90000,0.61250,-0.28750,True,True,0.340894,True
400,1121,0.61250,0.26500,-0.34750,False,False,-0.007758,True
400,1122,0.26500,0.78750,+0.52250,False,False,-0.352998,True
400,1123,0.78750,0.46000,-0.32750,True,True,0.219048,True
400,1124,0.46000,0.15000,-0.31000,False,False,-0.148527,True
400,1125,0.15000,0.98000,+0.83000,False,False,-0.424517,True
400,1126,0.98000,0.54750,-0.43250,True,True,0.445856,True
400,1127,0.54750,0.68000,+0.13250,False,False,-0.090447,True
400,1128,0.68000,0.33750,-0.34250,True,True,0.065221,True
400,1129,0.33750,0.84000,+0.50250,False,False,-0.285876,True
400,1130,0.84000,0.41500,-0.42500,True,True,0.252208,True
400,1131,0.41500,0.64250,+0.22750,False,False,-0.208185,True
400,1132,0.64250,0.20750,-0.43500,True,True,0.057021,True
400,1133,0.20750,0.91500,+0.70750,False,False,-0.386442,True
400,1134,0.91500,0.50250,-0.41250,True,True,0.352583,True
400,1135,0.50250,0.74750,+0.24500,False,False,-0.123692,True
400,1136,0.74750,0.30750,-0.44000,True,True,0.151670,True
400,1137,0.30750,0.59000,+0.28250,False,False,-0.313432,True
400,1138,0.59000,0.13250,-0.45750,True,True,0.024089,True
400,1139,0.13250,0.86750,+0.73500,False,False,-0.433575,True
400,1140,0.86750,0.40000,-0.46750,True,True,0.318374,True
400,1141,0.40000,0.70750,+0.30750,False,False,-0.207231,True
400,1142,0.70750,0.24000,-0.46750,True,True,0.149815,True
400,1143,0.24000,0.95750,+0.71750,False,False,-0.342628,True
400,1144,0.95750,0.52000,-0.43750,True,True,0.420781,True
400,1145,0.52000,0.34750,-0.17250,False,False,-0.114216,True
400,1146,0.34750,0.79750,+0.45000,False,False,-0.251675,True
400,1147,0.79750,0.61000,-0.18750,True,True,0.210446,True
400,1148,0.61000,0.21000,-0.40000,False,True,0.006824,True
400,1149,0.21000,0.89000,+0.68000,False,False,-0.388276,True
400,1150,0.89000,0.45000,-0.44000,True,True,0.341818,True
400,1151,0.45000,0.67250,+0.22250,False,False,-0.177369,True
400,1152,0.67250,0.28500,-0.38750,True,True,0.084851,True
400,1153,0.28500,0.06750,-0.21750,False,False,-0.312378,True
400,1154,0.06750,0.82500,+0.75750,False,False,-0.465994,True
400,1155,0.82500,0.49500,-0.33000,True,True,0.296362,True
400,1156,0.49500,0.16250,-0.33250,False,False,-0.098810,True
400,1157,0.16250,0.99750,+0.83500,False,False,-0.387447,True
400,1158,0.99750,0.57500,-0.42250,True,True,0.471436,True
400,1159,0.57500,0.37250,-0.20250,False,False,-0.062446,True
400,1160,0.37250,0.75500,+0.38250,False,False,-0.245101,True
400,1161,0.75500,0.26250,-0.49250,False,True,0.151932,True
400,1162,0.26250,0.69500,+0.43250,False,False,-0.339856,True
400,1163,0.69500,0.43750,-0.25750,False,True,0.117378,True
400,1164,0.43750,0.92750,+0.49000,False,False,-0.137551,True
400,1165,0.92750,0.53750,-0.39000,True,True,0.357306,True
400,1166,0.53750,0.22250,-0.31500,False,False,-0.085343,True
400,1167,0.22250,0.84500,+0.62250,False,False,-0.380486,True
400,1168,0.84500,0.39750,-0.44750,True,True,0.258641,True
400,1169,0.39750,0.65000,+0.25250,False,False,-0.219709,True
400,1170,0.65000,0.16500,-0.48500,False,True,0.056783,True
400,1171,0.16500,0.78500,+0.62000,False,False,-0.414888,True
400,1172,0.78500,0.33500,-0.45000,True,True,0.226325,True
400,1173,0.33500,0.95000,+0.61500,False,False,-0.256831,True
400,1174,0.95000,0.51500,-0.43500,True,True,0.397277,True
400,1175,0.51500,0.62000,+0.10500,False,False,-0.123213,True
400,1176,0.62000,0.25750,-0.36250,False,True,0.013634,True
400,1177,0.25750,0.87250,+0.61500,False,False,-0.345682,True
400,1178,0.87250,0.44500,-0.42750,True,True,0.298154,True
400,1179,0.44500,0.72250,+0.27750,False,False,-0.177078,True
400,1180,0.72250,0.30250,-0.42000,True,True,0.128315,True
400,1181,0.30250,0.81250,+0.51000,False,False,-0.301857,True
400,1182,0.81250,0.49250,-0.32000,True,True,0.260954,True
400,1183,0.49250,0.16000,-0.33250,False,False,-0.112169,True
400,1184,0.16000,0.97000,+0.81000,False,False,-0.419604,True
400,1185,0.97000,0.58500,-0.38500,True,True,0.426037,True
400,1186,0.58500,0.36750,-0.21750,False,False,-0.052627,True
400,1187,0.36750,0.74500,+0.37750,False,False,-0.252042,True
400,1188,0.74500,0.24750,-0.49750,True,True,0.150852,True
400,1189,0.24750,0.89750,+0.65000,False,False,-0.354313,True
400,1190,0.89750,0.53000,-0.36750,True,True,0.325540,True
400,1191,0.53000,0.66500,+0.13500,False,False,-0.104402,True
400,1192,0.66500,0.32000,-0.34500,True,True,0.060561,True
400,1193,0.32000,0.83500,+0.51500,False,False,-0.291658,True
400,1194,0.83500,0.43250,-0.40250,True,True,0.272367,True
400,1195,0.43250,0.15500,-0.27750,False,False,-0.183196,True
400,1196,0.15500,0.70750,+0.55250,False,False,-0.422485,True
400,1197,0.70750,0.26750,-0.44000,True,True,0.162088,True
400,1198,0.26750,0.93750,+0.67000,False,False,-0.280688,True
400,1199,0.93750,0.55500,-0.38250,True,True,0.397687,True
400,1200,0.55500,0.38250,-0.17250,False,False,-0.069508,True
400,1201,0.38250,0.78000,+0.39750,False,False,-0.210568,True
400,1202,0.78000,0.21250,-0.56750,True,True,0.212271,True
400,1203,0.21250,0.62750,+0.41500,False,False,-0.379109,True
400,1204,0.62750,0.08000,-0.54750,False,True,0.070751,True
400,1205,0.08000,0.98500,+0.90500,False,False,-0.460186,True
400,1206,0.98500,0.47500,-0.51000,True,True,0.449526,True
400,1207,0.47500,0.73000,+0.25500,False,False,-0.164370,True
400,1208,0.73000,0.33250,-0.39750,True,True,0.124405,True
400,1209,0.33250,0.86000,+0.52750,False,False,-0.290679,True
400,1210,0.86000,0.52250,-0.33750,True,True,0.272706,True
400,1211,0.52250,0.24750,-0.27500,False,False,-0.109060,True
400,1212,0.24750,0.67750,+0.43000,False,False,-0.357805,True
400,1213,0.67750,0.91000,+0.23250,False,True,0.100040,True
400,1214,0.91000,0.41500,-0.49500,True,True,0.343305,True
400,1215,0.41500,0.59500,+0.18000,False,False,-0.225601,True
400,1216,0.59500,0.19500,-0.40000,False,False,-0.008087,True
400,1217,0.19500,0.80500,+0.61000,False,False,-0.399994,True
400,1218,0.80500,0.36000,-0.44500,True,True,0.230857,True
400,1219,0.36000,0.75000,+0.39000,False,False,-0.241901,True
400,1220,0.75000,0.48500,-0.26500,True,True,0.202106,True
400,1221,0.48500,0.12500,-0.36000,False,False,-0.098245,True
400,1222,0.12500,0.96000,+0.83500,False,False,-0.437088,True
400,1223,0.96000,0.56500,-0.39500,True,True,0.417360,True
400,1224,0.56500,0.29750,-0.26750,False,False,-0.059591,True
400,1225,0.29750,0.84250,+0.54500,False,False,-0.309968,True
400,1226,0.84250,0.44000,-0.40250,True,True,0.263599,True
400,1227,0.44000,0.66750,+0.22750,False,False,-0.175983,True
400,1228,0.66750,0.21500,-0.45250,True,True,0.078444,True
400,1229,0.21500,0.89000,+0.67500,False,False,-0.376631,True
400,1230,0.89000,0.51250,-0.37750,True,True,0.338009,True
400,1231,0.51250,0.32500,-0.18750,False,False,-0.106387,True
400,1232,0.32500,0.76500,+0.44000,False,False,-0.261431,True
400,1233,0.76500,0.16250,-0.60250,True,True,0.201760,True
400,1234,0.16250,0.62250,+0.46000,False,False,-0.415656,True
400,1235,0.62250,0.97750,+0.35500,False,True,0.074570,True
400,1236,0.97750,0.41250,-0.56500,True,True,0.445304,True
400,1237,0.41250,0.70250,+0.29000,False,False,-0.227987,True
400,1238,0.70250,0.28000,-0.42250,True,True,0.095967,True
400,1239,0.28000,0.82250,+0.54250,False,False,-0.333734,True
400,1240,0.82250,0.49250,-0.33000,True,True,0.244121,True
400,1241,0.49250,0.19250,-0.30000,False,False,-0.129057,True
400,1242,0.19250,0.92000,+0.72750,False,False,-0.391668,True
400,1243,0.92000,0.57750,-0.34250,True,True,0.357859,True
400,1244,0.57750,0.36250,-0.21500,False,False,-0.056013,True
400,1245,0.36250,0.73750,+0.37500,False,False,-0.250826,True
400,1246,0.73750,0.24750,-0.49000,True,True,0.152004,True
400,1247,0.24750,0.86750,+0.62000,False,False,-0.345201,True
400,1248,0.86750,0.47000,-0.39750,True,True,0.310286,True
400,1249,0.47000,0.64500,+0.17500,False,False,-0.152004,True
400,1250,0.64500,0.17500,-0.47000,True,True,0.059403,True
400,1251,0.17500,0.94500,+0.77000,False,False,-0.411737,True
400,1252,0.94500,0.42250,-0.52250,True,True,0.408458,True
400,1253,0.42250,0.69000,+0.26750,False,False,-0.210196,True
400,1254,0.69000,0.30500,-0.38500,True,True,0.087109,True
400,1255,0.30500,0.79500,+0.49000,False,False,-0.300399,True
400,1256,0.79500,0.52750,-0.26750,True,True,0.221802,True
400,1257,0.52750,0.20000,-0.32750,False,False,-0.078604,True
400,1258,0.20000,0.90000,+0.70000,False,False,-0.380806,True
400,1259,0.90000,0.44750,-0.45250,True,True,0.370149,True
400,1260,0.44750,0.62750,+0.18000,False,False,-0.168658,True
400,1261,0.62750,0.25500,-0.37250,False,True,0.046165,True
400,1262,0.25500,0.99500,+0.74000,False,False,-0.322170,True
400,1263,0.99500,0.56250,-0.43250,True,True,0.467048,True
400,1264,0.56250,0.75250,+0.19000,False,False,-0.072185,True
400,1265,0.75250,0.36000,-0.39250,True,True,0.135077,True
400,1266,0.36000,0.83000,+0.47000,False,False,-0.276529,True
400,1267,0.83000,0.47750,-0.35250,True,True,0.235208,True
400,1268,0.47750,0.22000,-0.25750,False,False,-0.154950,True
400,1269,0.22000,0.70500,+0.48500,False,False,-0.383787,True
400,1270,0.70500,0.32000,-0.38500,False,True,0.121738,True
400,1271,0.32000,0.93000,+0.61000,False,False,-0.255214,True
400,1272,0.93000,0.58500,-0.34500,True,True,0.368506,True
400,1273,0.58500,0.40500,-0.18000,False,False,-0.043791,True
400,1274,0.40500,0.78750,+0.38250,False,False,-0.201360,True
400,1275,0.78750,0.24750,-0.54000,True,True,0.205204,True
400,1276,0.24750,0.65750,+0.41000,False,False,-0.359037,True
400,1277,0.65750,0.13250,-0.52500,False,True,0.086448,True
400,1278,0.13250,0.88000,+0.74750,False,False,-0.433334,True
400,1279,0.88000,0.49000,-0.39000,True,True,0.324970,True
400,1280,0.49000,0.33250,-0.15750,False,False,-0.131358,True
400,1281,0.33250,0.96500,+0.63250,False,False,-0.245333,True
400,1282,0.96500,0.60500,-0.36000,True,True,0.419341,True
400,1283,0.60500,0.41750,-0.18750,False,False,-0.029938,True
400,1284,0.41750,0.76000,+0.34250,False,False,-0.198599,True
400,1285,0.76000,0.26000,-0.50000,True,True,0.161368,True
400,1286,0.26000,0.84500,+0.58500,False,False,-0.351646,True
400,1287,0.84500,0.52500,-0.32000,True,True,0.266908,True
400,1288,0.52500,0.19500,-0.33000,False,False,-0.099709,True
400,1289,0.19500,0.69250,+0.49750,False,False,-0.398098,True
400,1290,0.69250,0.36500,-0.32750,True,True,0.119765,True
400,1291,0.36500,0.91500,+0.55000,False,False,-0.207866,True
400,1292,0.91500,0.56000,-0.35500,True,True,0.369805,True
400,1293,0.56000,0.28000,-0.28000,False,False,-0.055348,True
400,1294,0.28000,0.80250,+0.52250,False,False,-0.314464,True
400,1295,0.80250,0.44750,-0.35500,True,True,0.238408,True
400,1296,0.44750,0.12250,-0.32500,False,False,-0.151315,True
400,1297,0.12250,0.98250,+0.86000,False,False,-0.439181,True
400,1298,0.98250,0.63000,-0.35250,True,True,0.447781,True
400,1299,0.63000,0.38250,-0.24750,False,False,-0.009133,True
400,1300,0.38250,0.73500,+0.35250,False,False,-0.243056,True
400,1301,0.73500,0.25250,-0.48250,True,True,0.133025,True
400,1302,0.25250,0.86250,+0.61000,False,False,-0.354808,True
400,1303,0.86250,0.50750,-0.35500,True,True,0.281992,True
400,1304,0.50750,0.66500,+0.15750,False,False,-0.123940,True
400,1305,0.66500,0.31000,-0.35500,True,True,0.072419,True
400,1306,0.31000,0.93750,+0.62750,False,False,-0.294645,True
400,1307,0.93750,0.46250,-0.47500,True,True,0.380796,True
400,1308,0.46250,0.76750,+0.30500,False,False,-0.170452,True
400,1309,0.76750,0.35000,-0.41750,True,True,0.164842,True
400,1310,0.35000,0.59750,+0.24750,False,False,-0.273461,True
400,1311,0.59750,0.16750,-0.43000,False,True,0.007644,True
400,1312,0.16750,0.88750,+0.72000,False,False,-0.415408,True
400,1313,0.88750,0.52250,-0.36500,True,True,0.327019,True
400,1314,0.52250,0.26250,-0.26000,False,False,-0.091331,True
400,1315,0.26250,0.81250,+0.55000,False,False,-0.322708,True
400,1316,0.81250,0.41750,-0.39500,True,True,0.245552,True
400,1317,0.41750,0.69750,+0.28000,False,False,-0.178630,True
400,1318,0.69750,0.19000,-0.50750,True,True,0.135396,True
400,1319,0.19000,0.95750,+0.76750,False,False,-0.386459,True
400,1320,0.95750,0.55500,-0.40250,True,True,0.422508,True
400,1321,0.55500,0.33750,-0.21750,False,False,-0.076759,True
400,1322,0.33750,0.74750,+0.41000,False,False,-0.270905,True
400,1323,0.74750,0.45250,-0.29500,True,True,0.166221,True
400,1324,0.45250,0.12250,-0.33000,False,False,-0.136819,True
400,1325,0.12250,0.85500,+0.73250,False,False,-0.438336,True
400,1326,0.85500,0.61500,-0.24000,True,True,0.305296,True
400,1327,0.61500,0.27750,-0.33750,False,True,0.016330,True
400,1328,0.27750,0.99000,+0.71250,False,False,-0.318678,True
400,1329,0.99000,0.50000,-0.49000,True,True,0.460922,True
400,1330,0.50000,0.68250,+0.18250,False,False,-0.140755,True
400,1331,0.68250,0.35500,-0.32750,True,True,0.066407,True
400,1332,0.35500,0.82250,+0.46750,False,False,-0.263996,True
400,1333,0.82250,0.42750,-0.39500,True,True,0.232652,True
400,1334,0.42750,0.18000,-0.24750,False,False,-0.189171,True
400,1335,0.18000,0.90500,+0.72500,False,False,-0.403985,True
400,1336,0.90500,0.58250,-0.32250,True,True,0.329994,True
400,1337,0.58250,0.30500,-0.27750,False,False,-0.049290,True
400,1338,0.30500,0.73250,+0.42750,False,False,-0.301239,True
400,1339,0.73250,0.47750,-0.25500,False,True,0.139625,True
400,1340,0.47750,0.12500,-0.35250,False,False,-0.111198,True
400,1341,0.12500,0.92500,+0.80000,False,False,-0.436073,True
400,1342,0.92500,0.63500,-0.29000,True,True,0.367832,True
400,1343,0.63500,0.36500,-0.27000,False,True,0.013840,True
400,1344,0.36500,0.79000,+0.42500,False,False,-0.250673,True
400,1345,0.79000,0.25750,-0.53250,True,True,0.206431,True
400,1346,0.25750,0.54750,+0.29000,False,False,-0.350648,True
400,1347,0.54750,0.87250,+0.32500,False,False,-0.024730,True
400,1348,0.87250,0.41250,-0.46000,True,True,0.324024,True
400,1349,0.41250,0.69500,+0.28250,False,False,-0.201478,True
400,1350,0.69500,0.20000,-0.49500,True,True,0.121613,True
400,1351,0.20000,0.97000,+0.77000,False,False,-0.393873,True
400,1352,0.97000,0.50500,-0.46500,True,True,0.429875,True
400,1353,0.50500,0.65250,+0.14750,False,False,-0.134681,True
400,1354,0.65250,0.31250,-0.34000,True,True,0.044830,True
400,1355,0.31250,0.83000,+0.51750,False,False,-0.301034,True
400,1356,0.83000,0.44000,-0.39000,True,True,0.248811,True
400,1357,0.44000,0.15750,-0.28250,False,False,-0.174423,True
400,1358,0.15750,0.75750,+0.60000,False,False,-0.419781,True
400,1359,0.75750,0.56750,-0.19000,True,True,0.190722,True
400,1360,0.56750,0.24500,-0.32250,False,False,-0.009906,True
400,1361,0.24500,0.94250,+0.69750,False,False,-0.320642,True
400,1362,0.94250,0.47250,-0.47000,True,True,0.396712,True
400,1363,0.47250,0.71250,+0.24000,False,False,-0.144930,True
400,1364,0.71250,0.32750,-0.38500,True,True,0.125114,True
400,1365,0.32750,0.88250,+0.55500,False,False,-0.275676,True
400,1366,0.88250,0.53250,-0.35000,True,True,0.322510,True
400,1367,0.53250,0.21000,-0.32250,False,False,-0.086803,True
400,1368,0.21000,0.78250,+0.57250,False,False,-0.387822,True
400,1369,0.78250,0.39500,-0.38750,True,True,0.217012,True
400,1370,0.39500,0.63750,+0.24250,False,False,-0.204340,True
400,1371,0.63750,0.12500,-0.51250,True,True,0.092582,True
400,1372,0.12500,0.97750,+0.85250,False,False,-0.437323,True
400,1373,0.97750,0.48500,-0.49250,True,True,0.451326,True
400,1374,0.48500,0.72750,+0.24250,False,False,-0.144452,True
400,1375,0.72750,0.30000,-0.42750,True,True,0.129765,True
400,1376,0.30000,0.84750,+0.54750,False,False,-0.319114,True
400,1377,0.84750,0.43250,-0.41500,True,True,0.270102,True
400,1378,0.43250,0.60500,+0.17250,False,False,-0.190909,True
400,1379,0.60500,0.19000,-0.41500,False,True,0.015864,True
400,1380,0.19000,0.91250,+0.72250,False,False,-0.395477,True
400,1381,0.91250,0.52000,-0.39250,True,True,0.356870,True
400,1382,0.52000,0.32250,-0.19750,False,False,-0.099608,True
400,1383,0.32250,0.77000,+0.44750,False,False,-0.268512,True
400,1384,0.77000,0.23000,-0.54000,True,True,0.194756,True
400,1385,0.23000,0.67250,+0.44250,False,False,-0.351034,True
400,1386,0.67250,0.09000,-0.58250,False,True,0.116368,True
400,1387,0.09000,0.95250,+0.86250,False,False,-0.455397,True
400,1388,0.95250,0.46000,-0.49250,True,True,0.418615,True
400,1389,0.46000,0.58750,+0.12750,False,False,-0.175425,True
400,1390,0.58750,0.27500,-0.31250,False,False,-0.009960,True
400,1391,0.27500,0.82000,+0.54500,False,False,-0.308384,True
400,1392,0.82000,0.39000,-0.43000,True,True,0.246516,True
400,1393,0.39000,0.71750,+0.32750,False,False,-0.204689,True
400,1394,0.71750,0.17250,-0.54500,True,True,0.162436,True
400,1395,0.17250,0.89500,+0.72250,False,False,-0.406296,True
400,1396,0.89500,0.50250,-0.39250,True,True,0.357251,True
400,1397,0.50250,0.31000,-0.19250,False,False,-0.119194,True
400,1398,0.31000,0.79250,+0.48250,False,False,-0.272673,True
400,1399,0.79250,0.56500,-0.22750,True,True,0.252883,True
400,1400,0.56500,0.20000,-0.36500,False,False,-0.019059,True
400,1401,0.20000,0.99750,+0.79750,False,False,-0.373109,True
400,1402,0.99750,0.44250,-0.55500,True,True,0.473460,True
400,1403,0.44250,0.66500,+0.22250,False,False,-0.192557,True
400,1404,0.66500,0.28750,-0.37750,False,True,0.049912,True
400,1405,0.28750,0.85750,+0.57000,False,False,-0.315285,True
400,1406,0.85750,0.53000,-0.32750,True,True,0.271426,True
400,1407,0.53000,0.73750,+0.20750,False,False,-0.091912,True
400,1408,0.73750,0.35000,-0.38750,True,True,0.146512,True
400,1409,0.35000,0.14000,-0.21000,False,False,-0.268627,True
400,1410,0.14000,0.93000,+0.79000,False,False,-0.430466,True
400,1411,0.93000,0.60000,-0.33000,True,True,0.366822,True
400,1412,0.60000,0.41250,-0.18750,False,False,-0.031066,True
400,1413,0.41250,0.80500,+0.39250,False,False,-0.201548,True
400,1414,0.80500,0.26500,-0.54000,True,True,0.221758,True
400,1415,0.26500,0.68250,+0.41750,False,False,-0.349607,True
400,1416,0.68250,0.47500,-0.20750,False,True,0.100136,True
400,1417,0.47500,0.11000,-0.36500,False,False,-0.105539,True
400,1418,0.11000,0.96250,+0.85250,False,False,-0.444449,True
400,1419,0.96250,0.55500,-0.40750,True,True,0.415016,True
400,1420,0.55500,0.32000,-0.23500,False,False,-0.069336,True
400,1421,0.32000,0.83750,+0.51750,False,False,-0.284321,True
400,1422,0.83750,0.63250,-0.20500,True,True,0.248277,True
400,1423,0.63250,0.37500,-0.25750,False,True,0.019864,True
400,1424,0.37500,0.88500,+0.51000,False,False,-0.234476,True
400,1425,0.88500,0.49250,-0.39250,True,True,0.316715,True
400,1426,0.49250,0.21500,-0.27750,False,False,-0.132288,True
400,1427,0.21500,0.75000,+0.53500,False,False,-0.386786,True
400,1428,0.75000,0.40750,-0.34250,False,True,0.163741,True
400,1429,0.40750,0.92000,+0.51250,False,False,-0.177595,True
400,1430,0.92000,0.58250,-0.33750,True,True,0.375236,True
400,1431,0.58250,0.28000,-0.30250,False,False,-0.044083,True
400,1432,0.28000,0.71000,+0.43000,False,False,-0.332597,True
400,1433,0.71000,0.16750,-0.54250,True,True,0.128309,True
400,1434,0.16750,0.81500,+0.64750,False,False,-0.415129,True
400,1435,0.81500,0.45000,-0.36500,True,True,0.268344,True
400,1436,0.45000,0.09500,-0.35500,False,False,-0.159857,True
400,1437,0.09500,0.98750,+0.89250,False,False,-0.452291,True
400,1438,0.98750,0.54250,-0.44500,True,True,0.452734,True
400,1439,0.54250,0.34500,-0.19750,False,False,-0.100623,True
400,1440,0.34500,0.76250,+0.41750,False,False,-0.272680,True
400,1441,0.76250,0.62250,-0.14000,True,True,0.160474,True
400,1442,0.62250,0.25000,-0.37250,False,True,0.015381,True
400,1443,0.25000,0.87000,+0.62000,False,False,-0.355543,True
400,1444,0.87000,0.46750,-0.40250,True,True,0.296792,True
400,1445,0.46750,0.67750,+0.21000,False,False,-0.156992,True
400,1446,0.67750,0.29750,-0.38000,True,True,0.093557,True
400,1447,0.29750,0.94000,+0.64250,False,False,-0.300903,True
400,1448,0.94000,0.51750,-0.42250,True,True,0.382877,True
400,1449,0.51750,0.20750,-0.31000,False,False,-0.113635,True
400,1450,0.20750,0.78500,+0.57750,False,False,-0.393287,True
400,1451,0.78500,0.40250,-0.38250,True,True,0.192715,True
400,1452,0.40250,0.65000,+0.24750,False,False,-0.207595,True
400,1453,0.65000,0.14250,-0.50750,False,True,0.078063,True
400,1454,0.14250,0.90000,+0.75750,False,False,-0.428282,True
400,1455,0.90000,0.48000,-0.42000,True,True,0.345141,True
400,1456,0.48000,0.72500,+0.24500,False,False,-0.139204,True
400,1457,0.72500,0.31000,-0.41500,True,True,0.144124,True
400,1458,0.31000,0.84250,+0.53250,False,False,-0.299747,True
400,1459,0.84250,0.42750,-0.41500,True,True,0.298711,True
400,1460,0.42750,0.17500,-0.25250,False,False,-0.183848,True
400,1461,0.17500,0.97250,+0.79750,False,False,-0.394838,True
400,1462,0.97250,0.58500,-0.38750,True,True,0.432519,True
400,1463,0.58500,0.36000,-0.22500,False,False,-0.058316,True
400,1464,0.36000,0.74500,+0.38500,False,False,-0.256072,True
400,1465,0.74500,0.52500,-0.22000,True,True,0.146095,True
400,1466,0.52500,0.22000,-0.30500,False,False,-0.077035,True
400,1467,0.22000,0.87750,+0.65750,False,False,-0.363865,True
400,1468,0.87750,0.63000,-0.24750,True,True,0.315794,True
400,1469,0.63000,0.32500,-0.30500,False,True,0.020123,True
400,1470,0.32500,0.80250,+0.47750,False,False,-0.281523,True
400,1471,0.80250,0.44750,-0.35500,True,True,0.244615,True
400,1472,0.44750,0.13750,-0.31000,False,False,-0.156865,True
400,1473,0.13750,0.95000,+0.81250,False,False,-0.431809,True
400,1474,0.95000,0.56250,-0.38750,True,True,0.408215,True
400,1475,0.56250,0.29000,-0.27250,False,False,-0.067709,True
400,1476,0.29000,0.70500,+0.41500,False,False,-0.315963,True
400,1477,0.70500,0.39750,-0.30750,False,True,0.114530,True
400,1478,0.39750,0.85250,+0.45500,False,False,-0.181214,True
400,1479,0.85250,0.50000,-0.35250,True,True,0.299359,True
400,1480,0.50000,0.18500,-0.31500,False,False,-0.101757,True
400,1481,0.18500,0.76750,+0.58250,False,False,-0.396645,True
400,1482,0.76750,0.33500,-0.43250,True,True,0.227866,True
400,1483,0.33500,0.98250,+0.64750,False,False,-0.237313,True
400,1484,0.98250,0.60250,-0.38000,True,True,0.453716,True
400,1485,0.60250,0.42750,-0.17500,False,False,-0.035316,True
400,1486,0.42750,0.72250,+0.29500,False,False,-0.190263,True
400,1487,0.72250,0.24250,-0.48000,True,True,0.134256,True
400,1488,0.24250,0.90750,+0.66500,False,False,-0.363956,True
400,1489,0.90750,0.52750,-0.38000,True,True,0.334411,True
400,1490,0.52750,0.31750,-0.21000,False,False,-0.105494,True
400,1491,0.31750,0.81250,+0.49500,False,False,-0.285480,True
400,1492,0.81250,0.63500,-0.17750,True,True,0.227138,True
400,1493,0.63500,0.37750,-0.25750,False,True,0.025795,True
400,1494,0.37750,0.13000,-0.24750,False,False,-0.227545,True
400,1495,0.13000,0.92750,+0.79750,False,False,-0.435526,True
400,1496,0.92750,0.55500,-0.37250,True,True,0.376196,True
400,1497,0.55500,0.27000,-0.28500,False,False,-0.068495,True
400,1498,0.27000,0.75250,+0.48250,False,False,-0.326319,True
400,1499,0.75250,0.45250,-0.30000,True,True,0.167934,True
400,1500,0.45250,0.86250,+0.41000,False,False,-0.138509,True
400,1501,0.86250,0.34000,-0.52250,True,True,0.309597,True
400,1502,0.34000,0.66750,+0.32750,False,False,-0.272430,True
400,1503,0.66750,0.18000,-0.48750,False,True,0.084230,True
400,1504,0.18000,0.96000,+0.78000,False,False,-0.402542,True
400,1505,0.96000,0.51000,-0.45000,True,True,0.429152,True
400,1506,0.51000,0.70250,+0.19250,False,False,-0.127533,True
400,1507,0.70250,0.30500,-0.39750,True,True,0.097838,True
400,1508,0.30500,0.82250,+0.51750,False,False,-0.312877,True
400,1509,0.82250,0.43000,-0.39250,True,True,0.247764,True
400,1510,0.43000,0.60000,+0.17000,False,False,-0.189984,True
400,1511,0.60000,0.16250,-0.43750,True,True,0.022916,True
400,1512,0.16250,0.89250,+0.73000,False,False,-0.417402,True
400,1513,0.89250,0.38000,-0.51250,True,True,0.355343,True
400,1514,0.38000,0.73250,+0.35250,False,False,-0.231272,True
400,1515,0.73250,0.25250,-0.48000,True,True,0.158182,True
400,1516,0.25250,0.56000,+0.30750,False,False,-0.339474,True
400,1517,0.56000,0.99250,+0.43250,False,True,0.018965,True
400,1518,0.99250,0.47000,-0.52250,True,True,0.466143,True
400,1519,0.47000,0.77750,+0.30750,False,False,-0.163403,True
400,1520,0.77750,0.32750,-0.45000,True,True,0.170032,True
400,1521,0.32750,0.64750,+0.32000,False,False,-0.301627,True
400,1522,0.64750,0.19250,-0.45500,False,True,0.049065,True
400,1523,0.19250,0.87250,+0.68000,False,False,-0.398207,True
400,1524,0.87250,0.50250,-0.37000,True,True,0.300508,True
400,1525,0.50250,0.28250,-0.22000,False,False,-0.120001,True
400,1526,0.28250,0.80000,+0.51750,False,False,-0.300464,True
400,1527,0.80000,0.58250,-0.21750,True,True,0.235097,True
400,1528,0.58250,0.15750,-0.42500,False,False,-0.010407,True
400,1529,0.15750,0.93750,+0.78000,False,False,-0.420978,True
400,1530,0.93750,0.42250,-0.51500,True,True,0.382983,True
400,1531,0.42250,0.68750,+0.26500,False,False,-0.211356,True
400,1532,0.68750,0.31500,-0.37250,False,True,0.082575,True
400,1533,0.31500,0.84000,+0.52500,False,False,-0.288073,True
400,1534,0.84000,0.52250,-0.31750,True,True,0.276690,True
400,1535,0.52250,0.21250,-0.31000,False,False,-0.092231,True
400,1536,0.21250,0.74250,+0.53000,False,False,-0.375455,True
400,1537,0.74250,0.38000,-0.36250,True,True,0.194754,True
400,1538,0.38000,0.96750,+0.58750,False,False,-0.194706,True
400,1539,0.96750,0.59750,-0.37000,True,True,0.428086,True
400,1540,0.59750,0.28750,-0.31000,False,False,-0.033805,True
400,1541,0.28750,0.77000,+0.48250,False,False,-0.327021,True
400,1542,0.77000,0.46000,-0.31000,True,True,0.187951,True
400,1543,0.46000,0.14500,-0.31500,False,False,-0.149266,True
400,1544,0.14500,0.90250,+0.75750,False,False,-0.427333,True
400,1545,0.90250,0.55500,-0.34750,True,True,0.338263,True
400,1546,0.55500,0.33500,-0.22000,False,False,-0.067012,True
400,1547,0.33500,0.70750,+0.37250,False,False,-0.262321,True
400,1548,0.70750,0.20000,-0.50750,True,True,0.136078,True
400,1549,0.20000,0.85750,+0.65750,False,False,-0.372651,True
400,1550,0.85750,0.48250,-0.37500,True,True,0.311818,True
400,1551,0.48250,0.64500,+0.16250,False,False,-0.125909,True
400,1552,0.64500,0.25250,-0.39250,True,True,0.087072,True
400,1553,0.25250,0.94750,+0.69500,False,False,-0.324608,True
400,1554,0.94750,0.41500,-0.53250,True,True,0.416583,True
400,1555,0.41500,0.75000,+0.33500,False,False,-0.207096,True
400,1556,0.75000,0.31250,-0.43750,True,True,0.160588,True
400,1557,0.31250,0.59000,+0.27750,False,False,-0.292614,True
400,1558,0.59000,0.11500,-0.47500,False,True,0.023495,True
400,1559,0.11500,0.91500,+0.80000,False,False,-0.442681,True
400,1560,0.91500,0.50000,-0.41500,True,True,0.378753,True
400,1561,0.50000,0.79500,+0.29500,False,False,-0.115381,True
400,1562,0.79500,0.35250,-0.44250,True,True,0.215627,True
400,1563,0.35250,0.66750,+0.31500,False,False,-0.268379,True
400,1564,0.66750,0.20750,-0.46000,True,True,0.094018,True
400,1565,0.20750,0.99500,+0.78750,False,False,-0.380461,True
400,1566,0.99500,0.53250,-0.46250,True,True,0.471031,True
400,1567,0.53250,0.39750,-0.13500,False,False,-0.109196,True
400,1568,0.39750,0.82250,+0.42500,False,False,-0.215431,True
400,1569,0.82250,0.61500,-0.20750,True,True,0.221632,True
400,1570,0.61500,0.27500,-0.34000,False,False,-0.004184,True
400,1571,0.27500,0.87500,+0.60000,False,False,-0.341488,True
400,1572,0.87500,0.46000,-0.41500,True,True,0.297189,True
400,1573,0.46000,0.71500,+0.25500,False,False,-0.169738,True
400,1574,0.71500,0.31750,-0.39750,True,True,0.114001,True
400,1575,0.31750,0.12250,-0.19500,False,False,-0.293911,True
400,1576,0.12250,0.93000,+0.80750,False,False,-0.437526,True
400,1577,0.93000,0.56250,-0.36750,True,True,0.375106,True
400,1578,0.56250,0.38750,-0.17500,False,False,-0.070320,True
400,1579,0.38750,0.76750,+0.38000,False,False,-0.215191,True
400,1580,0.76750,0.23500,-0.53250,True,True,0.177185,True
400,1581,0.23500,0.65500,+0.42000,False,False,-0.363502,True
400,1582,0.65500,0.10000,-0.55500,False,True,0.083199,True
400,1583,0.10000,0.88750,+0.78750,False,False,-0.449772,True
400,1584,0.88750,0.47750,-0.41000,True,True,0.341958,True
400,1585,0.47750,0.30000,-0.17750,False,False,-0.146017,True
400,1586,0.30000,0.80750,+0.50750,False,False,-0.277815,True
400,1587,0.80750,0.58000,-0.22750,True,True,0.255182,True
400,1588,0.58000,0.18750,-0.39250,False,False,-0.011085,True
400,1589,0.18750,0.97500,+0.78750,False,False,-0.390038,True
400,1590,0.97500,0.43750,-0.53750,True,True,0.433884,True
400,1591,0.43750,0.69500,+0.25750,False,False,-0.198583,True
400,1592,0.69500,0.33750,-0.35750,False,True,0.081899,True
400,1593,0.33750,0.84250,+0.50500,False,False,-0.272101,True
400,1594,0.84250,0.52500,-0.31750,True,True,0.264821,True
400,1595,0.52500,0.22500,-0.30000,False,False,-0.096147,True
400,1596,0.22500,0.74250,+0.51750,False,False,-0.370324,True
400,1597,0.74250,0.39250,-0.35000,True,True,0.175054,True
400,1598,0.39250,0.95500,+0.56250,False,False,-0.187352,True
400,1599,0.95500,0.60250,-0.35250,True,True,0.407729,True
400,1600,0.60250,0.29000,-0.31250,False,False,-0.029719,True
400,1601,0.29000,0.78250,+0.49250,False,False,-0.327280,True
400,1602,0.78250,0.46750,-0.31500,True,True,0.196595,True
400,1603,0.46750,0.15750,-0.31000,False,False,-0.145673,True
400,1604,0.15750,0.89750,+0.74000,False,False,-0.420923,True
400,1605,0.89750,0.55750,-0.34000,True,True,0.335557,True
400,1606,0.55750,0.33250,-0.22500,False,False,-0.065407,True
400,1607,0.33250,0.71000,+0.37750,False,False,-0.266379,True
400,1608,0.71000,0.20500,-0.50500,False,True,0.135766,True
400,1609,0.20500,0.86000,+0.65500,False,False,-0.368579,True
400,1610,0.86000,0.44250,-0.41750,True,True,0.318570,True
400,1611,0.44250,0.64500,+0.20250,False,False,-0.167507,True
400,1612,0.64500,0.14000,-0.50500,True,True,0.078659,True
400,1613,0.14000,0.98500,+0.84500,False,False,-0.429720,True
400,1614,0.98500,0.50750,-0.47750,True,True,0.453395,True
400,1615,0.50750,0.31250,-0.19500,False,False,-0.129915,True
400,1616,0.31250,0.76250,+0.45000,False,False,-0.295230,True
400,1617,0.76250,0.58750,-0.17500,False,True,0.163426,True
400,1618,0.58750,0.23500,-0.35250,False,False,-0.011049,True
400,1619,0.23500,0.91750,+0.68250,False,False,-0.354638,True
400,1620,0.91750,0.42250,-0.49500,True,True,0.348553,True
400,1621,0.42250,0.69000,+0.26750,False,False,-0.204573,True
400,1622,0.69000,0.28500,-0.40500,False,True,0.088547,True
400,1623,0.28500,0.82500,+0.54000,False,False,-0.311404,True
400,1624,0.82500,0.52250,-0.30250,True,True,0.246165,True
400,1625,0.52250,0.17000,-0.35250,False,False,-0.088575,True
400,1626,0.17000,0.94000,+0.77000,False,False,-0.412390,True
400,1627,0.94000,0.61250,-0.32750,True,True,0.389123,True
400,1628,0.61250,0.37250,-0.24000,False,False,-0.019484,True
400,1629,0.37250,0.74750,+0.37500,False,False,-0.251316,True
400,1630,0.74750,0.26250,-0.48500,True,True,0.156584,True
400,1631,0.26250,0.85000,+0.58750,False,False,-0.341333,True
400,1632,0.85000,0.47750,-0.37250,True,True,0.283990,True
400,1633,0.47750,0.65750,+0.18000,False,False,-0.147120,True
400,1634,0.65750,0.20500,-0.45250,True,True,0.077206,True
400,1635,0.20500,0.96500,+0.76000,False,False,-0.388224,True
400,1636,0.96500,0.43500,-0.53000,True,True,0.429353,True
400,1637,0.43500,0.71500,+0.28000,False,False,-0.202343,True
400,1638,0.71500,0.32500,-0.39000,True,True,0.107666,True
400,1639,0.32500,0.80250,+0.47750,False,False,-0.290407,True
400,1640,0.80250,0.54000,-0.26250,True,True,0.221761,True
400,1641,0.54000,0.22500,-0.31500,False,False,-0.076434,True
400,1642,0.22500,0.89000,+0.66500,False,False,-0.368131,True
400,1643,0.89000,0.46250,-0.42750,True,True,0.330843,True
400,1644,0.46250,0.63500,+0.17250,False,False,-0.158493,True
400,1645,0.63500,0.17250,-0.46250,False,True,0.046756,True
400,1646,0.17250,0.83500,+0.66250,False,False,-0.413596,True
400,1647,0.83500,0.37000,-0.46500,True,True,0.299296,True
400,1648,0.37000,0.68500,+0.31500,False,False,-0.238528,True
400,1649,0.68500,0.25750,-0.42750,True,True,0.136426,True
400,1650,0.25750,0.98000,+0.72250,False,False,-0.312686,True
400,1651,0.98000,0.51750,-0.46250,True,True,0.456020,True
400,1652,0.51750,0.75250,+0.23500,False,False,-0.117731,True
400,1653,0.75250,0.34250,-0.41000,True,True,0.152342,True
400,1654,0.34250,0.59250,+0.25000,False,False,-0.282810,True
400,1655,0.59250,0.15250,-0.44000,False,True,0.010643,True
400,1656,0.15250,0.90750,+0.75500,False,False,-0.423492,True
400,1657,0.90750,0.44250,-0.46500,True,True,0.343525,True
400,1658,0.44250,0.72250,+0.28000,False,False,-0.178961,True
400,1659,0.72250,0.28000,-0.44250,True,True,0.136690,True
400,1660,0.28000,0.86500,+0.58500,False,False,-0.323443,True
400,1661,0.86500,0.50250,-0.36250,True,True,0.307082,True
400,1662,0.50250,0.20250,-0.30000,False,False,-0.118319,True
400,1663,0.20250,0.66000,+0.45750,False,False,-0.383080,True
400,1664,0.66000,0.08250,-0.57750,False,True,0.101791,True
400,1665,0.08250,0.94500,+0.86250,False,False,-0.458749,True
400,1666,0.94500,0.41000,-0.53500,True,True,0.407729,True
400,1667,0.41000,0.77500,+0.36500,False,False,-0.222059,True
400,1668,0.77500,0.54750,-0.22750,True,True,0.177579,True
400,1669,0.54750,0.29250,-0.25500,False,False,-0.072519,True
400,1670,0.29250,0.82000,+0.52750,False,False,-0.310616,True
400,1671,0.82000,0.45500,-0.36500,True,True,0.267659,True
400,1672,0.45500,0.15500,-0.30000,False,False,-0.146283,True
400,1673,0.15500,0.99750,+0.84250,False,False,-0.413304,True
400,1674,0.99750,0.61750,-0.38000,True,True,0.475952,True
400,1675,0.61750,0.36250,-0.25500,False,False,-0.025972,True
400,1676,0.36250,0.73250,+0.37000,False,False,-0.264319,True
400,1677,0.73250,0.49500,-0.23750,False,True,0.126268,True
400,1678,0.49500,0.88000,+0.38500,False,False,-0.110134,True
400,1679,0.88000,0.30500,-0.57500,True,True,0.296192,True
400,1680,0.30500,0.67000,+0.36500,False,False,-0.328223,True
400,1681,0.67000,0.21250,-0.45750,False,True,0.064776,True
400,1682,0.21250,0.80000,+0.58750,False,False,-0.384795,True
400,1683,0.80000,0.43750,-0.36250,True,True,0.228475,True
400,1684,0.43750,0.92500,+0.48750,False,False,-0.173699,True
400,1685,0.92500,0.55750,-0.36750,True,True,0.360909,True
400,1686,0.55750,0.33000,-0.22750,False,False,-0.081412,True
400,1687,0.33000,0.70750,+0.37750,False,False,-0.288237,True
400,1688,0.70750,0.18750,-0.52000,True,True,0.120500,True
400,1689,0.18750,0.84750,+0.66000,False,False,-0.404792,True
400,1690,0.84750,0.47500,-0.37250,True,True,0.287417,True
400,1691,0.47500,0.62500,+0.15000,False,False,-0.143977,True
400,1692,0.62500,0.25250,-0.37250,True,True,0.053279,True
400,1693,0.25250,0.95750,+0.70500,False,False,-0.329107,True
400,1694,0.95750,0.41250,-0.54500,True,True,0.409208,True
400,1695,0.41250,0.75500,+0.34250,False,False,-0.213241,True
400,1696,0.75500,0.52750,-0.22750,True,True,0.153390,True
400,1697,0.52750,0.20500,-0.32250,False,False,-0.084036,True
400,1698,0.20500,0.89500,+0.69000,False,False,-0.387813,True
400,1699,0.89500,0.59000,-0.30500,True,True,0.331332,True
400,1700,0.59000,0.33750,-0.25250,False,False,-0.030621,True
400,1701,0.33750,0.78750,+0.45000,False,False,-0.273084,True
400,1702,0.78750,0.44000,-0.34750,True,True,0.214450,True
400,1703,0.44000,0.13500,-0.30500,False,False,-0.160024,True
400,1704,0.13500,0.97000,+0.83500,False,False,-0.432860,True
400,1705,0.97000,0.65000,-0.32000,True,True,0.431008,True
400,1706,0.65000,0.37250,-0.27750,False,True,0.014468,True
400,1707,0.37250,0.72500,+0.35250,False,False,-0.254268,True
400,1708,0.72500,0.26250,-0.46250,True,True,0.128753,True
400,1709,0.26250,0.85500,+0.59250,False,False,-0.343470,True
400,1710,0.85500,0.50750,-0.34750,True,True,0.277970,True
400,1711,0.50750,0.19500,-0.31250,False,False,-0.120607,True
400,1712,0.19500,0.68250,+0.48750,False,False,-0.392443,True
400,1713,0.68250,0.40000,-0.28250,False,True,0.117024,True
400,1714,0.40000,0.93250,+0.53250,False,False,-0.160641,True
400,1715,0.93250,0.56250,-0.37000,True,True,0.381865,True
400,1716,0.56250,0.28750,-0.27500,False,False,-0.056312,True
400,1717,0.28750,0.81000,+0.52250,False,False,-0.312521,True
400,1718,0.81000,0.46000,-0.35000,True,True,0.231242,True
400,1719,0.46000,0.14000,-0.32000,False,False,-0.142391,True
400,1720,0.14000,0.88250,+0.74250,False,False,-0.428979,True
400,1721,0.88250,0.61250,-0.27000,True,True,0.336055,True
400,1722,0.61250,0.33500,-0.27750,False,False,-0.002619,True
400,1723,0.33500,0.74500,+0.41000,False,False,-0.269742,True
400,1724,0.74500,0.22250,-0.52250,True,True,0.184986,True
400,1725,0.22250,0.98750,+0.76500,False,False,-0.362902,True
400,1726,0.98750,0.51750,-0.47000,True,True,0.456692,True
400,1727,0.51750,0.66500,+0.14750,False,False,-0.127764,True
400,1728,0.66500,0.37000,-0.29500,True,True,0.049314,True
400,1729,0.37000,0.83000,+0.46000,False,False,-0.248400,True
400,1730,0.83000,0.44250,-0.38750,True,True,0.244681,True
400,1731,0.44250,0.18000,-0.26250,False,False,-0.175952,True
400,1732,0.18000,0.77000,+0.59000,False,False,-0.406623,True
400,1733,0.77000,0.57000,-0.20000,True,True,0.201972,True
400,1734,0.57000,0.26500,-0.30500,False,False,-0.016667,True
400,1735,0.26500,0.91750,+0.65250,False,False,-0.308712,True
400,1736,0.91750,0.48250,-0.43500,True,True,0.360952,True
400,1737,0.48250,0.70000,+0.21750,False,False,-0.131382,True
400,1738,0.70000,0.31000,-0.39000,True,True,0.117306,True
400,1739,0.31000,0.95000,+0.64000,False,False,-0.288839,True
400,1740,0.95000,0.54000,-0.41000,True,True,0.402723,True
400,1741,0.54000,0.22750,-0.31250,False,False,-0.091779,True
400,1742,0.22750,0.79250,+0.56500,False,False,-0.379000,True
400,1743,0.79250,0.41250,-0.38000,True,True,0.199120,True
400,1744,0.41250,0.64750,+0.23500,False,False,-0.201858,True
400,1745,0.64750,0.15500,-0.49250,False,True,0.066453,True
400,1746,0.15500,0.87000,+0.71500,False,False,-0.422269,True
400,1747,0.87000,0.46250,-0.40750,True,True,0.309974,True
400,1748,0.46250,0.72250,+0.26000,False,False,-0.150602,True
400,1749,0.72250,0.29000,-0.43250,True,True,0.154602,True
400,1750,0.29000,0.97500,+0.68500,False,False,-0.311942,True
400,1751,0.97500,0.55750,-0.41750,True,True,0.442386,True
400,1752,0.55750,0.36500,-0.19250,False,False,-0.082920,True
400,1753,0.36500,0.81500,+0.45000,False,False,-0.252723,True
400,1754,0.81500,0.49750,-0.31750,True,True,0.221744,True
400,1755,0.49750,0.20250,-0.29500,False,False,-0.119257,True
400,1756,0.20250,0.68750,+0.48500,False,False,-0.392244,True
400,1757,0.68750,0.90250,+0.21500,False,True,0.114961,True
400,1758,0.90250,0.40250,-0.50000,True,True,0.338274,True
400,1759,0.40250,0.61500,+0.21250,False,False,-0.231734,True
400,1760,0.61500,0.24750,-0.36750,False,True,0.016285,True
400,1761,0.24750,0.84500,+0.59750,False,False,-0.345180,True
400,1762,0.84500,0.47000,-0.37500,True,True,0.286068,True
400,1763,0.47000,0.13750,-0.33250,False,False,-0.135140,True
400,1764,0.13750,0.75250,+0.61500,False,False,-0.431188,True
400,1765,0.75250,0.33000,-0.42250,True,True,0.197616,True
400,1766,0.33000,0.94250,+0.61250,False,False,-0.245629,True
400,1767,0.94250,0.56750,-0.37500,True,True,0.410386,True
400,1768,0.56750,0.27500,-0.29250,False,False,-0.061166,True
400,1769,0.27500,0.70750,+0.43250,False,False,-0.325635,True
400,1770,0.70750,0.42500,-0.28250,True,True,0.130165,True
400,1771,0.42500,0.08000,-0.34500,False,False,-0.152568,True
400,1772,0.08000,0.88500,+0.80500,False,False,-0.460257,True
400,1773,0.88500,0.52500,-0.36000,True,True,0.350775,True
400,1774,0.52500,0.21250,-0.31250,False,False,-0.077712,True
400,1775,0.21250,0.78500,+0.57250,False,False,-0.362841,True
400,1776,0.78500,0.36750,-0.41750,True,True,0.237173,True
400,1777,0.36750,0.99250,+0.62500,False,False,-0.213122,True
400,1778,0.99250,0.60750,-0.38500,True,True,0.467645,True
400,1779,0.60750,0.45000,-0.15750,False,False,-0.034369,True
400,1780,0.45000,0.73500,+0.28500,False,False,-0.172704,True
400,1781,0.73500,0.26500,-0.47000,True,True,0.138048,True
400,1782,0.26500,0.85250,+0.58750,False,False,-0.350666,True
400,1783,0.85250,0.50500,-0.34750,True,True,0.276484,True
400,1784,0.50500,0.18750,-0.31750,False,False,-0.118457,True
400,1785,0.18750,0.67000,+0.48250,False,False,-0.404844,True
400,1786,0.67000,0.34250,-0.32750,False,True,0.098205,True
400,1787,0.34250,0.92750,+0.58500,False,False,-0.219758,True
400,1788,0.92750,0.56000,-0.36750,True,True,0.371671,True
400,1789,0.56000,0.24250,-0.31750,False,False,-0.056472,True
400,1790,0.24250,0.80250,+0.56000,False,False,-0.349635,True
400,1791,0.80250,0.42250,-0.38000,True,True,0.224308,True
400,1792,0.42250,0.70000,+0.27750,False,False,-0.181692,True
400,1793,0.70000,0.16250,-0.53750,True,True,0.142609,True
400,1794,0.16250,0.96250,+0.80000,False,False,-0.418071,True
400,1795,0.96250,0.49000,-0.47250,True,True,0.418130,True
400,1796,0.49000,0.63000,+0.14000,False,False,-0.146921,True
400,1797,0.63000,0.30000,-0.33000,True,True,0.025265,True
400,1798,0.30000,0.83500,+0.53500,False,False,-0.305115,True
400,1799,0.83500,0.39500,-0.44000,True,True,0.256890,True
400,1800,0.39500,0.75000,+0.35500,False,False,-0.214274,True
400,1801,0.75000,0.21750,-0.53250,True,True,0.178094,True
400,1802,0.21750,0.57500,+0.35750,False,False,-0.380041,True
400,1803,0.57500,0.91000,+0.33500,False,True,0.019539,True
400,1804,0.91000,0.44000,-0.47000,True,True,0.360542,True
400,1805,0.44000,0.16750,-0.27250,False,False,-0.181598,True
400,1806,0.16750,0.68750,+0.52000,False,False,-0.411590,True
400,1807,0.68750,0.32250,-0.36500,False,True,0.124992,True
400,1808,0.32250,0.97750,+0.65500,False,False,-0.233686,True
400,1809,0.97750,0.53500,-0.44250,True,True,0.446166,True
400,1810,0.53500,0.77750,+0.24250,False,False,-0.095485,True
400,1811,0.77750,0.37000,-0.40750,True,True,0.172257,True
400,1812,0.37000,0.64000,+0.27000,False,False,-0.258998,True
400,1813,0.64000,0.20750,-0.43250,True,True,0.050347,True
400,1814,0.20750,0.87250,+0.66500,False,False,-0.385093,True
400,1815,0.87250,0.47250,-0.40000,True,True,0.297106,True
400,1816,0.47250,0.72500,+0.25250,False,False,-0.146908,True
400,1817,0.72500,0.28500,-0.44000,True,True,0.148703,True
400,1818,0.28500,0.93500,+0.65000,False,False,-0.321001,True
400,1819,0.93500,0.55000,-0.38500,True,True,0.384020,True
400,1820,0.55000,0.35500,-0.19500,False,False,-0.085242,True
400,1821,0.35500,0.81250,+0.45750,False,False,-0.255921,True
400,1822,0.81250,0.44500,-0.36750,True,True,0.227499,True
400,1823,0.44500,0.16250,-0.28250,False,False,-0.165907,True
400,1824,0.16250,0.67750,+0.51500,False,False,-0.418170,True
400,1825,0.67750,0.89250,+0.21500,False,True,0.113131,True
400,1826,0.89250,0.39000,-0.50250,True,True,0.348319,True
400,1827,0.39000,0.60250,+0.21250,False,False,-0.234643,True
400,1828,0.60250,0.22000,-0.38250,False,True,0.013428,True
400,1829,0.22000,0.84000,+0.62000,False,False,-0.361141,True
400,1830,0.84000,0.49500,-0.34500,True,True,0.312098,True
400,1831,0.49500,0.12250,-0.37250,False,False,-0.101466,True
400,1832,0.12250,0.99000,+0.86750,False,False,-0.438576,True
400,1833,0.99000,0.63250,-0.35750,True,True,0.467141,True
400,1834,0.63250,0.34500,-0.28750,False,False,-0.004357,True
400,1835,0.34500,0.75250,+0.40750,False,False,-0.285999,True
400,1836,0.75250,0.43750,-0.31500,True,True,0.147465,True
400,1837,0.43750,0.19000,-0.24750,False,False,-0.176588,True
400,1838,0.19000,0.86250,+0.67250,False,False,-0.384757,True
400,1839,0.86250,0.56000,-0.30250,True,True,0.294420,True
400,1840,0.56000,0.28750,-0.27250,False,False,-0.054931,True
400,1841,0.28750,0.78250,+0.49500,False,False,-0.300566,True
400,1842,0.78250,0.47000,-0.31250,True,True,0.221113,True
400,1843,0.47000,0.10750,-0.36250,False,False,-0.113862,True
400,1844,0.10750,0.95250,+0.84500,False,False,-0.446045,True
400,1845,0.95250,0.65000,-0.30250,True,True,0.399976,True
400,1846,0.65000,0.36500,-0.28500,False,True,0.022148,True
400,1847,0.36500,0.71750,+0.35250,False,False,-0.258921,True
400,1848,0.71750,0.24250,-0.47500,True,True,0.133427,True
400,1849,0.24250,0.90500,+0.66250,False,False,-0.356841,True
400,1850,0.90500,0.51500,-0.39000,True,True,0.343001,True
400,1851,0.51500,0.32250,-0.19250,False,False,-0.118506,True
400,1852,0.32250,0.80250,+0.48000,False,False,-0.273696,True
400,1853,0.80250,0.58500,-0.21750,True,True,0.226281,True
400,1854,0.58500,0.19250,-0.39250,False,False,-0.018982,True
400,1855,0.19250,0.94000,+0.74750,False,False,-0.399258,True
400,1856,0.94000,0.44500,-0.49500,True,True,0.402343,True
400,1857,0.44500,0.68500,+0.24000,False,False,-0.190117,True
400,1858,0.68500,0.29250,-0.39250,False,True,0.077927,True
400,1859,0.29250,0.83000,+0.53750,False,False,-0.313901,True
400,1860,0.83000,0.49750,-0.33250,True,True,0.261110,True
400,1861,0.49750,0.16500,-0.33250,False,False,-0.116863,True
400,1862,0.16500,0.74000,+0.57500,False,False,-0.416440,True
400,1863,0.74000,0.37250,-0.36750,True,True,0.188171,True
400,1864,0.37250,0.97000,+0.59750,False,False,-0.206185,True
400,1865,0.97000,0.57000,-0.40000,True,True,0.441946,True
400,1866,0.57000,0.27000,-0.30000,False,False,-0.063579,True
400,1867,0.27000,0.77000,+0.50000,False,False,-0.340526,True
400,1868,0.77000,0.43500,-0.33500,True,True,0.184055,True
400,1869,0.43500,0.87750,+0.44250,False,False,-0.170897,True
400,1870,0.87750,0.61000,-0.26750,True,True,0.309854,True
400,1871,0.61000,0.31250,-0.29750,False,False,-0.013936,True
400,1872,0.31250,0.13000,-0.18250,False,False,-0.305878,True
400,1873,0.13000,0.70500,+0.57500,False,False,-0.435003,True
400,1874,0.70500,0.47500,-0.23000,False,True,0.151013,True
400,1875,0.47500,0.92000,+0.44500,False,False,-0.077596,True
400,1876,0.92000,0.36000,-0.56000,True,True,0.385993,True
400,1877,0.36000,0.65500,+0.29500,False,False,-0.254670,True
400,1878,0.65500,0.20000,-0.45500,True,True,0.077622,True
400,1879,0.20000,0.84500,+0.64500,False,False,-0.381739,True
400,1880,0.84500,0.51750,-0.32750,True,True,0.299267,True
400,1881,0.51750,0.26250,-0.25500,False,False,-0.086952,True
400,1882,0.26250,0.99750,+0.73500,False,False,-0.306536,True
400,1883,0.99750,0.58750,-0.41000,True,True,0.478108,True
400,1884,0.58750,0.40000,-0.18750,False,False,-0.049080,True
400,1885,0.40000,0.78000,+0.38000,False,False,-0.218368,True
400,1886,0.78000,0.30250,-0.47750,True,True,0.174520,True
400,1887,0.30250,0.72000,+0.41750,False,False,-0.308863,True
400,1888,0.72000,0.46750,-0.25250,True,True,0.131815,True
400,1889,0.46750,0.89500,+0.42750,False,False,-0.123001,True
400,1890,0.89500,0.34500,-0.55000,True,True,0.325660,True
400,1891,0.34500,0.63500,+0.29000,False,False,-0.276963,True
400,1892,0.63500,0.17750,-0.45750,False,True,0.039308,True
400,1893,0.17750,0.82000,+0.64250,False,False,-0.410724,True
400,1894,0.82000,0.50250,-0.31750,True,True,0.257130,True
400,1895,0.50250,0.24250,-0.26000,False,False,-0.101202,True
400,1896,0.24250,0.95750,+0.71500,False,False,-0.323540,True
400,1897,0.95750,0.57500,-0.38250,True,True,0.405625,True
400,1898,0.57500,0.38000,-0.19500,False,False,-0.054195,True
400,1899,0.38000,0.75250,+0.37250,False,False,-0.227270,True
400,1900,0.75250,0.27500,-0.47750,True,True,0.160733,True
400,1901,0.27500,0.86500,+0.59000,False,False,-0.319745,True
400,1902,0.86500,0.52750,-0.33750,True,True,0.295770,True
400,1903,0.52750,0.18750,-0.34000,False,False,-0.092913,True
400,1904,0.18750,0.68750,+0.50000,False,False,-0.400564,True
400,1905,0.68750,0.41000,-0.27750,False,True,0.112702,True
400,1906,0.41000,0.93000,+0.52000,False,False,-0.155886,True
400,1907,0.93000,0.60250,-0.32750,True,True,0.382503,True
400,1908,0.60250,0.30250,-0.30000,False,False,-0.012998,True
400,1909,0.30250,0.79500,+0.49250,False,False,-0.306794,True
400,1910,0.79500,0.45500,-0.34000,True,True,0.221178,True
400,1911,0.45500,0.14250,-0.31250,False,False,-0.148728,True
400,1912,0.14250,0.98000,+0.83750,False,False,-0.429208,True
400,1913,0.98000,0.64250,-0.33750,True,True,0.441802,True
400,1914,0.64250,0.36500,-0.27750,False,True,0.005920,True
400,1915,0.36500,0.73750,+0.37250,False,False,-0.263919,True
400,1916,0.73750,0.49750,-0.24000,True,True,0.136462,True
400,1917,0.49750,0.21500,-0.28250,False,False,-0.110984,True
400,1918,0.21500,0.88000,+0.66500,False,False,-0.371962,True
400,1919,0.88000,0.56250,-0.31750,True,True,0.302109,True
400,1920,0.56250,0.29500,-0.26750,False,False,-0.051065,True
400,1921,0.29500,0.82750,+0.53250,False,False,-0.299356,True
400,1922,0.82750,0.42500,-0.40250,True,True,0.253987,True
400,1923,0.42500,0.69750,+0.27250,False,False,-0.179284,True
400,1924,0.69750,0.17750,-0.52000,True,True,0.127583,True
400,1925,0.17750,0.94500,+0.76750,False,False,-0.409037,True
400,1926,0.94500,0.51750,-0.42750,True,True,0.396060,True
400,1927,0.51750,0.33500,-0.18250,False,False,-0.115374,True
400,1928,0.33500,0.77000,+0.43500,False,False,-0.267868,True
400,1929,0.77000,0.60750,-0.16250,True,True,0.184298,True
400,1930,0.60750,0.23500,-0.37250,False,True,0.013183,True
400,1931,0.23500,0.90750,+0.67250,False,False,-0.358632,True
400,1932,0.90750,0.44750,-0.46000,True,True,0.354079,True
400,1933,0.44750,0.67250,+0.22500,False,False,-0.177298,True
400,1934,0.67250,0.28250,-0.39000,True,True,0.085150,True
400,1935,0.28250,0.84750,+0.56500,False,False,-0.311741,True
400,1936,0.84750,0.49000,-0.35750,True,True,0.296195,True
400,1937,0.49000,0.15500,-0.33500,False,False,-0.117114,True
400,1938,0.15500,0.74500,+0.59000,False,False,-0.422140,True
400,1939,0.74500,0.36250,-0.38250,True,True,0.213011,True
400,1940,0.36250,0.98500,+0.62250,False,False,-0.211051,True
400,1941,0.98500,0.57000,-0.41500,True,True,0.454767,True
400,1942,0.57000,0.30000,-0.27000,False,False,-0.065326,True
400,1943,0.30000,0.80000,+0.50000,False,False,-0.310555,True
400,1944,0.80000,0.46000,-0.34000,True,True,0.209895,True
400,1945,0.46000,0.65500,+0.19500,False,False,-0.153183,True
400,1946,0.65500,0.19750,-0.45750,True,True,0.076519,True
400,1947,0.19750,0.91750,+0.72000,False,False,-0.392964,True
400,1948,0.91750,0.40750,-0.51000,True,True,0.357380,True
400,1949,0.40750,0.71250,+0.30500,False,False,-0.215642,True
400,1950,0.71250,0.27000,-0.44250,True,True,0.119369,True
400,1951,0.27000,0.86000,+0.59000,False,False,-0.329141,True
400,1952,0.86000,0.53000,-0.33000,True,True,0.297483,True
400,1953,0.53000,0.33750,-0.19250,False,False,-0.094079,True
400,1954,0.33750,0.77500,+0.43750,False,False,-0.250504,True
400,1955,0.77500,0.17250,-0.60250,True,True,0.228358,True
400,1956,0.17250,0.61000,+0.43750,False,False,-0.412577,True
400,1957,0.61000,0.96500,+0.35500,False,True,0.056396,True
400,1958,0.96500,0.44000,-0.52500,True,True,0.424093,True
400,1959,0.44000,0.68000,+0.24000,False,False,-0.198047,True
400,1960,0.68000,0.28500,-0.39500,True,True,0.080693,True
400,1961,0.28500,0.83250,+0.54750,False,False,-0.325268,True
400,1962,0.83250,0.49500,-0.33750,True,True,0.265550,True
400,1963,0.49500,0.19250,-0.30250,False,False,-0.120483,True
400,1964,0.19250,0.89750,+0.70500,False,False,-0.391236,True
400,1965,0.89750,0.57250,-0.32500,True,True,0.347563,True
400,1966,0.57250,0.35500,-0.21750,False,False,-0.049783,True
400,1967,0.35500,0.73750,+0.38250,False,False,-0.249280,True
400,1968,0.73750,0.23500,-0.50250,True,True,0.169807,True
400,1969,0.23500,0.95000,+0.71500,False,False,-0.349581,True
400,1970,0.95000,0.51500,-0.43500,True,True,0.416416,True
400,1971,0.51500,0.65000,+0.13500,False,False,-0.119301,True
400,1972,0.65000,0.31000,-0.34000,True,True,0.045690,True
400,1973,0.31000,0.81000,+0.50000,False,False,-0.296267,True
400,1974,0.81000,0.42000,-0.39000,True,True,0.240766,True
400,1975,0.42000,0.13500,-0.28500,False,False,-0.186584,True
400,1976,0.13500,0.87500,+0.74000,False,False,-0.432155,True
400,1977,0.87500,0.55750,-0.31750,True,True,0.337826,True
400,1978,0.55750,0.26250,-0.29500,False,False,-0.054185,True
400,1979,0.26250,0.71750,+0.45500,False,False,-0.323794,True
400,1980,0.71750,0.37750,-0.34000,True,True,0.165526,True
400,1981,0.37750,0.99500,+0.61750,False,False,-0.179675,True
400,1982,0.99500,0.60250,-0.39250,True,True,0.473017,True
400,1983,0.60250,0.32000,-0.28250,False,False,-0.029532,True
400,1984,0.32000,0.78250,+0.46250,False,False,-0.294689,True
400,1985,0.78250,0.47250,-0.31000,True,True,0.186893,True
400,1986,0.47250,0.17250,-0.30000,False,False,-0.141609,True
400,1987,0.17250,0.91250,+0.74000,False,False,-0.409592,True
400,1988,0.91250,0.63500,-0.27750,True,True,0.341984,True
400,1989,0.63500,0.39250,-0.24250,False,True,0.008136,True
400,1990,0.39250,0.75250,+0.36000,False,False,-0.225828,True
400,1991,0.75250,0.25750,-0.49500,True,True,0.169399,True
400,1992,0.25750,0.85000,+0.59250,False,False,-0.348342,True
400,1993,0.85000,0.51250,-0.33750,True,True,0.286166,True
400,1994,0.51250,0.19750,-0.31500,False,False,-0.110953,True
400,1995,0.19750,0.68250,+0.48500,False,False,-0.388191,True
400,1996,0.68250,0.35000,-0.33250,True,True,0.126325,True
400,1997,0.35000,0.96000,+0.61000,False,False,-0.207897,True
400,1998,0.96000,0.56250,-0.39750,True,True,0.413530,True
400,1999,0.56250,0.28500,-0.27750,False,False,-0.062310,True
400,2000,0.28500,0.80500,+0.52000,False,False,-0.313507,True
400,2001,0.80500,0.45000,-0.35500,True,True,0.222099,True
400,2002,0.45000,0.13250,-0.31750,False,False,-0.158305,True
400,2003,0.13250,0.88750,+0.75500,False,False,-0.434118,True
400,2004,0.88750,0.61250,-0.27500,True,True,0.326866,True
400,2005,0.61250,0.36500,-0.24750,False,False,-0.008246,True
400,2006,0.36500,0.73000,+0.36500,False,False,-0.241661,True
400,2007,0.73000,0.22750,-0.50250,True,True,0.160786,True
400,2008,0.22750,0.93500,+0.70750,False,False,-0.361441,True
400,2009,0.93500,0.50250,-0.43250,True,True,0.391099,True
400,2010,0.50250,0.66000,+0.15750,False,False,-0.131684,True
400,2011,0.66000,0.30500,-0.35500,True,True,0.061423,True
400,2012,0.30500,0.82750,+0.52250,False,False,-0.300498,True
400,2013,0.82750,0.42500,-0.40250,True,True,0.265633,True
400,2014,0.42500,0.14500,-0.28000,False,False,-0.184381,True
400,2015,0.14500,0.97500,+0.83000,False,False,-0.423689,True
400,2016,0.97500,0.57750,-0.39750,True,True,0.439878,True
400,2017,0.57750,0.70500,+0.12750,False,False,-0.063029,True
400,2018,0.70500,0.34500,-0.36000,True,True,0.089941,True
400,2019,0.34500,0.78500,+0.44000,False,False,-0.283840,True
400,2020,0.78500,0.46750,-0.31750,True,True,0.199370,True
400,2021,0.46750,0.20500,-0.26250,False,False,-0.149902,True
400,2022,0.20500,0.87250,+0.66750,False,False,-0.383435,True
400,2023,0.87250,0.54500,-0.32750,True,True,0.309090,True
400,2024,0.54500,0.28500,-0.26000,False,False,-0.070201,True
400,2025,0.28500,0.74500,+0.46000,False,False,-0.304405,True
400,2026,0.74500,0.39500,-0.35000,True,True,0.192363,True
400,2027,0.39500,0.92500,+0.53000,False,False,-0.175309,True
400,2028,0.92500,0.60500,-0.32000,True,True,0.384442,True
400,2029,0.60500,0.24250,-0.36250,False,False,-0.014760,True
400,2030,0.24250,0.68000,+0.43750,False,False,-0.366619,True
400,2031,0.68000,0.35750,-0.32250,True,True,0.117687,True
400,2032,0.35750,0.98250,+0.62500,False,False,-0.212854,True
400,2033,0.98250,0.50500,-0.47750,True,True,0.454583,True
400,2034,0.50500,0.80000,+0.29500,False,False,-0.128137,True
400,2035,0.80000,0.31500,-0.48500,True,True,0.193444,True
400,2036,0.31500,0.63750,+0.32250,False,False,-0.316861,True
400,2037,0.63750,0.18250,-0.45500,False,True,0.035188,True
400,2038,0.18250,0.85500,+0.67250,False,False,-0.409049,True
400,2039,0.85500,0.45250,-0.40250,True,True,0.277244,True
400,2040,0.45250,0.72000,+0.26750,False,False,-0.170973,True
400,2041,0.72000,0.27500,-0.44500,True,True,0.139163,True
400,2042,0.27500,0.90500,+0.63000,False,False,-0.326533,True
400,2043,0.90500,0.53250,-0.37250,True,True,0.348989,True
400,2044,0.53250,0.37250,-0.16000,False,False,-0.099074,True
400,2045,0.37250,0.76750,+0.39500,False,False,-0.228609,True
400,2046,0.76750,0.20750,-0.56000,True,True,0.200448,True
400,2047,0.20750,0.61250,+0.40500,False,False,-0.387570,True
400,2048,0.61250,0.08250,-0.53000,False,True,0.055812,True
400,2049,0.08250,0.94750,+0.86500,False,False,-0.458493,True
400,2050,0.94750,0.44000,-0.50750,True,True,0.408212,True
400,2051,0.44000,0.68750,+0.24750,False,False,-0.188746,True
400,2052,0.68750,0.29750,-0.39000,True,True,0.095071,True
400,2053,0.29750,0.83500,+0.53750,False,False,-0.303973,True
400,2054,0.83500,0.50000,-0.33500,True,True,0.270696,True
400,2055,0.50000,0.17500,-0.32500,False,False,-0.110709,True
400,2056,0.17500,0.89000,+0.71500,False,False,-0.404430,True
400,2057,0.89000,0.57000,-0.32000,True,True,0.356403,True
400,2058,0.57000,0.34500,-0.22500,False,False,-0.047881,True
400,2059,0.34500,0.74000,+0.39500,False,False,-0.255187,True
400,2060,0.74000,0.23000,-0.51000,True,True,0.183732,True
400,2061,0.23000,0.99000,+0.76000,False,False,-0.350968,True
400,2062,0.99000,0.48000,-0.51000,True,True,0.467671,True
400,2063,0.48000,0.65250,+0.17250,False,False,-0.160842,True
400,2064,0.65250,0.31250,-0.34000,False,True,0.035907,True
400,2065,0.31250,0.81000,+0.49750,False,False,-0.294765,True
400,2066,0.81000,0.42250,-0.38750,True,True,0.222394,True
400,2067,0.42250,0.70750,+0.28500,False,False,-0.187337,True
400,2068,0.70750,0.19250,-0.51500,True,True,0.138302,True
400,2069,0.19250,0.92000,+0.72750,False,False,-0.401212,True
400,2070,0.92000,0.53500,-0.38500,True,True,0.360515,True
400,2071,0.53500,0.35250,-0.18250,False,False,-0.097667,True
400,2072,0.35250,0.78000,+0.42750,False,False,-0.251038,True
400,2073,0.78000,0.25250,-0.52750,True,True,0.205796,True
400,2074,0.25250,0.61750,+0.36500,False,False,-0.343036,True
400,2075,0.61750,0.09500,-0.52250,False,True,0.050505,True
400,2076,0.09500,0.95500,+0.86000,False,False,-0.452778,True
400,2077,0.95500,0.46500,-0.49000,True,True,0.409391,True
400,2078,0.46500,0.68250,+0.21750,False,False,-0.166942,True
400,2079,0.68250,0.30500,-0.37750,True,True,0.084539,True
400,2080,0.30500,0.86000,+0.55500,False,False,-0.299181,True
400,2081,0.86000,0.51500,-0.34500,True,True,0.280905,True
400,2082,0.51500,0.20500,-0.31000,False,False,-0.104384,True
400,2083,0.20500,0.75750,+0.55250,False,False,-0.385817,True
400,2084,0.75750,0.39250,-0.36500,True,True,0.190033,True
400,2085,0.39250,0.90000,+0.50750,False,False,-0.196469,True
400,2086,0.90000,0.57500,-0.32500,True,True,0.358169,True
400,2087,0.57500,0.27000,-0.30500,False,False,-0.045307,True
400,2088,0.27000,0.71750,+0.44750,False,False,-0.333983,True
400,2089,0.71750,0.15250,-0.56500,True,True,0.161789,True
400,2090,0.15250,0.97000,+0.81750,False,False,-0.422102,True
400,2091,0.97000,0.47500,-0.49500,True,True,0.438217,True
400,2092,0.47500,0.63750,+0.16250,False,False,-0.167631,True
400,2093,0.63750,0.33250,-0.30500,False,True,0.026910,True
400,2094,0.33250,0.82500,+0.49250,False,False,-0.274009,True
400,2095,0.82500,0.42500,-0.40000,True,True,0.240885,True
400,2096,0.42500,0.17500,-0.25000,False,False,-0.183819,True
400,2097,0.17500,0.79000,+0.61500,False,False,-0.393271,True
400,2098,0.79000,0.55000,-0.24000,True,True,0.231150,True
400,2099,0.55000,0.24500,-0.30500,False,False,-0.038044,True
400,2100,0.24500,0.93250,+0.68750,False,False,-0.314063,True
400,2101,0.93250,0.60750,-0.32500,True,True,0.390965,True
400,2102,0.60750,0.36500,-0.24250,False,False,-0.008843,True
400,2103,0.36500,0.73750,+0.37250,False,False,-0.240354,True
400,2104,0.73750,0.20000,-0.53750,True,True,0.171831,True
400,2105,0.20000,0.87500,+0.67500,False,False,-0.386595,True
400,2106,0.87500,0.48250,-0.39250,True,True,0.327830,True
400,2107,0.48250,0.29500,-0.18750,False,False,-0.139653,True
400,2108,0.29500,0.68500,+0.39000,False,False,-0.281204,True
400,2109,0.68500,0.10250,-0.58250,True,True,0.140487,True
400,2110,0.10250,0.99750,+0.89500,False,False,-0.448501,True
400,2111,0.99750,0.53000,-0.46750,True,True,0.480789,True
400,2112,0.53000,0.38750,-0.14250,False,False,-0.109518,True
400,2113,0.38750,0.80500,+0.41750,False,False,-0.223050,True
400,2114,0.80500,0.62000,-0.18500,True,True,0.205446,True
400,2115,0.62000,0.25750,-0.36250,False,True,0.007549,True
400,2116,0.25750,0.88750,+0.63000,False,False,-0.354063,True
400,2117,0.88750,0.45250,-0.43500,True,True,0.313079,True
400,2118,0.45250,0.71000,+0.25750,False,False,-0.177806,True
400,2119,0.71000,0.31750,-0.39250,True,True,0.111909,True
400,2120,0.31750,0.84250,+0.52500,False,False,-0.292058,True
400,2121,0.84250,0.51250,-0.33000,True,True,0.281229,True
400,2122,0.51250,0.19000,-0.32250,False,False,-0.104157,True
400,2123,0.19000,0.94250,+0.75250,False,False,-0.402724,True
400,2124,0.94250,0.58500,-0.35750,True,True,0.388563,True
400,2125,0.58500,0.37000,-0.21500,False,False,-0.051022,True
400,2126,0.37000,0.75250,+0.38250,False,False,-0.249107,True
400,2127,0.75250,0.26500,-0.48750,True,True,0.158038,True
400,2128,0.26500,0.66000,+0.39500,False,False,-0.338133,True
400,2129,0.66000,0.12750,-0.53250,False,True,0.090299,True
400,2130,0.12750,0.91250,+0.78500,False,False,-0.435575,True
400,2131,0.91250,0.46750,-0.44500,True,True,0.364126,True
400,2132,0.46750,0.61000,+0.14250,False,False,-0.161421,True
400,2133,0.61000,0.23000,-0.38000,True,True,0.028767,True
400,2134,0.23000,0.81750,+0.58750,False,False,-0.351393,True
400,2135,0.81750,0.39500,-0.42250,True,True,0.262899,True
400,2136,0.39500,0.97250,+0.57750,False,False,-0.201200,True
400,2137,0.97250,0.53750,-0.43500,True,True,0.432351,True
400,2138,0.53750,0.70250,+0.16500,False,False,-0.101716,True
400,2139,0.70250,0.31000,-0.39250,True,True,0.088230,True
400,2140,0.31000,0.78250,+0.47250,False,False,-0.317853,True
400,2141,0.78250,0.43500,-0.34750,True,True,0.198926,True
400,2142,0.43500,0.16500,-0.27000,False,False,-0.180150,True
400,2143,0.16500,0.87000,+0.70500,False,False,-0.415418,True
400,2144,0.87000,0.57000,-0.30000,True,True,0.308147,True
400,2145,0.57000,0.27750,-0.29250,False,False,-0.046009,True
400,2146,0.27750,0.73250,+0.45500,False,False,-0.316283,True
400,2147,0.73250,0.38000,-0.35250,True,True,0.182759,True
400,2148,0.38000,0.95750,+0.57750,False,False,-0.191010,True
400,2149,0.95750,0.51000,-0.44750,True,True,0.417232,True
400,2150,0.51000,0.65250,+0.14250,False,False,-0.118030,True
400,2151,0.65250,0.22750,-0.42500,True,True,0.054303,True
400,2152,0.22750,0.83750,+0.61000,False,False,-0.378515,True
400,2153,0.83750,0.41750,-0.42000,True,True,0.267529,True
400,2154,0.41750,0.13000,-0.28750,False,False,-0.196667,True
400,2155,0.13000,0.76250,+0.63250,False,False,-0.434616,True
400,2156,0.76250,0.54750,-0.21500,True,True,0.209889,True
400,2157,0.54750,0.26750,-0.28000,False,False,-0.031184,True
400,2158,0.26750,0.92500,+0.65750,False,False,-0.289332,True
400,2159,0.92500,0.46500,-0.46000,True,True,0.386159,True
400,2160,0.46500,0.68250,+0.21750,False,False,-0.144157,True
400,2161,0.68250,0.20250,-0.48000,True,True,0.104966,True
400,2162,0.20250,0.89250,+0.69000,False,False,-0.385696,True
400,2163,0.89250,0.38750,-0.50500,True,True,0.355179,True
400,2164,0.38750,0.61500,+0.22750,False,False,-0.232146,True
400,2165,0.61500,0.14500,-0.47000,False,True,0.029843,True
400,2166,0.14500,0.80250,+0.65750,False,False,-0.421970,True
400,2167,0.80250,0.33250,-0.47000,True,True,0.264714,True
400,2168,0.33250,0.98750,+0.65500,False,False,-0.258890,True
400,2169,0.98750,0.52500,-0.46250,True,True,0.458874,True
400,2170,0.52500,0.70500,+0.18000,False,False,-0.119637,True
400,2171,0.70500,0.29250,-0.41250,True,True,0.088930,True
400,2172,0.29250,0.59000,+0.29750,False,False,-0.332018,True
400,2173,0.59000,0.85500,+0.26500,False,True,0.007174,True
400,2174,0.85500,0.41000,-0.44500,True,True,0.281933,True
400,2175,0.41000,0.18250,-0.22750,False,False,-0.216362,True
400,2176,0.18250,0.75250,+0.57000,False,False,-0.402771,True
400,2177,0.75250,0.48250,-0.27000,True,True,0.186049,True
400,2178,0.48250,0.93750,+0.45500,False,False,-0.098162,True
400,2179,0.93750,0.34500,-0.59250,True,True,0.389861,True
400,2180,0.34500,0.64750,+0.30250,False,False,-0.283330,True
400,2181,0.64750,0.22500,-0.42250,False,True,0.042959,True
400,2182,0.22500,0.82000,+0.59500,False,False,-0.365055,True
400,2183,0.82000,0.51500,-0.30500,True,True,0.252665,True
400,2184,0.51500,0.14000,-0.37500,False,False,-0.092316,True
400,2185,0.14000,0.90500,+0.76500,False,False,-0.430351,True
400,2186,0.90500,0.43000,-0.47500,True,True,0.364350,True
400,2187,0.43000,0.68750,+0.25750,False,False,-0.193774,True
400,2188,0.68750,0.28500,-0.40250,True,True,0.092249,True
400,2189,0.28500,0.77750,+0.49250,False,False,-0.312655,True
400,2190,0.77750,0.54750,-0.23000,True,True,0.234807,True
400,2191,0.54750,0.17750,-0.37000,False,False,-0.038966,True
400,2192,0.17750,0.97750,+0.80000,False,False,-0.395114,True
400,2193,0.97750,0.45500,-0.52250,True,True,0.446397,True
400,2194,0.45500,0.63750,+0.18250,False,False,-0.176530,True
400,2195,0.63750,0.31000,-0.32750,False,True,0.035457,True
400,2196,0.31000,0.86250,+0.55250,False,False,-0.286172,True
400,2197,0.86250,0.50250,-0.36000,True,True,0.287815,True
400,2198,0.50250,0.20500,-0.29750,False,False,-0.107602,True
400,2199,0.20500,0.74000,+0.53500,False,False,-0.378537,True
400,2200,0.74000,0.37250,-0.36750,True,True,0.167558,True
400,2201,0.37250,0.95000,+0.57750,False,False,-0.200211,True
400,2202,0.95000,0.58750,-0.36250,True,True,0.406661,True
400,2203,0.58750,0.27250,-0.31500,False,False,-0.041244,True
400,2204,0.27250,0.79750,+0.52500,False,False,-0.336437,True
400,2205,0.79750,0.44250,-0.35500,True,True,0.208702,True
400,2206,0.44250,0.67750,+0.23500,False,False,-0.169762,True
400,2207,0.67750,0.18000,-0.49750,True,True,0.103045,True
400,2208,0.18000,0.88500,+0.70500,False,False,-0.408720,True
400,2209,0.88500,0.49000,-0.39500,True,True,0.333697,True
400,2210,0.49000,0.31500,-0.17500,False,False,-0.128711,True
400,2211,0.31500,0.76000,+0.44500,False,False,-0.267286,True
400,2212,0.76000,0.14000,-0.62000,True,True,0.213942,True
400,2213,0.14000,0.60750,+0.46750,False,False,-0.429941,True
400,2214,0.60750,0.96500,+0.35750,False,True,0.072071,True
400,2215,0.96500,0.40250,-0.56250,True,True,0.442607,True
400,2216,0.40250,0.70000,+0.29750,False,False,-0.232676,True
400,2217,0.70000,0.26250,-0.43750,True,True,0.104326,True
400,2218,0.26250,0.84000,+0.57750,False,False,-0.344964,True
400,2219,0.84000,0.51750,-0.32250,True,True,0.269632,True
400,2220,0.51750,0.20000,-0.31750,False,False,-0.104177,True
400,2221,0.20000,0.91500,+0.71500,False,False,-0.386293,True
400,2222,0.91500,0.56750,-0.34750,True,True,0.367915,True
400,2223,0.56750,0.35750,-0.21000,False,False,-0.062103,True
400,2224,0.35750,0.73250,+0.37500,False,False,-0.253768,True
400,2225,0.73250,0.24000,-0.49250,True,True,0.154130,True
400,2226,0.24000,0.81500,+0.57500,False,False,-0.347347,True
400,2227,0.81500,0.45750,-0.35750,True,True,0.276009,True
400,2228,0.45750,0.11500,-0.34250,False,False,-0.148009,True
400,2229,0.11500,0.99250,+0.87750,False,False,-0.442828,True
400,2230,0.99250,0.61750,-0.37500,True,True,0.472089,True
400,2231,0.61750,0.38500,-0.23250,False,False,-0.024873,True
400,2232,0.38500,0.71000,+0.32500,False,False,-0.243300,True
400,2233,0.71000,0.28000,-0.43000,True,True,0.112480,True
400,2234,0.28000,0.87250,+0.59250,False,False,-0.323786,True
400,2235,0.87250,0.51000,-0.36250,True,True,0.293362,True
400,2236,0.51000,0.20250,-0.30750,False,False,-0.118526,True
400,2237,0.20250,0.77500,+0.57250,False,False,-0.388656,True
400,2238,0.77500,0.42750,-0.34750,True,True,0.196412,True
400,2239,0.42750,0.93000,+0.50250,False,False,-0.171614,True
400,2240,0.93000,0.58250,-0.34750,True,True,0.372713,True
400,2241,0.58250,0.31750,-0.26500,False,False,-0.052995,True
400,2242,0.31750,0.68250,+0.36500,False,False,-0.301964,True
400,2243,0.68250,0.17500,-0.50750,False,True,0.094498,True
400,2244,0.17500,0.84750,+0.67250,False,False,-0.410918,True
400,2245,0.84750,0.47000,-0.37750,True,True,0.285775,True
400,2246,0.47000,0.25500,-0.21500,False,False,-0.146647,True
400,2247,0.25500,0.75000,+0.49500,False,False,-0.311428,True
400,2248,0.75000,0.54250,-0.20750,True,True,0.208989,True
400,2249,0.54250,0.10000,-0.44250,False,False,-0.015551,True
400,2250,0.10000,0.96000,+0.86000,False,False,-0.450299,True
400,2251,0.96000,0.39250,-0.56750,True,True,0.425395,True
400,2252,0.39250,0.65000,+0.25750,False,False,-0.233052,True
400,2253,0.65000,0.23000,-0.42000,False,True,0.054094,True
400,2254,0.23000,0.82500,+0.59500,False,False,-0.354333,True
400,2255,0.82500,0.48750,-0.33750,True,True,0.259744,True
400,2256,0.48750,0.14750,-0.34000,False,False,-0.115682,True
400,2257,0.14750,0.90000,+0.75250,False,False,-0.411553,True
400,2258,0.90000,0.59250,-0.30750,True,True,0.349557,True
400,2259,0.59250,0.33750,-0.25500,False,False,-0.026217,True
400,2260,0.33750,0.72750,+0.39000,False,False,-0.269906,True
400,2261,0.72750,0.25000,-0.47750,True,True,0.161948,True
400,2262,0.25000,0.98250,+0.73250,False,False,-0.329724,True
400,2263,0.98250,0.51750,-0.46500,True,True,0.456340,True
400,2264,0.51750,0.67250,+0.15500,False,False,-0.122624,True
400,2265,0.67250,0.37000,-0.30250,True,True,0.061737,True
400,2266,0.37000,0.80250,+0.43250,False,False,-0.245470,True
400,2267,0.80250,0.28000,-0.52250,True,True,0.216833,True
400,2268,0.28000,0.61000,+0.33000,False,False,-0.330442,True
400,2269,0.61000,0.88250,+0.27250,False,True,0.038918,True
400,2270,0.88250,0.43500,-0.44750,True,True,0.318360,True
400,2271,0.43500,0.18250,-0.25250,False,False,-0.193193,True
400,2272,0.18250,0.76000,+0.57750,False,False,-0.407408,True
400,2273,0.76000,0.50000,-0.26000,True,True,0.192656,True
400,2274,0.50000,0.10750,-0.39250,False,False,-0.086452,True
400,2275,0.10750,0.94000,+0.83250,False,False,-0.445558,True
400,2276,0.94000,0.56750,-0.37250,True,True,0.392595,True
400,2277,0.56750,0.32250,-0.24500,False,False,-0.055886,True
400,2278,0.32250,0.71250,+0.39000,False,False,-0.286915,True
400,2279,0.71250,0.22750,-0.48500,True,True,0.137638,True
400,2280,0.22750,0.85500,+0.62750,False,False,-0.351975,True
400,2281,0.85500,0.45250,-0.40250,True,True,0.299496,True
400,2282,0.45250,0.64250,+0.19000,False,False,-0.159110,True
400,2283,0.64250,0.16250,-0.48000,True,True,0.080726,True
400,2284,0.16250,0.92250,+0.76000,False,False,-0.411055,True
400,2285,0.92250,0.39250,-0.53000,True,True,0.397429,True
400,2286,0.39250,0.74000,+0.34750,False,False,-0.229842,True
400,2287,0.74000,0.29000,-0.45000,True,True,0.157538,True
400,2288,0.29000,0.55250,+0.26250,False,False,-0.311619,True
400,2289,0.55250,0.07250,-0.48000,False,False,-0.007420,True
400,2290,0.07250,0.97500,+0.90250,False,False,-0.463176,True
400,2291,0.97500,0.48250,-0.49250,True,True,0.457142,True
400,2292,0.48250,0.78750,+0.30500,False,False,-0.143733,True
400,2293,0.78750,0.34500,-0.44250,True,True,0.183646,True
400,2294,0.34500,0.66250,+0.31750,False,False,-0.280989,True
400,2295,0.66250,0.21000,-0.45250,False,True,0.066578,True
400,2296,0.21000,0.86750,+0.65750,False,False,-0.381748,True
400,2297,0.86750,0.51500,-0.35250,True,True,0.301834,True
400,2298,0.51500,0.28000,-0.23500,False,False,-0.104604,True
400,2299,0.28000,0.81500,+0.53500,False,False,-0.302888,True
400,2300,0.81500,0.42750,-0.38750,True,True,0.259822,True
400,2301,0.42750,0.69000,+0.26250,False,False,-0.169318,True
400,2302,0.69000,0.16000,-0.53000,True,True,0.136799,True
400,2303,0.16000,0.95250,+0.79250,False,False,-0.418162,True
400,2304,0.95250,0.56250,-0.39000,True,True,0.428531,True
400,2305,0.56250,0.33500,-0.22750,False,False,-0.068323,True
400,2306,0.33500,0.75500,+0.42000,False,False,-0.275837,True
400,2307,0.75500,0.45500,-0.30000,True,True,0.181397,True
400,2308,0.45500,0.12250,-0.33250,False,False,-0.136963,True
400,2309,0.12250,0.89750,+0.77500,False,False,-0.438758,True
400,2310,0.89750,0.60500,-0.29250,True,True,0.353554,True
400,2311,0.60500,0.28750,-0.31750,False,False,-0.008025,True
400,2312,0.28750,0.83000,+0.54250,False,False,-0.316483,True
400,2313,0.83000,0.40750,-0.42250,True,True,0.283627,True
400,2314,0.40750,0.67000,+0.26250,False,False,-0.201302,True
400,2315,0.67000,0.19250,-0.47750,True,True,0.108886,True
400,2316,0.19250,0.99500,+0.80250,False,False,-0.388083,True
400,2317,0.99500,0.51750,-0.47750,True,True,0.480211,True
400,2318,0.51750,0.72250,+0.20500,False,False,-0.123048,True
400,2319,0.72250,0.34500,-0.37750,True,True,0.113471,True
400,2320,0.34500,0.85000,+0.50500,False,False,-0.281912,True
400,2321,0.85000,0.46750,-0.38250,True,True,0.271088,True
400,2322,0.46750,0.23000,-0.23750,False,False,-0.161889,True
400,2323,0.23000,0.64250,+0.41250,False,False,-0.366868,True
400,2324,0.64250,0.91750,+0.27500,False,True,0.068924,True
400,2325,0.91750,0.39500,-0.52250,True,True,0.357059,True
400,2326,0.39500,0.74500,+0.35000,False,False,-0.236493,True
400,2327,0.74500,0.29000,-0.45500,True,True,0.147162,True
400,2328,0.29000,0.57500,+0.28500,False,False,-0.323763,True
400,2329,0.57500,0.12000,-0.45500,False,False,-0.008548,True
400,2330,0.12000,0.94500,+0.82500,False,False,-0.440609,True
400,2331,0.94500,0.49500,-0.45000,True,True,0.399844,True
400,2332,0.49500,0.78250,+0.28750,False,False,-0.131956,True
400,2333,0.78250,0.35250,-0.43000,True,True,0.182101,True
400,2334,0.35250,0.66000,+0.30750,False,False,-0.273094,True
400,2335,0.66000,0.21000,-0.45000,True,True,0.070942,True
400,2336,0.21000,0.87500,+0.66500,False,False,-0.380421,True
400,2337,0.87500,0.45250,-0.42250,True,True,0.316304,True
400,2338,0.45250,0.61000,+0.15750,False,False,-0.166984,True
400,2339,0.61000,0.16000,-0.45000,False,True,0.034762,True
400,2340,0.16000,0.82000,+0.66000,False,False,-0.414567,True
400,2341,0.82000,0.33000,-0.49000,True,True,0.287205,True
400,2342,0.33000,0.96750,+0.63750,False,False,-0.266304,True
400,2343,0.96750,0.53250,-0.43500,True,True,0.437805,True
400,2344,0.53250,0.70000,+0.16750,False,False,-0.108058,True
400,2345,0.70000,0.28500,-0.41500,True,True,0.087427,True
400,2346,0.28500,0.76500,+0.48000,False,False,-0.338037,True
400,2347,0.76500,0.42000,-0.34500,True,True,0.189887,True
400,2348,0.42000,0.13500,-0.28500,False,False,-0.192586,True
400,2349,0.13500,0.90500,+0.77000,False,False,-0.432176,True
400,2350,0.90500,0.56500,-0.34000,True,True,0.353900,True
400,2351,0.56500,0.34250,-0.22250,False,False,-0.059067,True
400,2352,0.34250,0.80250,+0.46000,False,False,-0.255848,True
400,2353,0.80250,0.47750,-0.32500,True,True,0.243358,True
400,2354,0.47750,0.18500,-0.29250,False,False,-0.120745,True
400,2355,0.18500,0.98500,+0.80000,False,False,-0.385401,True
400,2356,0.98500,0.63250,-0.35250,True,True,0.462404,True
400,2357,0.63250,0.38500,-0.24750,False,False,-0.005949,True
400,2358,0.38500,0.72750,+0.34250,False,False,-0.239400,True
400,2359,0.72750,0.26250,-0.46500,True,True,0.128047,True
400,2360,0.26250,0.85750,+0.59500,False,False,-0.343097,True
400,2361,0.85750,0.51750,-0.34000,True,True,0.277136,True
400,2362,0.51750,0.31500,-0.20250,False,False,-0.109566,True
400,2363,0.31500,0.68500,+0.37000,False,False,-0.274159,True
400,2364,0.68500,0.13750,-0.54750,True,True,0.121922,True
400,2365,0.13750,0.92750,+0.79000,False,False,-0.429550,True
400,2366,0.92750,0.45750,-0.47000,True,True,0.370658,True
400,2367,0.45750,0.61250,+0.15500,False,False,-0.169663,True
400,2368,0.61250,0.23000,-0.38250,False,True,0.020427,True
400,2369,0.23000,0.82750,+0.59750,False,False,-0.353199,True
400,2370,0.82750,0.39750,-0.43000,True,True,0.258340,True
400,2371,0.39750,0.75250,+0.35500,False,False,-0.201654,True
400,2372,0.75250,0.28250,-0.47000,True,True,0.194730,True
400,2373,0.28250,0.95500,+0.67250,False,False,-0.302925,True
400,2374,0.95500,0.54500,-0.41000,True,True,0.419621,True
400,2375,0.54500,0.35750,-0.18750,False,False,-0.093043,True
400,2376,0.35750,0.70500,+0.34750,False,False,-0.247385,True
400,2377,0.70500,0.17750,-0.52750,True,True,0.120275,True
400,2378,0.17750,0.88250,+0.70500,False,False,-0.408769,True
400,2379,0.88250,0.48750,-0.39500,True,True,0.317332,True
400,2380,0.48750,0.64250,+0.15500,False,False,-0.137825,True
400,2381,0.64250,0.25750,-0.38500,True,True,0.055222,True
400,2382,0.25750,0.80750,+0.55000,False,False,-0.335009,True
400,2383,0.80750,0.41250,-0.39500,True,True,0.262766,True
400,2384,0.41250,0.09750,-0.31500,False,False,-0.182857,True
400,2385,0.09750,0.98000,+0.88250,False,False,-0.451150,True
400,2386,0.98000,0.57500,-0.40500,True,True,0.464766,True
400,2387,0.57500,0.33000,-0.24500,False,False,-0.060872,True
400,2388,0.33000,0.74250,+0.41250,False,False,-0.282320,True
400,2389,0.74250,0.46500,-0.27750,True,True,0.147241,True
400,2390,0.46500,0.86500,+0.40000,False,False,-0.130700,True
400,2391,0.86500,0.27500,-0.59000,True,True,0.293746,True
400,2392,0.27500,0.66000,+0.38500,False,False,-0.345394,True
400,2393,0.66000,0.17250,-0.48750,False,True,0.065402,True
400,2394,0.17250,0.91250,+0.74000,False,False,-0.408174,True
400,2395,0.91250,0.51500,-0.39750,True,True,0.357241,True
400,2396,0.51500,0.37250,-0.14250,False,False,-0.118550,True
400,2397,0.37250,0.77500,+0.40250,False,False,-0.226939,True
400,2398,0.77500,0.23750,-0.53750,True,True,0.194581,True
400,2399,0.23750,0.61750,+0.38000,False,False,-0.354722,True
400,2400,0.61750,0.08250,-0.53500,False,True,0.051031,True
400,2401,0.08250,0.93750,+0.85500,False,False,-0.458577,True
400,2402,0.93750,0.44750,-0.49000,True,True,0.404694,True
400,2403,0.44750,0.71000,+0.26250,False,False,-0.180004,True
400,2404,0.71000,0.31000,-0.40000,True,True,0.115260,True
400,2405,0.31000,0.83500,+0.52500,False,False,-0.295655,True
400,2406,0.83500,0.53500,-0.30000,True,True,0.272778,True
400,2407,0.53500,0.20000,-0.33500,False,False,-0.078714,True
400,2408,0.20000,0.67750,+0.47750,False,False,-0.390152,True
400,2409,0.67750,0.36000,-0.31750,True,True,0.162400,True
400,2410,0.36000,0.99750,+0.63750,False,False,-0.186225,True
400,2411,0.99750,0.49000,-0.50750,True,True,0.485180,True
400,2412,0.49000,0.79000,+0.30000,False,False,-0.136132,True
400,2413,0.79000,0.29000,-0.50000,True,True,0.186965,True
400,2414,0.29000,0.60500,+0.31500,False,False,-0.335724,True
400,2415,0.60500,0.89000,+0.28500,False,True,0.007582,True
400,2416,0.89000,0.41250,-0.47750,True,True,0.311221,True
400,2417,0.41250,0.72250,+0.31000,False,False,-0.224366,True
400,2418,0.72250,0.24250,-0.48000,True,True,0.122827,True
400,2419,0.24250,0.55750,+0.31500,False,False,-0.373570,True
400,2420,0.55750,0.92250,+0.36500,False,False,-0.018417,True
400,2421,0.92250,0.37750,-0.54500,True,True,0.365124,True
400,2422,0.37750,0.65750,+0.28000,False,False,-0.251826,True
400,2423,0.65750,0.19000,-0.46750,False,True,0.059555,True
400,2424,0.19000,0.82000,+0.63000,False,False,-0.404646,True
400,2425,0.82000,0.47000,-0.35000,True,True,0.245156,True
400,2426,0.47000,0.27500,-0.19500,False,False,-0.142977,True
400,2427,0.27500,0.96250,+0.68750,False,False,-0.288447,True
400,2428,0.96250,0.59000,-0.37250,True,True,0.415018,True
400,2429,0.59000,0.74750,+0.15750,False,False,-0.043000,True
400,2430,0.74750,0.35500,-0.39250,True,True,0.137633,True
400,2431,0.35500,0.52000,+0.16500,False,False,-0.277417,True
400,2432,0.52000,0.85750,+0.33750,False,False,-0.063681,True
400,2433,0.85750,0.25250,-0.60500,True,True,0.282072,True
400,2434,0.25250,0.68250,+0.43000,False,False,-0.366638,True
400,2435,0.68250,0.42000,-0.26250,False,True,0.092728,True
400,2436,0.42000,0.10500,-0.31500,False,False,-0.168910,True
400,2437,0.10500,0.90250,+0.79750,False,False,-0.447055,True
400,2438,0.90250,0.56250,-0.34000,True,True,0.356061,True
400,2439,0.56250,0.30000,-0.26250,False,False,-0.048670,True
400,2440,0.30000,0.78250,+0.48250,False,False,-0.289513,True
400,2441,0.78250,0.45500,-0.32750,True,True,0.218120,True
400,2442,0.45500,0.14500,-0.31000,False,False,-0.128602,True
400,2443,0.14500,0.97250,+0.82750,False,False,-0.405709,True
400,2444,0.97250,0.63000,-0.34250,True,True,0.438626,True
400,2445,0.63000,0.36250,-0.26750,False,False,-0.000736,True
400,2446,0.36250,0.73500,+0.37250,False,False,-0.255674,True
400,2447,0.73500,0.24000,-0.49500,True,True,0.144594,True
400,2448,0.24000,0.84250,+0.60250,False,False,-0.358491,True
400,2449,0.84250,0.50250,-0.34000,True,True,0.270545,True
400,2450,0.50250,0.18000,-0.32250,False,False,-0.119339,True
400,2451,0.18000,0.67000,+0.49000,False,False,-0.397281,True
400,2452,0.67000,0.93500,+0.26500,False,True,0.116346,True
400,2453,0.93500,0.41000,-0.52500,True,True,0.387227,True
400,2454,0.41000,0.58250,+0.17250,False,False,-0.229317,True
400,2455,0.58250,0.26750,-0.31500,False,False,-0.018326,True
400,2456,0.26750,0.80750,+0.54000,False,False,-0.319311,True
400,2457,0.80750,0.46500,-0.34250,True,True,0.239622,True
400,2458,0.46500,0.11750,-0.34750,False,False,-0.123788,True
400,2459,0.11750,0.88250,+0.76500,False,False,-0.441321,True
400,2460,0.88250,0.61500,-0.26750,True,True,0.340405,True
400,2461,0.61500,0.32250,-0.29250,False,True,0.008931,True
400,2462,0.32250,0.75250,+0.43000,False,False,-0.280460,True
400,2463,0.75250,0.21250,-0.54000,True,True,0.206627,True
400,2464,0.21250,0.99000,+0.77750,False,False,-0.370523,True
400,2465,0.99000,0.51750,-0.47250,True,True,0.465852,True
400,2466,0.51750,0.68750,+0.17000,False,False,-0.127711,True
400,2467,0.68750,0.37250,-0.31500,True,True,0.073451,True
400,2468,0.37250,0.83000,+0.45750,False,False,-0.251250,True
400,2469,0.83000,0.44250,-0.38750,True,True,0.249252,True
400,2470,0.44250,0.18250,-0.26000,False,False,-0.178995,True
400,2471,0.18250,0.91000,+0.72750,False,False,-0.405994,True
400,2472,0.91000,0.57500,-0.33500,True,True,0.345404,True
400,2473,0.57500,0.30500,-0.27000,False,False,-0.057801,True
400,2474,0.30500,0.72500,+0.42000,False,False,-0.304256,True
400,2475,0.72500,0.48000,-0.24500,False,True,0.135163,True
400,2476,0.48000,0.12250,-0.35750,False,False,-0.105404,True
400,2477,0.12250,0.94750,+0.82500,False,False,-0.438468,True
400,2478,0.94750,0.63250,-0.31500,True,True,0.395770,True
400,2479,0.63250,0.35250,-0.28000,False,True,0.006769,True
400,2480,0.35250,0.79000,+0.43750,False,False,-0.267049,True
400,2481,0.79000,0.42750,-0.36250,True,True,0.198816,True
400,2482,0.42750,0.19250,-0.23500,False,False,-0.183010,True
400,2483,0.19250,0.86500,+0.67250,False,False,-0.380527,True
400,2484,0.86500,0.55250,-0.31250,True,True,0.299545,True
400,2485,0.55250,0.27500,-0.27750,False,False,-0.061731,True
400,2486,0.27500,0.71000,+0.43500,False,False,-0.308357,True
400,2487,0.71000,0.11000,-0.60000,False,True,0.151059,True
400,2488,0.11000,0.96000,+0.85000,False,False,-0.445214,True
400,2489,0.96000,0.49250,-0.46750,True,True,0.424364,True
400,2490,0.49250,0.65500,+0.16250,False,False,-0.144416,True
400,2491,0.65500,0.32500,-0.33000,True,True,0.050117,True
400,2492,0.32500,0.82000,+0.49500,False,False,-0.283280,True
400,2493,0.82000,0.41000,-0.41000,True,True,0.244043,True
400,2494,0.41000,0.16000,-0.25000,False,False,-0.198107,True
400,2495,0.16000,0.89250,+0.73250,False,False,-0.404783,True
400,2496,0.89250,0.58500,-0.30750,True,True,0.338234,True
400,2497,0.58500,0.28750,-0.29750,False,False,-0.036496,True
400,2498,0.28750,0.75000,+0.46250,False,False,-0.308574,True
400,2499,0.75000,0.46250,-0.28750,True,True,0.176465,True
400,2500,0.46250,0.10000,-0.36250,False,False,-0.123875,True
400,2501,0.10000,0.97750,+0.87750,False,False,-0.449524,True
400,2502,0.97750,0.61750,-0.36000,True,True,0.452825,True
400,2503,0.61750,0.35750,-0.26000,False,False,-0.013747,True
400,2504,0.35750,0.78000,+0.42250,False,False,-0.263323,True
400,2505,0.78000,0.50750,-0.27250,True,True,0.187043,True
400,2506,0.50750,0.21500,-0.29250,False,False,-0.102653,True
400,2507,0.21500,0.85500,+0.64000,False,False,-0.375400,True
400,2508,0.85500,0.42000,-0.43500,True,True,0.287792,True
400,2509,0.42000,0.68500,+0.26500,False,False,-0.186592,True
400,2510,0.68500,0.25750,-0.42750,True,True,0.105655,True
400,2511,0.25750,0.92500,+0.66750,False,False,-0.324917,True
400,2512,0.92500,0.55000,-0.37500,True,True,0.374184,True
400,2513,0.55000,0.33250,-0.21750,False,False,-0.075462,True
400,2514,0.33250,0.74000,+0.40750,False,False,-0.265041,True
400,2515,0.74000,0.17000,-0.57000,True,True,0.167503,True
400,2516,0.17000,0.87750,+0.70750,False,False,-0.413133,True
400,2517,0.87750,0.47250,-0.40500,True,True,0.334738,True
400,2518,0.47250,0.63500,+0.16250,False,False,-0.151273,True
400,2519,0.63500,0.27000,-0.36500,True,True,0.050845,True
400,2520,0.27000,0.98750,+0.71750,False,False,-0.315871,True
400,2521,0.98750,0.52750,-0.46000,True,True,0.470645,True
400,2522,0.52750,0.71500,+0.18750,False,False,-0.107349,True
400,2523,0.71500,0.36250,-0.35250,True,True,0.104334,True
400,2524,0.36250,0.81250,+0.45000,False,False,-0.262627,True
400,2525,0.81250,0.43250,-0.38000,True,True,0.223112,True
400,2526,0.43250,0.18500,-0.24750,False,False,-0.186211,True
400,2527,0.18500,0.90500,+0.72000,False,False,-0.402156,True
400,2528,0.90500,0.59000,-0.31500,True,True,0.339729,True
400,2529,0.59000,0.31000,-0.28000,False,False,-0.040182,True
400,2530,0.31000,0.76500,+0.45500,False,False,-0.298474,True
400,2531,0.76500,0.48750,-0.27750,True,True,0.180806,True
400,2532,0.48750,0.14000,-0.34750,False,False,-0.111694,True
400,2533,0.14000,0.94250,+0.80250,False,False,-0.430190,True
400,2534,0.94250,0.64250,-0.30000,True,True,0.392958,True
400,2535,0.64250,0.37750,-0.26500,False,True,0.013927,True
400,2536,0.37750,0.82750,+0.45000,False,False,-0.246480,True
400,2537,0.82750,0.51750,-0.31000,True,True,0.243246,True
400,2538,0.51750,0.24250,-0.27500,False,False,-0.104456,True
400,2539,0.24250,0.72500,+0.48250,False,False,-0.360515,True
400,2540,0.72500,0.33250,-0.39250,True,True,0.158178,True
400,2541,0.33250,0.95500,+0.62250,False,False,-0.241908,True
400,2542,0.95500,0.57000,-0.38500,True,True,0.421523,True
400,2543,0.57000,0.41500,-0.15500,False,False,-0.060131,True
400,2544,0.41500,0.79250,+0.37750,False,False,-0.190152,True
400,2545,0.79250,0.22250,-0.57000,True,True,0.209232,True
400,2546,0.22250,0.66750,+0.44500,False,False,-0.386788,True
400,2547,0.66750,0.31250,-0.35500,False,True,0.088772,True
400,2548,0.31250,0.88500,+0.57250,False,False,-0.255625,True
400,2549,0.88500,0.49250,-0.39250,True,True,0.332245,True
400,2550,0.49250,0.15000,-0.34250,False,False,-0.121011,True
400,2551,0.15000,0.74750,+0.59750,False,False,-0.424457,True
400,2552,0.74750,0.38250,-0.36500,True,True,0.196501,True
400,2553,0.38250,0.97000,+0.58750,False,False,-0.193290,True
400,2554,0.97000,0.58750,-0.38250,True,True,0.454237,True
400,2555,0.58750,0.28000,-0.30750,False,False,-0.046491,True
400,2556,0.28000,0.83750,+0.55750,False,False,-0.334238,True
400,2557,0.83750,0.46500,-0.37250,True,True,0.250560,True
400,2558,0.46500,0.68500,+0.22000,False,False,-0.160907,True
400,2559,0.68500,0.21750,-0.46750,True,True,0.090389,True
400,2560,0.21750,0.91250,+0.69500,False,False,-0.384504,True
400,2561,0.91250,0.52750,-0.38500,True,True,0.359703,True
400,2562,0.52750,0.34500,-0.18250,False,False,-0.105194,True
400,2563,0.34500,0.77000,+0.42500,False,False,-0.260750,True
400,2564,0.77000,0.42250,-0.34750,True,True,0.189947,True
400,2565,0.42250,0.12250,-0.30000,False,False,-0.169634,True
400,2566,0.12250,0.86250,+0.74000,False,False,-0.438507,True
400,2567,0.86250,0.61250,-0.25000,True,True,0.324272,True
400,2568,0.61250,0.27000,-0.34250,False,True,0.004834,True
400,2569,0.27000,0.71250,+0.44250,False,False,-0.325663,True
400,2570,0.71250,0.17500,-0.53750,True,True,0.186032,True
400,2571,0.17500,0.99500,+0.82000,False,False,-0.384568,True
400,2572,0.99500,0.49500,-0.50000,True,True,0.484767,True
400,2573,0.49500,0.64750,+0.15250,False,False,-0.147755,True
400,2574,0.64750,0.33500,-0.31250,True,True,0.039391,True
400,2575,0.33500,0.81750,+0.48250,False,False,-0.274922,True
400,2576,0.81750,0.43500,-0.38250,True,True,0.236173,True
400,2577,0.43500,0.14750,-0.28750,False,False,-0.174685,True
400,2578,0.14750,0.92750,+0.78000,False,False,-0.423044,True
400,2579,0.92750,0.56750,-0.36000,True,True,0.362466,True
400,2580,0.56750,0.29750,-0.27000,False,False,-0.064423,True
400,2581,0.29750,0.74500,+0.44750,False,False,-0.308270,True
400,2582,0.74500,0.47000,-0.27500,False,True,0.151143,True
400,2583,0.47000,0.87500,+0.40500,False,False,-0.121892,True
400,2584,0.87500,0.36250,-0.51250,True,True,0.310468,True
400,2585,0.36250,0.67000,+0.30750,False,False,-0.257674,True
400,2586,0.67000,0.20500,-0.46500,True,True,0.078234,True
400,2587,0.20500,0.79750,+0.59250,False,False,-0.387706,True
400,2588,0.79750,0.51500,-0.28250,True,True,0.253435,True
400,2589,0.51500,0.13000,-0.38500,False,False,-0.080907,True
400,2590,0.13000,0.95000,+0.82000,False,False,-0.434440,True
400,2591,0.95000,0.41500,-0.53500,True,True,0.411756,True
400,2592,0.41500,0.63000,+0.21500,False,False,-0.213966,True
400,2593,0.63000,0.26750,-0.36250,False,True,0.028351,True
400,2594,0.26750,0.84500,+0.57750,False,False,-0.321022,True
400,2595,0.84500,0.54500,-0.30000,True,True,0.283131,True
400,2596,0.54500,0.18750,-0.35750,False,False,-0.060004,True
400,2597,0.18750,0.73000,+0.54250,False,False,-0.392068,True
400,2598,0.73000,0.35250,-0.37750,True,True,0.178558,True
400,2599,0.35250,0.97500,+0.62250,False,False,-0.221476,True
400,2600,0.97500,0.48500,-0.49000,True,True,0.447312,True
400,2601,0.48500,0.68750,+0.20250,False,False,-0.144764,True
400,2602,0.68750,0.28250,-0.40500,True,True,0.085313,True
400,2603,0.28250,0.89000,+0.60750,False,False,-0.325815,True
400,2604,0.89000,0.57250,-0.31750,True,True,0.315017,True
400,2605,0.57250,0.38250,-0.19000,False,False,-0.055736,True
400,2606,0.38250,0.78000,+0.39750,False,False,-0.227323,True
400,2607,0.78000,0.22250,-0.55750,True,True,0.197620,True
400,2608,0.22250,0.64000,+0.41750,False,False,-0.383179,True
400,2609,0.64000,0.11500,-0.52500,False,True,0.075086,True
400,2610,0.11500,0.92000,+0.80500,False,False,-0.442698,True
400,2611,0.92000,0.45500,-0.46500,True,True,0.374348,True
400,2612,0.45500,0.71500,+0.26000,False,False,-0.174306,True
400,2613,0.71500,0.31500,-0.40000,True,True,0.130568,True
400,2614,0.31500,0.83000,+0.51500,False,False,-0.292969,True
400,2615,0.83000,0.51000,-0.32000,True,True,0.277551,True
400,2616,0.51000,0.19250,-0.31750,False,False,-0.101573,True
400,2617,0.19250,0.96250,+0.77000,False,False,-0.392150,True
400,2618,0.96250,0.59000,-0.37250,True,True,0.442089,True
400,2619,0.59000,0.37250,-0.21750,False,False,-0.044926,True
400,2620,0.37250,0.75750,+0.38500,False,False,-0.247516,True
400,2621,0.75750,0.26750,-0.49000,True,True,0.167999,True
400,2622,0.26750,0.66000,+0.39250,False,False,-0.336886,True
400,2623,0.66000,0.13000,-0.53000,False,True,0.094892,True
400,2624,0.13000,0.87000,+0.74000,False,False,-0.432882,True
400,2625,0.87000,0.46250,-0.40750,True,True,0.321149,True
400,2626,0.46250,0.30750,-0.15500,False,False,-0.156580,True
400,2627,0.30750,0.80500,+0.49750,False,False,-0.253805,True
400,2628,0.80500,0.54750,-0.25750,True,True,0.279647,True
400,2629,0.54750,0.17250,-0.37500,False,False,-0.036221,True
400,2630,0.17250,0.99250,+0.82000,False,False,-0.391144,True
400,2631,0.99250,0.61500,-0.37750,True,True,0.480418,True
400,2632,0.61500,0.39250,-0.22250,False,False,-0.017214,True
400,2633,0.39250,0.73500,+0.34250,False,False,-0.231321,True
400,2634,0.73500,0.26000,-0.47500,True,True,0.144175,True
400,2635,0.26000,0.90000,+0.64000,False,False,-0.344715,True
400,2636,0.90000,0.49500,-0.40500,True,True,0.325429,True
400,2637,0.49500,0.67750,+0.18250,False,False,-0.139140,True
400,2638,0.67750,0.32500,-0.35250,True,True,0.078314,True
400,2639,0.32500,0.84250,+0.51750,False,False,-0.284074,True
400,2640,0.84250,0.43750,-0.40500,True,True,0.275920,True
400,2641,0.43750,0.16000,-0.27750,False,False,-0.176763,True
400,2642,0.16000,0.93750,+0.77750,False,False,-0.419370,True
400,2643,0.93750,0.57750,-0.36000,True,True,0.383283,True
400,2644,0.57750,0.35750,-0.22000,False,False,-0.058611,True
400,2645,0.35750,0.76500,+0.40750,False,False,-0.252690,True
400,2646,0.76500,0.24500,-0.52000,True,True,0.170499,True
400,2647,0.24500,0.64750,+0.40250,False,False,-0.354984,True
400,2648,0.64750,0.10750,-0.54000,False,True,0.070295,True
400,2649,0.10750,0.88250,+0.77500,False,False,-0.446471,True
400,2650,0.88250,0.47500,-0.40750,True,True,0.337039,True
400,2651,0.47500,0.30250,-0.17250,False,False,-0.147897,True
400,2652,0.30250,0.79250,+0.49000,False,False,-0.270883,True
400,2653,0.79250,0.54250,-0.25000,True,True,0.241226,True
400,2654,0.54250,0.17250,-0.37000,False,False,-0.042712,True
400,2655,0.17250,0.96750,+0.79500,False,False,-0.391738,True
400,2656,0.96750,0.61000,-0.35750,True,True,0.439438,True
400,2657,0.61000,0.38250,-0.22750,False,False,-0.017338,True
400,2658,0.38250,0.72500,+0.34250,False,False,-0.236371,True
400,2659,0.72500,0.25750,-0.46750,True,True,0.139734,True
400,2660,0.25750,0.85500,+0.59750,False,False,-0.339867,True
400,2661,0.85500,0.46250,-0.39250,True,True,0.296364,True
400,2662,0.46250,0.14500,-0.31750,False,False,-0.154836,True
400,2663,0.14500,0.68500,+0.54000,False,False,-0.425993,True
400,2664,0.68500,0.33000,-0.35500,False,True,0.129499,True
400,2665,0.33000,0.93000,+0.60000,False,False,-0.219359,True
400,2666,0.93000,0.55250,-0.37750,True,True,0.395095,True
400,2667,0.55250,0.22750,-0.32500,False,False,-0.064737,True
400,2668,0.22750,0.78000,+0.55250,False,False,-0.359710,True
400,2669,0.78000,0.42250,-0.35750,True,True,0.211853,True
400,2670,0.42250,0.08000,-0.34250,False,False,-0.172500,True
400,2671,0.08000,0.98250,+0.90250,False,False,-0.460483,True
400,2672,0.98250,0.60000,-0.38250,True,True,0.461070,True
400,2673,0.60000,0.35500,-0.24500,False,False,-0.038369,True
400,2674,0.35500,0.74250,+0.38750,False,False,-0.264594,True
400,2675,0.74250,0.49250,-0.25000,True,True,0.143455,True
400,2676,0.49250,0.18750,-0.30500,False,False,-0.110260,True
400,2677,0.18750,0.86750,+0.68000,False,False,-0.392013,True
400,2678,0.86750,0.63750,-0.23000,True,True,0.292063,True
400,2679,0.63750,0.30750,-0.33000,False,True,0.029631,True
400,2680,0.30750,0.82000,+0.51250,False,False,-0.300245,True
400,2681,0.82000,0.44250,-0.37750,True,True,0.257338,True
400,2682,0.44250,0.14000,-0.30250,False,False,-0.167940,True
400,2683,0.14000,0.91500,+0.77500,False,False,-0.427775,True
400,2684,0.91500,0.56000,-0.35500,True,True,0.367190,True
400,2685,0.56000,0.33750,-0.22250,False,False,-0.066598,True
400,2686,0.33750,0.71000,+0.37250,False,False,-0.262980,True
400,2687,0.71000,0.21750,-0.49250,False,True,0.132189,True
400,2688,0.21750,0.95250,+0.73500,False,False,-0.359339,True
400,2689,0.95250,0.51000,-0.44250,True,True,0.418706,True
400,2690,0.51000,0.66750,+0.15750,False,False,-0.123876,True
400,2691,0.66750,0.29250,-0.37500,True,True,0.063264,True
400,2692,0.29250,0.80250,+0.51000,False,False,-0.314769,True
400,2693,0.80250,0.41500,-0.38750,True,True,0.225814,True
400,2694,0.41500,0.12500,-0.29000,False,False,-0.193551,True
400,2695,0.12500,0.88750,+0.76250,False,False,-0.437545,True
400,2696,0.88750,0.58000,-0.30750,True,True,0.339140,True
400,2697,0.58000,0.32750,-0.25250,False,False,-0.039254,True
400,2698,0.32750,0.75250,+0.42500,False,False,-0.268635,True
400,2699,0.75250,0.20750,-0.54500,True,True,0.191315,True
400,2700,0.20750,0.62500,+0.41750,False,False,-0.373949,True
400,2701,0.62500,0.05000,-0.57500,True,True,0.111439,True
400,2702,0.05000,0.99750,+0.94750,False,False,-0.474918,True
400,2703,0.99750,0.46500,-0.53250,True,True,0.492408,True
400,2704,0.46500,0.70000,+0.23500,False,False,-0.175612,True
400,2705,0.70000,0.35000,-0.35000,True,True,0.096118,True
400,2706,0.35000,0.84500,+0.49500,False,False,-0.266093,True
400,2707,0.84500,0.52000,-0.32500,True,True,0.258865,True
400,2708,0.52000,0.23750,-0.28250,False,False,-0.102194,True
400,2709,0.23750,0.90500,+0.66750,False,False,-0.363056,True
400,2710,0.90500,0.59250,-0.31250,True,True,0.337182,True
400,2711,0.59250,0.38500,-0.20750,False,False,-0.034949,True
400,2712,0.38500,0.77500,+0.39000,False,False,-0.228434,True
400,2713,0.77500,0.27750,-0.49750,True,True,0.189521,True
400,2714,0.27750,0.66250,+0.38500,False,False,-0.328067,True
400,2715,0.66250,0.14000,-0.52250,True,True,0.098590,True
400,2716,0.14000,0.94250,+0.80250,False,False,-0.428981,True
400,2717,0.94250,0.48000,-0.46250,True,True,0.391099,True
400,2718,0.48000,0.72750,+0.24750,False,False,-0.154007,True
400,2719,0.72750,0.33500,-0.39250,True,True,0.132609,True
400,2720,0.33500,0.83000,+0.49500,False,False,-0.281337,True
400,2721,0.83000,0.53250,-0.29750,True,True,0.261304,True
400,2722,0.53250,0.21750,-0.31500,False,False,-0.085240,True
400,2723,0.21750,0.96500,+0.74750,False,False,-0.379955,True
400,2724,0.96500,0.60250,-0.36250,True,True,0.424276,True
400,2725,0.60250,0.40000,-0.20250,False,False,-0.036213,True
400,2726,0.40000,0.76000,+0.36000,False,False,-0.227417,True
400,2727,0.76000,0.29000,-0.47000,True,True,0.164800,True
400,2728,0.29000,0.87000,+0.58000,False,False,-0.323703,True
400,2729,0.87000,0.49750,-0.37250,True,True,0.294073,True
400,2730,0.49750,0.65250,+0.15500,False,False,-0.133902,True
400,2731,0.65250,0.23000,-0.42250,True,True,0.054669,True
400,2732,0.23000,0.92000,+0.69000,False,False,-0.374482,True
400,2733,0.92000,0.43750,-0.48250,True,True,0.368975,True
400,2734,0.43750,0.70250,+0.26500,False,False,-0.195186,True
400,2735,0.70250,0.32250,-0.38000,True,True,0.101278,True
400,2736,0.32250,0.80750,+0.48500,False,False,-0.285956,True
400,2737,0.80750,0.54250,-0.26500,True,True,0.239681,True
400,2738,0.54250,0.18250,-0.36000,False,False,-0.065631,True
400,2739,0.18250,0.98000,+0.79750,False,False,-0.408985,True
400,2740,0.98000,0.46750,-0.51250,True,True,0.449456,True
400,2741,0.46750,0.67250,+0.20500,False,False,-0.171284,True
400,2742,0.67250,0.29750,-0.37500,False,True,0.057725,True
400,2743,0.29750,0.84000,+0.54250,False,False,-0.315491,True
400,2744,0.84000,0.57000,-0.27000,True,True,0.252885,True
400,2745,0.57000,0.36250,-0.20750,False,False,-0.050218,True
400,2746,0.36250,0.77000,+0.40750,False,False,-0.240015,True
400,2747,0.77000,0.21250,-0.55750,True,True,0.202713,True
400,2748,0.21250,0.89750,+0.68500,False,False,-0.384614,True
400,2749,0.89750,0.49250,-0.40500,True,True,0.340582,True
400,2750,0.49250,0.63250,+0.14000,False,False,-0.137319,True
400,2751,0.63250,0.27000,-0.36250,True,True,0.038712,True
400,2752,0.27000,0.93500,+0.66500,False,False,-0.325684,True
400,2753,0.93500,0.42750,-0.50750,True,True,0.392889,True
400,2754,0.42750,0.72000,+0.29250,False,False,-0.201149,True
400,2755,0.72000,0.32500,-0.39500,True,True,0.116109,True
400,2756,0.32500,0.79750,+0.47250,False,False,-0.281619,True
400,2757,0.79750,0.53000,-0.26750,True,True,0.229305,True
400,2758,0.53000,0.17750,-0.35250,False,False,-0.077469,True
400,2759,0.17750,0.87750,+0.70000,False,False,-0.411178,True
400,2760,0.87750,0.40250,-0.47500,True,True,0.348480,True
400,2761,0.40250,0.65000,+0.24750,False,False,-0.211296,True
400,2762,0.65000,0.23500,-0.41500,False,True,0.069900,True
400,2763,0.23500,0.98500,+0.75000,False,False,-0.340829,True
400,2764,0.98500,0.56000,-0.42500,True,True,0.462764,True
400,2765,0.56000,0.35250,-0.20750,False,False,-0.076360,True
400,2766,0.35250,0.75250,+0.40000,False,False,-0.258271,True
400,2767,0.75250,0.46750,-0.28500,False,True,0.153822,True
400,2768,0.46750,0.85000,+0.38250,False,False,-0.130851,True
400,2769,0.85000,0.28000,-0.57000,True,True,0.277723,True
400,2770,0.28000,0.67500,+0.39500,False,False,-0.340240,True
400,2771,0.67500,0.16750,-0.50750,False,True,0.084633,True
400,2772,0.16750,0.94750,+0.78000,False,False,-0.416470,True
400,2773,0.94750,0.51250,-0.43500,True,True,0.397345,True
400,2774,0.51250,0.61250,+0.10000,False,False,-0.128570,True
400,2775,0.61250,0.32250,-0.29000,False,True,0.004392,True
400,2776,0.32250,0.81250,+0.49000,False,False,-0.281559,True
400,2777,0.81250,0.41750,-0.39500,True,True,0.233185,True
400,2778,0.41750,0.12750,-0.29000,False,False,-0.186914,True
400,2779,0.12750,0.90750,+0.78000,False,False,-0.436385,True
400,2780,0.90750,0.57500,-0.33250,True,True,0.352250,True
400,2781,0.57500,0.27000,-0.30500,False,False,-0.046804,True
400,2782,0.27000,0.73250,+0.46250,False,False,-0.329526,True
400,2783,0.73250,0.45000,-0.28250,False,True,0.147250,True
400,2784,0.45000,0.08500,-0.36500,False,False,-0.133215,True
400,2785,0.08500,0.86500,+0.78000,False,False,-0.457109,True
400,2786,0.86500,0.36000,-0.50500,True,True,0.331890,True
400,2787,0.36000,0.66250,+0.30250,False,False,-0.238517,True
400,2788,0.66250,0.19250,-0.47000,False,True,0.094709,True
400,2789,0.19250,0.97000,+0.77750,False,False,-0.371092,True
400,2790,0.97000,0.52750,-0.44250,True,True,0.444532,True
400,2791,0.52750,0.76250,+0.23500,False,False,-0.105789,True
400,2792,0.76250,0.33250,-0.43000,True,True,0.159789,True
400,2793,0.33250,0.62000,+0.28750,False,False,-0.295128,True
400,2794,0.62000,0.16750,-0.45250,False,True,0.034800,True
400,2795,0.16750,0.83500,+0.66750,False,False,-0.410527,True
400,2796,0.83500,0.43250,-0.40250,True,True,0.282264,True
400,2797,0.43250,0.09250,-0.34000,False,False,-0.175875,True
400,2798,0.09250,0.92500,+0.83250,False,False,-0.450384,True
400,2799,0.92500,0.55250,-0.37250,True,True,0.385625,True
400,2800,0.55250,0.29500,-0.25750,False,False,-0.075797,True
400,2801,0.29500,0.71250,+0.41750,False,False,-0.309760,True
400,2802,0.71250,0.39000,-0.32250,False,True,0.128597,True
400,2803,0.39000,0.88500,+0.49500,False,False,-0.185711,True
400,2804,0.88500,0.49750,-0.38750,True,True,0.353837,True
400,2805,0.49750,0.20000,-0.29750,False,False,-0.112392,True
400,2806,0.20000,0.78000,+0.58000,False,False,-0.384853,True
400,2807,0.78000,0.59750,-0.18250,True,True,0.221578,True
400,2808,0.59750,0.26750,-0.33000,False,True,0.017287,True
400,2809,0.26750,0.99000,+0.72250,False,False,-0.309950,True
400,2810,0.99000,0.45500,-0.53500,True,True,0.478951,True
400,2811,0.45500,0.68500,+0.23000,False,False,-0.177240,True
400,2812,0.68500,0.32750,-0.35750,False,True,0.075571,True
400,2813,0.32750,0.82000,+0.49250,False,False,-0.278801,True
400,2814,0.82000,0.53000,-0.29000,True,True,0.240273,True
400,2815,0.53000,0.18500,-0.34500,False,False,-0.079649,True
400,2816,0.18500,0.91250,+0.72750,False,False,-0.406196,True
400,2817,0.91250,0.41500,-0.49750,True,True,0.356934,True
400,2818,0.41500,0.65500,+0.24000,False,False,-0.210307,True
400,2819,0.65500,0.25500,-0.40000,False,True,0.052806,True
400,2820,0.25500,0.75750,+0.50250,False,False,-0.334890,True
400,2821,0.75750,0.48000,-0.27750,True,True,0.192742,True
400,2822,0.48000,0.10750,-0.37250,False,False,-0.098614,True
400,2823,0.10750,0.95500,+0.84750,False,False,-0.445579,True
400,2824,0.95500,0.58000,-0.37500,True,True,0.412162,True
400,2825,0.58000,0.33750,-0.24250,False,False,-0.044528,True
400,2826,0.33750,0.80250,+0.46500,False,False,-0.271822,True
400,2827,0.80250,0.43250,-0.37000,True,True,0.218616,True
400,2828,0.43250,0.70500,+0.27250,False,False,-0.171300,True
400,2829,0.70500,0.21250,-0.49250,True,True,0.137356,True
400,2830,0.21250,0.87500,+0.66250,False,False,-0.381743,True
400,2831,0.87500,0.51250,-0.36250,True,True,0.324857,True
400,2832,0.51250,0.28750,-0.22500,False,False,-0.102790,True
400,2833,0.28750,0.94000,+0.65250,False,False,-0.296345,True
400,2834,0.94000,0.61500,-0.32500,True,True,0.410457,True
400,2835,0.61500,0.38000,-0.23500,False,False,-0.014843,True
400,2836,0.38000,0.74250,+0.36250,False,False,-0.236374,True
400,2837,0.74250,0.22750,-0.51500,True,True,0.158633,True
400,2838,0.22750,0.84250,+0.61500,False,False,-0.372800,True
400,2839,0.84250,0.47250,-0.37000,True,True,0.287413,True
400,2840,0.47250,0.14750,-0.32500,False,False,-0.146833,True
400,2841,0.14750,0.66500,+0.51750,False,False,-0.425726,True
400,2842,0.66500,0.32250,-0.34250,False,True,0.109475,True
400,2843,0.32250,0.97750,+0.65500,False,False,-0.221333,True
400,2844,0.97750,0.55250,-0.42500,True,True,0.464477,True
400,2845,0.55250,0.77250,+0.22000,False,False,-0.074792,True
400,2846,0.77250,0.39250,-0.38000,True,True,0.176429,True
400,2847,0.39250,0.19750,-0.19500,False,False,-0.235358,True
400,2848,0.19750,0.89000,+0.69250,False,False,-0.386389,True
400,2849,0.89000,0.59000,-0.30000,True,True,0.324058,True
400,2850,0.59000,0.30500,-0.28500,False,False,-0.035714,True
400,2851,0.30500,0.71750,+0.41250,False,False,-0.299491,True
400,2852,0.71750,0.45000,-0.26750,True,True,0.141336,True
400,2853,0.45000,0.10250,-0.34750,False,False,-0.132131,True
400,2854,0.10250,0.92000,+0.81750,False,False,-0.448750,True
400,2855,0.92000,0.52500,-0.39500,True,True,0.385973,True
400,2856,0.52500,0.25000,-0.27500,False,False,-0.087641,True
400,2857,0.25000,0.81000,+0.56000,False,False,-0.335019,True
400,2858,0.81000,0.63250,-0.17750,True,True,0.237585,True
400,2859,0.63250,0.35000,-0.28250,True,True,0.037289,True
400,2860,0.35000,0.07000,-0.28000,False,False,-0.246025,True
400,2861,0.07000,0.96250,+0.89250,False,False,-0.465200,True
400,2862,0.96250,0.49000,-0.47250,True,True,0.460753,True
400,2863,0.49000,0.69750,+0.20750,False,False,-0.137885,True
400,2864,0.69750,0.28000,-0.41750,True,True,0.094457,True
400,2865,0.28000,0.83500,+0.55500,False,False,-0.329441,True
400,2866,0.83500,0.42500,-0.41000,True,True,0.260610,True
400,2867,0.42500,0.60750,+0.18250,False,False,-0.191964,True
400,2868,0.60750,0.17000,-0.43750,True,True,0.032569,True
400,2869,0.17000,0.87000,+0.70000,False,False,-0.408200,True
400,2870,0.87000,0.37250,-0.49750,True,True,0.335667,True
400,2871,0.37250,0.73750,+0.36500,False,False,-0.231412,True
400,2872,0.73750,0.24000,-0.49750,True,True,0.171113,True
400,2873,0.24000,0.55500,+0.31500,False,False,-0.344930,True
400,2874,0.55500,0.03500,-0.52000,False,True,0.022803,True
400,2875,0.03500,1.00000,+0.96500,False,False,-0.482698,True
