K,episode,t_r,terminal,a_r,B_r,a_post,B_post,switch,mechanism,x2_pre,H_pre,tau_return,tau_rebound,D_max_r,in_churn_window
50,0,6,False,0.76000,0.069286,0.38000,-0.310994,True,P_multi,0.70000,-0.003800,2,2,0.11759998,False
50,1,8,False,0.80000,0.120005,0.62000,-0.064770,False,no_switch,0.68000,-0.002424,3,3,0.10124346,False
50,2,11,False,0.84000,0.173733,0.68000,0.006445,False,no_switch,0.74000,-0.005579,1,3,0.08283519,False
50,3,14,False,0.86000,0.204221,0.52000,-0.155786,True,P_multi,0.78000,-0.001056,2,2,0.07049807,False
50,4,16,False,0.74000,0.082632,0.40000,-0.262534,True,P_multi,0.66000,-0.002705,2,2,0.07227822,False
50,5,18,False,0.88000,0.235509,0.58000,-0.089301,True,P2_new,0.82000,-0.001402,3,3,0.05872643,False
50,6,21,False,0.78000,0.136930,0.48000,-0.167855,True,P_multi,0.72000,-0.002700,2,2,0.05734761,False
50,7,23,False,0.90000,0.265991,0.64000,-0.022597,True,P2_new,0.82000,-0.003547,3,3,0.04906774,True
50,8,26,False,0.82000,0.185600,0.54000,-0.112516,True,P_multi,0.72000,-0.000811,3,3,0.04940775,True
50,9,29,False,0.92000,0.295614,0.66000,0.001902,True,P2_new,0.72000,-0.002358,1,3,0.04119101,True
50,10,32,False,0.76000,0.128561,0.34000,-0.299796,True,P_multi,0.60000,-0.008929,2,2,0.04687463,True
50,11,34,False,0.86000,0.241564,0.56000,-0.089421,True,P_multi,0.70000,-0.003673,3,3,0.03676178,True
50,12,37,False,0.94000,0.326326,0.62000,-0.038073,True,P2_new,0.72000,-0.000736,3,5,0.03344788,True
50,13,42,False,0.84000,0.225122,0.52000,-0.120441,True,P_multi,0.70000,-0.005352,2,2,0.03426708,True
50,14,44,False,0.70000,0.087521,0.24000,-0.383809,True,P1,0.22000,-0.001248,2,2,0.03264754,True
50,15,46,False,0.92000,0.313631,0.46000,-0.189124,True,P_multi,0.82000,-0.009664,2,4,0.02874373,True
50,16,50,False,0.88000,0.276512,0.56000,-0.071675,True,P_multi,0.80000,-0.000817,3,3,0.02701005,True
50,17,53,False,0.80000,0.194308,0.42000,-0.196234,True,P_multi,0.94000,-0.003964,2,2,0.02833004,True
50,18,55,False,0.96000,0.362443,0.60000,-0.051861,True,P2_new,0.72000,-0.004034,3,5,0.02364915,True
50,19,60,False,0.90000,0.297073,0.30000,-0.344059,True,P2_new,0.20000,-0.001762,2,4,0.02668017,True
50,20,64,False,0.82000,0.218488,0.24000,-0.382091,True,P2_new,0.94000,-0.002815,2,3,0.02585972,True
50,21,67,False,0.94000,0.346607,0.48000,-0.168883,True,P_multi,0.78000,-0.008298,2,2,0.02145134,True
50,22,69,False,0.72000,0.099394,0.34000,-0.294207,True,P1,0.34000,-0.002022,2,2,0.03833977,True
50,23,71,False,0.86000,0.261878,0.54000,-0.098573,True,P_multi,0.78000,-0.000821,3,3,0.02395749,True
50,24,74,False,0.78000,0.185763,0.42000,-0.192902,True,P_multi,0.96000,-0.003060,2,2,0.02188640,True
50,25,76,False,0.96000,0.373006,0.60000,-0.049275,True,P2_new,0.66000,-0.005291,3,5,0.01832425,True
50,26,81,False,0.88000,0.286203,0.28000,-0.348757,True,P2_new,0.16000,-0.006011,2,4,0.02165860,True
50,27,85,False,0.92000,0.335815,0.56000,-0.072839,True,P_multi,0.82000,-0.000811,3,3,0.01704404,True
50,28,88,False,0.80000,0.194722,0.48000,-0.138174,True,P_multi,0.96000,-0.012702,2,2,0.02807940,True
50,29,90,False,0.74000,0.151725,0.32000,-0.291659,True,P_multi,0.84000,-0.002605,2,2,0.01892619,True
50,30,92,False,0.96000,0.382054,0.58000,-0.063623,True,P_multi,0.90000,-0.004101,3,3,0.01439520,True
50,31,95,False,0.84000,0.235708,0.50000,-0.129905,True,P_multi,0.78000,-0.001120,3,5,0.02748699,True
50,32,100,False,0.90000,0.322219,0.62000,-0.006482,True,P_multi,0.98000,-0.001210,3,3,0.01432885,True
50,33,103,False,0.78000,0.200097,0.26000,-0.351642,True,P2_new,0.16000,-0.001400,2,2,0.01519764,True
50,34,105,False,0.98000,0.406124,0.54000,-0.112432,True,P_multi,0.66000,-0.004166,2,2,0.01280751,True
50,35,107,False,0.68000,0.052574,0.36000,-0.271607,True,P1,0.38000,-0.003243,2,2,0.04358173,True
50,36,109,False,0.82000,0.219160,0.46000,-0.168878,True,P_multi,0.76000,-0.003619,3,3,0.02547537,True
50,37,112,False,0.88000,0.293631,0.60000,-0.030542,True,P2_new,0.76000,-0.002950,3,3,0.01803467,True
50,38,115,False,0.74000,0.152243,0.42000,-0.173755,True,P2_new,0.94000,-0.002644,2,2,0.01868128,True
50,39,117,False,0.94000,0.360677,0.52000,-0.115343,True,P2_new,0.12000,-0.007300,3,3,0.01495706,True
50,40,120,False,0.76000,0.162208,0.64000,0.038292,False,no_switch,0.70000,-0.000081,1,1,0.02377717,True
50,41,121,False,0.64000,0.038292,0.34000,-0.263476,True,P_multi,0.58000,-0.000437,2,2,0.02597204,True
50,42,123,False,0.92000,0.346751,0.48000,-0.150613,True,P_multi,0.86000,-0.000894,2,2,0.01257285,True
50,43,125,False,0.70000,0.102348,0.26000,-0.353672,True,P2_new,0.20000,-0.000409,2,2,0.02370063,True
50,44,127,False,0.84000,0.260802,0.42000,-0.200419,True,P_multi,0.98000,-0.003447,4,4,0.01490562,True
50,45,131,False,0.98000,0.410414,0.54000,-0.092183,True,P_multi,0.90000,-0.005575,2,2,0.01125006,True
50,46,133,False,0.78000,0.165265,0.36000,-0.277822,True,P1,0.32000,-0.003925,2,2,0.03416884,True
50,47,135,False,0.66000,0.058364,0.24000,-0.361740,True,P_multi,0.86000,-0.003439,2,2,0.02593050,True
50,48,137,False,0.88000,0.293785,0.46000,-0.167713,True,P_multi,0.06000,-0.016179,2,2,0.01796359,True
50,49,139,False,0.72000,0.126839,0.30000,-0.308774,True,P_multi,0.80000,-0.001943,2,2,0.02133289,True
50,50,141,False,0.96000,0.385311,0.56000,-0.085952,True,P_multi,0.86000,-0.002375,3,3,0.01311620,True
50,51,144,False,0.80000,0.192477,0.26000,-0.359240,True,P2_new,0.16000,-0.013655,2,3,0.02945725,True
50,52,147,False,0.86000,0.274606,0.44000,-0.195585,True,P_multi,0.16000,-0.003616,3,3,0.01758788,True
50,53,150,False,0.74000,0.157728,0.52000,-0.072280,True,P2_new,0.92000,-0.002739,2,2,0.01620341,True
50,54,152,False,0.94000,0.368539,0.36000,-0.278783,True,P2_new,0.12000,-0.003379,2,4,0.01191632,True
50,55,156,False,0.82000,0.238048,0.48000,-0.128233,True,P_multi,0.90000,-0.001197,2,2,0.01606548,True
50,56,158,False,0.90000,0.329694,0.38000,-0.252267,True,P2_new,0.14000,-0.000393,2,4,0.01150345,True
50,57,162,False,0.76000,0.189115,0.50000,-0.098452,True,P2_new,0.58000,-0.000961,3,3,0.01170925,True
50,58,165,False,0.98000,0.416561,0.58000,-0.058260,True,P_multi,0.02000,-0.010604,3,3,0.00921878,True
50,59,168,False,0.84000,0.241949,0.44000,-0.186238,True,P_multi,0.72000,-0.001557,2,2,0.02391869,True
50,60,170,False,0.70000,0.096833,0.26000,-0.347247,True,P2_new,0.20000,-0.010127,2,2,0.02682065,True
50,61,172,False,0.92000,0.343365,0.54000,-0.098115,True,P_multi,0.80000,-0.003691,3,3,0.01387205,True
50,62,175,False,0.78000,0.184168,0.62000,0.015179,False,no_switch,0.12000,-0.014440,1,1,0.02272283,True
50,63,176,False,0.62000,0.015179,0.22000,-0.385505,True,P1,0.22000,-0.001408,2,2,0.02780350,True
50,64,178,False,0.88000,0.314278,0.46000,-0.167176,True,P_multi,0.96000,-0.000221,2,2,0.00994621,True
50,65,180,False,0.68000,0.094796,0.30000,-0.301299,True,P1,0.30000,-0.001761,2,2,0.01750200,True
50,66,182,False,0.96000,0.398057,0.52000,-0.117278,True,P_multi,0.08000,-0.004809,2,2,0.00875893,True
50,67,184,False,0.74000,0.130803,0.36000,-0.269052,True,P1,0.38000,-0.002143,2,2,0.03051174,True
50,68,186,False,0.82000,0.235622,0.44000,-0.183632,True,P_multi,0.16000,-0.000116,3,4,0.01713020,True
50,69,190,False,0.94000,0.380712,0.50000,-0.133635,True,P_multi,0.08000,-0.003998,3,3,0.00797601,True
50,70,193,False,0.76000,0.171071,0.58000,-0.014559,False,no_switch,0.84000,-0.001877,3,3,0.01923846,True
50,71,196,False,0.86000,0.296777,0.40000,-0.214306,True,P_multi,0.98000,-0.001802,2,2,0.00915150,True
50,72,198,False,0.70000,0.132415,0.26000,-0.322768,True,P_multi,0.98000,-0.003344,2,2,0.01056334,True
50,73,200,False,0.98000,0.423785,0.54000,-0.100267,True,P_multi,0.92000,-0.003588,3,3,0.00712092,True
50,74,203,False,0.80000,0.200921,0.62000,0.007264,False,no_switch,0.68000,-0.005537,1,3,0.02448515,True
50,75,206,False,0.90000,0.320773,0.46000,-0.176006,True,P_multi,0.74000,-0.007122,2,2,0.01491772,True
50,76,208,False,0.72000,0.117478,0.32000,-0.295602,True,P_multi,0.60000,-0.004129,2,2,0.02644373,True
50,77,210,False,0.84000,0.270706,0.52000,-0.101920,True,P2_new,0.92000,-0.001714,3,4,0.01114836,True
50,78,214,False,0.96000,0.405162,0.42000,-0.223756,True,P_multi,0.10000,-0.000883,4,4,0.00675539,True
50,79,218,False,0.78000,0.198976,0.36000,-0.231518,True,P_multi,0.88000,-0.001158,2,2,0.01566871,True
50,80,220,False,0.92000,0.353056,0.54000,-0.090421,True,P_multi,0.98000,-0.004436,3,3,0.01034854,True
50,81,223,False,0.74000,0.148908,0.44000,-0.155346,True,P_multi,0.80000,-0.002642,2,2,0.02029233,True
50,82,225,False,0.88000,0.315516,0.32000,-0.298636,True,P2_new,0.10000,-0.003621,2,4,0.00954767,True
50,83,229,False,0.82000,0.267177,0.48000,-0.126427,True,P_multi,0.98000,-0.000834,3,3,0.00623984,True
50,84,232,False,0.98000,0.431334,0.58000,-0.056382,True,P_multi,0.02000,-0.006268,2,2,0.00524758,True
50,85,234,False,0.70000,0.086674,0.36000,-0.266018,True,P1,0.38000,-0.000471,2,2,0.03321350,True
50,86,236,False,0.86000,0.280046,0.46000,-0.169820,True,P_multi,0.80000,-0.000214,3,3,0.01521904,True
50,87,239,False,0.76000,0.177594,0.54000,-0.053730,True,P2_new,0.68000,-0.001990,3,3,0.01626171,True
50,88,242,False,0.94000,0.382154,0.62000,-0.002172,True,P2_new,0.02000,-0.007515,3,3,0.00756777,True
50,89,245,False,0.80000,0.220586,0.24000,-0.367182,True,P2_new,0.74000,-0.002256,2,2,0.01499468,True
50,90,247,False,0.68000,0.104343,0.44000,-0.137305,True,P2_new,0.56000,-0.002136,2,2,0.01348898,True
50,91,249,False,0.90000,0.351746,0.32000,-0.294056,True,P2_new,0.08000,-0.000847,4,4,0.00515433,True
50,92,253,False,0.98000,0.437104,0.50000,-0.134703,True,P_multi,0.84000,-0.001010,2,2,0.00402556,True
50,93,255,False,0.74000,0.123184,0.36000,-0.264567,True,P_multi,0.28000,-0.012903,2,2,0.03561219,True
50,94,257,False,0.84000,0.247652,0.54000,-0.086724,True,P2_new,0.66000,-0.002552,3,5,0.02092029,True
50,95,262,False,0.92000,0.359018,0.60000,-0.018999,True,P_multi,0.08000,-0.005319,3,3,0.00847074,True
50,96,265,False,0.78000,0.201384,0.46000,-0.143763,True,P_multi,0.68000,-0.007497,3,3,0.01466728,True
50,97,268,False,0.88000,0.330090,0.56000,-0.049527,True,P2_new,0.96000,-0.000499,3,3,0.00553449,True
50,98,271,False,0.96000,0.415687,0.66000,0.025344,True,P2_new,0.72000,-0.000126,1,3,0.00430925,True
50,99,274,False,0.76000,0.163620,0.26000,-0.359818,True,P2_new,0.20000,-0.002550,3,3,0.02301459,True
50,100,277,False,0.84000,0.278820,0.36000,-0.247512,True,P_multi,0.10000,-0.003135,2,2,0.00852981,True
50,101,279,False,0.68000,0.116849,0.18000,-0.402805,True,P2_new,0.12000,-0.000878,2,2,0.00912919,True
50,102,281,False,0.94000,0.403156,0.48000,-0.149528,True,P_multi,0.02000,-0.003206,2,4,0.00293088,True
50,103,285,False,0.82000,0.259602,0.40000,-0.195706,True,P_multi,0.98000,-0.006170,3,3,0.00829828,True
50,104,288,False,0.90000,0.367856,0.56000,-0.058053,True,P_multi,0.98000,-0.000216,3,5,0.00220840,True
50,105,293,False,0.98000,0.451695,0.60000,-0.030329,True,P2_new,0.06000,-0.000417,3,3,0.00169847,True
50,106,296,False,0.78000,0.183836,0.48000,-0.130258,True,P_multi,0.14000,-0.013200,3,3,0.02289913,True
50,107,299,False,0.86000,0.291518,0.64000,0.030899,True,P2_new,0.74000,-0.004892,1,1,0.01086824,True
50,108,300,False,0.64000,0.030899,0.36000,-0.249628,True,P_multi,0.54000,-0.000368,3,3,0.03045057,True
50,109,303,False,0.92000,0.377920,0.52000,-0.105670,True,P_multi,0.80000,-0.001027,2,2,0.00386686,True
50,110,305,False,0.70000,0.103346,0.28000,-0.332136,True,P1,0.26000,-0.002690,2,2,0.02316142,True
50,111,307,False,0.80000,0.241047,0.42000,-0.188359,True,P_multi,0.06000,-0.006119,3,3,0.00788014,True
50,112,310,False,0.96000,0.437148,0.58000,-0.055190,True,P_multi,0.88000,-0.002332,3,3,0.00109448,True
50,113,313,False,0.74000,0.149392,0.48000,-0.113693,True,P2_new,0.82000,-0.003776,3,3,0.02005365,True
50,114,316,False,0.88000,0.324043,0.62000,0.013962,True,P2_new,0.98000,-0.006641,1,3,0.00705159,True
50,115,319,False,0.82000,0.272069,0.44000,-0.164131,True,P_multi,0.72000,-0.002874,3,3,0.00508198,True
50,116,322,True,0.68000,0.161251,0.24000,-0.288288,True,P_multi,0.98000,-0.000648,2,2,0.00073044,True
100,0,8,False,0.80000,0.119849,0.61000,-0.074281,False,no_switch,0.74000,-0.002688,3,3,0.10146845,False
100,1,11,False,0.83000,0.163486,0.68000,0.008433,False,no_switch,0.79000,-0.003158,1,3,0.08314302,False
100,2,14,False,0.86000,0.204000,0.52000,-0.154113,True,P2_new,0.82000,-0.002599,2,2,0.07074376,False
100,3,16,False,0.74000,0.083723,0.40000,-0.261218,True,P_multi,0.66000,-0.003182,2,2,0.07105318,False
100,4,18,False,0.88000,0.235307,0.58000,-0.088157,True,P2_new,0.85000,-0.001793,3,3,0.05892432,False
100,5,21,False,0.79000,0.147879,0.48000,-0.168674,True,P2_new,0.72000,-0.002538,2,2,0.05643900,False
100,6,23,False,0.90000,0.265855,0.63000,-0.033456,True,P2_new,0.85000,-0.003008,3,5,0.04918549,True
100,7,28,False,0.91000,0.284078,0.54000,-0.119387,True,P_multi,0.85000,-0.000882,2,2,0.04238763,True
100,8,30,False,0.77000,0.133924,0.42000,-0.232706,True,P_multi,0.67000,-0.000275,2,2,0.05088090,True
100,9,32,False,0.84000,0.216360,0.50000,-0.150240,True,P_multi,0.66000,-0.000445,3,3,0.04061741,True
100,10,35,False,0.93000,0.313349,0.64000,-0.019054,True,P2_new,0.68000,-0.001139,3,6,0.03549634,True
100,11,41,False,0.89000,0.278534,0.46000,-0.175932,True,P_multi,0.92000,-0.000435,2,2,0.03197810,True
100,12,43,False,0.81000,0.192749,0.34000,-0.295778,True,P_multi,0.69000,-0.001668,2,3,0.03591873,True
100,13,46,False,0.94000,0.334488,0.51000,-0.149421,True,P_multi,0.20000,-0.002610,3,3,0.02822056,True
100,14,49,False,0.75000,0.127758,0.59000,-0.034061,False,no_switch,0.72000,-0.000865,3,3,0.03955715,True
100,15,52,False,0.87000,0.267346,0.43000,-0.205225,True,P_multi,0.92000,-0.000559,2,2,0.02652044,True
100,16,54,False,0.70000,0.094365,0.33000,-0.277435,True,P_multi,0.66000,-0.000980,2,2,0.02829560,True
100,17,56,False,0.95000,0.351503,0.54000,-0.106450,True,P2_new,0.85000,-0.006917,2,2,0.02416360,True
100,18,58,False,0.78000,0.157912,0.39000,-0.253158,True,P_multi,0.65000,-0.001688,2,4,0.03944178,True
100,19,62,False,0.92000,0.321740,0.49000,-0.148682,True,P_multi,0.85000,-0.001227,2,2,0.02403303,True
100,20,64,False,0.73000,0.115077,0.32000,-0.305152,True,P_multi,0.82000,-0.000077,2,2,0.03429752,True
100,21,66,False,0.84000,0.238373,0.56000,-0.070401,True,P2_new,0.96000,-0.005012,3,3,0.02592543,True
100,22,69,False,0.96000,0.369078,0.46000,-0.188220,True,P_multi,0.90000,-0.002559,2,4,0.02020857,True
100,23,73,False,0.81000,0.200378,0.59000,-0.032829,True,P2_new,0.85000,-0.001020,3,3,0.03078324,True
100,24,76,False,0.89000,0.294712,0.48000,-0.155635,True,P2_new,0.77000,-0.006160,2,2,0.02243545,True
100,25,78,False,0.72000,0.111507,0.32000,-0.300461,True,P_multi,0.66000,-0.001487,2,2,0.03006531,True
100,26,80,False,0.94000,0.354660,0.54000,-0.106506,True,P2_new,0.86000,-0.001101,2,2,0.01756367,True
100,27,82,False,0.65000,0.029330,0.27000,-0.353630,True,P_multi,0.39000,-0.000110,2,2,0.03838670,True
100,28,84,False,0.83000,0.229985,0.42000,-0.209607,True,P_multi,0.80000,-0.000312,2,2,0.02500862,True
100,29,86,False,0.76000,0.166029,0.34000,-0.273507,True,P_multi,0.71000,-0.001968,2,2,0.02174840,True
100,30,88,False,0.97000,0.387784,0.57000,-0.082660,True,P2_new,0.91000,-0.001993,3,3,0.01617947,True
100,31,91,False,0.79000,0.179774,0.28000,-0.350418,True,P2_new,0.71000,-0.000503,2,3,0.03117117,True
100,32,94,False,0.88000,0.285514,0.40000,-0.245819,True,P_multi,0.19000,-0.000170,4,4,0.02201575,True
100,33,98,False,0.91000,0.325647,0.50000,-0.134697,True,P_multi,0.95000,-0.001158,2,2,0.01711908,True
100,34,100,False,0.73000,0.120165,0.33000,-0.293849,True,P1,0.32000,-0.006246,2,2,0.03091936,True
100,35,102,False,0.85000,0.268034,0.45000,-0.177145,True,P_multi,0.82000,-0.000216,2,2,0.01607163,True
100,36,104,False,0.64000,0.045160,0.22000,-0.379515,True,P_multi,0.18000,-0.001906,2,2,0.02220031,True
100,37,106,False,0.97000,0.393837,0.54000,-0.100972,True,P_multi,0.81000,-0.008506,2,2,0.01368649,True
100,38,108,False,0.75000,0.132684,0.36000,-0.277413,True,P_multi,0.71000,-0.000451,2,2,0.03596472,True
100,39,110,False,0.81000,0.215077,0.47000,-0.158534,True,P_multi,0.69000,-0.000916,3,3,0.02224374,True
100,40,113,False,0.93000,0.347867,0.61000,-0.030793,True,P2_new,0.90000,-0.001029,3,3,0.01614359,True
100,41,116,False,0.71000,0.109792,0.27000,-0.331402,True,P_multi,0.77000,-0.001160,2,2,0.02511745,True
100,42,118,False,0.87000,0.287747,0.52000,-0.106054,True,P2_new,0.95000,-0.002751,3,3,0.01619517,True
100,43,121,False,0.78000,0.200496,0.43000,-0.173139,True,P_multi,0.82000,-0.001703,2,2,0.01503178,True
100,44,123,False,0.96000,0.388196,0.58000,-0.063570,True,P2_new,0.92000,-0.003185,3,5,0.01204078,True
100,45,128,False,0.84000,0.255026,0.48000,-0.141098,True,P_multi,0.89000,-0.000701,2,2,0.01739775,True
100,46,130,False,0.65000,0.071544,0.27000,-0.317156,True,P_multi,0.74000,-0.000590,2,2,0.01460198,True
100,47,132,False,0.92000,0.350463,0.42000,-0.202883,True,P_multi,0.98000,-0.000046,2,2,0.01123299,True
100,48,134,False,0.74000,0.144162,0.34000,-0.264452,True,P_multi,0.62000,-0.004825,2,2,0.02272576,True
100,49,136,False,0.98000,0.411323,0.56000,-0.091547,True,P_multi,0.89000,-0.001016,2,2,0.01093494,True
100,50,138,False,0.67000,0.046011,0.29000,-0.339122,True,P_multi,0.63000,-0.000126,2,2,0.04088500,True
100,51,140,False,0.82000,0.214238,0.46000,-0.172237,True,P2_new,0.50000,-0.011350,3,3,0.02837281,True
100,52,143,False,0.89000,0.299756,0.59000,-0.044375,True,P2_new,0.77000,-0.001935,3,3,0.01987506,True
100,53,146,False,0.77000,0.174438,0.26000,-0.343876,True,P2_new,0.90000,-0.008100,2,2,0.02257950,True
100,54,148,False,0.70000,0.124790,0.49000,-0.091231,True,P2_new,0.64000,-0.000274,2,2,0.01331615,True
100,55,150,False,0.95000,0.378425,0.40000,-0.231955,True,P2_new,0.11000,-0.004819,2,4,0.01195786,True
100,56,154,False,0.86000,0.272123,0.53000,-0.088390,True,P_multi,0.05000,-0.017637,3,3,0.01873815,True
100,57,157,False,0.80000,0.223187,0.44000,-0.151540,True,P_multi,0.76000,-0.001325,2,2,0.01394221,True
100,58,159,False,0.98000,0.415504,0.60000,-0.043421,True,P2_new,0.93000,-0.000213,3,5,0.00955159,True
100,59,164,False,0.88000,0.286982,0.50000,-0.138424,True,P_multi,0.85000,-0.000565,2,2,0.02125955,True
100,60,166,False,0.67000,0.060968,0.30000,-0.311013,True,P_multi,0.75000,-0.003205,2,2,0.03040683,True
100,61,168,False,0.91000,0.329232,0.46000,-0.174767,True,P_multi,0.83000,-0.000442,2,2,0.01556049,True
100,62,170,False,0.76000,0.151885,0.37000,-0.253569,True,P_multi,0.72000,-0.000883,2,4,0.02982752,True
100,63,174,False,0.94000,0.370360,0.54000,-0.091407,True,P_multi,0.84000,-0.000969,2,2,0.01126911,True
100,64,176,False,0.79000,0.185114,0.33000,-0.305614,True,P_multi,0.29000,-0.000575,2,2,0.02784280,True
100,65,178,False,0.69000,0.093966,0.42000,-0.182156,True,P2_new,0.66000,-0.000146,2,2,0.02282984,True
100,66,180,False,0.85000,0.281172,0.25000,-0.367432,True,P2_new,0.13000,-0.000523,3,3,0.01098707,True
100,67,183,False,0.97000,0.408641,0.47000,-0.173585,True,P_multi,0.12000,-0.000447,2,2,0.00858309,True
100,68,185,False,0.72000,0.103929,0.31000,-0.317924,True,P_multi,0.66000,-0.000963,2,2,0.03509092,True
100,69,187,False,0.82000,0.229092,0.52000,-0.105705,True,P2_new,0.87000,-0.001697,3,3,0.02020146,True
100,70,190,False,0.90000,0.325360,0.61000,-0.021721,True,P2_new,0.66000,-0.002419,3,3,0.01309728,True
100,71,193,False,0.75000,0.166426,0.27000,-0.334596,True,P2_new,0.71000,-0.001290,2,2,0.01677295,True
100,72,195,False,0.93000,0.370282,0.49000,-0.149361,True,P_multi,0.98000,-0.000745,2,4,0.00809998,True
100,73,199,False,0.83000,0.257039,0.44000,-0.173051,True,P_multi,0.74000,-0.004735,3,3,0.01246575,True
100,74,202,False,0.98000,0.424410,0.58000,-0.065360,True,P2_new,0.71000,-0.000271,2,2,0.00695366,True
100,75,204,False,0.70000,0.077096,0.36000,-0.271739,True,P1,0.37000,-0.002862,2,2,0.04005719,True
100,76,206,False,0.79000,0.194200,0.47000,-0.150701,True,P2_new,0.86000,-0.001210,3,3,0.02270549,True
100,77,209,False,0.88000,0.301241,0.55000,-0.071747,True,P2_new,0.77000,-0.008067,3,3,0.01472562,True
100,78,212,False,0.74000,0.165726,0.15000,-0.426330,True,P2_new,0.69000,-0.002038,2,2,0.01295802,True
100,79,214,False,0.95000,0.387524,0.50000,-0.140610,True,P_multi,0.92000,-0.000654,2,4,0.00892109,True
100,80,218,False,0.84000,0.256309,0.42000,-0.194887,True,P_multi,0.73000,-0.007234,2,2,0.01682455,True
100,81,220,False,0.71000,0.129071,0.23000,-0.370009,True,P2_new,0.76000,-0.000953,2,2,0.01562851,True
100,82,222,False,0.92000,0.360043,0.53000,-0.102720,True,P2_new,0.96000,-0.001497,3,3,0.00816942,True
100,83,225,False,0.77000,0.187439,0.59000,-0.004839,False,no_switch,0.68000,-0.003040,3,3,0.01632903,True
100,84,228,False,0.99000,0.436720,0.45000,-0.193831,True,P_multi,0.89000,-0.001806,2,4,0.00635466,True
100,85,232,False,0.86000,0.261055,0.54000,-0.087939,True,P2_new,0.82000,-0.000466,3,3,0.02441100,True
100,86,235,False,0.80000,0.207959,0.42000,-0.188687,True,P_multi,0.76000,-0.001178,2,2,0.02076591,True
100,87,237,False,0.72000,0.144379,0.19000,-0.401913,True,P2_new,0.65000,-0.000114,2,2,0.01347501,True
100,88,239,False,0.91000,0.340969,0.50000,-0.132279,True,P_multi,0.94000,-0.000170,2,2,0.01105703,True
100,89,241,False,0.63000,0.030284,0.30000,-0.301186,True,P1,0.32000,-0.001741,2,2,0.02484034,True
100,90,243,False,0.96000,0.395812,0.56000,-0.074034,True,P2_new,0.89000,-0.001502,3,3,0.00945388,True
100,91,246,False,0.78000,0.176944,0.23000,-0.378519,True,P2_new,0.81000,-0.000206,2,4,0.02675579,True
100,92,250,False,0.89000,0.315498,0.33000,-0.287400,True,P2_new,0.10000,-0.007642,2,4,0.01304487,True
100,93,254,False,0.83000,0.262059,0.48000,-0.121668,True,P2_new,0.94000,-0.002466,2,2,0.01068373,True
100,94,256,False,0.94000,0.384214,0.39000,-0.246562,True,P2_new,0.97000,-0.000180,2,4,0.00700581,True
100,95,260,False,0.76000,0.177558,0.52000,-0.079527,True,P2_new,0.79000,-0.000919,3,3,0.01627731,True
100,96,263,False,0.98000,0.427739,0.58000,-0.055616,True,P2_new,0.87000,-0.000578,3,3,0.00610002,True
100,97,266,False,0.81000,0.206804,0.45000,-0.168837,True,P_multi,0.84000,-0.000557,2,2,0.02683782,True
100,98,268,False,0.71000,0.117654,0.24000,-0.365483,True,P2_new,0.87000,-0.001814,2,2,0.02091892,True
100,99,270,False,0.88000,0.300841,0.53000,-0.095639,True,P2_new,0.99000,-0.009156,3,3,0.01488947,True
100,100,273,False,0.85000,0.281371,0.62000,0.005624,True,P2_new,0.75000,-0.000197,1,4,0.01091849,True
100,101,277,False,0.93000,0.373445,0.56000,-0.063884,True,P2_new,0.99000,-0.001576,2,2,0.00721267,True
100,102,279,False,0.73000,0.128480,0.29000,-0.331608,True,P_multi,0.70000,-0.000881,3,3,0.02586411,True
100,103,282,False,0.97000,0.418355,0.65000,0.017563,True,P2_new,0.90000,-0.000888,1,3,0.00594888,True
100,104,285,False,0.79000,0.186087,0.44000,-0.180519,True,P_multi,0.18000,-0.011777,3,3,0.02726170,True
100,105,288,False,0.87000,0.291172,0.58000,-0.043200,True,P2_new,0.84000,-0.000253,3,3,0.01475378,True
100,106,291,False,0.75000,0.172855,0.49000,-0.095313,True,P2_new,0.72000,-0.000533,3,3,0.01407408,True
100,107,294,False,0.92000,0.366652,0.63000,0.014613,True,P2_new,0.95000,-0.000285,1,3,0.00637197,True
100,108,297,False,0.82000,0.251969,0.43000,-0.180041,True,P2_new,0.78000,-0.001465,3,3,0.01071419,True
100,109,300,False,0.99000,0.441097,0.59000,-0.052594,True,P2_new,0.70000,-0.000798,2,2,0.00530157,True
100,110,302,False,0.70000,0.076837,0.33000,-0.300788,True,P1,0.33000,-0.004466,2,2,0.04025371,True
100,111,304,False,0.78000,0.186509,0.47000,-0.150609,True,P2_new,0.84000,-0.000138,3,3,0.02150167,True
100,112,307,False,0.90000,0.321073,0.55000,-0.077992,True,P_multi,0.74000,-0.010381,3,3,0.01479434,True
100,113,310,False,0.73000,0.147744,0.40000,-0.183025,True,P_multi,0.84000,-0.000398,2,2,0.01619677,True
100,114,312,False,0.95000,0.384974,0.61000,-0.022287,True,P2_new,0.86000,-0.000681,3,3,0.00972094,True
100,115,315,False,0.83000,0.231740,0.49000,-0.139907,True,P_multi,0.77000,-0.002204,2,2,0.02403303,True
100,116,317,False,0.68000,0.084637,0.32000,-0.286800,True,P_multi,0.74000,-0.002479,2,2,0.02247472,True
100,117,319,False,0.88000,0.312253,0.44000,-0.181386,True,P_multi,0.91000,-0.001046,3,3,0.01061808,True
100,118,322,False,0.76000,0.184123,0.56000,-0.029461,False,no_switch,0.66000,-0.003317,3,3,0.01357451,True
100,119,325,False,0.96000,0.408179,0.63000,0.004621,True,P2_new,0.86000,-0.006049,1,3,0.00599185,True
100,120,328,False,0.80000,0.213766,0.47000,-0.143412,True,P2_new,0.84000,-0.000634,3,3,0.01797238,True
100,121,331,False,0.91000,0.346887,0.58000,-0.044653,True,P2_new,0.86000,-0.000228,3,5,0.00911720,True
100,122,336,False,0.86000,0.305988,0.25000,-0.355329,True,P2_new,0.99000,-0.001775,2,4,0.00654123,True
100,123,340,False,0.99000,0.443733,0.51000,-0.136046,True,P_multi,0.94000,-0.002065,2,2,0.00471790,True
100,124,342,False,0.75000,0.134585,0.36000,-0.274848,True,P_multi,0.70000,-0.000475,2,4,0.03463624,True
100,125,346,False,0.84000,0.261617,0.45000,-0.157817,True,P_multi,0.89000,-0.000237,2,2,0.01457212,True
100,126,348,False,0.93000,0.359468,0.54000,-0.096518,True,P2_new,0.90000,-0.001105,3,5,0.01158370,True
100,127,353,False,0.81000,0.237623,0.22000,-0.379111,True,P2_new,0.87000,-0.000644,2,3,0.01225013,True
100,128,356,False,0.94000,0.384312,0.47000,-0.168831,True,P_multi,0.97000,-0.000126,3,3,0.00697958,True
100,129,359,False,0.77000,0.182166,0.56000,-0.037893,True,P2_new,0.70000,-0.002276,3,3,0.01871758,True
100,130,362,False,0.89000,0.327814,0.42000,-0.199800,True,P_multi,0.97000,-0.002737,2,2,0.00883267,True
100,131,364,False,0.68000,0.090775,0.26000,-0.331025,True,P_multi,0.78000,-0.006415,2,2,0.01938048,True
100,132,366,False,0.97000,0.419937,0.52000,-0.119059,True,P_multi,0.85000,-0.001632,2,2,0.00557043,True
100,133,368,False,0.73000,0.117544,0.35000,-0.277908,True,P_multi,0.78000,-0.001650,2,2,0.03263211,True
100,134,370,False,0.83000,0.240540,0.46000,-0.166430,True,P2_new,0.62000,-0.002975,3,4,0.01949422,True
100,135,374,False,0.90000,0.339634,0.39000,-0.239269,True,P_multi,0.95000,-0.002448,4,4,0.00828885,True
100,136,378,False,0.79000,0.227778,0.31000,-0.280826,True,P_multi,0.85000,-0.001355,2,2,0.00884372,True
100,137,380,False,0.98000,0.434015,0.53000,-0.113515,True,P_multi,0.87000,-0.002722,2,2,0.00465769,True
100,138,382,False,0.70000,0.082183,0.36000,-0.264247,True,P_multi,0.43000,-0.005360,2,2,0.03632007,True
100,139,384,False,0.85000,0.260994,0.47000,-0.159915,True,P_multi,0.82000,-0.001202,3,3,0.01927543,True
100,140,387,False,0.75000,0.167445,0.58000,-0.009263,False,no_switch,0.67000,-0.001600,3,3,0.01632626,True
100,141,390,False,0.92000,0.359043,0.43000,-0.188178,True,P_multi,0.03000,-0.008113,2,4,0.00846326,True
100,142,394,False,0.87000,0.308658,0.50000,-0.119159,True,P2_new,0.82000,-0.000473,3,3,0.00857800,True
100,143,397,False,0.78000,0.221550,0.60000,0.023878,False,no_switch,0.74000,-0.001472,1,1,0.00773742,True
100,144,398,False,0.60000,0.023878,0.21000,-0.370042,True,P1,0.23000,-0.000208,2,2,0.01367036,True
100,145,400,False,0.96000,0.414910,0.44000,-0.189651,True,P2_new,0.99000,-0.000632,2,2,0.00446922,True
100,146,402,False,0.71000,0.110393,0.30000,-0.306814,True,P_multi,0.66000,-0.001289,2,2,0.02477933,True
100,147,404,False,0.82000,0.251810,0.53000,-0.082762,True,P2_new,0.88000,-0.001691,3,3,0.01076834,True
100,148,407,False,0.93000,0.384378,0.41000,-0.220964,True,P_multi,0.99000,-0.000846,2,4,0.00458066,True
100,149,411,False,0.76000,0.195235,0.48000,-0.105317,True,P2_new,0.80000,-0.000276,3,3,0.00963747,True
100,150,414,False,0.99000,0.449110,0.58000,-0.055203,True,P2_new,0.89000,-0.000842,3,3,0.00364177,True
100,151,417,False,0.84000,0.239084,0.51000,-0.112460,True,P2_new,0.81000,-0.000425,2,2,0.02551856,True
100,152,419,False,0.70000,0.099610,0.25000,-0.365212,True,P1,0.23000,-0.001317,2,2,0.02521993,True
100,153,421,False,0.89000,0.311563,0.43000,-0.201868,True,P_multi,0.80000,-0.003749,2,4,0.01459421,True
100,154,425,False,0.80000,0.228860,0.37000,-0.232364,True,P_multi,0.86000,-0.001978,2,2,0.01180079,True
100,155,427,False,0.95000,0.392750,0.55000,-0.090529,True,P_multi,0.91000,-0.001002,3,5,0.00740282,True
100,156,432,False,0.86000,0.288540,0.26000,-0.357800,True,P2_new,0.90000,-0.001285,2,4,0.01191608,True
100,157,436,False,0.91000,0.357158,0.50000,-0.132629,True,P_multi,0.97000,-0.001710,3,3,0.00624440,True
100,158,439,False,0.77000,0.189574,0.59000,0.000458,False,no_switch,0.72000,-0.001637,1,3,0.01541644,True
100,159,442,False,0.98000,0.438309,0.44000,-0.195813,True,P_multi,0.01000,-0.003725,2,4,0.00379242,True
100,160,446,False,0.82000,0.230377,0.53000,-0.086828,True,P2_new,0.63000,-0.010455,3,3,0.01957296,True
100,161,449,False,0.88000,0.311640,0.41000,-0.211817,True,P_multi,0.92000,-0.001272,2,4,0.01082647,True
100,162,453,False,0.94000,0.385577,0.56000,-0.072647,True,P2_new,0.79000,-0.000816,2,2,0.00664722,True
100,163,455,False,0.74000,0.132971,0.35000,-0.279401,True,P1,0.35000,-0.000302,3,3,0.02915040,True
100,164,458,False,0.80000,0.228946,0.48000,-0.126684,True,P2_new,0.83000,-0.000137,3,3,0.01176978,True
100,165,461,False,0.92000,0.377496,0.61000,-0.013279,True,P2_new,0.97000,-0.000139,3,3,0.00394895,True
100,166,464,False,0.72000,0.152605,0.20000,-0.384709,True,P2_new,0.76000,-0.000111,2,2,0.01049927,True
100,167,466,False,0.85000,0.308658,0.50000,-0.111692,True,P2_new,0.97000,-0.000578,3,3,0.00372636,True
100,168,469,False,0.99000,0.453705,0.59000,-0.047995,True,P2_new,0.02000,-0.002717,3,3,0.00284094,True
100,169,472,False,0.77000,0.168596,0.25000,-0.360595,True,P2_new,0.71000,-0.002444,2,4,0.02579734,True
100,170,476,False,0.89000,0.320184,0.47000,-0.159383,True,P_multi,0.84000,-0.002364,2,2,0.01133052,True
100,171,478,False,0.63000,0.044285,0.31000,-0.279402,True,P_multi,0.70000,-0.000596,2,2,0.01773447,True
100,172,480,False,0.96000,0.404098,0.53000,-0.100707,True,P_multi,0.83000,-0.000087,2,2,0.00703692,True
100,173,482,False,0.75000,0.140461,0.36000,-0.268503,True,P_multi,0.79000,-0.000176,2,2,0.03072991,True
100,174,484,False,0.83000,0.239995,0.44000,-0.185848,True,P_multi,0.18000,-0.003634,3,4,0.01975876,True
100,175,488,False,0.91000,0.349747,0.50000,-0.135780,True,P_multi,0.87000,-0.000661,3,3,0.00825577,True
100,176,491,False,0.79000,0.211018,0.58000,-0.025966,True,P2_new,0.73000,-0.000853,3,3,0.01481680,True
100,177,494,False,0.97000,0.424984,0.43000,-0.208805,True,P2_new,0.87000,-0.001199,2,4,0.00445390,True
100,178,498,False,0.85000,0.262555,0.54000,-0.080208,True,P2_new,0.82000,-0.000526,3,3,0.01853490,True
100,179,501,False,0.74000,0.159521,0.39000,-0.199343,True,P_multi,0.80000,-0.002189,2,2,0.01543875,True
100,180,503,False,0.93000,0.373226,0.60000,-0.027306,True,P2_new,0.90000,-0.000381,3,3,0.00727229,True
100,181,506,False,0.81000,0.227126,0.47000,-0.147976,True,P_multi,0.78000,-0.000147,3,5,0.01646510,True
100,182,511,False,0.90000,0.361073,0.53000,-0.079005,True,P2_new,0.95000,-0.000174,3,3,0.00328641,True
100,183,514,False,0.77000,0.222725,0.41000,-0.168075,True,P2_new,0.82000,-0.001556,2,2,0.00493659,True
100,184,516,False,0.99000,0.458250,0.61000,-0.028695,True,P2_new,0.06000,-0.000062,3,3,0.00215280,True
100,185,519,False,0.72000,0.123533,0.46000,-0.141291,True,P2_new,0.69000,-0.000623,2,2,0.02306106,True
100,186,521,False,0.87000,0.289915,0.27000,-0.353205,True,P2_new,0.15000,-0.002881,2,4,0.01527341,True
100,187,525,False,0.83000,0.267247,0.49000,-0.123803,True,P2_new,0.94000,-0.000628,3,3,0.00900610,True
100,188,528,False,0.95000,0.393679,0.58000,-0.048335,True,P2_new,0.02000,-0.006929,3,3,0.00714956,True
100,189,531,False,0.75000,0.155705,0.42000,-0.181358,True,P_multi,0.55000,-0.015805,2,2,0.02191627,True
100,190,533,False,0.88000,0.316832,0.53000,-0.091317,True,P2_new,0.80000,-0.001495,3,5,0.00913449,True
100,191,538,False,0.94000,0.396275,0.60000,-0.021536,True,P2_new,0.84000,-0.003372,3,3,0.00419028,True
100,192,541,False,0.80000,0.217039,0.26000,-0.347726,True,P2_new,0.13000,-0.007058,2,4,0.01650324,True
100,193,545,False,0.97000,0.432910,0.48000,-0.161457,True,P_multi,0.91000,-0.000197,2,2,0.00297172,True
100,194,547,False,0.73000,0.121941,0.35000,-0.272938,True,P_multi,0.76000,-0.000484,2,2,0.02979223,True
100,195,549,False,0.84000,0.255113,0.54000,-0.087735,True,P2_new,0.79000,-0.002635,3,3,0.01735856,True
100,196,552,False,0.77000,0.205646,0.42000,-0.179137,True,P_multi,0.89000,-0.000274,2,2,0.00950657,True
100,197,554,False,0.91000,0.356152,0.58000,-0.046809,True,P2_new,0.11000,-0.000268,3,3,0.00649913,True
100,198,557,False,0.68000,0.109930,0.16000,-0.419970,True,P2_new,0.79000,-0.003690,2,2,0.01142009,True
100,199,559,False,0.87000,0.335432,0.46000,-0.158409,True,P_multi,0.98000,-0.000430,3,3,0.00256734,True
100,200,562,False,0.98000,0.449539,0.61000,-0.030246,True,P2_new,0.74000,-0.000173,3,3,0.00197613,True
100,201,565,False,0.75000,0.146507,0.51000,-0.097689,True,P2_new,0.78000,-0.000406,3,3,0.02701308,True
100,202,568,False,0.82000,0.248928,0.34000,-0.258601,True,P2_new,0.85000,-0.000512,2,4,0.01177639,True
100,203,572,False,0.92000,0.367880,0.47000,-0.156263,True,P_multi,0.01000,-0.007051,2,2,0.00606526,True
100,204,574,False,0.71000,0.124763,0.28000,-0.327856,True,P_multi,0.59000,-0.001212,2,2,0.01751702,True
100,205,576,False,0.86000,0.311607,0.54000,-0.079438,True,P2_new,0.89000,-0.000382,3,3,0.00518567,True
100,206,579,False,0.78000,0.242322,0.40000,-0.198128,True,P_multi,0.96000,-0.000717,3,3,0.00307061,True
100,207,582,False,0.96000,0.430596,0.59000,-0.043045,True,P2_new,0.99000,-0.000626,3,5,0.00183719,True
100,208,587,False,0.89000,0.337651,0.48000,-0.146211,True,P_multi,0.84000,-0.001034,2,2,0.00612187,True
100,209,589,False,0.63000,0.048719,0.26000,-0.326336,True,P2_new,0.74000,-0.000935,2,2,0.01577795,True
100,210,591,False,0.81000,0.269124,0.39000,-0.202068,True,P_multi,0.93000,-0.002547,3,3,0.00363926,True
100,211,594,False,0.99000,0.467631,0.55000,-0.087433,True,P_multi,0.94000,-0.001155,2,2,0.00104764,True
100,212,596,False,0.73000,0.117377,0.34000,-0.287563,True,P_multi,0.68000,-0.001604,2,2,0.03274338,True
100,213,598,False,0.84000,0.258098,0.46000,-0.170135,True,P2_new,0.65000,-0.000700,3,4,0.01604408,True
100,214,602,False,0.93000,0.368175,0.51000,-0.128523,True,P_multi,0.12000,-0.002830,3,3,0.00872328,True
100,215,605,False,0.76000,0.169662,0.41000,-0.189285,True,P_multi,0.65000,-0.005208,2,2,0.01992138,True
100,216,607,False,0.88000,0.319882,0.58000,-0.044471,True,P2_new,0.12000,-0.000123,3,3,0.00821614,True
100,217,610,False,0.70000,0.131152,0.36000,-0.219220,True,P_multi,0.66000,-0.001094,2,2,0.01099404,True
100,218,612,False,0.95000,0.410733,0.52000,-0.107465,True,P_multi,0.07000,-0.000986,3,3,0.00334655,True
100,219,615,False,0.79000,0.200487,0.44000,-0.166829,True,P2_new,0.75000,-0.001779,2,2,0.01951973,True
100,220,617,False,0.65000,0.079415,0.15000,-0.424312,True,P2_new,0.71000,-0.002134,2,2,0.01160256,True
100,221,619,False,0.90000,0.356207,0.38000,-0.237655,True,P2_new,0.86000,-0.000623,2,2,0.00420378,True
100,222,621,False,0.72000,0.140219,0.28000,-0.313953,True,P_multi,0.61000,-0.000136,2,4,0.01514671,True
100,223,625,False,0.98000,0.456589,0.48000,-0.147509,True,P_multi,0.94000,-0.001837,2,2,0.00114999,True
100,224,627,False,0.81000,0.207437,0.34000,-0.290231,True,P2_new,0.77000,-0.000313,2,4,0.02646733,True
100,225,631,False,0.85000,0.278372,0.45000,-0.164127,True,P_multi,0.91000,-0.003042,2,2,0.01197701,True
100,226,633,False,0.69000,0.114753,0.26000,-0.329935,True,P_multi,0.74000,-0.000098,2,2,0.01333044,True
100,227,635,False,0.92000,0.374134,0.53000,-0.096747,True,P_multi,0.03000,-0.004080,3,3,0.00463230,True
100,228,638,False,0.77000,0.196352,0.18000,-0.410616,True,P2_new,0.82000,-0.002796,2,4,0.01272182,True
100,229,642,False,0.96000,0.432947,0.43000,-0.202128,True,P_multi,0.99000,-0.001181,2,2,0.00154751,True
100,230,644,False,0.73000,0.130406,0.30000,-0.312957,True,P_multi,0.68000,-0.000755,2,2,0.02477204,True
100,231,646,False,0.83000,0.256519,0.51000,-0.111383,True,P2_new,0.86000,-0.000292,3,5,0.01265944,True
100,232,651,False,0.89000,0.353165,0.40000,-0.217756,True,P_multi,0.93000,-0.001006,2,4,0.00292949,True
100,233,655,False,0.99000,0.480330,0.48000,-0.149734,True,P_multi,0.94000,-0.000196,2,2,0.00019069,True
100,234,657,False,0.75000,0.136290,0.33000,-0.292902,True,P_multi,0.72000,-0.000746,2,2,0.03347237,True
100,235,659,False,0.80000,0.210284,0.54000,-0.077111,True,P2_new,0.68000,-0.000423,3,3,0.01961816,True
100,236,662,False,0.87000,0.302537,0.43000,-0.188364,True,P_multi,0.91000,-0.000450,2,4,0.01052233,True
100,237,666,False,0.94000,0.385661,0.51000,-0.124002,True,P_multi,0.84000,-0.004793,2,2,0.00662562,True
100,238,668,False,0.71000,0.105421,0.32000,-0.301530,True,P_multi,0.63000,-0.000618,2,2,0.02765840,True
100,239,670,False,0.82000,0.249555,0.41000,-0.207306,True,P_multi,0.79000,-0.000686,2,2,0.01155254,True
100,240,672,False,0.61000,0.032116,0.16000,-0.420428,True,P1,0.15000,-0.001665,2,2,0.01437040,True
100,241,674,False,0.91000,0.368155,0.47000,-0.147078,True,P_multi,0.95000,-0.001280,2,2,0.00382191,True
100,242,676,False,0.74000,0.161264,0.28000,-0.330608,True,P1,0.26000,-0.000365,2,2,0.01471606,True
100,243,678,False,0.57000,0.025447,0.09000,-0.455600,True,P_multi,0.63000,-0.000463,2,2,0.00435826,True
100,244,680,False,0.97000,0.442082,0.39000,-0.234713,True,P2_new,1.00000,-0.001651,2,4,0.00165100,True
100,245,684,False,0.84000,0.259537,0.50000,-0.117728,True,P2_new,0.81000,-0.000989,3,3,0.01543187,True
100,246,687,False,0.78000,0.219869,0.59000,0.014047,False,no_switch,0.88000,-0.001376,1,1,0.00822015,True
100,247,688,False,0.59000,0.014047,0.17000,-0.406467,True,P_multi,0.56000,-0.000455,2,2,0.01360434,True
100,248,690,False,0.93000,0.392307,0.43000,-0.194625,True,P_multi,0.90000,-0.000854,2,2,0.00307327,True
100,249,692,False,0.70000,0.112909,0.27000,-0.328388,True,P_multi,0.66000,-0.000074,2,2,0.01836906,True
100,250,694,True,0.86000,0.310314,0.52000,-0.097251,True,P2_new,0.83000,-0.001837,3,5,0.00548219,True
200,0,8,False,0.79500,0.114883,0.61000,-0.074087,False,no_switch,0.74000,-0.001478,3,3,0.10141926,False
200,1,11,False,0.83500,0.168460,0.67500,0.002717,False,no_switch,0.79000,-0.004439,1,3,0.08317565,False
200,2,14,False,0.86000,0.204027,0.52500,-0.148851,True,P2_new,0.82000,-0.001360,2,2,0.07071413,False
200,3,16,False,0.73500,0.078171,0.40000,-0.260877,True,P_multi,0.80000,-0.003326,2,2,0.07167044,False
200,4,18,False,0.88000,0.235328,0.57500,-0.092409,True,P2_new,0.85000,-0.001804,3,3,0.05890316,False
200,5,21,False,0.80500,0.162520,0.48500,-0.165257,True,P2_new,0.72500,-0.003263,2,2,0.05678183,False
200,6,23,False,0.90000,0.265931,0.63500,-0.029934,True,P2_new,0.69500,-0.000635,3,3,0.04912010,True
200,7,26,False,0.75000,0.112471,0.45000,-0.190051,True,P2_new,0.72500,-0.000261,2,2,0.05218118,True
200,8,28,False,0.91500,0.289480,0.56000,-0.099106,True,P2_new,0.87000,-0.001719,3,3,0.04207203,True
200,9,31,False,0.78500,0.152974,0.65500,0.018340,False,no_switch,0.82000,-0.000034,1,3,0.04737023,True
200,10,34,False,0.93000,0.312502,0.51000,-0.145055,True,P_multi,0.89000,-0.000578,2,2,0.03609312,True
200,11,36,False,0.71000,0.075381,0.31500,-0.325780,True,P2_new,0.82500,-0.002073,2,2,0.04959816,True
200,12,38,False,0.85000,0.227042,0.46500,-0.179425,True,P_multi,0.93500,-0.007161,2,4,0.04009846,True
200,13,42,False,0.94000,0.330688,0.55000,-0.095030,True,P2_new,0.89000,-0.000064,2,2,0.03058458,True
200,14,44,False,0.76500,0.133703,0.37000,-0.275935,True,P_multi,0.79000,-0.000611,2,2,0.04675544,True
200,15,46,False,0.83000,0.213355,0.48000,-0.161757,True,P2_new,0.87000,-0.000140,2,2,0.03549238,True
200,16,48,False,0.67500,0.059039,0.27000,-0.353715,True,P1,0.26000,-0.001250,2,2,0.03501461,True
200,17,50,False,0.90500,0.300916,0.53000,-0.110174,True,P2_new,0.94500,-0.001046,3,3,0.02736319,True
200,18,53,False,0.80000,0.196197,0.60500,-0.011071,False,no_switch,0.74500,-0.000503,3,3,0.02719623,True
200,19,56,False,0.95000,0.351728,0.45000,-0.196774,True,P2_new,0.89000,-0.003986,2,4,0.02403936,True
200,20,60,False,0.87000,0.262933,0.56500,-0.076021,True,P2_new,0.78000,-0.004410,3,3,0.02917352,True
200,21,63,False,0.75500,0.152399,0.47500,-0.134485,True,P2_new,0.69500,-0.001409,2,2,0.02648949,True
200,22,65,False,0.96000,0.367351,0.63000,-0.017122,True,P2_new,0.93500,-0.000617,3,3,0.02107256,True
200,23,68,False,0.81500,0.200236,0.51000,-0.126857,True,P2_new,0.73500,-0.002778,3,3,0.03418902,True
200,24,71,False,0.89000,0.289379,0.66000,0.021936,True,P2_new,0.86500,-0.001318,1,3,0.02535092,True
200,25,74,False,0.73500,0.134061,0.29000,-0.326755,True,P2_new,0.77000,-0.000326,2,2,0.02553173,True
200,26,76,False,0.92500,0.335375,0.54000,-0.106108,True,P2_new,0.95500,-0.000774,3,3,0.01957377,True
200,27,79,False,0.78500,0.182376,0.59500,-0.018709,False,no_switch,0.82500,-0.000866,3,3,0.02650330,True
200,28,82,False,0.96500,0.380295,0.47000,-0.176947,True,P_multi,0.86000,-0.001735,2,4,0.01727664,True
200,29,86,False,0.84500,0.236772,0.52500,-0.107240,True,P2_new,0.78000,-0.005505,3,3,0.02989800,True
200,30,89,False,0.76500,0.171323,0.42000,-0.182300,True,P2_new,0.87500,-0.000277,2,2,0.02159709,True
200,31,91,False,0.91000,0.323717,0.61000,-0.024602,True,P2_new,0.93500,-0.000276,3,3,0.01799501,True
200,32,94,False,0.71500,0.125095,0.19000,-0.405208,True,P2_new,0.82000,-0.000092,2,2,0.01970969,True
200,33,96,False,0.94500,0.364896,0.49500,-0.151719,True,P_multi,0.97000,-0.000204,2,4,0.01528147,True
200,34,100,False,0.83000,0.233169,0.44500,-0.172100,True,P_multi,0.85500,-0.000249,2,2,0.02325629,True
200,35,102,False,0.87500,0.291421,0.56000,-0.073031,True,P2_new,0.16500,-0.000117,3,3,0.01677499,True
200,36,105,False,0.74500,0.155337,0.38500,-0.216069,True,P_multi,0.71000,-0.001169,2,2,0.01959210,True
200,37,107,False,0.97500,0.399163,0.59500,-0.049662,True,P2_new,0.94000,-0.003491,3,3,0.01355921,True
200,38,110,False,0.79000,0.179646,0.48000,-0.146377,True,P2_new,0.70500,-0.001568,2,2,0.03125417,True
200,39,112,False,0.68500,0.089271,0.22000,-0.388982,True,P2_new,0.19000,-0.000686,2,2,0.02266803,True
200,40,114,False,0.90000,0.315658,0.42500,-0.207041,True,P_multi,0.87000,-0.001605,2,4,0.01711413,True
200,41,118,False,0.85500,0.276967,0.52000,-0.093869,True,P2_new,0.93500,-0.000527,3,3,0.01443059,True
200,42,121,False,0.95500,0.380510,0.58000,-0.058478,True,P2_new,0.76000,-0.001995,3,5,0.01304007,True
200,43,126,False,0.81500,0.229540,0.28500,-0.334478,True,P2_new,0.86500,-0.001781,2,4,0.01761819,True
200,44,130,False,0.93000,0.358831,0.50500,-0.130427,True,P_multi,0.97000,-0.000079,2,2,0.01181139,True
200,45,132,False,0.71500,0.113158,0.34500,-0.274438,True,P_multi,0.62000,-0.001596,2,2,0.02604961,True
200,46,134,False,0.87000,0.297701,0.46000,-0.167487,True,P_multi,0.97000,-0.001078,2,2,0.01222135,True
200,47,136,False,0.61500,0.021317,0.22000,-0.376925,True,P1,0.22000,-0.000289,2,2,0.02160019,True
200,48,138,False,0.98000,0.411620,0.54500,-0.093499,True,P2_new,0.92000,-0.004592,2,2,0.01083314,True
200,49,140,False,0.75000,0.130856,0.37000,-0.267294,True,P_multi,0.71000,-0.001840,2,2,0.03727228,True
200,50,142,False,0.82500,0.227365,0.43500,-0.196273,True,P_multi,0.68000,-0.002199,2,2,0.02369148,True
200,51,144,False,0.65500,0.055619,0.24000,-0.367541,True,P_multi,0.20000,-0.000887,2,2,0.02465316,True
200,52,146,False,0.91500,0.337081,0.51500,-0.117025,True,P2_new,0.80000,-0.007332,3,3,0.01438423,True
200,53,149,False,0.78000,0.189471,0.59000,-0.009127,False,no_switch,0.73500,-0.001192,3,3,0.02001473,True
200,54,152,False,0.97000,0.400372,0.45500,-0.186012,True,P2_new,0.89000,-0.001687,2,4,0.01126474,True
200,55,156,False,0.85000,0.251908,0.54000,-0.088396,True,P2_new,0.77500,-0.004834,3,3,0.02394110,True
200,56,159,False,0.76500,0.180090,0.41000,-0.188884,True,P2_new,0.79500,-0.000023,2,2,0.01736885,True
200,57,161,False,0.89500,0.319743,0.60500,-0.021647,True,P2_new,0.93500,-0.000189,3,3,0.01333403,True
200,58,164,False,0.72000,0.145448,0.18000,-0.409793,True,P2_new,0.68500,-0.000279,2,2,0.01306403,True
200,59,166,False,0.94500,0.377498,0.49000,-0.153796,True,P_multi,0.88500,-0.004394,2,4,0.01053538,True
200,60,170,False,0.83000,0.247831,0.43500,-0.176544,True,P_multi,0.86000,-0.000912,3,3,0.01615907,True
200,61,173,False,0.88000,0.317497,0.56500,-0.055820,True,P2_new,0.92000,-0.000161,3,3,0.00892950,True
200,62,176,False,0.74500,0.171727,0.39500,-0.183845,True,P2_new,0.71500,-0.000928,2,2,0.01258156,True
200,63,178,False,0.98500,0.423924,0.61500,-0.024294,True,P2_new,0.94000,-0.003040,3,3,0.00849867,True
200,64,181,False,0.79500,0.191067,0.50000,-0.124978,True,P2_new,0.70500,-0.001982,3,3,0.02727352,True
200,65,184,False,0.92000,0.339131,0.66000,0.024537,True,P2_new,0.86500,-0.000918,1,3,0.01560305,True
200,66,187,False,0.73000,0.134395,0.27500,-0.338503,True,P2_new,0.76000,-0.000137,2,2,0.02260262,True
200,67,189,False,0.86000,0.282119,0.53000,-0.099134,True,P2_new,0.88500,-0.001348,3,3,0.01436895,True
200,68,192,False,0.96000,0.392787,0.59500,-0.046440,True,P2_new,0.81000,-0.001768,3,3,0.01043837,True
200,69,195,False,0.77500,0.168766,0.25000,-0.371703,True,P2_new,0.80000,-0.000707,2,4,0.02866088,True
200,70,199,False,0.90000,0.326368,0.51500,-0.108435,True,P2_new,0.92500,-0.001050,3,3,0.01271595,True
200,71,202,False,0.81500,0.231926,0.57500,-0.033263,True,P2_new,0.75500,-0.002083,3,3,0.01655276,True
200,72,205,False,0.97500,0.414784,0.64000,0.001809,True,P2_new,0.94000,-0.000298,1,3,0.00824480,True
200,73,208,False,0.75000,0.145371,0.26000,-0.357419,True,P2_new,0.78000,-0.000911,2,2,0.02768865,True
200,74,210,False,0.85000,0.262360,0.49000,-0.142712,True,P2_new,0.90500,-0.002621,2,2,0.01862625,True
200,75,212,False,0.67000,0.077103,0.32000,-0.285313,True,P2_new,0.61500,-0.000406,2,2,0.02119810,True
200,76,214,False,0.93500,0.363344,0.54000,-0.093874,True,P2_new,0.89500,-0.002220,3,3,0.01198691,True
200,77,217,False,0.78500,0.189920,0.43000,-0.184184,True,P2_new,0.73500,-0.001025,2,2,0.02232598,True
200,78,219,False,0.70500,0.130781,0.18000,-0.409929,True,P2_new,0.87500,-0.000393,2,2,0.01293727,True
200,79,221,False,0.89000,0.325581,0.47500,-0.150811,True,P_multi,0.95000,-0.001348,2,2,0.00952714,True
200,80,223,False,0.61000,0.022035,0.28000,-0.308119,True,P2_new,0.30000,-0.000942,2,2,0.01877969,True
200,81,225,False,0.98500,0.429589,0.55500,-0.078018,True,P2_new,0.95500,-0.000163,2,2,0.00690606,True
200,82,227,False,0.76000,0.145608,0.36000,-0.277085,True,P_multi,0.80000,-0.000765,2,2,0.03393479,True
200,83,229,False,0.83500,0.238544,0.44500,-0.188565,True,P_multi,0.68000,-0.002634,2,2,0.02305489,True
200,84,231,False,0.65500,0.053605,0.23000,-0.379504,True,P2_new,0.21000,-0.000370,2,2,0.02579205,True
200,85,233,False,0.91500,0.338776,0.51000,-0.123374,True,P2_new,0.94000,-0.000825,3,5,0.01371015,True
200,86,238,False,0.86500,0.293712,0.57000,-0.054196,True,P2_new,0.82000,-0.001166,3,3,0.01185392,True
200,87,241,False,0.95000,0.385955,0.62500,-0.011582,True,P2_new,0.80000,-0.001676,3,3,0.00940861,True
200,88,244,False,0.78000,0.177702,0.46500,-0.159155,True,P2_new,0.72000,-0.000966,3,3,0.02631344,True
200,89,247,False,0.82000,0.249240,0.53500,-0.070941,True,P2_new,0.70000,-0.000602,3,3,0.01166478,True
200,90,250,False,0.96500,0.408278,0.66500,0.029157,True,P2_new,0.93000,-0.000539,1,3,0.00725805,True
200,91,253,False,0.72500,0.127519,0.31500,-0.294696,True,P_multi,0.79000,-0.002310,2,2,0.02360781,True
200,92,255,False,0.88000,0.300858,0.50500,-0.126017,True,P2_new,0.81500,-0.004329,3,3,0.01488250,True
200,93,258,False,0.76500,0.186093,0.58000,-0.017080,False,no_switch,0.79500,-0.000157,3,3,0.01478620,True
200,94,261,False,0.93000,0.372595,0.45500,-0.164974,True,P_multi,0.98000,-0.001472,2,2,0.00744546,True
200,95,263,False,0.69000,0.097544,0.24000,-0.362533,True,P2_new,0.80000,-0.003098,2,2,0.02097469,True
200,96,265,False,0.84500,0.279028,0.52500,-0.087158,True,P2_new,0.88500,-0.002237,3,3,0.01002771,True
200,97,268,False,0.99000,0.439126,0.61500,-0.030064,True,P2_new,0.79500,-0.001903,3,3,0.00576279,True
200,98,271,False,0.79000,0.179964,0.47000,-0.155073,True,P2_new,0.75000,-0.000113,3,3,0.03104902,True
200,99,274,False,0.89500,0.309856,0.65000,0.019426,True,P2_new,0.73500,-0.001384,1,3,0.01747484,True
200,100,277,False,0.74000,0.146660,0.50000,-0.101838,True,P2_new,0.80500,-0.002196,3,3,0.02142440,True
200,101,280,False,0.94000,0.373830,0.57500,-0.053144,True,P2_new,0.87000,-0.001306,3,3,0.01009255,True
200,102,283,False,0.81500,0.220148,0.43000,-0.184694,True,P_multi,0.72000,-0.004351,2,2,0.02220633,True
200,103,285,False,0.70000,0.114182,0.22000,-0.375429,True,P2_new,0.74500,-0.002216,2,2,0.01778124,True
200,104,287,False,0.87000,0.307312,0.52000,-0.099197,True,P2_new,0.90500,-0.000159,3,3,0.00898631,True
200,105,290,False,0.97000,0.414185,0.62500,-0.014544,True,P2_new,0.92000,-0.001622,3,3,0.00701351,True
200,106,293,False,0.76500,0.160041,0.26000,-0.356285,True,P2_new,0.17000,-0.010951,2,4,0.02788690,True
200,107,297,False,0.91000,0.338824,0.34500,-0.276770,True,P2_new,0.86000,-0.002060,2,2,0.01181375,True
200,108,299,False,0.80000,0.209083,0.54500,-0.076983,True,P2_new,0.73000,-0.000271,3,3,0.02020617,True
200,109,302,False,0.85500,0.293856,0.43500,-0.183706,True,P_multi,0.72000,-0.000691,2,4,0.00851886,True
200,110,306,False,0.98000,0.428767,0.57000,-0.065588,True,P2_new,0.95500,-0.000311,3,5,0.00584905,True
200,111,311,False,0.83500,0.254429,0.49000,-0.133279,True,P2_new,0.88500,-0.000218,2,2,0.01547750,True
200,112,313,False,0.68500,0.103216,0.30000,-0.300494,True,P_multi,0.63500,-0.000920,2,2,0.01599337,True
200,113,315,False,0.92500,0.358430,0.45000,-0.178798,True,P_multi,0.08000,-0.006728,2,4,0.01022451,True
200,114,319,False,0.88500,0.317560,0.39500,-0.224619,True,P2_new,0.79000,-0.000349,2,2,0.01051436,True
200,115,321,False,0.72500,0.131258,0.27000,-0.328296,True,P2_new,0.75500,-0.000544,2,2,0.02163067,True
200,116,323,False,0.79000,0.231024,0.52000,-0.084877,True,P2_new,0.56000,-0.000555,3,3,0.00788662,True
200,117,326,False,0.95500,0.403108,0.58000,-0.052853,True,P2_new,0.99000,-0.001103,3,3,0.00600918,True
200,118,329,False,0.76000,0.178033,0.43500,-0.165770,True,P2_new,0.70500,-0.000204,3,3,0.01607192,True
200,119,332,False,0.90000,0.345282,0.63500,0.018425,True,P2_new,0.86500,-0.000061,1,3,0.00672407,True
200,120,335,False,0.82000,0.256843,0.49000,-0.123404,True,P2_new,0.70500,-0.001321,3,3,0.00913084,True
200,121,338,False,0.99000,0.443660,0.59500,-0.047095,True,P2_new,0.95000,-0.002074,3,5,0.00473348,True
200,122,343,False,0.85000,0.263622,0.52500,-0.098262,True,P2_new,0.81000,-0.002046,3,3,0.01803880,True
200,123,346,False,0.77000,0.194099,0.42000,-0.179502,True,P2_new,0.68500,-0.000891,2,2,0.01358413,True
200,124,348,False,0.93500,0.369041,0.57000,-0.064114,True,P2_new,0.66500,-0.005700,3,5,0.01002354,True
200,125,353,False,0.87500,0.306423,0.47000,-0.152686,True,P_multi,0.90500,-0.001304,2,2,0.01090052,True
200,126,355,False,0.65000,0.067526,0.27000,-0.317494,True,P_multi,0.73500,-0.001025,2,2,0.01629089,True
200,127,357,False,0.96000,0.405858,0.51500,-0.116661,True,P2_new,0.92000,-0.001595,2,2,0.00657473,True
200,128,359,False,0.75000,0.141181,0.36000,-0.267966,True,P_multi,0.78000,-0.000371,2,2,0.03027158,True
200,129,361,False,0.81000,0.224147,0.43500,-0.185141,True,P_multi,0.16000,-0.003029,3,4,0.01779759,True
200,130,365,False,0.91500,0.356489,0.49000,-0.141150,True,P_multi,0.94000,-0.001551,3,3,0.00775442,True
200,131,368,False,0.78500,0.212643,0.58000,-0.019002,True,P2_new,0.73000,-0.000295,3,3,0.01224261,True
200,132,371,False,0.97500,0.428354,0.42000,-0.216834,True,P2_new,0.95000,-0.001190,2,4,0.00479941,True
200,133,375,False,0.84500,0.255442,0.54000,-0.087036,True,P2_new,0.77500,-0.005126,3,3,0.01954160,True
200,134,378,False,0.74000,0.167196,0.39500,-0.190800,True,P2_new,0.89000,-0.000603,2,2,0.01240759,True
200,135,380,False,0.89500,0.334256,0.60000,-0.019677,True,P2_new,0.92000,-0.000543,3,3,0.00840021,True
200,136,383,False,0.80000,0.244685,0.46500,-0.142547,True,P2_new,0.68000,-0.000891,3,3,0.00688070,True
200,137,386,False,0.94500,0.398421,0.56000,-0.069835,True,P2_new,0.98500,-0.000582,3,5,0.00478499,True
200,138,391,False,0.86500,0.307760,0.49000,-0.123645,True,P2_new,0.84000,-0.000970,2,2,0.00740007,True
200,139,393,False,0.65000,0.080042,0.26500,-0.319431,True,P_multi,0.72500,-0.001328,2,2,0.01138074,True
200,140,395,False,0.98500,0.442695,0.43000,-0.203234,True,P2_new,0.93000,-0.002603,2,2,0.00391031,True
200,141,397,False,0.75500,0.141591,0.33500,-0.283674,True,P2_new,0.63000,-0.005949,2,3,0.03326920,True
200,142,400,False,0.83500,0.255717,0.39000,-0.230649,True,P_multi,0.88000,-0.000681,3,3,0.01494074,True
200,143,403,False,0.91000,0.342729,0.54000,-0.093208,True,P2_new,0.72000,-0.002140,2,2,0.01045776,True
200,144,405,False,0.68500,0.081475,0.29000,-0.323973,True,P_multi,0.71000,-0.000011,2,2,0.02703202,True
200,145,407,False,0.79000,0.223308,0.45000,-0.157526,True,P2_new,0.85500,-0.002259,3,3,0.01026469,True
200,146,410,False,0.95000,0.400768,0.58000,-0.052450,True,P2_new,0.99000,-0.001696,3,3,0.00537692,True
200,147,413,False,0.73000,0.143016,0.23500,-0.357670,True,P2_new,0.76000,-0.000719,2,2,0.01831922,True
200,148,415,False,0.87500,0.308764,0.50000,-0.125549,True,P2_new,0.83000,-0.001611,2,2,0.01011439,True
200,149,417,False,0.64500,0.059086,0.28000,-0.312744,True,P2_new,0.31000,-0.002426,2,2,0.01782532,True
200,150,419,False,0.93000,0.389495,0.43000,-0.196212,True,P2_new,0.99000,-0.000024,2,2,0.00357062,True
200,151,421,False,0.76000,0.164509,0.33000,-0.282177,True,P_multi,0.71000,-0.000236,2,4,0.02254234,True
200,152,425,False,0.84500,0.301648,0.47500,-0.124367,True,P2_new,0.99000,-0.000652,3,3,0.00411568,True
200,153,428,False,0.99000,0.450297,0.66500,0.029259,True,P2_new,0.00500,-0.003744,1,3,0.00342462,True
200,154,431,False,0.78000,0.179474,0.53000,-0.091049,True,P2_new,0.74500,-0.000600,3,3,0.02529706,True
200,155,434,False,0.89000,0.316576,0.58500,-0.037340,True,P2_new,0.83000,-0.001976,3,3,0.01263788,True
200,156,437,False,0.72500,0.148608,0.18000,-0.408568,True,P2_new,0.81000,-0.000400,2,2,0.01377616,True
200,157,439,False,0.96500,0.410894,0.48500,-0.157678,True,P_multi,0.94000,-0.000293,2,2,0.00656535,True
200,158,441,False,0.68000,0.067061,0.31000,-0.305844,True,P_multi,0.65500,-0.000118,2,2,0.03295396,True
200,159,443,False,0.82000,0.227011,0.43500,-0.184424,True,P_multi,0.62000,-0.012350,2,2,0.02124502,True
200,160,445,False,0.62000,0.041654,0.19500,-0.389306,True,P_multi,0.15500,-0.000839,2,2,0.01455728,True
200,161,447,False,0.90500,0.338617,0.51500,-0.102384,True,P2_new,0.88000,-0.000802,3,3,0.01016269,True
200,162,450,False,0.77000,0.192910,0.38500,-0.197295,True,P2_new,0.83000,-0.001417,2,2,0.01405234,True
200,163,452,False,0.86000,0.308354,0.56500,-0.043507,True,P2_new,0.94000,-0.000267,3,3,0.00594902,True
200,164,455,False,0.70500,0.161427,0.33500,-0.226015,True,P2_new,0.94000,-0.000005,2,2,0.00415968,True
200,165,457,False,0.97000,0.428115,0.48000,-0.147096,True,P_multi,0.99500,-0.000580,2,2,0.00382949,True
200,166,459,False,0.65500,0.058793,0.24500,-0.352795,True,P_multi,0.74500,-0.000691,2,2,0.02292207,True
200,167,461,False,0.83000,0.257139,0.41500,-0.193593,True,P_multi,0.87000,-0.001215,2,2,0.01242858,True
200,168,463,False,0.74500,0.183729,0.18500,-0.408444,True,P2_new,0.12000,-0.000255,2,2,0.00855695,True
200,169,465,False,0.92500,0.369878,0.53000,-0.108363,True,P2_new,0.55000,-0.001140,3,5,0.00682994,True
200,170,470,False,0.88000,0.330979,0.46000,-0.161083,True,P_multi,0.85500,-0.000928,2,4,0.00532862,True
200,171,474,False,0.99500,0.456633,0.55000,-0.082590,True,P2_new,0.95500,-0.000701,2,2,0.00318866,True
200,172,476,False,0.78000,0.163870,0.37000,-0.268849,True,P_multi,0.74000,-0.001092,2,2,0.03513220,True
200,173,478,False,0.71500,0.115887,0.28000,-0.332129,True,P2_new,0.67000,-0.000325,2,2,0.02450391,True
200,174,480,False,0.85000,0.271531,0.48500,-0.141928,True,P2_new,0.89500,-0.000667,3,3,0.01460733,True
200,175,483,False,0.94000,0.370567,0.59000,-0.051877,True,P2_new,0.64500,-0.000432,3,3,0.01119666,True
200,176,486,False,0.75500,0.155321,0.30000,-0.309758,True,P2_new,0.79500,-0.000736,2,4,0.02481971,True
200,177,490,False,0.90000,0.333257,0.50000,-0.126302,True,P2_new,0.95000,-0.002373,3,3,0.01028182,True
200,178,493,False,0.81000,0.235236,0.56500,-0.031619,True,P2_new,0.74000,-0.004465,3,3,0.01314482,True
200,179,496,False,0.95500,0.402643,0.44500,-0.185811,True,P_multi,0.92000,-0.002206,2,4,0.00612377,True
200,180,500,False,0.83500,0.255470,0.52500,-0.093602,True,P2_new,0.79500,-0.000427,3,3,0.01504259,True
200,181,503,False,0.74000,0.175189,0.38000,-0.206339,True,P2_new,0.67000,-0.001119,2,2,0.00965193,True
200,182,505,False,0.98000,0.433194,0.60500,-0.033661,True,P2_new,0.92000,-0.000043,3,3,0.00483423,True
200,183,508,False,0.79000,0.193177,0.47500,-0.145202,True,P2_new,0.86500,-0.001210,3,3,0.02325191,True
200,184,511,False,0.88500,0.303967,0.63500,0.010229,True,P2_new,0.68000,-0.006357,1,3,0.01567270,True
200,185,514,False,0.72000,0.147554,0.25500,-0.341546,True,P2_new,0.76000,-0.000346,2,2,0.01227528,True
200,186,516,False,0.92000,0.356302,0.51500,-0.117235,True,P2_new,0.87000,-0.002837,3,3,0.00929954,True
200,187,519,False,0.81500,0.236722,0.58000,-0.026898,True,P2_new,0.77500,-0.000382,3,3,0.01452968,True
200,188,522,False,0.94500,0.395904,0.45000,-0.186600,True,P_multi,0.86500,-0.000400,2,4,0.00534567,True
200,189,526,False,0.77000,0.190871,0.40500,-0.193006,True,P2_new,0.84500,-0.000643,2,2,0.01487710,True
200,190,528,False,0.86500,0.305046,0.54000,-0.079374,True,P2_new,0.11000,-0.001082,3,3,0.00816837,True
200,191,531,False,0.70500,0.153779,0.34500,-0.222429,True,P_multi,0.65500,-0.000150,2,2,0.00584604,True
200,192,533,False,0.98500,0.445471,0.59500,-0.037440,True,P2_new,0.93500,-0.002555,3,3,0.00339333,True
200,193,536,False,0.82500,0.233691,0.27500,-0.347263,True,P2_new,0.76500,-0.002172,2,4,0.02039994,True
200,194,540,False,0.90500,0.334698,0.49500,-0.138187,True,P_multi,0.78500,-0.005111,2,2,0.01150194,True
200,195,542,False,0.74000,0.143290,0.35500,-0.265809,True,P1,0.36000,-0.002071,2,2,0.02319133,True
200,196,544,False,0.57500,0.011870,0.13000,-0.434527,True,P_multi,0.61000,-0.000074,2,2,0.00912257,True
200,197,546,False,0.93500,0.382717,0.44500,-0.174909,True,P_multi,0.96000,-0.000068,2,2,0.00610549,True
200,198,548,False,0.78000,0.185788,0.29500,-0.322364,True,P2_new,0.71500,-0.001348,2,4,0.02187302,True
200,199,552,False,0.87000,0.314796,0.51000,-0.103907,True,P2_new,0.96500,-0.002133,3,3,0.00685139,True
200,200,555,False,0.96500,0.421348,0.61000,-0.022064,True,P2_new,0.99000,-0.001246,3,3,0.00417552,True
200,201,558,False,0.75500,0.156429,0.24000,-0.368860,True,P2_new,0.79500,-0.000545,2,2,0.02420397,True
200,202,560,False,0.83500,0.257819,0.48500,-0.136445,True,P2_new,0.69500,-0.001422,2,2,0.01408852,True
200,203,562,False,0.68000,0.097278,0.28500,-0.313930,True,P_multi,0.16500,-0.000909,2,2,0.01639899,True
200,204,564,False,0.91500,0.370504,0.54000,-0.085045,True,P2_new,0.08000,-0.000929,3,3,0.00434651,True
200,205,567,False,0.79500,0.229632,0.20000,-0.398799,True,P2_new,0.73000,-0.000758,2,4,0.00983132,True
200,206,571,False,0.99500,0.458738,0.45500,-0.188304,True,P2_new,0.96000,-0.001226,2,2,0.00283556,True
200,207,573,False,0.71500,0.099372,0.32500,-0.296091,True,P_multi,0.59500,-0.004777,2,2,0.03478352,True
200,208,575,False,0.85500,0.264616,0.52500,-0.107696,True,P2_new,0.83000,-0.001036,3,3,0.01994354,True
200,209,578,False,0.76000,0.178368,0.41000,-0.188355,True,P2_new,0.69000,-0.000846,2,2,0.01592813,True
200,210,580,False,0.89500,0.330177,0.58500,-0.042230,True,P2_new,0.93000,-0.000022,3,3,0.00965574,True
200,211,583,False,0.69000,0.118620,0.16500,-0.415222,True,P2_new,0.72000,-0.001114,2,2,0.01188725,True
200,212,585,False,0.95000,0.392178,0.48000,-0.158410,True,P_multi,0.88000,-0.004857,2,2,0.00756122,True
200,213,587,False,0.64500,0.041915,0.33500,-0.268367,True,P2_new,0.73500,-0.001112,2,2,0.02677261,True
200,214,589,False,0.82000,0.239427,0.42500,-0.179530,True,P_multi,0.96000,-0.009138,3,3,0.01547810,True
200,215,592,False,0.88000,0.323604,0.56000,-0.057373,True,P2_new,0.92500,-0.000285,3,3,0.00716977,True
200,216,595,False,0.74000,0.170566,0.38000,-0.193782,True,P2_new,0.76500,-0.000695,2,2,0.01119704,True
200,217,597,False,0.97500,0.426556,0.60500,-0.029733,True,P2_new,0.94000,-0.001778,3,3,0.00519724,True
200,218,600,False,0.78500,0.188250,0.49000,-0.127556,True,P2_new,0.72000,-0.002038,3,3,0.02321270,True
200,219,603,False,0.91000,0.341057,0.63500,0.007739,True,P2_new,0.85000,-0.000234,1,3,0.01102656,True
200,220,606,False,0.72000,0.137589,0.25000,-0.350432,True,P2_new,0.75000,-0.000314,2,2,0.01626390,True
200,221,608,False,0.84500,0.282985,0.51000,-0.106244,True,P2_new,0.93000,-0.001883,3,3,0.00878091,True
200,222,611,False,0.94000,0.391145,0.57000,-0.064167,True,P2_new,0.67500,-0.003197,3,3,0.00529053,True
200,223,614,False,0.75500,0.165484,0.43500,-0.164842,True,P2_new,0.70000,-0.000942,3,3,0.01952105,True
200,224,617,False,0.86500,0.314394,0.61500,0.007793,True,P2_new,0.83000,-0.000367,1,3,0.00569877,True
200,225,620,False,0.97000,0.430592,0.49500,-0.145401,True,P_multi,0.70000,-0.000443,2,2,0.00337180,True
200,226,622,False,0.69000,0.072107,0.33500,-0.284027,True,P_multi,0.76000,-0.004032,2,2,0.03637412,True
200,227,624,False,0.80500,0.216171,0.42000,-0.194236,True,P_multi,0.87000,-0.005976,3,3,0.01919045,True
200,228,627,False,0.89000,0.330389,0.58000,-0.045750,True,P2_new,0.73500,-0.000213,3,3,0.00806889,True
200,229,630,False,0.73000,0.151198,0.46500,-0.117475,True,P2_new,0.68000,-0.001869,3,3,0.01474297,True
200,230,633,False,0.99000,0.452194,0.63000,-0.004199,True,P2_new,0.93000,-0.000177,3,3,0.00309248,True
200,231,636,False,0.79000,0.188685,0.51500,-0.102838,True,P2_new,0.82000,-0.000112,3,3,0.02574627,True
200,232,639,False,0.85500,0.276520,0.42500,-0.187704,True,P_multi,0.90500,-0.000474,2,4,0.01461184,True
200,233,643,False,0.92500,0.357072,0.55500,-0.073617,True,P2_new,0.83000,-0.007152,3,3,0.01067911,True
200,234,646,False,0.76500,0.180481,0.18500,-0.407214,True,P2_new,0.81500,-0.001229,2,3,0.01719308,True
200,235,649,False,0.95500,0.399813,0.45000,-0.194662,True,P_multi,0.90500,-0.000478,2,2,0.00684701,True
200,236,651,False,0.71000,0.105222,0.30500,-0.317120,True,P_multi,0.59000,-0.000159,2,2,0.02777788,True
200,237,653,False,0.83000,0.245667,0.50500,-0.120383,True,P2_new,0.86000,-0.001181,3,3,0.01710983,True
200,238,656,False,0.90000,0.334954,0.58500,-0.044631,True,P2_new,0.81000,-0.003356,3,3,0.00972739,True
200,239,659,False,0.74500,0.168360,0.25500,-0.340865,True,P2_new,0.77500,-0.000355,2,2,0.01387391,True
200,240,661,False,0.87000,0.326965,0.47500,-0.145890,True,P2_new,0.93500,-0.000072,2,2,0.00405277,True
200,241,663,False,0.63500,0.054969,0.17500,-0.412426,True,P2_new,0.15500,-0.001187,2,2,0.01525110,True
200,242,665,False,0.98000,0.440750,0.42000,-0.217760,True,P2_new,0.94500,-0.001194,2,4,0.00334368,True
200,243,669,False,0.80000,0.211571,0.53500,-0.079820,True,P2_new,0.87500,-0.005306,3,3,0.01899956,True
200,244,672,False,0.92000,0.356681,0.59500,-0.032893,True,P2_new,0.89500,-0.001114,3,3,0.00918136,True
200,245,675,False,0.77000,0.187112,0.27000,-0.332511,True,P2_new,0.74000,-0.000597,2,2,0.01647161,True
200,246,677,False,0.66500,0.104645,0.13000,-0.434482,True,P2_new,0.84500,-0.000367,2,2,0.00828547,True
200,247,679,False,0.94500,0.396830,0.47000,-0.166309,True,P_multi,0.88500,-0.000895,2,2,0.00513540,True
200,248,681,False,0.72500,0.131029,0.33500,-0.280344,True,P_multi,0.57000,-0.000476,2,2,0.02174871,True
200,249,683,False,0.84500,0.270563,0.52000,-0.103270,True,P2_new,0.56500,-0.004448,3,3,0.01301990,True
200,250,686,False,0.88500,0.335680,0.57500,-0.047835,True,P2_new,0.64000,-0.000447,3,3,0.00539732,True
200,251,689,False,0.75000,0.191374,0.19000,-0.402152,True,P2_new,0.78000,-0.000349,2,2,0.00778706,True
200,252,691,False,0.99500,0.461542,0.49000,-0.157016,True,P_multi,0.96500,-0.000267,2,4,0.00239943,True
200,253,695,False,0.81500,0.220935,0.43000,-0.187742,True,P_multi,0.74000,-0.005788,2,2,0.02179713,True
200,254,697,False,0.70000,0.118239,0.23000,-0.368335,True,P2_new,0.62000,-0.001647,2,2,0.01598350,True
200,255,699,False,0.91000,0.341901,0.54000,-0.091021,True,P2_new,0.88000,-0.001697,3,3,0.01073743,True
200,256,702,False,0.78500,0.208991,0.19500,-0.400052,True,P2_new,0.83500,-0.000956,2,3,0.01362624,True
200,257,705,False,0.96000,0.402709,0.45000,-0.192870,True,P_multi,0.87500,-0.003045,2,2,0.00741415,True
200,258,707,False,0.68000,0.072004,0.29000,-0.326508,True,P_multi,0.71500,-0.000276,2,2,0.02975257,True
200,259,709,False,0.85500,0.269577,0.50500,-0.121390,True,P2_new,0.77500,-0.004893,3,3,0.01760151,True
200,260,712,False,0.75500,0.179133,0.39000,-0.202114,True,P_multi,0.79500,-0.001214,2,2,0.01357078,True
200,261,714,False,0.93000,0.372416,0.57500,-0.056945,True,P2_new,0.89500,-0.000966,3,3,0.00749500,True
200,262,717,False,0.72000,0.138408,0.17500,-0.411956,True,P2_new,0.80500,-0.000155,2,2,0.01591104,True
200,263,719,False,0.87500,0.313291,0.47000,-0.157360,True,P2_new,0.83500,-0.000125,2,2,0.00868820,True
200,264,721,False,0.63500,0.048036,0.25500,-0.333406,True,P_multi,0.56500,-0.003339,2,2,0.01831016,True
200,265,723,False,0.97500,0.431445,0.53000,-0.105700,True,P2_new,0.82500,-0.001043,2,2,0.00415616,True
200,266,725,False,0.77500,0.164297,0.36500,-0.271908,True,P_multi,0.74500,-0.000765,2,2,0.03148036,True
200,267,727,False,0.67000,0.075178,0.22000,-0.381427,True,P2_new,0.61000,-0.001135,2,2,0.02219103,True
200,268,729,False,0.83500,0.261160,0.44500,-0.172974,True,P_multi,0.86000,-0.000702,3,3,0.01279418,True
200,269,732,False,0.90500,0.346183,0.56500,-0.064633,True,P2_new,0.93500,-0.000793,3,3,0.00784120,True
200,270,735,False,0.73500,0.156024,0.41000,-0.172013,True,P2_new,0.79000,-0.001928,2,2,0.01481421,True
200,271,737,False,0.95000,0.405269,0.60500,-0.026144,True,P2_new,0.08000,-0.000700,3,3,0.00439486,True
200,272,740,False,0.80000,0.209231,0.48500,-0.135195,True,P2_new,0.77000,-0.001150,3,5,0.02013304,True
200,273,745,False,0.89000,0.347755,0.54000,-0.065103,True,P2_new,0.91500,-0.000625,3,3,0.00389875,True
200,274,748,False,0.82500,0.286272,0.42500,-0.171421,True,P_multi,0.98500,-0.000359,3,3,0.00325158,True
200,275,751,False,0.98500,0.448862,0.62500,-0.016284,True,P2_new,0.66000,-0.001680,3,3,0.00281534,True
200,276,754,False,0.74500,0.141091,0.49500,-0.116199,True,P2_new,0.84000,-0.007793,3,3,0.02725907,True
200,277,757,False,0.86500,0.295580,0.57500,-0.036890,True,P2_new,0.91500,-0.001135,3,3,0.01119203,True
200,278,760,False,0.78000,0.222614,0.40500,-0.184407,True,P2_new,0.93500,-0.000133,2,2,0.00744016,True
200,279,762,False,0.93500,0.383035,0.52500,-0.102867,True,P2_new,0.09000,-0.001784,3,5,0.00602706,True
200,280,767,False,0.84500,0.297503,0.47000,-0.125671,True,P2_new,0.90000,-0.000135,3,3,0.00498550,True
200,281,770,False,0.96500,0.424451,0.61500,-0.021656,True,P2_new,0.99000,-0.001190,3,3,0.00357860,True
200,282,773,False,0.73000,0.130547,0.43500,-0.164597,True,P2_new,0.87000,-0.009840,2,2,0.02469332,True
200,283,775,False,0.88000,0.313646,0.55000,-0.072354,True,P2_new,0.81000,-0.000010,3,3,0.01015326,True
200,284,778,False,0.77000,0.196445,0.37500,-0.222255,True,P_multi,0.71000,-0.001818,3,3,0.01268697,True
200,285,781,False,0.92000,0.378172,0.59500,-0.029837,True,P2_new,0.99000,-0.001586,3,6,0.00381865,True
200,286,787,False,0.99000,0.458252,0.64000,0.013116,True,P2_new,0.95500,-0.001336,1,3,0.00215248,True
200,287,790,False,0.81000,0.207092,0.50500,-0.116531,True,P2_new,0.53500,-0.015965,3,3,0.02666902,True
200,288,793,False,0.85500,0.275552,0.57000,-0.044699,True,P2_new,0.88500,-0.001052,3,3,0.01500894,True
200,289,796,False,0.75000,0.181148,0.17000,-0.409956,True,P2_new,0.90000,-0.001927,2,2,0.01099534,True
200,290,798,False,0.94000,0.382878,0.47000,-0.168246,True,P_multi,0.91000,-0.000304,2,4,0.00736767,True
200,291,802,False,0.83000,0.259527,0.53000,-0.079539,True,P2_new,0.80000,-0.000589,3,3,0.01156264,True
200,292,805,False,0.90000,0.346437,0.42000,-0.200994,True,P_multi,0.95500,-0.001908,2,2,0.00642641,True
200,293,807,False,0.70500,0.109630,0.28000,-0.317416,True,P2_new,0.65000,-0.001280,2,2,0.02247858,True
200,294,809,False,0.61500,0.066892,0.10000,-0.450887,True,P2_new,0.78500,-0.000158,2,2,0.00512151,True
200,295,811,False,0.97000,0.430586,0.48500,-0.144208,True,P_multi,0.99500,-0.001404,2,2,0.00337285,True
200,296,813,False,0.77500,0.170977,0.35500,-0.271109,True,P2_new,0.69500,-0.004642,2,2,0.02732668,True
200,297,815,False,0.65000,0.065892,0.20000,-0.388276,True,P2_new,0.59000,-0.000870,2,2,0.01700968,True
200,298,817,False,0.87000,0.304716,0.45000,-0.166616,True,P_multi,0.90500,-0.001329,2,2,0.00980413,True
200,299,819,False,0.73000,0.158255,0.29000,-0.311339,True,P2_new,0.69500,-0.001066,2,2,0.01201928,True
200,300,821,False,0.92500,0.381592,0.54500,-0.089073,True,P2_new,0.07000,-0.001576,3,3,0.00412671,True
200,301,824,False,0.80000,0.226239,0.23000,-0.374914,True,P2_new,0.76500,-0.001352,2,4,0.01276427,True
200,302,828,False,0.99500,0.465052,0.49500,-0.148276,True,P_multi,0.95500,-0.000058,2,2,0.00190807,True
200,303,830,False,0.69500,0.078586,0.33500,-0.287134,True,P_multi,0.73500,-0.001104,2,2,0.03533032,True
200,304,832,False,0.84000,0.246963,0.44000,-0.185933,True,P_multi,0.79000,-0.002630,2,4,0.02126957,True
200,305,836,False,0.89500,0.323189,0.52000,-0.095832,True,P2_new,0.93000,-0.001646,2,2,0.01204346,True
200,306,838,False,0.75000,0.157269,0.30500,-0.315047,True,P2_new,0.28500,-0.001504,2,2,0.02111405,True
200,307,840,False,0.95000,0.389903,0.46500,-0.177763,True,P_multi,0.66500,-0.000534,2,4,0.00821004,True
200,308,844,False,0.81000,0.219551,0.40000,-0.218594,True,P_multi,0.74500,-0.003704,2,4,0.01997552,True
200,309,848,False,0.91000,0.351232,0.50500,-0.114938,True,P2_new,0.88000,-0.000068,2,2,0.00782722,True
200,310,850,False,0.72500,0.134663,0.31500,-0.298748,True,P_multi,0.76000,-0.000698,2,2,0.01992075,True
200,311,852,False,0.85500,0.297892,0.43000,-0.188447,True,P_multi,0.79000,-0.001965,3,4,0.00736368,True
200,312,856,False,0.97500,0.431999,0.54000,-0.103724,True,P2_new,0.07500,-0.000829,3,3,0.00404612,True
200,313,859,False,0.78000,0.181419,0.46000,-0.150369,True,P2_new,0.86000,-0.006724,3,3,0.02420976,True
200,314,862,False,0.87500,0.306258,0.60000,-0.020509,True,P2_new,0.83500,-0.000737,3,3,0.01095742,True
200,315,865,False,0.74000,0.170830,0.40000,-0.185147,True,P2_new,0.71500,-0.000246,2,2,0.01110544,True
200,316,867,False,0.94500,0.395644,0.52500,-0.104776,True,P2_new,0.08000,-0.001812,3,5,0.00540560,True
200,317,872,False,0.83000,0.266266,0.57000,-0.025369,True,P2_new,0.88500,-0.001801,3,3,0.00931099,True
200,318,875,False,0.92000,0.379344,0.44500,-0.181683,True,P_multi,0.96000,-0.000304,2,2,0.00359838,True
200,319,877,False,0.65500,0.061655,0.27500,-0.319358,True,P_multi,0.71500,-0.001758,2,2,0.02142664,True
200,320,879,False,0.79500,0.241867,0.38500,-0.204512,True,P_multi,0.84500,-0.001594,3,3,0.00631765,True
200,321,882,False,0.98000,0.445806,0.55000,-0.086986,True,P2_new,0.00500,-0.003197,2,2,0.00251005,True
200,322,884,False,0.71500,0.104857,0.32000,-0.303632,True,P_multi,0.69000,-0.000303,2,2,0.03111802,True
200,323,886,False,0.85000,0.268218,0.48000,-0.150854,True,P2_new,0.82500,-0.000954,3,4,0.01599251,True
200,324,890,False,0.89000,0.332923,0.41000,-0.222501,True,P2_new,0.12500,-0.000946,2,4,0.00735527,True
200,325,894,False,0.77500,0.223283,0.33500,-0.252716,True,P_multi,0.80500,-0.000536,2,2,0.00596638,True
200,326,896,False,0.96000,0.418942,0.52000,-0.115241,True,P_multi,0.98500,-0.001638,2,2,0.00367322,True
200,327,898,False,0.69000,0.087315,0.27500,-0.341171,True,P_multi,0.64500,-0.000261,2,2,0.02653878,True
200,328,900,False,0.82000,0.248595,0.44000,-0.178697,True,P2_new,0.86000,-0.001055,3,3,0.01189635,True
200,329,903,False,0.90500,0.355955,0.57000,-0.058170,True,P2_new,0.93000,-0.000216,3,3,0.00533412,True
200,330,906,False,0.74000,0.164602,0.23000,-0.357950,True,P2_new,0.68500,-0.002933,2,2,0.01338880,True
200,331,908,False,0.63500,0.099353,0.07500,-0.462721,True,P2_new,0.93500,-0.000980,2,2,0.00273649,True
200,332,910,False,0.99000,0.461538,0.47500,-0.163431,True,P_multi,0.93500,-0.000718,2,2,0.00171790,True
200,333,912,False,0.78500,0.181071,0.37500,-0.256688,True,P_multi,0.71000,-0.000898,2,4,0.02727113,True
200,334,916,False,0.87000,0.293780,0.50500,-0.108834,True,P2_new,0.91500,-0.002004,3,3,0.01370874,True
200,335,919,False,0.93000,0.365923,0.67000,0.040162,True,P2_new,0.83500,-0.000575,1,3,0.00941893,True
200,336,922,False,0.75500,0.162432,0.25000,-0.362323,True,P2_new,0.80000,-0.000970,3,3,0.02103157,True
200,337,925,False,0.84500,0.287270,0.35000,-0.262612,True,P2_new,0.88000,-0.000731,3,3,0.00753549,True
200,338,928,False,0.95500,0.409213,0.59500,-0.042257,True,P2_new,0.70500,-0.000076,3,3,0.00461547,True
200,339,931,False,0.72500,0.130442,0.27000,-0.337202,True,P2_new,0.77000,-0.000919,2,2,0.02205296,True
200,340,933,False,0.81500,0.246942,0.49500,-0.112794,True,P2_new,0.88000,-0.000701,3,3,0.01072330,True
200,341,936,False,0.90000,0.350958,0.62500,0.006606,True,P2_new,0.93500,-0.001183,1,3,0.00533346,True
200,342,939,False,0.76500,0.208764,0.24500,-0.353034,True,P2_new,0.70500,-0.000127,3,3,0.00712652,True
200,343,942,False,0.97000,0.439893,0.42500,-0.203865,True,P2_new,0.05500,-0.000228,2,2,0.00192908,True
200,344,944,False,0.69000,0.087460,0.29000,-0.313938,True,P_multi,0.78000,-0.005197,2,2,0.02645421,True
200,345,946,False,0.86000,0.286582,0.51000,-0.109502,True,P2_new,0.81000,-0.001754,3,3,0.01263598,True
200,346,949,False,0.74000,0.173689,0.37500,-0.207643,True,P2_new,0.79000,-0.000010,2,2,0.01013894,True
200,347,951,False,0.92500,0.382053,0.58000,-0.045811,True,P2_new,0.89500,-0.001681,3,3,0.00403556,True
200,348,954,False,0.79500,0.221496,0.45500,-0.153405,True,P2_new,0.67000,-0.001569,3,4,0.01266797,True
200,349,958,False,0.99500,0.468891,0.40000,-0.242341,True,P2_new,0.03500,-0.000722,2,4,0.00143842,True
200,350,962,False,0.83500,0.241316,0.50000,-0.117271,True,P2_new,0.86500,-0.001092,2,2,0.02160060,True
200,351,964,False,0.72000,0.134967,0.31000,-0.298208,True,P_multi,0.75000,-0.000225,2,2,0.01742452,True
200,352,966,False,0.89000,0.319368,0.44000,-0.184316,True,P_multi,0.93500,-0.001502,2,2,0.01161925,True
200,353,968,False,0.64500,0.056376,0.19500,-0.400476,True,P2_new,0.67000,-0.000643,2,2,0.01909258,True
200,354,970,False,0.94000,0.380960,0.53500,-0.098673,True,P2_new,0.91500,-0.000924,3,3,0.00790471,True
200,355,973,False,0.77500,0.178843,0.25500,-0.342812,True,P2_new,0.94500,-0.016615,2,4,0.02289540,True
200,356,977,False,0.87500,0.321865,0.32000,-0.289377,True,P2_new,0.91000,-0.000245,2,4,0.00631812,True
200,357,981,False,0.96500,0.422533,0.50500,-0.124160,True,P_multi,0.93500,-0.001420,2,2,0.00394173,True
200,358,983,False,0.75000,0.144167,0.37000,-0.253579,True,P_multi,0.78500,-0.001037,2,2,0.02841587,True
200,359,985,False,0.82000,0.237863,0.27000,-0.349367,True,P2_new,0.66000,-0.002536,2,4,0.01614540,True
200,360,989,False,0.91000,0.354996,0.47500,-0.155373,True,P_multi,0.86500,-0.002448,2,2,0.00679885,True
200,361,991,False,0.68000,0.087001,0.32500,-0.276396,True,P2_new,0.58000,-0.002215,2,2,0.02125032,True
200,362,993,False,0.85000,0.299896,0.53000,-0.081299,True,P2_new,0.80500,-0.000719,3,3,0.00557996,True
200,363,996,False,0.98500,0.450185,0.58500,-0.055115,True,P2_new,0.76500,-0.000502,3,3,0.00260558,True
200,364,999,False,0.76500,0.158643,0.28500,-0.328206,True,P2_new,0.14500,-0.016717,2,2,0.02873622,True
200,365,1001,False,0.71000,0.124720,0.45500,-0.133768,True,P2_new,0.67000,-0.000719,2,2,0.01753656,True
200,366,1003,False,0.89500,0.329502,0.34500,-0.274953,True,P2_new,0.92000,-0.000066,2,4,0.00987325,True
200,367,1007,False,0.81000,0.250237,0.50000,-0.100565,True,P2_new,0.93500,-0.001050,3,3,0.00811288,True
200,368,1010,False,0.94500,0.394254,0.57000,-0.053843,True,P2_new,0.88000,-0.005816,3,3,0.00573214,True
200,369,1013,False,0.74500,0.165495,0.20000,-0.387916,True,P2_new,0.78000,-0.000237,2,2,0.01503247,True
200,370,1015,False,0.86500,0.306808,0.46500,-0.154626,True,P2_new,0.91500,-0.001800,2,2,0.00766453,True
200,371,1017,False,0.66000,0.078769,0.28000,-0.309734,True,P_multi,0.63500,-0.000653,2,2,0.01575699,True
200,372,1019,False,0.96000,0.424498,0.53500,-0.096420,True,P2_new,0.93000,-0.000290,3,3,0.00271347,True
200,373,1022,False,0.78500,0.194073,0.60500,0.006760,False,no_switch,0.73500,-0.002014,1,1,0.02021109,True
200,374,1023,False,0.60500,0.006760,0.21500,-0.384271,True,P1,0.21500,-0.000034,2,2,0.02402207,True
200,375,1025,False,0.88500,0.330383,0.43000,-0.193640,True,P_multi,0.91500,-0.000049,2,2,0.00669768,True
200,376,1027,False,0.70000,0.113625,0.29000,-0.307787,True,P_multi,0.79000,-0.006343,3,3,0.01803737,True
200,377,1030,False,0.92500,0.390195,0.51500,-0.111637,True,P2_new,0.83000,-0.000508,2,2,0.00260404,True
200,378,1032,False,0.73000,0.139632,0.36000,-0.253504,True,P_multi,0.65000,-0.000172,3,3,0.01993593,True
200,379,1035,False,0.83000,0.278967,0.56500,-0.035739,True,P2_new,0.98000,-0.004232,3,3,0.00580071,True
200,380,1038,False,0.98000,0.454237,0.47500,-0.159881,True,P_multi,0.00500,-0.001548,2,4,0.00139962,True
200,381,1042,False,0.80000,0.217693,0.42000,-0.183826,True,P2_new,0.84000,-0.001251,3,3,0.01621864,True
200,382,1045,False,0.87000,0.312527,0.59000,-0.026074,True,P2_new,0.90000,-0.000056,3,3,0.00746439,True
200,383,1048,False,0.75000,0.192933,0.45500,-0.125050,True,P2_new,0.72000,-0.000212,3,3,0.00735245,True
200,384,1051,False,0.93500,0.402257,0.54000,-0.078887,True,P2_new,0.97000,-0.000914,3,3,0.00229445,True
200,385,1054,False,0.71000,0.143786,0.18500,-0.383635,True,P2_new,0.77500,-0.000826,2,2,0.01010709,True
200,386,1056,False,0.84500,0.312797,0.41000,-0.193849,True,P_multi,0.90000,-0.000073,2,2,0.00221691,True
200,387,1058,False,0.63000,0.075637,0.12500,-0.429502,True,P2_new,0.06000,-0.004797,2,2,0.00663174,True
200,388,1060,False,0.99500,0.472333,0.50000,-0.135966,True,P_multi,0.95500,-0.001567,2,2,0.00107643,True
200,389,1062,False,0.76500,0.158884,0.34000,-0.291400,True,P_multi,0.74000,-0.000328,2,2,0.02858850,True
200,390,1064,False,0.65500,0.065662,0.23000,-0.361682,True,P_multi,0.60500,-0.000290,2,2,0.01943520,True
200,391,1066,False,0.90500,0.331544,0.46500,-0.162953,True,P_multi,0.84000,-0.004328,2,2,0.01265016,True
200,392,1068,False,0.72000,0.129577,0.29500,-0.313132,True,P_multi,0.79000,-0.000539,2,2,0.01996272,True
200,393,1070,False,0.82500,0.259028,0.53500,-0.079652,True,P2_new,0.85500,-0.000324,3,3,0.01002765,True
200,394,1073,False,0.95000,0.397823,0.43000,-0.206437,True,P2_new,0.92000,-0.001156,2,4,0.00607938,True
200,395,1077,False,0.79000,0.211809,0.49500,-0.102926,True,P2_new,0.85500,-0.000917,3,3,0.01449430,True
200,396,1080,False,0.89000,0.332275,0.58000,-0.035547,True,P2_new,0.91500,-0.000751,3,3,0.00753408,True
200,397,1083,False,0.74000,0.181374,0.22000,-0.361275,True,P2_new,0.71500,-0.000606,2,2,0.00778715,True
200,398,1085,False,0.97000,0.429964,0.47000,-0.168132,True,P_multi,0.93000,-0.001396,2,4,0.00348472,True
200,399,1089,False,0.85000,0.268089,0.54500,-0.074112,True,P2_new,0.82000,-0.000754,3,3,0.01604781,True
200,400,1092,False,0.77500,0.208600,0.41000,-0.183216,True,P2_new,0.80000,-0.000279,2,2,0.01016839,True
200,401,1094,False,0.92000,0.368207,0.60000,-0.027184,True,P2_new,0.10000,-0.000189,3,3,0.00598500,True
200,402,1097,False,0.70500,0.129326,0.17500,-0.412558,True,P2_new,0.80500,-0.002588,2,2,0.01349565,True
200,403,1099,False,0.87500,0.332277,0.46500,-0.160481,True,P2_new,0.83500,-0.000626,2,2,0.00399156,True
200,404,1101,False,0.63000,0.055572,0.25500,-0.328199,True,P_multi,0.34000,-0.000483,2,2,0.01301671,True
200,405,1103,False,0.98500,0.455904,0.51500,-0.119802,True,P_multi,0.02500,-0.001538,2,2,0.00179781,True
200,406,1105,False,0.75500,0.145282,0.35500,-0.276027,True,P_multi,0.78000,-0.000789,2,2,0.03084446,True
200,407,1107,False,0.81500,0.227809,0.43500,-0.189216,True,P_multi,0.66500,-0.001540,3,4,0.01841603,True
200,408,1111,False,0.93000,0.371665,0.49500,-0.140472,True,P_multi,0.87000,-0.002722,3,6,0.00770495,True
200,409,1117,False,0.86500,0.309997,0.39000,-0.221824,True,P2_new,0.89500,-0.000124,2,2,0.00679846,True
200,410,1119,False,0.64500,0.090687,0.22500,-0.341913,True,P_multi,0.68500,-0.000151,2,2,0.00661866,True
200,411,1121,False,0.95500,0.414652,0.47500,-0.149836,True,P_multi,0.91000,-0.002128,2,2,0.00354165,True
200,412,1123,False,0.78000,0.183209,0.33000,-0.291370,True,P2_new,0.71500,-0.001866,2,4,0.02323505,True
200,413,1127,False,0.89500,0.339455,0.44000,-0.177637,True,P_multi,0.84000,-0.000554,2,2,0.00694156,True
200,414,1129,False,0.70000,0.114264,0.26500,-0.331250,True,P2_new,0.79500,-0.003671,2,2,0.01774376,True
200,415,1131,False,0.83000,0.281307,0.52000,-0.086691,True,P2_new,0.97500,-0.003539,3,3,0.00525373,True
200,416,1134,False,0.97500,0.448636,0.58000,-0.055563,True,P2_new,0.94500,-0.001440,3,3,0.00146744,True
200,417,1137,False,0.75000,0.154047,0.29000,-0.311995,True,P2_new,0.78500,-0.001266,2,2,0.02278683,True
200,418,1139,False,0.85500,0.287157,0.48500,-0.137583,True,P2_new,0.80500,-0.000463,2,2,0.01065050,True
200,419,1141,False,0.66000,0.072299,0.21500,-0.381698,True,P2_new,0.17000,-0.002534,2,2,0.01865490,True
200,420,1143,False,0.91500,0.369749,0.42500,-0.202722,True,P2_new,0.04500,-0.003482,2,2,0.00450285,True
200,421,1145,False,0.71000,0.118022,0.31500,-0.288112,True,P_multi,0.62000,-0.000119,2,2,0.02073417,True
200,422,1147,False,0.80000,0.248433,0.53500,-0.068070,True,P2_new,0.59500,-0.000998,3,3,0.00592987,True
200,423,1150,False,0.99000,0.469167,0.59500,-0.043265,True,P2_new,0.94500,-0.000147,3,3,0.00090581,True
200,424,1153,False,0.76500,0.171023,0.27000,-0.341637,True,P2_new,0.81500,-0.001326,2,2,0.02175152,True
200,425,1155,False,0.88000,0.303331,0.49500,-0.140581,True,P2_new,0.64500,-0.000445,2,2,0.01388556,True
200,426,1157,False,0.65000,0.046591,0.22500,-0.378872,True,P2_new,0.33500,-0.005607,2,2,0.02696310,True
200,427,1159,False,0.94000,0.379994,0.44500,-0.194190,True,P2_new,0.83500,-0.000128,2,2,0.00818343,True
200,428,1161,False,0.69500,0.082787,0.33000,-0.284206,True,P_multi,0.72000,-0.000026,2,2,0.03247050,True
200,429,1163,False,0.82000,0.234846,0.54500,-0.072880,True,P2_new,0.58000,-0.007300,3,3,0.01747934,True
200,430,1166,False,0.90000,0.345049,0.42000,-0.207101,True,P_multi,0.86000,-0.000134,2,4,0.00678481,True
200,431,1170,False,0.78000,0.219077,0.48000,-0.102263,True,P2_new,0.83500,-0.001834,3,3,0.00845319,True
200,432,1173,False,0.96000,0.423359,0.58000,-0.045982,True,P2_new,0.99500,-0.002232,3,3,0.00289738,True
200,433,1176,False,0.73500,0.148401,0.22500,-0.364219,True,P2_new,0.83500,-0.001700,2,2,0.01814079,True
200,434,1178,False,0.85000,0.283318,0.45500,-0.161857,True,P2_new,0.90500,-0.003711,2,2,0.01026134,True
200,435,1180,False,0.66500,0.090195,0.28000,-0.303264,True,P_multi,0.63000,-0.000899,2,2,0.01316053,True
200,436,1182,False,0.92500,0.391412,0.52500,-0.097741,True,P2_new,0.96500,-0.001139,3,3,0.00241876,True
200,437,1185,False,0.76000,0.186341,0.39000,-0.207204,True,P_multi,0.79000,-0.000208,3,3,0.01272603,True
200,438,1188,False,0.87000,0.341840,0.57000,-0.040188,True,P2_new,0.83500,-0.000364,3,3,0.00168059,True
200,439,1191,False,0.70500,0.180340,0.15000,-0.408113,True,P2_new,0.99500,-0.000677,2,2,0.00127933,True
200,440,1193,False,0.99500,0.478016,0.47500,-0.165084,True,P_multi,0.00500,-0.001128,2,4,0.00059722,True
200,441,1197,False,0.81500,0.230019,0.42500,-0.177632,True,P_multi,0.87500,-0.003785,2,2,0.01740084,True
200,442,1199,False,0.89000,0.325659,0.54500,-0.081702,True,P2_new,0.13000,-0.000457,3,3,0.00950218,True
200,443,1202,False,0.73000,0.146554,0.36500,-0.223017,True,P_multi,0.70000,-0.000995,2,2,0.01671636,True
200,444,1204,False,0.95000,0.398885,0.59500,-0.038244,True,P2_new,0.08000,-0.002463,3,3,0.00582062,True
200,445,1207,False,0.78500,0.191128,0.46500,-0.150640,True,P2_new,0.69000,-0.002428,3,3,0.02169756,True
200,446,1210,False,0.84000,0.276879,0.53000,-0.076933,True,P2_new,0.68500,-0.001046,3,5,0.00911983,True
200,447,1215,False,0.97000,0.429725,0.42000,-0.215594,True,P2_new,0.93500,-0.000580,2,4,0.00352844,True
200,448,1219,False,0.86000,0.283334,0.50500,-0.110765,True,P2_new,0.82500,-0.000543,3,3,0.01388426,True
200,449,1222,False,0.75500,0.178702,0.38000,-0.201282,True,P_multi,0.91000,-0.004459,2,2,0.01373938,True
200,450,1224,False,0.91500,0.359229,0.58000,-0.045431,True,P2_new,0.97500,-0.004507,3,3,0.00700173,True
200,451,1227,False,0.71500,0.140175,0.44000,-0.139530,True,P2_new,0.79500,-0.000718,3,3,0.01316825,True
200,452,1230,False,0.93500,0.397770,0.54500,-0.071304,True,P2_new,0.96500,-0.000827,3,3,0.00299520,True
200,453,1233,False,0.80500,0.223899,0.63000,0.034655,False,no_switch,0.70500,-0.006947,1,1,0.01570142,True
200,454,1234,False,0.63000,0.034655,0.22000,-0.376638,True,P_multi,0.47500,-0.001230,2,2,0.02246497,True
200,455,1236,False,0.88000,0.342211,0.42500,-0.198367,True,P_multi,0.85000,-0.000643,2,2,0.00308959,True
200,456,1238,False,0.68000,0.102074,0.27500,-0.313943,True,P_multi,0.72000,-0.001180,2,2,0.01438723,True
200,457,1240,False,0.98000,0.452829,0.51000,-0.130249,True,P_multi,0.04500,-0.000401,2,2,0.00156132,True
200,458,1242,False,0.74000,0.129595,0.36000,-0.268562,True,P_multi,0.65500,-0.002799,2,4,0.03128703,True
200,459,1246,False,0.83500,0.266337,0.45000,-0.152101,True,P_multi,0.89500,-0.001961,3,3,0.01093008,True
200,460,1249,False,0.90500,0.355921,0.55500,-0.064841,True,P2_new,0.94500,-0.001218,3,3,0.00534189,True
200,461,1252,False,0.77000,0.194361,0.39500,-0.193535,True,P2_new,0.72500,-0.000922,2,2,0.01348204,True
200,462,1254,False,0.67000,0.131850,0.18000,-0.387079,True,P2_new,0.07000,-0.000677,2,2,0.00315137,True
200,463,1256,False,0.96500,0.436667,0.49500,-0.131718,True,P_multi,0.00500,-0.001958,2,2,0.00170198,True
200,464,1258,False,0.72000,0.127821,0.32000,-0.293153,True,P_multi,0.79500,-0.000785,2,2,0.02083491,True
200,465,1260,False,0.85500,0.286137,0.44000,-0.179947,True,P_multi,0.82500,-0.000574,2,2,0.01099900,True
200,466,1262,False,0.61500,0.031632,0.20500,-0.382207,True,P1,0.20000,-0.001263,2,2,0.01668193,True
200,467,1264,False,0.92500,0.387355,0.53000,-0.090370,True,P2_new,0.89500,-0.000704,3,3,0.00306508,True
200,468,1267,False,0.79000,0.210112,0.40000,-0.194018,True,P_multi,0.76500,-0.000771,2,2,0.01519144,True
200,469,1269,False,0.69000,0.134106,0.15000,-0.425927,True,P2_new,0.72500,-0.001191,2,2,0.00703470,True
200,470,1271,False,0.99000,0.474237,0.56000,-0.078543,True,P2_new,0.00500,-0.000695,3,3,0.00051313,True
200,471,1274,False,0.82000,0.221811,0.47500,-0.145568,True,P2_new,0.76000,-0.000935,2,2,0.02399426,True
200,472,1276,False,0.73000,0.139641,0.25000,-0.362650,True,P2_new,0.66000,-0.000307,2,2,0.01993124,True
200,473,1278,False,0.88500,0.314762,0.51500,-0.114139,True,P2_new,0.93000,-0.002990,3,5,0.01147927,True
200,474,1283,False,0.94500,0.393556,0.44000,-0.188852,True,P2_new,0.92000,-0.000940,2,2,0.00590003,True
200,475,1285,False,0.76000,0.157225,0.36000,-0.255596,True,P_multi,0.71000,-0.001070,2,4,0.02659096,True
200,476,1289,False,0.86500,0.303577,0.49500,-0.110435,True,P2_new,0.89500,-0.001038,3,3,0.00860246,True
200,477,1292,False,0.80000,0.252357,0.57000,-0.006642,True,P2_new,0.82500,-0.000642,3,3,0.00501773,True
200,478,1295,False,0.95500,0.425875,0.41000,-0.220399,True,P2_new,0.92000,-0.000976,2,4,0.00180147,True
200,479,1299,False,0.84000,0.277591,0.52000,-0.094892,True,P2_new,0.89500,-0.001181,3,3,0.00890086,True
200,480,1302,False,0.73500,0.187097,0.37500,-0.196533,True,P2_new,0.66500,-0.000910,2,2,0.00507576,True
200,481,1304,False,0.91500,0.388310,0.59000,-0.026271,True,P2_new,0.97500,-0.000786,3,3,0.00150509,True
200,482,1307,False,0.77500,0.231494,0.45000,-0.145686,True,P2_new,0.67000,-0.000089,3,3,0.00414634,True
200,483,1310,False,0.98500,0.470637,0.62500,-0.008836,True,P2_new,0.00500,-0.000861,3,3,0.00042479,True
200,484,1313,False,0.71000,0.121888,0.23500,-0.360160,True,P2_new,0.81500,-0.000486,2,2,0.01884907,True
200,485,1315,False,0.87500,0.302424,0.50000,-0.129004,True,P2_new,0.83500,-0.001364,3,3,0.01232343,True
200,486,1318,False,0.81000,0.242551,0.56000,-0.040787,True,P2_new,0.76500,-0.001421,3,3,0.01051760,True
200,487,1321,False,0.93000,0.387742,0.43000,-0.199426,True,P2_new,0.96000,-0.001307,2,4,0.00390115,True
200,488,1325,False,0.76000,0.200383,0.47500,-0.108986,True,P2_new,0.83000,-0.000757,3,3,0.00807072,True
200,489,1328,False,0.97000,0.445797,0.59500,-0.034048,True,P2_new,0.90000,-0.000066,3,3,0.00123122,True
200,490,1331,False,0.83000,0.241684,0.51500,-0.102084,True,P2_new,0.80500,-0.001039,3,3,0.01894575,True
200,491,1334,False,0.72500,0.153629,0.39000,-0.182863,True,P2_new,0.77000,-0.001649,2,2,0.01188390,True
200,492,1336,False,0.89500,0.340138,0.57000,-0.040171,True,P2_new,0.93500,-0.002838,3,3,0.00676160,True
200,493,1339,False,0.79000,0.237093,0.43500,-0.157737,True,P2_new,0.85000,-0.001238,3,3,0.00626066,True
200,494,1342,False,0.94000,0.419406,0.63000,0.005047,True,P2_new,0.99500,-0.000816,1,3,0.00088469,True
200,495,1345,False,0.70000,0.125636,0.20500,-0.378297,True,P2_new,0.74000,-0.000547,2,2,0.01299225,True
200,496,1347,False,0.85500,0.309999,0.48500,-0.132722,True,P2_new,0.90000,-0.002373,3,3,0.00445066,True
200,497,1350,False,0.99500,0.490545,0.58500,-0.055836,True,P2_new,0.00500,-0.000049,3,3,0.00004006,True
200,498,1353,False,0.75500,0.149131,0.24000,-0.366205,True,P2_new,0.14500,-0.017067,2,2,0.02843793,True
200,499,1355,False,0.82000,0.236358,0.52000,-0.101696,True,P2_new,0.66500,-0.000021,3,3,0.01680272,True
200,500,1358,False,0.90500,0.338617,0.64000,0.013574,True,P2_new,0.68000,-0.002888,1,6,0.01016256,True
200,501,1364,False,0.95000,0.404095,0.55000,-0.083125,True,P2_new,0.92500,-0.000350,2,2,0.00464052,True
200,502,1366,False,0.68000,0.079277,0.35500,-0.257992,True,P2_new,0.37500,-0.000153,2,2,0.02540887,True
200,503,1368,False,0.84500,0.270035,0.46000,-0.158762,True,P2_new,0.81500,-0.001284,3,3,0.01322200,True
200,504,1371,False,0.78000,0.220472,0.57500,-0.008953,True,P2_new,0.88000,-0.001519,3,3,0.00804497,True
200,505,1374,False,0.92000,0.386240,0.42500,-0.189991,True,P2_new,0.97500,-0.000202,2,2,0.00244451,True
200,506,1376,False,0.69500,0.114151,0.21500,-0.372688,True,P2_new,0.66500,-0.000022,2,2,0.01559497,True
200,507,1378,False,0.87500,0.339336,0.50500,-0.114743,True,P2_new,0.97500,-0.000861,3,3,0.00273920,True
200,508,1381,False,0.75000,0.212255,0.14000,-0.430838,True,P2_new,0.79500,-0.000671,2,2,0.00308199,True
200,509,1383,False,0.97500,0.448677,0.56000,-0.081770,True,P2_new,0.61000,-0.000566,3,5,0.00146279,True
200,510,1388,False,0.82500,0.257614,0.46500,-0.136441,True,P2_new,0.88500,-0.002203,3,3,0.01049620,True
200,511,1391,False,0.89500,0.353609,0.60000,-0.017467,True,P2_new,0.93000,-0.000527,3,3,0.00373566,True
200,512,1394,False,0.73000,0.169557,0.20500,-0.376202,True,P2_new,0.76500,-0.000074,2,2,0.00831157,True
200,513,1396,False,0.96000,0.435064,0.50000,-0.138642,True,P2_new,1.00000,-0.001309,2,2,0.00130893,True
200,514,1398,False,0.64500,0.040858,0.29500,-0.310835,True,P2_new,0.67000,-0.000541,2,2,0.02739777,True
200,515,1400,False,0.80000,0.225094,0.41500,-0.190759,True,P_multi,0.83500,-0.001048,3,3,0.01319927,True
200,516,1403,False,0.86500,0.320862,0.55000,-0.059928,True,P2_new,0.91000,-0.001051,3,3,0.00427357,True
200,517,1406,False,0.71000,0.169717,0.36500,-0.182005,True,P2_new,0.74500,-0.000362,3,3,0.00352991,True
200,518,1409,False,0.98500,0.481991,0.58500,-0.041465,True,P2_new,0.93500,-0.000410,3,3,0.00001821,True
200,519,1412,False,0.77500,0.185987,0.46000,-0.144640,True,P2_new,0.81000,-0.000734,3,3,0.01927886,True
200,520,1415,False,0.91000,0.343985,0.62500,0.002669,True,P2_new,0.85000,-0.001435,1,3,0.01004178,True
200,521,1418,False,0.82000,0.243603,0.50500,-0.107393,True,P2_new,0.74500,-0.001002,3,3,0.01377840,True
200,522,1421,False,0.72500,0.174106,0.31500,-0.247973,True,P_multi,0.93500,-0.000949,2,2,0.00576755,True
200,523,1423,False,0.93500,0.393774,0.56000,-0.061079,True,P2_new,0.90000,-0.003025,3,3,0.00370467,True
200,524,1426,False,0.76000,0.191982,0.43000,-0.162422,True,P2_new,0.78500,-0.000154,3,3,0.01070967,True
200,525,1429,False,0.88000,0.339612,0.60500,-0.002318,True,P2_new,0.91500,-0.002166,4,4,0.00354902,True
200,526,1433,False,0.96500,0.452940,0.51500,-0.118692,True,P_multi,0.84000,-0.000211,2,2,0.00029806,True
200,527,1435,False,0.68500,0.073940,0.27500,-0.340207,True,P_multi,0.24000,-0.007219,2,2,0.03171288,True
200,528,1437,False,0.80500,0.224415,0.41500,-0.199849,True,P_multi,0.83000,-0.000223,3,3,0.01548354,True
200,529,1440,False,0.85000,0.297337,0.57000,-0.041140,True,P2_new,0.89000,-0.001431,3,3,0.00619990,True
200,530,1443,True,0.73500,0.200962,0.19500,-0.368843,True,P2_new,0.67500,-0.001574,2,2,0.00248645,True
400,0,6,False,0.76500,0.074143,0.38250,-0.308404,True,P2_new,0.70250,-0.005568,2,2,0.11783097,False
400,1,8,False,0.79750,0.117453,0.61250,-0.071980,False,no_switch,0.74250,-0.001549,3,3,0.10131807,False
400,2,11,False,0.83500,0.168555,0.67500,0.002407,False,no_switch,0.79000,-0.003883,1,3,0.08305678,False
400,3,14,False,0.85750,0.201597,0.52250,-0.151429,True,P2_new,0.82000,-0.001405,2,2,0.07063680,False
400,4,16,False,0.73750,0.080985,0.40250,-0.258495,True,P_multi,0.66250,-0.004029,2,2,0.07131881,False
400,5,18,False,0.88250,0.237864,0.57750,-0.090548,True,P2_new,0.85250,-0.002479,3,3,0.05886808,False
400,6,21,False,0.78500,0.142420,0.48250,-0.164829,True,P2_new,0.80750,-0.000091,2,2,0.05687678,False
400,7,23,False,0.90250,0.268408,0.63250,-0.030612,True,P2_new,0.87500,-0.001696,3,3,0.04913963,True
400,8,26,False,0.81750,0.182691,0.53250,-0.118414,True,P2_new,0.72250,-0.000103,3,3,0.04976446,True
400,9,29,False,0.91750,0.292998,0.67000,0.012165,True,P2_new,0.89500,-0.001118,1,3,0.04128072,True
400,10,32,False,0.75000,0.118557,0.33000,-0.307650,True,P2_new,0.84250,-0.003166,2,2,0.04687803,True
400,11,34,False,0.87000,0.250473,0.56000,-0.091100,True,P2_new,0.92750,-0.001325,3,3,0.03755002,True
400,12,37,False,0.93250,0.318282,0.62250,-0.032695,True,P2_new,0.80250,-0.002014,3,3,0.03381664,True
400,13,40,False,0.77250,0.141983,0.48750,-0.151123,True,P2_new,0.72750,-0.000275,2,2,0.04610395,True
400,14,42,False,0.84250,0.228595,0.37000,-0.272824,True,P2_new,0.70750,-0.001070,2,4,0.03360385,True
400,15,46,False,0.94250,0.336737,0.54250,-0.112938,True,P2_new,0.91500,-0.001615,2,2,0.02837343,True
400,16,48,False,0.72000,0.090452,0.41000,-0.230501,True,P2_new,0.65000,-0.000141,2,2,0.04530293,True
400,17,50,False,0.89000,0.280638,0.50250,-0.146139,True,P2_new,0.86250,-0.000579,3,3,0.03061700,True
400,18,53,False,0.79500,0.180196,0.60500,-0.023106,False,no_switch,0.76750,-0.000764,3,3,0.03421610,True
400,19,56,False,0.95250,0.354352,0.65000,0.003974,True,P2_new,0.92750,-0.001019,1,3,0.02397173,True
400,20,59,False,0.82250,0.206626,0.30500,-0.334377,True,P2_new,0.76000,-0.000466,2,2,0.03495398,True
400,21,61,False,0.70250,0.086729,0.51500,-0.101540,False,no_switch,0.72750,-0.000382,2,2,0.03488294,True
400,22,63,False,0.91250,0.314805,0.38250,-0.262831,True,P2_new,0.19250,-0.001109,2,2,0.02372414,True
400,23,65,False,0.74500,0.128876,0.25500,-0.372107,True,P2_new,0.62500,-0.000086,3,3,0.03512813,True
400,24,68,False,0.96000,0.369067,0.46500,-0.185728,True,P2_new,0.86500,-0.000389,2,2,0.02021367,True
400,25,70,False,0.67500,0.049635,0.31750,-0.308134,True,P_multi,0.77750,-0.000446,2,2,0.04195154,True
400,26,72,False,0.85250,0.240452,0.53500,-0.098997,True,P2_new,0.82000,-0.001527,3,3,0.03236170,True
400,27,75,False,0.78500,0.181952,0.41500,-0.199424,True,P2_new,0.87500,-0.002473,2,2,0.02675122,True
400,28,77,False,0.92500,0.333809,0.61000,-0.033450,True,P2_new,0.89750,-0.000149,3,3,0.02034138,True
400,29,80,False,0.73000,0.123941,0.48000,-0.128771,True,P2_new,0.75250,-0.000358,2,2,0.02855350,True
400,30,82,False,0.87750,0.288328,0.28250,-0.350177,True,P2_new,0.17250,-0.001180,2,4,0.01935533,True
400,31,86,False,0.96750,0.384437,0.52250,-0.126848,True,P2_new,0.81500,-0.002173,2,2,0.01654776,True
400,32,88,False,0.76250,0.137295,0.39000,-0.252878,True,P_multi,0.71250,-0.000875,2,2,0.04182644,True
400,33,90,False,0.81750,0.210851,0.45750,-0.178561,True,P2_new,0.68500,-0.000093,2,2,0.02891577,True
400,34,92,False,0.62500,0.018281,0.24000,-0.368731,True,P_multi,0.66500,-0.000223,2,2,0.02895854,True
400,35,94,False,0.90000,0.313620,0.55250,-0.075189,True,P2_new,0.93750,-0.000430,3,3,0.01803973,True
400,36,97,False,0.74000,0.152623,0.17750,-0.411692,True,P2_new,0.79250,-0.000153,2,2,0.01850273,True
400,37,99,False,0.94750,0.367480,0.49250,-0.150849,True,P_multi,0.97000,-0.000622,2,2,0.01524658,True
400,38,101,False,0.68000,0.061277,0.36000,-0.258968,True,P2_new,0.77750,-0.004495,2,2,0.03696827,True
400,39,103,False,0.84000,0.244194,0.43750,-0.184722,True,P_multi,0.81250,-0.001378,2,2,0.02270913,True
400,40,105,False,0.63750,0.048135,0.21500,-0.381131,True,P2_new,0.61500,-0.000051,2,2,0.01944808,True
400,41,107,False,0.97250,0.396401,0.54000,-0.099083,True,P2_new,0.93500,-0.000899,2,2,0.01366149,True
400,42,109,False,0.77750,0.156869,0.34250,-0.297925,True,P2_new,0.73500,-0.001448,2,2,0.03835771,True
400,43,111,False,0.70500,0.099755,0.26500,-0.345427,True,P2_new,0.67000,-0.000900,2,2,0.02805907,True
400,44,113,False,0.88250,0.288482,0.48250,-0.155448,True,P2_new,0.97500,-0.008807,2,4,0.02177306,True
400,45,117,False,0.92000,0.337634,0.41750,-0.215891,True,P2_new,0.85750,-0.000478,2,2,0.01624439,True
400,46,119,False,0.74750,0.135711,0.31750,-0.299255,True,P2_new,0.79000,-0.001063,2,2,0.03219075,True
400,47,121,False,0.81250,0.221857,0.53000,-0.094264,True,P2_new,0.65750,-0.000608,3,3,0.02007093,True
400,48,124,False,0.96250,0.390499,0.62250,-0.022293,True,P2_new,0.94000,-0.000425,3,3,0.01211250,True
400,49,127,False,0.72000,0.113802,0.28250,-0.327078,True,P2_new,0.76750,-0.000616,2,2,0.02863863,True
400,50,129,False,0.86000,0.267633,0.49750,-0.133297,True,P2_new,0.88500,-0.001761,2,2,0.02092958,True
400,51,131,False,0.66250,0.068002,0.21000,-0.393739,True,P2_new,0.18500,-0.001249,2,2,0.02202184,True
400,52,133,False,0.93500,0.361406,0.44250,-0.196374,True,P2_new,0.90750,-0.000108,2,2,0.01270153,True
400,53,135,False,0.76750,0.157980,0.34500,-0.282504,True,P2_new,0.70000,-0.001637,4,4,0.03071740,True
400,54,139,False,0.89000,0.315523,0.51750,-0.102479,True,P2_new,0.84500,-0.000218,2,2,0.01303524,True
400,55,141,False,0.70000,0.110580,0.29000,-0.319737,True,P_multi,0.72750,-0.000345,2,2,0.01947476,True
400,56,143,False,0.98000,0.412577,0.46250,-0.181708,True,P2_new,0.83000,-0.000957,2,2,0.01050896,True
400,57,145,False,0.79250,0.171296,0.37750,-0.260824,True,P2_new,0.75250,-0.000661,2,4,0.03878157,True
400,58,149,False,0.84500,0.252428,0.54250,-0.080276,True,P2_new,0.89750,-0.002788,3,3,0.02103355,True
400,59,152,False,0.91000,0.332563,0.60500,-0.023107,True,P2_new,0.94000,-0.001136,3,3,0.01419091,True
400,60,155,False,0.75000,0.156981,0.24000,-0.366864,True,P2_new,0.80000,-0.001904,2,2,0.02126005,True
400,61,157,False,0.95500,0.387127,0.50250,-0.142129,True,P_multi,0.82500,-0.000437,2,2,0.01066075,True
400,62,159,False,0.68250,0.062044,0.33750,-0.284496,True,P2_new,0.76000,-0.004247,2,2,0.03822934,True
400,63,161,False,0.82250,0.226583,0.45000,-0.171602,True,P2_new,0.84750,-0.001444,3,3,0.02276792,True
400,64,164,False,0.87250,0.295781,0.58000,-0.046093,True,P2_new,0.77500,-0.000781,3,3,0.01390509,True
400,65,167,False,0.73000,0.149203,0.39750,-0.184256,True,P2_new,0.75750,-0.000650,2,2,0.01557293,True
400,66,169,False,0.97750,0.414333,0.53750,-0.100640,True,P2_new,0.94000,-0.001421,2,2,0.00913412,True
400,67,171,False,0.66500,0.051053,0.25500,-0.364836,True,P2_new,0.69000,-0.000355,2,2,0.03363251,True
400,68,173,False,0.80500,0.210915,0.43250,-0.185975,True,P2_new,0.83250,-0.000327,2,2,0.02180771,True
400,69,175,False,0.90000,0.318648,0.50750,-0.128178,True,P2_new,0.86500,-0.001485,3,3,0.01580825,True
400,70,178,False,0.75500,0.160451,0.61000,0.011536,False,no_switch,0.71500,-0.000006,1,3,0.02204811,True
400,71,181,False,0.94000,0.371463,0.45500,-0.181309,True,P2_new,0.96500,-0.001714,2,2,0.01088695,True
400,72,183,False,0.69750,0.090572,0.33250,-0.281718,True,P2_new,0.77500,-0.003001,2,2,0.02908771,True
400,73,185,False,0.84750,0.264449,0.54500,-0.076291,True,P2_new,0.80250,-0.002580,3,3,0.01654263,True
400,74,188,False,0.78250,0.216744,0.40250,-0.197048,True,P2_new,0.80750,-0.000949,2,2,0.00995716,True
400,75,190,False,0.98500,0.425415,0.59250,-0.052531,True,P2_new,0.95250,-0.001294,3,3,0.00806156,True
400,76,193,False,0.72000,0.113198,0.47500,-0.132380,True,P2_new,0.68750,-0.000744,2,2,0.02900970,True
400,77,195,False,0.88000,0.290626,0.36250,-0.267350,True,P2_new,0.90250,-0.000923,2,4,0.01945261,True
400,78,199,False,0.92250,0.344636,0.52250,-0.114232,True,P2_new,0.82750,-0.000325,2,2,0.01436228,True
400,79,201,False,0.76250,0.154187,0.33500,-0.296213,True,P2_new,0.78750,-0.000792,2,4,0.02995179,True
400,80,205,False,0.83500,0.263287,0.43500,-0.177083,True,P2_new,0.88750,-0.001503,2,2,0.01200771,True
400,81,207,False,0.95750,0.393173,0.55250,-0.090610,True,P2_new,0.91500,-0.002074,3,5,0.00949797,True
400,82,212,False,0.86250,0.281288,0.50000,-0.118096,True,P2_new,0.81500,-0.000326,3,3,0.01574878,True
400,83,215,False,0.79000,0.211375,0.60250,0.006600,False,no_switch,0.75250,-0.000637,1,3,0.01467095,True
400,84,218,False,0.97000,0.411380,0.46250,-0.170419,True,P2_new,0.93250,-0.000323,2,4,0.00778529,True
400,85,222,False,0.82000,0.233301,0.53000,-0.086386,True,P2_new,0.89250,-0.000324,3,3,0.01818683,True
400,86,225,False,0.90750,0.332169,0.63250,0.009714,True,P2_new,0.98250,-0.006289,1,3,0.01336297,True
400,87,228,False,0.74750,0.162161,0.42750,-0.176979,True,P2_new,0.82750,-0.004714,3,3,0.01756330,True
400,88,231,False,0.93250,0.371916,0.56500,-0.062646,True,P2_new,0.89250,-0.001128,3,3,0.00835303,True
400,89,234,False,0.80000,0.215826,0.48250,-0.121761,True,P2_new,0.82750,-0.000807,3,3,0.01703915,True
400,90,237,False,0.87500,0.315527,0.65000,0.036749,True,P2_new,0.98750,-0.001430,1,3,0.00802921,True
400,91,240,False,0.72500,0.170597,0.24000,-0.349489,True,P2_new,0.98750,-0.000119,2,2,0.00664198,True
400,92,242,False,0.98750,0.433712,0.52250,-0.121341,True,P2_new,0.95250,-0.002730,4,4,0.00648387,True
400,93,246,False,0.84000,0.250276,0.43500,-0.181583,True,P_multi,0.88750,-0.002175,2,2,0.01962209,True
400,94,248,False,0.76000,0.175314,0.22250,-0.385408,True,P2_new,0.70500,-0.000741,2,2,0.01726815,True
400,95,250,False,0.91750,0.348092,0.54500,-0.095232,True,P2_new,0.94500,-0.000207,3,5,0.01118799,True
400,96,255,False,0.95000,0.387479,0.48750,-0.152504,True,P_multi,0.88750,-0.000104,2,4,0.00893503,True
400,97,259,False,0.81250,0.220920,0.41750,-0.193435,True,P_multi,0.84750,-0.001079,2,2,0.02053477,True
400,98,261,False,0.86500,0.291322,0.56750,-0.057972,True,P2_new,0.74000,-0.000236,3,3,0.01273306,True
400,99,264,False,0.73500,0.157912,0.37000,-0.222009,True,P2_new,0.81500,-0.006298,2,2,0.01405155,True
400,100,266,False,0.97500,0.420682,0.51750,-0.121859,True,P2_new,0.94250,-0.001561,2,2,0.00662007,True
400,101,268,False,0.67250,0.058983,0.28000,-0.338452,True,P_multi,0.64250,-0.001034,2,2,0.03334230,True
400,102,270,False,0.83000,0.242399,0.44500,-0.177482,True,P2_new,0.79500,-0.000188,3,3,0.01860814,True
400,103,273,False,0.89500,0.319627,0.59500,-0.035891,True,P2_new,0.77250,-0.000971,3,3,0.01337920,True
400,104,276,False,0.76500,0.177698,0.48250,-0.116554,True,P2_new,0.73000,-0.000834,3,3,0.01846786,True
400,105,279,False,0.93750,0.380380,0.63250,0.006407,True,P2_new,0.96000,-0.000639,1,3,0.00736687,True
400,106,282,False,0.79000,0.206521,0.27250,-0.337835,True,P2_new,0.72750,-0.000622,2,2,0.01673081,True
400,107,284,False,0.69500,0.120632,0.46000,-0.119854,True,P2_new,0.55750,-0.000126,3,3,0.01299369,True
400,108,287,False,0.98250,0.432302,0.55500,-0.076729,True,P2_new,0.91250,-0.001590,3,3,0.00560201,True
400,109,290,False,0.85000,0.251590,0.61250,-0.009293,True,P2_new,0.82750,-0.000801,3,3,0.02411527,True
400,110,293,False,0.74750,0.160582,0.42000,-0.184156,True,P2_new,0.80000,-0.001343,2,2,0.01828893,True
400,111,295,False,0.90500,0.331904,0.51000,-0.118878,True,P2_new,0.94000,-0.002433,3,3,0.01251590,True
400,112,298,False,0.71250,0.129544,0.35250,-0.230934,True,P2_new,0.68750,-0.000399,2,2,0.01650134,True
400,113,300,False,0.87750,0.318286,0.57000,-0.042891,True,P2_new,0.94500,-0.000125,3,3,0.00795463,True
400,114,303,False,0.80500,0.247943,0.44500,-0.154463,True,P2_new,0.96000,-0.000428,3,3,0.00734979,True
400,115,306,False,0.96250,0.409151,0.63000,-0.004513,True,P2_new,0.99000,-0.001156,3,3,0.00637218,True
400,116,309,False,0.73500,0.144075,0.24500,-0.357652,True,P2_new,0.70500,-0.000756,2,2,0.02020979,True
400,117,311,False,0.83750,0.273304,0.49750,-0.124580,True,P2_new,0.92250,-0.000362,3,3,0.00945652,True
400,118,314,False,0.92750,0.372102,0.58250,-0.052268,True,P2_new,0.67000,-0.000397,3,5,0.00690263,True
400,119,319,False,0.78750,0.236772,0.45250,-0.143432,True,P2_new,0.81500,-0.000160,2,2,0.00572787,True
400,120,321,False,0.99000,0.442459,0.54000,-0.102313,True,P2_new,0.09250,-0.000258,3,3,0.00499532,True
400,121,324,False,0.75250,0.151096,0.40750,-0.197523,True,P2_new,0.72500,-0.000182,2,2,0.02579764,True
400,122,326,False,0.87000,0.283612,0.60750,-0.019696,True,P2_new,0.65750,-0.005360,3,3,0.01804318,True
400,123,329,False,0.67750,0.100291,0.16000,-0.419736,True,P2_new,0.70250,-0.000143,2,2,0.01409962,True
400,124,331,False,0.91500,0.346490,0.47500,-0.159632,True,P_multi,0.94250,-0.000243,3,3,0.01087771,True
400,125,334,False,0.81250,0.229643,0.56500,-0.040400,True,P2_new,0.78000,-0.000747,3,3,0.01645801,True
400,126,337,False,0.95250,0.392951,0.64000,0.006557,True,P2_new,0.89250,-0.002357,1,3,0.00805096,True
400,127,340,False,0.76250,0.165436,0.29250,-0.322824,True,P2_new,0.82500,-0.002944,2,2,0.02338169,True
400,128,342,False,0.85250,0.277666,0.50500,-0.125145,True,P2_new,0.88250,-0.000716,3,5,0.01317152,True
400,129,347,False,0.96750,0.417096,0.57750,-0.056518,True,P2_new,0.94250,-0.000223,3,3,0.00565071,True
400,130,350,False,0.79250,0.198196,0.45750,-0.158423,True,P2_new,0.81750,-0.000685,2,2,0.02192081,True
400,131,352,False,0.89000,0.312961,0.53500,-0.097403,True,P2_new,0.66500,-0.000498,3,3,0.01403206,True
400,132,355,False,0.72000,0.127365,0.36000,-0.233801,True,P2_new,0.68500,-0.000092,2,2,0.02106525,True
400,133,357,False,0.93250,0.376509,0.61250,-0.019655,True,P2_new,0.91000,-0.000340,3,3,0.00706075,True
400,134,360,False,0.82000,0.234787,0.28500,-0.336565,True,P2_new,0.77500,-0.000150,2,4,0.01750584,True
400,135,364,False,0.87500,0.329073,0.49000,-0.135848,True,P2_new,0.90000,-0.000183,3,3,0.00464524,True
400,136,367,False,0.74750,0.192173,0.20250,-0.366447,True,P2_new,0.98750,-0.002562,2,2,0.00688377,True
400,137,369,False,0.99000,0.445776,0.56000,-0.085411,True,P2_new,0.96000,-0.002243,3,3,0.00429109,True
400,138,372,False,0.77750,0.179525,0.29500,-0.318352,True,P2_new,0.70750,-0.000530,2,4,0.02387669,True
400,139,376,False,0.90750,0.336071,0.50250,-0.126105,True,P2_new,0.94000,-0.001434,2,2,0.01190481,True
400,140,378,False,0.70500,0.112442,0.34750,-0.264317,True,P2_new,0.35750,-0.001144,2,2,0.02102641,True
400,141,380,False,0.84250,0.275965,0.44500,-0.169464,True,P2_new,0.94500,-0.001908,3,3,0.01021289,True
400,142,383,False,0.94750,0.391175,0.59250,-0.045066,True,P2_new,0.97000,-0.000871,3,3,0.00715062,True
400,143,386,False,0.75750,0.163161,0.26250,-0.340750,True,P2_new,0.78250,-0.000690,2,4,0.02193905,True
400,144,390,False,0.88500,0.330204,0.48250,-0.141481,True,P2_new,0.92000,-0.000591,3,3,0.00674442,True
400,145,393,False,0.80500,0.248769,0.55250,-0.039588,True,P2_new,0.97750,-0.001865,3,3,0.00712528,True
400,146,396,False,0.97750,0.429666,0.62000,-0.013005,True,P2_new,0.94250,-0.002722,3,3,0.00506026,True
400,147,399,False,0.73250,0.139243,0.27500,-0.331221,True,P2_new,0.76500,-0.000797,2,2,0.02138154,True
400,148,401,False,0.85750,0.284487,0.49750,-0.126337,True,P2_new,0.90000,-0.001088,3,5,0.01248491,True
400,149,406,False,0.92500,0.368664,0.56750,-0.049947,True,P2_new,0.95500,-0.000712,3,3,0.00715355,True
400,150,409,False,0.78750,0.213191,0.44000,-0.160270,True,P2_new,0.81250,-0.000457,3,3,0.01297157,True
400,151,412,False,0.96000,0.412417,0.61000,-0.023731,True,P2_new,0.98500,-0.000892,3,3,0.00500459,True
400,152,415,False,0.74750,0.153483,0.48000,-0.122202,True,P2_new,0.72500,-0.000325,3,3,0.02177226,True
400,153,418,False,0.87000,0.301108,0.54500,-0.062132,True,P2_new,0.89250,-0.000450,3,3,0.01100907,True
400,154,421,False,0.82250,0.263792,0.40750,-0.187088,True,P_multi,0.78000,-0.001712,2,2,0.00781023,True
400,155,423,False,0.67500,0.113018,0.15000,-0.422004,True,P2_new,0.09000,-0.004310,2,2,0.00877084,True
400,156,425,False,0.99250,0.450546,0.51250,-0.125097,True,P_multi,0.94000,-0.001036,2,2,0.00384280,True
400,157,427,False,0.71750,0.106993,0.32750,-0.298158,True,P_multi,0.64500,-0.001196,2,2,0.03135303,True
400,158,429,False,0.89750,0.311480,0.45750,-0.181153,True,P_multi,0.84750,-0.000803,2,4,0.01787401,True
400,159,433,False,0.80000,0.215091,0.38750,-0.219406,True,P_multi,0.83250,-0.000640,2,2,0.01736846,True
400,160,435,False,0.93500,0.367176,0.56250,-0.078648,True,P2_new,0.85000,-0.001721,3,3,0.01064390,True
400,161,438,False,0.74000,0.139151,0.47750,-0.125150,True,P2_new,0.70750,-0.000590,3,3,0.02548035,True
400,162,441,False,0.85000,0.278630,0.60500,-0.000330,True,P2_new,0.87250,-0.000718,3,3,0.01188350,True
400,163,444,False,0.95500,0.401752,0.51750,-0.115086,True,P2_new,0.91500,-0.000305,2,2,0.00634658,True
400,164,446,False,0.69750,0.086653,0.26250,-0.357719,True,P2_new,0.75750,-0.001564,2,2,0.03157365,True
400,165,448,False,0.81250,0.229070,0.42000,-0.201364,True,P_multi,0.78500,-0.000076,2,2,0.01670930,True
400,166,450,False,0.64750,0.073944,0.18500,-0.402273,True,P2_new,0.16250,-0.000013,2,2,0.01268756,True
400,167,452,False,0.91000,0.351586,0.47000,-0.153108,True,P_multi,0.93750,-0.002188,2,2,0.00772717,True
400,168,454,False,0.75750,0.173079,0.31750,-0.299413,True,P2_new,0.73500,-0.000489,2,4,0.01714948,True
400,169,458,False,0.98000,0.433955,0.50000,-0.129341,True,P_multi,0.94500,-0.001979,2,2,0.00467028,True
400,170,460,False,0.72000,0.114089,0.35000,-0.269203,True,P_multi,0.78000,-0.000425,2,2,0.02846324,True
400,171,462,False,0.86250,0.273479,0.43500,-0.190636,True,P_multi,0.66750,-0.010278,2,2,0.01928261,True
400,172,464,False,0.65750,0.061360,0.22500,-0.377846,True,P2_new,0.21000,-0.002817,2,2,0.02288662,True
400,173,466,False,0.88750,0.320122,0.53750,-0.086021,True,P2_new,0.83000,-0.000179,3,3,0.01049368,True
400,174,469,False,0.78500,0.207707,0.40250,-0.191243,True,P2_new,0.92750,-0.007110,3,3,0.01413341,True
400,175,472,False,0.94250,0.391178,0.60750,-0.024587,True,P2_new,0.96500,-0.000554,3,3,0.00587038,True
400,176,475,False,0.73500,0.145665,0.48000,-0.113849,True,P2_new,0.71250,-0.000408,3,3,0.01943357,True
400,177,478,False,0.84000,0.285054,0.56250,-0.027457,True,P2_new,0.86750,-0.000996,3,3,0.00678361,True
400,178,481,False,0.97000,0.427136,0.64500,0.016080,True,P2_new,0.92250,-0.001501,1,3,0.00401916,True
400,179,484,False,0.77250,0.180932,0.30250,-0.309711,True,P2_new,0.79500,-0.000079,2,2,0.02052883,True
400,180,486,False,0.87750,0.307191,0.50750,-0.126772,True,P2_new,0.69000,-0.000257,3,5,0.01150430,True
400,181,491,False,0.92000,0.369429,0.58000,-0.040617,True,P2_new,0.94500,-0.001543,3,3,0.00569038,True
400,182,494,False,0.80250,0.226612,0.45750,-0.147981,True,P2_new,0.76000,-0.001095,3,3,0.01357904,True
400,183,497,False,0.72500,0.184123,0.33750,-0.221442,True,P2_new,0.98750,-0.000315,2,2,0.00363933,True
400,184,499,False,0.98750,0.448595,0.55000,-0.082976,True,P2_new,0.96500,-0.001408,2,2,0.00328258,True
400,185,501,False,0.66000,0.055781,0.25500,-0.356719,True,P2_new,0.24750,-0.001512,2,2,0.02744373,True
400,186,503,False,0.85250,0.267355,0.41750,-0.207491,True,P_multi,0.88000,-0.001541,2,2,0.01747506,True
400,187,505,False,0.75500,0.171697,0.31250,-0.295613,True,P2_new,0.71000,-0.001024,2,4,0.01665316,True
400,188,509,False,0.93000,0.370090,0.48500,-0.138890,True,P2_new,0.90750,-0.000537,2,2,0.00815568,True
400,189,511,False,0.70250,0.117597,0.27000,-0.334971,True,P2_new,0.79000,-0.000350,2,2,0.01736580,True
400,190,513,False,0.89250,0.329574,0.43750,-0.188902,True,P_multi,0.83000,-0.000142,2,4,0.00905937,True
400,191,517,False,0.82000,0.258448,0.37000,-0.232378,True,P2_new,0.95750,-0.003900,2,2,0.00864110,True
400,192,519,False,0.96250,0.418262,0.53750,-0.105879,True,P2_new,0.56250,-0.001109,2,2,0.00429382,True
400,193,521,False,0.68000,0.066369,0.29750,-0.326211,True,P1,0.29750,-0.000471,2,2,0.03341912,True
400,194,523,False,0.78250,0.198889,0.45000,-0.163643,True,P2_new,0.83000,-0.001860,3,3,0.01678929,True
400,195,526,False,0.87000,0.314447,0.57250,-0.041789,True,P2_new,0.90500,-0.000284,3,3,0.00694369,True
400,196,529,False,0.73750,0.194357,0.21500,-0.360693,True,P2_new,0.94750,-0.000666,2,2,0.00407423,True
400,197,531,False,0.99500,0.457805,0.50250,-0.140062,True,P_multi,0.95000,-0.000231,2,4,0.00298932,True
400,198,535,False,0.83750,0.248752,0.43250,-0.182403,True,P2_new,0.90250,-0.001549,3,3,0.01915201,True
400,199,538,False,0.90750,0.330032,0.59750,-0.034461,True,P2_new,0.76500,-0.001504,3,3,0.01420316,True
400,200,541,False,0.76000,0.164595,0.48250,-0.120075,True,P2_new,0.72750,-0.000429,3,3,0.02249689,True
400,201,544,False,0.94500,0.380410,0.63250,0.000745,True,P2_new,0.88500,-0.002078,1,3,0.00958152,True
400,202,547,False,0.80000,0.204212,0.52250,-0.094898,True,P2_new,0.72250,-0.001340,3,3,0.02269940,True
400,203,550,False,0.88000,0.311387,0.44000,-0.178251,True,P_multi,0.71750,-0.001440,2,2,0.01091300,True
400,204,552,False,0.69750,0.099853,0.28500,-0.313469,True,P2_new,0.80250,-0.009949,2,2,0.02369789,True
400,205,554,False,0.95750,0.406642,0.56750,-0.072294,True,P2_new,0.93500,-0.000295,3,3,0.00575895,True
400,206,557,False,0.74750,0.146910,0.20500,-0.396525,True,P2_new,0.77000,-0.000071,2,2,0.02533351,True
400,207,559,False,0.82750,0.247200,0.49000,-0.133393,True,P2_new,0.65750,-0.001184,2,2,0.01536347,True
400,208,561,False,0.64750,0.063942,0.26500,-0.326505,True,P2_new,0.30250,-0.002750,2,2,0.01676552,True
400,209,563,False,0.91750,0.364656,0.42250,-0.201115,True,P2_new,0.97500,-0.001443,2,2,0.00624503,True
400,210,565,False,0.71250,0.123454,0.31250,-0.286211,True,P_multi,0.69000,-0.000279,2,2,0.01929450,True
400,211,567,False,0.85500,0.302545,0.53750,-0.080306,True,P2_new,0.81000,-0.001193,3,3,0.00614798,True
400,212,570,False,0.98250,0.438797,0.60000,-0.044534,True,P2_new,0.77500,-0.000600,3,3,0.00418583,True
400,213,573,False,0.77000,0.162685,0.46500,-0.152741,True,P2_new,0.74500,-0.000856,3,3,0.02932760,True
400,214,576,False,0.88750,0.313329,0.63750,0.014196,True,P2_new,0.81500,-0.000114,1,3,0.01291899,True
400,215,579,False,0.79500,0.215900,0.50500,-0.105222,True,P2_new,0.73250,-0.000058,3,3,0.01486525,True
400,216,582,False,0.93750,0.384170,0.57500,-0.055455,True,P2_new,0.96500,-0.001000,3,3,0.00636744,True
400,217,585,False,0.72750,0.136929,0.25250,-0.341891,True,P2_new,0.81250,-0.003713,2,2,0.02003525,True
400,218,587,False,0.84250,0.281087,0.45500,-0.158165,True,P2_new,0.89750,-0.002209,2,2,0.00859939,True
400,219,589,False,0.66750,0.096679,0.19000,-0.395075,True,P2_new,0.63500,-0.001206,2,2,0.01168656,True
400,220,591,False,0.97250,0.428764,0.52750,-0.109369,True,P2_new,0.92750,-0.002484,3,3,0.00419232,True
400,221,594,False,0.77750,0.183545,0.42000,-0.181884,True,P2_new,0.80250,-0.000619,2,2,0.02174046,True
400,222,596,False,0.87250,0.300593,0.59750,-0.027639,True,P2_new,0.89750,-0.000177,3,3,0.01207842,True
400,223,599,False,0.70500,0.129846,0.37500,-0.207973,True,P2_new,0.73000,-0.000741,2,2,0.01329438,True
400,224,601,False,0.92500,0.374711,0.50000,-0.124369,True,P2_new,0.94750,-0.000725,3,3,0.00562364,True
400,225,604,False,0.75500,0.176419,0.43500,-0.150698,True,P2_new,0.80500,-0.000089,3,3,0.01465281,True
400,226,607,False,0.83250,0.291758,0.57250,-0.021825,True,P2_new,0.90000,-0.000080,3,3,0.00361424,True
400,227,610,False,0.99250,0.455507,0.64000,0.004609,True,P2_new,0.96500,-0.000520,1,3,0.00295565,True
400,228,613,False,0.79000,0.195029,0.47750,-0.141776,True,P2_new,0.73500,-0.000335,3,3,0.02226880,True
400,229,616,False,0.90000,0.322809,0.60250,-0.024131,True,P2_new,0.87000,-0.001719,3,3,0.01409256,True
400,230,619,False,0.72500,0.139877,0.24000,-0.347165,True,P2_new,0.81000,-0.002870,2,2,0.01746537,True
400,231,621,False,0.95000,0.388307,0.52000,-0.120870,True,P2_new,0.86250,-0.000495,2,2,0.00868332,True
400,232,623,False,0.67750,0.066805,0.36750,-0.249147,True,P2_new,0.74250,-0.002518,2,2,0.03147516,True
400,233,625,False,0.85000,0.263385,0.45000,-0.172723,True,P2_new,0.82250,-0.000195,3,3,0.01814827,True
400,234,628,False,0.76750,0.189973,0.56500,-0.026160,True,P2_new,0.80000,-0.000471,3,3,0.01422688,True
400,235,631,False,0.91500,0.362535,0.48500,-0.128341,True,P2_new,0.96500,-0.000524,2,2,0.00615052,True
400,236,633,False,0.69750,0.114251,0.31000,-0.288353,True,P_multi,0.66500,-0.000504,2,2,0.01662968,True
400,237,635,False,0.96500,0.418053,0.59250,-0.042506,True,P2_new,0.86750,-0.000012,3,3,0.00486472,True
400,238,638,False,0.81000,0.210329,0.24500,-0.373823,True,P2_new,0.76250,-0.002691,2,4,0.02481509,True
400,239,642,False,0.87750,0.309935,0.32750,-0.285224,True,P2_new,0.92750,-0.003573,2,2,0.01055653,True
400,240,644,False,0.73750,0.153134,0.51750,-0.079392,True,P2_new,0.62250,-0.003393,3,3,0.01712468,True
400,241,647,False,0.93500,0.393482,0.57500,-0.047280,True,P2_new,0.97750,-0.000182,3,3,0.00375963,True
400,242,650,False,0.78500,0.205949,0.41750,-0.185839,True,P2_new,0.82000,-0.000602,3,3,0.01484537,True
400,243,653,False,0.85750,0.311301,0.61750,0.010551,True,P2_new,0.88750,-0.000953,1,3,0.00470330,True
400,244,656,False,0.98500,0.446848,0.50000,-0.141938,True,P_multi,0.04500,-0.002077,2,2,0.00315163,True
400,245,658,False,0.70250,0.082656,0.26750,-0.356489,True,P2_new,0.24250,-0.008130,2,2,0.03778089,True
400,246,660,False,0.81750,0.228255,0.44750,-0.178425,True,P2_new,0.76250,-0.000293,2,2,0.01939025,True
400,247,662,False,0.64500,0.057423,0.19750,-0.397253,True,P2_new,0.60500,-0.000796,2,2,0.01859670,True
400,248,664,False,0.90500,0.342285,0.53250,-0.092502,True,P2_new,0.94000,-0.001915,3,3,0.00899446,True
400,249,667,False,0.75750,0.182302,0.39750,-0.186295,True,P2_new,0.83000,-0.003318,3,3,0.01331146,True
400,250,670,False,0.95500,0.408431,0.59500,-0.034515,True,P2_new,0.93000,-0.000986,3,3,0.00478281,True
400,251,673,False,0.79500,0.205079,0.47750,-0.135211,True,P2_new,0.72750,-0.000192,2,2,0.01971748,True
400,252,675,False,0.68500,0.110535,0.21250,-0.381562,True,P2_new,0.17250,-0.000814,2,2,0.01303082,True
400,253,677,False,0.88500,0.328698,0.41750,-0.202386,True,P2_new,0.91000,-0.001258,2,4,0.00714434,True
400,254,681,False,0.97500,0.437209,0.51500,-0.121105,True,P2_new,0.84250,-0.000527,2,2,0.00308988,True
400,255,683,False,0.73500,0.123758,0.33500,-0.294540,True,P1,0.33000,-0.002323,2,2,0.03183184,True
400,256,685,False,0.83500,0.246049,0.45000,-0.177546,True,P2_new,0.66250,-0.005494,3,4,0.01924905,True
400,257,689,False,0.92000,0.359562,0.54000,-0.094161,True,P2_new,0.87250,-0.001144,3,3,0.00830991,True
400,258,692,False,0.77500,0.190904,0.40250,-0.201229,True,P2_new,0.73000,-0.002276,3,3,0.01700434,True
400,259,695,False,0.86500,0.311330,0.58750,-0.025631,True,P2_new,0.89000,-0.001047,3,3,0.00645356,True
400,260,698,False,0.71250,0.165123,0.43750,-0.123684,True,P2_new,0.66750,-0.002245,2,2,0.00495896,True
400,261,700,False,0.99500,0.461719,0.52000,-0.110806,True,P_multi,0.96750,-0.000680,3,3,0.00237329,True
400,262,703,False,0.80500,0.206703,0.62750,0.013539,False,no_switch,0.76500,-0.001227,1,3,0.02405314,True
400,263,706,False,0.89750,0.322319,0.47250,-0.156471,True,P2_new,0.92750,-0.000722,2,2,0.01330500,True
400,264,708,False,0.69250,0.093695,0.25750,-0.353803,True,P2_new,0.72500,-0.000273,2,2,0.02433348,True
400,265,710,False,0.84500,0.279431,0.41250,-0.205703,True,P_multi,0.94000,-0.000051,2,4,0.00989624,True
400,266,714,False,0.94500,0.385307,0.50750,-0.118272,True,P2_new,0.89500,-0.006633,2,2,0.00809265,True
400,267,716,False,0.74500,0.141699,0.31750,-0.305815,True,P2_new,0.68750,-0.003428,2,2,0.02690000,True
400,268,718,False,0.65750,0.085048,0.20250,-0.378364,True,P2_new,0.79000,-0.000806,2,2,0.01227773,True
400,269,720,False,0.92750,0.372661,0.45250,-0.175864,True,P_multi,0.88000,-0.000572,2,2,0.00675565,True
400,270,722,False,0.78250,0.188667,0.36250,-0.258066,True,P_multi,0.72500,-0.001476,4,4,0.02167728,True
400,271,726,False,0.87250,0.319962,0.48750,-0.118263,True,P2_new,0.84000,-0.001209,3,4,0.00616868,True
400,272,730,False,0.97000,0.426579,0.41500,-0.227648,True,P2_new,0.08500,-0.000187,2,4,0.00412931,True
400,273,734,False,0.82000,0.234425,0.53000,-0.082158,True,P2_new,0.87500,-0.004742,3,3,0.01767031,True
400,274,737,False,0.89250,0.334945,0.44250,-0.179010,True,P_multi,0.76250,-0.000406,2,2,0.00748708,True
400,275,739,False,0.68750,0.090758,0.31250,-0.284508,True,P2_new,0.72500,-0.001430,2,2,0.02320847,True
400,276,741,False,0.77000,0.219831,0.21500,-0.368260,True,P2_new,0.83250,-0.001298,2,3,0.00559532,True
400,277,744,False,0.98000,0.442153,0.40500,-0.227967,True,P2_new,0.94250,-0.001067,2,4,0.00309946,True
400,278,748,False,0.85000,0.268345,0.49750,-0.121901,True,P2_new,0.81750,-0.001419,3,3,0.01593798,True
400,279,751,False,0.74750,0.177439,0.36000,-0.225404,True,P2_new,0.79250,-0.000276,2,2,0.01141701,True
400,280,753,False,0.93250,0.373949,0.55750,-0.072501,True,P2_new,0.98750,-0.005000,3,3,0.00776585,True
400,281,756,False,0.80000,0.217676,0.45500,-0.153218,True,P2_new,0.71000,-0.000980,2,2,0.01622603,True
400,282,758,False,0.67750,0.107569,0.19500,-0.393590,True,P2_new,0.64750,-0.000037,2,2,0.01137094,True
400,283,760,False,0.91000,0.363271,0.41000,-0.211098,True,P2_new,0.95250,-0.000314,2,4,0.00481753,True
400,284,764,False,0.83500,0.290944,0.50750,-0.086900,True,P2_new,0.86000,-0.000175,3,3,0.00425701,True
400,285,767,False,0.96000,0.423636,0.58250,-0.046747,True,P2_new,0.99000,-0.000330,3,5,0.00285205,True
400,286,772,False,0.86750,0.305998,0.47000,-0.152622,True,P2_new,0.81000,-0.000581,2,2,0.00862610,True
400,287,774,False,0.65750,0.071432,0.19750,-0.393281,True,P2_new,0.68250,-0.000301,2,2,0.01789598,True
400,288,776,False,0.78750,0.253654,0.38750,-0.208749,True,P_multi,0.99000,-0.000068,3,3,0.00245745,True
400,289,779,False,0.99000,0.456825,0.54500,-0.094689,True,P2_new,0.96750,-0.001641,2,2,0.00235752,True
400,290,781,False,0.69750,0.087432,0.31250,-0.311465,True,P1,0.31250,-0.000483,2,2,0.03106931,True
400,291,783,False,0.88250,0.302697,0.45500,-0.180978,True,P_multi,0.84250,-0.000258,2,4,0.01515623,True
400,292,787,False,0.81500,0.243488,0.39750,-0.207367,True,P_multi,0.77750,-0.001073,2,2,0.01193493,True
400,293,789,False,0.94000,0.381764,0.53000,-0.108849,True,P2_new,0.74250,-0.000817,3,6,0.00767691,True
400,294,795,False,0.90000,0.341844,0.43000,-0.194889,True,P2_new,0.85500,-0.000044,2,2,0.00765462,True
400,295,797,False,0.76000,0.171367,0.33000,-0.282699,True,P2_new,0.68250,-0.000337,2,2,0.01909705,True
400,296,799,False,0.65000,0.082574,0.14500,-0.426914,True,P2_new,0.57000,-0.002539,2,2,0.01050986,True
400,297,801,False,0.96500,0.425809,0.49500,-0.141685,True,P_multi,0.99250,-0.001267,2,2,0.00333316,True
400,298,803,False,0.70250,0.102292,0.29750,-0.318974,True,P2_new,0.79500,-0.000187,2,2,0.02511737,True
400,299,805,False,0.84000,0.257448,0.44500,-0.177753,True,P2_new,0.56750,-0.008929,2,2,0.01632478,True
400,300,807,False,0.60250,0.021799,0.19500,-0.389406,True,P1,0.19750,-0.000181,2,2,0.01553209,True
400,301,809,False,0.91750,0.366790,0.38750,-0.230897,True,P2_new,0.87500,-0.000622,2,2,0.00572348,True
400,302,811,False,0.74500,0.152609,0.52500,-0.077192,True,P2_new,0.77250,-0.000002,3,3,0.02094170,True
400,303,814,False,0.86000,0.312132,0.42250,-0.177790,True,P_multi,0.82500,-0.000463,2,2,0.00506788,True
400,304,816,False,0.67000,0.104417,0.15500,-0.421867,True,P2_new,0.78000,-0.003113,2,2,0.00990106,True
400,305,818,False,0.98750,0.457031,0.55500,-0.083078,True,P2_new,0.95250,-0.001193,3,3,0.00197719,True
400,306,821,False,0.79000,0.188013,0.47000,-0.142254,True,P2_new,0.74250,-0.003351,2,2,0.02613322,True
400,307,823,False,0.71500,0.136227,0.24750,-0.356570,True,P2_new,0.20250,-0.000383,2,2,0.01473124,True
400,308,825,False,0.89000,0.325790,0.51000,-0.112723,True,P2_new,0.92500,-0.000617,3,3,0.00946085,True
400,309,828,False,0.81750,0.252743,0.61000,0.007375,True,P2_new,0.77250,-0.000840,1,3,0.00963478,True
400,310,831,False,0.95000,0.400046,0.43500,-0.204284,True,P2_new,0.99500,-0.003644,2,4,0.00554482,True
400,311,835,False,0.77250,0.200997,0.23500,-0.360966,True,P2_new,0.79500,-0.000663,2,3,0.01193175,True
400,312,838,False,0.92500,0.378384,0.41000,-0.215097,True,P2_new,0.87750,-0.001349,2,2,0.00479290,True
400,313,840,False,0.65000,0.062345,0.18000,-0.410144,True,P2_new,0.70500,-0.000227,2,2,0.01863343,True
400,314,842,False,0.84750,0.285935,0.48250,-0.131366,True,P2_new,0.76250,-0.004944,3,3,0.00864503,True
400,315,845,False,0.74250,0.204198,0.11500,-0.442685,True,P2_new,0.97750,-0.000909,2,2,0.00317742,True
400,316,847,False,0.97750,0.445708,0.53500,-0.106125,True,P2_new,0.94750,-0.002157,3,3,0.00215877,True
400,317,850,False,0.80000,0.209068,0.60250,-0.009518,False,no_switch,0.70500,-0.000334,3,3,0.02021331,True
400,318,853,False,0.88000,0.314359,0.44750,-0.178802,True,P_multi,0.92750,-0.002898,2,2,0.00991978,True
400,319,855,False,0.69250,0.100014,0.30500,-0.295890,True,P_multi,0.59000,-0.006289,2,2,0.02098970,True
400,320,857,False,0.93500,0.391254,0.51750,-0.115693,True,P2_new,0.08750,-0.000067,3,3,0.00419432,True
400,321,860,False,0.75500,0.163371,0.40000,-0.201467,True,P2_new,0.73250,-0.000068,2,2,0.02055925,True
400,322,862,False,0.64250,0.082827,0.13000,-0.434654,True,P2_new,0.83250,-0.000336,2,2,0.00808682,True
400,323,864,False,0.86500,0.327135,0.46750,-0.136723,True,P2_new,0.90250,-0.000066,3,3,0.00310240,True
400,324,867,False,0.99500,0.466097,0.58750,-0.050591,True,P2_new,0.96750,-0.000538,2,2,0.00177325,True
400,325,869,False,0.72000,0.103659,0.35250,-0.278892,True,P1,0.35750,-0.001518,2,2,0.03527946,True
400,326,871,False,0.82000,0.227034,0.49000,-0.136934,True,P2_new,0.86750,-0.004239,3,3,0.02123319,True
400,327,874,False,0.90500,0.331986,0.56250,-0.068986,True,P2_new,0.78000,-0.002025,3,3,0.01248520,True
400,328,877,False,0.76750,0.177491,0.42500,-0.175003,True,P2_new,0.70250,-0.000654,2,2,0.01976049,True
400,329,879,False,0.67250,0.109107,0.16750,-0.415394,True,P2_new,0.12500,-0.000253,2,2,0.00920431,True
400,330,881,False,0.95500,0.399719,0.51500,-0.115093,True,P2_new,0.93250,-0.001370,3,3,0.00687185,True
400,331,884,False,0.83250,0.242456,0.61500,-0.001497,True,P2_new,0.80500,-0.000049,3,3,0.01977755,True
400,332,887,False,0.88500,0.321001,0.46500,-0.157409,True,P2_new,0.78500,-0.000213,2,2,0.00939409,True
400,333,889,False,0.71000,0.114504,0.23750,-0.374775,True,P2_new,0.20250,-0.001563,2,2,0.02254465,True
400,334,891,False,0.78750,0.233665,0.40250,-0.199976,True,P2_new,0.76250,-0.000884,3,3,0.00649578,True
400,335,894,False,0.96750,0.424469,0.57000,-0.069008,True,P2_new,0.94500,-0.000595,3,3,0.00405211,True
400,336,897,False,0.73500,0.143035,0.49500,-0.099355,True,P2_new,0.68750,-0.000279,3,3,0.02072750,True
400,337,900,False,0.91250,0.348783,0.63250,0.013348,True,P2_new,0.87000,-0.000477,1,3,0.00930571,True
400,338,903,False,0.81250,0.236643,0.44500,-0.164939,True,P2_new,0.84000,-0.000209,3,3,0.01356693,True
400,339,906,False,0.86000,0.312884,0.55500,-0.053729,True,P2_new,0.94000,-0.000763,3,3,0.00490175,True
400,340,909,False,0.70000,0.154836,0.11000,-0.444412,True,P2_new,0.74500,-0.000792,2,2,0.00448459,True
400,341,911,False,0.98250,0.449208,0.48000,-0.157439,True,P_multi,0.94500,-0.000312,2,2,0.00237490,True
400,342,913,False,0.65750,0.050463,0.32750,-0.280484,True,P2_new,0.62750,-0.000786,2,2,0.02915523,True
400,343,915,False,0.83750,0.259961,0.41500,-0.197352,True,P_multi,0.79500,-0.000021,2,2,0.01423170,True
400,344,917,False,0.75250,0.175545,0.23000,-0.374612,True,P2_new,0.16750,-0.002557,2,3,0.01399888,True
400,345,920,False,0.93250,0.374073,0.38000,-0.249181,True,P2_new,0.08750,-0.003658,2,2,0.00773081,True
400,346,922,False,0.67750,0.084215,0.19750,-0.398846,True,P2_new,0.64250,-0.000326,2,2,0.02139610,True
400,347,924,False,0.87750,0.315188,0.50250,-0.126910,True,P2_new,0.80000,-0.000868,3,3,0.00887114,True
400,348,927,False,0.77750,0.209233,0.55000,-0.037936,True,P2_new,0.74250,-0.001179,3,3,0.01079452,True
400,349,930,False,0.94750,0.408697,0.43250,-0.196528,True,P2_new,0.97000,-0.000619,2,2,0.00326477,True
400,350,932,False,0.70500,0.104054,0.27750,-0.328095,True,P2_new,0.65000,-0.000112,2,2,0.02553536,True
400,351,934,False,0.82000,0.255442,0.48500,-0.126172,True,P2_new,0.84250,-0.000668,3,4,0.00957140,True
400,352,938,False,0.97250,0.443916,0.38750,-0.248889,True,P2_new,0.99750,-0.000104,2,2,0.00173322,True
400,353,940,False,0.73250,0.128309,0.31250,-0.301148,True,P2_new,0.60000,-0.000975,2,3,0.02742706,True
400,354,943,False,0.89250,0.321131,0.45000,-0.175811,True,P_multi,0.87000,-0.000391,3,3,0.01188335,True
400,355,946,False,0.79250,0.212982,0.53500,-0.063990,True,P2_new,0.82500,-0.001595,3,3,0.01503783,True
400,356,949,False,0.92000,0.374551,0.40000,-0.224892,True,P2_new,0.85500,-0.000377,2,4,0.00454419,True
400,357,953,False,0.84250,0.281217,0.50000,-0.110863,True,P2_new,0.81500,-0.000707,3,3,0.00856035,True
400,358,956,False,0.74500,0.192084,0.35500,-0.217532,True,P_multi,0.72250,-0.000045,2,2,0.00626314,True
400,359,958,False,0.99750,0.469908,0.59500,-0.045827,True,P2_new,0.01000,-0.001565,3,3,0.00161151,True
400,360,961,False,0.80250,0.207754,0.28750,-0.333647,True,P2_new,0.78000,-0.000003,2,4,0.02215095,True
400,361,965,False,0.90000,0.329058,0.51250,-0.118188,True,P2_new,0.87500,-0.000301,3,3,0.01172967,True
400,362,968,False,0.76000,0.182877,0.22500,-0.358564,True,P2_new,0.72500,-0.000063,2,2,0.01406550,True
400,363,970,False,0.94250,0.384613,0.56500,-0.075134,True,P2_new,0.86750,-0.000692,3,3,0.00757928,True
400,364,973,False,0.71000,0.117001,0.26250,-0.332387,True,P2_new,0.82500,-0.002175,2,2,0.02124999,True
400,365,975,False,0.85750,0.283752,0.48250,-0.134108,True,P2_new,0.90250,-0.004364,3,5,0.01275960,True
400,366,980,False,0.96000,0.413501,0.58500,-0.039261,True,P2_new,0.92750,-0.001346,3,3,0.00476774,True
400,367,983,False,0.81250,0.222179,0.24250,-0.364922,True,P2_new,0.86250,-0.003420,2,2,0.01991263,True
400,368,985,False,0.73000,0.147565,0.46500,-0.131325,True,P2_new,0.64250,-0.000425,3,3,0.01627406,True
400,369,988,False,0.90750,0.352374,0.54500,-0.073913,True,P2_new,0.97500,-0.003539,3,3,0.00683082,True
400,370,991,False,0.78000,0.214567,0.41500,-0.170727,True,P2_new,0.83250,-0.000725,3,3,0.00985216,True
400,371,994,False,0.98500,0.448032,0.62500,-0.015301,True,P2_new,0.87500,-0.000556,3,5,0.00295154,True
400,372,999,False,0.86750,0.280234,0.50500,-0.125198,True,P2_new,0.52500,-0.011532,2,2,0.01845102,True
400,373,1001,False,0.65250,0.064211,0.28250,-0.316266,True,P2_new,0.60250,-0.000454,2,2,0.01893303,True
400,374,1003,False,0.83500,0.270311,0.43250,-0.176222,True,P2_new,0.92500,-0.000199,3,3,0.00961320,True
400,375,1006,False,0.93000,0.372449,0.57000,-0.060129,True,P2_new,0.75750,-0.004219,3,3,0.00748596,True
400,376,1009,False,0.75250,0.163490,0.47500,-0.114925,True,P2_new,0.87500,-0.008856,3,3,0.01927717,True
400,377,1012,False,0.88750,0.338306,0.61250,0.004800,True,P2_new,0.95250,-0.000853,1,3,0.00536823,True
400,378,1015,False,0.79250,0.238516,0.40750,-0.187816,True,P2_new,0.72500,-0.001324,3,3,0.00653404,True
400,379,1018,False,0.97000,0.430706,0.54500,-0.089861,True,P2_new,0.00250,-0.003651,2,2,0.00335133,True
400,380,1020,False,0.68750,0.076350,0.32000,-0.297760,True,P_multi,0.26750,-0.005590,2,2,0.03177150,True
400,381,1022,False,0.82500,0.250921,0.45500,-0.162956,True,P2_new,0.77250,-0.001450,3,3,0.01288447,True
400,382,1025,False,0.72750,0.173160,0.36500,-0.192846,True,P2_new,0.91500,-0.000588,2,2,0.00662586,True
400,383,1027,False,0.94000,0.395022,0.58000,-0.045069,True,P2_new,0.97500,-0.002036,3,3,0.00444598,True
400,384,1030,False,0.77250,0.200785,0.48500,-0.114342,True,P2_new,0.85000,-0.000544,3,3,0.01200836,True
400,385,1033,False,0.89750,0.349881,0.62250,0.007862,True,P2_new,0.95250,-0.002604,1,3,0.00501247,True
400,386,1036,False,0.84750,0.300765,0.43500,-0.180981,True,P_multi,0.70750,-0.000303,3,5,0.00481878,True
400,387,1041,False,0.99250,0.461055,0.52750,-0.117769,True,P2_new,0.96500,-0.001458,3,3,0.00211033,True
400,388,1044,False,0.75500,0.155931,0.27000,-0.332910,True,P2_new,0.78250,-0.000443,2,3,0.02447986,True
400,389,1047,False,0.87500,0.306441,0.45250,-0.176896,True,P2_new,0.91500,-0.000122,3,3,0.01089447,True
400,390,1050,False,0.80250,0.236347,0.55750,-0.046731,True,P2_new,0.72000,-0.001570,3,3,0.01008693,True
400,391,1053,False,0.95250,0.398410,0.60750,-0.019587,True,P2_new,0.92750,-0.000982,3,3,0.00656126,True
400,392,1056,False,0.73250,0.148718,0.22750,-0.373225,True,P2_new,0.76250,-0.000738,2,2,0.01686456,True
400,393,1058,False,0.91250,0.349423,0.49500,-0.138947,True,P2_new,0.86000,-0.000888,2,2,0.00910608,True
400,394,1060,False,0.67250,0.073515,0.29500,-0.313356,True,P_multi,0.33000,-0.002826,2,2,0.02443318,True
400,395,1062,False,0.83250,0.265114,0.43000,-0.183313,True,P2_new,0.80000,-0.001608,3,3,0.01049645,True
400,396,1065,False,0.76750,0.223737,0.54250,-0.037648,True,P2_new,0.97500,-0.000565,3,3,0.00419785,True
400,397,1068,False,0.97500,0.435485,0.59750,-0.027876,True,P2_new,0.95000,-0.001597,3,3,0.00339081,True
400,398,1071,False,0.85750,0.276383,0.47000,-0.152810,True,P2_new,0.81250,-0.000489,2,2,0.01570839,True
400,399,1073,False,0.70250,0.107567,0.26000,-0.349311,True,P2_new,0.24250,-0.003873,2,2,0.02224888,True
400,400,1075,False,0.92250,0.364330,0.52000,-0.113404,True,P2_new,0.89500,-0.000656,3,3,0.00765861,True
400,401,1078,False,0.78250,0.194366,0.62500,0.023886,False,no_switch,0.75000,-0.000064,1,1,0.01885967,True
400,402,1079,False,0.62500,0.023886,0.20500,-0.396153,True,P2_new,0.58750,-0.000661,2,2,0.02563170,True
400,403,1081,False,0.88500,0.339589,0.42750,-0.200225,True,P_multi,0.94500,-0.000964,2,2,0.00453634,True
400,404,1083,False,0.67750,0.093204,0.28250,-0.311892,True,P_multi,0.71250,-0.000849,2,2,0.01709334,True
400,405,1085,False,0.96250,0.427724,0.53750,-0.100206,True,P2_new,0.98750,-0.000494,3,3,0.00259950,True
400,406,1088,False,0.75250,0.157848,0.21750,-0.380748,True,P2_new,0.79750,-0.000520,2,2,0.02210184,True
400,407,1090,False,0.82000,0.246984,0.48250,-0.133546,True,P2_new,0.64250,-0.002146,2,2,0.01248600,True
400,408,1092,False,0.64000,0.067944,0.16500,-0.417965,True,P2_new,0.61750,-0.000173,2,2,0.01213246,True
400,409,1094,False,0.93500,0.399178,0.40750,-0.221120,True,P2_new,0.90750,-0.000585,2,2,0.00276443,True
400,410,1096,False,0.71250,0.119247,0.30000,-0.304685,True,P2_new,0.59250,-0.001179,2,2,0.02137971,True
400,411,1098,False,0.85000,0.292820,0.52500,-0.094949,True,P2_new,0.57750,-0.000712,3,3,0.00738343,True
400,412,1101,False,0.66250,0.121337,0.09000,-0.455057,True,P2_new,0.61750,-0.000337,2,2,0.00369274,True
400,413,1103,False,0.99000,0.461160,0.45000,-0.190497,True,P2_new,0.00250,-0.002089,2,2,0.00176535,True
400,414,1105,False,0.76500,0.155797,0.35000,-0.278702,True,P2_new,0.60000,-0.001187,3,3,0.03051556,True
400,415,1108,False,0.87750,0.300239,0.39750,-0.232868,True,P2_new,0.18250,-0.000404,2,2,0.01412048,True
400,416,1110,False,0.69000,0.096801,0.24000,-0.368353,True,P2_new,0.71750,-0.000609,2,2,0.02135231,True
400,417,1112,False,0.81000,0.249889,0.49500,-0.115524,True,P2_new,0.90500,-0.000064,3,3,0.00821411,True
400,418,1115,False,0.94500,0.395726,0.56250,-0.069781,True,P2_new,0.91750,-0.000148,3,3,0.00538667,True
400,419,1118,False,0.73750,0.152498,0.42500,-0.164662,True,P2_new,0.77250,-0.001094,2,2,0.01741043,True
400,420,1120,False,0.90000,0.340894,0.61250,-0.007758,True,P2_new,0.86500,-0.001181,3,3,0.00792379,True
400,421,1123,False,0.78750,0.219048,0.46000,-0.148527,True,P2_new,0.82500,-0.000815,3,3,0.01085777,True
400,422,1126,False,0.98000,0.445856,0.54750,-0.090447,True,P2_new,0.92000,-0.001292,2,2,0.00250255,True
400,423,1128,False,0.68000,0.065221,0.33750,-0.285876,True,P2_new,0.35000,-0.001285,2,2,0.03419921,True
400,424,1130,False,0.84000,0.252208,0.41500,-0.208185,True,P_multi,0.77750,-0.004129,2,2,0.01869780,True
400,425,1132,False,0.64250,0.057021,0.20750,-0.386442,True,P2_new,0.71750,-0.000017,2,2,0.01762681,True
400,426,1134,False,0.91500,0.352583,0.50250,-0.123692,True,P2_new,0.89250,-0.000460,2,2,0.00890317,True
400,427,1136,False,0.74750,0.151670,0.30750,-0.313432,True,P2_new,0.29000,-0.002198,2,2,0.02272178,True
400,428,1138,False,0.59000,0.024089,0.13250,-0.433575,True,P2_new,0.81750,-0.001186,2,2,0.01000778,True
400,429,1140,False,0.86750,0.318374,0.40000,-0.207231,True,P2_new,0.95500,-0.001366,2,2,0.00535257,True
400,430,1142,False,0.70750,0.149815,0.24000,-0.342628,True,P2_new,0.77500,-0.000988,2,2,0.00752297,True
400,431,1144,False,0.95750,0.420781,0.52000,-0.114216,True,P2_new,0.98250,-0.001394,3,3,0.00291026,True
400,432,1147,False,0.79750,0.210446,0.61000,0.006824,False,no_switch,0.69250,-0.005342,1,3,0.01835205,True
400,433,1150,False,0.89000,0.341818,0.45000,-0.177369,True,P_multi,0.85500,-0.000590,2,2,0.00513809,True
400,434,1152,False,0.67250,0.084851,0.28500,-0.312378,True,P_multi,0.71500,-0.000956,3,3,0.01863067,True
400,435,1155,False,0.82500,0.296362,0.49500,-0.098810,True,P2_new,0.99750,-0.000304,3,3,0.00173991,True
400,436,1158,False,0.99750,0.471436,0.57500,-0.062446,True,P2_new,0.97250,-0.000648,3,7,0.00143341,True
400,437,1165,False,0.92750,0.357306,0.53750,-0.085343,True,P2_new,0.88250,-0.002196,3,3,0.01146375,True
400,438,1168,False,0.84500,0.258641,0.39750,-0.219709,True,P2_new,0.81250,-0.000008,2,4,0.01802971,True
400,439,1172,False,0.78500,0.226325,0.33500,-0.256831,True,P2_new,0.90500,-0.000146,2,2,0.00780104,True
400,440,1174,False,0.95000,0.397277,0.51500,-0.123213,True,P2_new,0.91000,-0.001060,2,4,0.00621473,True
400,441,1178,False,0.87250,0.298154,0.44500,-0.177078,True,P_multi,0.81750,-0.000729,2,2,0.01298565,True
400,442,1180,False,0.72250,0.128315,0.30250,-0.301857,True,P2_new,0.60000,-0.008224,2,2,0.02185916,True
400,443,1182,False,0.81250,0.260954,0.49250,-0.112169,True,P2_new,0.90750,-0.000374,3,3,0.00592487,True
400,444,1185,False,0.97000,0.426037,0.58500,-0.052627,True,P2_new,0.93750,-0.001402,3,3,0.00423813,True
400,445,1188,False,0.74500,0.150852,0.24750,-0.354313,True,P2_new,0.70500,-0.000471,2,2,0.02184016,True
400,446,1190,False,0.89750,0.325540,0.53000,-0.104402,True,P2_new,0.86000,-0.001025,2,2,0.01209758,True
400,447,1192,False,0.66500,0.060561,0.32000,-0.291658,True,P2_new,0.40500,-0.001651,2,2,0.02757480,True
400,448,1194,False,0.83500,0.272367,0.43250,-0.183196,True,P2_new,0.80250,-0.000702,3,3,0.00896936,True
400,449,1197,False,0.70750,0.162088,0.26750,-0.280688,True,P2_new,0.93250,-0.000114,2,2,0.00453645,True
400,450,1199,False,0.93750,0.397687,0.55500,-0.069508,True,P2_new,0.98250,-0.000455,3,3,0.00344437,True
400,451,1202,False,0.78000,0.212271,0.21250,-0.379109,True,P2_new,0.85500,-0.002619,2,4,0.01061198,True
400,452,1206,False,0.98500,0.449526,0.47500,-0.164370,True,P2_new,0.91250,-0.001244,2,2,0.00270904,True
400,453,1208,False,0.73000,0.124405,0.33250,-0.290679,True,P_multi,0.69000,-0.000102,2,2,0.02827101,True
400,454,1210,False,0.86000,0.272706,0.52250,-0.109060,True,P2_new,0.83250,-0.001604,3,4,0.01846395,True
400,455,1214,False,0.91000,0.343305,0.41500,-0.225601,True,P2_new,0.14500,-0.000055,4,4,0.01026590,True
400,456,1218,False,0.80500,0.230857,0.36000,-0.241901,True,P2_new,0.86500,-0.003731,2,2,0.01290864,True
400,457,1220,False,0.75000,0.202106,0.48500,-0.098245,True,P2_new,0.71500,-0.000104,3,3,0.00507369,True
400,458,1223,False,0.96000,0.417360,0.56500,-0.059591,True,P2_new,0.93250,-0.001141,3,3,0.00397545,True
400,459,1226,False,0.84250,0.263599,0.44000,-0.175983,True,P_multi,0.86500,-0.000667,2,2,0.01478380,True
400,460,1228,False,0.66750,0.078444,0.21500,-0.376631,True,P2_new,0.75250,-0.004771,2,2,0.01929935,True
400,461,1230,False,0.89000,0.338009,0.51250,-0.106387,True,P2_new,0.92000,-0.000109,3,3,0.00603359,True
400,462,1233,False,0.76500,0.201760,0.16250,-0.415656,True,P2_new,0.73750,-0.000243,2,3,0.00915679,True
400,463,1236,False,0.97750,0.445304,0.41250,-0.227987,True,P2_new,0.94250,-0.000572,2,2,0.00221581,True
400,464,1238,False,0.70250,0.095967,0.28000,-0.333734,True,P2_new,0.66250,-0.001762,2,2,0.02884451,True
400,465,1240,False,0.82250,0.244121,0.49250,-0.129057,True,P2_new,0.85250,-0.000606,3,3,0.01457057,True
400,466,1243,False,0.92000,0.357859,0.57750,-0.056013,True,P2_new,0.88000,-0.001441,3,3,0.00881899,True
400,467,1246,False,0.73750,0.152004,0.24750,-0.345201,True,P2_new,0.77250,-0.000796,2,2,0.01763429,True
400,468,1248,False,0.86750,0.310286,0.47000,-0.152004,True,P2_new,0.80000,-0.002124,2,2,0.00739278,True
400,469,1250,False,0.64500,0.059403,0.17500,-0.411737,True,P2_new,0.14500,-0.005179,2,2,0.01768065,True
400,470,1252,False,0.94500,0.408458,0.42250,-0.210196,True,P2_new,0.99250,-0.001164,2,2,0.00288126,True
400,471,1254,False,0.69000,0.087109,0.30500,-0.300399,True,P_multi,0.60750,-0.001400,2,2,0.02665927,True
400,472,1256,False,0.79500,0.221802,0.52750,-0.078604,True,P2_new,0.87250,-0.005066,3,3,0.01255356,True
400,473,1259,False,0.90000,0.370149,0.44750,-0.168658,True,P_multi,0.99500,-0.000226,2,4,0.00189530,True
400,474,1263,False,0.99500,0.467048,0.56250,-0.072185,True,P2_new,0.83250,-0.000569,2,2,0.00165514,True
400,475,1265,False,0.75250,0.135077,0.36000,-0.276529,True,P1,0.35750,-0.002846,2,2,0.03604053,True
400,476,1267,False,0.83000,0.235208,0.47750,-0.154950,True,P2_new,0.79000,-0.001544,3,5,0.02217518,True
400,477,1272,False,0.93000,0.368506,0.58500,-0.043791,True,P2_new,0.88250,-0.000379,3,3,0.00862371,True
400,478,1275,False,0.78750,0.205204,0.24750,-0.359037,True,P2_new,0.84750,-0.000635,2,4,0.01621393,True
400,479,1279,False,0.88000,0.324970,0.49000,-0.131358,True,P2_new,0.90250,-0.001167,3,3,0.00680575,True
400,480,1282,False,0.96500,0.419341,0.60500,-0.029938,True,P2_new,0.84750,-0.001575,3,3,0.00458841,True
400,481,1285,False,0.76000,0.161368,0.26000,-0.351646,True,P2_new,0.80250,-0.001062,2,2,0.02423773,True
400,482,1287,False,0.84500,0.266908,0.52500,-0.099709,True,P2_new,0.69250,-0.001837,3,3,0.01445434,True
400,483,1290,False,0.69250,0.119765,0.36500,-0.207866,True,P2_new,0.77250,-0.004341,2,2,0.01238189,True
400,484,1292,False,0.91500,0.369805,0.56000,-0.055348,True,P2_new,0.94000,-0.000233,3,3,0.00449105,True
400,485,1295,False,0.80250,0.238408,0.44750,-0.151315,True,P2_new,0.74250,-0.001198,3,3,0.00942352,True
400,486,1298,False,0.98250,0.447781,0.63000,-0.009133,True,P2_new,0.95500,-0.000386,3,3,0.00259066,True
400,487,1301,False,0.73500,0.133025,0.25250,-0.354808,True,P2_new,0.81500,-0.003751,2,2,0.02612631,True
400,488,1303,False,0.86250,0.281992,0.50750,-0.123940,True,P2_new,0.84000,-0.000858,2,2,0.01545092,True
400,489,1305,False,0.66500,0.072419,0.31000,-0.294645,True,P2_new,0.32250,-0.000460,2,2,0.02103773,True
400,490,1307,False,0.93750,0.380796,0.46250,-0.170452,True,P_multi,0.90250,-0.000281,2,2,0.00725323,True
400,491,1309,False,0.76750,0.164842,0.35000,-0.273461,True,P2_new,0.71750,-0.000172,2,4,0.02652299,True
400,492,1313,False,0.88750,0.327019,0.52250,-0.091331,True,P2_new,0.83750,-0.000603,3,3,0.00832249,True
400,493,1316,False,0.81250,0.245552,0.41750,-0.178630,True,P2_new,0.72250,-0.000833,2,2,0.01034995,True
400,494,1318,False,0.69750,0.135396,0.19000,-0.386459,True,P2_new,0.09250,-0.004133,2,2,0.00880785,True
400,495,1320,False,0.95750,0.422508,0.55500,-0.076759,True,P2_new,0.98750,-0.000642,3,3,0.00263323,True
400,496,1323,False,0.74750,0.166221,0.45250,-0.136819,True,P2_new,0.77750,-0.000378,3,3,0.01577746,True
400,497,1326,False,0.85500,0.305296,0.61500,0.016330,True,P2_new,0.90250,-0.000161,1,3,0.00548644,True
400,498,1329,False,0.99000,0.460922,0.50000,-0.140755,True,P_multi,0.92250,-0.000269,2,2,0.00179542,True
400,499,1331,False,0.68250,0.066407,0.35500,-0.263996,True,P2_new,0.71000,-0.000085,2,2,0.03510668,True
400,500,1333,False,0.82250,0.232652,0.42750,-0.189171,True,P2_new,0.79750,-0.000035,3,3,0.01968202,True
400,501,1336,False,0.90500,0.329994,0.58250,-0.049290,True,P2_new,0.77500,-0.001619,3,6,0.01323746,True
400,502,1342,False,0.92500,0.367832,0.63500,0.013840,True,P2_new,0.87500,-0.000529,1,3,0.00738011,True
400,503,1345,False,0.79000,0.206431,0.25750,-0.350648,True,P2_new,0.82750,-0.001923,3,3,0.01677060,True
400,504,1348,False,0.87250,0.324024,0.41250,-0.201478,True,P_multi,0.95000,-0.000934,2,2,0.00520438,True
400,505,1350,False,0.69500,0.121613,0.20000,-0.393873,True,P2_new,0.15750,-0.001047,2,2,0.01262425,True
400,506,1352,False,0.97000,0.429875,0.50500,-0.134681,True,P2_new,0.99250,-0.001967,2,2,0.00350097,True
400,507,1354,False,0.65250,0.044830,0.31250,-0.301034,True,P2_new,0.62250,-0.000238,2,2,0.02954841,True
400,508,1356,False,0.83000,0.248811,0.44000,-0.174423,True,P2_new,0.78250,-0.000953,3,3,0.01573884,True
400,509,1359,False,0.75750,0.190722,0.56750,-0.009906,False,no_switch,0.89500,-0.003388,3,3,0.01029335,True
400,510,1362,False,0.94250,0.396712,0.47250,-0.144930,True,P_multi,0.92000,-0.001027,2,2,0.00461586,True
400,511,1364,False,0.71250,0.125114,0.32750,-0.275676,True,P_multi,0.69000,-0.000512,2,2,0.01850706,True
400,512,1366,False,0.88250,0.322510,0.53250,-0.086803,True,P2_new,0.86000,-0.000093,3,3,0.00817883,True
400,513,1369,False,0.78250,0.217012,0.39500,-0.204340,True,P2_new,0.75000,-0.001314,2,2,0.00987008,True
400,514,1371,False,0.63750,0.092582,0.12500,-0.437323,True,P2_new,0.08750,-0.000293,2,2,0.00443348,True
400,515,1373,False,0.97750,0.451326,0.48500,-0.144452,True,P_multi,0.95500,-0.000621,2,2,0.00144586,True
400,516,1375,False,0.72750,0.129765,0.30000,-0.319114,True,P2_new,0.69000,-0.000049,2,2,0.02374568,True
400,517,1377,False,0.84750,0.270102,0.43250,-0.190909,True,P_multi,0.89250,-0.002041,2,4,0.01417508,True
400,518,1381,False,0.91250,0.356870,0.52000,-0.099608,True,P2_new,0.94750,-0.002148,3,3,0.00696412,True
400,519,1384,False,0.77000,0.194756,0.23000,-0.351034,True,P2_new,0.79750,-0.000040,2,4,0.01332926,True
400,520,1388,False,0.95250,0.418615,0.46000,-0.175425,True,P2_new,0.99250,-0.001215,4,4,0.00246329,True
400,521,1392,False,0.82000,0.246516,0.39000,-0.204689,True,P_multi,0.85500,-0.000851,2,2,0.01266044,True
400,522,1394,False,0.71750,0.162436,0.17250,-0.406296,True,P2_new,0.86750,-0.000912,2,2,0.00681446,True
400,523,1396,False,0.89500,0.357251,0.50250,-0.119194,True,P2_new,0.92000,-0.000867,3,3,0.00308264,True
400,524,1399,False,0.79250,0.252883,0.56500,-0.019059,True,P2_new,0.75250,-0.000011,3,3,0.00340909,True
400,525,1402,False,0.99750,0.473460,0.44250,-0.192557,True,P2_new,0.00250,-0.001261,2,4,0.00121421,True
400,526,1406,False,0.85750,0.271426,0.53000,-0.091912,True,P2_new,0.81750,-0.001942,2,2,0.01789856,True
400,527,1408,False,0.73750,0.146512,0.35000,-0.268627,True,P_multi,0.22250,-0.000003,3,3,0.02024123,True
400,528,1411,False,0.93000,0.366822,0.60000,-0.031066,True,P2_new,0.89250,-0.002247,3,3,0.00913760,True
400,529,1414,False,0.80500,0.221758,0.26500,-0.349607,True,P2_new,0.78000,-0.000117,2,5,0.01662634,True
400,530,1419,False,0.96250,0.415016,0.55500,-0.069336,True,P2_new,0.90750,-0.000574,3,3,0.00498260,True
400,531,1422,False,0.83750,0.248277,0.63250,0.019864,True,P2_new,0.77250,-0.000468,1,3,0.01937982,True
400,532,1425,False,0.88500,0.316715,0.49250,-0.132288,True,P2_new,0.76250,-0.000295,3,5,0.01080084,True
400,533,1430,False,0.92000,0.375236,0.58250,-0.044083,True,P2_new,0.08500,-0.000513,3,3,0.00440174,True
400,534,1433,False,0.71000,0.128309,0.16750,-0.415129,True,P2_new,0.77250,-0.000936,2,2,0.01595331,True
400,535,1435,False,0.81500,0.268344,0.45000,-0.159857,True,P2_new,0.84500,-0.000713,3,3,0.00480167,True
400,536,1438,False,0.98750,0.452734,0.54250,-0.100623,True,P2_new,0.96000,-0.001356,3,3,0.00259795,True
400,537,1441,False,0.76250,0.160474,0.62250,0.015381,False,no_switch,0.73250,-0.000007,1,3,0.02615580,True
400,538,1444,False,0.87000,0.296792,0.46750,-0.156992,True,P2_new,0.89750,-0.000608,2,2,0.01255743,True
400,539,1446,False,0.67750,0.093557,0.29750,-0.300903,True,P_multi,0.18250,-0.001688,2,2,0.01693641,True
400,540,1448,False,0.94000,0.382877,0.51750,-0.113635,True,P2_new,0.91000,-0.001037,3,3,0.00736768,True
400,541,1451,False,0.78500,0.192715,0.40250,-0.207595,True,P2_new,0.74000,-0.000804,2,4,0.02088847,True
400,542,1455,False,0.90000,0.345141,0.48000,-0.139204,True,P2_new,0.86000,-0.001335,2,2,0.00676073,True
400,543,1457,False,0.72500,0.144124,0.31000,-0.299747,True,P_multi,0.28000,-0.000268,2,2,0.01560634,True
400,544,1459,False,0.84250,0.298711,0.42750,-0.183848,True,P_multi,0.97250,-0.000446,3,3,0.00420295,True
400,545,1462,False,0.97250,0.432519,0.58500,-0.058316,True,P2_new,0.61000,-0.000279,3,3,0.00347479,True
400,546,1465,False,0.74500,0.146095,0.52500,-0.077035,True,P2_new,0.70250,-0.000100,3,3,0.02438880,True
400,547,1468,False,0.87750,0.315794,0.63000,0.020123,True,P2_new,0.90750,-0.000693,1,3,0.00868729,True
400,548,1471,False,0.80250,0.244615,0.44750,-0.156865,True,P2_new,0.94750,-0.002827,3,3,0.00757862,True
400,549,1474,False,0.95000,0.408215,0.56250,-0.067709,True,P2_new,0.98000,-0.001503,3,5,0.00381036,True
400,550,1479,False,0.85250,0.299359,0.50000,-0.101757,True,P2_new,0.90750,-0.000551,3,3,0.00631969,True
400,551,1482,False,0.76750,0.227866,0.33500,-0.237313,True,P2_new,0.91750,-0.000663,2,2,0.00341217,True
400,552,1484,False,0.98250,0.453716,0.60250,-0.035316,True,P2_new,0.92750,-0.000598,3,3,0.00175824,True
400,553,1487,False,0.72250,0.134256,0.24250,-0.363956,True,P2_new,0.69000,-0.000189,2,2,0.01891174,True
400,554,1489,False,0.90750,0.334411,0.52750,-0.105494,True,P2_new,0.87500,-0.001452,3,3,0.01251332,True
400,555,1492,False,0.81250,0.227138,0.63500,0.025795,False,no_switch,0.76250,-0.001780,1,4,0.01757337,True
400,556,1496,False,0.92750,0.376196,0.55500,-0.068495,True,P2_new,0.89000,-0.000990,3,3,0.00586610,True
400,557,1499,False,0.75250,0.167934,0.45250,-0.138509,True,P2_new,0.71750,-0.001230,2,2,0.01721449,True
400,558,1501,False,0.86250,0.309597,0.34000,-0.272430,True,P2_new,0.09250,-0.001529,2,4,0.00625970,True
400,559,1505,False,0.96000,0.429152,0.51000,-0.127533,True,P2_new,0.99250,-0.000455,2,2,0.00202834,True
400,560,1507,False,0.70250,0.097838,0.30500,-0.312877,True,P_multi,0.61750,-0.000668,2,2,0.02770815,True
400,561,1509,False,0.82250,0.247764,0.43000,-0.189984,True,P2_new,0.79750,-0.000008,2,2,0.01313397,True
400,562,1511,False,0.60000,0.022916,0.16250,-0.417402,True,P2_new,0.15250,-0.000685,2,2,0.01404975,True
400,563,1513,False,0.89250,0.355343,0.38000,-0.231272,True,P2_new,0.93500,-0.001027,2,2,0.00298288,True
400,564,1515,False,0.73250,0.158182,0.25250,-0.339474,True,P2_new,0.68250,-0.000624,2,3,0.01297483,True
400,565,1518,False,0.99250,0.466143,0.47000,-0.163403,True,P2_new,0.05250,-0.000016,2,2,0.00146668,True
400,566,1520,False,0.77750,0.170032,0.32750,-0.301627,True,P2_new,0.68000,-0.000817,2,4,0.02942268,True
400,567,1524,False,0.87250,0.300508,0.50250,-0.120001,True,P2_new,0.85000,-0.000179,3,3,0.01210932,True
400,568,1527,False,0.80000,0.235097,0.58250,-0.010407,True,P2_new,0.83000,-0.000568,3,3,0.00968153,True
400,569,1530,False,0.93750,0.382983,0.42250,-0.211356,True,P2_new,0.00250,-0.006735,2,4,0.00667156,True
400,570,1534,False,0.84000,0.276690,0.52250,-0.092231,True,P2_new,0.76000,-0.001466,3,3,0.00917860,True
400,571,1537,False,0.74250,0.194754,0.38000,-0.194706,True,P2_new,0.91750,-0.001147,2,2,0.00504075,True
400,572,1539,False,0.96750,0.428086,0.59750,-0.033805,True,P2_new,0.92250,-0.001366,3,3,0.00337274,True
400,573,1542,False,0.77000,0.187951,0.46000,-0.149266,True,P2_new,0.71250,-0.000186,3,3,0.01610716,True
400,574,1545,False,0.90250,0.338263,0.55500,-0.067012,True,P2_new,0.97500,-0.006944,3,3,0.00946945,True
400,575,1548,False,0.70750,0.136078,0.20000,-0.372651,True,P2_new,0.81500,-0.001215,2,2,0.01190230,True
400,576,1550,False,0.85750,0.311818,0.48250,-0.125909,True,P2_new,0.92000,-0.000246,2,2,0.00459325,True
400,577,1552,False,0.64500,0.087072,0.25250,-0.324608,True,P2_new,0.11250,-0.000440,2,2,0.00759063,True
400,578,1554,False,0.94750,0.416583,0.41500,-0.207096,True,P2_new,0.97500,-0.000307,2,2,0.00203770,True
400,579,1556,False,0.75000,0.160588,0.31250,-0.292614,True,P2_new,0.78250,-0.000500,2,4,0.01947079,True
400,580,1560,False,0.91500,0.378753,0.50000,-0.115381,True,P2_new,0.88500,-0.000004,2,2,0.00283304,True
400,581,1562,False,0.79500,0.215627,0.35250,-0.268379,True,P2_new,0.69250,-0.000647,2,2,0.01497769,True
400,582,1564,False,0.66750,0.094018,0.20750,-0.380461,True,P2_new,0.64000,-0.000647,2,2,0.01265960,True
400,583,1566,False,0.99500,0.471031,0.53250,-0.109196,True,P2_new,0.00500,-0.001198,3,3,0.00120683,True
400,584,1569,False,0.82250,0.221632,0.61500,-0.004184,True,P2_new,0.78000,-0.001190,3,3,0.02549100,True
400,585,1572,False,0.87500,0.297189,0.46000,-0.169738,True,P2_new,0.73250,-0.000021,2,2,0.01434074,True
400,586,1574,False,0.71500,0.114001,0.31750,-0.293911,True,P_multi,0.18000,-0.006143,3,3,0.02556601,True
400,587,1577,False,0.93000,0.375106,0.56250,-0.070320,True,P2_new,0.95500,-0.000839,3,3,0.00677008,True
400,588,1580,False,0.76750,0.177185,0.23500,-0.363502,True,P2_new,0.70250,-0.003550,2,4,0.01991015,True
400,589,1584,False,0.88750,0.341958,0.47750,-0.146017,True,P2_new,0.85000,-0.000081,3,3,0.00456394,True
400,590,1587,False,0.80750,0.255182,0.58000,-0.011085,True,P2_new,0.74000,-0.000777,3,3,0.00611409,True
400,591,1590,False,0.97500,0.433884,0.43750,-0.198583,True,P2_new,0.00250,-0.003771,2,4,0.00368401,True
400,592,1594,False,0.84250,0.264821,0.52500,-0.096147,True,P2_new,0.78250,-0.000921,3,3,0.01428768,True
400,593,1597,False,0.74250,0.175054,0.39250,-0.187352,True,P2_new,0.67500,-0.002616,2,2,0.01051663,True
400,594,1599,False,0.95500,0.407729,0.60250,-0.029719,True,P2_new,0.92250,-0.000576,3,3,0.00493568,True
400,595,1602,False,0.78250,0.196595,0.46750,-0.145673,True,P2_new,0.81000,-0.001060,3,3,0.01782142,True
400,596,1605,False,0.89750,0.335557,0.55750,-0.065407,True,P2_new,0.87000,-0.000489,3,5,0.00875894,True
400,597,1610,False,0.86000,0.318570,0.44250,-0.167507,True,P2_new,0.92250,-0.000440,2,2,0.00374297,True
400,598,1612,False,0.64500,0.078659,0.14000,-0.429720,True,P2_new,0.10250,-0.004453,2,2,0.01014897,True
400,599,1614,False,0.98500,0.453395,0.50750,-0.129915,True,P_multi,0.94250,-0.001052,3,6,0.00213255,True
400,600,1620,False,0.91750,0.348553,0.42250,-0.204573,True,P2_new,0.88000,-0.000710,2,4,0.01102808,True
400,601,1624,False,0.82500,0.246165,0.52250,-0.088575,True,P2_new,0.93500,-0.007416,3,3,0.01475652,True
400,602,1627,False,0.94000,0.389123,0.61250,-0.019484,True,P2_new,0.88000,-0.000287,3,3,0.00576341,True
400,603,1630,False,0.74750,0.156584,0.26250,-0.341333,True,P2_new,0.77500,-0.000113,2,2,0.02020535,True
400,604,1632,False,0.85000,0.283990,0.47750,-0.147120,True,P2_new,0.81250,-0.000934,2,2,0.01004020,True
400,605,1634,False,0.65750,0.077206,0.20500,-0.388224,True,P2_new,0.18500,-0.000822,2,2,0.01536093,True
400,606,1636,False,0.96500,0.429353,0.43500,-0.202343,True,P2_new,0.90500,-0.000973,2,2,0.00273644,True
400,607,1638,False,0.71500,0.107666,0.32500,-0.290407,True,P_multi,0.59250,-0.001102,2,2,0.02933927,True
400,608,1640,False,0.80250,0.221761,0.54000,-0.076434,True,P2_new,0.87250,-0.001696,3,3,0.01554832,True
400,609,1643,False,0.89000,0.330843,0.46250,-0.158493,True,P_multi,0.98000,-0.006286,2,4,0.00793821,True
400,610,1647,False,0.83500,0.299296,0.37000,-0.238528,True,P2_new,0.92500,-0.000002,2,2,0.00274568,True
400,611,1649,False,0.68500,0.136426,0.25750,-0.312686,True,P2_new,0.58750,-0.000497,2,2,0.00522656,True
400,612,1651,False,0.98000,0.456020,0.51750,-0.117731,True,P2_new,0.95000,-0.000755,2,2,0.00120799,True
400,613,1653,False,0.75250,0.152342,0.34250,-0.282810,True,P_multi,0.60000,-0.001025,2,4,0.02508913,True
400,614,1657,False,0.90750,0.343525,0.44250,-0.178961,True,P_multi,0.88000,-0.000885,2,2,0.00938657,True
400,615,1659,False,0.72250,0.136690,0.28000,-0.323443,True,P2_new,0.78000,-0.000082,2,2,0.01777790,True
400,616,1661,False,0.86500,0.307082,0.50250,-0.118319,True,P2_new,0.81750,-0.000568,3,5,0.00758804,True
400,617,1666,False,0.94500,0.407729,0.41000,-0.222059,True,P2_new,0.99750,-0.002025,2,2,0.00300212,True
400,618,1668,False,0.77500,0.177579,0.54750,-0.072519,True,P2_new,0.61000,-0.000099,3,3,0.02357523,True
400,619,1671,False,0.82000,0.267659,0.45500,-0.146283,True,P2_new,0.87500,-0.001597,3,3,0.00611969,True
400,620,1674,False,0.99750,0.475952,0.61750,-0.025972,True,P2_new,0.92500,-0.000092,3,5,0.00097045,True
400,621,1679,False,0.88000,0.296192,0.30500,-0.328223,True,P2_new,0.21250,-0.000295,2,4,0.01687632,True
400,622,1683,False,0.80000,0.228475,0.43750,-0.173699,True,P2_new,0.84000,-0.000263,2,2,0.01193955,True
400,623,1685,False,0.92500,0.360909,0.55750,-0.081412,True,P2_new,0.95000,-0.001515,3,3,0.00942334,True
400,624,1688,False,0.70750,0.120500,0.18750,-0.404792,True,P2_new,0.74250,-0.000592,2,2,0.01832675,True
400,625,1690,False,0.84750,0.287417,0.47500,-0.143977,True,P2_new,0.89500,-0.001142,2,2,0.00820600,True
400,626,1692,False,0.62500,0.053279,0.25250,-0.329107,True,P2_new,0.26500,-0.000217,2,2,0.01201052,True
400,627,1694,False,0.95750,0.409208,0.41250,-0.213241,True,P2_new,0.92000,-0.002858,2,2,0.00516299,True
400,628,1696,False,0.75500,0.153390,0.52750,-0.084036,True,P2_new,0.69500,-0.001756,3,3,0.02591590,True
400,629,1699,False,0.89500,0.331332,0.59000,-0.030621,True,P2_new,0.87250,-0.000317,3,3,0.00929015,True
400,630,1702,False,0.78750,0.214450,0.44000,-0.160024,True,P2_new,0.72750,-0.001269,3,3,0.01249881,True
400,631,1705,False,0.97000,0.431008,0.65000,0.014468,True,P2_new,0.93500,-0.000316,1,3,0.00329802,True
400,632,1708,False,0.72500,0.128753,0.26250,-0.343470,True,P2_new,0.76000,-0.001167,2,2,0.02294360,True
400,633,1710,False,0.85500,0.277970,0.50750,-0.120607,True,P2_new,0.90000,-0.002842,3,5,0.01402832,True
400,634,1715,False,0.93250,0.381865,0.56250,-0.056312,True,P2_new,0.97750,-0.003432,3,3,0.00570567,True
400,635,1718,False,0.81000,0.231242,0.46000,-0.142391,True,P2_new,0.78250,-0.000949,3,3,0.01472520,True
400,636,1721,False,0.88250,0.336055,0.61250,-0.002619,True,P2_new,0.74750,-0.000120,3,3,0.00475599,True
400,637,1724,False,0.74500,0.184986,0.22250,-0.362902,True,P2_new,0.81750,-0.004710,2,2,0.00818593,True
400,638,1726,False,0.98750,0.456692,0.51750,-0.127764,True,P2_new,0.96250,-0.001430,2,2,0.00202296,True
400,639,1728,False,0.66500,0.049314,0.37000,-0.248400,True,P2_new,0.40750,-0.002556,2,2,0.03482360,True
400,640,1730,False,0.83000,0.244681,0.44250,-0.175952,True,P2_new,0.80250,-0.000874,3,3,0.01755425,True
400,641,1733,False,0.77000,0.201972,0.57000,-0.016667,True,P2_new,0.91000,-0.000462,3,3,0.01071315,True
400,642,1736,False,0.91750,0.360952,0.48250,-0.131382,True,P2_new,0.99000,-0.005365,2,2,0.00721075,True
400,643,1738,False,0.70000,0.117306,0.31000,-0.288839,True,P_multi,0.66000,-0.001602,2,2,0.01638689,True
400,644,1740,False,0.95000,0.402723,0.54000,-0.091779,True,P2_new,0.87000,-0.000410,3,3,0.00493703,True
400,645,1743,False,0.79250,0.199120,0.41250,-0.201858,True,P2_new,0.75750,-0.000606,2,4,0.02144479,True
400,646,1747,False,0.87000,0.309974,0.46250,-0.150602,True,P2_new,0.96250,-0.005288,2,2,0.00818948,True
400,647,1749,False,0.72250,0.154602,0.29000,-0.311942,True,P2_new,0.27750,-0.000297,2,2,0.01066909,True
400,648,1751,False,0.97500,0.442386,0.55750,-0.082920,True,P2_new,0.06000,-0.000290,3,3,0.00227574,True
400,649,1754,False,0.81500,0.221744,0.49750,-0.119257,True,P2_new,0.77750,-0.000249,3,4,0.02138144,True
400,650,1758,False,0.90250,0.338274,0.40250,-0.231734,True,P2_new,0.86500,-0.002176,2,4,0.00946599,True
400,651,1762,False,0.84500,0.286068,0.47000,-0.135140,True,P2_new,0.78000,-0.000736,3,3,0.00787403,True
400,652,1765,False,0.75250,0.197616,0.33000,-0.245629,True,P_multi,0.93750,-0.003570,2,2,0.00676735,True
400,653,1767,False,0.94250,0.410386,0.56750,-0.061166,True,P2_new,0.99000,-0.000807,3,3,0.00220423,True
400,654,1770,False,0.70750,0.130165,0.42500,-0.152568,True,P2_new,0.68000,-0.000381,3,3,0.01414998,True
400,655,1773,False,0.88500,0.350775,0.52500,-0.077712,True,P2_new,0.91000,-0.000676,3,3,0.00251489,True
400,656,1776,False,0.78500,0.237173,0.36750,-0.213122,True,P_multi,0.75000,-0.002070,2,2,0.00505878,True
400,657,1778,False,0.99250,0.467645,0.60750,-0.034369,True,P2_new,0.01250,-0.001235,3,3,0.00130019,True
400,658,1781,False,0.73500,0.138048,0.26500,-0.350666,True,P2_new,0.69750,-0.000874,2,2,0.02332158,True
400,659,1783,False,0.85250,0.276484,0.50500,-0.118457,True,P2_new,0.89250,-0.001944,3,5,0.01362891,True
400,660,1788,False,0.92750,0.371671,0.56000,-0.056472,True,P2_new,0.95250,-0.001008,3,3,0.00701731,True
400,661,1791,False,0.80250,0.224308,0.42250,-0.181692,True,P2_new,0.77750,-0.000578,2,2,0.01449460,True
400,662,1793,False,0.70000,0.142609,0.16250,-0.418071,True,P2_new,0.65250,-0.000780,2,2,0.00744169,True
400,663,1795,False,0.96250,0.418130,0.49000,-0.146921,True,P_multi,0.91000,-0.001565,2,2,0.00432076,True
400,664,1797,False,0.63000,0.025265,0.30000,-0.305115,True,P2_new,0.31750,-0.002022,2,2,0.02775207,True
400,665,1799,False,0.83500,0.256890,0.39500,-0.214274,True,P_multi,0.86500,-0.000155,2,2,0.01446133,True
400,666,1801,False,0.75000,0.178094,0.21750,-0.380041,True,P2_new,0.69000,-0.002313,2,3,0.01207777,True
400,667,1804,False,0.91000,0.360542,0.44000,-0.181598,True,P_multi,0.07000,-0.002768,3,5,0.00542932,True
400,668,1809,False,0.97750,0.446166,0.53500,-0.095485,True,P2_new,0.87750,-0.000009,2,2,0.00209490,True
400,669,1811,False,0.77750,0.172257,0.37000,-0.258998,True,P_multi,0.74250,-0.001566,2,2,0.02805828,True
400,670,1813,False,0.64000,0.050347,0.20750,-0.385093,True,P2_new,0.86250,-0.002320,2,2,0.01958767,True
400,671,1815,False,0.87250,0.297106,0.47250,-0.146908,True,P2_new,0.77500,-0.011402,2,2,0.01338711,True
400,672,1817,False,0.72500,0.148703,0.28500,-0.321001,True,P2_new,0.27250,-0.000950,2,2,0.01373885,True
400,673,1819,False,0.93500,0.384020,0.55000,-0.085242,True,P2_new,0.89750,-0.000261,3,3,0.00578806,True
400,674,1822,False,0.81250,0.227499,0.44500,-0.165907,True,P2_new,0.77250,-0.001661,3,4,0.01741007,True
400,675,1826,False,0.89250,0.348319,0.39000,-0.234643,True,P2_new,0.86250,-0.001027,2,4,0.00428230,True
400,676,1830,False,0.84000,0.312098,0.49500,-0.101466,True,P2_new,0.79000,-0.000094,3,3,0.00164912,True
400,677,1833,False,0.99000,0.467141,0.63250,-0.004357,True,P2_new,0.96750,-0.000310,3,3,0.00109514,True
400,678,1836,False,0.75250,0.147465,0.43750,-0.176588,True,P2_new,0.84250,-0.009303,3,3,0.02793275,True
400,679,1839,False,0.86250,0.294420,0.56000,-0.054931,True,P2_new,0.90500,-0.000570,3,3,0.01073093,True
400,680,1842,False,0.78250,0.221113,0.47000,-0.113862,True,P2_new,0.71750,-0.000056,3,3,0.00859140,True
400,681,1845,False,0.95250,0.399976,0.65000,0.022148,True,P2_new,0.92500,-0.001100,1,3,0.00616526,True
400,682,1848,False,0.71750,0.133427,0.24250,-0.356841,True,P2_new,0.75500,-0.001642,2,2,0.01699410,True
400,683,1850,False,0.90500,0.343001,0.51500,-0.118506,True,P2_new,0.85000,-0.002054,3,3,0.00877584,True
400,684,1853,False,0.80250,0.226281,0.58500,-0.018982,True,P2_new,0.77000,-0.000682,3,3,0.01370844,True
400,685,1856,False,0.94000,0.402343,0.44500,-0.190117,True,P2_new,0.96500,-0.000057,2,4,0.00306717,True
400,686,1860,False,0.83000,0.261110,0.49750,-0.116863,True,P2_new,0.76750,-0.000726,3,3,0.01100823,True
400,687,1863,False,0.74000,0.188171,0.37250,-0.206185,True,P2_new,0.65750,-0.001934,2,2,0.00599369,True
400,688,1865,False,0.97000,0.441946,0.57000,-0.063579,True,P2_new,0.99750,-0.000869,3,3,0.00166766,True
400,689,1868,False,0.77000,0.184055,0.43500,-0.170897,True,P2_new,0.70250,-0.000468,2,2,0.01783940,True
400,690,1870,False,0.87750,0.309854,0.61000,-0.013936,True,P2_new,0.65500,-0.001917,4,6,0.01058375,True
400,691,1876,False,0.92000,0.385993,0.36000,-0.254670,True,P2_new,0.94500,-0.001305,2,2,0.00248173,True
400,692,1878,False,0.65500,0.077622,0.20000,-0.381739,True,P2_new,0.79250,-0.001744,2,2,0.01416700,True
400,693,1880,False,0.84500,0.299267,0.51750,-0.086952,True,P2_new,0.82250,-0.000159,3,3,0.00460419,True
400,694,1883,False,0.99750,0.478108,0.58750,-0.049080,True,P2_new,0.00250,-0.000790,3,3,0.00078246,True
400,695,1886,False,0.78000,0.174520,0.30250,-0.308863,True,P2_new,0.14500,-0.017110,2,2,0.02820137,True
400,696,1888,False,0.72000,0.131815,0.46750,-0.123001,True,P2_new,0.69500,-0.000103,2,2,0.01888354,True
400,697,1890,False,0.89500,0.325660,0.34500,-0.276963,True,P2_new,0.13500,-0.001089,2,4,0.01116419,True
400,698,1894,False,0.82000,0.257130,0.50250,-0.101202,True,P2_new,0.85250,-0.000717,3,3,0.00904230,True
400,699,1897,False,0.95750,0.405625,0.57500,-0.054195,True,P2_new,0.88750,-0.004938,3,3,0.00600505,True
400,700,1900,False,0.75250,0.160733,0.27500,-0.319745,True,P2_new,0.78500,-0.001301,2,2,0.02062821,True
400,701,1902,False,0.86500,0.295770,0.52750,-0.092913,True,P2_new,0.90000,-0.001654,3,5,0.01112623,True
400,702,1907,False,0.93000,0.382503,0.60250,-0.012998,True,P2_new,0.96500,-0.001258,3,3,0.00498561,True
400,703,1910,False,0.79500,0.221178,0.45500,-0.148728,True,P2_new,0.75000,-0.002561,3,3,0.01278725,True
400,704,1913,False,0.98000,0.441802,0.64250,0.005920,True,P2_new,0.90750,-0.000822,1,3,0.00315952,True
400,705,1916,False,0.73750,0.136462,0.49750,-0.110984,True,P2_new,0.76000,-0.000277,3,3,0.02558796,True
400,706,1919,False,0.88000,0.302109,0.56250,-0.051065,True,P2_new,0.85500,-0.000130,3,3,0.01437315,True
400,707,1922,False,0.82750,0.253987,0.42500,-0.179284,True,P2_new,0.79000,-0.001242,2,2,0.01267143,True
400,708,1924,False,0.69750,0.127583,0.17750,-0.409037,True,P2_new,0.74500,-0.002199,2,2,0.01136612,True
400,709,1926,False,0.94500,0.396060,0.51750,-0.115374,True,P2_new,0.92250,-0.000429,3,3,0.00531006,True
400,710,1929,False,0.77000,0.184298,0.60750,0.013183,False,no_switch,0.83750,-0.003473,1,3,0.01772834,True
400,711,1932,False,0.90750,0.354079,0.44750,-0.177298,True,P_multi,0.87250,-0.001429,2,2,0.00639047,True
400,712,1934,False,0.67250,0.085150,0.28250,-0.311741,True,P_multi,0.71000,-0.000560,2,2,0.01849050,True
400,713,1936,False,0.84750,0.296195,0.49000,-0.117114,True,P2_new,0.81750,-0.000818,3,3,0.00586632,True
400,714,1939,False,0.74500,0.213011,0.36250,-0.211051,True,P2_new,0.97250,-0.000169,2,2,0.00218648,True
400,715,1941,False,0.98500,0.454767,0.57000,-0.065326,True,P2_new,0.01500,-0.001847,3,3,0.00194571,True
400,716,1944,False,0.80000,0.209895,0.46000,-0.153183,True,P2_new,0.71250,-0.001372,2,2,0.01980753,True
400,717,1946,False,0.65500,0.076519,0.19750,-0.392964,True,P2_new,0.68250,-0.000250,2,2,0.01461197,True
400,718,1948,False,0.91750,0.357380,0.40750,-0.215642,True,P2_new,0.89250,-0.000207,2,2,0.00821690,True
400,719,1950,False,0.71250,0.119369,0.27000,-0.329141,True,P2_new,0.74750,-0.001736,2,2,0.02131715,True
400,720,1952,False,0.86000,0.297483,0.53000,-0.094079,True,P2_new,0.59000,-0.002252,3,3,0.00893391,True
400,721,1955,False,0.77500,0.228358,0.17250,-0.412577,True,P2_new,0.96250,-0.000635,2,3,0.00479865,True
400,722,1958,False,0.96500,0.424093,0.44000,-0.198047,True,P2_new,0.05500,-0.002099,2,2,0.00364495,True
400,723,1960,False,0.68000,0.080693,0.28500,-0.325268,True,P_multi,0.65250,-0.000572,2,2,0.02461209,True
400,724,1962,False,0.83250,0.265550,0.49500,-0.120483,True,P2_new,0.88500,-0.000024,3,3,0.01035056,True
400,725,1965,False,0.89750,0.347563,0.57250,-0.049783,True,P2_new,0.93250,-0.000367,3,3,0.00554069,True
400,726,1968,False,0.73750,0.169807,0.23500,-0.349581,True,P2_new,0.09000,-0.006189,2,2,0.01059982,True
400,727,1970,False,0.95000,0.416416,0.51500,-0.119301,True,P2_new,0.97250,-0.000645,2,2,0.00241821,True
400,728,1972,False,0.65000,0.045690,0.31000,-0.296267,True,P2_new,0.68250,-0.001000,2,2,0.02749759,True
400,729,1974,False,0.81000,0.240766,0.42000,-0.186584,True,P2_new,0.83750,-0.001255,3,3,0.01112759,True
400,730,1977,False,0.87500,0.337826,0.55750,-0.054185,True,P2_new,0.92500,-0.000882,3,3,0.00298583,True
400,731,1980,False,0.71750,0.165526,0.37750,-0.179675,True,P2_new,0.75000,-0.000577,2,2,0.00602941,True
400,732,1982,False,0.99500,0.473017,0.60250,-0.029532,True,P2_new,0.02750,-0.000609,3,3,0.00101100,True
400,733,1985,False,0.78250,0.186893,0.47250,-0.141609,True,P2_new,0.81500,-0.001590,3,3,0.02260343,True
400,734,1988,False,0.91250,0.341984,0.63500,0.008136,True,P2_new,0.89000,-0.000207,1,3,0.01157786,True
400,735,1991,False,0.75250,0.169399,0.25750,-0.348342,True,P2_new,0.82250,-0.000375,2,2,0.01656479,True
400,736,1993,False,0.85000,0.286166,0.51250,-0.110953,True,P2_new,0.87750,-0.001254,3,3,0.00934219,True
400,737,1996,False,0.68250,0.126325,0.35000,-0.207897,True,P2_new,0.93750,-0.001440,2,2,0.00711001,True
400,738,1998,False,0.96000,0.413530,0.56250,-0.062310,True,P2_new,0.00500,-0.004745,3,3,0.00476145,True
400,739,2001,False,0.80500,0.222099,0.45000,-0.158305,True,P2_new,0.85750,-0.002490,3,3,0.01647705,True
400,740,2004,False,0.88750,0.326866,0.61250,-0.008246,True,P2_new,0.92500,-0.000628,3,3,0.00836772,True
400,741,2007,False,0.73000,0.160786,0.22750,-0.361441,True,P2_new,0.82000,-0.004351,2,2,0.01112062,True
400,742,2009,False,0.93500,0.391099,0.50250,-0.131684,True,P2_new,0.97250,-0.000915,2,2,0.00422564,True
400,743,2011,False,0.66000,0.061423,0.30500,-0.300498,True,P2_new,0.59750,-0.002400,2,2,0.02420744,True
400,744,2013,False,0.82750,0.265633,0.42500,-0.184381,True,P_multi,0.79500,-0.001124,3,3,0.00873589,True
400,745,2016,False,0.97500,0.439878,0.57750,-0.063029,True,P2_new,0.76250,-0.000190,2,2,0.00265343,True
400,746,2018,False,0.70500,0.089941,0.34500,-0.283840,True,P2_new,0.35250,-0.000453,2,2,0.03439104,True
400,747,2020,False,0.78500,0.199370,0.46750,-0.149902,True,P2_new,0.84250,-0.001395,3,3,0.01769557,True
400,748,2023,False,0.87250,0.309090,0.54500,-0.070201,True,P2_new,0.89500,-0.000147,3,3,0.00920963,True
400,749,2026,False,0.74500,0.192363,0.39500,-0.175309,True,P2_new,0.92250,-0.000940,2,2,0.00619321,True
400,750,2028,False,0.92500,0.384442,0.60500,-0.014760,True,P2_new,0.06750,-0.001099,3,3,0.00358028,True
400,751,2031,False,0.68000,0.117687,0.35750,-0.212854,True,P2_new,0.81250,-0.000549,2,2,0.00887155,True
400,752,2033,False,0.98250,0.454583,0.50500,-0.128137,True,P_multi,0.05250,-0.000130,2,2,0.00165094,True
400,753,2035,False,0.80000,0.193444,0.31500,-0.316861,True,P2_new,0.77500,-0.000259,2,4,0.02885837,True
400,754,2039,False,0.85500,0.277244,0.45250,-0.170973,True,P2_new,0.88000,-0.000712,2,2,0.01431868,True
400,755,2041,False,0.72000,0.139163,0.27500,-0.326533,True,P2_new,0.67750,-0.001777,2,2,0.01558976,True
400,756,2043,False,0.90500,0.348989,0.53250,-0.099074,True,P2_new,0.94000,-0.000890,3,3,0.00706588,True
400,757,2046,False,0.76750,0.200448,0.20750,-0.387570,True,P2_new,0.81250,-0.001308,2,4,0.01038452,True
400,758,2050,False,0.94750,0.408212,0.44000,-0.188746,True,P2_new,0.98750,-0.002117,2,2,0.00335035,True
400,759,2052,False,0.68750,0.095071,0.29750,-0.303973,True,P_multi,0.72250,-0.001522,2,2,0.02096116,True
400,760,2054,False,0.83500,0.270696,0.50000,-0.110709,True,P2_new,0.86000,-0.000932,3,3,0.00949056,True
400,761,2057,False,0.89000,0.356403,0.57000,-0.047881,True,P2_new,0.91500,-0.000565,3,3,0.00242020,True
400,762,2060,False,0.74000,0.183732,0.23000,-0.350968,True,P2_new,0.77250,-0.000911,2,2,0.00713512,True
400,763,2062,False,0.99000,0.467671,0.48000,-0.160842,True,P2_new,0.00500,-0.001026,2,4,0.00104374,True
400,764,2066,False,0.81000,0.222394,0.42250,-0.187337,True,P2_new,0.84000,-0.001443,2,2,0.01861050,True
400,765,2068,False,0.70750,0.138302,0.19250,-0.401212,True,P2_new,0.14000,-0.000002,2,2,0.01111486,True
400,766,2070,False,0.92000,0.360515,0.53500,-0.097667,True,P2_new,0.95250,-0.001494,3,3,0.00803255,True
400,767,2073,False,0.78000,0.205796,0.25250,-0.343036,True,P2_new,0.84500,-0.000707,2,4,0.01293150,True
400,768,2077,False,0.95500,0.409391,0.46500,-0.166942,True,P_multi,0.87750,-0.000950,2,2,0.00457790,True
400,769,2079,False,0.68250,0.084539,0.30500,-0.299181,True,P_multi,0.72250,-0.000266,2,2,0.02386897,True
400,770,2081,False,0.86000,0.280905,0.51500,-0.104384,True,P2_new,0.77750,-0.006931,3,3,0.01486318,True
400,771,2084,False,0.75750,0.190033,0.39250,-0.196469,True,P2_new,0.79500,-0.000404,2,2,0.01052341,True
400,772,2086,False,0.90000,0.358169,0.57500,-0.045307,True,P2_new,0.93250,-0.000380,3,3,0.00381923,True
400,773,2089,False,0.71750,0.161789,0.15250,-0.422102,True,P2_new,0.80250,-0.000486,2,2,0.00698592,True
400,774,2091,False,0.97000,0.438217,0.47500,-0.167631,True,P_multi,0.94000,-0.001371,2,4,0.00215750,True
400,775,2095,False,0.82500,0.240885,0.42500,-0.183819,True,P2_new,0.08250,-0.013238,3,3,0.01701281,True
400,776,2098,False,0.79000,0.231150,0.55000,-0.038044,True,P2_new,0.87500,-0.000093,3,3,0.00785077,True
400,777,2101,False,0.93250,0.390965,0.60750,-0.008843,True,P2_new,0.88500,-0.001821,3,3,0.00376297,True
400,778,2104,False,0.73750,0.171831,0.20000,-0.386595,True,P2_new,0.84750,-0.000733,2,2,0.00992901,True
400,779,2106,False,0.87500,0.327830,0.48250,-0.139653,True,P2_new,0.94000,-0.004002,3,3,0.00491362,True
400,780,2109,False,0.68500,0.140487,0.10250,-0.448501,True,P2_new,0.76750,-0.002375,2,2,0.00435005,True
400,781,2111,False,0.99750,0.480789,0.53000,-0.109518,True,P2_new,0.96750,-0.000753,3,3,0.00057786,True
400,782,2114,False,0.80500,0.205446,0.62000,0.007549,False,no_switch,0.78250,-0.000436,1,3,0.02475003,True
400,783,2117,False,0.88750,0.313079,0.45250,-0.177806,True,P_multi,0.85250,-0.000041,2,2,0.01301384,True
400,784,2119,False,0.71000,0.111909,0.31750,-0.292058,True,P_multi,0.67500,-0.000883,2,2,0.02394053,True
400,785,2121,False,0.84250,0.281229,0.51250,-0.104157,True,P2_new,0.94000,-0.000675,3,3,0.00855689,True
400,786,2124,False,0.94250,0.388563,0.58500,-0.051022,True,P2_new,0.75500,-0.002004,3,3,0.00652191,True
400,787,2127,False,0.75250,0.158038,0.26500,-0.338133,True,P2_new,0.70250,-0.002298,2,4,0.02200318,True
400,788,2131,False,0.91250,0.364126,0.46750,-0.161421,True,P_multi,0.96250,-0.000602,2,2,0.00518135,True
400,789,2133,False,0.61000,0.028767,0.23000,-0.351393,True,P2_new,0.77750,-0.000027,2,2,0.01575772,True
400,790,2135,False,0.81750,0.262899,0.39500,-0.201200,True,P_multi,0.85000,-0.000847,2,2,0.00669342,True
400,791,2137,False,0.97250,0.432351,0.53750,-0.101716,True,P2_new,0.07000,-0.000958,2,2,0.00350541,True
400,792,2139,False,0.70250,0.088230,0.31000,-0.317853,True,P1,0.30500,-0.000525,2,2,0.03385206,True
400,793,2141,False,0.78250,0.198926,0.43500,-0.180150,True,P2_new,0.85250,-0.001060,3,3,0.01677283,True
400,794,2144,False,0.87000,0.308147,0.57000,-0.046009,True,P2_new,0.89250,-0.000518,3,3,0.00873167,True
400,795,2147,False,0.73250,0.182759,0.38000,-0.191010,True,P2_new,0.68000,-0.000714,2,2,0.00549497,True
400,796,2149,False,0.95750,0.417232,0.51000,-0.118030,True,P2_new,0.93000,-0.000688,2,2,0.00352717,True
400,797,2151,False,0.65250,0.054303,0.22750,-0.378515,True,P2_new,0.21500,-0.000952,2,2,0.02399838,True
400,798,2153,False,0.83750,0.267529,0.41750,-0.196667,True,P_multi,0.88000,-0.001362,3,3,0.01138526,True
400,799,2156,False,0.76250,0.209889,0.54750,-0.031184,True,P2_new,0.90250,-0.000157,3,3,0.00618687,True
400,800,2159,False,0.92500,0.386159,0.46500,-0.144157,True,P_multi,0.98500,-0.001246,2,2,0.00327135,True
400,801,2161,False,0.68250,0.104966,0.20250,-0.385696,True,P2_new,0.64500,-0.001364,2,2,0.01422973,True
400,802,2163,False,0.89250,0.355179,0.38750,-0.232146,True,P2_new,0.86250,-0.000482,2,4,0.00301043,True
400,803,2167,False,0.80250,0.264714,0.33250,-0.258890,True,P2_new,0.98750,-0.001305,2,2,0.00308900,True
400,804,2169,False,0.98750,0.458874,0.52500,-0.119637,True,P2_new,0.01000,-0.001699,2,2,0.00173844,True
400,805,2171,False,0.70500,0.088930,0.29250,-0.332018,True,P2_new,0.66750,-0.000221,2,3,0.03509050,True
400,806,2174,False,0.85500,0.281933,0.41000,-0.216362,True,P_multi,0.16500,-0.001848,3,3,0.01250480,True
400,807,2177,False,0.75250,0.186049,0.48250,-0.098162,True,P2_new,0.80750,-0.002130,2,2,0.01018522,True
400,808,2179,False,0.93750,0.389861,0.34500,-0.283330,True,P2_new,0.09000,-0.000622,2,4,0.00501686,True
400,809,2183,False,0.82000,0.252665,0.51500,-0.092316,True,P2_new,0.79750,-0.000556,3,3,0.01047921,True
400,810,2186,False,0.90500,0.364350,0.43000,-0.193774,True,P2_new,0.96500,-0.000705,2,2,0.00359728,True
400,811,2188,False,0.68750,0.092249,0.28500,-0.312655,True,P_multi,0.63250,-0.001448,2,2,0.02241569,True
400,812,2190,False,0.77750,0.234807,0.54750,-0.038966,True,P2_new,0.74750,-0.001051,3,3,0.00398561,True
400,813,2193,False,0.97750,0.446397,0.45500,-0.176530,True,P2_new,0.00250,-0.002147,2,4,0.00206314,True
400,814,2197,False,0.86250,0.287815,0.50250,-0.107602,True,P2_new,0.81750,-0.001640,3,3,0.01311470,True
400,815,2200,False,0.74000,0.167558,0.37250,-0.200211,True,P2_new,0.78750,-0.001248,2,2,0.01227405,True
400,816,2202,False,0.95000,0.406661,0.58750,-0.041244,True,P2_new,0.92000,-0.000270,3,3,0.00411305,True
400,817,2205,False,0.79750,0.208702,0.44250,-0.169762,True,P2_new,0.77500,-0.000856,2,2,0.01917549,True
400,818,2207,False,0.67750,0.103045,0.18000,-0.408720,True,P2_new,0.13750,-0.001938,2,2,0.01302689,True
400,819,2209,False,0.88500,0.333697,0.49000,-0.128711,True,P2_new,0.91000,-0.000556,3,3,0.00586581,True
400,820,2212,False,0.76000,0.213942,0.14000,-0.429941,True,P2_new,0.72750,-0.000305,2,3,0.00467310,True
400,821,2215,False,0.96500,0.442607,0.40250,-0.232676,True,P2_new,0.99250,-0.000063,2,2,0.00104988,True
400,822,2217,False,0.70000,0.104326,0.26250,-0.344964,True,P2_new,0.66000,-0.000205,2,2,0.02263873,True
400,823,2219,False,0.84000,0.269632,0.51750,-0.104177,True,P2_new,0.89500,-0.002921,3,3,0.01152524,True
400,824,2222,False,0.91500,0.367915,0.56750,-0.062103,True,P2_new,0.65000,-0.001464,3,3,0.00489505,True
400,825,2225,False,0.73250,0.154130,0.24000,-0.347347,True,P2_new,0.77000,-0.000510,2,2,0.01456708,True
400,826,2227,False,0.81500,0.276009,0.45750,-0.148009,True,P2_new,0.85250,-0.000739,3,3,0.00329769,True
400,827,2230,False,0.99250,0.472089,0.61750,-0.024873,True,P2_new,0.64750,-0.001077,3,3,0.00086868,True
400,828,2233,False,0.71000,0.112480,0.28000,-0.323786,True,P2_new,0.76750,-0.000175,2,2,0.02362868,True
400,829,2235,False,0.87250,0.293362,0.51000,-0.118526,True,P2_new,0.91750,-0.003161,3,3,0.01488096,True
400,830,2238,False,0.77500,0.196412,0.42750,-0.171614,True,P2_new,0.66750,-0.001985,2,2,0.01465557,True
400,831,2240,False,0.93000,0.372713,0.58250,-0.052995,True,P2_new,0.65250,-0.001359,3,5,0.00741287,True
400,832,2245,False,0.84750,0.285775,0.47000,-0.146647,True,P2_new,0.89000,-0.001353,3,3,0.00869316,True
400,833,2248,False,0.75000,0.208989,0.54250,-0.015551,True,P2_new,0.79000,-0.000372,3,3,0.00366428,True
400,834,2251,False,0.96000,0.425395,0.39250,-0.233052,True,P2_new,0.92250,-0.002248,2,4,0.00257317,True
400,835,2255,False,0.82500,0.259744,0.48750,-0.115682,True,P2_new,0.89000,-0.000044,3,3,0.00979510,True
400,836,2258,False,0.90000,0.349557,0.59250,-0.026217,True,P2_new,0.93250,-0.001984,3,3,0.00565992,True
400,837,2261,False,0.72750,0.161948,0.25000,-0.329724,True,P2_new,0.76250,-0.000450,2,2,0.00989099,True
400,838,2263,False,0.98250,0.456340,0.51750,-0.122624,True,P2_new,0.94500,-0.000548,2,2,0.00144431,True
400,839,2265,False,0.67250,0.061737,0.37000,-0.245470,True,P2_new,0.64750,-0.000784,2,2,0.03151892,True
400,840,2267,False,0.80250,0.216833,0.28000,-0.330442,True,P2_new,0.83500,-0.000631,2,3,0.01771247,True
400,841,2270,False,0.88250,0.318360,0.43500,-0.193193,True,P_multi,0.12750,-0.000247,3,3,0.00943867,True
400,842,2273,False,0.76000,0.192656,0.50000,-0.086452,True,P2_new,0.72000,-0.000942,3,3,0.01048214,True
400,843,2276,False,0.94000,0.392595,0.56750,-0.055886,True,P2_new,0.98500,-0.004046,3,3,0.00496532,True
400,844,2279,False,0.71250,0.137638,0.22750,-0.351975,True,P2_new,0.78750,-0.000255,2,2,0.01318224,True
400,845,2281,False,0.85500,0.299496,0.45250,-0.159110,True,P2_new,0.89000,-0.001590,2,2,0.00693071,True
400,846,2283,False,0.64250,0.080726,0.16250,-0.411055,True,P2_new,0.13500,-0.002002,2,2,0.00870795,True
400,847,2285,False,0.92250,0.397429,0.39250,-0.229842,True,P2_new,0.97000,-0.000012,2,2,0.00132351,True
400,848,2287,False,0.74000,0.157538,0.29000,-0.311619,True,P2_new,0.69000,-0.000178,4,4,0.01628572,True
400,849,2291,False,0.97500,0.457142,0.48250,-0.143733,True,P_multi,0.00250,-0.001051,2,2,0.00066143,True
400,850,2293,False,0.78750,0.183646,0.34500,-0.280989,True,P2_new,0.68750,-0.001152,2,4,0.02722671,True
400,851,2297,False,0.86750,0.301834,0.51500,-0.104604,True,P2_new,0.84250,-0.000129,3,3,0.00992774,True
400,852,2300,False,0.81500,0.259822,0.42750,-0.169318,True,P2_new,0.76750,-0.000462,2,2,0.00684449,True
400,853,2302,False,0.69000,0.136799,0.16000,-0.418162,True,P2_new,0.62750,-0.000281,2,2,0.00633467,True
400,854,2304,False,0.95250,0.428531,0.56250,-0.068323,True,P2_new,0.99500,-0.000710,3,3,0.00120691,True
400,855,2307,False,0.75500,0.181397,0.45500,-0.136963,True,P2_new,0.83250,-0.002488,3,3,0.01270496,True
400,856,2310,False,0.89750,0.353554,0.60500,-0.008025,True,P2_new,0.86250,-0.002421,3,3,0.00423473,True
400,857,2313,False,0.83000,0.283627,0.40750,-0.201302,True,P_multi,0.79750,-0.000115,2,2,0.00474058,True
400,858,2315,False,0.67000,0.108886,0.19250,-0.388083,True,P2_new,0.69500,-0.000564,2,2,0.00850989,True
400,859,2317,False,0.99500,0.480211,0.51750,-0.123048,True,P2_new,0.00250,-0.000488,2,2,0.00045073,True
400,860,2319,False,0.72250,0.113471,0.34500,-0.281912,True,P1,0.34750,-0.001130,2,2,0.03040446,True
400,861,2321,False,0.85000,0.271088,0.46750,-0.161889,True,P2_new,0.79750,-0.000088,3,4,0.01478833,True
400,862,2325,False,0.91750,0.357059,0.39500,-0.236493,True,P2_new,0.89500,-0.001623,2,2,0.00831093,True
400,863,2327,False,0.74500,0.147162,0.29000,-0.323763,True,P2_new,0.58500,-0.000153,4,4,0.02380186,True
400,864,2331,False,0.94500,0.399844,0.49500,-0.131956,True,P2_new,0.88000,-0.000047,2,2,0.00448291,True
400,865,2333,False,0.78250,0.182101,0.35250,-0.273094,True,P2_new,0.70000,-0.000809,2,2,0.02522486,True
400,866,2335,False,0.66000,0.070942,0.21000,-0.380421,True,P2_new,0.63250,-0.000349,2,2,0.01930023,True
400,867,2337,False,0.87500,0.316304,0.45250,-0.166984,True,P_multi,0.84500,-0.001204,2,4,0.00780682,True
400,868,2341,False,0.82000,0.287205,0.33000,-0.266304,True,P2_new,0.96750,-0.000117,2,2,0.00230197,True
400,869,2343,False,0.96750,0.437805,0.53250,-0.108058,True,P2_new,0.70500,-0.001297,2,2,0.00187489,True
400,870,2345,False,0.70000,0.087427,0.28500,-0.338037,True,P2_new,0.40000,-0.002682,2,2,0.03270965,True
400,871,2347,False,0.76500,0.189887,0.42000,-0.192586,True,P2_new,0.79000,-0.000552,3,3,0.01327879,True
400,872,2350,False,0.90500,0.353900,0.56500,-0.059067,True,P2_new,0.87000,-0.001708,3,3,0.00581679,True
400,873,2353,False,0.80250,0.243358,0.47750,-0.120745,True,P2_new,0.72750,-0.000027,3,3,0.00793409,True
400,874,2356,False,0.98500,0.462404,0.63250,-0.005949,True,P2_new,0.93500,-0.000567,3,3,0.00106950,True
400,875,2359,False,0.72750,0.128047,0.26250,-0.343097,True,P2_new,0.83750,-0.003215,2,2,0.02469372,True
400,876,2361,False,0.85750,0.277136,0.51750,-0.109566,True,P2_new,0.90750,-0.003581,3,3,0.01539028,True
400,877,2364,False,0.68500,0.121922,0.13750,-0.429550,True,P2_new,0.77500,-0.000115,2,2,0.00910641,True
400,878,2366,False,0.92750,0.370658,0.45750,-0.169663,True,P_multi,0.89500,-0.001226,2,4,0.00729093,True
400,879,2370,False,0.82750,0.258340,0.39750,-0.201654,True,P_multi,0.79750,-0.000704,2,2,0.01110187,True
400,880,2372,False,0.75250,0.194730,0.28250,-0.302925,True,P2_new,0.72250,-0.001081,2,2,0.00754656,True
400,881,2374,False,0.95500,0.419621,0.54500,-0.093043,True,P2_new,0.89500,-0.000976,3,3,0.00269396,True
400,882,2377,False,0.70500,0.120275,0.17750,-0.408769,True,P2_new,0.67750,-0.000419,2,2,0.01728555,True
400,883,2379,False,0.88250,0.317332,0.48750,-0.137825,True,P2_new,0.85500,-0.001159,2,2,0.00976668,True
400,884,2381,False,0.64250,0.055222,0.25750,-0.335009,True,P2_new,0.26500,-0.003454,2,2,0.01845668,True
400,885,2383,False,0.80750,0.262766,0.41250,-0.182857,True,P2_new,0.84000,-0.000351,3,3,0.00439556,True
400,886,2386,False,0.98000,0.464766,0.57500,-0.060872,True,P2_new,0.93750,-0.000113,3,3,0.00047875,True
400,887,2389,False,0.74250,0.147241,0.46500,-0.130700,True,P2_new,0.83750,-0.003329,2,2,0.02242015,True
400,888,2391,False,0.86500,0.293746,0.27500,-0.345394,True,P2_new,0.89250,-0.000200,2,4,0.01184191,True
400,889,2395,False,0.91250,0.357241,0.51500,-0.118550,True,P2_new,0.78750,-0.002337,3,3,0.00686604,True
400,890,2398,False,0.77500,0.194581,0.23750,-0.354722,True,P2_new,0.73000,-0.001555,2,4,0.01541338,True
400,891,2402,False,0.93750,0.404694,0.44750,-0.180004,True,P2_new,0.89500,-0.001787,2,2,0.00230356,True
400,892,2404,False,0.71000,0.115260,0.31000,-0.295655,True,P_multi,0.79000,-0.003795,2,2,0.02214771,True
400,893,2406,False,0.83500,0.272778,0.53500,-0.078714,True,P2_new,0.56750,-0.005200,3,3,0.00884381,True
400,894,2409,False,0.67750,0.162400,0.36000,-0.186225,True,P2_new,0.75750,-0.000020,2,2,0.00047020,True
400,895,2411,False,0.99750,0.485180,0.49000,-0.136132,True,P_multi,0.00250,-0.000311,2,2,0.00031123,True
400,896,2413,False,0.79000,0.186965,0.29000,-0.335724,True,P2_new,0.76500,-0.000222,2,3,0.02674363,True
400,897,2416,False,0.89000,0.311221,0.41250,-0.224366,True,P2_new,0.15250,-0.001203,2,2,0.01473351,True
400,898,2418,False,0.72250,0.122827,0.24250,-0.373570,True,P2_new,0.69750,-0.000062,3,3,0.02481622,True
400,899,2421,False,0.92250,0.365124,0.37750,-0.251826,True,P2_new,0.94750,-0.000325,2,4,0.00743746,True
400,900,2425,False,0.82000,0.245156,0.47000,-0.142977,True,P2_new,0.78750,-0.001935,3,3,0.01317539,True
400,901,2428,False,0.96250,0.415018,0.59000,-0.043000,True,P2_new,0.87000,-0.001203,2,2,0.00498211,True
400,902,2430,False,0.74750,0.137633,0.35500,-0.277417,True,P1,0.35500,-0.000534,3,3,0.03094014,True
400,903,2433,False,0.85750,0.282072,0.25250,-0.366638,True,P2_new,0.14000,-0.001931,2,5,0.01340040,True
400,904,2438,False,0.90250,0.356061,0.56250,-0.048670,True,P2_new,0.94250,-0.000306,3,3,0.00475469,True
400,905,2441,False,0.78250,0.218120,0.45500,-0.128602,True,P2_new,0.86000,-0.005445,3,3,0.00951479,True
400,906,2444,False,0.97250,0.438626,0.63000,-0.000736,True,P2_new,0.95000,-0.000255,3,3,0.00246170,True
400,907,2447,False,0.73500,0.144594,0.24000,-0.358491,True,P2_new,0.80500,-0.000324,2,2,0.01995439,True
400,908,2449,False,0.84250,0.270545,0.50250,-0.119339,True,P2_new,0.86750,-0.000414,3,4,0.01209590,True
400,909,2453,False,0.93500,0.387227,0.41000,-0.229317,True,P2_new,0.33250,-0.000332,4,4,0.00504680,True
400,910,2457,False,0.80750,0.239622,0.46500,-0.123788,True,P2_new,0.87000,-0.001286,3,3,0.01066236,True
400,911,2460,False,0.88250,0.340405,0.61500,0.008931,True,P2_new,0.90500,-0.000873,1,3,0.00386978,True
400,912,2463,False,0.75250,0.206627,0.21250,-0.370523,True,P2_new,0.72750,-0.000235,2,2,0.00463382,True
400,913,2465,False,0.99000,0.465852,0.51750,-0.127711,True,P2_new,0.95750,-0.000675,2,2,0.00122542,True
400,914,2467,False,0.68750,0.073451,0.37250,-0.251250,True,P2_new,0.66250,-0.000209,2,2,0.03370184,True
400,915,2469,False,0.83000,0.249252,0.44250,-0.178995,True,P2_new,0.80000,-0.001102,3,3,0.01555191,True
400,916,2472,False,0.91000,0.345404,0.57500,-0.057801,True,P2_new,0.72250,-0.000848,3,6,0.00958337,True
400,917,2478,False,0.94750,0.395770,0.63250,0.006769,True,P2_new,0.86750,-0.001068,1,3,0.00596962,True
400,918,2481,False,0.79000,0.198816,0.42750,-0.183010,True,P2_new,0.83250,-0.002316,3,3,0.02033804,True
400,919,2484,False,0.86500,0.299545,0.55250,-0.061731,True,P2_new,0.91500,-0.003784,3,5,0.00985951,True
400,920,2489,False,0.96000,0.424364,0.49250,-0.144416,True,P_multi,0.93000,-0.000752,2,2,0.00273484,True
400,921,2491,False,0.65500,0.050117,0.32500,-0.283280,True,P2_new,0.62750,-0.000717,2,2,0.02784089,True
400,922,2493,False,0.82000,0.244043,0.41000,-0.198107,True,P_multi,0.78500,-0.001620,3,3,0.01360573,True
400,923,2496,False,0.89250,0.338234,0.58500,-0.036496,True,P2_new,0.91500,-0.000825,3,3,0.00660656,True
400,924,2499,False,0.75000,0.176465,0.46250,-0.123875,True,P2_new,0.82250,-0.006304,3,3,0.01267972,True
400,925,2502,False,0.97750,0.452825,0.61750,-0.013747,True,P2_new,0.93000,-0.000393,3,3,0.00128091,True
400,926,2505,False,0.78000,0.187043,0.50750,-0.102653,True,P2_new,0.82500,-0.001375,3,3,0.02122877,True
400,927,2508,False,0.85500,0.287792,0.42000,-0.186592,True,P_multi,0.90000,-0.000920,2,2,0.01043670,True
400,928,2510,False,0.68500,0.105655,0.25750,-0.324917,True,P2_new,0.79500,-0.007722,2,2,0.01496613,True
400,929,2512,False,0.92500,0.374184,0.55000,-0.075462,True,P2_new,0.98750,-0.004959,3,3,0.00574873,True
400,930,2515,False,0.74000,0.167503,0.17000,-0.413133,True,P2_new,0.80000,-0.000293,2,2,0.01229418,True
400,931,2517,False,0.87750,0.334738,0.47250,-0.151273,True,P2_new,0.83500,-0.000085,2,2,0.00399913,True
400,932,2519,False,0.63500,0.050845,0.27000,-0.315871,True,P2_new,0.28250,-0.004692,2,2,0.01703068,True
400,933,2521,False,0.98750,0.470645,0.52750,-0.107349,True,P2_new,0.95250,-0.000012,2,2,0.00058800,True
400,934,2523,False,0.71500,0.104334,0.36250,-0.262627,True,P2_new,0.76500,-0.000052,2,2,0.03145601,True
400,935,2525,False,0.81250,0.223112,0.43250,-0.186211,True,P2_new,0.88000,-0.005549,3,3,0.01945916,True
400,936,2528,False,0.90500,0.339729,0.59000,-0.040182,True,P2_new,0.93000,-0.000959,3,3,0.00979985,True
400,937,2531,False,0.76500,0.180806,0.48750,-0.111694,True,P2_new,0.73750,-0.000912,3,3,0.01704775,True
400,938,2534,False,0.94250,0.392958,0.64250,0.013927,True,P2_new,0.84750,-0.001418,1,3,0.00544872,True
400,939,2537,False,0.82750,0.243246,0.51750,-0.104456,True,P2_new,0.79750,-0.000013,3,3,0.01707478,True
400,940,2540,False,0.72500,0.158178,0.33250,-0.241908,True,P_multi,0.77250,-0.001956,2,2,0.01030805,True
400,941,2542,False,0.95500,0.421523,0.57000,-0.060131,True,P2_new,0.91750,-0.000116,3,3,0.00240219,True
400,942,2545,False,0.79250,0.209232,0.22250,-0.386788,True,P2_new,0.84500,-0.000722,2,4,0.01663779,True
400,943,2549,False,0.88500,0.332245,0.49250,-0.121011,True,P2_new,0.90750,-0.001124,3,3,0.00622281,True
400,944,2552,False,0.74750,0.196501,0.38250,-0.193290,True,P2_new,0.71000,-0.000447,2,2,0.00579261,True
400,945,2554,False,0.97000,0.454237,0.58750,-0.046491,True,P2_new,0.99500,-0.000236,3,3,0.00051314,True
400,946,2557,False,0.83750,0.250560,0.46500,-0.160907,True,P2_new,0.81000,-0.000309,2,2,0.01829912,True
400,947,2559,False,0.68500,0.090389,0.21750,-0.384504,True,P2_new,0.66000,-0.000350,2,2,0.02208072,True
400,948,2561,False,0.91250,0.359703,0.52750,-0.105194,True,P2_new,0.87000,-0.000301,3,3,0.00623333,True
400,949,2564,False,0.77000,0.189947,0.42250,-0.169634,True,P2_new,0.73750,-0.000576,3,3,0.01526040,True
400,950,2567,False,0.86250,0.324272,0.61250,0.004834,True,P2_new,0.88750,-0.001423,1,3,0.00316476,True
400,951,2570,False,0.71250,0.186032,0.17500,-0.384568,True,P2_new,0.99500,-0.001260,2,2,0.00147941,True
400,952,2572,False,0.99500,0.484767,0.49500,-0.147755,True,P_multi,0.00250,-0.000386,2,2,0.00021381,True
400,953,2574,False,0.64750,0.039391,0.33500,-0.274922,True,P2_new,0.59250,-0.001129,2,2,0.02982338,True
400,954,2576,False,0.81750,0.236173,0.43500,-0.174685,True,P2_new,0.84250,-0.000777,3,3,0.01579775,True
400,955,2579,False,0.92750,0.362466,0.56750,-0.064423,True,P2_new,0.89750,-0.000189,3,5,0.00972356,True
400,956,2584,False,0.87500,0.310468,0.36250,-0.257674,True,P2_new,0.11250,-0.002275,2,2,0.00956284,True
400,957,2586,False,0.67000,0.078234,0.20500,-0.387706,True,P2_new,0.64000,-0.000577,2,2,0.02062809,True
400,958,2588,False,0.79750,0.253435,0.51500,-0.080907,True,P2_new,0.95000,-0.000167,3,3,0.00425872,True
400,959,2591,False,0.95000,0.411756,0.41500,-0.213966,True,P2_new,0.99750,-0.003017,2,4,0.00316744,True
400,960,2595,False,0.84500,0.283131,0.54500,-0.060004,True,P2_new,0.77500,-0.001178,3,3,0.00873654,True
400,961,2598,False,0.73000,0.178558,0.35250,-0.221476,True,P2_new,0.75250,-0.000313,2,2,0.00589959,True
400,962,2600,False,0.97500,0.447312,0.48500,-0.144764,True,P_multi,0.93500,-0.000854,2,2,0.00162313,True
400,963,2602,False,0.68750,0.085313,0.28250,-0.325815,True,P_multi,0.76250,-0.001570,2,2,0.02624921,True
400,964,2604,False,0.89000,0.315017,0.57250,-0.055736,True,P2_new,0.82500,-0.000399,3,3,0.01322885,True
400,965,2607,False,0.78000,0.197620,0.22250,-0.383179,True,P2_new,0.13750,-0.005735,2,4,0.01625017,True
400,966,2611,False,0.92000,0.374348,0.45500,-0.174306,True,P_multi,0.95750,-0.002023,2,2,0.00458700,True
400,967,2613,False,0.71500,0.130568,0.31500,-0.292969,True,P_multi,0.73750,-0.000203,2,2,0.01715444,True
400,968,2615,False,0.83000,0.277551,0.51000,-0.101573,True,P2_new,0.89500,-0.003515,3,3,0.00614644,True
400,969,2618,False,0.96250,0.442089,0.59000,-0.044926,True,P2_new,0.94000,-0.000544,3,3,0.00086868,True
400,970,2621,False,0.75750,0.167999,0.26750,-0.336886,True,P2_new,0.78250,-0.001020,2,4,0.01951407,True
400,971,2625,False,0.87000,0.321149,0.46250,-0.156580,True,P2_new,0.89750,-0.000214,3,3,0.00528968,True
400,972,2628,False,0.80500,0.279647,0.54750,-0.036221,True,P2_new,0.93500,-0.000144,3,3,0.00135418,True
400,973,2631,False,0.99250,0.480418,0.61500,-0.017214,True,P2_new,0.00250,-0.000442,3,3,0.00029916,True
400,974,2634,False,0.73500,0.144175,0.26000,-0.344715,True,P2_new,0.76500,-0.000770,2,2,0.02016061,True
400,975,2636,False,0.90000,0.325429,0.49500,-0.139140,True,P2_new,0.85750,-0.001481,2,2,0.01307107,True
400,976,2638,False,0.67750,0.078314,0.32500,-0.284074,True,P2_new,0.60250,-0.002678,2,2,0.02454470,True
400,977,2640,False,0.84250,0.275920,0.43750,-0.176763,True,P2_new,0.80250,-0.001742,3,3,0.01022787,True
400,978,2643,False,0.93750,0.383283,0.57750,-0.058611,True,P2_new,0.77250,-0.000748,3,3,0.00659392,True
400,979,2646,False,0.76500,0.170499,0.24500,-0.354984,True,P2_new,0.72500,-0.000733,2,4,0.02202314,True
400,980,2650,False,0.88250,0.337039,0.47500,-0.147897,True,P2_new,0.91000,-0.000268,3,3,0.00454690,True
400,981,2653,False,0.79250,0.241226,0.54250,-0.042712,True,P2_new,0.72250,-0.000180,3,3,0.00585882,True
400,982,2656,False,0.96750,0.439438,0.61000,-0.017338,True,P2_new,0.99750,-0.001576,3,3,0.00166858,True
400,983,2659,False,0.72500,0.139734,0.25750,-0.339867,True,P2_new,0.81750,-0.002415,2,2,0.01753023,True
400,984,2661,False,0.85500,0.296364,0.46250,-0.154836,True,P2_new,0.91000,-0.000944,3,5,0.00778984,True
400,985,2666,False,0.93000,0.395095,0.55250,-0.064737,True,P2_new,0.98250,-0.001424,3,3,0.00261964,True
400,986,2669,False,0.78000,0.211853,0.42250,-0.172500,True,P2_new,0.80250,-0.000113,3,3,0.01075363,True
400,987,2672,False,0.98250,0.461070,0.60000,-0.038369,True,P2_new,0.90750,-0.000246,3,3,0.00095965,True
400,988,2675,False,0.74250,0.143455,0.49250,-0.110260,True,P2_new,0.81500,-0.000312,3,3,0.02446654,True
400,989,2678,False,0.86750,0.292063,0.63750,0.029631,True,P2_new,0.84000,-0.000349,1,3,0.01340373,True
400,990,2681,False,0.82000,0.257338,0.44250,-0.167940,True,P2_new,0.90750,-0.001010,3,3,0.00897821,True
400,991,2684,False,0.91500,0.367190,0.56000,-0.066598,True,P2_new,0.94500,-0.000570,3,5,0.00505502,True
400,992,2689,False,0.95250,0.418706,0.51000,-0.123876,True,P2_new,0.89500,-0.001324,2,2,0.00244965,True
400,993,2691,False,0.66750,0.063264,0.29250,-0.314769,True,P_multi,0.75500,-0.001150,2,2,0.02745359,True
400,994,2693,False,0.80250,0.225814,0.41500,-0.193551,True,P2_new,0.83000,-0.000462,3,3,0.01389215,True
400,995,2696,False,0.88750,0.339140,0.58000,-0.039254,True,P2_new,0.86000,-0.000547,3,3,0.00517823,True
400,996,2699,False,0.75250,0.191315,0.20750,-0.373949,True,P2_new,0.81000,-0.003776,2,2,0.00853130,True
400,997,2701,False,0.62500,0.111439,0.05000,-0.474918,True,P2_new,0.52750,-0.000234,2,2,0.00037806,True
400,998,2703,False,0.99750,0.492408,0.46500,-0.175612,True,P2_new,0.00250,-0.000517,2,2,0.00005238,True
400,999,2705,False,0.70000,0.096118,0.35000,-0.266093,True,P2_new,0.77500,-0.000880,2,2,0.02724296,True
400,1000,2707,False,0.84500,0.258865,0.52000,-0.102194,True,P2_new,0.89500,-0.003060,3,3,0.01792685,True
400,1001,2710,False,0.90500,0.337182,0.59250,-0.034949,True,P2_new,0.78500,-0.000591,3,3,0.01064192,True
400,1002,2713,False,0.77500,0.189521,0.27750,-0.328067,True,P2_new,0.75000,-0.000967,2,2,0.01762675,True
400,1003,2715,False,0.66250,0.098590,0.14000,-0.428981,True,P2_new,0.70500,-0.001159,2,2,0.00936619,True
400,1004,2717,False,0.94250,0.391099,0.48000,-0.154007,True,P_multi,0.87750,-0.003758,2,2,0.00588962,True
400,1005,2719,False,0.72750,0.132609,0.33500,-0.281337,True,P_multi,0.79250,-0.001884,2,2,0.02222677,True
400,1006,2721,False,0.83000,0.261304,0.53250,-0.085240,True,P2_new,0.85750,-0.000319,3,3,0.01094156,True
400,1007,2724,False,0.96500,0.424276,0.60250,-0.036213,True,P2_new,0.92250,-0.000206,3,3,0.00361095,True
400,1008,2727,False,0.76000,0.164800,0.29000,-0.323703,True,P2_new,0.78750,-0.000120,2,2,0.02238886,True
400,1009,2729,False,0.87000,0.294073,0.49750,-0.133902,True,P2_new,0.67500,-0.001290,2,2,0.01359402,True
400,1010,2731,False,0.65250,0.054669,0.23000,-0.374482,True,P2_new,0.19250,-0.001633,2,2,0.02379797,True
400,1011,2733,False,0.92000,0.368975,0.43750,-0.195186,True,P2_new,0.89750,-0.000206,2,2,0.00579884,True
400,1012,2735,False,0.70250,0.101278,0.32250,-0.285956,True,P_multi,0.62500,-0.002348,2,2,0.02569295,True
400,1013,2737,False,0.80750,0.239681,0.54250,-0.065631,True,P2_new,0.10750,-0.004059,3,3,0.01064244,True
400,1014,2740,False,0.98000,0.449456,0.46750,-0.171284,True,P2_new,0.95750,-0.000918,2,4,0.00198724,True
400,1015,2744,False,0.84000,0.252885,0.57000,-0.050218,True,P2_new,0.78750,-0.000572,3,3,0.01838031,True
400,1016,2747,False,0.77000,0.202713,0.21250,-0.384614,True,P2_new,0.89250,-0.000329,2,2,0.01046327,True
400,1017,2749,False,0.89750,0.340582,0.49250,-0.137319,True,P2_new,0.92750,-0.000718,2,2,0.00731174,True
400,1018,2751,False,0.63250,0.038712,0.27000,-0.325684,True,P2_new,0.68000,-0.001507,2,2,0.02165430,True
400,1019,2753,False,0.93500,0.392889,0.42750,-0.201149,True,P2_new,0.86250,-0.001528,2,2,0.00387289,True
400,1020,2755,False,0.72000,0.116109,0.32500,-0.281619,True,P_multi,0.61500,-0.005595,2,2,0.02724868,True
400,1021,2757,False,0.79750,0.229305,0.53000,-0.077469,True,P2_new,0.85000,-0.001267,3,3,0.01076992,True
400,1022,2760,False,0.87750,0.348480,0.40250,-0.211296,True,P2_new,0.95750,-0.000228,2,4,0.00178816,True
400,1023,2764,False,0.98500,0.462764,0.56000,-0.076360,True,P2_new,0.96000,-0.000422,3,5,0.00103492,True
400,1024,2769,False,0.85000,0.277723,0.28000,-0.340240,True,P2_new,0.14250,-0.000181,2,4,0.01221342,True
400,1025,2773,False,0.94750,0.397345,0.51250,-0.128570,True,P2_new,0.92500,-0.000041,2,4,0.00559206,True
400,1026,2777,False,0.81250,0.233185,0.41750,-0.186914,True,P_multi,0.85750,-0.002654,3,3,0.01495385,True
400,1027,2780,False,0.90750,0.352250,0.57500,-0.046804,True,P2_new,0.73500,-0.000624,3,6,0.00686348,True
400,1028,2786,False,0.86500,0.331890,0.36000,-0.238517,True,P2_new,0.96000,-0.000324,2,4,0.00234803,True
400,1029,2790,False,0.97000,0.444532,0.52750,-0.105789,True,P2_new,1.00000,-0.001367,2,2,0.00136682,True
400,1030,2792,False,0.76250,0.159789,0.33250,-0.295128,True,P2_new,0.71250,-0.000461,2,4,0.02655358,True
400,1031,2796,False,0.83500,0.282264,0.43250,-0.175875,True,P2_new,0.88750,-0.000110,3,3,0.00621792,True
400,1032,2799,False,0.92500,0.385625,0.55250,-0.075797,True,P2_new,0.90250,-0.001159,3,5,0.00336576,True
400,1033,2804,False,0.88500,0.353837,0.49750,-0.112392,True,P2_new,0.80250,-0.000151,3,3,0.00207141,True
400,1034,2807,False,0.78000,0.221578,0.59750,0.017287,False,no_switch,0.75500,-0.000568,1,3,0.00772938,True
400,1035,2810,False,0.99000,0.478951,0.45500,-0.177240,True,P2_new,0.01250,-0.000168,2,4,0.00024969,True
400,1036,2814,False,0.82000,0.240273,0.53000,-0.079649,True,P2_new,0.77750,-0.003038,3,3,0.01512450,True
400,1037,2817,False,0.91250,0.356934,0.41500,-0.210307,True,P2_new,0.93750,-0.000347,2,4,0.00694729,True
400,1038,2821,False,0.75750,0.192742,0.48000,-0.098614,True,P2_new,0.79000,-0.000165,3,3,0.00963509,True
400,1039,2824,False,0.95500,0.412162,0.58000,-0.044528,True,P2_new,0.87250,-0.002773,3,3,0.00401401,True
400,1040,2827,False,0.80250,0.218616,0.43250,-0.171300,True,P2_new,0.84250,-0.000090,2,2,0.01690987,True
400,1041,2829,False,0.70500,0.137356,0.21250,-0.381743,True,P2_new,0.16750,-0.000294,2,2,0.01058317,True
400,1042,2831,False,0.87500,0.324857,0.51250,-0.102790,True,P2_new,0.93000,-0.001906,3,3,0.00558918,True
400,1043,2834,False,0.94000,0.410457,0.61500,-0.014843,True,P2_new,0.97250,-0.000601,3,3,0.00185526,True
400,1044,2837,False,0.74250,0.158633,0.22750,-0.372800,True,P2_new,0.76500,-0.000318,2,2,0.01690265,True
400,1045,2839,False,0.84250,0.287413,0.47250,-0.146833,True,P2_new,0.55500,-0.001504,3,5,0.00682059,True
400,1046,2844,False,0.97750,0.464477,0.55250,-0.074792,True,P2_new,1.00000,-0.000348,2,2,0.00034829,True
400,1047,2846,False,0.77250,0.176429,0.39250,-0.235358,True,P2_new,0.40000,-0.000678,3,3,0.02284980,True
400,1048,2849,False,0.89000,0.324058,0.59000,-0.035714,True,P2_new,0.86250,-0.000108,3,3,0.01001789,True
400,1049,2852,False,0.71750,0.141336,0.45000,-0.132131,True,P2_new,0.79500,-0.001835,3,3,0.01368692,True
400,1050,2855,False,0.92000,0.385973,0.52500,-0.087641,True,P2_new,0.85750,-0.000587,3,3,0.00248472,True
400,1051,2858,False,0.81000,0.237585,0.63250,0.037289,False,no_switch,0.77000,-0.001890,1,1,0.01226392,True
400,1052,2859,False,0.63250,0.037289,0.35000,-0.246025,True,P2_new,0.40250,-0.000592,3,3,0.02239483,True
400,1053,2862,False,0.96250,0.460753,0.49000,-0.137885,True,P_multi,1.00000,-0.000006,2,2,0.00000612,True
400,1054,2864,False,0.69750,0.094457,0.28000,-0.329441,True,P2_new,0.73250,-0.000118,2,2,0.02674792,True
400,1055,2866,False,0.83500,0.260610,0.42500,-0.191964,True,P_multi,0.79250,-0.000922,2,2,0.01300236,True
400,1056,2868,False,0.60750,0.032569,0.17000,-0.408200,True,P2_new,0.64750,-0.000416,2,2,0.01320881,True
400,1057,2870,False,0.87000,0.335667,0.37250,-0.231412,True,P2_new,0.89750,-0.000187,2,2,0.00253129,True
400,1058,2872,True,0.73750,0.171113,0.24000,-0.344930,True,P2_new,0.68000,-0.001312,2,4,0.01016391,True
