t,s,branch,p_m,F_m,restriction_ok,branch_eq_ok,sel_branch_ok,dpred_ok,class_predicted,class_observed,tie_exact
0,200,pre,0.00083125,0.972775,False,,True,False,,contraction,False
1,256,pre,0.00114375,0.972775,False,,True,False,,contraction,False
2,333,B,0.00147725,0.972775,True,True,True,True,contraction,contraction,False
3,333,B,0.00188195739583333333333333333333333333333333333333333333333333,0.972775,True,True,True,True,contraction,contraction,False
4,333,B,0.00228649616358506944444444444444444444444444444444444444444444,0.972775,True,True,True,True,contraction,contraction,False
5,334,A,0.00269086637351690899884259259259259259259259259259259259259259,0.972775,True,True,True,True,rebound,rebound,False
6,333,B,0.00242347269680434841579861111111111111111111111111111111111111,0.972775,True,True,True,True,contraction,contraction,False
7,334,A,0.00282778583318067993729202835648148148148148148148148148148148,0.972775,True,True,True,True,tie,tie,True
8,334,A,0.00252616229155217661963568793402777777777777777777777777777778,0.972775,True,True,True,True,rebound,rebound,False
9,333,B,0.0022999446353307991313934326171875,0.972775,True,True,True,True,contraction,contraction,False
10,334,A,0.002704309241732744631755352020263671875,0.972775,True,True,True,True,rebound,rebound,False
11,333,B,0.00243355484796622514048318068186442057291666666666666666666667,0.972775,True,True,True,True,contraction,contraction,False
12,334,A,0.00283786378344623921334131268991364373101128472222222222222222,0.972775,True,True,True,True,tie,tie,True
13,334,A,0.00253372075425134607667265118410189946492513020833333333333333,0.972775,True,True,True,True,rebound,rebound,False
14,333,B,0.00230561348235517622417115505474309126536051432291666666666667,0.972775,True,True,True,True,contraction,contraction,False
15,334,A,0.00270997572673752823407775040680361497733328077528211805555556,0.972775,True,True,True,True,rebound,rebound,False
16,333,B,0.00243780471171981284222497947176937789966662724812825520833333,0.972775,True,True,True,True,contraction,contraction,False
17,334,A,0.00284211187642326292020738573032280732554176615344153510199653,0.972775,True,True,True,True,tie,tie,True
18,334,A,0.00253690682398411385682220596440877216082299128174781799316406,0.972775,True,True,True,True,rebound,rebound,False
19,333,B,0.00230800303465475205928332113997324578728391012797753016153971,0.972775,True,True,True,True,contraction,contraction,False
20,334,A,0.00271236428339031257925861975616492360153920849875753952397241,0.972775,True,True,True,True,rebound,rebound,False
21,333,B,0.00243959612920940110111063148379035936782107304073482130964597,0.972775,True,True,True,True,contraction,contraction,False
22,334,A,0.00284390254748889718398516872067211338475114759363451513410028,0.972775,True,True,True,True,tie,tie,True
23,334,A,0.00253824982728333955465554320717075170523002736189255301724188,0.972775,True,True,True,True,rebound,rebound,False
24,333,B,0.00230901028712917133265832407204473044558918718808608142959808,0.972775,True,True,True,True,contraction,contraction,False
25,334,A,0.00271337111617620084460304977034804514123685836009104556233574,0.972775,True,True,True,True,rebound,rebound,False
26,333,B,0.00244035125379881730011895399442770052259431043673495083841847,0.972775,True,True,True,True,contraction,contraction,False
27,334,A,0.0028446573574430677929105710969300223140432294740529779422358,0.972775,True,True,True,True,tie,tie,True
28,334,A,0.00253881593474896751134959498936418340219908877220640012334352,0.972775,True,True,True,True,rebound,rebound,False
29,333,B,0.0023094348677283923001788629086898042183159832458214667591743,0.972775,True,True,True,True,contraction,contraction,False
30,334,A,0.00271379551986683880338712171581118346655835158613570781469132,0.972775,True,True,True,True,rebound,rebound,False
31,333,B,0.00244066955656679576920700795352505426658543035626844752768515,0.972775,True,True,True,True,contraction,contraction,False
32,334,A,0.00284497552758489293763650503354441882730768642695333567454862,0.972775,True,True,True,True,tie,tie,True
33,334,A,0.00253905456235533636989404544182498078714743148688166842257813,0.972775,True,True,True,True,rebound,rebound,False
34,333,B,0.00230961383843316894408720074803540225702724028182791798360026,0.972775,True,True,True,True,contraction,contraction,False
35,334,A,0.00271397441600048845702716441439038750608681226504382301777376,0.972775,True,True,True,True,rebound,rebound,False
36,333,B,0.00244080372866703300943703997745945729623177586544953392999699,0.972775,True,True,True,True,contraction,contraction,False
37,334,A,0.00284510964378008841234977454413551585569167929217226329085949,0.972775,True,True,True,True,tie,tie,True
38,334,A,0.00253915514950173297592899757476830355843542613579586413481128,0.972775,True,True,True,True,rebound,rebound,False
39,333,B,0.00230968927879296639861341484774289433549323626851356476777513,0.972775,True,True,True,True,contraction,contraction,False
40,334,A,0.00271404982492680266261399259155633479618678075340168411578856,0.972775,True,True,True,True,rebound,rebound,False
41,333,B,0.00244086028536176866362716111033391776380675223171792975350808,0.972775,True,True,True,True,contraction,contraction,False
42,334,A,0.00284516617690953459335064979320461196473849941828804728277746,0.972775,True,True,True,True,tie,tie,True
43,334,A,0.00253919754934881761167965401157012564022054123038270212874976,0.972775,True,True,True,True,rebound,rebound,False
44,333,B,0.00230972107867827987542640717534426089683207258945369326322899,0.972775,True,True,True,True,contraction,contraction,False
45,334,A,0.00271408161156216392547831283902120078812505922587475422436931,0.972775,True,True,True,True,rebound,rebound,False
46,333,B,0.00244088412533828961077540129593256725776046108607273233494365,0.972775,True,True,True,True,contraction,contraction,False
47,334,A,0.00284519000695273199010424487872592868806972756062020202980409,0.972775,True,True,True,True,tie,tie,True
48,334,A,0.00253921542188121565924485032571111318271896233713181818901973,0.972775,True,True,True,True,rebound,rebound,False
49,333,B,0.00230973448307757841110030441095000155370588841951553030843147,0.972775,True,True,True,True,contraction,contraction,False
50,334,A,0.00271409501037629608676234595077877238639184429934073217080295,0.972775,True,True,True,True,rebound,rebound,False
51,333,B,0.00244089417444888873173842612975074595646054989117221579476888,0.972775,True,True,True,True,contraction,contraction,False
52,334,A,0.00284520005187620169476686845219668314564535799538422737152106,0.972775,True,True,True,True,tie,tie,True
53,334,A,0.00253922295557381793774181800581417902590068516320483719530746,0.972775,True,True,True,True,rebound,rebound,False
54,333,B,0.00230974013334703011997303017102730093609218053907029456314726,0.972775,True,True,True,True,contraction,contraction,False
55,334,A,0.00271410065829146885742304140845603956070214213051234860707929,0.972775,True,True,True,True,rebound,rebound,False
56,333,B,0.00244089841038526830973394772300869633719327326455092812197613,0.972775,True,True,True,True,contraction,contraction,False
57,334,A,0.00284520428604760778127155857812410938038610940069069856859197,0.972775,True,True,True,True,tie,tie,True
58,334,A,0.00253922613120237250262033560025974870195624871718469059311065,0.972775,True,True,True,True,rebound,rebound,False
59,333,B,0.00230974251506844604363191836686147819313385320455518461149965,0.972775,True,True,True,True,contraction,contraction,False
60,334,A,0.00271410303902050085778040506754195257722004743238661995124486,0.972775,True,True,True,True,rebound,rebound,False
61,333,B,0.00244090019593204231000197046732313109958170224095663163010031,0.972775,True,True,True,True,contraction,contraction,False
62,334,A,0.0028452060708504039590394696462950797949568765316895663669211,0.972775,True,True,True,True,tie,tie,True
63,334,A,0.00253922746980446963594626890138797651288432406543384144185749,0.972775,True,True,True,True,rebound,rebound,False
64,333,B,0.00230974351902001889362636834270764905132990971574204774805979,0.972775,True,True,True,True,contraction,contraction,False
65,334,A,0.00271410404255376055242069068923152086422518892002715522816476,0.972775,True,True,True,True,rebound,rebound,False
66,333,B,0.00244090094858198708098218468359030731483555835668703308779024,0.972775,True,True,True,True,contraction,contraction,False
67,334,A,0.00284520682318674458636510877330547802012104354070508015733699,0.972775,True,True,True,True,tie,tie,True
68,334,A,0.00253922803405672510644049824664577518175744932219547678466941,0.972775,True,True,True,True,rebound,rebound,False
69,333,B,0.00230974394220921049649704035165099805298475365831327425516873,0.972775,True,True,True,True,contraction,contraction,False
70,334,A,0.00271410446556662332545683325150447680379601001095564372422907,0.972775,True,True,True,True,rebound,rebound,False
71,333,B,0.00244090126584163416075929160529502426951367417488339945983847,0.972775,True,True,True,True,contraction,contraction,False
72,334,A,0.0028452071403142001465256419004594846760680434773105313767302,0.972775,True,True,True,True,tie,tie,True
73,334,A,0.00253922827190231677656089809201128017371769927464956519921432,0.972775,True,True,True,True,rebound,rebound,False
74,333,B,0.00230974412059340424908734023567512679695494112265384056607741,0.972775,True,True,True,True,contraction,contraction,False
75,334,A,0.00271410464387649033065022051057692882745620989718606813250821,0.972775,True,True,True,True,rebound,rebound,False
76,333,B,0.00244090139957403441465433204959936328725882408955621776604782,0.972775,True,True,True,True,contraction,contraction,False
77,334,A,0.00284520727399087856698155941124536355255579957951890267531197,0.972775,True,True,True,True,tie,tie,True
78,334,A,0.00253922837215982559190283622510068933108351635130584367315064,0.972775,True,True,True,True,rebound,rebound,False
79,333,B,0.00230974419578653586059379383549218366497930393014604942152965,0.972775,True,True,True,True,contraction,contraction,False
80,334,A,0.00271410471903829147065187975472739525511889588684182190093735,0.972775,True,True,True,True,rebound,rebound,False
81,333,B,0.00244090145594538526965557648271221310800583858179803309236968,0.972775,True,True,True,True,contraction,contraction,False
82,334,A,0.00284520733033874135912655332584441635254416948238895057858119,0.972775,True,True,True,True,tie,tie,True
83,334,A,0.00253922841442072268601158166104997893107479377845837960060256,0.972775,True,True,True,True,rebound,rebound,False
84,333,B,0.00230974422748220868117535291245415086497276200051045136711859,0.972775,True,True,True,True,contraction,contraction,False
85,334,A,0.00271410475072075776089152984874062830211235668301023867904895,0.972775,True,True,True,True,rebound,rebound,False
86,333,B,0.00244090147970723498733531405322213789325093417892434567595338,0.972775,True,True,True,True,contraction,contraction,False
87,334,A,0.00284520735409069030609059100569996200246207962301646053192173,0.972775,True,True,True,True,tie,tie,True
88,334,A,0.00253922843223468439623460992094163816851322638392901206560797,0.972775,True,True,True,True,rebound,rebound,False
89,333,B,0.00230974424084267996384262410737289529305158645461342571587264,0.972775,True,True,True,True,contraction,contraction,False
90,334,A,0.00271410476407566218052435634732815658667948162692400345515769,0.972775,True,True,True,True,rebound,rebound,False
91,333,B,0.00244090148972341330205993392716278410667627788685966925803494,0.972775,True,True,True,True,contraction,contraction,False
92,334,A,0.00284520736410269521318407562135979961329849610440681106251076,0.972775,True,True,True,True,tie,tie,True
93,334,A,0.00253922843974368807655472338268651637664053874497177496354973,0.972775,True,True,True,True,rebound,rebound,False
94,333,B,0.00230974424647443272408270920368155394914707072539549788932897,0.972775,True,True,True,True,contraction,contraction,False
95,334,A,0.00271410476970506837711434140818001996833492611259324976520841,0.972775,True,True,True,True,rebound,rebound,False
96,333,B,0.00244090149394546794950242272280168164291786125111160399057298,0.972775,True,True,True,True,contraction,contraction,False
97,334,A,0.0028452073683229906711901300466671809422333121422569741555769,0.972775,True,True,True,True,tie,tie,True
98,334,A,0.00253922844290890967005926420166705237334165077335939728334935,0.972775,True,True,True,True,rebound,rebound,False
99,333,B,0.00230974424884834891921111481791695594667290474668621462917868,0.972775,True,True,True,True,contraction,contraction,False
100,334,A,0.00271410477207799544049477685340949054836179103637509537308318,0.972775,True,True,True,True,rebound,rebound,False
101,333,B,0.00244090149572516324703774930672378457793800994394798819647906,0.972775,True,True,True,True,contraction,contraction,False
102,334,A,0.00284520737010194442901815024451264966769720243980467653473052,0.972775,True,True,True,True,tie,tie,True
103,334,A,0.00253922844424312498843027935005115391743956849652017406771456,0.972775,True,True,True,True,rebound,rebound,False
104,333,B,0.00230974424984901040798937617920503210474634303905679721745259,0.972775,True,True,True,True,contraction,contraction,False
105,334,A,0.00271410477307823998698604727246369667470269872945719021861198,0.972775,True,True,True,True,rebound,rebound,False
106,333,B,0.00244090149647534665690620212101443917269369071375955933062565,0.972775,True,True,True,True,contraction,contraction,False
107,334,A,0.00284520737085181526246582453679734982303840167596215951423789,0.972775,True,True,True,True,tie,tie,True
108,334,A,0.00253922844480552811351603506926467903394546792363828630234508,0.972775,True,True,True,True,rebound,rebound,False
109,333,B,0.00230974425027081275180369296861517594212576760939538139342548,0.972775,True,True,True,True,contraction,contraction,False
110,334,A,0.00271410477349986657982377476321158628548321520622479998451155,0.972775,True,True,True,True,rebound,rebound,False
111,333,B,0.00244090149679156660153449773907535638077907807133526665505033,0.972775,True,True,True,True,contraction,contraction,False
112,334,A,0.00284520737116790344878385836501740831562042012213887696061073,0.972775,True,True,True,True,tie,tie,True
113,334,A,0.00253922844504259425325456044042972290338198175827082438712471,0.972775,True,True,True,True,rebound,rebound,False
114,333,B,0.0023097442504486123566075869969889588442031529853697849570102,0.972775,True,True,True,True,contraction,contraction,False
115,334,A,0.00271410477367759210145900050240688011135140167162588087994478,0.972775,True,True,True,True,rebound,rebound,False
116,333,B,0.00244090149692486074276091704347182675018021792038607732662525,0.972775,True,True,True,True,contraction,contraction,False
117,334,A,0.00284520737130114205078476666137038015570097616291924979440582,0.972775,True,True,True,True,tie,tie,True
118,334,A,0.00253922844514252320475524166269445178344239878885610401247103,0.972775,True,True,True,True,rebound,rebound,False
119,333,B,0.00230974425052355907023309791368750550424846575830874467601994,0.972775,True,True,True,True,contraction,contraction,False
120,334,A,0.0027141047737525075872871674562234690436216955642427826990716,0.972775,True,True,True,True,rebound,rebound,False
121,333,B,0.00244090149698104735713204225883426844938293833984875369097037,0.972775,True,True,True,True,contraction,contraction,False
122,334,A,0.00284520737135730525406657057455975417086236211554048337693246,0.972775,True,True,True,True,tie,tie,True
123,334,A,0.00253922844518464560721659459758648229481343825332202919936601,0.972775,True,True,True,True,rebound,rebound,False
124,333,B,0.00230974425055515087207911261485652838777674535665818856619118,0.972775,True,True,True,True,contraction,contraction,False
125,334,A,0.00271410477378408622588241298460033816761517171275958098762193,0.972775,True,True,True,True,rebound,rebound,False
126,333,B,0.00244090149700473133607847640511692029237804545123635240738311,0.972775,True,True,True,True,contraction,contraction,False
127,334,A,0.00284520737138097936468844370661478824225622126563167059388004,0.972775,True,True,True,True,tie,tie,True
128,334,A,0.0025392284452024011901829994466277578483588326158904196120767,0.972775,True,True,True,True,rebound,rebound,False
129,333,B,0.00230974425056846755930391625163748505293579112858448137572419,0.972775,True,True,True,True,contraction,contraction,False
130,334,A,0.00271410477379739736448753961986596943416373454894757117515097,0.972775,True,True,True,True,rebound,rebound,False
131,333,B,0.00244090149701471469003232138156614374228946757837734504802989,0.972775,True,True,True,True,contraction,contraction,False
132,334,A,0.00284520737139095855891147458099049118239684696688635448759322,0.972775,True,True,True,True,tie,tie,True
133,334,A,0.00253922844520988558585027260240953505346430189183143253236158,0.972775,True,True,True,True,rebound,rebound,False
134,333,B,0.00230974425057408085605437111847381795676489308554024106593785,0.972775,True,True,True,True,contraction,contraction,False
135,334,A,0.00271410477380300832236434846384112053261624104675459929882704,0.972775,True,True,True,True,rebound,rebound,False
136,333,B,0.00244090149701892290843992801454750706612884745173261614078695,0.972775,True,True,True,True,contraction,contraction,False
137,334,A,0.00284520737139516502389474471120811227151796043196106088406162,0.972775,True,True,True,True,tie,tie,True
138,334,A,0.00253922844521304043458772520007275087030513699063746232971288,0.972775,True,True,True,True,rebound,rebound,False
139,333,B,0.00230974425057644699260746056672122981939551940964476341395133,0.972775,True,True,True,True,contraction,contraction,False
140,334,A,0.00271410477380537347302720745815176264030410460989074476252885,0.972775,True,True,True,True,rebound,rebound,False
141,333,B,0.0024409014970206967714370722602804886468947451240847252385633,0.972775,True,True,True,True,contraction,contraction,False
142,334,A,0.00284520737139693814778230681350537177662520564694968993638057,0.972775,True,True,True,True,tie,tie,True
143,334,A,0.00253922844521437027750339677679569549913557090187893411895209,0.972775,True,True,True,True,rebound,rebound,False
144,333,B,0.00230974425057744437479421424926343829101834484307586725588074,0.972775,True,True,True,True,contraction,contraction,False
145,334,A,0.00271410477380637043963804999332624519173042053272458564452412,0.972775,True,True,True,True,rebound,rebound,False
146,333,B,0.00244090149702144449639520416166135056046448206621010590005976,0.972775,True,True,True,True,contraction,contraction,False
147,334,A,0.0028452073713976855611883728265939916643976218653491850226014,0.972775,True,True,True,True,tie,tie,True
148,334,A,0.00253922844521493083755794628661216041496488306567855543361772,0.972775,True,True,True,True,rebound,rebound,False
149,333,B,0.00230974425057786479483512638162578697789032896592558324187995,0.972775,True,True,True,True,contraction,contraction,False
150,334,A,0.0027141047738067906845039450789667762333162079955231142488625,0.972775,True,True,True,True,rebound,rebound,False
151,333,B,0.00244090149702175968004462547589174884165382266330900235331354,0.972775,True,True,True,True,contraction,contraction,False
152,334,A,0.00284520737139800061351127354861012727963646690386595693566633,0.972775,True,True,True,True,tie,tie,True
153,334,A,0.00253922844521516712680012182812426212639401684456613436841641,0.972775,True,True,True,True,rebound,rebound,False
154,333,B,0.00230974425057804201176675803775986326146217930009126744297898,0.972775,True,True,True,True,contraction,contraction,False
155,334,A,0.0027141047738069678275951885552441299851032367253828960815444,0.972775,True,True,True,True,rebound,rebound,False
156,333,B,0.00244090149702189253736305808309976415549409421070383872782497,0.972775,True,True,True,True,contraction,contraction,False
157,334,A,0.00284520737139813341547249014223180592042930500478271212835504,0.972775,True,True,True,True,tie,tie,True
158,334,A,0.00253922844521526672827103427334052110698864542025370076293295,0.972775,True,True,True,True,rebound,rebound,False
159,333,B,0.00230974425057811671286994237167205749690815073185694223886638,0.972775,True,True,True,True,contraction,contraction,False
160,334,A,0.00271410477380704249757291322901719413961777233571866851293352,0.972775,True,True,True,True,rebound,rebound,False
161,333,B,0.0024409014970219485398463515884295622713799959184556680513668,0.972775,True,True,True,True,contraction,contraction,False
162,334,A,0.00284520737139818939462141560860104995376692092015631152301207,0.972775,True,True,True,True,tie,tie,True
163,334,A,0.00253922844521530871263272837311745413199185735678390030892572,0.972775,True,True,True,True,rebound,rebound,False
164,333,B,0.00230974425057814820114121294650475726566055968425459189836095,0.972775,True,True,True,True,contraction,contraction,False
165,334,A,0.00271410477380707397272407077444371361679986778438615248506997,0.972775,True,True,True,True,rebound,rebound,False
166,333,B,0.00244090149702197214620971974749945187926656750495628103046915,0.972775,True,True,True,True,contraction,contraction,False
167,334,A,0.00284520737139821299114879903093799377431687310182921591337312,0.972775,True,True,True,True,tie,tie,True
168,334,A,0.0025392284452153264100282659398701619974043214930385786016965,0.972775,True,True,True,True,rebound,rebound,False
169,333,B,0.00230974425057816147418786612156928816471990778644560061793904,0.972775,True,True,True,True,contraction,contraction,False
170,334,A,0.00271410477380708724024028784401863429465127449153458161768157,0.972775,True,True,True,True,rebound,rebound,False
171,333,B,0.00244090149702198209684688254968064238765512253531760287992784,0.972775,True,True,True,True,contraction,contraction,False
172,334,A,0.00284520737139822293763986301528494211999359956759455387872787,0.972775,True,True,True,True,tie,tie,True
173,334,A,0.00253922844521533386989656392813037325666186634236258207571257,0.972775,True,True,True,True,rebound,rebound,False
174,333,B,0.0023097442505781670690890896127644466091630664234386032234511,0.972775,True,True,True,True,contraction,contraction,False
175,334,A,0.00271410477380709283281030249209246142307591514576217047210799,0.972775,True,True,True,True,rebound,rebound,False
176,333,B,0.00244090149702198629127439353573601273397360302598829452074766,0.972775,True,True,True,True,contraction,contraction,False
177,334,A,0.00284520737139822713031969587176278939533444735806079939803068,0.972775,True,True,True,True,tie,tie,True
178,334,A,0.00253922844521533701440643857048875871316750218521226621518968,0.972775,True,True,True,True,rebound,rebound,False
179,333,B,0.00230974425057816942747149559453323570154229330557586632805893,0.972775,True,True,True,True,contraction,contraction,False
180,334,A,0.00271410477380709519021004913803551351999998401669854305042223,0.972775,True,True,True,True,rebound,rebound,False
181,333,B,0.00244090149702198805932420352019330180666665467919057395448334,0.972775,True,True,True,True,contraction,contraction,False
182,334,A,0.00284520737139822889763281843539322126424721023974091121533564,0.972775,True,True,True,True,tie,tie,True
183,334,A,0.0025392284452153383398912804932115826148520743464723500781684,0.972775,True,True,True,True,rebound,rebound,False
184,333,B,0.00230974425057817042158512703657535362780572242652092922529296,0.972775,True,True,True,True,contraction,contraction,False
185,334,A,0.00271410477380709618390946656697678056379413670884321217144909,0.972775,True,True,True,True,rebound,rebound,False
186,333,B,0.00244090149702198880459876659189925208951226919829907579525349,0.972775,True,True,True,True,contraction,contraction,False
187,334,A,0.00284520737139822964259685043915262740114163908613311784700546,0.972775,True,True,True,True,tie,tie,True
188,334,A,0.00253922844521533889861430449603113721752289598126650505192076,0.972775,True,True,True,True,rebound,rebound,False
189,333,B,0.00230974425057817084062739503869001957980883865261654545560724,0.972775,True,True,True,True,contraction,contraction,False
190,334,A,0.00271410477380709660277713362409056540498391830317795522833407,0.972775,True,True,True,True,rebound,rebound,False
191,333,B,0.00244090149702198911874951688473459072040460539405013308791722,0.972775,True,True,True,True,contraction,contraction,False
192,334,A,0.00284520737139822995661670458603261797427110347513594553246392,0.972775,True,True,True,True,tie,tie,True
193,334,A,0.00253922844521533913412919510619113014736999427301862581601461,0.972775,True,True,True,True,rebound,rebound,False
194,333,B,0.00230974425057817101726356299631001427719416237143063602867762,0.972775,True,True,True,True,contraction,contraction,False
195,334,A,0.00271410477380709677933970317839488510457866480377587326366567,0.972775,True,True,True,True,rebound,rebound,False
196,333,B,0.00244090149702198925117144405046283049510066526949857161441592,0.972775,True,True,True,True,contraction,contraction,False
197,334,A,0.00284520737139823008898345594877513764906103999230294720957658,0.972775,True,True,True,True,tie,tie,True
198,334,A,0.0025392284452153392334042586282480199034624466608938770738491,0.972775,True,True,True,True,rebound,rebound,False
199,333,B,0.00230974425057817109171986063785268159426350166233707447205349,0.972775,True,True,True,True,contraction,contraction,False
200,334,A,0.00271410477380709685376497736258690964359922520331110069102347,0.972775,True,True,True,True,rebound,rebound,False
201,333,B,0.00244090149702198930699039968860684889936608556914999218493427,0.972775,True,True,True,True,contraction,contraction,False
202,334,A,0.00284520737139823014477915368873659604565801636682951302152388,0.972775,True,True,True,True,tie,tie,True
203,334,A,0.00253922844521533927525103193321911370091017894178880143280958,0.972775,True,True,True,True,rebound,rebound,False
204,333,B,0.00230974425057817112310494061658100194234930087300826774127385,0.972775,True,True,True,True,contraction,contraction,False
205,334,A,0.00271410477380709688513698022465742652487332199764451429638165,0.972775,True,True,True,True,rebound,rebound,False
206,333,B,0.00244090149702198933051940183515973656032165816490005238895291,0.972775,True,True,True,True,contraction,contraction,False
207,334,A,0.00284520737139823016829835208439508667008819080733134403379084,0.972775,True,True,True,True,tie,tie,True
208,334,A,0.0025392284452153392928904307299629816692328097721651746920098,0.972775,True,True,True,True,rebound,rebound,False
209,333,B,0.00230974425057817113633448971413890291859127399579054768567402,0.972775,True,True,True,True,contraction,contraction,False
210,334,A,0.00271410477380709689836101701009134504237519429829230162413832,0.972775,True,True,True,True,rebound,rebound,False
211,333,B,0.00244090149702198934043742942423517544844806239038589288477041,0.972775,True,True,True,True,contraction,contraction,False
212,334,A,0.00284520737139823017821224716197507745867787569772323209606842,0.972775,True,True,True,True,tie,tie,True
213,334,A,0.00253922844521533930032585203814797476067507343995909073871798,0.972775,True,True,True,True,rebound,rebound,False
214,333,B,0.00230974425057817114191105569527764773717297174663598472070515,0.972775,True,True,True,True,contraction,contraction,False
215,334,A,0.00271410477380709690393525942207128205061581634174155306040486,0.972775,True,True,True,True,rebound,rebound,False
216,333,B,0.00244090149702198934461811123322012820462852892297283146197031,0.972775,True,True,True,True,contraction,contraction,False
217,334,A,0.00284520737139823018239118702020628648454326703592159278219449,0.972775,True,True,True,True,tie,tie,True
218,334,A,0.00253922844521533930346005693182138153007411694360786125331253,0.972775,True,True,True,True,rebound,rebound,False
219,333,B,0.00230974425057817114426170936553270281422225437437256260665107,0.972775,True,True,True,True,contraction,contraction,False
220,334,A,0.00271410477380709690628493365329706418804966176838324070556496,0.972775,True,True,True,True,rebound,rebound,False
221,333,B,0.00244090149702198934638036690663946480770391299295409719584039,0.972775,True,True,True,True,contraction,contraction,False
222,334,A,0.00284520737139823018415270842042836503070070302920703298867545,0.972775,True,True,True,True,tie,tie,True
223,334,A,0.00253922844521533930478119798198794043969219393857194140817326,0.972775,True,True,True,True,rebound,rebound,False
224,333,B,0.00230974425057817114525256515315762199643581212059562272279661,0.972775,True,True,True,True,contraction,contraction,False
225,334,A,0.00271410477380709690727537658434380632060396386554537454666211,0.972775,True,True,True,True,rebound,rebound,False
226,333,B,0.00244090149702198934712319910492452140711963956582569757666325,0.972775,True,True,True,True,contraction,contraction,False
227,334,A,0.00284520737139823018489523110529746952320000638267327020267297,0.972775,True,True,True,True,tie,tie,True
228,334,A,0.0025392284452153393053380899956397688090666714536716193186714,0.972775,True,True,True,True,rebound,rebound,False
229,333,B,0.00230974425057817114567023416339649327346667025692038115567021,0.972775,True,True,True,True,contraction,contraction,False
230,334,A,0.00271410477380709690769287156582841140126939247764666433018869,0.972775,True,True,True,True,rebound,rebound,False
231,333,B,0.00244090149702198934743632034103797521761871102490166491430818,0.972775,True,True,True,True,contraction,contraction,False
232,334,A,0.00284520737139823018520822187422920939461136989530795588726055,0.972775,True,True,True,True,tie,tie,True
233,334,A,0.00253922844521533930557283307233857371262519408814763358211208,0.972775,True,True,True,True,rebound,rebound,False
234,333,B,0.00230974425057817114584629147092059695113556223277739185325073,0.972775,True,True,True,True,contraction,contraction,False
235,334,A,0.00271410477380709690786885551614104670240592241518040127331187,0.972775,True,True,True,True,rebound,rebound,False
236,333,B,0.00244090149702198934756830830377245169347110847805196762165057,0.972775,True,True,True,True,contraction,contraction,False
237,334,A,0.00284520737139823018534015484197921317193216218285277930180822,0.972775,True,True,True,True,tie,tie,True
238,334,A,0.00253922844521533930567178279815107654561578830380625114302283,0.972775,True,True,True,True,rebound,rebound,False
239,333,B,0.00230974425057817114592050376527997407587850789452135502393379,0.972775,True,True,True,True,contraction,contraction,False
240,334,A,0.00271410477380709690794303688871110742001355851623197112600715,0.972775,True,True,True,True,rebound,rebound,False
241,333,B,0.00244090149702198934762394433319999723167683555384064501117203,0.972775,True,True,True,True,contraction,contraction,False
242,334,A,0.00284520737139823018539576768972783056616363687235987807575071,0.972775,True,True,True,True,tie,tie,True
243,334,A,0.0025392284452153393057134924339625395912893943209365752234797,0.972775,True,True,True,True,rebound,rebound,False
244,333,B,0.00230974425057817114595178599213857136013371240736909808427644,0.972775,True,True,True,True,contraction,contraction,False
245,334,A,0.00271410477380709690797430608130851362206699002719936096007466,0.972775,True,True,True,True,rebound,rebound,False
246,333,B,0.00244090149702198934764739622764805188321690918706618738672266,0.972775,True,True,True,True,contraction,contraction,False
247,334,A,0.00284520737139823018541920981255319852826556880823824314197819,0.972775,True,True,True,True,tie,tie,True
248,334,A,0.00253922844521533930573107402608156556286584327284534902315031,0.972775,True,True,True,True,rebound,rebound,False
249,333,B,0.0023097442505781711459649721862278408388160491213006784340294,0.972775,True,True,True,True,contraction,contraction,False
250,334,A,0.00271410477380709690798748678115024590513320910083346981801522,0.972775,True,True,True,True,rebound,rebound,False
251,333,B,0.00244090149702198934765728175252935109551657349229176903017808,0.972775,True,True,True,True,contraction,contraction,False
252,334,A,0.00284520737139823018542909121846579719922677492000331412641551,0.972775,True,True,True,True,tie,tie,True
253,334,A,0.0025392284452153393057384850805160145660867478566691522614783,0.972775,True,True,True,True,rebound,rebound,False
254,333,B,0.00230974425057817114597053047705367759123172755916853086277539,0.972775,True,True,True,True,contraction,contraction,False
255,334,A,0.00271410477380709690799304275602157189223538100601887730824923,0.972775,True,True,True,True,rebound,rebound,False
256,333,B,0.00244090149702198934766144873368284558584320242118082464785359,0.972775,True,True,True,True,contraction,contraction,False
257,334,A,0.00284520737139823018543325646337714440018243442017199930425032,0.972775,True,True,True,True,tie,tie,True
258,334,A,0.00253922844521533930574160901419952496680349248179566614485441,0.972775,True,True,True,True,rebound,rebound,False
259,333,B,0.00230974425057817114597287342731631039176928602801341627530747,0.972775,True,True,True,True,contraction,contraction,False
260,334,A,0.00271410477380709690799538473005492859577271549216841068519276,0.972775,True,True,True,True,rebound,rebound,False
261,333,B,0.00244090149702198934766320521420786311349620328579297468056124,0.972775,True,True,True,True,contraction,contraction,False
262,334,A,0.00284520737139823018543501221203527650386557986775722760777767,0.972775,True,True,True,True,tie,tie,True
263,334,A,0.00253922844521533930574292582569312404456585156748458737249992,0.972775,True,True,True,True,rebound,rebound,False
264,333,B,0.00230974425057817114597386103593650970009105534228010719604161,0.972775,True,True,True,True,contraction,contraction,False
265,334,A,0.00271410477380709690799637192717153615438268406922082381804326,0.972775,True,True,True,True,rebound,rebound,False
266,333,B,0.00244090149702198934766394561204531878245367971858228453019911,0.972775,True,True,True,True,contraction,contraction,False
267,334,A,0.00284520737139823018543575230137363323296099068536620857831152,0.972775,True,True,True,True,tie,tie,True
268,334,A,0.00253922844521533930574348089269689159138740968069132310040031,0.972775,True,True,True,True,rebound,rebound,False
269,333,B,0.0023097442505781711459742773361893353602072239271851589919669,0.972775,True,True,True,True,contraction,contraction,False
270,334,A,0.00271410477380709690799678805396592313714047091721549850905358,0.972775,True,True,True,True,rebound,rebound,False
271,333,B,0.00244090149702198934766425770714110901952201985457829054845685,0.972775,True,True,True,True,contraction,contraction,False
272,334,A,0.00284520737139823018543606426642980022409721901297221626072833,0.972775,True,True,True,True,tie,tie,True
273,334,A,0.00253922844521533930574371486648901683473958092639582886221291,0.972775,True,True,True,True,rebound,rebound,False
274,333,B,0.00230974425057817114597445281653342929272135236146353831332635,0.972775,True,True,True,True,contraction,contraction,False
275,334,A,0.00271410477380709690799696346119320703051605179797959517236247,0.972775,True,True,True,True,rebound,rebound,False
276,333,B,0.00244090149702198934766438926256157193955370551515136304593852,0.972775,True,True,True,True,contraction,contraction,False
277,334,A,0.00284520737139823018543619576703550461791222480452004997800271,0.972775,True,True,True,True,tie,tie,True
278,334,A,0.0025392284452153393057438134919432951301008352700567041501687,0.972775,True,True,True,True,rebound,rebound,False
279,333,B,0.00230974425057817114597452678562413801424229311920919477929319,0.972775,True,True,True,True,contraction,contraction,False
280,334,A,0.00271410477380709690799703739946346129006969216374285761480182,0.972775,True,True,True,True,rebound,rebound,False
281,333,B,0.00244090149702198934766444471626426263421893578947380987776803,0.972775,True,True,True,True,contraction,contraction,False
282,334,A,0.00284520737139823018543625119763248585812134456622819579031896,0.972775,True,True,True,True,tie,tie,True
283,334,A,0.00253922844521533930574385506489103106025767509133781350940589,0.972775,True,True,True,True,rebound,rebound,False
284,333,B,0.00230974425057817114597455796533493996185992298517002679872108,0.972775,True,True,True,True,contraction,contraction,False
285,334,A,0.00271410477380709690799706856618271707020914801725953928755495,0.972775,True,True,True,True,rebound,rebound,False
286,333,B,0.00244090149702198934766446809130370446932352767961132113233288,0.972775,True,True,True,True,contraction,contraction,False
287,334,A,0.00284520737139823018543627456293232792579464287641148308186107,0.972775,True,True,True,True,tie,tie,True
288,334,A,0.00253922844521533930574387258886591261101264882397527897806247,0.972775,True,True,True,True,rebound,rebound,False
289,333,B,0.00230974425057817114597457110831610112492615328464812590021352,0.972775,True,True,True,True,contraction,contraction,False
290,334,A,0.00271410477380709690799708170368763608279076738744618918108843,0.972775,True,True,True,True,rebound,rebound,False
291,333,B,0.00244090149702198934766447794443239372875974220725130855248299,0.972775,True,True,True,True,contraction,contraction,False
292,334,A,0.00284520737139823018543628441195554689803942564799828717391946,0.972775,True,True,True,True,tie,tie,True
293,334,A,0.00253922844521533930574387997563332684019623590266538204710626,0.972775,True,True,True,True,rebound,rebound,False
294,333,B,0.00230974425057817114597457664839166179681384359366570320199636,0.972775,True,True,True,True,contraction,contraction,False
295,334,A,0.0027141047738070969079970872414548319377318378255016758256622,0.972775,True,True,True,True,rebound,rebound,False
296,333,B,0.00244090149702198934766448209775779061996554503579292353591331,0.972775,True,True,True,True,contraction,contraction,False
297,334,A,0.00284520737139823018543628856355039154054055939202800981777335,0.972775,True,True,True,True,tie,tie,True
298,334,A,0.00253922844521533930574388308932946032207208621068767402999668,0.972775,True,True,True,True,rebound,rebound,False
299,333,B,0.00230974425057817114597457898366376190822073132468242218916418,0.972775,True,True,True,True,contraction,contraction,False
300,334,A,0.00271410477380709690799708957575390200742563935329713784658536,0.972775,True,True,True,True,rebound,rebound,False
301,333,B,0.00244090149702198934766448384848209317223589618163952005160568,0.972775,True,True,True,True,contraction,contraction,False
302,334,A,0.00284520737139823018543629031354522563341413122489717025158418,0.972775,True,True,True,True,tie,tie,True
303,334,A,0.0025392284452153393057438844018255858917272650853395443553548,0.972775,True,True,True,True,rebound,rebound,False
304,333,B,0.00230974425057817114597457996803585608546211548067132493318277,0.972775,True,True,True,True,contraction,contraction,False
305,334,A,0.00271410477380709690799709055971584114542650626588771188112728,0.972775,True,True,True,True,rebound,rebound,False
306,333,B,0.00244090149702198934766448458645354752573654636608245057751212,0.972775,True,True,True,True,contraction,contraction,False
307,334,A,0.00284520737139823018543629105120919188093415613842991622310483,0.972775,True,True,True,True,tie,tie,True
308,334,A,0.00253922844521533930574388495507356057736728377048910383399529,0.972775,True,True,True,True,rebound,rebound,False
309,333,B,0.00230974425057817114597458038297183709969212949453349454216313,0.972775,True,True,True,True,contraction,contraction,False
310,334,A,0.00271410477380709690799709097447893216756725777391077225277056,0.972775,True,True,True,True,rebound,rebound,False
311,333,B,0.00244090149702198934766448489752586579234210999709974585624459,0.972775,True,True,True,True,contraction,contraction,False
312,334,A,0.00284520737139823018543629136215189668159530078460095429547115,0.972775,True,True,True,True,tie,tie,True
313,334,A,0.00253922844521533930574388518828058917786314225511738238827003,0.972775,True,True,True,True,rebound,rebound,False
314,333,B,0.00230974425057817114597458055787710855006402335800470345786919,0.972775,True,True,True,True,contraction,contraction,False
315,334,A,0.00271410477380709690799709114931132642150149668160553483142841,0.972775,True,True,True,True,rebound,rebound,False
316,333,B,0.00244090149702198934766448502865016148279278917787081779023798,0.972775,True,True,True,True,contraction,contraction,False
317,334,A,0.00284520737139823018543629149322155724884162551571337161615871,0.972775,True,True,True,True,tie,tie,True
318,334,A,0.0025392284452153393057438852865828346032978858034516953787857,0.972775,True,True,True,True,rebound,rebound,False
319,333,B,0.00230974425057817114597458063160379261914008101925543820075594,0.972775,True,True,True,True,contraction,contraction,False
320,334,A,0.00271410477380709690799709122300729103888210598549741510150563,0.972775,True,True,True,True,rebound,rebound,False
321,333,B,0.00244090149702198934766448508392213494582824615578972799279589,0.972775,True,True,True,True,contraction,contraction,False
322,334,A,0.00284520737139823018543629154847050072293415105322481560613222,0.972775,True,True,True,True,tie,tie,True
323,334,A,0.00253922844521533930574388532801954220886727995658527837126583,0.972775,True,True,True,True,rebound,rebound,False
324,333,B,0.00230974425057817114597458066268132332331712663410562544511604,0.972775,True,True,True,True,contraction,contraction,False
325,334,A,0.00271410477380709690799709125407187277193241116467474810118058,0.972775,True,True,True,True,rebound,rebound,False
326,333,B,0.0024409014970219893476644851072205712456159750401727277425521,0.972775,True,True,True,True,contraction,contraction,False
327,334,A,0.00284520737139823018543629157175922934093030171723932243932604,0.972775,True,True,True,True,tie,tie,True
328,334,A,0.00253922844521533930574388534548608867236439295459615849616119,0.972775,True,True,True,True,rebound,rebound,False
329,333,B,0.00230974425057817114597458067578123317093996138261378553878756,0.972775,True,True,True,True,contraction,contraction,False
330,334,A,0.00271410477380709690799709126716632432378540306537102979481307,0.972775,True,True,True,True,rebound,rebound,False
331,333,B,0.00244090149702198934766448511704140990950571896569493901277647,0.972775,True,True,True,True,contraction,contraction,False
332,334,A,0.00284520737139823018543629158157597598871009158279256612152114,0.972775,True,True,True,True,tie,tie,True
333,334,A,0.00253922844521533930574388535284864865819923535376109125780752,0.972775,True,True,True,True,rebound,rebound,False
334,333,B,0.00230974425057817114597458068130315316031609318198748511002231,0.972775,True,True,True,True,contraction,contraction,False
335,334,A,0.0027141047738070969079970912726859435131659614764949903245598,0.972775,True,True,True,True,rebound,rebound,False
336,333,B,0.00244090149702198934766448512118112430154113777403790941008652,0.972775,True,True,True,True,contraction,contraction,False
337,334,A,0.00284520737139823018543629158571396549974882896663206028116565,0.972775,True,True,True,True,tie,tie,True
338,334,A,0.0025392284452153393057438853559521407914782883916407118775409,0.972775,True,True,True,True,rebound,rebound,False
339,333,B,0.00230974425057817114597458068363077226027538296039720057482234,0.972775,True,True,True,True,contraction,contraction,False
340,334,A,0.00271410477380709690799709127501259277183360155083036840791617,0.972775,True,True,True,True,rebound,rebound,False
341,333,B,0.00244090149702198934766448512292611124554186782978944297260379,0.972775,True,True,True,True,contraction,contraction,False
342,334,A,0.00284520737139823018543629158745822536585622538486036403803187,0.972775,True,True,True,True,tie,tie,True
343,334,A,0.00253922844521533930574388535726033569105883570531193969519057,0.972775,True,True,True,True,rebound,rebound,False
344,333,B,0.0023097442505781711459745806846119184349607934456506214380596,0.972775,True,True,True,True,contraction,contraction,False
345,334,A,0.0027141047738070969079970912759933301356128931150482670124604,0.972775,True,True,True,True,rebound,rebound,False
346,333,B,0.00244090149702198934766448512366166426837633650295286692601197,0.972775,True,True,True,True,contraction,contraction,False
347,334,A,0.00284520737139823018543629158819347190826451302940996989812613,0.972775,True,True,True,True,tie,tie,True
348,334,A,0.00253922844521533930574388535781177059786505143872414409026127,0.972775,True,True,True,True,rebound,rebound,False
349,333,B,0.00230974425057817114597458068502549461506545524570977473436262,0.972775,True,True,True,True,contraction,contraction,False
350,334,A,0.00271410477380709690799709127640673399230917797269072899488996,0.972775,True,True,True,True,rebound,rebound,False
351,333,B,0.00244090149702198934766448512397171716089855014618471341283414,0.972775,True,True,True,True,contraction,contraction,False
352,334,A,0.00284520737139823018543629158850339561208150908362380311557879,0.972775,True,True,True,True,tie,tie,True
353,334,A,0.00253922844521533930574388535804421337572779847938451900335076,0.972775,True,True,True,True,rebound,rebound,False
354,333,B,0.00230974425057817114597458068519982669846251552620505591917974,0.972775,True,True,True,True,contraction,contraction,False
355,334,A,0.00271410477380709690799709127658099343733815614473580381254675,0.972775,True,True,True,True,rebound,rebound,False
356,333,B,0.00244090149702198934766448512410241174467028377521851952607673,0.972775,True,True,True,True,contraction,contraction,False
357,334,A,0.00284520737139823018543629158863403573977667115697884514294086,0.972775,True,True,True,True,tie,tie,True
358,334,A,0.00253922844521533930574388535814219347149917003440080052387231,0.972775,True,True,True,True,rebound,rebound,False
359,333,B,0.0023097442505781711459745806852733117702910441924672670595709,0.972775,True,True,True,True,contraction,contraction,False
360,334,A,0.00271410477380709690799709127665444789038675625738707236496275,0.972775,True,True,True,True,rebound,rebound,False
361,333,B,0.00244090149702198934766448512415750258445673385970697094038873,0.972775,True,True,True,True,contraction,contraction,False
362,334,A,0.00284520737139823018543629158868910362504654355393209303583023,0.972775,True,True,True,True,tie,tie,True
363,334,A,0.00253922844521533930574388535818349438545157433211573644353934,0.972775,True,True,True,True,rebound,rebound,False
364,333,B,0.00230974425057817114597458068530428745575534741575346899932117,0.972775,True,True,True,True,contraction,contraction,False
365,334,A,0.00271410477380709690799709127668541066931544935433023838723812,0.972775,True,True,True,True,rebound,rebound,False
366,333,B,0.00244090149702198934766448512418072466865325368241434545709526,0.972775,True,True,True,True,contraction,contraction,False
367,334,A,0.0028452073713982301854362915887123160333746481600466728131548,0.972775,True,True,True,True,tie,tie,True
368,334,A,0.00253922844521533930574388535820090369169765278670167127653277,0.972775,True,True,True,True,rebound,rebound,False
369,333,B,0.00230974425057817114597458068531734443543990625669292012406624,0.972775,True,True,True,True,contraction,contraction,False
370,334,A,0.00271410477380709690799709127669846220859180629575263140734788,0.972775,True,True,True,True,rebound,rebound,False
371,333,B,0.00244090149702198934766448512419051332311052138848114022217758,0.972775,True,True,True,True,contraction,contraction,False
372,334,A,0.00284520737139823018543629158872210060922589200456927308041834,0.972775,True,True,True,True,tie,tie,True
373,334,A,0.00253922844521533930574388535820824212358608567009362147698042,0.972775,True,True,True,True,rebound,rebound,False
374,333,B,0.00230974425057817114597458068532284825935623091923688277440198,0.972775,True,True,True,True,contraction,contraction,False
375,334,A,0.00271410477380709690799709127670396373924816582302053407324598,0.972775,True,True,True,True,rebound,rebound,False
376,333,B,0.00244090149702198934766448512419463947110279103393206722160115,0.972775,True,True,True,True,contraction,contraction,False
377,334,A,0.00284520737139823018543629158872622503798983153766792886025882,0.972775,True,True,True,True,tie,tie,True
378,334,A,0.00253922844521533930574388535821133544515904031991761331186078,0.972775,True,True,True,True,rebound,rebound,False
379,333,B,0.00230974425057817114597458068532516825053594690660487665056225,0.972775,True,True,True,True,contraction,contraction,False
380,334,A,0.00271410477380709690799709127670628276376489026206045795195785,0.972775,True,True,True,True,rebound,rebound,False
381,333,B,0.00244090149702198934766448512419637873949033436321201013063505,0.972775,True,True,True,True,contraction,contraction,False
382,334,A,0.00284520737139823018543629158872796358168221339056067179308062,0.972775,True,True,True,True,tie,tie,True
383,334,A,0.00253922844521533930574388535821263935292832670958717051147713,0.972775,True,True,True,True,rebound,rebound,False
384,333,B,0.00230974425057817114597458068532614618136291169885704455027452,0.972775,True,True,True,True,contraction,contraction,False
385,334,A,0.00271410477380709690799709127670726028712067715231585411504524,0.972775,True,True,True,True,rebound,rebound,False
386,333,B,0.00244090149702198934766448512419711188200717453090355725295059,0.972775,True,True,True,True,contraction,contraction,False
387,334,A,0.0028452073713982301854362915887286964187230048748490141040952,0.972775,True,True,True,True,tie,tie,True
388,334,A,0.00253922844521533930574388535821318898070892032280342724473807,0.972775,True,True,True,True,rebound,rebound,False
389,333,B,0.00230974425057817114597458068532655840219835690876923710022022,0.972775,True,True,True,True,contraction,contraction,False
390,334,A,0.00271410477380709690799709127670767233619744092672391658476179,0.972775,True,True,True,True,rebound,rebound,False
391,333,B,0.00244090149702198934766448512419742091881474736170960410523801,0.972775,True,True,True,True,contraction,contraction,False
392,334,A,0.00284520737139823018543629158872900532676524121697555843686083,0.972775,True,True,True,True,tie,tie,True
393,334,A,0.00253922844521533930574388535821342066174059757939833549431229,0.972775,True,True,True,True,rebound,rebound,False
394,333,B,0.00230974425057817114597458068532673216297211485121541828740088,0.972775,True,True,True,True,contraction,contraction,False
395,334,A,0.00271410477380709690799709127670784602457087647002741186311446,0.972775,True,True,True,True,rebound,rebound,False
396,333,B,0.00244090149702198934766448512419755118509482401918722556400252,0.972775,True,True,True,True,contraction,contraction,False
397,334,A,0.00284520737139823018543629158872913553876770117584589755335085,0.972775,True,True,True,True,tie,tie,True
398,334,A,0.0025392284452153393057438853582135183207424425485510898316798,0.972775,True,True,True,True,rebound,rebound,False
399,333,B,0.00230974425057817114597458068532680540722349857807998404042652,0.972775,True,True,True,True,contraction,contraction,False
400,334,A,0.00271410477380709690799709127670791923830382212033911738040967,0.972775,True,True,True,True,rebound,rebound,False
401,333,B,0.00244090149702198934766448512419760609539453325692100470197392,0.972775,True,True,True,True,contraction,contraction,False
402,334,A,0.0028452073713982301854362915887291904261881188680639542833481,0.972775,True,True,True,True,tie,tie,True
403,334,A,0.00253922844521533930574388535821355948630775581771463237917774,0.972775,True,True,True,True,rebound,rebound,False
404,333,B,0.00230974425057817114597458068532683628139748352995264095104997,0.972775,True,True,True,True,contraction,contraction,False
405,334,A,0.00271410477380709690799709127670795009961356791181516068398704,0.972775,True,True,True,True,rebound,rebound,False
406,333,B,0.00244090149702198934766448512419762924137684260052803717965694,0.972775,True,True,True,True,contraction,contraction,False
407,334,A,0.00284520737139823018543629158872921356252626891611115049749875,0.972775,True,True,True,True,tie,tie,True
408,334,A,0.00253922844521533930574388535821357683856136835375002953979073,0.972775,True,True,True,True,rebound,rebound,False
409,333,B,0.00230974425057817114597458068532684929558769293197918882150972,0.972775,True,True,True,True,contraction,contraction,False
410,334,A,0.00271410477380709690799709127670796310838119805992419749283409,0.972775,True,True,True,True,rebound,rebound,False
411,333,B,0.00244090149702198934766448512419763899795256521160981478629223,0.972775,True,True,True,True,contraction,contraction,False
412,334,A,0.00284520737139823018543629158872922331503675164277164403013128,0.972775,True,True,True,True,tie,tie,True
413,334,A,0.00253922844521533930574388535821358415294423039874539968926512,0.972775,True,True,True,True,rebound,rebound,False
414,333,B,0.00230974425057817114597458068532685478137483946572571643361551,0.972775,True,True,True,True,contraction,contraction,False
415,334,A,0.00271410477380709690799709127670796859188259994928166405176817,0.972775,True,True,True,True,rebound,rebound,False
416,333,B,0.00244090149702198934766448512419764311057861662862791470549279,0.972775,True,True,True,True,contraction,contraction,False
417,334,A,0.00284520737139823018543629158872922742594920887169931974103217,0.972775,True,True,True,True,tie,tie,True
418,334,A,0.0025392284452153393057438853582135872361285733204411564724408,0.972775,True,True,True,True,rebound,rebound,False
419,333,B,0.00230974425057817114597458068532685709376309665699753402099726,0.972775,True,True,True,True,contraction,contraction,False
420,334,A,0.00271410477380709690799709127670797090330736203339045171515518,0.972775,True,True,True,True,rebound,rebound,False
421,333,B,0.00244090149702198934766448512419764484414718819170950545303305,0.972775,True,True,True,True,contraction,contraction,False
422,334,A,0.00284520737139823018543629158872922915879546019662962649242762,0.972775,True,True,True,True,tie,tie,True
423,334,A,0.00253922844521533930574388535821358853576326181413888653598738,0.972775,True,True,True,True,rebound,rebound,False
424,333,B,0.0023097442505781711459745806853268580684891130272708315686572,0.972775,True,True,True,True,contraction,contraction,False
425,334,A,0.00271410477380709690799709127670797187762724256350946872217026,0.972775,True,True,True,True,rebound,rebound,False
426,333,B,0.00244090149702198934766448512419764557488709858929876820829436,0.972775,True,True,True,True,contraction,contraction,False
427,334,A,0.00284520737139823018543629158872922988923089563155322705487424,0.972775,True,True,True,True,tie,tie,True
428,334,A,0.00253922844521533930574388535821358908358983839033158695782235,0.972775,True,True,True,True,rebound,rebound,False
429,333,B,0.00230974425057817114597458068532685847935904545941535688503343,0.972775,True,True,True,True,contraction,contraction,False
430,334,A,0.00271410477380709690799709127670797228832597919047393381966466,0.972775,True,True,True,True,rebound,rebound,False
431,333,B,0.00244090149702198934766448512419764588291115105952211703141516,0.972775,True,True,True,True,contraction,contraction,False
432,334,A,0.00284520737139823018543629158872923019712660474658064948265207,0.972775,True,True,True,True,tie,tie,True
433,334,A,0.00253922844521533930574388535821358931451162022660215377865572,0.972775,True,True,True,True,rebound,rebound,False
434,333,B,0.00230974425057817114597458068532685865255038183661828200065846,0.972775,True,True,True,True,contraction,contraction,False
435,334,A,0.00271410477380709690799709127670797246144515251085302438315818,0.972775,True,True,True,True,rebound,rebound,False
436,333,B,0.0024409014970219893476644851241976460127505310498064349540353,0.972775,True,True,True,True,contraction,contraction,False
437,334,A,0.00284520737139823018543629158872923032691188499520234893947112,0.972775,True,True,True,True,tie,tie,True
438,334,A,0.00253922844521533930574388535821358941185058041306842837127001,0.972775,True,True,True,True,rebound,rebound,False
439,333,B,0.00230974425057817114597458068532685872555460197646798794511917,0.972775,True,True,True,True,contraction,contraction,False
440,334,A,0.00271410477380709690799709127670797253441895422564445961680871,0.972775,True,True,True,True,rebound,rebound,False
441,333,B,0.0024409014970219893476644851241976460674808823359000113792732,0.972775,True,True,True,True,contraction,contraction,False
442,334,A,0.0028452073713982301854362915887292303816194319682600530411985,0.972775,True,True,True,True,tie,tie,True
443,334,A,0.00253922844521533930574388535821358945288124064286170644756554,0.972775,True,True,True,True,rebound,rebound,False
444,333,B,0.00230974425057817114597458068532685875632759714881294650234082,0.972775,True,True,True,True,contraction,contraction,False
445,334,A,0.00271410477380709690799709127670797256517912731666760777463151,0.972775,True,True,True,True,rebound,rebound,False
446,333,B,0.0024409014970219893476644851241976460905510121541673724976403,0.972775,True,True,True,True,contraction,contraction,False
447,334,A,0.00284520737139823018543629158872923040467994923243646942576629,0.972775,True,True,True,True,tie,tie,True
448,334,A,0.00253922844521533930574388535821358947017662859099401873599138,0.972775,True,True,True,True,rebound,rebound,False
449,333,B,0.0023097442505781711459745806853268587692991381099121807186602,0.972775,True,True,True,True,contraction,contraction,False
450,334,A,0.00271410477380709690799709127670797257814526346903305064336076,0.972775,True,True,True,True,rebound,rebound,False
451,333,B,0.00244090149702198934766448512419764610027561426844145464918724,0.972775,True,True,True,True,contraction,contraction,False
452,334,A,0.00284520737139823018543629158872923041440049942916293737641674,0.972775,True,True,True,True,tie,tie,True
453,334,A,0.00253922844521533930574388535821358947746704123853886969897922,0.972775,True,True,True,True,rebound,rebound,False
454,333,B,0.00230974425057817114597458068532685877476694759557081894090108,0.972775,True,True,True,True,contraction,contraction,False
455,334,A,0.00271410477380709690799709127670797258361079470073933109967571,0.972775,True,True,True,True,rebound,rebound,False
456,333,B,0.00244090149702198934766448512419764610437476269222116499142345,0.972775,True,True,True,True,contraction,contraction,False
457,334,A,0.00284520737139823018543629158872923041849793987443273950601036,0.972775,True,True,True,True,tie,tie,True
458,334,A,0.00253922844521533930574388535821358948054012157249122129617443,0.972775,True,True,True,True,rebound,rebound,False
459,333,B,0.00230974425057817114597458068532685877707175784603508263879749,0.972775,True,True,True,True,contraction,contraction,False
460,334,A,0.00271410477380709690799709127670797258591464461359923468769799,0.972775,True,True,True,True,rebound,rebound,False
461,333,B,0.00244090149702198934766448512419764610610265012686609268244016,0.972775,True,True,True,True,contraction,contraction,False
462,334,A,0.00284520737139823018543629158872923042022510735597989847715581,0.972775,True,True,True,True,tie,tie,True
463,334,A,0.00253922844521533930574388535821358948183549718365159052453352,0.972775,True,True,True,True,rebound,rebound,False
464,333,B,0.00230974425057817114597458068532685877804328955440535956006681,0.972775,True,True,True,True,contraction,contraction,False
465,334,A,0.00271410477380709690799709127670797258688577151709102399358345,0.972775,True,True,True,True,rebound,rebound,False
466,333,B,0.00244090149702198934766448512419764610683099530448493466185425,0.972775,True,True,True,True,contraction,contraction,False
467,334,A,0.00284520737139823018543629158872923042095314905644139927241181,0.972775,True,True,True,True,tie,tie,True
468,334,A,0.00253922844521533930574388535821358948238152845899771612097553,0.972775,True,True,True,True,rebound,rebound,False
469,333,B,0.00230974425057817114597458068532685877845281301091495375739831,0.972775,True,True,True,True,contraction,contraction,False
470,334,A,0.00271410477380709690799709127670797258729512433882707252666606,0.972775,True,True,True,True,rebound,rebound,False
471,333,B,0.00244090149702198934766448512419764610713800992078697106166621,0.972775,True,True,True,True,contraction,contraction,False
472,334,A,0.00284520737139823018543629158872923042126003574998664315705719,0.972775,True,True,True,True,tie,tie,True
473,334,A,0.00253922844521533930574388535821358948261169347915664903445956,0.972775,True,True,True,True,rebound,rebound,False
474,333,B,0.00230974425057817114597458068532685877862543677603415344251133,0.972775,True,True,True,True,contraction,contraction,False
475,334,A,0.00271410477380709690799709127670797258746767617737747254524362,0.972775,True,True,True,True,rebound,rebound,False
476,333,B,0.00244090149702198934766448512419764610726742379969977107559938,0.972775,True,True,True,True,contraction,contraction,False
477,334,A,0.00284520737139823018543629158872923042138939570644989617098455,0.972775,True,True,True,True,tie,tie,True
478,334,A,0.00253922844521533930574388535821358948270871344650408879490508,0.972775,True,True,True,True,rebound,rebound,False
479,333,B,0.00230974425057817114597458068532685877869820175154473326284548,0.972775,True,True,True,True,contraction,contraction,False
480,334,A,0.00271410477380709690799709127670797258754041083414825629065262,0.972775,True,True,True,True,rebound,rebound,False
481,333,B,0.00244090149702198934766448512419764610732197479227785888465613,0.972775,True,True,True,True,contraction,contraction,False
482,334,A,0.00284520737139823018543629158872923042144392396944774311012086,0.972775,True,True,True,True,tie,tie,True
483,334,A,0.00253922844521533930574388535821358948274960964375247399925731,0.972775,True,True,True,True,rebound,rebound,False
484,333,B,0.00230974425057817114597458068532685877872887389948102216610965,0.972775,True,True,True,True,contraction,contraction,False
485,334,A,0.00271410477380709690799709127670797258757107020202290507354044,0.972775,True,True,True,True,rebound,rebound,False
486,333,B,0.002440901497021989347664485124197646107344969318183845471822,0.972775,True,True,True,True,contraction,contraction,False
487,334,A,0.00284520737139823018543629158872923042146690891430126886954207,0.972775,True,True,True,True,tie,tie,True
488,334,A,0.00253922844521533930574388535821358948276684835239261831882322,0.972775,True,True,True,True,rebound,rebound,False
489,333,B,0.00230974425057817114597458068532685877874180293096113040578408,0.972775,True,True,True,True,contraction,contraction,False
490,334,A,0.002714104773807096907997091276707972587583993846406563268115,0.972775,True,True,True,True,rebound,rebound,False
491,333,B,0.00244090149702198934766448512419764610735466205147158911775292,0.972775,True,True,True,True,contraction,contraction,False
492,334,A,0.00284520737139823018543629158872923042147659760895014262228719,0.972775,True,True,True,True,tie,tie,True
493,334,A,0.00253922844521533930574388535821358948277411487337927363338206,0.972775,True,True,True,True,rebound,rebound,False
494,333,B,0.00230974425057817114597458068532685877874725282170112189170321,0.972775,True,True,True,True,contraction,contraction,False
495,334,A,0.00271410477380709690799709127670797258758944146635874642424833,0.972775,True,True,True,True,rebound,rebound,False
496,333,B,0.00244090149702198934766448512419764610735874776643572648485292,0.972775,True,True,True,True,contraction,contraction,False
497,334,A,0.0028452073713982301854362915887292304214806816215330449321509,0.972775,True,True,True,True,tie,tie,True
498,334,A,0.00253922844521533930574388535821358948277717788281645036577984,0.972775,True,True,True,True,rebound,rebound,False
499,333,B,0.00230974425057817114597458068532685877874955007877900444100155,0.972775,True,True,True,True,contraction,contraction,False
500,334,A,0.00271410477380709690799709127670797258759173776624617985581779,0.972775,True,True,True,True,rebound,rebound,False
501,333,B,0.00244090149702198934766448512419764610736046999135130155853001,0.972775,True,True,True,True,contraction,contraction,False
502,334,A,0.00284520737139823018543629158872923042148240312885490518288063,0.972775,True,True,True,True,tie,tie,True
503,334,A,0.00253922844521533930574388535821358948277846901330784555382714,0.972775,True,True,True,True,rebound,rebound,False
504,333,B,0.00230974425057817114597458068532685877875051842664755083203702,0.972775,True,True,True,True,contraction,contraction,False
505,334,A,0.002714104773807096907997091276707972587592705710636447685857,0.972775,True,True,True,True,rebound,rebound,False
506,333,B,0.00244090149702198934766448512419764610736119594964400243105942,0.972775,True,True,True,True,contraction,contraction,False
507,334,A,0.00284520737139823018543629158872923042148312878466498409671314,0.972775,True,True,True,True,tie,tie,True
508,334,A,0.00253922844521533930574388535821358948277901325516540473920152,0.972775,True,True,True,True,rebound,rebound,False
509,333,B,0.00230974425057817114597458068532685877875092660804072022106781,0.972775,True,True,True,True,contraction,contraction,False
510,334,A,0.00271410477380709690799709127670797258759311372195403658764237,0.972775,True,True,True,True,rebound,rebound,False
511,333,B,0.00244090149702198934766448512419764610736150195813219410739844,0.972775,True,True,True,True,contraction,contraction,False
512,334,A,0.00284520737139823018543629158872923042148343466564963902652036,0.972775,True,True,True,True,tie,tie,True
513,334,A,0.00253922844521533930574388535821358948277924266590389593655694,0.972775,True,True,True,True,rebound,rebound,False
514,333,B,0.00230974425057817114597458068532685877875109866609458861908437,0.972775,True,True,True,True,contraction,contraction,False
515,334,A,0.00271410477380709690799709127670797258759328570831704920715975,0.972775,True,True,True,True,rebound,rebound,False
516,333,B,0.00244090149702198934766448512419764610736163094790445357203648,0.972775,True,True,True,True,contraction,contraction,False
517,334,A,0.0028452073713982301854362915887292304214835636016761600497148,0.972775,True,True,True,True,tie,tie,True
518,334,A,0.00253922844521533930574388535821358948277933936792378670395276,0.972775,True,True,True,True,rebound,rebound,False
519,333,B,0.00230974425057817114597458068532685877875117119260950669463124,0.972775,True,True,True,True,contraction,contraction,False
520,334,A,0.00271410477380709690799709127670797258759335820461258606684181,0.972775,True,True,True,True,rebound,rebound,False
521,333,B,0.00244090149702198934766448512419764610736168532012610621679802,0.972775,True,True,True,True,contraction,contraction,False
522,334,A,0.00284520737139823018543629158872923042148361795124272033920769,0.972775,True,True,True,True,tie,tie,True
523,334,A,0.00253922844521533930574388535821358948277938013009870692107244,0.972775,True,True,True,True,rebound,rebound,False
524,333,B,0.00230974425057817114597458068532685877875120176424069685747099,0.972775,True,True,True,True,contraction,contraction,False
525,334,A,0.00271410477380709690799709127670797258759338876350559656711371,0.972775,True,True,True,True,rebound,rebound,False
526,333,B,0.00244090149702198934766448512419764610736170823929586409200195,0.972775,True,True,True,True,contraction,contraction,False
527,334,A,0.00284520737139823018543629158872923042148364086086282414863028,0.972775,True,True,True,True,tie,tie,True
528,334,A,0.00253922844521533930574388535821358948277939731231378477813938,0.972775,True,True,True,True,rebound,rebound,False
529,333,B,0.0023097442505781711459745806853268587787512146509020052502712,0.972775,True,True,True,True,contraction,contraction,False
530,334,A,0.00271410477380709690799709127670797258759340164479746274808359,0.972775,True,True,True,True,rebound,rebound,False
531,333,B,0.00244090149702198934766448512419764610736171790026476372772936,0.972775,True,True,True,True,contraction,contraction,False
532,334,A,0.00284520737139823018543629158872923042148365051780632007617614,0.972775,True,True,True,True,tie,tie,True
533,334,A,0.00253922844521533930574388535821358948277940455502140672379877,0.972775,True,True,True,True,rebound,rebound,False
534,333,B,0.00230974425057817114597458068532685877875122008293272170951574,0.972775,True,True,True,True,contraction,contraction,False
535,334,A,0.00271410477380709690799709127670797258759340707456483307547011,0.972775,True,True,True,True,rebound,rebound,False
536,333,B,0.00244090149702198934766448512419764610736172197259029147326925,0.972775,True,True,True,True,contraction,contraction,False
537,334,A,0.00284520737139823018543629158872923042148365458843504551848872,0.972775,True,True,True,True,tie,tie,True
538,334,A,0.00253922844521533930574388535821358948277940760799295080553321,0.972775,True,True,True,True,rebound,rebound,False
539,333,B,0.00230974425057817114597458068532685877875122237266137977081657,0.972775,True,True,True,True,contraction,contraction,False
540,334,A,0.0027141047738070969079970912767079725875934093633394375292454,0.972775,True,True,True,True,rebound,rebound,False
541,333,B,0.00244090149702198934766448512419764610736172368917124481360072,0.972775,True,True,True,True,contraction,contraction,False
542,334,A,0.00284520737139823018543629158872923042148365630430075679492838,0.972775,True,True,True,True,tie,tie,True
543,334,A,0.00253922844521533930574388535821358948277940889489223426286295,0.972775,True,True,True,True,rebound,rebound,False
544,333,B,0.00230974425057817114597458068532685877875122333783584236381388,0.972775,True,True,True,True,contraction,contraction,False
545,334,A,0.00271410477380709690799709127670797258759341032811174409616229,0.972775,True,True,True,True,rebound,rebound,False
546,333,B,0.00244090149702198934766448512419764610736172441275047473878839,0.972775,True,True,True,True,contraction,contraction,False
547,334,A,0.00284520737139823018543629158872923042148365702757849537431389,0.972775,True,True,True,True,tie,tie,True
548,334,A,0.00253922844521533930574388535821358948277940943735053819740208,0.972775,True,True,True,True,rebound,rebound,False
549,333,B,0.00230974425057817114597458068532685877875122374467957031471823,0.972775,True,True,True,True,contraction,contraction,False
550,334,A,0.0027141047738070969079970912767079725875934107347859538270871,0.972775,True,True,True,True,rebound,rebound,False
551,333,B,0.00244090149702198934766448512419764610736172471775613203698199,0.972775,True,True,True,True,contraction,contraction,False
552,334,A,0.00284520737139823018543629158872923042148365733245706698196658,0.972775,True,True,True,True,tie,tie,True
553,334,A,0.0025392284452153393057438853582135894827794096660094669031416,0.972775,True,True,True,True,rebound,rebound,False
554,333,B,0.00230974425057817114597458068532685877875122391617376684402287,0.972775,True,True,True,True,contraction,contraction,False
555,334,A,0.00271410477380709690799709127670797258759341090620869444117119,0.972775,True,True,True,True,rebound,rebound,False
556,333,B,0.00244090149702198934766448512419764610736172484632318749754506,0.972775,True,True,True,True,contraction,contraction,False
557,334,A,0.00284520737139823018543629158872923042148365746097055283608775,0.972775,True,True,True,True,tie,tie,True
558,334,A,0.00253922844521533930574388535821358948277940976239458129373248,0.972775,True,True,True,True,rebound,rebound,False
559,333,B,0.00230974425057817114597458068532685877875122398846260263696603,0.972775,True,True,True,True,contraction,contraction,False
560,334,A,0.00271410477380709690799709127670797258759341097846740988586729,0.972775,True,True,True,True,rebound,rebound,False
561,333,B,0.00244090149702198934766448512419764610736172490051722408106713,0.972775,True,True,True,True,contraction,contraction,False
562,334,A,0.00284520737139823018543629158872923042148365751514200857103336,0.972775,True,True,True,True,tie,tie,True
563,334,A,0.00253922844521533930574388535821358948277940980302317309494168,0.972775,True,True,True,True,rebound,rebound,False
564,333,B,0.00230974425057817114597458068532685877875122401893404648787293,0.972775,True,True,True,True,contraction,contraction,False
565,334,A,0.00271410477380709690799709127670797258759341100892615730183632,0.972775,True,True,True,True,rebound,rebound,False
566,333,B,0.0024409014970219893476644851241976461073617249233612846430439,0.972775,True,True,True,True,contraction,contraction,False
567,334,A,0.00284520737139823018543629158872923042148365753797655077444264,0.972775,True,True,True,True,tie,tie,True
568,334,A,0.00253922844521533930574388535821358948277940982014907974749864,0.972775,True,True,True,True,rebound,rebound,False
569,333,B,0.00230974425057817114597458068532685877875122403177847647729065,0.972775,True,True,True,True,contraction,contraction,False
570,334,A,0.00271410477380709690799709127670797258759341102176523544542511,0.972775,True,True,True,True,rebound,rebound,False
571,333,B,0.0024409014970219893476644851241976461073617249329905932507355,0.972775,True,True,True,True,contraction,contraction,False
572,334,A,0.00284520737139823018543629158872923042148365754760184717021436,0.972775,True,True,True,True,tie,tie,True
573,334,A,0.00253922844521533930574388535821358948277940982736805204432744,0.972775,True,True,True,True,rebound,rebound,False
574,333,B,0.00230974425057817114597458068532685877875122403719270569991224,0.972775,True,True,True,True,contraction,contraction,False
575,334,A,0.00271410477380709690799709127670797258759341102717720873920395,0.972775,True,True,True,True,rebound,rebound,False
576,333,B,0.00244090149702198934766448512419764610736172493704957322106963,0.972775,True,True,True,True,contraction,contraction,False
577,334,A,0.00284520737139823018543629158872923042148365755165913589889418,0.972775,True,True,True,True,tie,tie,True
578,334,A,0.0025392284452153393057438853582135894827794098304110185908373,0.972775,True,True,True,True,rebound,rebound,False
579,333,B,0.00230974425057817114597458068532685877875122403947493060979464,0.972775,True,True,True,True,contraction,contraction,False
580,334,A,0.00271410477380709690799709127670797258759341102945848272204056,0.972775,True,True,True,True,rebound,rebound,False
581,333,B,0.00244090149702198934766448512419764610736172493876052870819709,0.972775,True,True,True,True,contraction,contraction,False
582,334,A,0.00284520737139823018543629158872923042148365755336937848790201,0.972775,True,True,True,True,tie,tie,True
583,334,A,0.00253922844521533930574388535821358948277940983169370053259317,0.972775,True,True,True,True,rebound,rebound,False
584,333,B,0.00230974425057817114597458068532685877875122404043694206611155,0.972775,True,True,True,True,contraction,contraction,False
585,334,A,0.00271410477380709690799709127670797258759341103042009334025067,0.972775,True,True,True,True,rebound,rebound,False
586,333,B,0.00244090149702198934766448512419764610736172493948173667185467,0.972775,True,True,True,True,contraction,contraction,False
587,334,A,0.00284520737139823018543629158872923042148365755409028594824139,0.972775,True,True,True,True,tie,tie,True
588,334,A,0.00253922844521533930574388535821358948277940983223438112784771,0.972775,True,True,True,True,rebound,rebound,False
589,333,B,0.00230974425057817114597458068532685877875122404084245251255245,0.972775,True,True,True,True,contraction,contraction,False
590,334,A,0.00271410477380709690799709127670797258759341103082543482400555,0.972775,True,True,True,True,rebound,rebound,False
591,333,B,0.00244090149702198934766448512419764610736172493978574278467083,0.972775,True,True,True,True,contraction,contraction,False
592,334,A,0.00284520737139823018543629158872923042148365755439416539184389,0.972775,True,True,True,True,tie,tie,True
593,334,A,0.00253922844521533930574388535821358948277940983246229071054958,0.972775,True,True,True,True,rebound,rebound,False
594,333,B,0.00230974425057817114597458068532685877875122404101338469957885,0.972775,True,True,True,True,contraction,contraction,False
595,334,A,0.00271410477380709690799709127670797258759341103099629578928736,0.972775,True,True,True,True,rebound,rebound,False
596,333,B,0.00244090149702198934766448512419764610736172493991388850863219,0.972775,True,True,True,True,contraction,contraction,False
597,334,A,0.00284520737139823018543629158872923042148365755452225772175359,0.972775,True,True,True,True,tie,tie,True
598,334,A,0.00253922844521533930574388535821358948277940983255835995798186,0.972775,True,True,True,True,rebound,rebound,False
599,333,B,0.00230974425057817114597458068532685877875122404108543663515306,0.972775,True,True,True,True,contraction,contraction,False
600,334,A,0.00271410477380709690799709127670797258759341103106831770322175,0.972775,True,True,True,True,rebound,rebound,False
601,333,B,0.00244090149702198934766448512419764610736172493996790494408298,0.972775,True,True,True,True,contraction,contraction,False
602,334,A,0.00284520737139823018543629158872923042148365755457625165035628,0.972775,True,True,True,True,tie,tie,True
603,334,A,0.00253922844521533930574388535821358948277940983259885540443387,0.972775,True,True,True,True,rebound,rebound,False
604,333,B,0.00230974425057817114597458068532685877875122404111580821999207,0.972775,True,True,True,True,contraction,contraction,False
605,334,A,0.00271410477380709690799709127670797258759341103109867663323374,0.972775,True,True,True,True,rebound,rebound,False
606,333,B,0.00244090149702198934766448512419764610736172493999067414159197,0.972775,True,True,True,True,contraction,contraction,False
607,334,A,0.00284520737139823018543629158872923042148365755459901136069964,0.972775,True,True,True,True,tie,tie,True
608,334,A,0.0025392284452153393057438853582135894827794098326159251871914,0.972775,True,True,True,True,rebound,rebound,False
609,333,B,0.00230974425057817114597458068532685877875122404112861055706022,0.972775,True,True,True,True,contraction,contraction,False
610,334,A,0.00271410477380709690799709127670797258759341103111147363599477,0.972775,True,True,True,True,rebound,rebound,False
611,333,B,0.00244090149702198934766448512419764610736172494000027189366275,0.972775,True,True,True,True,contraction,contraction,False
612,334,A,0.00284520737139823018543629158872923042148365755460860511370705,0.972775,True,True,True,True,tie,tie,True
613,334,A,0.00253922844521533930574388535821358948277940983262312050194696,0.972775,True,True,True,True,rebound,rebound,False
614,333,B,0.00230974425057817114597458068532685877875122404113400704312688,0.972775,True,True,True,True,contraction,contraction,False
615,334,A,0.00271410477380709690799709127670797258759341103111686787352558,0.972775,True,True,True,True,rebound,rebound,False
616,333,B,0.00244090149702198934766448512419764610736172494000431757181085,0.972775,True,True,True,True,contraction,contraction,False
617,334,A,0.00284520737139823018543629158872923042148365755461264910615593,0.972775,True,True,True,True,tie,tie,True
618,334,A,0.00253922844521533930574388535821358948277940983262615349628362,0.972775,True,True,True,True,rebound,rebound,False
619,333,B,0.00230974425057817114597458068532685877875122404113628178887938,0.972775,True,True,True,True,contraction,contraction,False
620,334,A,0.00271410477380709690799709127670797258759341103111914167146735,0.972775,True,True,True,True,rebound,rebound,False
621,333,B,0.00244090149702198934766448512419764610736172494000602292026718,0.972775,True,True,True,True,contraction,contraction,False
622,334,A,0.0028452073713982301854362915887292304214836575546143537440504,0.972775,True,True,True,True,tie,tie,True
623,334,A,0.00253922844521533930574388535821358948277940983262743197470446,0.972775,True,True,True,True,rebound,rebound,False
624,333,B,0.00230974425057817114597458068532685877875122404113724064769502,0.972775,True,True,True,True,contraction,contraction,False
625,334,A,0.00271410477380709690799709127670797258759341103112010013075848,0.972775,True,True,True,True,rebound,rebound,False
626,333,B,0.00244090149702198934766448512419764610736172494000674176473552,0.972775,True,True,True,True,contraction,contraction,False
627,334,A,0.00284520737139823018543629158872923042148365755461507228900022,0.972775,True,True,True,True,tie,tie,True
628,334,A,0.00253922844521533930574388535821358948277940983262797088341683,0.972775,True,True,True,True,rebound,rebound,False
629,333,B,0.00230974425057817114597458068532685877875122404113764482922929,0.972775,True,True,True,True,contraction,contraction,False
630,334,A,0.00271410477380709690799709127670797258759341103112050414388378,0.972775,True,True,True,True,rebound,rebound,False
631,333,B,0.0024409014970219893476644851241976461073617249400070447745795,0.972775,True,True,True,True,contraction,contraction,False
632,334,A,0.00284520737139823018543629158872923042148365755461537517259009,0.972775,True,True,True,True,tie,tie,True
633,334,A,0.00253922844521533930574388535821358948277940983262819804610923,0.972775,True,True,True,True,rebound,rebound,False
634,333,B,0.00230974425057817114597458068532685877875122404113781520124859,0.972775,True,True,True,True,contraction,contraction,False
635,334,A,0.00271410477380709690799709127670797258759341103112067444491474,0.972775,True,True,True,True,rebound,rebound,False
636,333,B,0.00244090149702198934766448512419764610736172494000717250035272,0.972775,True,True,True,True,contraction,contraction,False
637,334,A,0.00284520737139823018543629158872923042148365755461550284514424,0.972775,True,True,True,True,tie,tie,True
638,334,A,0.00253922844521533930574388535821358948277940983262829380052485,0.972775,True,True,True,True,rebound,rebound,False
639,333,B,0.0023097442505781711459745806853268587787512240411378870170603,0.972775,True,True,True,True,contraction,contraction,False
640,334,A,0.00271410477380709690799709127670797258759341103112074623080319,0.972775,True,True,True,True,rebound,rebound,False
641,333,B,0.00244090149702198934766448512419764610736172494000722633976906,0.972775,True,True,True,True,contraction,contraction,False
642,334,A,0.00284520737139823018543629158872923042148365755461555666212749,0.972775,True,True,True,True,tie,tie,True
643,334,A,0.00253922844521533930574388535821358948277940983262833416326229,0.972775,True,True,True,True,rebound,rebound,False
644,333,B,0.00230974425057817114597458068532685877875122404113791728911338,0.972775,True,True,True,True,contraction,contraction,False
645,334,A,0.00271410477380709690799709127670797258759341103112077649024292,0.972775,True,True,True,True,rebound,rebound,False
646,333,B,0.00244090149702198934766448512419764610736172494000724903434885,0.972775,True,True,True,True,contraction,contraction,False
647,334,A,0.00284520737139823018543629158872923042148365755461557934725121,0.972775,True,True,True,True,tie,tie,True
648,334,A,0.00253922844521533930574388535821358948277940983262835117710507,0.972775,True,True,True,True,rebound,rebound,False
649,333,B,0.00230974425057817114597458068532685877875122404113793004949547,0.972775,True,True,True,True,contraction,contraction,False
650,334,A,0.00271410477380709690799709127670797258759341103112078924530818,0.972775,True,True,True,True,rebound,rebound,False
651,333,B,0.0024409014970219893476644851241976461073617249400072586006478,0.972775,True,True,True,True,contraction,contraction,False
652,334,A,0.0028452073713982301854362915887292304214836575546155889095642,0.972775,True,True,True,True,tie,tie,True
653,334,A,0.00253922844521533930574388535821358948277940983262835834883982,0.972775,True,True,True,True,rebound,rebound,False
654,333,B,0.00230974425057817114597458068532685877875122404113793542829653,0.972775,True,True,True,True,contraction,contraction,False
655,334,A,0.00271410477380709690799709127670797258759341103112079462186807,0.972775,True,True,True,True,rebound,rebound,False
656,333,B,0.00244090149702198934766448512419764610736172494000726263306772,0.972775,True,True,True,True,contraction,contraction,False
657,334,A,0.00284520737139823018543629158872923042148365755461559294030394,0.972775,True,True,True,True,tie,tie,True
658,334,A,0.00253922844521533930574388535821358948277940983262836137189462,0.972775,True,True,True,True,rebound,rebound,False
659,333,B,0.00230974425057817114597458068532685877875122404113793769558763,0.972775,True,True,True,True,contraction,contraction,False
660,334,A,0.00271410477380709690799709127670797258759341103112079688821447,0.972775,True,True,True,True,rebound,rebound,False
661,333,B,0.00244090149702198934766448512419764610736172494000726433282752,0.972775,True,True,True,True,contraction,contraction,False
662,334,A,0.00284520737139823018543629158872923042148365755461559463935551,0.972775,True,True,True,True,tie,tie,True
663,334,A,0.0025392284452153393057438853582135894827794098326283626461833,0.972775,True,True,True,True,rebound,rebound,False
664,333,B,0.00230974425057817114597458068532685877875122404113793865130414,0.972775,True,True,True,True,contraction,contraction,False
665,334,A,0.00271410477380709690799709127670797258759341103112079784353276,0.972775,True,True,True,True,rebound,rebound,False
666,333,B,0.00244090149702198934766448512419764610736172494000726504931624,0.972775,True,True,True,True,contraction,contraction,False
667,334,A,0.00284520737139823018543629158872923042148365755461559535554569,0.972775,True,True,True,True,tie,tie,True
668,334,A,0.00253922844521533930574388535821358948277940983262836318332594,0.972775,True,True,True,True,rebound,rebound,False
669,333,B,0.00230974425057817114597458068532685877875122404113793905416112,0.972775,True,True,True,True,contraction,contraction,False
670,334,A,0.00271410477380709690799709127670797258759341103112079824622188,0.972775,True,True,True,True,rebound,rebound,False
671,333,B,0.00244090149702198934766448512419764610736172494000726535133308,0.972775,True,True,True,True,contraction,contraction,False
672,334,A,0.00284520737139823018543629158872923042148365755461559565743669,0.972775,True,True,True,True,tie,tie,True
673,334,A,0.00253922844521533930574388535821358948277940983262836340974418,0.972775,True,True,True,True,rebound,rebound,False
674,333,B,0.00230974425057817114597458068532685877875122404113793922397481,0.972775,True,True,True,True,contraction,contraction,False
675,334,A,0.00271410477380709690799709127670797258759341103112079841596482,0.972775,True,True,True,True,rebound,rebound,False
676,333,B,0.00244090149702198934766448512419764610736172494000726547864028,0.972775,True,True,True,True,contraction,contraction,False
677,334,A,0.00284520737139823018543629158872923042148365755461559578469085,0.972775,True,True,True,True,tie,tie,True
678,334,A,0.0025392284452153393057438853582135894827794098326283635051848,0.972775,True,True,True,True,rebound,rebound,False
679,333,B,0.00230974425057817114597458068532685877875122404113793929555527,0.972775,True,True,True,True,contraction,contraction,False
680,334,A,0.00271410477380709690799709127670797258759341103112079848751545,0.972775,True,True,True,True,rebound,rebound,False
681,333,B,0.00244090149702198934766448512419764610736172494000726553230326,0.972775,True,True,True,True,contraction,contraction,False
682,334,A,0.00284520737139823018543629158872923042148365755461559583833146,0.972775,True,True,True,True,tie,tie,True
683,334,A,0.00253922844521533930574388535821358948277940983262836354541526,0.972775,True,True,True,True,rebound,rebound,False
684,333,B,0.00230974425057817114597458068532685877875122404113793932572811,0.972775,True,True,True,True,contraction,contraction,False
685,334,A,0.00271410477380709690799709127670797258759341103112079851767573,0.972775,True,True,True,True,rebound,rebound,False
686,333,B,0.00244090149702198934766448512419764610736172494000726555492346,0.972775,True,True,True,True,contraction,contraction,False
687,334,A,0.00284520737139823018543629158872923042148365755461559586094224,0.972775,True,True,True,True,tie,tie,True
688,334,A,0.00253922844521533930574388535821358948277940983262836356237335,0.972775,True,True,True,True,rebound,rebound,False
689,333,B,0.00230974425057817114597458068532685877875122404113793933844668,0.972775,True,True,True,True,contraction,contraction,False
690,334,A,0.00271410477380709690799709127670797258759341103112079853038899,0.972775,True,True,True,True,rebound,rebound,False
691,333,B,0.00244090149702198934766448512419764610736172494000726556445841,0.972775,True,True,True,True,contraction,contraction,False
692,334,A,0.00284520737139823018543629158872923042148365755461559587047322,0.972775,True,True,True,True,tie,tie,True
693,334,A,0.00253922844521533930574388535821358948277940983262836356952158,0.972775,True,True,True,True,rebound,rebound,False
694,333,B,0.00230974425057817114597458068532685877875122404113793934380785,0.972775,True,True,True,True,contraction,contraction,False
695,334,A,0.00271410477380709690799709127670797258759341103112079853574793,0.972775,True,True,True,True,rebound,rebound,False
696,333,B,0.00244090149702198934766448512419764610736172494000726556847762,0.972775,True,True,True,True,contraction,contraction,False
697,334,A,0.00284520737139823018543629158872923042148365755461559587449075,0.972775,True,True,True,True,tie,tie,True
698,334,A,0.00253922844521533930574388535821358948277940983262836357253473,0.972775,True,True,True,True,rebound,rebound,False
699,333,B,0.00230974425057817114597458068532685877875122404113793934606771,0.972775,True,True,True,True,contraction,contraction,False
700,334,A,0.00271410477380709690799709127670797258759341103112079853800685,0.972775,True,True,True,True,rebound,rebound,False
701,333,B,0.00244090149702198934766448512419764610736172494000726557017181,0.972775,True,True,True,True,contraction,contraction,False
702,334,A,0.00284520737139823018543629158872923042148365755461559587618423,0.972775,True,True,True,True,tie,tie,True
703,334,A,0.00253922844521533930574388535821358948277940983262836357380484,0.972775,True,True,True,True,rebound,rebound,False
704,333,B,0.0023097442505781711459745806853268587787512240411379393470203,0.972775,True,True,True,True,contraction,contraction,False
705,334,A,0.00271410477380709690799709127670797258759341103112079853895904,0.972775,True,True,True,True,rebound,rebound,False
706,333,B,0.00244090149702198934766448512419764610736172494000726557088595,0.972775,True,True,True,True,contraction,contraction,False
707,334,A,0.00284520737139823018543629158872923042148365755461559587689808,0.972775,True,True,True,True,tie,tie,True
708,334,A,0.00253922844521533930574388535821358948277940983262836357434022,0.972775,True,True,True,True,rebound,rebound,False
709,333,B,0.00230974425057817114597458068532685877875122404113793934742184,0.972775,True,True,True,True,contraction,contraction,False
710,334,A,0.00271410477380709690799709127670797258759341103112079853936041,0.972775,True,True,True,True,rebound,rebound,False
711,333,B,0.00244090149702198934766448512419764610736172494000726557118697,0.972775,True,True,True,True,contraction,contraction,False
712,334,A,0.00284520737139823018543629158872923042148365755461559587719898,0.972775,True,True,True,True,tie,tie,True
713,334,A,0.0025392284452153393057438853582135894827794098326283635745659,0.972775,True,True,True,True,rebound,rebound,False
714,333,B,0.00230974425057817114597458068532685877875122404113793934759109,0.972775,True,True,True,True,contraction,contraction,False
715,334,A,0.0027141047738070969079970912767079725875934110311207985395296,0.972775,True,True,True,True,rebound,rebound,False
716,333,B,0.00244090149702198934766448512419764610736172494000726557131386,0.972775,True,True,True,True,contraction,contraction,False
717,334,A,0.00284520737139823018543629158872923042148365755461559587732582,0.972775,True,True,True,True,tie,tie,True
718,334,A,0.00253922844521533930574388535821358948277940983262836357466103,0.972775,True,True,True,True,rebound,rebound,False
719,333,B,0.00230974425057817114597458068532685877875122404113793934766244,0.972775,True,True,True,True,contraction,contraction,False
720,334,A,0.00271410477380709690799709127670797258759341103112079853960091,0.972775,True,True,True,True,rebound,rebound,False
721,333,B,0.00244090149702198934766448512419764610736172494000726557136735,0.972775,True,True,True,True,contraction,contraction,False
722,334,A,0.00284520737139823018543629158872923042148365755461559587737928,0.972775,True,True,True,True,tie,tie,True
723,334,A,0.00253922844521533930574388535821358948277940983262836357470113,0.972775,True,True,True,True,rebound,rebound,False
724,333,B,0.00230974425057817114597458068532685877875122404113793934769251,0.972775,True,True,True,True,contraction,contraction,False
725,334,A,0.00271410477380709690799709127670797258759341103112079853963097,0.972775,True,True,True,True,rebound,rebound,False
726,333,B,0.0024409014970219893476644851241976461073617249400072655713899,0.972775,True,True,True,True,contraction,contraction,False
727,334,A,0.00284520737139823018543629158872923042148365755461559587740182,0.972775,True,True,True,True,tie,tie,True
728,334,A,0.00253922844521533930574388535821358948277940983262836357471803,0.972775,True,True,True,True,rebound,rebound,False
729,333,B,0.00230974425057817114597458068532685877875122404113793934770519,0.972775,True,True,True,True,contraction,contraction,False
730,334,A,0.00271410477380709690799709127670797258759341103112079853964365,0.972775,True,True,True,True,rebound,rebound,False
731,333,B,0.0024409014970219893476644851241976461073617249400072655713994,0.972775,True,True,True,True,contraction,contraction,False
732,334,A,0.00284520737139823018543629158872923042148365755461559587741132,0.972775,True,True,True,True,tie,tie,True
733,334,A,0.00253922844521533930574388535821358948277940983262836357472515,0.972775,True,True,True,True,rebound,rebound,False
734,333,B,0.00230974425057817114597458068532685877875122404113793934771053,0.972775,True,True,True,True,contraction,contraction,False
735,334,A,0.00271410477380709690799709127670797258759341103112079853964899,0.972775,True,True,True,True,rebound,rebound,False
736,333,B,0.00244090149702198934766448512419764610736172494000726557140341,0.972775,True,True,True,True,contraction,contraction,False
737,334,A,0.00284520737139823018543629158872923042148365755461559587741532,0.972775,True,True,True,True,tie,tie,True
738,334,A,0.00253922844521533930574388535821358948277940983262836357472816,0.972775,True,True,True,True,rebound,rebound,False
739,333,B,0.00230974425057817114597458068532685877875122404113793934771279,0.972775,True,True,True,True,contraction,contraction,False
740,334,A,0.00271410477380709690799709127670797258759341103112079853965124,0.972775,True,True,True,True,rebound,rebound,False
741,333,B,0.0024409014970219893476644851241976461073617249400072655714051,0.972775,True,True,True,True,contraction,contraction,False
742,334,A,0.00284520737139823018543629158872923042148365755461559587741701,0.972775,True,True,True,True,tie,tie,True
743,334,A,0.00253922844521533930574388535821358948277940983262836357472942,0.972775,True,True,True,True,rebound,rebound,False
744,333,B,0.00230974425057817114597458068532685877875122404113793934771373,0.972775,True,True,True,True,contraction,contraction,False
745,334,A,0.00271410477380709690799709127670797258759341103112079853965219,0.972775,True,True,True,True,rebound,rebound,False
746,333,B,0.00244090149702198934766448512419764610736172494000726557140581,0.972775,True,True,True,True,contraction,contraction,False
747,334,A,0.00284520737139823018543629158872923042148365755461559587741772,0.972775,True,True,True,True,tie,tie,True
748,334,A,0.00253922844521533930574388535821358948277940983262836357472996,0.972775,True,True,True,True,rebound,rebound,False
749,333,B,0.00230974425057817114597458068532685877875122404113793934771413,0.972775,True,True,True,True,contraction,contraction,False
750,334,A,0.00271410477380709690799709127670797258759341103112079853965259,0.972775,True,True,True,True,rebound,rebound,False
751,333,B,0.00244090149702198934766448512419764610736172494000726557140611,0.972775,True,True,True,True,contraction,contraction,False
752,334,A,0.00284520737139823018543629158872923042148365755461559587741802,0.972775,True,True,True,True,tie,tie,True
753,334,A,0.00253922844521533930574388535821358948277940983262836357473018,0.972775,True,True,True,True,rebound,rebound,False
754,333,B,0.0023097442505781711459745806853268587787512240411379393477143,0.972775,True,True,True,True,contraction,contraction,False
755,334,A,0.00271410477380709690799709127670797258759341103112079853965276,0.972775,True,True,True,True,rebound,rebound,False
756,333,B,0.00244090149702198934766448512419764610736172494000726557140623,0.972775,True,True,True,True,contraction,contraction,False
757,334,A,0.00284520737139823018543629158872923042148365755461559587741815,0.972775,True,True,True,True,tie,tie,True
758,334,A,0.00253922844521533930574388535821358948277940983262836357473028,0.972775,True,True,True,True,rebound,rebound,False
759,333,B,0.00230974425057817114597458068532685877875122404113793934771437,0.972775,True,True,True,True,contraction,contraction,False
760,334,A,0.00271410477380709690799709127670797258759341103112079853965283,0.972775,True,True,True,True,rebound,rebound,False
761,333,B,0.00244090149702198934766448512419764610736172494000726557140629,0.972775,True,True,True,True,contraction,contraction,False
762,334,A,0.0028452073713982301854362915887292304214836575546155958774182,0.972775,True,True,True,True,tie,tie,True
763,334,A,0.00253922844521533930574388535821358948277940983262836357473032,0.972775,True,True,True,True,rebound,rebound,False
764,333,B,0.0023097442505781711459745806853268587787512240411379393477144,0.972775,True,True,True,True,contraction,contraction,False
765,334,A,0.00271410477380709690799709127670797258759341103112079853965286,0.972775,True,True,True,True,rebound,rebound,False
766,333,B,0.00244090149702198934766448512419764610736172494000726557140631,0.972775,True,True,True,True,contraction,contraction,False
767,334,A,0.00284520737139823018543629158872923042148365755461559587741822,0.972775,True,True,True,True,tie,tie,True
768,334,A,0.00253922844521533930574388535821358948277940983262836357473033,0.972775,True,True,True,True,rebound,rebound,False
769,333,B,0.00230974425057817114597458068532685877875122404113793934771442,0.972775,True,True,True,True,contraction,contraction,False
770,334,A,0.00271410477380709690799709127670797258759341103112079853965287,0.972775,True,True,True,True,rebound,rebound,False
771,333,B,0.00244090149702198934766448512419764610736172494000726557140632,0.972775,True,True,True,True,contraction,contraction,False
772,334,A,0.00284520737139823018543629158872923042148365755461559587741823,0.972775,True,True,True,True,tie,tie,True
773,334,A,0.00253922844521533930574388535821358948277940983262836357473034,0.972775,True,True,True,True,rebound,rebound,False
774,333,B,0.00230974425057817114597458068532685877875122404113793934771442,0.972775,True,True,True,True,contraction,contraction,False
775,334,A,0.00271410477380709690799709127670797258759341103112079853965288,0.972775,True,True,True,True,rebound,rebound,False
776,333,B,0.00244090149702198934766448512419764610736172494000726557140632,0.972775,True,True,True,True,contraction,contraction,False
777,334,A,0.00284520737139823018543629158872923042148365755461559587741824,0.972775,True,True,True,True,tie,tie,True
778,334,A,0.00253922844521533930574388535821358948277940983262836357473034,0.972775,True,True,True,True,rebound,rebound,False
779,333,B,0.00230974425057817114597458068532685877875122404113793934771442,0.972775,True,True,True,True,contraction,contraction,False
780,334,A,0.00271410477380709690799709127670797258759341103112079853965288,0.972775,True,True,True,True,rebound,rebound,False
781,333,B,0.00244090149702198934766448512419764610736172494000726557140632,0.972775,True,True,True,True,contraction,contraction,False
782,334,A,0.00284520737139823018543629158872923042148365755461559587741824,0.972775,True,True,True,True,tie,tie,True
783,334,A,0.00253922844521533930574388535821358948277940983262836357473035,0.972775,True,True,True,True,rebound,rebound,False
784,333,B,0.00230974425057817114597458068532685877875122404113793934771443,0.972775,True,True,True,True,contraction,contraction,False
785,334,A,0.00271410477380709690799709127670797258759341103112079853965288,0.972775,True,True,True,True,rebound,rebound,False
786,333,B,0.00244090149702198934766448512419764610736172494000726557140633,0.972775,True,True,True,True,contraction,contraction,False
787,334,A,0.00284520737139823018543629158872923042148365755461559587741824,0.972775,True,True,True,True,tie,tie,True
788,334,A,0.00253922844521533930574388535821358948277940983262836357473035,0.972775,True,True,True,True,rebound,rebound,False
789,333,B,0.00230974425057817114597458068532685877875122404113793934771443,0.972775,True,True,True,True,contraction,contraction,False
790,334,A,0.00271410477380709690799709127670797258759341103112079853965288,0.972775,True,True,True,True,rebound,rebound,False
791,333,B,0.00244090149702198934766448512419764610736172494000726557140633,0.972775,True,True,True,True,contraction,contraction,False
792,334,A,0.00284520737139823018543629158872923042148365755461559587741824,0.972775,True,True,True,True,tie,tie,True
793,334,A,0.00253922844521533930574388535821358948277940983262836357473035,0.972775,True,True,True,True,rebound,rebound,False
794,333,B,0.00230974425057817114597458068532685877875122404113793934771443,0.972775,True,True,True,True,contraction,contraction,False
795,334,A,0.00271410477380709690799709127670797258759341103112079853965288,0.972775,True,True,True,True,rebound,rebound,False
796,333,B,0.00244090149702198934766448512419764610736172494000726557140633,0.972775,True,True,True,True,contraction,contraction,False
797,334,A,0.00284520737139823018543629158872923042148365755461559587741824,0.972775,True,True,True,True,tie,tie,True
798,334,A,0.00253922844521533930574388535821358948277940983262836357473035,0.972775,True,True,True,True,rebound,rebound,False
799,333,B,0.00230974425057817114597458068532685877875122404113793934771443,0.972775,True,True,True,True,contraction,contraction,False
800,334,A,0.00271410477380709690799709127670797258759341103112079853965288,0.972775,True,True,True,True,rebound,rebound,False
801,333,B,0.00244090149702198934766448512419764610736172494000726557140633,0.972775,True,True,True,True,contraction,contraction,False
802,334,A,0.00284520737139823018543629158872923042148365755461559587741824,0.972775,True,True,True,True,tie,tie,True
803,334,A,0.00253922844521533930574388535821358948277940983262836357473035,0.972775,True,True,True,True,rebound,rebound,False
804,333,B,0.00230974425057817114597458068532685877875122404113793934771443,0.972775,True,True,True,True,contraction,contraction,False
805,334,A,0.00271410477380709690799709127670797258759341103112079853965288,0.972775,True,True,True,True,rebound,rebound,False
806,333,B,0.00244090149702198934766448512419764610736172494000726557140633,0.972775,True,True,True,True,contraction,contraction,False
807,334,A,0.00284520737139823018543629158872923042148365755461559587741824,0.972775,True,True,True,True,tie,tie,True
808,334,A,0.00253922844521533930574388535821358948277940983262836357473035,0.972775,True,True,True,True,rebound,rebound,False
809,333,B,0.00230974425057817114597458068532685877875122404113793934771443,0.972775,True,True,True,True,contraction,contraction,False
810,334,A,0.00271410477380709690799709127670797258759341103112079853965288,0.972775,True,True,True,True,rebound,rebound,False
811,333,B,0.00244090149702198934766448512419764610736172494000726557140633,0.972775,True,True,True,True,contraction,contraction,False
812,334,A,0.00284520737139823018543629158872923042148365755461559587741824,0.972775,True,True,True,True,tie,tie,True
813,334,A,0.00253922844521533930574388535821358948277940983262836357473035,0.972775,True,True,True,True,rebound,rebound,False
814,333,B,0.00230974425057817114597458068532685877875122404113793934771443,0.972775,True,True,True,True,contraction,contraction,False
815,334,A,0.00271410477380709690799709127670797258759341103112079853965288,0.972775,True,True,True,True,rebound,rebound,False
816,333,B,0.00244090149702198934766448512419764610736172494000726557140633,0.972775,True,True,True,True,contraction,contraction,False
817,334,A,0.00284520737139823018543629158872923042148365755461559587741824,0.972775,True,True,True,True,tie,tie,True
818,334,A,0.00253922844521533930574388535821358948277940983262836357473035,0.972775,True,True,True,True,rebound,rebound,False
819,333,B,0.00230974425057817114597458068532685877875122404113793934771443,0.972775,True,True,True,True,contraction,contraction,False
820,334,A,0.00271410477380709690799709127670797258759341103112079853965288,0.972775,True,True,True,True,rebound,rebound,False
821,333,B,0.00244090149702198934766448512419764610736172494000726557140633,0.972775,True,True,True,True,contraction,contraction,False
822,334,A,0.00284520737139823018543629158872923042148365755461559587741824,0.972775,True,True,True,True,tie,tie,True
823,334,A,0.00253922844521533930574388535821358948277940983262836357473035,0.972775,True,True,True,True,rebound,rebound,False
824,333,B,0.00230974425057817114597458068532685877875122404113793934771443,0.972775,True,True,True,True,contraction,contraction,False
825,334,A,0.00271410477380709690799709127670797258759341103112079853965288,0.972775,True,True,True,True,rebound,rebound,False
826,333,B,0.00244090149702198934766448512419764610736172494000726557140633,0.972775,True,True,True,True,contraction,contraction,False
827,334,A,0.00284520737139823018543629158872923042148365755461559587741824,0.972775,True,True,True,True,tie,tie,True
828,334,A,0.00253922844521533930574388535821358948277940983262836357473035,0.972775,True,True,True,True,rebound,rebound,False
829,333,B,0.00230974425057817114597458068532685877875122404113793934771443,0.972775,True,True,True,True,contraction,contraction,False
830,334,A,0.00271410477380709690799709127670797258759341103112079853965288,0.972775,True,True,True,True,rebound,rebound,False
831,333,B,0.00244090149702198934766448512419764610736172494000726557140633,0.972775,True,True,True,True,contraction,contraction,False
832,334,A,0.00284520737139823018543629158872923042148365755461559587741824,0.972775,True,True,True,True,tie,tie,True
833,334,A,0.00253922844521533930574388535821358948277940983262836357473035,0.972775,True,True,True,True,rebound,rebound,False
834,333,B,0.00230974425057817114597458068532685877875122404113793934771443,0.972775,True,True,True,True,contraction,contraction,False
835,334,A,0.00271410477380709690799709127670797258759341103112079853965288,0.972775,True,True,True,True,rebound,rebound,False
836,333,B,0.00244090149702198934766448512419764610736172494000726557140633,0.972775,True,True,True,True,contraction,contraction,False
837,334,A,0.00284520737139823018543629158872923042148365755461559587741824,0.972775,True,True,True,True,tie,tie,True
838,334,A,0.00253922844521533930574388535821358948277940983262836357473035,0.972775,True,True,True,True,rebound,rebound,False
839,333,B,0.00230974425057817114597458068532685877875122404113793934771443,0.972775,True,True,True,True,contraction,contraction,False
840,334,A,0.00271410477380709690799709127670797258759341103112079853965288,0.972775,True,True,True,True,rebound,rebound,False
841,333,B,0.00244090149702198934766448512419764610736172494000726557140633,0.972775,True,True,True,True,contraction,contraction,False
842,334,A,0.00284520737139823018543629158872923042148365755461559587741824,0.972775,True,True,True,True,tie,tie,True
843,334,A,0.00253922844521533930574388535821358948277940983262836357473035,0.972775,True,True,True,True,rebound,rebound,False
844,333,B,0.00230974425057817114597458068532685877875122404113793934771443,0.972775,True,True,True,True,contraction,contraction,False
845,334,A,0.00271410477380709690799709127670797258759341103112079853965288,0.972775,True,True,True,True,rebound,rebound,False
846,333,B,0.00244090149702198934766448512419764610736172494000726557140633,0.972775,True,True,True,True,contraction,contraction,False
847,334,A,0.00284520737139823018543629158872923042148365755461559587741824,0.972775,True,True,True,True,tie,tie,True
848,334,A,0.00253922844521533930574388535821358948277940983262836357473035,0.972775,True,True,True,True,rebound,rebound,False
849,333,B,0.00230974425057817114597458068532685877875122404113793934771443,0.972775,True,True,True,True,contraction,contraction,False
850,334,A,0.00271410477380709690799709127670797258759341103112079853965288,0.972775,True,True,True,True,rebound,rebound,False
851,333,B,0.00244090149702198934766448512419764610736172494000726557140633,0.972775,True,True,True,True,contraction,contraction,False
852,334,A,0.00284520737139823018543629158872923042148365755461559587741824,0.972775,True,True,True,True,tie,tie,True
853,334,A,0.00253922844521533930574388535821358948277940983262836357473035,0.972775,True,True,True,True,rebound,rebound,False
854,333,B,0.00230974425057817114597458068532685877875122404113793934771443,0.972775,True,True,True,True,contraction,contraction,False
855,334,A,0.00271410477380709690799709127670797258759341103112079853965288,0.972775,True,True,True,True,rebound,rebound,False
856,333,B,0.00244090149702198934766448512419764610736172494000726557140633,0.972775,True,True,True,True,contraction,contraction,False
857,334,A,0.00284520737139823018543629158872923042148365755461559587741824,0.972775,True,True,True,True,tie,tie,True
858,334,A,0.00253922844521533930574388535821358948277940983262836357473035,0.972775,True,True,True,True,rebound,rebound,False
859,333,B,0.00230974425057817114597458068532685877875122404113793934771443,0.972775,True,True,True,True,contraction,contraction,False
860,334,A,0.00271410477380709690799709127670797258759341103112079853965288,0.972775,True,True,True,True,rebound,rebound,False
861,333,B,0.00244090149702198934766448512419764610736172494000726557140633,0.972775,True,True,True,True,contraction,contraction,False
862,334,A,0.00284520737139823018543629158872923042148365755461559587741824,0.972775,True,True,True,True,tie,tie,True
863,334,A,0.00253922844521533930574388535821358948277940983262836357473035,0.972775,True,True,True,True,rebound,rebound,False
864,333,B,0.00230974425057817114597458068532685877875122404113793934771443,0.972775,True,True,True,True,contraction,contraction,False
865,334,A,0.00271410477380709690799709127670797258759341103112079853965288,0.972775,True,True,True,True,rebound,rebound,False
866,333,B,0.00244090149702198934766448512419764610736172494000726557140633,0.972775,True,True,True,True,contraction,contraction,False
867,334,A,0.00284520737139823018543629158872923042148365755461559587741824,0.972775,True,True,True,True,tie,tie,True
868,334,A,0.00253922844521533930574388535821358948277940983262836357473035,0.972775,True,True,True,True,rebound,rebound,False
869,333,B,0.00230974425057817114597458068532685877875122404113793934771443,0.972775,True,True,True,True,contraction,contraction,False
870,334,A,0.00271410477380709690799709127670797258759341103112079853965288,0.972775,True,True,True,True,rebound,rebound,False
871,333,B,0.00244090149702198934766448512419764610736172494000726557140633,0.972775,True,True,True,True,contraction,contraction,False
872,334,A,0.00284520737139823018543629158872923042148365755461559587741824,0.972775,True,True,True,True,tie,tie,True
873,334,A,0.00253922844521533930574388535821358948277940983262836357473035,0.972775,True,True,True,True,rebound,rebound,False
874,333,B,0.00230974425057817114597458068532685877875122404113793934771443,0.972775,True,True,True,True,contraction,contraction,False
875,334,A,0.00271410477380709690799709127670797258759341103112079853965288,0.972775,True,True,True,True,rebound,rebound,False
876,333,B,0.00244090149702198934766448512419764610736172494000726557140633,0.972775,True,True,True,True,contraction,contraction,False
877,334,A,0.00284520737139823018543629158872923042148365755461559587741824,0.972775,True,True,True,True,tie,tie,True
878,334,A,0.00253922844521533930574388535821358948277940983262836357473035,0.972775,True,True,True,True,rebound,rebound,False
879,333,B,0.00230974425057817114597458068532685877875122404113793934771443,0.972775,True,True,True,True,contraction,contraction,False
880,334,A,0.00271410477380709690799709127670797258759341103112079853965288,0.972775,True,True,True,True,rebound,rebound,False
881,333,B,0.00244090149702198934766448512419764610736172494000726557140633,0.972775,True,True,True,True,contraction,contraction,False
882,334,A,0.00284520737139823018543629158872923042148365755461559587741824,0.972775,True,True,True,True,tie,tie,True
883,334,A,0.00253922844521533930574388535821358948277940983262836357473035,0.972775,True,True,True,True,rebound,rebound,False
884,333,B,0.00230974425057817114597458068532685877875122404113793934771443,0.972775,True,True,True,True,contraction,contraction,False
885,334,A,0.00271410477380709690799709127670797258759341103112079853965288,0.972775,True,True,True,True,rebound,rebound,False
886,333,B,0.00244090149702198934766448512419764610736172494000726557140633,0.972775,True,True,True,True,contraction,contraction,False
887,334,A,0.00284520737139823018543629158872923042148365755461559587741824,0.972775,True,True,True,True,tie,tie,True
888,334,A,0.00253922844521533930574388535821358948277940983262836357473035,0.972775,True,True,True,True,rebound,rebound,False
889,333,B,0.00230974425057817114597458068532685877875122404113793934771443,0.972775,True,True,True,True,contraction,contraction,False
890,334,A,0.00271410477380709690799709127670797258759341103112079853965288,0.972775,True,True,True,True,rebound,rebound,False
891,333,B,0.00244090149702198934766448512419764610736172494000726557140633,0.972775,True,True,True,True,contraction,contraction,False
892,334,A,0.00284520737139823018543629158872923042148365755461559587741824,0.972775,True,True,True,True,tie,tie,True
893,334,A,0.00253922844521533930574388535821358948277940983262836357473035,0.972775,True,True,True,True,rebound,rebound,False
894,333,B,0.00230974425057817114597458068532685877875122404113793934771443,0.972775,True,True,True,True,contraction,contraction,False
895,334,A,0.00271410477380709690799709127670797258759341103112079853965288,0.972775,True,True,True,True,rebound,rebound,False
896,333,B,0.00244090149702198934766448512419764610736172494000726557140633,0.972775,True,True,True,True,contraction,contraction,False
897,334,A,0.00284520737139823018543629158872923042148365755461559587741824,0.972775,True,True,True,True,tie,tie,True
898,334,A,0.00253922844521533930574388535821358948277940983262836357473035,0.972775,True,True,True,True,rebound,rebound,False
899,333,B,0.00230974425057817114597458068532685877875122404113793934771443,0.972775,True,True,True,True,contraction,contraction,False
900,334,A,0.00271410477380709690799709127670797258759341103112079853965288,0.972775,True,True,True,True,rebound,rebound,False
901,333,B,0.00244090149702198934766448512419764610736172494000726557140633,0.972775,True,True,True,True,contraction,contraction,False
902,334,A,0.00284520737139823018543629158872923042148365755461559587741824,0.972775,True,True,True,True,tie,tie,True
903,334,A,0.00253922844521533930574388535821358948277940983262836357473035,0.972775,True,True,True,True,rebound,rebound,False
904,333,B,0.00230974425057817114597458068532685877875122404113793934771443,0.972775,True,True,True,True,contraction,contraction,False
905,334,A,0.00271410477380709690799709127670797258759341103112079853965288,0.972775,True,True,True,True,rebound,rebound,False
906,333,B,0.00244090149702198934766448512419764610736172494000726557140633,0.972775,True,True,True,True,contraction,contraction,False
907,334,A,0.00284520737139823018543629158872923042148365755461559587741824,0.972775,True,True,True,True,tie,tie,True
908,334,A,0.00253922844521533930574388535821358948277940983262836357473035,0.972775,True,True,True,True,rebound,rebound,False
909,333,B,0.00230974425057817114597458068532685877875122404113793934771443,0.972775,True,True,True,True,contraction,contraction,False
910,334,A,0.00271410477380709690799709127670797258759341103112079853965288,0.972775,True,True,True,True,rebound,rebound,False
911,333,B,0.00244090149702198934766448512419764610736172494000726557140633,0.972775,True,True,True,True,contraction,contraction,False
912,334,A,0.00284520737139823018543629158872923042148365755461559587741824,0.972775,True,True,True,True,tie,tie,True
913,334,A,0.00253922844521533930574388535821358948277940983262836357473035,0.972775,True,True,True,True,rebound,rebound,False
914,333,B,0.00230974425057817114597458068532685877875122404113793934771443,0.972775,True,True,True,True,contraction,contraction,False
915,334,A,0.00271410477380709690799709127670797258759341103112079853965288,0.972775,True,True,True,True,rebound,rebound,False
916,333,B,0.00244090149702198934766448512419764610736172494000726557140633,0.972775,True,True,True,True,contraction,contraction,False
917,334,A,0.00284520737139823018543629158872923042148365755461559587741824,0.972775,True,True,True,True,tie,tie,True
918,334,A,0.00253922844521533930574388535821358948277940983262836357473035,0.972775,True,True,True,True,rebound,rebound,False
919,333,B,0.00230974425057817114597458068532685877875122404113793934771443,0.972775,True,True,True,True,contraction,contraction,False
920,334,A,0.00271410477380709690799709127670797258759341103112079853965288,0.972775,True,True,True,True,rebound,rebound,False
921,333,B,0.00244090149702198934766448512419764610736172494000726557140633,0.972775,True,True,True,True,contraction,contraction,False
922,334,A,0.00284520737139823018543629158872923042148365755461559587741824,0.972775,True,True,True,True,tie,tie,True
923,334,A,0.00253922844521533930574388535821358948277940983262836357473035,0.972775,True,True,True,True,rebound,rebound,False
924,333,B,0.00230974425057817114597458068532685877875122404113793934771443,0.972775,True,True,True,True,contraction,contraction,False
925,334,A,0.00271410477380709690799709127670797258759341103112079853965288,0.972775,True,True,True,True,rebound,rebound,False
926,333,B,0.00244090149702198934766448512419764610736172494000726557140633,0.972775,True,True,True,True,contraction,contraction,False
927,334,A,0.00284520737139823018543629158872923042148365755461559587741824,0.972775,True,True,True,True,tie,tie,True
928,334,A,0.00253922844521533930574388535821358948277940983262836357473035,0.972775,True,True,True,True,rebound,rebound,False
929,333,B,0.00230974425057817114597458068532685877875122404113793934771443,0.972775,True,True,True,True,contraction,contraction,False
930,334,A,0.00271410477380709690799709127670797258759341103112079853965288,0.972775,True,True,True,True,rebound,rebound,False
931,333,B,0.00244090149702198934766448512419764610736172494000726557140633,0.972775,True,True,True,True,contraction,contraction,False
932,334,A,0.00284520737139823018543629158872923042148365755461559587741824,0.972775,True,True,True,True,tie,tie,True
933,334,A,0.00253922844521533930574388535821358948277940983262836357473035,0.972775,True,True,True,True,rebound,rebound,False
934,333,B,0.00230974425057817114597458068532685877875122404113793934771443,0.972775,True,True,True,True,contraction,contraction,False
935,334,A,0.00271410477380709690799709127670797258759341103112079853965288,0.972775,True,True,True,True,rebound,rebound,False
936,333,B,0.00244090149702198934766448512419764610736172494000726557140633,0.972775,True,True,True,True,contraction,contraction,False
937,334,A,0.00284520737139823018543629158872923042148365755461559587741824,0.972775,True,True,True,True,tie,tie,True
938,334,A,0.00253922844521533930574388535821358948277940983262836357473035,0.972775,True,True,True,True,rebound,rebound,False
939,333,B,0.00230974425057817114597458068532685877875122404113793934771443,0.972775,True,True,True,True,contraction,contraction,False
940,334,A,0.00271410477380709690799709127670797258759341103112079853965288,0.972775,True,True,True,True,rebound,rebound,False
941,333,B,0.00244090149702198934766448512419764610736172494000726557140633,0.972775,True,True,True,True,contraction,contraction,False
942,334,A,0.00284520737139823018543629158872923042148365755461559587741824,0.972775,True,True,True,True,tie,tie,True
943,334,A,0.00253922844521533930574388535821358948277940983262836357473035,0.972775,True,True,True,True,rebound,rebound,False
944,333,B,0.00230974425057817114597458068532685877875122404113793934771443,0.972775,True,True,True,True,contraction,contraction,False
945,334,A,0.00271410477380709690799709127670797258759341103112079853965288,0.972775,True,True,True,True,rebound,rebound,False
946,333,B,0.00244090149702198934766448512419764610736172494000726557140633,0.972775,True,True,True,True,contraction,contraction,False
947,334,A,0.00284520737139823018543629158872923042148365755461559587741824,0.972775,True,True,True,True,tie,tie,True
948,334,A,0.00253922844521533930574388535821358948277940983262836357473035,0.972775,True,True,True,True,rebound,rebound,False
949,333,B,0.00230974425057817114597458068532685877875122404113793934771443,0.972775,True,True,True,True,contraction,contraction,False
950,334,A,0.00271410477380709690799709127670797258759341103112079853965288,0.972775,True,True,True,True,rebound,rebound,False
951,333,B,0.00244090149702198934766448512419764610736172494000726557140633,0.972775,True,True,True,True,contraction,contraction,False
952,334,A,0.00284520737139823018543629158872923042148365755461559587741824,0.972775,True,True,True,True,tie,tie,True
953,334,A,0.00253922844521533930574388535821358948277940983262836357473035,0.972775,True,True,True,True,rebound,rebound,False
954,333,B,0.00230974425057817114597458068532685877875122404113793934771443,0.972775,True,True,True,True,contraction,contraction,False
955,334,A,0.00271410477380709690799709127670797258759341103112079853965288,0.972775,True,True,True,True,rebound,rebound,False
956,333,B,0.00244090149702198934766448512419764610736172494000726557140633,0.972775,True,True,True,True,contraction,contraction,False
957,334,A,0.00284520737139823018543629158872923042148365755461559587741824,0.972775,True,True,True,True,tie,tie,True
958,334,A,0.00253922844521533930574388535821358948277940983262836357473035,0.972775,True,True,True,True,rebound,rebound,False
959,333,B,0.00230974425057817114597458068532685877875122404113793934771443,0.972775,True,True,True,True,contraction,contraction,False
960,334,A,0.00271410477380709690799709127670797258759341103112079853965288,0.972775,True,True,True,True,rebound,rebound,False
961,333,B,0.00244090149702198934766448512419764610736172494000726557140633,0.972775,True,True,True,True,contraction,contraction,False
962,334,A,0.00284520737139823018543629158872923042148365755461559587741824,0.972775,True,True,True,True,tie,tie,True
963,334,A,0.00253922844521533930574388535821358948277940983262836357473035,0.972775,True,True,True,True,rebound,rebound,False
964,333,B,0.00230974425057817114597458068532685877875122404113793934771443,0.972775,True,True,True,True,contraction,contraction,False
965,334,A,0.00271410477380709690799709127670797258759341103112079853965288,0.972775,True,True,True,True,rebound,rebound,False
966,333,B,0.00244090149702198934766448512419764610736172494000726557140633,0.972775,True,True,True,True,contraction,contraction,False
967,334,A,0.00284520737139823018543629158872923042148365755461559587741824,0.972775,True,True,True,True,tie,tie,True
968,334,A,0.00253922844521533930574388535821358948277940983262836357473035,0.972775,True,True,True,True,rebound,rebound,False
969,333,B,0.00230974425057817114597458068532685877875122404113793934771443,0.972775,True,True,True,True,contraction,contraction,False
970,334,A,0.00271410477380709690799709127670797258759341103112079853965288,0.972775,True,True,True,True,rebound,rebound,False
971,333,B,0.00244090149702198934766448512419764610736172494000726557140633,0.972775,True,True,True,True,contraction,contraction,False
972,334,A,0.00284520737139823018543629158872923042148365755461559587741824,0.972775,True,True,True,True,tie,tie,True
973,334,A,0.00253922844521533930574388535821358948277940983262836357473035,0.972775,True,True,True,True,rebound,rebound,False
974,333,B,0.00230974425057817114597458068532685877875122404113793934771443,0.972775,True,True,True,True,contraction,contraction,False
975,334,A,0.00271410477380709690799709127670797258759341103112079853965288,0.972775,True,True,True,True,rebound,rebound,False
976,333,B,0.00244090149702198934766448512419764610736172494000726557140633,0.972775,True,True,True,True,contraction,contraction,False
977,334,A,0.00284520737139823018543629158872923042148365755461559587741824,0.972775,True,True,True,True,tie,tie,True
978,334,A,0.00253922844521533930574388535821358948277940983262836357473035,0.972775,True,True,True,True,rebound,rebound,False
979,333,B,0.00230974425057817114597458068532685877875122404113793934771443,0.972775,True,True,True,True,contraction,contraction,False
980,334,A,0.00271410477380709690799709127670797258759341103112079853965288,0.972775,True,True,True,True,rebound,rebound,False
981,333,B,0.00244090149702198934766448512419764610736172494000726557140633,0.972775,True,True,True,True,contraction,contraction,False
982,334,A,0.00284520737139823018543629158872923042148365755461559587741824,0.972775,True,True,True,True,tie,tie,True
983,334,A,0.00253922844521533930574388535821358948277940983262836357473035,0.972775,True,True,True,True,rebound,rebound,False
984,333,B,0.00230974425057817114597458068532685877875122404113793934771443,0.972775,True,True,True,True,contraction,contraction,False
985,334,A,0.00271410477380709690799709127670797258759341103112079853965288,0.972775,True,True,True,True,rebound,rebound,False
986,333,B,0.00244090149702198934766448512419764610736172494000726557140633,0.972775,True,True,True,True,contraction,contraction,False
987,334,A,0.00284520737139823018543629158872923042148365755461559587741824,0.972775,True,True,True,True,tie,tie,True
988,334,A,0.00253922844521533930574388535821358948277940983262836357473035,0.972775,True,True,True,True,rebound,rebound,False
989,333,B,0.00230974425057817114597458068532685877875122404113793934771443,0.972775,True,True,True,True,contraction,contraction,False
990,334,A,0.00271410477380709690799709127670797258759341103112079853965288,0.972775,True,True,True,True,rebound,rebound,False
991,333,B,0.00244090149702198934766448512419764610736172494000726557140633,0.972775,True,True,True,True,contraction,contraction,False
992,334,A,0.00284520737139823018543629158872923042148365755461559587741824,0.972775,True,True,True,True,tie,tie,True
993,334,A,0.00253922844521533930574388535821358948277940983262836357473035,0.972775,True,True,True,True,rebound,rebound,False
994,333,B,0.00230974425057817114597458068532685877875122404113793934771443,0.972775,True,True,True,True,contraction,contraction,False
995,334,A,0.00271410477380709690799709127670797258759341103112079853965288,0.972775,True,True,True,True,rebound,rebound,False
996,333,B,0.00244090149702198934766448512419764610736172494000726557140633,0.972775,True,True,True,True,contraction,contraction,False
997,334,A,0.00284520737139823018543629158872923042148365755461559587741824,0.972775,True,True,True,True,tie,tie,True
998,334,A,0.00253922844521533930574388535821358948277940983262836357473035,0.972775,True,True,True,True,rebound,rebound,False
999,333,B,0.00230974425057817114597458068532685877875122404113793934771443,0.972775,True,True,True,True,contraction,contraction,False
1000,334,A,0.00271410477380709690799709127670797258759341103112079853965288,0.972775,True,True,True,True,rebound,rebound,False
1001,333,B,0.00244090149702198934766448512419764610736172494000726557140633,0.972775,True,True,True,True,contraction,contraction,False
1002,334,A,0.00284520737139823018543629158872923042148365755461559587741824,0.972775,True,True,True,True,tie,tie,True
1003,334,A,0.00253922844521533930574388535821358948277940983262836357473035,0.972775,True,True,True,True,rebound,rebound,False
1004,333,B,0.00230974425057817114597458068532685877875122404113793934771443,0.972775,True,True,True,True,contraction,contraction,False
1005,334,A,0.00271410477380709690799709127670797258759341103112079853965288,0.972775,True,True,True,True,rebound,rebound,False
1006,333,B,0.00244090149702198934766448512419764610736172494000726557140633,0.972775,True,True,True,True,contraction,contraction,False
1007,334,A,0.00284520737139823018543629158872923042148365755461559587741824,0.972775,True,True,True,True,tie,tie,True
1008,334,A,0.00253922844521533930574388535821358948277940983262836357473035,0.972775,True,True,True,True,rebound,rebound,False
1009,333,B,0.00230974425057817114597458068532685877875122404113793934771443,0.972775,True,True,True,True,contraction,contraction,False
1010,334,A,0.00271410477380709690799709127670797258759341103112079853965288,0.972775,True,True,True,True,rebound,rebound,False
1011,333,B,0.00244090149702198934766448512419764610736172494000726557140633,0.972775,True,True,True,True,contraction,contraction,False
1012,334,A,0.00284520737139823018543629158872923042148365755461559587741824,0.972775,True,True,True,True,tie,tie,True
1013,334,A,0.00253922844521533930574388535821358948277940983262836357473035,0.972775,True,True,True,True,rebound,rebound,False
1014,333,B,0.00230974425057817114597458068532685877875122404113793934771443,0.972775,True,True,True,True,contraction,contraction,False
1015,334,A,0.00271410477380709690799709127670797258759341103112079853965288,0.972775,True,True,True,True,rebound,rebound,False
1016,333,B,0.00244090149702198934766448512419764610736172494000726557140633,0.972775,True,True,True,True,contraction,contraction,False
1017,334,A,0.00284520737139823018543629158872923042148365755461559587741824,0.972775,True,True,True,True,tie,tie,True
1018,334,A,0.00253922844521533930574388535821358948277940983262836357473035,0.972775,True,True,True,True,rebound,rebound,False
1019,333,B,0.00230974425057817114597458068532685877875122404113793934771443,0.972775,True,True,True,True,contraction,contraction,False
1020,334,A,0.00271410477380709690799709127670797258759341103112079853965288,0.972775,True,True,True,True,rebound,rebound,False
1021,333,B,0.00244090149702198934766448512419764610736172494000726557140633,0.972775,True,True,True,True,contraction,contraction,False
1022,334,A,0.00284520737139823018543629158872923042148365755461559587741824,0.972775,True,True,True,True,tie,tie,True
1023,334,A,0.00253922844521533930574388535821358948277940983262836357473035,0.972775,True,True,True,True,rebound,rebound,False
1024,333,B,0.00230974425057817114597458068532685877875122404113793934771443,0.972775,True,True,True,True,contraction,contraction,False
1025,334,A,0.00271410477380709690799709127670797258759341103112079853965288,0.972775,True,True,True,True,rebound,rebound,False
1026,333,B,0.00244090149702198934766448512419764610736172494000726557140633,0.972775,True,True,True,True,contraction,contraction,False
1027,334,A,0.00284520737139823018543629158872923042148365755461559587741824,0.972775,True,True,True,True,tie,tie,True
1028,334,A,0.00253922844521533930574388535821358948277940983262836357473035,0.972775,True,True,True,True,rebound,rebound,False
1029,333,B,0.00230974425057817114597458068532685877875122404113793934771443,0.972775,True,True,True,True,contraction,contraction,False
1030,334,A,0.00271410477380709690799709127670797258759341103112079853965288,0.972775,True,True,True,True,rebound,rebound,False
1031,333,B,0.00244090149702198934766448512419764610736172494000726557140633,0.972775,True,True,True,True,contraction,contraction,False
1032,334,A,0.00284520737139823018543629158872923042148365755461559587741824,0.972775,True,True,True,True,tie,tie,True
1033,334,A,0.00253922844521533930574388535821358948277940983262836357473035,0.972775,True,True,True,True,rebound,rebound,False
1034,333,B,0.00230974425057817114597458068532685877875122404113793934771443,0.972775,True,True,True,True,contraction,contraction,False
1035,334,A,0.00271410477380709690799709127670797258759341103112079853965288,0.972775,True,True,True,True,rebound,rebound,False
1036,333,B,0.00244090149702198934766448512419764610736172494000726557140633,0.972775,True,True,True,True,contraction,contraction,False
1037,334,A,0.00284520737139823018543629158872923042148365755461559587741824,0.972775,True,True,True,True,tie,tie,True
1038,334,A,0.00253922844521533930574388535821358948277940983262836357473035,0.972775,True,True,True,True,rebound,rebound,False
1039,333,B,0.00230974425057817114597458068532685877875122404113793934771443,0.972775,True,True,True,True,contraction,contraction,False
1040,334,A,0.00271410477380709690799709127670797258759341103112079853965288,0.972775,True,True,True,True,rebound,rebound,False
1041,333,B,0.00244090149702198934766448512419764610736172494000726557140633,0.972775,True,True,True,True,contraction,contraction,False
1042,334,A,0.00284520737139823018543629158872923042148365755461559587741824,0.972775,True,True,True,True,tie,tie,True
1043,334,A,0.00253922844521533930574388535821358948277940983262836357473035,0.972775,True,True,True,True,rebound,rebound,False
1044,333,B,0.00230974425057817114597458068532685877875122404113793934771443,0.972775,True,True,True,True,contraction,contraction,False
1045,334,A,0.00271410477380709690799709127670797258759341103112079853965288,0.972775,True,True,True,True,rebound,rebound,False
1046,333,B,0.00244090149702198934766448512419764610736172494000726557140633,0.972775,True,True,True,True,contraction,contraction,False
1047,334,A,0.00284520737139823018543629158872923042148365755461559587741824,0.972775,True,True,True,True,tie,tie,True
1048,334,A,0.00253922844521533930574388535821358948277940983262836357473035,0.972775,True,True,True,True,rebound,rebound,False
1049,333,B,0.00230974425057817114597458068532685877875122404113793934771443,0.972775,True,True,True,True,contraction,contraction,False
1050,334,A,0.00271410477380709690799709127670797258759341103112079853965288,0.972775,True,True,True,True,rebound,rebound,False
1051,333,B,0.00244090149702198934766448512419764610736172494000726557140633,0.972775,True,True,True,True,contraction,contraction,False
1052,334,A,0.00284520737139823018543629158872923042148365755461559587741824,0.972775,True,True,True,True,tie,tie,True
1053,334,A,0.00253922844521533930574388535821358948277940983262836357473035,0.972775,True,True,True,True,rebound,rebound,False
1054,333,B,0.00230974425057817114597458068532685877875122404113793934771443,0.972775,True,True,True,True,contraction,contraction,False
1055,334,A,0.00271410477380709690799709127670797258759341103112079853965288,0.972775,True,True,True,True,rebound,rebound,False
1056,333,B,0.00244090149702198934766448512419764610736172494000726557140633,0.972775,True,True,True,True,contraction,contraction,False
1057,334,A,0.00284520737139823018543629158872923042148365755461559587741824,0.972775,True,True,True,True,tie,tie,True
1058,334,A,0.00253922844521533930574388535821358948277940983262836357473035,0.972775,True,True,True,True,rebound,rebound,False
1059,333,B,0.00230974425057817114597458068532685877875122404113793934771443,0.972775,True,True,True,True,contraction,contraction,False
1060,334,A,0.00271410477380709690799709127670797258759341103112079853965288,0.972775,True,True,True,True,rebound,rebound,False
1061,333,B,0.00244090149702198934766448512419764610736172494000726557140633,0.972775,True,True,True,True,contraction,contraction,False
1062,334,A,0.00284520737139823018543629158872923042148365755461559587741824,0.972775,True,True,True,True,tie,tie,True
1063,334,A,0.00253922844521533930574388535821358948277940983262836357473035,0.972775,True,True,True,True,rebound,rebound,False
1064,333,B,0.00230974425057817114597458068532685877875122404113793934771443,0.972775,True,True,True,True,contraction,contraction,False
1065,334,A,0.00271410477380709690799709127670797258759341103112079853965288,0.972775,True,True,True,True,rebound,rebound,False
1066,333,B,0.00244090149702198934766448512419764610736172494000726557140633,0.972775,True,True,True,True,contraction,contraction,False
1067,334,A,0.00284520737139823018543629158872923042148365755461559587741824,0.972775,True,True,True,True,tie,tie,True
1068,334,A,0.00253922844521533930574388535821358948277940983262836357473035,0.972775,True,True,True,True,rebound,rebound,False
1069,333,B,0.00230974425057817114597458068532685877875122404113793934771443,0.972775,True,True,True,True,contraction,contraction,False
1070,334,A,0.00271410477380709690799709127670797258759341103112079853965288,0.972775,True,True,True,True,rebound,rebound,False
1071,333,B,0.00244090149702198934766448512419764610736172494000726557140633,0.972775,True,True,True,True,contraction,contraction,False
1072,334,A,0.00284520737139823018543629158872923042148365755461559587741824,0.972775,True,True,True,True,tie,tie,True
1073,334,A,0.00253922844521533930574388535821358948277940983262836357473035,0.972775,True,True,True,True,rebound,rebound,False
1074,333,B,0.00230974425057817114597458068532685877875122404113793934771443,0.972775,True,True,True,True,contraction,contraction,False
1075,334,A,0.00271410477380709690799709127670797258759341103112079853965288,0.972775,True,True,True,True,rebound,rebound,False
1076,333,B,0.00244090149702198934766448512419764610736172494000726557140633,0.972775,True,True,True,True,contraction,contraction,False
1077,334,A,0.00284520737139823018543629158872923042148365755461559587741824,0.972775,True,True,True,True,tie,tie,True
1078,334,A,0.00253922844521533930574388535821358948277940983262836357473035,0.972775,True,True,True,True,rebound,rebound,False
1079,333,B,0.00230974425057817114597458068532685877875122404113793934771443,0.972775,True,True,True,True,contraction,contraction,False
1080,334,A,0.00271410477380709690799709127670797258759341103112079853965288,0.972775,True,True,True,True,rebound,rebound,False
1081,333,B,0.00244090149702198934766448512419764610736172494000726557140633,0.972775,True,True,True,True,contraction,contraction,False
1082,334,A,0.00284520737139823018543629158872923042148365755461559587741824,0.972775,True,True,True,True,tie,tie,True
1083,334,A,0.00253922844521533930574388535821358948277940983262836357473035,0.972775,True,True,True,True,rebound,rebound,False
1084,333,B,0.00230974425057817114597458068532685877875122404113793934771443,0.972775,True,True,True,True,contraction,contraction,False
1085,334,A,0.00271410477380709690799709127670797258759341103112079853965288,0.972775,True,True,True,True,rebound,rebound,False
1086,333,B,0.00244090149702198934766448512419764610736172494000726557140633,0.972775,True,True,True,True,contraction,contraction,False
1087,334,A,0.00284520737139823018543629158872923042148365755461559587741824,0.972775,True,True,True,True,tie,tie,True
1088,334,A,0.00253922844521533930574388535821358948277940983262836357473035,0.972775,True,True,True,True,rebound,rebound,False
1089,333,B,0.00230974425057817114597458068532685877875122404113793934771443,0.972775,True,True,True,True,contraction,contraction,False
1090,334,A,0.00271410477380709690799709127670797258759341103112079853965288,0.972775,True,True,True,True,rebound,rebound,False
1091,333,B,0.00244090149702198934766448512419764610736172494000726557140633,0.972775,True,True,True,True,contraction,contraction,False
1092,334,A,0.00284520737139823018543629158872923042148365755461559587741824,0.972775,True,True,True,True,tie,tie,True
1093,334,A,0.00253922844521533930574388535821358948277940983262836357473035,0.972775,True,True,True,True,rebound,rebound,False
1094,333,B,0.00230974425057817114597458068532685877875122404113793934771443,0.972775,True,True,True,True,contraction,contraction,False
1095,334,A,0.00271410477380709690799709127670797258759341103112079853965288,0.972775,True,True,True,True,rebound,rebound,False
1096,333,B,0.00244090149702198934766448512419764610736172494000726557140633,0.972775,True,True,True,True,contraction,contraction,False
1097,334,A,0.00284520737139823018543629158872923042148365755461559587741824,0.972775,True,True,True,True,tie,tie,True
1098,334,A,0.00253922844521533930574388535821358948277940983262836357473035,0.972775,True,True,True,True,rebound,rebound,False
1099,333,B,0.00230974425057817114597458068532685877875122404113793934771443,0.972775,True,True,True,True,contraction,contraction,False
1100,334,A,0.00271410477380709690799709127670797258759341103112079853965288,0.972775,True,True,True,True,rebound,rebound,False
1101,333,B,0.00244090149702198934766448512419764610736172494000726557140633,0.972775,True,True,True,True,contraction,contraction,False
1102,334,A,0.00284520737139823018543629158872923042148365755461559587741824,0.972775,True,True,True,True,tie,tie,True
1103,334,A,0.00253922844521533930574388535821358948277940983262836357473035,0.972775,True,True,True,True,rebound,rebound,False
1104,333,B,0.00230974425057817114597458068532685877875122404113793934771443,0.972775,True,True,True,True,contraction,contraction,False
1105,334,A,0.00271410477380709690799709127670797258759341103112079853965288,0.972775,True,True,True,True,rebound,rebound,False
1106,333,B,0.00244090149702198934766448512419764610736172494000726557140633,0.972775,True,True,True,True,contraction,contraction,False
1107,334,A,0.00284520737139823018543629158872923042148365755461559587741824,0.972775,True,True,True,True,tie,tie,True
1108,334,A,0.00253922844521533930574388535821358948277940983262836357473035,0.972775,True,True,True,True,rebound,rebound,False
1109,333,B,0.00230974425057817114597458068532685877875122404113793934771443,0.972775,True,True,True,True,contraction,contraction,False
1110,334,A,0.00271410477380709690799709127670797258759341103112079853965288,0.972775,True,True,True,True,rebound,rebound,False
1111,333,B,0.00244090149702198934766448512419764610736172494000726557140633,0.972775,True,True,True,True,contraction,contraction,False
1112,334,A,0.00284520737139823018543629158872923042148365755461559587741824,0.972775,True,True,True,True,tie,tie,True
1113,334,A,0.00253922844521533930574388535821358948277940983262836357473035,0.972775,True,True,True,True,rebound,rebound,False
1114,333,B,0.00230974425057817114597458068532685877875122404113793934771443,0.972775,True,True,True,True,contraction,contraction,False
1115,334,A,0.00271410477380709690799709127670797258759341103112079853965288,0.972775,True,True,True,True,rebound,rebound,False
1116,333,B,0.00244090149702198934766448512419764610736172494000726557140633,0.972775,True,True,True,True,contraction,contraction,False
1117,334,A,0.00284520737139823018543629158872923042148365755461559587741824,0.972775,True,True,True,True,tie,tie,True
1118,334,A,0.00253922844521533930574388535821358948277940983262836357473035,0.972775,True,True,True,True,rebound,rebound,False
1119,333,B,0.00230974425057817114597458068532685877875122404113793934771443,0.972775,True,True,True,True,contraction,contraction,False
1120,334,A,0.00271410477380709690799709127670797258759341103112079853965288,0.972775,True,True,True,True,rebound,rebound,False
1121,333,B,0.00244090149702198934766448512419764610736172494000726557140633,0.972775,True,True,True,True,contraction,contraction,False
1122,334,A,0.00284520737139823018543629158872923042148365755461559587741824,0.972775,True,True,True,True,tie,tie,True
1123,334,A,0.00253922844521533930574388535821358948277940983262836357473035,0.972775,True,True,True,True,rebound,rebound,False
1124,333,B,0.00230974425057817114597458068532685877875122404113793934771443,0.972775,True,True,True,True,contraction,contraction,False
1125,334,A,0.00271410477380709690799709127670797258759341103112079853965288,0.972775,True,True,True,True,rebound,rebound,False
1126,333,B,0.00244090149702198934766448512419764610736172494000726557140633,0.972775,True,True,True,True,contraction,contraction,False
1127,334,A,0.00284520737139823018543629158872923042148365755461559587741824,0.972775,True,True,True,True,tie,tie,True
1128,334,A,0.00253922844521533930574388535821358948277940983262836357473035,0.972775,True,True,True,True,rebound,rebound,False
1129,333,B,0.00230974425057817114597458068532685877875122404113793934771443,0.972775,True,True,True,True,contraction,contraction,False
1130,334,A,0.00271410477380709690799709127670797258759341103112079853965288,0.972775,True,True,True,True,rebound,rebound,False
1131,333,B,0.00244090149702198934766448512419764610736172494000726557140633,0.972775,True,True,True,True,contraction,contraction,False
1132,334,A,0.00284520737139823018543629158872923042148365755461559587741824,0.972775,True,True,True,True,tie,tie,True
1133,334,A,0.00253922844521533930574388535821358948277940983262836357473035,0.972775,True,True,True,True,rebound,rebound,False
1134,333,B,0.00230974425057817114597458068532685877875122404113793934771443,0.972775,True,True,True,True,contraction,contraction,False
1135,334,A,0.00271410477380709690799709127670797258759341103112079853965288,0.972775,True,True,True,True,rebound,rebound,False
1136,333,B,0.00244090149702198934766448512419764610736172494000726557140633,0.972775,True,True,True,True,contraction,contraction,False
1137,334,A,0.00284520737139823018543629158872923042148365755461559587741824,0.972775,True,True,True,True,tie,tie,True
1138,334,A,0.00253922844521533930574388535821358948277940983262836357473035,0.972775,True,True,True,True,rebound,rebound,False
1139,333,B,0.00230974425057817114597458068532685877875122404113793934771443,0.972775,True,True,True,True,contraction,contraction,False
1140,334,A,0.00271410477380709690799709127670797258759341103112079853965288,0.972775,True,True,True,True,rebound,rebound,False
1141,333,B,0.00244090149702198934766448512419764610736172494000726557140633,0.972775,True,True,True,True,contraction,contraction,False
1142,334,A,0.00284520737139823018543629158872923042148365755461559587741824,0.972775,True,True,True,True,tie,tie,True
1143,334,A,0.00253922844521533930574388535821358948277940983262836357473035,0.972775,True,True,True,True,rebound,rebound,False
1144,333,B,0.00230974425057817114597458068532685877875122404113793934771443,0.972775,True,True,True,True,contraction,contraction,False
1145,334,A,0.00271410477380709690799709127670797258759341103112079853965288,0.972775,True,True,True,True,rebound,rebound,False
1146,333,B,0.00244090149702198934766448512419764610736172494000726557140633,0.972775,True,True,True,True,contraction,contraction,False
1147,334,A,0.00284520737139823018543629158872923042148365755461559587741824,0.972775,True,True,True,True,tie,tie,True
1148,334,A,0.00253922844521533930574388535821358948277940983262836357473035,0.972775,True,True,True,True,rebound,rebound,False
1149,333,B,0.00230974425057817114597458068532685877875122404113793934771443,0.972775,True,True,True,True,contraction,contraction,False
1150,334,A,0.00271410477380709690799709127670797258759341103112079853965288,0.972775,True,True,True,True,rebound,rebound,False
1151,333,B,0.00244090149702198934766448512419764610736172494000726557140633,0.972775,True,True,True,True,contraction,contraction,False
1152,334,A,0.00284520737139823018543629158872923042148365755461559587741824,0.972775,True,True,True,True,tie,tie,True
1153,334,A,0.00253922844521533930574388535821358948277940983262836357473035,0.972775,True,True,True,True,rebound,rebound,False
1154,333,B,0.00230974425057817114597458068532685877875122404113793934771443,0.972775,True,True,True,True,contraction,contraction,False
1155,334,A,0.00271410477380709690799709127670797258759341103112079853965288,0.972775,True,True,True,True,rebound,rebound,False
1156,333,B,0.00244090149702198934766448512419764610736172494000726557140633,0.972775,True,True,True,True,contraction,contraction,False
1157,334,A,0.00284520737139823018543629158872923042148365755461559587741824,0.972775,True,True,True,True,tie,tie,True
1158,334,A,0.00253922844521533930574388535821358948277940983262836357473035,0.972775,True,True,True,True,rebound,rebound,False
1159,333,B,0.00230974425057817114597458068532685877875122404113793934771443,0.972775,True,True,True,True,contraction,contraction,False
1160,334,A,0.00271410477380709690799709127670797258759341103112079853965288,0.972775,True,True,True,True,rebound,rebound,False
1161,333,B,0.00244090149702198934766448512419764610736172494000726557140633,0.972775,True,True,True,True,contraction,contraction,False
1162,334,A,0.00284520737139823018543629158872923042148365755461559587741824,0.972775,True,True,True,True,tie,tie,True
1163,334,A,0.00253922844521533930574388535821358948277940983262836357473035,0.972775,True,True,True,True,rebound,rebound,False
1164,333,B,0.00230974425057817114597458068532685877875122404113793934771443,0.972775,True,True,True,True,contraction,contraction,False
1165,334,A,0.00271410477380709690799709127670797258759341103112079853965288,0.972775,True,True,True,True,rebound,rebound,False
1166,333,B,0.00244090149702198934766448512419764610736172494000726557140633,0.972775,True,True,True,True,contraction,contraction,False
1167,334,A,0.00284520737139823018543629158872923042148365755461559587741824,0.972775,True,True,True,True,tie,tie,True
1168,334,A,0.00253922844521533930574388535821358948277940983262836357473035,0.972775,True,True,True,True,rebound,rebound,False
1169,333,B,0.00230974425057817114597458068532685877875122404113793934771443,0.972775,True,True,True,True,contraction,contraction,False
1170,334,A,0.00271410477380709690799709127670797258759341103112079853965288,0.972775,True,True,True,True,rebound,rebound,False
1171,333,B,0.00244090149702198934766448512419764610736172494000726557140633,0.972775,True,True,True,True,contraction,contraction,False
1172,334,A,0.00284520737139823018543629158872923042148365755461559587741824,0.972775,True,True,True,True,tie,tie,True
1173,334,A,0.00253922844521533930574388535821358948277940983262836357473035,0.972775,True,True,True,True,rebound,rebound,False
1174,333,B,0.00230974425057817114597458068532685877875122404113793934771443,0.972775,True,True,True,True,contraction,contraction,False
1175,334,A,0.00271410477380709690799709127670797258759341103112079853965288,0.972775,True,True,True,True,rebound,rebound,False
1176,333,B,0.00244090149702198934766448512419764610736172494000726557140633,0.972775,True,True,True,True,contraction,contraction,False
1177,334,A,0.00284520737139823018543629158872923042148365755461559587741824,0.972775,True,True,True,True,tie,tie,True
1178,334,A,0.00253922844521533930574388535821358948277940983262836357473035,0.972775,True,True,True,True,rebound,rebound,False
1179,333,B,0.00230974425057817114597458068532685877875122404113793934771443,0.972775,True,True,True,True,contraction,contraction,False
1180,334,A,0.00271410477380709690799709127670797258759341103112079853965288,0.972775,True,True,True,True,rebound,rebound,False
1181,333,B,0.00244090149702198934766448512419764610736172494000726557140633,0.972775,True,True,True,True,contraction,contraction,False
1182,334,A,0.00284520737139823018543629158872923042148365755461559587741824,0.972775,True,True,True,True,tie,tie,True
1183,334,A,0.00253922844521533930574388535821358948277940983262836357473035,0.972775,True,True,True,True,rebound,rebound,False
1184,333,B,0.00230974425057817114597458068532685877875122404113793934771443,0.972775,True,True,True,True,contraction,contraction,False
1185,334,A,0.00271410477380709690799709127670797258759341103112079853965288,0.972775,True,True,True,True,rebound,rebound,False
1186,333,B,0.00244090149702198934766448512419764610736172494000726557140633,0.972775,True,True,True,True,contraction,contraction,False
1187,334,A,0.00284520737139823018543629158872923042148365755461559587741824,0.972775,True,True,True,True,tie,tie,True
1188,334,A,0.00253922844521533930574388535821358948277940983262836357473035,0.972775,True,True,True,True,rebound,rebound,False
1189,333,B,0.00230974425057817114597458068532685877875122404113793934771443,0.972775,True,True,True,True,contraction,contraction,False
1190,334,A,0.00271410477380709690799709127670797258759341103112079853965288,0.972775,True,True,True,True,rebound,rebound,False
1191,333,B,0.00244090149702198934766448512419764610736172494000726557140633,0.972775,True,True,True,True,contraction,contraction,False
1192,334,A,0.00284520737139823018543629158872923042148365755461559587741824,0.972775,True,True,True,True,tie,tie,True
1193,334,A,0.00253922844521533930574388535821358948277940983262836357473035,0.972775,True,True,True,True,rebound,rebound,False
1194,333,B,0.00230974425057817114597458068532685877875122404113793934771443,0.972775,True,True,True,True,contraction,contraction,False
1195,334,A,0.00271410477380709690799709127670797258759341103112079853965288,0.972775,True,True,True,True,rebound,rebound,False
1196,333,B,0.00244090149702198934766448512419764610736172494000726557140633,0.972775,True,True,True,True,contraction,contraction,False
1197,334,A,0.00284520737139823018543629158872923042148365755461559587741824,0.972775,True,True,True,True,tie,tie,True
1198,334,A,0.00253922844521533930574388535821358948277940983262836357473035,0.972775,True,True,True,True,rebound,rebound,False
1199,333,B,0.00230974425057817114597458068532685877875122404113793934771443,0.972775,True,True,True,True,contraction,contraction,False
1200,334,A,0.00271410477380709690799709127670797258759341103112079853965288,0.972775,True,True,True,True,rebound,rebound,False
1201,333,B,0.00244090149702198934766448512419764610736172494000726557140633,0.972775,True,True,True,True,contraction,contraction,False
1202,334,A,0.00284520737139823018543629158872923042148365755461559587741824,0.972775,True,True,True,True,tie,tie,True
1203,334,A,0.00253922844521533930574388535821358948277940983262836357473035,0.972775,True,True,True,True,rebound,rebound,False
1204,333,B,0.00230974425057817114597458068532685877875122404113793934771443,0.972775,True,True,True,True,contraction,contraction,False
1205,334,A,0.00271410477380709690799709127670797258759341103112079853965288,0.972775,True,True,True,True,rebound,rebound,False
1206,333,B,0.00244090149702198934766448512419764610736172494000726557140633,0.972775,True,True,True,True,contraction,contraction,False
1207,334,A,0.00284520737139823018543629158872923042148365755461559587741824,0.972775,True,True,True,True,tie,tie,True
1208,334,A,0.00253922844521533930574388535821358948277940983262836357473035,0.972775,True,True,True,True,rebound,rebound,False
1209,333,B,0.00230974425057817114597458068532685877875122404113793934771443,0.972775,True,True,True,True,contraction,contraction,False
1210,334,A,0.00271410477380709690799709127670797258759341103112079853965288,0.972775,True,True,True,True,rebound,rebound,False
1211,333,B,0.00244090149702198934766448512419764610736172494000726557140633,0.972775,True,True,True,True,contraction,contraction,False
1212,334,A,0.00284520737139823018543629158872923042148365755461559587741824,0.972775,True,True,True,True,tie,tie,True
1213,334,A,0.00253922844521533930574388535821358948277940983262836357473035,0.972775,True,True,True,True,rebound,rebound,False
1214,333,B,0.00230974425057817114597458068532685877875122404113793934771443,0.972775,True,True,True,True,contraction,contraction,False
1215,334,A,0.00271410477380709690799709127670797258759341103112079853965288,0.972775,True,True,True,True,rebound,rebound,False
1216,333,B,0.00244090149702198934766448512419764610736172494000726557140633,0.972775,True,True,True,True,contraction,contraction,False
1217,334,A,0.00284520737139823018543629158872923042148365755461559587741824,0.972775,True,True,True,True,tie,tie,True
1218,334,A,0.00253922844521533930574388535821358948277940983262836357473035,0.972775,True,True,True,True,rebound,rebound,False
1219,333,B,0.00230974425057817114597458068532685877875122404113793934771443,0.972775,True,True,True,True,contraction,contraction,False
1220,334,A,0.00271410477380709690799709127670797258759341103112079853965288,0.972775,True,True,True,True,rebound,rebound,False
1221,333,B,0.00244090149702198934766448512419764610736172494000726557140633,0.972775,True,True,True,True,contraction,contraction,False
1222,334,A,0.00284520737139823018543629158872923042148365755461559587741824,0.972775,True,True,True,True,tie,tie,True
1223,334,A,0.00253922844521533930574388535821358948277940983262836357473035,0.972775,True,True,True,True,rebound,rebound,False
1224,333,B,0.00230974425057817114597458068532685877875122404113793934771443,0.972775,True,True,True,True,contraction,contraction,False
1225,334,A,0.00271410477380709690799709127670797258759341103112079853965288,0.972775,True,True,True,True,rebound,rebound,False
1226,333,B,0.00244090149702198934766448512419764610736172494000726557140633,0.972775,True,True,True,True,contraction,contraction,False
1227,334,A,0.00284520737139823018543629158872923042148365755461559587741824,0.972775,True,True,True,True,tie,tie,True
1228,334,A,0.00253922844521533930574388535821358948277940983262836357473035,0.972775,True,True,True,True,rebound,rebound,False
1229,333,B,0.00230974425057817114597458068532685877875122404113793934771443,0.972775,True,True,True,True,contraction,contraction,False
1230,334,A,0.00271410477380709690799709127670797258759341103112079853965288,0.972775,True,True,True,True,rebound,rebound,False
1231,333,B,0.00244090149702198934766448512419764610736172494000726557140633,0.972775,True,True,True,True,contraction,contraction,False
1232,334,A,0.00284520737139823018543629158872923042148365755461559587741824,0.972775,True,True,True,True,tie,tie,True
1233,334,A,0.00253922844521533930574388535821358948277940983262836357473035,0.972775,True,True,True,True,rebound,rebound,False
1234,333,B,0.00230974425057817114597458068532685877875122404113793934771443,0.972775,True,True,True,True,contraction,contraction,False
1235,334,A,0.00271410477380709690799709127670797258759341103112079853965288,0.972775,True,True,True,True,rebound,rebound,False
1236,333,B,0.00244090149702198934766448512419764610736172494000726557140633,0.972775,True,True,True,True,contraction,contraction,False
1237,334,A,0.00284520737139823018543629158872923042148365755461559587741824,0.972775,True,True,True,True,tie,tie,True
1238,334,A,0.00253922844521533930574388535821358948277940983262836357473035,0.972775,True,True,True,True,rebound,rebound,False
1239,333,B,0.00230974425057817114597458068532685877875122404113793934771443,0.972775,True,True,True,True,contraction,contraction,False
1240,334,A,0.00271410477380709690799709127670797258759341103112079853965288,0.972775,True,True,True,True,rebound,rebound,False
1241,333,B,0.00244090149702198934766448512419764610736172494000726557140633,0.972775,True,True,True,True,contraction,contraction,False
1242,334,A,0.00284520737139823018543629158872923042148365755461559587741824,0.972775,True,True,True,True,tie,tie,True
1243,334,A,0.00253922844521533930574388535821358948277940983262836357473035,0.972775,True,True,True,True,rebound,rebound,False
1244,333,B,0.00230974425057817114597458068532685877875122404113793934771443,0.972775,True,True,True,True,contraction,contraction,False
1245,334,A,0.00271410477380709690799709127670797258759341103112079853965288,0.972775,True,True,True,True,rebound,rebound,False
1246,333,B,0.00244090149702198934766448512419764610736172494000726557140633,0.972775,True,True,True,True,contraction,contraction,False
1247,334,A,0.00284520737139823018543629158872923042148365755461559587741824,0.972775,True,True,True,True,tie,tie,True
1248,334,A,0.00253922844521533930574388535821358948277940983262836357473035,0.972775,True,True,True,True,rebound,rebound,False
1249,333,B,0.00230974425057817114597458068532685877875122404113793934771443,0.972775,True,True,True,True,contraction,contraction,False
1250,334,A,0.00271410477380709690799709127670797258759341103112079853965288,0.972775,True,True,True,True,rebound,rebound,False
1251,333,B,0.00244090149702198934766448512419764610736172494000726557140633,0.972775,True,True,True,True,contraction,contraction,False
1252,334,A,0.00284520737139823018543629158872923042148365755461559587741824,0.972775,True,True,True,True,tie,tie,True
1253,334,A,0.00253922844521533930574388535821358948277940983262836357473035,0.972775,True,True,True,True,rebound,rebound,False
1254,333,B,0.00230974425057817114597458068532685877875122404113793934771443,0.972775,True,True,True,True,contraction,contraction,False
1255,334,A,0.00271410477380709690799709127670797258759341103112079853965288,0.972775,True,True,True,True,rebound,rebound,False
1256,333,B,0.00244090149702198934766448512419764610736172494000726557140633,0.972775,True,True,True,True,contraction,contraction,False
1257,334,A,0.00284520737139823018543629158872923042148365755461559587741824,0.972775,True,True,True,True,tie,tie,True
1258,334,A,0.00253922844521533930574388535821358948277940983262836357473035,0.972775,True,True,True,True,rebound,rebound,False
1259,333,B,0.00230974425057817114597458068532685877875122404113793934771443,0.972775,True,True,True,True,contraction,contraction,False
1260,334,A,0.00271410477380709690799709127670797258759341103112079853965288,0.972775,True,True,True,True,rebound,rebound,False
1261,333,B,0.00244090149702198934766448512419764610736172494000726557140633,0.972775,True,True,True,True,contraction,contraction,False
1262,334,A,0.00284520737139823018543629158872923042148365755461559587741824,0.972775,True,True,True,True,tie,tie,True
1263,334,A,0.00253922844521533930574388535821358948277940983262836357473035,0.972775,True,True,True,True,rebound,rebound,False
1264,333,B,0.00230974425057817114597458068532685877875122404113793934771443,0.972775,True,True,True,True,contraction,contraction,False
1265,334,A,0.00271410477380709690799709127670797258759341103112079853965288,0.972775,True,True,True,True,rebound,rebound,False
1266,333,B,0.00244090149702198934766448512419764610736172494000726557140633,0.972775,True,True,True,True,contraction,contraction,False
1267,334,A,0.00284520737139823018543629158872923042148365755461559587741824,0.972775,True,True,True,True,tie,tie,True
1268,334,A,0.00253922844521533930574388535821358948277940983262836357473035,0.972775,True,True,True,True,rebound,rebound,False
1269,333,B,0.00230974425057817114597458068532685877875122404113793934771443,0.972775,True,True,True,True,contraction,contraction,False
1270,334,A,0.00271410477380709690799709127670797258759341103112079853965288,0.972775,True,True,True,True,rebound,rebound,False
1271,333,B,0.00244090149702198934766448512419764610736172494000726557140633,0.972775,True,True,True,True,contraction,contraction,False
1272,334,A,0.00284520737139823018543629158872923042148365755461559587741824,0.972775,True,True,True,True,tie,tie,True
1273,334,A,0.00253922844521533930574388535821358948277940983262836357473035,0.972775,True,True,True,True,rebound,rebound,False
1274,333,B,0.00230974425057817114597458068532685877875122404113793934771443,0.972775,True,True,True,True,contraction,contraction,False
1275,334,A,0.00271410477380709690799709127670797258759341103112079853965288,0.972775,True,True,True,True,rebound,rebound,False
1276,333,B,0.00244090149702198934766448512419764610736172494000726557140633,0.972775,True,True,True,True,contraction,contraction,False
1277,334,A,0.00284520737139823018543629158872923042148365755461559587741824,0.972775,True,True,True,True,tie,tie,True
1278,334,A,0.00253922844521533930574388535821358948277940983262836357473035,0.972775,True,True,True,True,rebound,rebound,False
1279,333,B,0.00230974425057817114597458068532685877875122404113793934771443,0.972775,True,True,True,True,contraction,contraction,False
1280,334,A,0.00271410477380709690799709127670797258759341103112079853965288,0.972775,True,True,True,True,rebound,rebound,False
1281,333,B,0.00244090149702198934766448512419764610736172494000726557140633,0.972775,True,True,True,True,contraction,contraction,False
1282,334,A,0.00284520737139823018543629158872923042148365755461559587741824,0.972775,True,True,True,True,tie,tie,True
1283,334,A,0.00253922844521533930574388535821358948277940983262836357473035,0.972775,True,True,True,True,rebound,rebound,False
1284,333,B,0.00230974425057817114597458068532685877875122404113793934771443,0.972775,True,True,True,True,contraction,contraction,False
1285,334,A,0.00271410477380709690799709127670797258759341103112079853965288,0.972775,True,True,True,True,rebound,rebound,False
1286,333,B,0.00244090149702198934766448512419764610736172494000726557140633,0.972775,True,True,True,True,contraction,contraction,False
1287,334,A,0.00284520737139823018543629158872923042148365755461559587741824,0.972775,True,True,True,True,tie,tie,True
1288,334,A,0.00253922844521533930574388535821358948277940983262836357473035,0.972775,True,True,True,True,rebound,rebound,False
1289,333,B,0.00230974425057817114597458068532685877875122404113793934771443,0.972775,True,True,True,True,contraction,contraction,False
1290,334,A,0.00271410477380709690799709127670797258759341103112079853965288,0.972775,True,True,True,True,rebound,rebound,False
1291,333,B,0.00244090149702198934766448512419764610736172494000726557140633,0.972775,True,True,True,True,contraction,contraction,False
1292,334,A,0.00284520737139823018543629158872923042148365755461559587741824,0.972775,True,True,True,True,tie,tie,True
1293,334,A,0.00253922844521533930574388535821358948277940983262836357473035,0.972775,True,True,True,True,rebound,rebound,False
1294,333,B,0.00230974425057817114597458068532685877875122404113793934771443,0.972775,True,True,True,True,contraction,contraction,False
1295,334,A,0.00271410477380709690799709127670797258759341103112079853965288,0.972775,True,True,True,True,rebound,rebound,False
1296,333,B,0.00244090149702198934766448512419764610736172494000726557140633,0.972775,True,True,True,True,contraction,contraction,False
1297,334,A,0.00284520737139823018543629158872923042148365755461559587741824,0.972775,True,True,True,True,tie,tie,True
1298,334,A,0.00253922844521533930574388535821358948277940983262836357473035,0.972775,True,True,True,True,rebound,rebound,False
1299,333,B,0.00230974425057817114597458068532685877875122404113793934771443,0.972775,True,True,True,True,contraction,contraction,False
1300,334,A,0.00271410477380709690799709127670797258759341103112079853965288,0.972775,True,True,True,True,rebound,rebound,False
1301,333,B,0.00244090149702198934766448512419764610736172494000726557140633,0.972775,True,True,True,True,contraction,contraction,False
1302,334,A,0.00284520737139823018543629158872923042148365755461559587741824,0.972775,True,True,True,True,tie,tie,True
1303,334,A,0.00253922844521533930574388535821358948277940983262836357473035,0.972775,True,True,True,True,rebound,rebound,False
1304,333,B,0.00230974425057817114597458068532685877875122404113793934771443,0.972775,True,True,True,True,contraction,contraction,False
1305,334,A,0.00271410477380709690799709127670797258759341103112079853965288,0.972775,True,True,True,True,rebound,rebound,False
1306,333,B,0.00244090149702198934766448512419764610736172494000726557140633,0.972775,True,True,True,True,contraction,contraction,False
1307,334,A,0.00284520737139823018543629158872923042148365755461559587741824,0.972775,True,True,True,True,tie,tie,True
1308,334,A,0.00253922844521533930574388535821358948277940983262836357473035,0.972775,True,True,True,True,rebound,rebound,False
1309,333,B,0.00230974425057817114597458068532685877875122404113793934771443,0.972775,True,True,True,True,contraction,contraction,False
1310,334,A,0.00271410477380709690799709127670797258759341103112079853965288,0.972775,True,True,True,True,rebound,rebound,False
1311,333,B,0.00244090149702198934766448512419764610736172494000726557140633,0.972775,True,True,True,True,contraction,contraction,False
1312,334,A,0.00284520737139823018543629158872923042148365755461559587741824,0.972775,True,True,True,True,tie,tie,True
1313,334,A,0.00253922844521533930574388535821358948277940983262836357473035,0.972775,True,True,True,True,rebound,rebound,False
1314,333,B,0.00230974425057817114597458068532685877875122404113793934771443,0.972775,True,True,True,True,contraction,contraction,False
1315,334,A,0.00271410477380709690799709127670797258759341103112079853965288,0.972775,True,True,True,True,rebound,rebound,False
1316,333,B,0.00244090149702198934766448512419764610736172494000726557140633,0.972775,True,True,True,True,contraction,contraction,False
1317,334,A,0.00284520737139823018543629158872923042148365755461559587741824,0.972775,True,True,True,True,tie,tie,True
1318,334,A,0.00253922844521533930574388535821358948277940983262836357473035,0.972775,True,True,True,True,rebound,rebound,False
1319,333,B,0.00230974425057817114597458068532685877875122404113793934771443,0.972775,True,True,True,True,contraction,contraction,False
1320,334,A,0.00271410477380709690799709127670797258759341103112079853965288,0.972775,True,True,True,True,rebound,rebound,False
1321,333,B,0.00244090149702198934766448512419764610736172494000726557140633,0.972775,True,True,True,True,contraction,contraction,False
1322,334,A,0.00284520737139823018543629158872923042148365755461559587741824,0.972775,True,True,True,True,tie,tie,True
1323,334,A,0.00253922844521533930574388535821358948277940983262836357473035,0.972775,True,True,True,True,rebound,rebound,False
1324,333,B,0.00230974425057817114597458068532685877875122404113793934771443,0.972775,True,True,True,True,contraction,contraction,False
1325,334,A,0.00271410477380709690799709127670797258759341103112079853965288,0.972775,True,True,True,True,rebound,rebound,False
1326,333,B,0.00244090149702198934766448512419764610736172494000726557140633,0.972775,True,True,True,True,contraction,contraction,False
1327,334,A,0.00284520737139823018543629158872923042148365755461559587741824,0.972775,True,True,True,True,tie,tie,True
1328,334,A,0.00253922844521533930574388535821358948277940983262836357473035,0.972775,True,True,True,True,rebound,rebound,False
1329,333,B,0.00230974425057817114597458068532685877875122404113793934771443,0.972775,True,True,True,True,contraction,contraction,False
1330,334,A,0.00271410477380709690799709127670797258759341103112079853965288,0.972775,True,True,True,True,rebound,rebound,False
1331,333,B,0.00244090149702198934766448512419764610736172494000726557140633,0.972775,True,True,True,True,contraction,contraction,False
1332,334,A,0.00284520737139823018543629158872923042148365755461559587741824,0.972775,True,True,True,True,tie,tie,True
1333,334,A,0.00253922844521533930574388535821358948277940983262836357473035,0.972775,True,True,True,True,rebound,rebound,False
1334,333,B,0.00230974425057817114597458068532685877875122404113793934771443,0.972775,True,True,True,True,contraction,contraction,False
1335,334,A,0.00271410477380709690799709127670797258759341103112079853965288,0.972775,True,True,True,True,rebound,rebound,False
1336,333,B,0.00244090149702198934766448512419764610736172494000726557140633,0.972775,True,True,True,True,contraction,contraction,False
1337,334,A,0.00284520737139823018543629158872923042148365755461559587741824,0.972775,True,True,True,True,tie,tie,True
1338,334,A,0.00253922844521533930574388535821358948277940983262836357473035,0.972775,True,True,True,True,rebound,rebound,False
1339,333,B,0.00230974425057817114597458068532685877875122404113793934771443,0.972775,True,True,True,True,contraction,contraction,False
1340,334,A,0.00271410477380709690799709127670797258759341103112079853965288,0.972775,True,True,True,True,rebound,rebound,False
1341,333,B,0.00244090149702198934766448512419764610736172494000726557140633,0.972775,True,True,True,True,contraction,contraction,False
1342,334,A,0.00284520737139823018543629158872923042148365755461559587741824,0.972775,True,True,True,True,tie,tie,True
1343,334,A,0.00253922844521533930574388535821358948277940983262836357473035,0.972775,True,True,True,True,rebound,rebound,False
1344,333,B,0.00230974425057817114597458068532685877875122404113793934771443,0.972775,True,True,True,True,contraction,contraction,False
1345,334,A,0.00271410477380709690799709127670797258759341103112079853965288,0.972775,True,True,True,True,rebound,rebound,False
1346,333,B,0.00244090149702198934766448512419764610736172494000726557140633,0.972775,True,True,True,True,contraction,contraction,False
1347,334,A,0.00284520737139823018543629158872923042148365755461559587741824,0.972775,True,True,True,True,tie,tie,True
1348,334,A,0.00253922844521533930574388535821358948277940983262836357473035,0.972775,True,True,True,True,rebound,rebound,False
1349,333,B,0.00230974425057817114597458068532685877875122404113793934771443,0.972775,True,True,True,True,contraction,contraction,False
1350,334,A,0.00271410477380709690799709127670797258759341103112079853965288,0.972775,True,True,True,True,rebound,rebound,False
1351,333,B,0.00244090149702198934766448512419764610736172494000726557140633,0.972775,True,True,True,True,contraction,contraction,False
1352,334,A,0.00284520737139823018543629158872923042148365755461559587741824,0.972775,True,True,True,True,tie,tie,True
1353,334,A,0.00253922844521533930574388535821358948277940983262836357473035,0.972775,True,True,True,True,rebound,rebound,False
1354,333,B,0.00230974425057817114597458068532685877875122404113793934771443,0.972775,True,True,True,True,contraction,contraction,False
1355,334,A,0.00271410477380709690799709127670797258759341103112079853965288,0.972775,True,True,True,True,rebound,rebound,False
1356,333,B,0.00244090149702198934766448512419764610736172494000726557140633,0.972775,True,True,True,True,contraction,contraction,False
1357,334,A,0.00284520737139823018543629158872923042148365755461559587741824,0.972775,True,True,True,True,tie,tie,True
1358,334,A,0.00253922844521533930574388535821358948277940983262836357473035,0.972775,True,True,True,True,rebound,rebound,False
1359,333,B,0.00230974425057817114597458068532685877875122404113793934771443,0.972775,True,True,True,True,contraction,contraction,False
1360,334,A,0.00271410477380709690799709127670797258759341103112079853965288,0.972775,True,True,True,True,rebound,rebound,False
1361,333,B,0.00244090149702198934766448512419764610736172494000726557140633,0.972775,True,True,True,True,contraction,contraction,False
1362,334,A,0.00284520737139823018543629158872923042148365755461559587741824,0.972775,True,True,True,True,tie,tie,True
1363,334,A,0.00253922844521533930574388535821358948277940983262836357473035,0.972775,True,True,True,True,rebound,rebound,False
1364,333,B,0.00230974425057817114597458068532685877875122404113793934771443,0.972775,True,True,True,True,contraction,contraction,False
1365,334,A,0.00271410477380709690799709127670797258759341103112079853965288,0.972775,True,True,True,True,rebound,rebound,False
1366,333,B,0.00244090149702198934766448512419764610736172494000726557140633,0.972775,True,True,True,True,contraction,contraction,False
1367,334,A,0.00284520737139823018543629158872923042148365755461559587741824,0.972775,True,True,True,True,tie,tie,True
1368,334,A,0.00253922844521533930574388535821358948277940983262836357473035,0.972775,True,True,True,True,rebound,rebound,False
1369,333,B,0.00230974425057817114597458068532685877875122404113793934771443,0.972775,True,True,True,True,contraction,contraction,False
1370,334,A,0.00271410477380709690799709127670797258759341103112079853965288,0.972775,True,True,True,True,rebound,rebound,False
1371,333,B,0.00244090149702198934766448512419764610736172494000726557140633,0.972775,True,True,True,True,contraction,contraction,False
1372,334,A,0.00284520737139823018543629158872923042148365755461559587741824,0.972775,True,True,True,True,tie,tie,True
1373,334,A,0.00253922844521533930574388535821358948277940983262836357473035,0.972775,True,True,True,True,rebound,rebound,False
1374,333,B,0.00230974425057817114597458068532685877875122404113793934771443,0.972775,True,True,True,True,contraction,contraction,False
1375,334,A,0.00271410477380709690799709127670797258759341103112079853965288,0.972775,True,True,True,True,rebound,rebound,False
1376,333,B,0.00244090149702198934766448512419764610736172494000726557140633,0.972775,True,True,True,True,contraction,contraction,False
1377,334,A,0.00284520737139823018543629158872923042148365755461559587741824,0.972775,True,True,True,True,tie,tie,True
1378,334,A,0.00253922844521533930574388535821358948277940983262836357473035,0.972775,True,True,True,True,rebound,rebound,False
1379,333,B,0.00230974425057817114597458068532685877875122404113793934771443,0.972775,True,True,True,True,contraction,contraction,False
1380,334,A,0.00271410477380709690799709127670797258759341103112079853965288,0.972775,True,True,True,True,rebound,rebound,False
1381,333,B,0.00244090149702198934766448512419764610736172494000726557140633,0.972775,True,True,True,True,contraction,contraction,False
1382,334,A,0.00284520737139823018543629158872923042148365755461559587741824,0.972775,True,True,True,True,tie,tie,True
1383,334,A,0.00253922844521533930574388535821358948277940983262836357473035,0.972775,True,True,True,True,rebound,rebound,False
1384,333,B,0.00230974425057817114597458068532685877875122404113793934771443,0.972775,True,True,True,True,contraction,contraction,False
1385,334,A,0.00271410477380709690799709127670797258759341103112079853965288,0.972775,True,True,True,True,rebound,rebound,False
1386,333,B,0.00244090149702198934766448512419764610736172494000726557140633,0.972775,True,True,True,True,contraction,contraction,False
1387,334,A,0.00284520737139823018543629158872923042148365755461559587741824,0.972775,True,True,True,True,tie,tie,True
1388,334,A,0.00253922844521533930574388535821358948277940983262836357473035,0.972775,True,True,True,True,rebound,rebound,False
1389,333,B,0.00230974425057817114597458068532685877875122404113793934771443,0.972775,True,True,True,True,contraction,contraction,False
1390,334,A,0.00271410477380709690799709127670797258759341103112079853965288,0.972775,True,True,True,True,rebound,rebound,False
1391,333,B,0.00244090149702198934766448512419764610736172494000726557140633,0.972775,True,True,True,True,contraction,contraction,False
1392,334,A,0.00284520737139823018543629158872923042148365755461559587741824,0.972775,True,True,True,True,tie,tie,True
1393,334,A,0.00253922844521533930574388535821358948277940983262836357473035,0.972775,True,True,True,True,rebound,rebound,False
1394,333,B,0.00230974425057817114597458068532685877875122404113793934771443,0.972775,True,True,True,True,contraction,contraction,False
1395,334,A,0.00271410477380709690799709127670797258759341103112079853965288,0.972775,True,True,True,True,rebound,rebound,False
1396,333,B,0.00244090149702198934766448512419764610736172494000726557140633,0.972775,True,True,True,True,contraction,contraction,False
1397,334,A,0.00284520737139823018543629158872923042148365755461559587741824,0.972775,True,True,True,True,tie,tie,True
1398,334,A,0.00253922844521533930574388535821358948277940983262836357473035,0.972775,True,True,True,True,rebound,rebound,False
1399,333,B,0.00230974425057817114597458068532685877875122404113793934771443,0.972775,True,True,True,True,contraction,contraction,False
1400,334,A,0.00271410477380709690799709127670797258759341103112079853965288,0.972775,True,True,True,True,rebound,rebound,False
1401,333,B,0.00244090149702198934766448512419764610736172494000726557140633,0.972775,True,True,True,True,contraction,contraction,False
1402,334,A,0.00284520737139823018543629158872923042148365755461559587741824,0.972775,True,True,True,True,tie,tie,True
1403,334,A,0.00253922844521533930574388535821358948277940983262836357473035,0.972775,True,True,True,True,rebound,rebound,False
1404,333,B,0.00230974425057817114597458068532685877875122404113793934771443,0.972775,True,True,True,True,contraction,contraction,False
1405,334,A,0.00271410477380709690799709127670797258759341103112079853965288,0.972775,True,True,True,True,rebound,rebound,False
1406,333,B,0.00244090149702198934766448512419764610736172494000726557140633,0.972775,True,True,True,True,contraction,contraction,False
1407,334,A,0.00284520737139823018543629158872923042148365755461559587741824,0.972775,True,True,True,True,tie,tie,True
1408,334,A,0.00253922844521533930574388535821358948277940983262836357473035,0.972775,True,True,True,True,rebound,rebound,False
1409,333,B,0.00230974425057817114597458068532685877875122404113793934771443,0.972775,True,True,True,True,contraction,contraction,False
1410,334,A,0.00271410477380709690799709127670797258759341103112079853965288,0.972775,True,True,True,True,rebound,rebound,False
1411,333,B,0.00244090149702198934766448512419764610736172494000726557140633,0.972775,True,True,True,True,contraction,contraction,False
1412,334,A,0.00284520737139823018543629158872923042148365755461559587741824,0.972775,True,True,True,True,tie,tie,True
1413,334,A,0.00253922844521533930574388535821358948277940983262836357473035,0.972775,True,True,True,True,rebound,rebound,False
1414,333,B,0.00230974425057817114597458068532685877875122404113793934771443,0.972775,True,True,True,True,contraction,contraction,False
1415,334,A,0.00271410477380709690799709127670797258759341103112079853965288,0.972775,True,True,True,True,rebound,rebound,False
1416,333,B,0.00244090149702198934766448512419764610736172494000726557140633,0.972775,True,True,True,True,contraction,contraction,False
1417,334,A,0.00284520737139823018543629158872923042148365755461559587741824,0.972775,True,True,True,True,tie,tie,True
1418,334,A,0.00253922844521533930574388535821358948277940983262836357473035,0.972775,True,True,True,True,rebound,rebound,False
1419,333,B,0.00230974425057817114597458068532685877875122404113793934771443,0.972775,True,True,True,True,contraction,contraction,False
1420,334,A,0.00271410477380709690799709127670797258759341103112079853965288,0.972775,True,True,True,True,rebound,rebound,False
1421,333,B,0.00244090149702198934766448512419764610736172494000726557140633,0.972775,True,True,True,True,contraction,contraction,False
1422,334,A,0.00284520737139823018543629158872923042148365755461559587741824,0.972775,True,True,True,True,tie,tie,True
1423,334,A,0.00253922844521533930574388535821358948277940983262836357473035,0.972775,True,True,True,True,rebound,rebound,False
1424,333,B,0.00230974425057817114597458068532685877875122404113793934771443,0.972775,True,True,True,True,contraction,contraction,False
1425,334,A,0.00271410477380709690799709127670797258759341103112079853965288,0.972775,True,True,True,True,rebound,rebound,False
1426,333,B,0.00244090149702198934766448512419764610736172494000726557140633,0.972775,True,True,True,True,contraction,contraction,False
1427,334,A,0.00284520737139823018543629158872923042148365755461559587741824,0.972775,True,True,True,True,tie,tie,True
1428,334,A,0.00253922844521533930574388535821358948277940983262836357473035,0.972775,True,True,True,True,rebound,rebound,False
1429,333,B,0.00230974425057817114597458068532685877875122404113793934771443,0.972775,True,True,True,True,contraction,contraction,False
1430,334,A,0.00271410477380709690799709127670797258759341103112079853965288,0.972775,True,True,True,True,rebound,rebound,False
1431,333,B,0.00244090149702198934766448512419764610736172494000726557140633,0.972775,True,True,True,True,contraction,contraction,False
1432,334,A,0.00284520737139823018543629158872923042148365755461559587741824,0.972775,True,True,True,True,tie,tie,True
1433,334,A,0.00253922844521533930574388535821358948277940983262836357473035,0.972775,True,True,True,True,rebound,rebound,False
1434,333,B,0.00230974425057817114597458068532685877875122404113793934771443,0.972775,True,True,True,True,contraction,contraction,False
1435,334,A,0.00271410477380709690799709127670797258759341103112079853965288,0.972775,True,True,True,True,rebound,rebound,False
1436,333,B,0.00244090149702198934766448512419764610736172494000726557140633,0.972775,True,True,True,True,contraction,contraction,False
1437,334,A,0.00284520737139823018543629158872923042148365755461559587741824,0.972775,True,True,True,True,tie,tie,True
1438,334,A,0.00253922844521533930574388535821358948277940983262836357473035,0.972775,True,True,True,True,rebound,rebound,False
1439,333,B,0.00230974425057817114597458068532685877875122404113793934771443,0.972775,True,True,True,True,contraction,contraction,False
1440,334,A,0.00271410477380709690799709127670797258759341103112079853965288,0.972775,True,True,True,True,rebound,rebound,False
1441,333,B,0.00244090149702198934766448512419764610736172494000726557140633,0.972775,True,True,True,True,contraction,contraction,False
1442,334,A,0.00284520737139823018543629158872923042148365755461559587741824,0.972775,True,True,True,True,tie,tie,True
1443,334,A,0.00253922844521533930574388535821358948277940983262836357473035,0.972775,True,True,True,True,rebound,rebound,False
1444,333,B,0.00230974425057817114597458068532685877875122404113793934771443,0.972775,True,True,True,True,contraction,contraction,False
1445,334,A,0.00271410477380709690799709127670797258759341103112079853965288,0.972775,True,True,True,True,rebound,rebound,False
1446,333,B,0.00244090149702198934766448512419764610736172494000726557140633,0.972775,True,True,True,True,contraction,contraction,False
1447,334,A,0.00284520737139823018543629158872923042148365755461559587741824,0.972775,True,True,True,True,tie,tie,True
1448,334,A,0.00253922844521533930574388535821358948277940983262836357473035,0.972775,True,True,True,True,rebound,rebound,False
1449,333,B,0.00230974425057817114597458068532685877875122404113793934771443,0.972775,True,True,True,True,contraction,contraction,False
1450,334,A,0.00271410477380709690799709127670797258759341103112079853965288,0.972775,True,True,True,True,rebound,rebound,False
1451,333,B,0.00244090149702198934766448512419764610736172494000726557140633,0.972775,True,True,True,True,contraction,contraction,False
1452,334,A,0.00284520737139823018543629158872923042148365755461559587741824,0.972775,True,True,True,True,tie,tie,True
1453,334,A,0.00253922844521533930574388535821358948277940983262836357473035,0.972775,True,True,True,True,rebound,rebound,False
1454,333,B,0.00230974425057817114597458068532685877875122404113793934771443,0.972775,True,True,True,True,contraction,contraction,False
1455,334,A,0.00271410477380709690799709127670797258759341103112079853965288,0.972775,True,True,True,True,rebound,rebound,False
1456,333,B,0.00244090149702198934766448512419764610736172494000726557140633,0.972775,True,True,True,True,contraction,contraction,False
1457,334,A,0.00284520737139823018543629158872923042148365755461559587741824,0.972775,True,True,True,True,tie,tie,True
1458,334,A,0.00253922844521533930574388535821358948277940983262836357473035,0.972775,True,True,True,True,rebound,rebound,False
1459,333,B,0.00230974425057817114597458068532685877875122404113793934771443,0.972775,True,True,True,True,contraction,contraction,False
1460,334,A,0.00271410477380709690799709127670797258759341103112079853965288,0.972775,True,True,True,True,rebound,rebound,False
1461,333,B,0.00244090149702198934766448512419764610736172494000726557140633,0.972775,True,True,True,True,contraction,contraction,False
1462,334,A,0.00284520737139823018543629158872923042148365755461559587741824,0.972775,True,True,True,True,tie,tie,True
1463,334,A,0.00253922844521533930574388535821358948277940983262836357473035,0.972775,True,True,True,True,rebound,rebound,False
1464,333,B,0.00230974425057817114597458068532685877875122404113793934771443,0.972775,True,True,True,True,contraction,contraction,False
1465,334,A,0.00271410477380709690799709127670797258759341103112079853965288,0.972775,True,True,True,True,rebound,rebound,False
1466,333,B,0.00244090149702198934766448512419764610736172494000726557140633,0.972775,True,True,True,True,contraction,contraction,False
1467,334,A,0.00284520737139823018543629158872923042148365755461559587741824,0.972775,True,True,True,True,tie,tie,True
1468,334,A,0.00253922844521533930574388535821358948277940983262836357473035,0.972775,True,True,True,True,rebound,rebound,False
1469,333,B,0.00230974425057817114597458068532685877875122404113793934771443,0.972775,True,True,True,True,contraction,contraction,False
1470,334,A,0.00271410477380709690799709127670797258759341103112079853965288,0.972775,True,True,True,True,rebound,rebound,False
1471,333,B,0.00244090149702198934766448512419764610736172494000726557140633,0.972775,True,True,True,True,contraction,contraction,False
1472,334,A,0.00284520737139823018543629158872923042148365755461559587741824,0.972775,True,True,True,True,tie,tie,True
1473,334,A,0.00253922844521533930574388535821358948277940983262836357473035,0.972775,True,True,True,True,rebound,rebound,False
1474,333,B,0.00230974425057817114597458068532685877875122404113793934771443,0.972775,True,True,True,True,contraction,contraction,False
1475,334,A,0.00271410477380709690799709127670797258759341103112079853965288,0.972775,True,True,True,True,rebound,rebound,False
1476,333,B,0.00244090149702198934766448512419764610736172494000726557140633,0.972775,True,True,True,True,contraction,contraction,False
1477,334,A,0.00284520737139823018543629158872923042148365755461559587741824,0.972775,True,True,True,True,tie,tie,True
1478,334,A,0.00253922844521533930574388535821358948277940983262836357473035,0.972775,True,True,True,True,rebound,rebound,False
1479,333,B,0.00230974425057817114597458068532685877875122404113793934771443,0.972775,True,True,True,True,contraction,contraction,False
1480,334,A,0.00271410477380709690799709127670797258759341103112079853965288,0.972775,True,True,True,True,rebound,rebound,False
1481,333,B,0.00244090149702198934766448512419764610736172494000726557140633,0.972775,True,True,True,True,contraction,contraction,False
1482,334,A,0.00284520737139823018543629158872923042148365755461559587741824,0.972775,True,True,True,True,tie,tie,True
1483,334,A,0.00253922844521533930574388535821358948277940983262836357473035,0.972775,True,True,True,True,rebound,rebound,False
1484,333,B,0.00230974425057817114597458068532685877875122404113793934771443,0.972775,True,True,True,True,contraction,contraction,False
1485,334,A,0.00271410477380709690799709127670797258759341103112079853965288,0.972775,True,True,True,True,rebound,rebound,False
1486,333,B,0.00244090149702198934766448512419764610736172494000726557140633,0.972775,True,True,True,True,contraction,contraction,False
1487,334,A,0.00284520737139823018543629158872923042148365755461559587741824,0.972775,True,True,True,True,tie,tie,True
1488,334,A,0.00253922844521533930574388535821358948277940983262836357473035,0.972775,True,True,True,True,rebound,rebound,False
1489,333,B,0.00230974425057817114597458068532685877875122404113793934771443,0.972775,True,True,True,True,contraction,contraction,False
1490,334,A,0.00271410477380709690799709127670797258759341103112079853965288,0.972775,True,True,True,True,rebound,rebound,False
1491,333,B,0.00244090149702198934766448512419764610736172494000726557140633,0.972775,True,True,True,True,contraction,contraction,False
1492,334,A,0.00284520737139823018543629158872923042148365755461559587741824,0.972775,True,True,True,True,tie,tie,True
1493,334,A,0.00253922844521533930574388535821358948277940983262836357473035,0.972775,True,True,True,True,rebound,rebound,False
1494,333,B,0.00230974425057817114597458068532685877875122404113793934771443,0.972775,True,True,True,True,contraction,contraction,False
1495,334,A,0.00271410477380709690799709127670797258759341103112079853965288,0.972775,True,True,True,True,rebound,rebound,False
1496,333,B,0.00244090149702198934766448512419764610736172494000726557140633,0.972775,True,True,True,True,contraction,contraction,False
1497,334,A,0.00284520737139823018543629158872923042148365755461559587741824,0.972775,True,True,True,True,tie,tie,True
1498,334,A,0.00253922844521533930574388535821358948277940983262836357473035,0.972775,True,True,True,True,rebound,rebound,False
1499,333,B,0.00230974425057817114597458068532685877875122404113793934771443,0.972775,True,True,True,True,contraction,contraction,False
1500,334,A,0.00271410477380709690799709127670797258759341103112079853965288,0.972775,True,True,True,True,rebound,rebound,False
1501,333,B,0.00244090149702198934766448512419764610736172494000726557140633,0.972775,True,True,True,True,contraction,contraction,False
1502,334,A,0.00284520737139823018543629158872923042148365755461559587741824,0.972775,True,True,True,True,tie,tie,True
1503,334,A,0.00253922844521533930574388535821358948277940983262836357473035,0.972775,True,True,True,True,rebound,rebound,False
1504,333,B,0.00230974425057817114597458068532685877875122404113793934771443,0.972775,True,True,True,True,contraction,contraction,False
1505,334,A,0.00271410477380709690799709127670797258759341103112079853965288,0.972775,True,True,True,True,rebound,rebound,False
1506,333,B,0.00244090149702198934766448512419764610736172494000726557140633,0.972775,True,True,True,True,contraction,contraction,False
1507,334,A,0.00284520737139823018543629158872923042148365755461559587741824,0.972775,True,True,True,True,tie,tie,True
1508,334,A,0.00253922844521533930574388535821358948277940983262836357473035,0.972775,True,True,True,True,rebound,rebound,False
1509,333,B,0.00230974425057817114597458068532685877875122404113793934771443,0.972775,True,True,True,True,contraction,contraction,False
1510,334,A,0.00271410477380709690799709127670797258759341103112079853965288,0.972775,True,True,True,True,rebound,rebound,False
1511,333,B,0.00244090149702198934766448512419764610736172494000726557140633,0.972775,True,True,True,True,contraction,contraction,False
1512,334,A,0.00284520737139823018543629158872923042148365755461559587741824,0.972775,True,True,True,True,tie,tie,True
1513,334,A,0.00253922844521533930574388535821358948277940983262836357473035,0.972775,True,True,True,True,rebound,rebound,False
1514,333,B,0.00230974425057817114597458068532685877875122404113793934771443,0.972775,True,True,True,True,contraction,contraction,False
1515,334,A,0.00271410477380709690799709127670797258759341103112079853965288,0.972775,True,True,True,True,rebound,rebound,False
1516,333,B,0.00244090149702198934766448512419764610736172494000726557140633,0.972775,True,True,True,True,contraction,contraction,False
1517,334,A,0.00284520737139823018543629158872923042148365755461559587741824,0.972775,True,True,True,True,tie,tie,True
1518,334,A,0.00253922844521533930574388535821358948277940983262836357473035,0.972775,True,True,True,True,rebound,rebound,False
1519,333,B,0.00230974425057817114597458068532685877875122404113793934771443,0.972775,True,True,True,True,contraction,contraction,False
1520,334,A,0.00271410477380709690799709127670797258759341103112079853965288,0.972775,True,True,True,True,rebound,rebound,False
1521,333,B,0.00244090149702198934766448512419764610736172494000726557140633,0.972775,True,True,True,True,contraction,contraction,False
1522,334,A,0.00284520737139823018543629158872923042148365755461559587741824,0.972775,True,True,True,True,tie,tie,True
1523,334,A,0.00253922844521533930574388535821358948277940983262836357473035,0.972775,True,True,True,True,rebound,rebound,False
1524,333,B,0.00230974425057817114597458068532685877875122404113793934771443,0.972775,True,True,True,True,contraction,contraction,False
1525,334,A,0.00271410477380709690799709127670797258759341103112079853965288,0.972775,True,True,True,True,rebound,rebound,False
1526,333,B,0.00244090149702198934766448512419764610736172494000726557140633,0.972775,True,True,True,True,contraction,contraction,False
1527,334,A,0.00284520737139823018543629158872923042148365755461559587741824,0.972775,True,True,True,True,tie,tie,True
1528,334,A,0.00253922844521533930574388535821358948277940983262836357473035,0.972775,True,True,True,True,rebound,rebound,False
1529,333,B,0.00230974425057817114597458068532685877875122404113793934771443,0.972775,True,True,True,True,contraction,contraction,False
1530,334,A,0.00271410477380709690799709127670797258759341103112079853965288,0.972775,True,True,True,True,rebound,rebound,False
1531,333,B,0.00244090149702198934766448512419764610736172494000726557140633,0.972775,True,True,True,True,contraction,contraction,False
1532,334,A,0.00284520737139823018543629158872923042148365755461559587741824,0.972775,True,True,True,True,tie,tie,True
1533,334,A,0.00253922844521533930574388535821358948277940983262836357473035,0.972775,True,True,True,True,rebound,rebound,False
1534,333,B,0.00230974425057817114597458068532685877875122404113793934771443,0.972775,True,True,True,True,contraction,contraction,False
1535,334,A,0.00271410477380709690799709127670797258759341103112079853965288,0.972775,True,True,True,True,rebound,rebound,False
1536,333,B,0.00244090149702198934766448512419764610736172494000726557140633,0.972775,True,True,True,True,contraction,contraction,False
1537,334,A,0.00284520737139823018543629158872923042148365755461559587741824,0.972775,True,True,True,True,tie,tie,True
1538,334,A,0.00253922844521533930574388535821358948277940983262836357473035,0.972775,True,True,True,True,rebound,rebound,False
1539,333,B,0.00230974425057817114597458068532685877875122404113793934771443,0.972775,True,True,True,True,contraction,contraction,False
1540,334,A,0.00271410477380709690799709127670797258759341103112079853965288,0.972775,True,True,True,True,rebound,rebound,False
1541,333,B,0.00244090149702198934766448512419764610736172494000726557140633,0.972775,True,True,True,True,contraction,contraction,False
1542,334,A,0.00284520737139823018543629158872923042148365755461559587741824,0.972775,True,True,True,True,tie,tie,True
1543,334,A,0.00253922844521533930574388535821358948277940983262836357473035,0.972775,True,True,True,True,rebound,rebound,False
1544,333,B,0.00230974425057817114597458068532685877875122404113793934771443,0.972775,True,True,True,True,contraction,contraction,False
1545,334,A,0.00271410477380709690799709127670797258759341103112079853965288,0.972775,True,True,True,True,rebound,rebound,False
1546,333,B,0.00244090149702198934766448512419764610736172494000726557140633,0.972775,True,True,True,True,contraction,contraction,False
1547,334,A,0.00284520737139823018543629158872923042148365755461559587741824,0.972775,True,True,True,True,tie,tie,True
1548,334,A,0.00253922844521533930574388535821358948277940983262836357473035,0.972775,True,True,True,True,rebound,rebound,False
1549,333,B,0.00230974425057817114597458068532685877875122404113793934771443,0.972775,True,True,True,True,contraction,contraction,False
1550,334,A,0.00271410477380709690799709127670797258759341103112079853965288,0.972775,True,True,True,True,rebound,rebound,False
1551,333,B,0.00244090149702198934766448512419764610736172494000726557140633,0.972775,True,True,True,True,contraction,contraction,False
1552,334,A,0.00284520737139823018543629158872923042148365755461559587741824,0.972775,True,True,True,True,tie,tie,True
1553,334,A,0.00253922844521533930574388535821358948277940983262836357473035,0.972775,True,True,True,True,rebound,rebound,False
1554,333,B,0.00230974425057817114597458068532685877875122404113793934771443,0.972775,True,True,True,True,contraction,contraction,False
1555,334,A,0.00271410477380709690799709127670797258759341103112079853965288,0.972775,True,True,True,True,rebound,rebound,False
1556,333,B,0.00244090149702198934766448512419764610736172494000726557140633,0.972775,True,True,True,True,contraction,contraction,False
1557,334,A,0.00284520737139823018543629158872923042148365755461559587741824,0.972775,True,True,True,True,tie,tie,True
1558,334,A,0.00253922844521533930574388535821358948277940983262836357473035,0.972775,True,True,True,True,rebound,rebound,False
1559,333,B,0.00230974425057817114597458068532685877875122404113793934771443,0.972775,True,True,True,True,contraction,contraction,False
1560,334,A,0.00271410477380709690799709127670797258759341103112079853965288,0.972775,True,True,True,True,rebound,rebound,False
1561,333,B,0.00244090149702198934766448512419764610736172494000726557140633,0.972775,True,True,True,True,contraction,contraction,False
1562,334,A,0.00284520737139823018543629158872923042148365755461559587741824,0.972775,True,True,True,True,tie,tie,True
1563,334,A,0.00253922844521533930574388535821358948277940983262836357473035,0.972775,True,True,True,True,rebound,rebound,False
1564,333,B,0.00230974425057817114597458068532685877875122404113793934771443,0.972775,True,True,True,True,contraction,contraction,False
1565,334,A,0.00271410477380709690799709127670797258759341103112079853965288,0.972775,True,True,True,True,rebound,rebound,False
1566,333,B,0.00244090149702198934766448512419764610736172494000726557140633,0.972775,True,True,True,True,contraction,contraction,False
1567,334,A,0.00284520737139823018543629158872923042148365755461559587741824,0.972775,True,True,True,True,tie,tie,True
1568,334,A,0.00253922844521533930574388535821358948277940983262836357473035,0.972775,True,True,True,True,rebound,rebound,False
1569,333,B,0.00230974425057817114597458068532685877875122404113793934771443,0.972775,True,True,True,True,contraction,contraction,False
1570,334,A,0.00271410477380709690799709127670797258759341103112079853965288,0.972775,True,True,True,True,rebound,rebound,False
1571,333,B,0.00244090149702198934766448512419764610736172494000726557140633,0.972775,True,True,True,True,contraction,contraction,False
1572,334,A,0.00284520737139823018543629158872923042148365755461559587741824,0.972775,True,True,True,True,tie,tie,True
1573,334,A,0.00253922844521533930574388535821358948277940983262836357473035,0.972775,True,True,True,True,rebound,rebound,False
1574,333,B,0.00230974425057817114597458068532685877875122404113793934771443,0.972775,True,True,True,True,contraction,contraction,False
1575,334,A,0.00271410477380709690799709127670797258759341103112079853965288,0.972775,True,True,True,True,rebound,rebound,False
1576,333,B,0.00244090149702198934766448512419764610736172494000726557140633,0.972775,True,True,True,True,contraction,contraction,False
1577,334,A,0.00284520737139823018543629158872923042148365755461559587741824,0.972775,True,True,True,True,tie,tie,True
1578,334,A,0.00253922844521533930574388535821358948277940983262836357473035,0.972775,True,True,True,True,rebound,rebound,False
1579,333,B,0.00230974425057817114597458068532685877875122404113793934771443,0.972775,True,True,True,True,contraction,contraction,False
1580,334,A,0.00271410477380709690799709127670797258759341103112079853965288,0.972775,True,True,True,True,rebound,rebound,False
1581,333,B,0.00244090149702198934766448512419764610736172494000726557140633,0.972775,True,True,True,True,contraction,contraction,False
1582,334,A,0.00284520737139823018543629158872923042148365755461559587741824,0.972775,True,True,True,True,tie,tie,True
1583,334,A,0.00253922844521533930574388535821358948277940983262836357473035,0.972775,True,True,True,True,rebound,rebound,False
1584,333,B,0.00230974425057817114597458068532685877875122404113793934771443,0.972775,True,True,True,True,contraction,contraction,False
1585,334,A,0.00271410477380709690799709127670797258759341103112079853965288,0.972775,True,True,True,True,rebound,rebound,False
1586,333,B,0.00244090149702198934766448512419764610736172494000726557140633,0.972775,True,True,True,True,contraction,contraction,False
1587,334,A,0.00284520737139823018543629158872923042148365755461559587741824,0.972775,True,True,True,True,tie,tie,True
1588,334,A,0.00253922844521533930574388535821358948277940983262836357473035,0.972775,True,True,True,True,rebound,rebound,False
1589,333,B,0.00230974425057817114597458068532685877875122404113793934771443,0.972775,True,True,True,True,contraction,contraction,False
1590,334,A,0.00271410477380709690799709127670797258759341103112079853965288,0.972775,True,True,True,True,rebound,rebound,False
1591,333,B,0.00244090149702198934766448512419764610736172494000726557140633,0.972775,True,True,True,True,contraction,contraction,False
1592,334,A,0.00284520737139823018543629158872923042148365755461559587741824,0.972775,True,True,True,True,tie,tie,True
1593,334,A,0.00253922844521533930574388535821358948277940983262836357473035,0.972775,True,True,True,True,rebound,rebound,False
1594,333,B,0.00230974425057817114597458068532685877875122404113793934771443,0.972775,True,True,True,True,contraction,contraction,False
1595,334,A,0.00271410477380709690799709127670797258759341103112079853965288,0.972775,True,True,True,True,rebound,rebound,False
1596,333,B,0.00244090149702198934766448512419764610736172494000726557140633,0.972775,True,True,True,True,contraction,contraction,False
1597,334,A,0.00284520737139823018543629158872923042148365755461559587741824,0.972775,True,True,True,True,tie,tie,True
1598,334,A,0.00253922844521533930574388535821358948277940983262836357473035,0.972775,True,True,True,True,rebound,rebound,False
1599,333,B,0.00230974425057817114597458068532685877875122404113793934771443,0.972775,True,True,True,True,contraction,contraction,False
1600,334,A,0.00271410477380709690799709127670797258759341103112079853965288,0.972775,True,True,True,True,rebound,rebound,False
1601,333,B,0.00244090149702198934766448512419764610736172494000726557140633,0.972775,True,True,True,True,contraction,contraction,False
1602,334,A,0.00284520737139823018543629158872923042148365755461559587741824,0.972775,True,True,True,True,tie,tie,True
1603,334,A,0.00253922844521533930574388535821358948277940983262836357473035,0.972775,True,True,True,True,rebound,rebound,False
1604,333,B,0.00230974425057817114597458068532685877875122404113793934771443,0.972775,True,True,True,True,contraction,contraction,False
1605,334,A,0.00271410477380709690799709127670797258759341103112079853965288,0.972775,True,True,True,True,rebound,rebound,False
1606,333,B,0.00244090149702198934766448512419764610736172494000726557140633,0.972775,True,True,True,True,contraction,contraction,False
1607,334,A,0.00284520737139823018543629158872923042148365755461559587741824,0.972775,True,True,True,True,tie,tie,True
1608,334,A,0.00253922844521533930574388535821358948277940983262836357473035,0.972775,True,True,True,True,rebound,rebound,False
1609,333,B,0.00230974425057817114597458068532685877875122404113793934771443,0.972775,True,True,True,True,contraction,contraction,False
1610,334,A,0.00271410477380709690799709127670797258759341103112079853965288,0.972775,True,True,True,True,rebound,rebound,False
1611,333,B,0.00244090149702198934766448512419764610736172494000726557140633,0.972775,True,True,True,True,contraction,contraction,False
1612,334,A,0.00284520737139823018543629158872923042148365755461559587741824,0.972775,True,True,True,True,tie,tie,True
1613,334,A,0.00253922844521533930574388535821358948277940983262836357473035,0.972775,True,True,True,True,rebound,rebound,False
1614,333,B,0.00230974425057817114597458068532685877875122404113793934771443,0.972775,True,True,True,True,contraction,contraction,False
1615,334,A,0.00271410477380709690799709127670797258759341103112079853965288,0.972775,True,True,True,True,rebound,rebound,False
1616,333,B,0.00244090149702198934766448512419764610736172494000726557140633,0.972775,True,True,True,True,contraction,contraction,False
1617,334,A,0.00284520737139823018543629158872923042148365755461559587741824,0.972775,True,True,True,True,tie,tie,True
1618,334,A,0.00253922844521533930574388535821358948277940983262836357473035,0.972775,True,True,True,True,rebound,rebound,False
1619,333,B,0.00230974425057817114597458068532685877875122404113793934771443,0.972775,True,True,True,True,contraction,contraction,False
1620,334,A,0.00271410477380709690799709127670797258759341103112079853965288,0.972775,True,True,True,True,rebound,rebound,False
1621,333,B,0.00244090149702198934766448512419764610736172494000726557140633,0.972775,True,True,True,True,contraction,contraction,False
1622,334,A,0.00284520737139823018543629158872923042148365755461559587741824,0.972775,True,True,True,True,tie,tie,True
1623,334,A,0.00253922844521533930574388535821358948277940983262836357473035,0.972775,True,True,True,True,rebound,rebound,False
1624,333,B,0.00230974425057817114597458068532685877875122404113793934771443,0.972775,True,True,True,True,contraction,contraction,False
1625,334,A,0.00271410477380709690799709127670797258759341103112079853965288,0.972775,True,True,True,True,rebound,rebound,False
1626,333,B,0.00244090149702198934766448512419764610736172494000726557140633,0.972775,True,True,True,True,contraction,contraction,False
1627,334,A,0.00284520737139823018543629158872923042148365755461559587741824,0.972775,True,True,True,True,tie,tie,True
1628,334,A,0.00253922844521533930574388535821358948277940983262836357473035,0.972775,True,True,True,True,rebound,rebound,False
1629,333,B,0.00230974425057817114597458068532685877875122404113793934771443,0.972775,True,True,True,True,contraction,contraction,False
1630,334,A,0.00271410477380709690799709127670797258759341103112079853965288,0.972775,True,True,True,True,rebound,rebound,False
1631,333,B,0.00244090149702198934766448512419764610736172494000726557140633,0.972775,True,True,True,True,contraction,contraction,False
1632,334,A,0.00284520737139823018543629158872923042148365755461559587741824,0.972775,True,True,True,True,tie,tie,True
1633,334,A,0.00253922844521533930574388535821358948277940983262836357473035,0.972775,True,True,True,True,rebound,rebound,False
1634,333,B,0.00230974425057817114597458068532685877875122404113793934771443,0.972775,True,True,True,True,contraction,contraction,False
1635,334,A,0.00271410477380709690799709127670797258759341103112079853965288,0.972775,True,True,True,True,rebound,rebound,False
1636,333,B,0.00244090149702198934766448512419764610736172494000726557140633,0.972775,True,True,True,True,contraction,contraction,False
1637,334,A,0.00284520737139823018543629158872923042148365755461559587741824,0.972775,True,True,True,True,tie,tie,True
1638,334,A,0.00253922844521533930574388535821358948277940983262836357473035,0.972775,True,True,True,True,rebound,rebound,False
1639,333,B,0.00230974425057817114597458068532685877875122404113793934771443,0.972775,True,True,True,True,contraction,contraction,False
1640,334,A,0.00271410477380709690799709127670797258759341103112079853965288,0.972775,True,True,True,True,rebound,rebound,False
1641,333,B,0.00244090149702198934766448512419764610736172494000726557140633,0.972775,True,True,True,True,contraction,contraction,False
1642,334,A,0.00284520737139823018543629158872923042148365755461559587741824,0.972775,True,True,True,True,tie,tie,True
1643,334,A,0.00253922844521533930574388535821358948277940983262836357473035,0.972775,True,True,True,True,rebound,rebound,False
1644,333,B,0.00230974425057817114597458068532685877875122404113793934771443,0.972775,True,True,True,True,contraction,contraction,False
1645,334,A,0.00271410477380709690799709127670797258759341103112079853965288,0.972775,True,True,True,True,rebound,rebound,False
1646,333,B,0.00244090149702198934766448512419764610736172494000726557140633,0.972775,True,True,True,True,contraction,contraction,False
1647,334,A,0.00284520737139823018543629158872923042148365755461559587741824,0.972775,True,True,True,True,tie,tie,True
1648,334,A,0.00253922844521533930574388535821358948277940983262836357473035,0.972775,True,True,True,True,rebound,rebound,False
1649,333,B,0.00230974425057817114597458068532685877875122404113793934771443,0.972775,True,True,True,True,contraction,contraction,False
1650,334,A,0.00271410477380709690799709127670797258759341103112079853965288,0.972775,True,True,True,True,rebound,rebound,False
1651,333,B,0.00244090149702198934766448512419764610736172494000726557140633,0.972775,True,True,True,True,contraction,contraction,False
1652,334,A,0.00284520737139823018543629158872923042148365755461559587741824,0.972775,True,True,True,True,tie,tie,True
1653,334,A,0.00253922844521533930574388535821358948277940983262836357473035,0.972775,True,True,True,True,rebound,rebound,False
1654,333,B,0.00230974425057817114597458068532685877875122404113793934771443,0.972775,True,True,True,True,contraction,contraction,False
1655,334,A,0.00271410477380709690799709127670797258759341103112079853965288,0.972775,True,True,True,True,rebound,rebound,False
1656,333,B,0.00244090149702198934766448512419764610736172494000726557140633,0.972775,True,True,True,True,contraction,contraction,False
1657,334,A,0.00284520737139823018543629158872923042148365755461559587741824,0.972775,True,True,True,True,tie,tie,True
1658,334,A,0.00253922844521533930574388535821358948277940983262836357473035,0.972775,True,True,True,True,rebound,rebound,False
1659,333,B,0.00230974425057817114597458068532685877875122404113793934771443,0.972775,True,True,True,True,contraction,contraction,False
1660,334,A,0.00271410477380709690799709127670797258759341103112079853965288,0.972775,True,True,True,True,rebound,rebound,False
1661,333,B,0.00244090149702198934766448512419764610736172494000726557140633,0.972775,True,True,True,True,contraction,contraction,False
1662,334,A,0.00284520737139823018543629158872923042148365755461559587741824,0.972775,True,True,True,True,tie,tie,True
1663,334,A,0.00253922844521533930574388535821358948277940983262836357473035,0.972775,True,True,True,True,rebound,rebound,False
1664,333,B,0.00230974425057817114597458068532685877875122404113793934771443,0.972775,True,True,True,True,contraction,contraction,False
1665,334,A,0.00271410477380709690799709127670797258759341103112079853965288,0.972775,True,True,True,True,rebound,rebound,False
1666,333,B,0.00244090149702198934766448512419764610736172494000726557140633,0.972775,True,True,True,True,contraction,contraction,False
1667,334,A,0.00284520737139823018543629158872923042148365755461559587741824,0.972775,True,True,True,True,tie,tie,True
1668,334,A,0.00253922844521533930574388535821358948277940983262836357473035,0.972775,True,True,True,True,rebound,rebound,False
1669,333,B,0.00230974425057817114597458068532685877875122404113793934771443,0.972775,True,True,True,True,contraction,contraction,False
1670,334,A,0.00271410477380709690799709127670797258759341103112079853965288,0.972775,True,True,True,True,rebound,rebound,False
1671,333,B,0.00244090149702198934766448512419764610736172494000726557140633,0.972775,True,True,True,True,contraction,contraction,False
1672,334,A,0.00284520737139823018543629158872923042148365755461559587741824,0.972775,True,True,True,True,tie,tie,True
1673,334,A,0.00253922844521533930574388535821358948277940983262836357473035,0.972775,True,True,True,True,rebound,rebound,False
1674,333,B,0.00230974425057817114597458068532685877875122404113793934771443,0.972775,True,True,True,True,contraction,contraction,False
1675,334,A,0.00271410477380709690799709127670797258759341103112079853965288,0.972775,True,True,True,True,rebound,rebound,False
1676,333,B,0.00244090149702198934766448512419764610736172494000726557140633,0.972775,True,True,True,True,contraction,contraction,False
1677,334,A,0.00284520737139823018543629158872923042148365755461559587741824,0.972775,True,True,True,True,tie,tie,True
1678,334,A,0.00253922844521533930574388535821358948277940983262836357473035,0.972775,True,True,True,True,rebound,rebound,False
1679,333,B,0.00230974425057817114597458068532685877875122404113793934771443,0.972775,True,True,True,True,contraction,contraction,False
1680,334,A,0.00271410477380709690799709127670797258759341103112079853965288,0.972775,True,True,True,True,rebound,rebound,False
1681,333,B,0.00244090149702198934766448512419764610736172494000726557140633,0.972775,True,True,True,True,contraction,contraction,False
1682,334,A,0.00284520737139823018543629158872923042148365755461559587741824,0.972775,True,True,True,True,tie,tie,True
1683,334,A,0.00253922844521533930574388535821358948277940983262836357473035,0.972775,True,True,True,True,rebound,rebound,False
1684,333,B,0.00230974425057817114597458068532685877875122404113793934771443,0.972775,True,True,True,True,contraction,contraction,False
1685,334,A,0.00271410477380709690799709127670797258759341103112079853965288,0.972775,True,True,True,True,rebound,rebound,False
1686,333,B,0.00244090149702198934766448512419764610736172494000726557140633,0.972775,True,True,True,True,contraction,contraction,False
1687,334,A,0.00284520737139823018543629158872923042148365755461559587741824,0.972775,True,True,True,True,tie,tie,True
1688,334,A,0.00253922844521533930574388535821358948277940983262836357473035,0.972775,True,True,True,True,rebound,rebound,False
1689,333,B,0.00230974425057817114597458068532685877875122404113793934771443,0.972775,True,True,True,True,contraction,contraction,False
1690,334,A,0.00271410477380709690799709127670797258759341103112079853965288,0.972775,True,True,True,True,rebound,rebound,False
1691,333,B,0.00244090149702198934766448512419764610736172494000726557140633,0.972775,True,True,True,True,contraction,contraction,False
1692,334,A,0.00284520737139823018543629158872923042148365755461559587741824,0.972775,True,True,True,True,tie,tie,True
1693,334,A,0.00253922844521533930574388535821358948277940983262836357473035,0.972775,True,True,True,True,rebound,rebound,False
1694,333,B,0.00230974425057817114597458068532685877875122404113793934771443,0.972775,True,True,True,True,contraction,contraction,False
1695,334,A,0.00271410477380709690799709127670797258759341103112079853965288,0.972775,True,True,True,True,rebound,rebound,False
1696,333,B,0.00244090149702198934766448512419764610736172494000726557140633,0.972775,True,True,True,True,contraction,contraction,False
1697,334,A,0.00284520737139823018543629158872923042148365755461559587741824,0.972775,True,True,True,True,tie,tie,True
1698,334,A,0.00253922844521533930574388535821358948277940983262836357473035,0.972775,True,True,True,True,rebound,rebound,False
1699,333,B,0.00230974425057817114597458068532685877875122404113793934771443,0.972775,True,True,True,True,contraction,contraction,False
1700,334,A,0.00271410477380709690799709127670797258759341103112079853965288,0.972775,True,True,True,True,rebound,rebound,False
1701,333,B,0.00244090149702198934766448512419764610736172494000726557140633,0.972775,True,True,True,True,contraction,contraction,False
1702,334,A,0.00284520737139823018543629158872923042148365755461559587741824,0.972775,True,True,True,True,tie,tie,True
1703,334,A,0.00253922844521533930574388535821358948277940983262836357473035,0.972775,True,True,True,True,rebound,rebound,False
1704,333,B,0.00230974425057817114597458068532685877875122404113793934771443,0.972775,True,True,True,True,contraction,contraction,False
1705,334,A,0.00271410477380709690799709127670797258759341103112079853965288,0.972775,True,True,True,True,rebound,rebound,False
1706,333,B,0.00244090149702198934766448512419764610736172494000726557140633,0.972775,True,True,True,True,contraction,contraction,False
1707,334,A,0.00284520737139823018543629158872923042148365755461559587741824,0.972775,True,True,True,True,tie,tie,True
1708,334,A,0.00253922844521533930574388535821358948277940983262836357473035,0.972775,True,True,True,True,rebound,rebound,False
1709,333,B,0.00230974425057817114597458068532685877875122404113793934771443,0.972775,True,True,True,True,contraction,contraction,False
1710,334,A,0.00271410477380709690799709127670797258759341103112079853965288,0.972775,True,True,True,True,rebound,rebound,False
1711,333,B,0.00244090149702198934766448512419764610736172494000726557140633,0.972775,True,True,True,True,contraction,contraction,False
1712,334,A,0.00284520737139823018543629158872923042148365755461559587741824,0.972775,True,True,True,True,tie,tie,True
1713,334,A,0.00253922844521533930574388535821358948277940983262836357473035,0.972775,True,True,True,True,rebound,rebound,False
1714,333,B,0.00230974425057817114597458068532685877875122404113793934771443,0.972775,True,True,True,True,contraction,contraction,False
1715,334,A,0.00271410477380709690799709127670797258759341103112079853965288,0.972775,True,True,True,True,rebound,rebound,False
1716,333,B,0.00244090149702198934766448512419764610736172494000726557140633,0.972775,True,True,True,True,contraction,contraction,False
1717,334,A,0.00284520737139823018543629158872923042148365755461559587741824,0.972775,True,True,True,True,tie,tie,True
1718,334,A,0.00253922844521533930574388535821358948277940983262836357473035,0.972775,True,True,True,True,rebound,rebound,False
1719,333,B,0.00230974425057817114597458068532685877875122404113793934771443,0.972775,True,True,True,True,contraction,contraction,False
1720,334,A,0.00271410477380709690799709127670797258759341103112079853965288,0.972775,True,True,True,True,rebound,rebound,False
1721,333,B,0.00244090149702198934766448512419764610736172494000726557140633,0.972775,True,True,True,True,contraction,contraction,False
1722,334,A,0.00284520737139823018543629158872923042148365755461559587741824,0.972775,True,True,True,True,tie,tie,True
1723,334,A,0.00253922844521533930574388535821358948277940983262836357473035,0.972775,True,True,True,True,rebound,rebound,False
1724,333,B,0.00230974425057817114597458068532685877875122404113793934771443,0.972775,True,True,True,True,contraction,contraction,False
1725,334,A,0.00271410477380709690799709127670797258759341103112079853965288,0.972775,True,True,True,True,rebound,rebound,False
1726,333,B,0.00244090149702198934766448512419764610736172494000726557140633,0.972775,True,True,True,True,contraction,contraction,False
1727,334,A,0.00284520737139823018543629158872923042148365755461559587741824,0.972775,True,True,True,True,tie,tie,True
1728,334,A,0.00253922844521533930574388535821358948277940983262836357473035,0.972775,True,True,True,True,rebound,rebound,False
1729,333,B,0.00230974425057817114597458068532685877875122404113793934771443,0.972775,True,True,True,True,contraction,contraction,False
1730,334,A,0.00271410477380709690799709127670797258759341103112079853965288,0.972775,True,True,True,True,rebound,rebound,False
1731,333,B,0.00244090149702198934766448512419764610736172494000726557140633,0.972775,True,True,True,True,contraction,contraction,False
1732,334,A,0.00284520737139823018543629158872923042148365755461559587741824,0.972775,True,True,True,True,tie,tie,True
1733,334,A,0.00253922844521533930574388535821358948277940983262836357473035,0.972775,True,True,True,True,rebound,rebound,False
1734,333,B,0.00230974425057817114597458068532685877875122404113793934771443,0.972775,True,True,True,True,contraction,contraction,False
1735,334,A,0.00271410477380709690799709127670797258759341103112079853965288,0.972775,True,True,True,True,rebound,rebound,False
1736,333,B,0.00244090149702198934766448512419764610736172494000726557140633,0.972775,True,True,True,True,contraction,contraction,False
1737,334,A,0.00284520737139823018543629158872923042148365755461559587741824,0.972775,True,True,True,True,tie,tie,True
1738,334,A,0.00253922844521533930574388535821358948277940983262836357473035,0.972775,True,True,True,True,rebound,rebound,False
1739,333,B,0.00230974425057817114597458068532685877875122404113793934771443,0.972775,True,True,True,True,contraction,contraction,False
1740,334,A,0.00271410477380709690799709127670797258759341103112079853965288,0.972775,True,True,True,True,rebound,rebound,False
1741,333,B,0.00244090149702198934766448512419764610736172494000726557140633,0.972775,True,True,True,True,contraction,contraction,False
1742,334,A,0.00284520737139823018543629158872923042148365755461559587741824,0.972775,True,True,True,True,tie,tie,True
1743,334,A,0.00253922844521533930574388535821358948277940983262836357473035,0.972775,True,True,True,True,rebound,rebound,False
1744,333,B,0.00230974425057817114597458068532685877875122404113793934771443,0.972775,True,True,True,True,contraction,contraction,False
1745,334,A,0.00271410477380709690799709127670797258759341103112079853965288,0.972775,True,True,True,True,rebound,rebound,False
1746,333,B,0.00244090149702198934766448512419764610736172494000726557140633,0.972775,True,True,True,True,contraction,contraction,False
1747,334,A,0.00284520737139823018543629158872923042148365755461559587741824,0.972775,True,True,True,True,tie,tie,True
1748,334,A,0.00253922844521533930574388535821358948277940983262836357473035,0.972775,True,True,True,True,rebound,rebound,False
1749,333,B,0.00230974425057817114597458068532685877875122404113793934771443,0.972775,True,True,True,True,contraction,contraction,False
1750,334,A,0.00271410477380709690799709127670797258759341103112079853965288,0.972775,True,True,True,True,rebound,rebound,False
1751,333,B,0.00244090149702198934766448512419764610736172494000726557140633,0.972775,True,True,True,True,contraction,contraction,False
1752,334,A,0.00284520737139823018543629158872923042148365755461559587741824,0.972775,True,True,True,True,tie,tie,True
1753,334,A,0.00253922844521533930574388535821358948277940983262836357473035,0.972775,True,True,True,True,rebound,rebound,False
1754,333,B,0.00230974425057817114597458068532685877875122404113793934771443,0.972775,True,True,True,True,contraction,contraction,False
1755,334,A,0.00271410477380709690799709127670797258759341103112079853965288,0.972775,True,True,True,True,rebound,rebound,False
1756,333,B,0.00244090149702198934766448512419764610736172494000726557140633,0.972775,True,True,True,True,contraction,contraction,False
1757,334,A,0.00284520737139823018543629158872923042148365755461559587741824,0.972775,True,True,True,True,tie,tie,True
1758,334,A,0.00253922844521533930574388535821358948277940983262836357473035,0.972775,True,True,True,True,rebound,rebound,False
1759,333,B,0.00230974425057817114597458068532685877875122404113793934771443,0.972775,True,True,True,True,contraction,contraction,False
1760,334,A,0.00271410477380709690799709127670797258759341103112079853965288,0.972775,True,True,True,True,rebound,rebound,False
1761,333,B,0.00244090149702198934766448512419764610736172494000726557140633,0.972775,True,True,True,True,contraction,contraction,False
1762,334,A,0.00284520737139823018543629158872923042148365755461559587741824,0.972775,True,True,True,True,tie,tie,True
1763,334,A,0.00253922844521533930574388535821358948277940983262836357473035,0.972775,True,True,True,True,rebound,rebound,False
1764,333,B,0.00230974425057817114597458068532685877875122404113793934771443,0.972775,True,True,True,True,contraction,contraction,False
1765,334,A,0.00271410477380709690799709127670797258759341103112079853965288,0.972775,True,True,True,True,rebound,rebound,False
1766,333,B,0.00244090149702198934766448512419764610736172494000726557140633,0.972775,True,True,True,True,contraction,contraction,False
1767,334,A,0.00284520737139823018543629158872923042148365755461559587741824,0.972775,True,True,True,True,tie,tie,True
1768,334,A,0.00253922844521533930574388535821358948277940983262836357473035,0.972775,True,True,True,True,rebound,rebound,False
1769,333,B,0.00230974425057817114597458068532685877875122404113793934771443,0.972775,True,True,True,True,contraction,contraction,False
1770,334,A,0.00271410477380709690799709127670797258759341103112079853965288,0.972775,True,True,True,True,rebound,rebound,False
1771,333,B,0.00244090149702198934766448512419764610736172494000726557140633,0.972775,True,True,True,True,contraction,contraction,False
1772,334,A,0.00284520737139823018543629158872923042148365755461559587741824,0.972775,True,True,True,True,tie,tie,True
1773,334,A,0.00253922844521533930574388535821358948277940983262836357473035,0.972775,True,True,True,True,rebound,rebound,False
1774,333,B,0.00230974425057817114597458068532685877875122404113793934771443,0.972775,True,True,True,True,contraction,contraction,False
1775,334,A,0.00271410477380709690799709127670797258759341103112079853965288,0.972775,True,True,True,True,rebound,rebound,False
1776,333,B,0.00244090149702198934766448512419764610736172494000726557140633,0.972775,True,True,True,True,contraction,contraction,False
1777,334,A,0.00284520737139823018543629158872923042148365755461559587741824,0.972775,True,True,True,True,tie,tie,True
1778,334,A,0.00253922844521533930574388535821358948277940983262836357473035,0.972775,True,True,True,True,rebound,rebound,False
1779,333,B,0.00230974425057817114597458068532685877875122404113793934771443,0.972775,True,True,True,True,contraction,contraction,False
1780,334,A,0.00271410477380709690799709127670797258759341103112079853965288,0.972775,True,True,True,True,rebound,rebound,False
1781,333,B,0.00244090149702198934766448512419764610736172494000726557140633,0.972775,True,True,True,True,contraction,contraction,False
1782,334,A,0.00284520737139823018543629158872923042148365755461559587741824,0.972775,True,True,True,True,tie,tie,True
1783,334,A,0.00253922844521533930574388535821358948277940983262836357473035,0.972775,True,True,True,True,rebound,rebound,False
1784,333,B,0.00230974425057817114597458068532685877875122404113793934771443,0.972775,True,True,True,True,contraction,contraction,False
1785,334,A,0.00271410477380709690799709127670797258759341103112079853965288,0.972775,True,True,True,True,rebound,rebound,False
1786,333,B,0.00244090149702198934766448512419764610736172494000726557140633,0.972775,True,True,True,True,contraction,contraction,False
1787,334,A,0.00284520737139823018543629158872923042148365755461559587741824,0.972775,True,True,True,True,tie,tie,True
1788,334,A,0.00253922844521533930574388535821358948277940983262836357473035,0.972775,True,True,True,True,rebound,rebound,False
1789,333,B,0.00230974425057817114597458068532685877875122404113793934771443,0.972775,True,True,True,True,contraction,contraction,False
1790,334,A,0.00271410477380709690799709127670797258759341103112079853965288,0.972775,True,True,True,True,rebound,rebound,False
1791,333,B,0.00244090149702198934766448512419764610736172494000726557140633,0.972775,True,True,True,True,contraction,contraction,False
1792,334,A,0.00284520737139823018543629158872923042148365755461559587741824,0.972775,True,True,True,True,tie,tie,True
1793,334,A,0.00253922844521533930574388535821358948277940983262836357473035,0.972775,True,True,True,True,rebound,rebound,False
1794,333,B,0.00230974425057817114597458068532685877875122404113793934771443,0.972775,True,True,True,True,contraction,contraction,False
1795,334,A,0.00271410477380709690799709127670797258759341103112079853965288,0.972775,True,True,True,True,rebound,rebound,False
1796,333,B,0.00244090149702198934766448512419764610736172494000726557140633,0.972775,True,True,True,True,contraction,contraction,False
1797,334,A,0.00284520737139823018543629158872923042148365755461559587741824,0.972775,True,True,True,True,tie,tie,True
1798,334,A,0.00253922844521533930574388535821358948277940983262836357473035,0.972775,True,True,True,True,rebound,rebound,False
1799,333,B,0.00230974425057817114597458068532685877875122404113793934771443,0.972775,True,True,True,True,contraction,contraction,False
1800,334,A,0.00271410477380709690799709127670797258759341103112079853965288,0.972775,True,True,True,True,rebound,rebound,False
1801,333,B,0.00244090149702198934766448512419764610736172494000726557140633,0.972775,True,True,True,True,contraction,contraction,False
1802,334,A,0.00284520737139823018543629158872923042148365755461559587741824,0.972775,True,True,True,True,tie,tie,True
1803,334,A,0.00253922844521533930574388535821358948277940983262836357473035,0.972775,True,True,True,True,rebound,rebound,False
1804,333,B,0.00230974425057817114597458068532685877875122404113793934771443,0.972775,True,True,True,True,contraction,contraction,False
1805,334,A,0.00271410477380709690799709127670797258759341103112079853965288,0.972775,True,True,True,True,rebound,rebound,False
1806,333,B,0.00244090149702198934766448512419764610736172494000726557140633,0.972775,True,True,True,True,contraction,contraction,False
1807,334,A,0.00284520737139823018543629158872923042148365755461559587741824,0.972775,True,True,True,True,tie,tie,True
1808,334,A,0.00253922844521533930574388535821358948277940983262836357473035,0.972775,True,True,True,True,rebound,rebound,False
1809,333,B,0.00230974425057817114597458068532685877875122404113793934771443,0.972775,True,True,True,True,contraction,contraction,False
1810,334,A,0.00271410477380709690799709127670797258759341103112079853965288,0.972775,True,True,True,True,rebound,rebound,False
1811,333,B,0.00244090149702198934766448512419764610736172494000726557140633,0.972775,True,True,True,True,contraction,contraction,False
1812,334,A,0.00284520737139823018543629158872923042148365755461559587741824,0.972775,True,True,True,True,tie,tie,True
1813,334,A,0.00253922844521533930574388535821358948277940983262836357473035,0.972775,True,True,True,True,rebound,rebound,False
1814,333,B,0.00230974425057817114597458068532685877875122404113793934771443,0.972775,True,True,True,True,contraction,contraction,False
1815,334,A,0.00271410477380709690799709127670797258759341103112079853965288,0.972775,True,True,True,True,rebound,rebound,False
1816,333,B,0.00244090149702198934766448512419764610736172494000726557140633,0.972775,True,True,True,True,contraction,contraction,False
1817,334,A,0.00284520737139823018543629158872923042148365755461559587741824,0.972775,True,True,True,True,tie,tie,True
1818,334,A,0.00253922844521533930574388535821358948277940983262836357473035,0.972775,True,True,True,True,rebound,rebound,False
1819,333,B,0.00230974425057817114597458068532685877875122404113793934771443,0.972775,True,True,True,True,contraction,contraction,False
1820,334,A,0.00271410477380709690799709127670797258759341103112079853965288,0.972775,True,True,True,True,rebound,rebound,False
1821,333,B,0.00244090149702198934766448512419764610736172494000726557140633,0.972775,True,True,True,True,contraction,contraction,False
1822,334,A,0.00284520737139823018543629158872923042148365755461559587741824,0.972775,True,True,True,True,tie,tie,True
1823,334,A,0.00253922844521533930574388535821358948277940983262836357473035,0.972775,True,True,True,True,rebound,rebound,False
1824,333,B,0.00230974425057817114597458068532685877875122404113793934771443,0.972775,True,True,True,True,contraction,contraction,False
1825,334,A,0.00271410477380709690799709127670797258759341103112079853965288,0.972775,True,True,True,True,rebound,rebound,False
1826,333,B,0.00244090149702198934766448512419764610736172494000726557140633,0.972775,True,True,True,True,contraction,contraction,False
1827,334,A,0.00284520737139823018543629158872923042148365755461559587741824,0.972775,True,True,True,True,tie,tie,True
1828,334,A,0.00253922844521533930574388535821358948277940983262836357473035,0.972775,True,True,True,True,rebound,rebound,False
1829,333,B,0.00230974425057817114597458068532685877875122404113793934771443,0.972775,True,True,True,True,contraction,contraction,False
1830,334,A,0.00271410477380709690799709127670797258759341103112079853965288,0.972775,True,True,True,True,rebound,rebound,False
1831,333,B,0.00244090149702198934766448512419764610736172494000726557140633,0.972775,True,True,True,True,contraction,contraction,False
1832,334,A,0.00284520737139823018543629158872923042148365755461559587741824,0.972775,True,True,True,True,tie,tie,True
1833,334,A,0.00253922844521533930574388535821358948277940983262836357473035,0.972775,True,True,True,True,rebound,rebound,False
1834,333,B,0.00230974425057817114597458068532685877875122404113793934771443,0.972775,True,True,True,True,contraction,contraction,False
1835,334,A,0.00271410477380709690799709127670797258759341103112079853965288,0.972775,True,True,True,True,rebound,rebound,False
1836,333,B,0.00244090149702198934766448512419764610736172494000726557140633,0.972775,True,True,True,True,contraction,contraction,False
1837,334,A,0.00284520737139823018543629158872923042148365755461559587741824,0.972775,True,True,True,True,tie,tie,True
1838,334,A,0.00253922844521533930574388535821358948277940983262836357473035,0.972775,True,True,True,True,rebound,rebound,False
1839,333,B,0.00230974425057817114597458068532685877875122404113793934771443,0.972775,True,True,True,True,contraction,contraction,False
1840,334,A,0.00271410477380709690799709127670797258759341103112079853965288,0.972775,True,True,True,True,rebound,rebound,False
1841,333,B,0.00244090149702198934766448512419764610736172494000726557140633,0.972775,True,True,True,True,contraction,contraction,False
1842,334,A,0.00284520737139823018543629158872923042148365755461559587741824,0.972775,True,True,True,True,tie,tie,True
1843,334,A,0.00253922844521533930574388535821358948277940983262836357473035,0.972775,True,True,True,True,rebound,rebound,False
1844,333,B,0.00230974425057817114597458068532685877875122404113793934771443,0.972775,True,True,True,True,contraction,contraction,False
1845,334,A,0.00271410477380709690799709127670797258759341103112079853965288,0.972775,True,True,True,True,rebound,rebound,False
1846,333,B,0.00244090149702198934766448512419764610736172494000726557140633,0.972775,True,True,True,True,contraction,contraction,False
1847,334,A,0.00284520737139823018543629158872923042148365755461559587741824,0.972775,True,True,True,True,tie,tie,True
1848,334,A,0.00253922844521533930574388535821358948277940983262836357473035,0.972775,True,True,True,True,rebound,rebound,False
1849,333,B,0.00230974425057817114597458068532685877875122404113793934771443,0.972775,True,True,True,True,contraction,contraction,False
1850,334,A,0.00271410477380709690799709127670797258759341103112079853965288,0.972775,True,True,True,True,rebound,rebound,False
1851,333,B,0.00244090149702198934766448512419764610736172494000726557140633,0.972775,True,True,True,True,contraction,contraction,False
1852,334,A,0.00284520737139823018543629158872923042148365755461559587741824,0.972775,True,True,True,True,tie,tie,True
1853,334,A,0.00253922844521533930574388535821358948277940983262836357473035,0.972775,True,True,True,True,rebound,rebound,False
1854,333,B,0.00230974425057817114597458068532685877875122404113793934771443,0.972775,True,True,True,True,contraction,contraction,False
1855,334,A,0.00271410477380709690799709127670797258759341103112079853965288,0.972775,True,True,True,True,rebound,rebound,False
1856,333,B,0.00244090149702198934766448512419764610736172494000726557140633,0.972775,True,True,True,True,contraction,contraction,False
1857,334,A,0.00284520737139823018543629158872923042148365755461559587741824,0.972775,True,True,True,True,tie,tie,True
1858,334,A,0.00253922844521533930574388535821358948277940983262836357473035,0.972775,True,True,True,True,rebound,rebound,False
1859,333,B,0.00230974425057817114597458068532685877875122404113793934771443,0.972775,True,True,True,True,contraction,contraction,False
1860,334,A,0.00271410477380709690799709127670797258759341103112079853965288,0.972775,True,True,True,True,rebound,rebound,False
1861,333,B,0.00244090149702198934766448512419764610736172494000726557140633,0.972775,True,True,True,True,contraction,contraction,False
1862,334,A,0.00284520737139823018543629158872923042148365755461559587741824,0.972775,True,True,True,True,tie,tie,True
1863,334,A,0.00253922844521533930574388535821358948277940983262836357473035,0.972775,True,True,True,True,rebound,rebound,False
1864,333,B,0.00230974425057817114597458068532685877875122404113793934771443,0.972775,True,True,True,True,contraction,contraction,False
1865,334,A,0.00271410477380709690799709127670797258759341103112079853965288,0.972775,True,True,True,True,rebound,rebound,False
1866,333,B,0.00244090149702198934766448512419764610736172494000726557140633,0.972775,True,True,True,True,contraction,contraction,False
1867,334,A,0.00284520737139823018543629158872923042148365755461559587741824,0.972775,True,True,True,True,tie,tie,True
1868,334,A,0.00253922844521533930574388535821358948277940983262836357473035,0.972775,True,True,True,True,rebound,rebound,False
1869,333,B,0.00230974425057817114597458068532685877875122404113793934771443,0.972775,True,True,True,True,contraction,contraction,False
1870,334,A,0.00271410477380709690799709127670797258759341103112079853965288,0.972775,True,True,True,True,rebound,rebound,False
1871,333,B,0.00244090149702198934766448512419764610736172494000726557140633,0.972775,True,True,True,True,contraction,contraction,False
1872,334,A,0.00284520737139823018543629158872923042148365755461559587741824,0.972775,True,True,True,True,tie,tie,True
1873,334,A,0.00253922844521533930574388535821358948277940983262836357473035,0.972775,True,True,True,True,rebound,rebound,False
1874,333,B,0.00230974425057817114597458068532685877875122404113793934771443,0.972775,True,True,True,True,contraction,contraction,False
1875,334,A,0.00271410477380709690799709127670797258759341103112079853965288,0.972775,True,True,True,True,rebound,rebound,False
1876,333,B,0.00244090149702198934766448512419764610736172494000726557140633,0.972775,True,True,True,True,contraction,contraction,False
1877,334,A,0.00284520737139823018543629158872923042148365755461559587741824,0.972775,True,True,True,True,tie,tie,True
1878,334,A,0.00253922844521533930574388535821358948277940983262836357473035,0.972775,True,True,True,True,rebound,rebound,False
1879,333,B,0.00230974425057817114597458068532685877875122404113793934771443,0.972775,True,True,True,True,contraction,contraction,False
1880,334,A,0.00271410477380709690799709127670797258759341103112079853965288,0.972775,True,True,True,True,rebound,rebound,False
1881,333,B,0.00244090149702198934766448512419764610736172494000726557140633,0.972775,True,True,True,True,contraction,contraction,False
1882,334,A,0.00284520737139823018543629158872923042148365755461559587741824,0.972775,True,True,True,True,tie,tie,True
1883,334,A,0.00253922844521533930574388535821358948277940983262836357473035,0.972775,True,True,True,True,rebound,rebound,False
1884,333,B,0.00230974425057817114597458068532685877875122404113793934771443,0.972775,True,True,True,True,contraction,contraction,False
1885,334,A,0.00271410477380709690799709127670797258759341103112079853965288,0.972775,True,True,True,True,rebound,rebound,False
1886,333,B,0.00244090149702198934766448512419764610736172494000726557140633,0.972775,True,True,True,True,contraction,contraction,False
1887,334,A,0.00284520737139823018543629158872923042148365755461559587741824,0.972775,True,True,True,True,tie,tie,True
1888,334,A,0.00253922844521533930574388535821358948277940983262836357473035,0.972775,True,True,True,True,rebound,rebound,False
1889,333,B,0.00230974425057817114597458068532685877875122404113793934771443,0.972775,True,True,True,True,contraction,contraction,False
1890,334,A,0.00271410477380709690799709127670797258759341103112079853965288,0.972775,True,True,True,True,rebound,rebound,False
1891,333,B,0.00244090149702198934766448512419764610736172494000726557140633,0.972775,True,True,True,True,contraction,contraction,False
1892,334,A,0.00284520737139823018543629158872923042148365755461559587741824,0.972775,True,True,True,True,tie,tie,True
1893,334,A,0.00253922844521533930574388535821358948277940983262836357473035,0.972775,True,True,True,True,rebound,rebound,False
1894,333,B,0.00230974425057817114597458068532685877875122404113793934771443,0.972775,True,True,True,True,contraction,contraction,False
1895,334,A,0.00271410477380709690799709127670797258759341103112079853965288,0.972775,True,True,True,True,rebound,rebound,False
1896,333,B,0.00244090149702198934766448512419764610736172494000726557140633,0.972775,True,True,True,True,contraction,contraction,False
1897,334,A,0.00284520737139823018543629158872923042148365755461559587741824,0.972775,True,True,True,True,tie,tie,True
1898,334,A,0.00253922844521533930574388535821358948277940983262836357473035,0.972775,True,True,True,True,rebound,rebound,False
1899,333,B,0.00230974425057817114597458068532685877875122404113793934771443,0.972775,True,True,True,True,contraction,contraction,False
1900,334,A,0.00271410477380709690799709127670797258759341103112079853965288,0.972775,True,True,True,True,rebound,rebound,False
1901,333,B,0.00244090149702198934766448512419764610736172494000726557140633,0.972775,True,True,True,True,contraction,contraction,False
1902,334,A,0.00284520737139823018543629158872923042148365755461559587741824,0.972775,True,True,True,True,tie,tie,True
1903,334,A,0.00253922844521533930574388535821358948277940983262836357473035,0.972775,True,True,True,True,rebound,rebound,False
1904,333,B,0.00230974425057817114597458068532685877875122404113793934771443,0.972775,True,True,True,True,contraction,contraction,False
1905,334,A,0.00271410477380709690799709127670797258759341103112079853965288,0.972775,True,True,True,True,rebound,rebound,False
1906,333,B,0.00244090149702198934766448512419764610736172494000726557140633,0.972775,True,True,True,True,contraction,contraction,False
1907,334,A,0.00284520737139823018543629158872923042148365755461559587741824,0.972775,True,True,True,True,tie,tie,True
1908,334,A,0.00253922844521533930574388535821358948277940983262836357473035,0.972775,True,True,True,True,rebound,rebound,False
1909,333,B,0.00230974425057817114597458068532685877875122404113793934771443,0.972775,True,True,True,True,contraction,contraction,False
1910,334,A,0.00271410477380709690799709127670797258759341103112079853965288,0.972775,True,True,True,True,rebound,rebound,False
1911,333,B,0.00244090149702198934766448512419764610736172494000726557140633,0.972775,True,True,True,True,contraction,contraction,False
1912,334,A,0.00284520737139823018543629158872923042148365755461559587741824,0.972775,True,True,True,True,tie,tie,True
1913,334,A,0.00253922844521533930574388535821358948277940983262836357473035,0.972775,True,True,True,True,rebound,rebound,False
1914,333,B,0.00230974425057817114597458068532685877875122404113793934771443,0.972775,True,True,True,True,contraction,contraction,False
1915,334,A,0.00271410477380709690799709127670797258759341103112079853965288,0.972775,True,True,True,True,rebound,rebound,False
1916,333,B,0.00244090149702198934766448512419764610736172494000726557140633,0.972775,True,True,True,True,contraction,contraction,False
1917,334,A,0.00284520737139823018543629158872923042148365755461559587741824,0.972775,True,True,True,True,tie,tie,True
1918,334,A,0.00253922844521533930574388535821358948277940983262836357473035,0.972775,True,True,True,True,rebound,rebound,False
1919,333,B,0.00230974425057817114597458068532685877875122404113793934771443,0.972775,True,True,True,True,contraction,contraction,False
1920,334,A,0.00271410477380709690799709127670797258759341103112079853965288,0.972775,True,True,True,True,rebound,rebound,False
1921,333,B,0.00244090149702198934766448512419764610736172494000726557140633,0.972775,True,True,True,True,contraction,contraction,False
1922,334,A,0.00284520737139823018543629158872923042148365755461559587741824,0.972775,True,True,True,True,tie,tie,True
1923,334,A,0.00253922844521533930574388535821358948277940983262836357473035,0.972775,True,True,True,True,rebound,rebound,False
1924,333,B,0.00230974425057817114597458068532685877875122404113793934771443,0.972775,True,True,True,True,contraction,contraction,False
1925,334,A,0.00271410477380709690799709127670797258759341103112079853965288,0.972775,True,True,True,True,rebound,rebound,False
1926,333,B,0.00244090149702198934766448512419764610736172494000726557140633,0.972775,True,True,True,True,contraction,contraction,False
1927,334,A,0.00284520737139823018543629158872923042148365755461559587741824,0.972775,True,True,True,True,tie,tie,True
1928,334,A,0.00253922844521533930574388535821358948277940983262836357473035,0.972775,True,True,True,True,rebound,rebound,False
1929,333,B,0.00230974425057817114597458068532685877875122404113793934771443,0.972775,True,True,True,True,contraction,contraction,False
1930,334,A,0.00271410477380709690799709127670797258759341103112079853965288,0.972775,True,True,True,True,rebound,rebound,False
1931,333,B,0.00244090149702198934766448512419764610736172494000726557140633,0.972775,True,True,True,True,contraction,contraction,False
1932,334,A,0.00284520737139823018543629158872923042148365755461559587741824,0.972775,True,True,True,True,tie,tie,True
1933,334,A,0.00253922844521533930574388535821358948277940983262836357473035,0.972775,True,True,True,True,rebound,rebound,False
1934,333,B,0.00230974425057817114597458068532685877875122404113793934771443,0.972775,True,True,True,True,contraction,contraction,False
1935,334,A,0.00271410477380709690799709127670797258759341103112079853965288,0.972775,True,True,True,True,rebound,rebound,False
1936,333,B,0.00244090149702198934766448512419764610736172494000726557140633,0.972775,True,True,True,True,contraction,contraction,False
1937,334,A,0.00284520737139823018543629158872923042148365755461559587741824,0.972775,True,True,True,True,tie,tie,True
1938,334,A,0.00253922844521533930574388535821358948277940983262836357473035,0.972775,True,True,True,True,rebound,rebound,False
1939,333,B,0.00230974425057817114597458068532685877875122404113793934771443,0.972775,True,True,True,True,contraction,contraction,False
1940,334,A,0.00271410477380709690799709127670797258759341103112079853965288,0.972775,True,True,True,True,rebound,rebound,False
1941,333,B,0.00244090149702198934766448512419764610736172494000726557140633,0.972775,True,True,True,True,contraction,contraction,False
1942,334,A,0.00284520737139823018543629158872923042148365755461559587741824,0.972775,True,True,True,True,tie,tie,True
1943,334,A,0.00253922844521533930574388535821358948277940983262836357473035,0.972775,True,True,True,True,rebound,rebound,False
1944,333,B,0.00230974425057817114597458068532685877875122404113793934771443,0.972775,True,True,True,True,contraction,contraction,False
1945,334,A,0.00271410477380709690799709127670797258759341103112079853965288,0.972775,True,True,True,True,rebound,rebound,False
1946,333,B,0.00244090149702198934766448512419764610736172494000726557140633,0.972775,True,True,True,True,contraction,contraction,False
1947,334,A,0.00284520737139823018543629158872923042148365755461559587741824,0.972775,True,True,True,True,tie,tie,True
1948,334,A,0.00253922844521533930574388535821358948277940983262836357473035,0.972775,True,True,True,True,rebound,rebound,False
1949,333,B,0.00230974425057817114597458068532685877875122404113793934771443,0.972775,True,True,True,True,contraction,contraction,False
1950,334,A,0.00271410477380709690799709127670797258759341103112079853965288,0.972775,True,True,True,True,rebound,rebound,False
1951,333,B,0.00244090149702198934766448512419764610736172494000726557140633,0.972775,True,True,True,True,contraction,contraction,False
1952,334,A,0.00284520737139823018543629158872923042148365755461559587741824,0.972775,True,True,True,True,tie,tie,True
1953,334,A,0.00253922844521533930574388535821358948277940983262836357473035,0.972775,True,True,True,True,rebound,rebound,False
1954,333,B,0.00230974425057817114597458068532685877875122404113793934771443,0.972775,True,True,True,True,contraction,contraction,False
1955,334,A,0.00271410477380709690799709127670797258759341103112079853965288,0.972775,True,True,True,True,rebound,rebound,False
1956,333,B,0.00244090149702198934766448512419764610736172494000726557140633,0.972775,True,True,True,True,contraction,contraction,False
1957,334,A,0.00284520737139823018543629158872923042148365755461559587741824,0.972775,True,True,True,True,tie,tie,True
1958,334,A,0.00253922844521533930574388535821358948277940983262836357473035,0.972775,True,True,True,True,rebound,rebound,False
1959,333,B,0.00230974425057817114597458068532685877875122404113793934771443,0.972775,True,True,True,True,contraction,contraction,False
1960,334,A,0.00271410477380709690799709127670797258759341103112079853965288,0.972775,True,True,True,True,rebound,rebound,False
1961,333,B,0.00244090149702198934766448512419764610736172494000726557140633,0.972775,True,True,True,True,contraction,contraction,False
1962,334,A,0.00284520737139823018543629158872923042148365755461559587741824,0.972775,True,True,True,True,tie,tie,True
1963,334,A,0.00253922844521533930574388535821358948277940983262836357473035,0.972775,True,True,True,True,rebound,rebound,False
1964,333,B,0.00230974425057817114597458068532685877875122404113793934771443,0.972775,True,True,True,True,contraction,contraction,False
1965,334,A,0.00271410477380709690799709127670797258759341103112079853965288,0.972775,True,True,True,True,rebound,rebound,False
1966,333,B,0.00244090149702198934766448512419764610736172494000726557140633,0.972775,True,True,True,True,contraction,contraction,False
1967,334,A,0.00284520737139823018543629158872923042148365755461559587741824,0.972775,True,True,True,True,tie,tie,True
1968,334,A,0.00253922844521533930574388535821358948277940983262836357473035,0.972775,True,True,True,True,rebound,rebound,False
1969,333,B,0.00230974425057817114597458068532685877875122404113793934771443,0.972775,True,True,True,True,contraction,contraction,False
1970,334,A,0.00271410477380709690799709127670797258759341103112079853965288,0.972775,True,True,True,True,rebound,rebound,False
1971,333,B,0.00244090149702198934766448512419764610736172494000726557140633,0.972775,True,True,True,True,contraction,contraction,False
1972,334,A,0.00284520737139823018543629158872923042148365755461559587741824,0.972775,True,True,True,True,tie,tie,True
1973,334,A,0.00253922844521533930574388535821358948277940983262836357473035,0.972775,True,True,True,True,rebound,rebound,False
1974,333,B,0.00230974425057817114597458068532685877875122404113793934771443,0.972775,True,True,True,True,contraction,contraction,False
1975,334,A,0.00271410477380709690799709127670797258759341103112079853965288,0.972775,True,True,True,True,rebound,rebound,False
1976,333,B,0.00244090149702198934766448512419764610736172494000726557140633,0.972775,True,True,True,True,contraction,contraction,False
1977,334,A,0.00284520737139823018543629158872923042148365755461559587741824,0.972775,True,True,True,True,tie,tie,True
1978,334,A,0.00253922844521533930574388535821358948277940983262836357473035,0.972775,True,True,True,True,rebound,rebound,False
1979,333,B,0.00230974425057817114597458068532685877875122404113793934771443,0.972775,True,True,True,True,contraction,contraction,False
1980,334,A,0.00271410477380709690799709127670797258759341103112079853965288,0.972775,True,True,True,True,rebound,rebound,False
1981,333,B,0.00244090149702198934766448512419764610736172494000726557140633,0.972775,True,True,True,True,contraction,contraction,False
1982,334,A,0.00284520737139823018543629158872923042148365755461559587741824,0.972775,True,True,True,True,tie,tie,True
1983,334,A,0.00253922844521533930574388535821358948277940983262836357473035,0.972775,True,True,True,True,rebound,rebound,False
1984,333,B,0.00230974425057817114597458068532685877875122404113793934771443,0.972775,True,True,True,True,contraction,contraction,False
1985,334,A,0.00271410477380709690799709127670797258759341103112079853965288,0.972775,True,True,True,True,rebound,rebound,False
1986,333,B,0.00244090149702198934766448512419764610736172494000726557140633,0.972775,True,True,True,True,contraction,contraction,False
1987,334,A,0.00284520737139823018543629158872923042148365755461559587741824,0.972775,True,True,True,True,tie,tie,True
1988,334,A,0.00253922844521533930574388535821358948277940983262836357473035,0.972775,True,True,True,True,rebound,rebound,False
1989,333,B,0.00230974425057817114597458068532685877875122404113793934771443,0.972775,True,True,True,True,contraction,contraction,False
1990,334,A,0.00271410477380709690799709127670797258759341103112079853965288,0.972775,True,True,True,True,rebound,rebound,False
1991,333,B,0.00244090149702198934766448512419764610736172494000726557140633,0.972775,True,True,True,True,contraction,contraction,False
1992,334,A,0.00284520737139823018543629158872923042148365755461559587741824,0.972775,True,True,True,True,tie,tie,True
1993,334,A,0.00253922844521533930574388535821358948277940983262836357473035,0.972775,True,True,True,True,rebound,rebound,False
1994,333,B,0.00230974425057817114597458068532685877875122404113793934771443,0.972775,True,True,True,True,contraction,contraction,False
1995,334,A,0.00271410477380709690799709127670797258759341103112079853965288,0.972775,True,True,True,True,rebound,rebound,False
1996,333,B,0.00244090149702198934766448512419764610736172494000726557140633,0.972775,True,True,True,True,contraction,contraction,False
1997,334,A,0.00284520737139823018543629158872923042148365755461559587741824,0.972775,True,True,True,True,tie,tie,True
1998,334,A,0.00253922844521533930574388535821358948277940983262836357473035,0.972775,True,True,True,True,rebound,rebound,False
1999,333,B,0.00230974425057817114597458068532685877875122404113793934771443,0.972775,True,True,True,True,contraction,contraction,False
2000,334,A,0.00271410477380709690799709127670797258759341103112079853965288,0.972775,True,True,True,True,rebound,rebound,False
2001,333,B,0.00244090149702198934766448512419764610736172494000726557140633,0.972775,True,True,True,True,contraction,contraction,False
2002,334,A,0.00284520737139823018543629158872923042148365755461559587741824,0.972775,True,True,True,True,tie,tie,True
2003,334,A,0.00253922844521533930574388535821358948277940983262836357473035,0.972775,True,True,True,True,rebound,rebound,False
2004,333,B,0.00230974425057817114597458068532685877875122404113793934771443,0.972775,True,True,True,True,contraction,contraction,False
2005,334,A,0.00271410477380709690799709127670797258759341103112079853965288,0.972775,True,True,True,True,rebound,rebound,False
2006,333,B,0.00244090149702198934766448512419764610736172494000726557140633,0.972775,True,True,True,True,contraction,contraction,False
2007,334,A,0.00284520737139823018543629158872923042148365755461559587741824,0.972775,True,True,True,True,tie,tie,True
2008,334,A,0.00253922844521533930574388535821358948277940983262836357473035,0.972775,True,True,True,True,rebound,rebound,False
2009,333,B,0.00230974425057817114597458068532685877875122404113793934771443,0.972775,True,True,True,True,contraction,contraction,False
2010,334,A,0.00271410477380709690799709127670797258759341103112079853965288,0.972775,True,True,True,True,rebound,rebound,False
2011,333,B,0.00244090149702198934766448512419764610736172494000726557140633,0.972775,True,True,True,True,contraction,contraction,False
2012,334,A,0.00284520737139823018543629158872923042148365755461559587741824,0.972775,True,True,True,True,tie,tie,True
2013,334,A,0.00253922844521533930574388535821358948277940983262836357473035,0.972775,True,True,True,True,rebound,rebound,False
2014,333,B,0.00230974425057817114597458068532685877875122404113793934771443,0.972775,True,True,True,True,contraction,contraction,False
2015,334,A,0.00271410477380709690799709127670797258759341103112079853965288,0.972775,True,True,True,True,rebound,rebound,False
2016,333,B,0.00244090149702198934766448512419764610736172494000726557140633,0.972775,True,True,True,True,contraction,contraction,False
2017,334,A,0.00284520737139823018543629158872923042148365755461559587741824,0.972775,True,True,True,True,tie,tie,True
2018,334,A,0.00253922844521533930574388535821358948277940983262836357473035,0.972775,True,True,True,True,rebound,rebound,False
2019,333,B,0.00230974425057817114597458068532685877875122404113793934771443,0.972775,True,True,True,True,contraction,contraction,False
2020,334,A,0.00271410477380709690799709127670797258759341103112079853965288,0.972775,True,True,True,True,rebound,rebound,False
2021,333,B,0.00244090149702198934766448512419764610736172494000726557140633,0.972775,True,True,True,True,contraction,contraction,False
2022,334,A,0.00284520737139823018543629158872923042148365755461559587741824,0.972775,True,True,True,True,tie,tie,True
2023,334,A,0.00253922844521533930574388535821358948277940983262836357473035,0.972775,True,True,True,True,rebound,rebound,False
2024,333,B,0.00230974425057817114597458068532685877875122404113793934771443,0.972775,True,True,True,True,contraction,contraction,False
2025,334,A,0.00271410477380709690799709127670797258759341103112079853965288,0.972775,True,True,True,True,rebound,rebound,False
2026,333,B,0.00244090149702198934766448512419764610736172494000726557140633,0.972775,True,True,True,True,contraction,contraction,False
2027,334,A,0.00284520737139823018543629158872923042148365755461559587741824,0.972775,True,True,True,True,tie,tie,True
2028,334,A,0.00253922844521533930574388535821358948277940983262836357473035,0.972775,True,True,True,True,rebound,rebound,False
2029,333,B,0.00230974425057817114597458068532685877875122404113793934771443,0.972775,True,True,True,True,contraction,contraction,False
2030,334,A,0.00271410477380709690799709127670797258759341103112079853965288,0.972775,True,True,True,True,rebound,rebound,False
2031,333,B,0.00244090149702198934766448512419764610736172494000726557140633,0.972775,True,True,True,True,contraction,contraction,False
2032,334,A,0.00284520737139823018543629158872923042148365755461559587741824,0.972775,True,True,True,True,tie,tie,True
2033,334,A,0.00253922844521533930574388535821358948277940983262836357473035,0.972775,True,True,True,True,rebound,rebound,False
2034,333,B,0.00230974425057817114597458068532685877875122404113793934771443,0.972775,True,True,True,True,contraction,contraction,False
2035,334,A,0.00271410477380709690799709127670797258759341103112079853965288,0.972775,True,True,True,True,rebound,rebound,False
2036,333,B,0.00244090149702198934766448512419764610736172494000726557140633,0.972775,True,True,True,True,contraction,contraction,False
2037,334,A,0.00284520737139823018543629158872923042148365755461559587741824,0.972775,True,True,True,True,tie,tie,True
2038,334,A,0.00253922844521533930574388535821358948277940983262836357473035,0.972775,True,True,True,True,rebound,rebound,False
2039,333,B,0.00230974425057817114597458068532685877875122404113793934771443,0.972775,True,True,True,True,contraction,contraction,False
2040,334,A,0.00271410477380709690799709127670797258759341103112079853965288,0.972775,True,True,True,True,rebound,rebound,False
2041,333,B,0.00244090149702198934766448512419764610736172494000726557140633,0.972775,True,True,True,True,contraction,contraction,False
2042,334,A,0.00284520737139823018543629158872923042148365755461559587741824,0.972775,True,True,True,True,tie,tie,True
2043,334,A,0.00253922844521533930574388535821358948277940983262836357473035,0.972775,True,True,True,True,rebound,rebound,False
2044,333,B,0.00230974425057817114597458068532685877875122404113793934771443,0.972775,True,True,True,True,contraction,contraction,False
2045,334,A,0.00271410477380709690799709127670797258759341103112079853965288,0.972775,True,True,True,True,rebound,rebound,False
2046,333,B,0.00244090149702198934766448512419764610736172494000726557140633,0.972775,True,True,True,True,contraction,contraction,False
2047,334,A,0.00284520737139823018543629158872923042148365755461559587741824,0.972775,True,True,True,True,tie,tie,True
2048,334,A,0.00253922844521533930574388535821358948277940983262836357473035,0.972775,True,True,True,True,rebound,rebound,False
2049,333,B,0.00230974425057817114597458068532685877875122404113793934771443,0.972775,True,True,True,True,contraction,contraction,False
2050,334,A,0.00271410477380709690799709127670797258759341103112079853965288,0.972775,True,True,True,True,rebound,rebound,False
2051,333,B,0.00244090149702198934766448512419764610736172494000726557140633,0.972775,True,True,True,True,contraction,contraction,False
2052,334,A,0.00284520737139823018543629158872923042148365755461559587741824,0.972775,True,True,True,True,tie,tie,True
2053,334,A,0.00253922844521533930574388535821358948277940983262836357473035,0.972775,True,True,True,True,rebound,rebound,False
2054,333,B,0.00230974425057817114597458068532685877875122404113793934771443,0.972775,True,True,True,True,contraction,contraction,False
2055,334,A,0.00271410477380709690799709127670797258759341103112079853965288,0.972775,True,True,True,True,rebound,rebound,False
2056,333,B,0.00244090149702198934766448512419764610736172494000726557140633,0.972775,True,True,True,True,contraction,contraction,False
2057,334,A,0.00284520737139823018543629158872923042148365755461559587741824,0.972775,True,True,True,True,tie,tie,True
2058,334,A,0.00253922844521533930574388535821358948277940983262836357473035,0.972775,True,True,True,True,rebound,rebound,False
2059,333,B,0.00230974425057817114597458068532685877875122404113793934771443,0.972775,True,True,True,True,contraction,contraction,False
2060,334,A,0.00271410477380709690799709127670797258759341103112079853965288,0.972775,True,True,True,True,rebound,rebound,False
2061,333,B,0.00244090149702198934766448512419764610736172494000726557140633,0.972775,True,True,True,True,contraction,contraction,False
2062,334,A,0.00284520737139823018543629158872923042148365755461559587741824,0.972775,True,True,True,True,tie,tie,True
2063,334,A,0.00253922844521533930574388535821358948277940983262836357473035,0.972775,True,True,True,True,rebound,rebound,False
2064,333,B,0.00230974425057817114597458068532685877875122404113793934771443,0.972775,True,True,True,True,contraction,contraction,False
2065,334,A,0.00271410477380709690799709127670797258759341103112079853965288,0.972775,True,True,True,True,rebound,rebound,False
2066,333,B,0.00244090149702198934766448512419764610736172494000726557140633,0.972775,True,True,True,True,contraction,contraction,False
2067,334,A,0.00284520737139823018543629158872923042148365755461559587741824,0.972775,True,True,True,True,tie,tie,True
2068,334,A,0.00253922844521533930574388535821358948277940983262836357473035,0.972775,True,True,True,True,rebound,rebound,False
2069,333,B,0.00230974425057817114597458068532685877875122404113793934771443,0.972775,True,True,True,True,contraction,contraction,False
2070,334,A,0.00271410477380709690799709127670797258759341103112079853965288,0.972775,True,True,True,True,rebound,rebound,False
2071,333,B,0.00244090149702198934766448512419764610736172494000726557140633,0.972775,True,True,True,True,contraction,contraction,False
2072,334,A,0.00284520737139823018543629158872923042148365755461559587741824,0.972775,True,True,True,True,tie,tie,True
2073,334,A,0.00253922844521533930574388535821358948277940983262836357473035,0.972775,True,True,True,True,rebound,rebound,False
2074,333,B,0.00230974425057817114597458068532685877875122404113793934771443,0.972775,True,True,True,True,contraction,contraction,False
2075,334,A,0.00271410477380709690799709127670797258759341103112079853965288,0.972775,True,True,True,True,rebound,rebound,False
2076,333,B,0.00244090149702198934766448512419764610736172494000726557140633,0.972775,True,True,True,True,contraction,contraction,False
2077,334,A,0.00284520737139823018543629158872923042148365755461559587741824,0.972775,True,True,True,True,tie,tie,True
2078,334,A,0.00253922844521533930574388535821358948277940983262836357473035,0.972775,True,True,True,True,rebound,rebound,False
2079,333,B,0.00230974425057817114597458068532685877875122404113793934771443,0.972775,True,True,True,True,contraction,contraction,False
2080,334,A,0.00271410477380709690799709127670797258759341103112079853965288,0.972775,True,True,True,True,rebound,rebound,False
2081,333,B,0.00244090149702198934766448512419764610736172494000726557140633,0.972775,True,True,True,True,contraction,contraction,False
2082,334,A,0.00284520737139823018543629158872923042148365755461559587741824,0.972775,True,True,True,True,tie,tie,True
2083,334,A,0.00253922844521533930574388535821358948277940983262836357473035,0.972775,True,True,True,True,rebound,rebound,False
2084,333,B,0.00230974425057817114597458068532685877875122404113793934771443,0.972775,True,True,True,True,contraction,contraction,False
2085,334,A,0.00271410477380709690799709127670797258759341103112079853965288,0.972775,True,True,True,True,rebound,rebound,False
2086,333,B,0.00244090149702198934766448512419764610736172494000726557140633,0.972775,True,True,True,True,contraction,contraction,False
2087,334,A,0.00284520737139823018543629158872923042148365755461559587741824,0.972775,True,True,True,True,tie,tie,True
2088,334,A,0.00253922844521533930574388535821358948277940983262836357473035,0.972775,True,True,True,True,rebound,rebound,False
2089,333,B,0.00230974425057817114597458068532685877875122404113793934771443,0.972775,True,True,True,True,contraction,contraction,False
2090,334,A,0.00271410477380709690799709127670797258759341103112079853965288,0.972775,True,True,True,True,rebound,rebound,False
2091,333,B,0.00244090149702198934766448512419764610736172494000726557140633,0.972775,True,True,True,True,contraction,contraction,False
2092,334,A,0.00284520737139823018543629158872923042148365755461559587741824,0.972775,True,True,True,True,tie,tie,True
2093,334,A,0.00253922844521533930574388535821358948277940983262836357473035,0.972775,True,True,True,True,rebound,rebound,False
2094,333,B,0.00230974425057817114597458068532685877875122404113793934771443,0.972775,True,True,True,True,contraction,contraction,False
2095,334,A,0.00271410477380709690799709127670797258759341103112079853965288,0.972775,True,True,True,True,rebound,rebound,False
2096,333,B,0.00244090149702198934766448512419764610736172494000726557140633,0.972775,True,True,True,True,contraction,contraction,False
2097,334,A,0.00284520737139823018543629158872923042148365755461559587741824,0.972775,True,True,True,True,tie,tie,True
2098,334,A,0.00253922844521533930574388535821358948277940983262836357473035,0.972775,True,True,True,True,rebound,rebound,False
2099,333,B,0.00230974425057817114597458068532685877875122404113793934771443,0.972775,True,True,True,True,contraction,contraction,False
2100,334,A,0.00271410477380709690799709127670797258759341103112079853965288,0.972775,True,True,True,True,rebound,rebound,False
2101,333,B,0.00244090149702198934766448512419764610736172494000726557140633,0.972775,True,True,True,True,contraction,contraction,False
2102,334,A,0.00284520737139823018543629158872923042148365755461559587741824,0.972775,True,True,True,True,tie,tie,True
2103,334,A,0.00253922844521533930574388535821358948277940983262836357473035,0.972775,True,True,True,True,rebound,rebound,False
2104,333,B,0.00230974425057817114597458068532685877875122404113793934771443,0.972775,True,True,True,True,contraction,contraction,False
2105,334,A,0.00271410477380709690799709127670797258759341103112079853965288,0.972775,True,True,True,True,rebound,rebound,False
2106,333,B,0.00244090149702198934766448512419764610736172494000726557140633,0.972775,True,True,True,True,contraction,contraction,False
2107,334,A,0.00284520737139823018543629158872923042148365755461559587741824,0.972775,True,True,True,True,tie,tie,True
2108,334,A,0.00253922844521533930574388535821358948277940983262836357473035,0.972775,True,True,True,True,rebound,rebound,False
2109,333,B,0.00230974425057817114597458068532685877875122404113793934771443,0.972775,True,True,True,True,contraction,contraction,False
2110,334,A,0.00271410477380709690799709127670797258759341103112079853965288,0.972775,True,True,True,True,rebound,rebound,False
2111,333,B,0.00244090149702198934766448512419764610736172494000726557140633,0.972775,True,True,True,True,contraction,contraction,False
2112,334,A,0.00284520737139823018543629158872923042148365755461559587741824,0.972775,True,True,True,True,tie,tie,True
2113,334,A,0.00253922844521533930574388535821358948277940983262836357473035,0.972775,True,True,True,True,rebound,rebound,False
2114,333,B,0.00230974425057817114597458068532685877875122404113793934771443,0.972775,True,True,True,True,contraction,contraction,False
2115,334,A,0.00271410477380709690799709127670797258759341103112079853965288,0.972775,True,True,True,True,rebound,rebound,False
2116,333,B,0.00244090149702198934766448512419764610736172494000726557140633,0.972775,True,True,True,True,contraction,contraction,False
2117,334,A,0.00284520737139823018543629158872923042148365755461559587741824,0.972775,True,True,True,True,tie,tie,True
2118,334,A,0.00253922844521533930574388535821358948277940983262836357473035,0.972775,True,True,True,True,rebound,rebound,False
2119,333,B,0.00230974425057817114597458068532685877875122404113793934771443,0.972775,True,True,True,True,contraction,contraction,False
2120,334,A,0.00271410477380709690799709127670797258759341103112079853965288,0.972775,True,True,True,True,rebound,rebound,False
2121,333,B,0.00244090149702198934766448512419764610736172494000726557140633,0.972775,True,True,True,True,contraction,contraction,False
2122,334,A,0.00284520737139823018543629158872923042148365755461559587741824,0.972775,True,True,True,True,tie,tie,True
2123,334,A,0.00253922844521533930574388535821358948277940983262836357473035,0.972775,True,True,True,True,rebound,rebound,False
2124,333,B,0.00230974425057817114597458068532685877875122404113793934771443,0.972775,True,True,True,True,contraction,contraction,False
2125,334,A,0.00271410477380709690799709127670797258759341103112079853965288,0.972775,True,True,True,True,rebound,rebound,False
2126,333,B,0.00244090149702198934766448512419764610736172494000726557140633,0.972775,True,True,True,True,contraction,contraction,False
2127,334,A,0.00284520737139823018543629158872923042148365755461559587741824,0.972775,True,True,True,True,tie,tie,True
2128,334,A,0.00253922844521533930574388535821358948277940983262836357473035,0.972775,True,True,True,True,rebound,rebound,False
2129,333,B,0.00230974425057817114597458068532685877875122404113793934771443,0.972775,True,True,True,True,contraction,contraction,False
2130,334,A,0.00271410477380709690799709127670797258759341103112079853965288,0.972775,True,True,True,True,rebound,rebound,False
2131,333,B,0.00244090149702198934766448512419764610736172494000726557140633,0.972775,True,True,True,True,contraction,contraction,False
2132,334,A,0.00284520737139823018543629158872923042148365755461559587741824,0.972775,True,True,True,True,tie,tie,True
2133,334,A,0.00253922844521533930574388535821358948277940983262836357473035,0.972775,True,True,True,True,rebound,rebound,False
2134,333,B,0.00230974425057817114597458068532685877875122404113793934771443,0.972775,True,True,True,True,contraction,contraction,False
2135,334,A,0.00271410477380709690799709127670797258759341103112079853965288,0.972775,True,True,True,True,rebound,rebound,False
2136,333,B,0.00244090149702198934766448512419764610736172494000726557140633,0.972775,True,True,True,True,contraction,contraction,False
2137,334,A,0.00284520737139823018543629158872923042148365755461559587741824,0.972775,True,True,True,True,tie,tie,True
2138,334,A,0.00253922844521533930574388535821358948277940983262836357473035,0.972775,True,True,True,True,rebound,rebound,False
2139,333,B,0.00230974425057817114597458068532685877875122404113793934771443,0.972775,True,True,True,True,contraction,contraction,False
2140,334,A,0.00271410477380709690799709127670797258759341103112079853965288,0.972775,True,True,True,True,rebound,rebound,False
2141,333,B,0.00244090149702198934766448512419764610736172494000726557140633,0.972775,True,True,True,True,contraction,contraction,False
2142,334,A,0.00284520737139823018543629158872923042148365755461559587741824,0.972775,True,True,True,True,tie,tie,True
2143,334,A,0.00253922844521533930574388535821358948277940983262836357473035,0.972775,True,True,True,True,rebound,rebound,False
2144,333,B,0.00230974425057817114597458068532685877875122404113793934771443,0.972775,True,True,True,True,contraction,contraction,False
2145,334,A,0.00271410477380709690799709127670797258759341103112079853965288,0.972775,True,True,True,True,rebound,rebound,False
2146,333,B,0.00244090149702198934766448512419764610736172494000726557140633,0.972775,True,True,True,True,contraction,contraction,False
2147,334,A,0.00284520737139823018543629158872923042148365755461559587741824,0.972775,True,True,True,True,tie,tie,True
2148,334,A,0.00253922844521533930574388535821358948277940983262836357473035,0.972775,True,True,True,True,rebound,rebound,False
2149,333,B,0.00230974425057817114597458068532685877875122404113793934771443,0.972775,True,True,True,True,contraction,contraction,False
2150,334,A,0.00271410477380709690799709127670797258759341103112079853965288,0.972775,True,True,True,True,rebound,rebound,False
2151,333,B,0.00244090149702198934766448512419764610736172494000726557140633,0.972775,True,True,True,True,contraction,contraction,False
2152,334,A,0.00284520737139823018543629158872923042148365755461559587741824,0.972775,True,True,True,True,tie,tie,True
2153,334,A,0.00253922844521533930574388535821358948277940983262836357473035,0.972775,True,True,True,True,rebound,rebound,False
2154,333,B,0.00230974425057817114597458068532685877875122404113793934771443,0.972775,True,True,True,True,contraction,contraction,False
2155,334,A,0.00271410477380709690799709127670797258759341103112079853965288,0.972775,True,True,True,True,rebound,rebound,False
2156,333,B,0.00244090149702198934766448512419764610736172494000726557140633,0.972775,True,True,True,True,contraction,contraction,False
2157,334,A,0.00284520737139823018543629158872923042148365755461559587741824,0.972775,True,True,True,True,tie,tie,True
2158,334,A,0.00253922844521533930574388535821358948277940983262836357473035,0.972775,True,True,True,True,rebound,rebound,False
2159,333,B,0.00230974425057817114597458068532685877875122404113793934771443,0.972775,True,True,True,True,contraction,contraction,False
2160,334,A,0.00271410477380709690799709127670797258759341103112079853965288,0.972775,True,True,True,True,rebound,rebound,False
2161,333,B,0.00244090149702198934766448512419764610736172494000726557140633,0.972775,True,True,True,True,contraction,contraction,False
2162,334,A,0.00284520737139823018543629158872923042148365755461559587741824,0.972775,True,True,True,True,tie,tie,True
2163,334,A,0.00253922844521533930574388535821358948277940983262836357473035,0.972775,True,True,True,True,rebound,rebound,False
2164,333,B,0.00230974425057817114597458068532685877875122404113793934771443,0.972775,True,True,True,True,contraction,contraction,False
2165,334,A,0.00271410477380709690799709127670797258759341103112079853965288,0.972775,True,True,True,True,rebound,rebound,False
2166,333,B,0.00244090149702198934766448512419764610736172494000726557140633,0.972775,True,True,True,True,contraction,contraction,False
2167,334,A,0.00284520737139823018543629158872923042148365755461559587741824,0.972775,True,True,True,True,tie,tie,True
2168,334,A,0.00253922844521533930574388535821358948277940983262836357473035,0.972775,True,True,True,True,rebound,rebound,False
2169,333,B,0.00230974425057817114597458068532685877875122404113793934771443,0.972775,True,True,True,True,contraction,contraction,False
2170,334,A,0.00271410477380709690799709127670797258759341103112079853965288,0.972775,True,True,True,True,rebound,rebound,False
2171,333,B,0.00244090149702198934766448512419764610736172494000726557140633,0.972775,True,True,True,True,contraction,contraction,False
2172,334,A,0.00284520737139823018543629158872923042148365755461559587741824,0.972775,True,True,True,True,tie,tie,True
2173,334,A,0.00253922844521533930574388535821358948277940983262836357473035,0.972775,True,True,True,True,rebound,rebound,False
2174,333,B,0.00230974425057817114597458068532685877875122404113793934771443,0.972775,True,True,True,True,contraction,contraction,False
2175,334,A,0.00271410477380709690799709127670797258759341103112079853965288,0.972775,True,True,True,True,rebound,rebound,False
2176,333,B,0.00244090149702198934766448512419764610736172494000726557140633,0.972775,True,True,True,True,contraction,contraction,False
2177,334,A,0.00284520737139823018543629158872923042148365755461559587741824,0.972775,True,True,True,True,tie,tie,True
2178,334,A,0.00253922844521533930574388535821358948277940983262836357473035,0.972775,True,True,True,True,rebound,rebound,False
2179,333,B,0.00230974425057817114597458068532685877875122404113793934771443,0.972775,True,True,True,True,contraction,contraction,False
2180,334,A,0.00271410477380709690799709127670797258759341103112079853965288,0.972775,True,True,True,True,rebound,rebound,False
2181,333,B,0.00244090149702198934766448512419764610736172494000726557140633,0.972775,True,True,True,True,contraction,contraction,False
2182,334,A,0.00284520737139823018543629158872923042148365755461559587741824,0.972775,True,True,True,True,tie,tie,True
2183,334,A,0.00253922844521533930574388535821358948277940983262836357473035,0.972775,True,True,True,True,rebound,rebound,False
2184,333,B,0.00230974425057817114597458068532685877875122404113793934771443,0.972775,True,True,True,True,contraction,contraction,False
2185,334,A,0.00271410477380709690799709127670797258759341103112079853965288,0.972775,True,True,True,True,rebound,rebound,False
2186,333,B,0.00244090149702198934766448512419764610736172494000726557140633,0.972775,True,True,True,True,contraction,contraction,False
2187,334,A,0.00284520737139823018543629158872923042148365755461559587741824,0.972775,True,True,True,True,tie,tie,True
2188,334,A,0.00253922844521533930574388535821358948277940983262836357473035,0.972775,True,True,True,True,rebound,rebound,False
2189,333,B,0.00230974425057817114597458068532685877875122404113793934771443,0.972775,True,True,True,True,contraction,contraction,False
2190,334,A,0.00271410477380709690799709127670797258759341103112079853965288,0.972775,True,True,True,True,rebound,rebound,False
2191,333,B,0.00244090149702198934766448512419764610736172494000726557140633,0.972775,True,True,True,True,contraction,contraction,False
2192,334,A,0.00284520737139823018543629158872923042148365755461559587741824,0.972775,True,True,True,True,tie,tie,True
2193,334,A,0.00253922844521533930574388535821358948277940983262836357473035,0.972775,True,True,True,True,rebound,rebound,False
2194,333,B,0.00230974425057817114597458068532685877875122404113793934771443,0.972775,True,True,True,True,contraction,contraction,False
2195,334,A,0.00271410477380709690799709127670797258759341103112079853965288,0.972775,True,True,True,True,rebound,rebound,False
2196,333,B,0.00244090149702198934766448512419764610736172494000726557140633,0.972775,True,True,True,True,contraction,contraction,False
2197,334,A,0.00284520737139823018543629158872923042148365755461559587741824,0.972775,True,True,True,True,tie,tie,True
2198,334,A,0.00253922844521533930574388535821358948277940983262836357473035,0.972775,True,True,True,True,rebound,rebound,False
2199,333,B,0.00230974425057817114597458068532685877875122404113793934771443,0.972775,True,True,True,True,contraction,contraction,False
2200,334,A,0.00271410477380709690799709127670797258759341103112079853965288,0.972775,True,True,True,True,rebound,rebound,False
2201,333,B,0.00244090149702198934766448512419764610736172494000726557140633,0.972775,True,True,True,True,contraction,contraction,False
2202,334,A,0.00284520737139823018543629158872923042148365755461559587741824,0.972775,True,True,True,True,tie,tie,True
2203,334,A,0.00253922844521533930574388535821358948277940983262836357473035,0.972775,True,True,True,True,rebound,rebound,False
2204,333,B,0.00230974425057817114597458068532685877875122404113793934771443,0.972775,True,True,True,True,contraction,contraction,False
2205,334,A,0.00271410477380709690799709127670797258759341103112079853965288,0.972775,True,True,True,True,rebound,rebound,False
2206,333,B,0.00244090149702198934766448512419764610736172494000726557140633,0.972775,True,True,True,True,contraction,contraction,False
2207,334,A,0.00284520737139823018543629158872923042148365755461559587741824,0.972775,True,True,True,True,tie,tie,True
2208,334,A,0.00253922844521533930574388535821358948277940983262836357473035,0.972775,True,True,True,True,rebound,rebound,False
2209,333,B,0.00230974425057817114597458068532685877875122404113793934771443,0.972775,True,True,True,True,contraction,contraction,False
2210,334,A,0.00271410477380709690799709127670797258759341103112079853965288,0.972775,True,True,True,True,rebound,rebound,False
2211,333,B,0.00244090149702198934766448512419764610736172494000726557140633,0.972775,True,True,True,True,contraction,contraction,False
2212,334,A,0.00284520737139823018543629158872923042148365755461559587741824,0.972775,True,True,True,True,tie,tie,True
2213,334,A,0.00253922844521533930574388535821358948277940983262836357473035,0.972775,True,True,True,True,rebound,rebound,False
2214,333,B,0.00230974425057817114597458068532685877875122404113793934771443,0.972775,True,True,True,True,contraction,contraction,False
2215,334,A,0.00271410477380709690799709127670797258759341103112079853965288,0.972775,True,True,True,True,rebound,rebound,False
2216,333,B,0.00244090149702198934766448512419764610736172494000726557140633,0.972775,True,True,True,True,contraction,contraction,False
2217,334,A,0.00284520737139823018543629158872923042148365755461559587741824,0.972775,True,True,True,True,tie,tie,True
2218,334,A,0.00253922844521533930574388535821358948277940983262836357473035,0.972775,True,True,True,True,rebound,rebound,False
2219,333,B,0.00230974425057817114597458068532685877875122404113793934771443,0.972775,True,True,True,True,contraction,contraction,False
2220,334,A,0.00271410477380709690799709127670797258759341103112079853965288,0.972775,True,True,True,True,rebound,rebound,False
2221,333,B,0.00244090149702198934766448512419764610736172494000726557140633,0.972775,True,True,True,True,contraction,contraction,False
2222,334,A,0.00284520737139823018543629158872923042148365755461559587741824,0.972775,True,True,True,True,tie,tie,True
2223,334,A,0.00253922844521533930574388535821358948277940983262836357473035,0.972775,True,True,True,True,rebound,rebound,False
2224,333,B,0.00230974425057817114597458068532685877875122404113793934771443,0.972775,True,True,True,True,contraction,contraction,False
2225,334,A,0.00271410477380709690799709127670797258759341103112079853965288,0.972775,True,True,True,True,rebound,rebound,False
2226,333,B,0.00244090149702198934766448512419764610736172494000726557140633,0.972775,True,True,True,True,contraction,contraction,False
2227,334,A,0.00284520737139823018543629158872923042148365755461559587741824,0.972775,True,True,True,True,tie,tie,True
2228,334,A,0.00253922844521533930574388535821358948277940983262836357473035,0.972775,True,True,True,True,rebound,rebound,False
2229,333,B,0.00230974425057817114597458068532685877875122404113793934771443,0.972775,True,True,True,True,contraction,contraction,False
2230,334,A,0.00271410477380709690799709127670797258759341103112079853965288,0.972775,True,True,True,True,rebound,rebound,False
2231,333,B,0.00244090149702198934766448512419764610736172494000726557140633,0.972775,True,True,True,True,contraction,contraction,False
2232,334,A,0.00284520737139823018543629158872923042148365755461559587741824,0.972775,True,True,True,True,tie,tie,True
2233,334,A,0.00253922844521533930574388535821358948277940983262836357473035,0.972775,True,True,True,True,rebound,rebound,False
2234,333,B,0.00230974425057817114597458068532685877875122404113793934771443,0.972775,True,True,True,True,contraction,contraction,False
2235,334,A,0.00271410477380709690799709127670797258759341103112079853965288,0.972775,True,True,True,True,rebound,rebound,False
2236,333,B,0.00244090149702198934766448512419764610736172494000726557140633,0.972775,True,True,True,True,contraction,contraction,False
2237,334,A,0.00284520737139823018543629158872923042148365755461559587741824,0.972775,True,True,True,True,tie,tie,True
2238,334,A,0.00253922844521533930574388535821358948277940983262836357473035,0.972775,True,True,True,True,rebound,rebound,False
2239,333,B,0.00230974425057817114597458068532685877875122404113793934771443,0.972775,True,True,True,True,contraction,contraction,False
2240,334,A,0.00271410477380709690799709127670797258759341103112079853965288,0.972775,True,True,True,True,rebound,rebound,False
2241,333,B,0.00244090149702198934766448512419764610736172494000726557140633,0.972775,True,True,True,True,contraction,contraction,False
2242,334,A,0.00284520737139823018543629158872923042148365755461559587741824,0.972775,True,True,True,True,tie,tie,True
2243,334,A,0.00253922844521533930574388535821358948277940983262836357473035,0.972775,True,True,True,True,rebound,rebound,False
2244,333,B,0.00230974425057817114597458068532685877875122404113793934771443,0.972775,True,True,True,True,contraction,contraction,False
2245,334,A,0.00271410477380709690799709127670797258759341103112079853965288,0.972775,True,True,True,True,rebound,rebound,False
2246,333,B,0.00244090149702198934766448512419764610736172494000726557140633,0.972775,True,True,True,True,contraction,contraction,False
2247,334,A,0.00284520737139823018543629158872923042148365755461559587741824,0.972775,True,True,True,True,tie,tie,True
2248,334,A,0.00253922844521533930574388535821358948277940983262836357473035,0.972775,True,True,True,True,rebound,rebound,False
2249,333,B,0.00230974425057817114597458068532685877875122404113793934771443,0.972775,True,True,True,True,contraction,contraction,False
2250,334,A,0.00271410477380709690799709127670797258759341103112079853965288,0.972775,True,True,True,True,rebound,rebound,False
2251,333,B,0.00244090149702198934766448512419764610736172494000726557140633,0.972775,True,True,True,True,contraction,contraction,False
2252,334,A,0.00284520737139823018543629158872923042148365755461559587741824,0.972775,True,True,True,True,tie,tie,True
2253,334,A,0.00253922844521533930574388535821358948277940983262836357473035,0.972775,True,True,True,True,rebound,rebound,False
2254,333,B,0.00230974425057817114597458068532685877875122404113793934771443,0.972775,True,True,True,True,contraction,contraction,False
2255,334,A,0.00271410477380709690799709127670797258759341103112079853965288,0.972775,True,True,True,True,rebound,rebound,False
2256,333,B,0.00244090149702198934766448512419764610736172494000726557140633,0.972775,True,True,True,True,contraction,contraction,False
2257,334,A,0.00284520737139823018543629158872923042148365755461559587741824,0.972775,True,True,True,True,tie,tie,True
2258,334,A,0.00253922844521533930574388535821358948277940983262836357473035,0.972775,True,True,True,True,rebound,rebound,False
2259,333,B,0.00230974425057817114597458068532685877875122404113793934771443,0.972775,True,True,True,True,contraction,contraction,False
2260,334,A,0.00271410477380709690799709127670797258759341103112079853965288,0.972775,True,True,True,True,rebound,rebound,False
2261,333,B,0.00244090149702198934766448512419764610736172494000726557140633,0.972775,True,True,True,True,contraction,contraction,False
2262,334,A,0.00284520737139823018543629158872923042148365755461559587741824,0.972775,True,True,True,True,tie,tie,True
2263,334,A,0.00253922844521533930574388535821358948277940983262836357473035,0.972775,True,True,True,True,rebound,rebound,False
2264,333,B,0.00230974425057817114597458068532685877875122404113793934771443,0.972775,True,True,True,True,contraction,contraction,False
2265,334,A,0.00271410477380709690799709127670797258759341103112079853965288,0.972775,True,True,True,True,rebound,rebound,False
2266,333,B,0.00244090149702198934766448512419764610736172494000726557140633,0.972775,True,True,True,True,contraction,contraction,False
2267,334,A,0.00284520737139823018543629158872923042148365755461559587741824,0.972775,True,True,True,True,tie,tie,True
2268,334,A,0.00253922844521533930574388535821358948277940983262836357473035,0.972775,True,True,True,True,rebound,rebound,False
2269,333,B,0.00230974425057817114597458068532685877875122404113793934771443,0.972775,True,True,True,True,contraction,contraction,False
2270,334,A,0.00271410477380709690799709127670797258759341103112079853965288,0.972775,True,True,True,True,rebound,rebound,False
2271,333,B,0.00244090149702198934766448512419764610736172494000726557140633,0.972775,True,True,True,True,contraction,contraction,False
2272,334,A,0.00284520737139823018543629158872923042148365755461559587741824,0.972775,True,True,True,True,tie,tie,True
2273,334,A,0.00253922844521533930574388535821358948277940983262836357473035,0.972775,True,True,True,True,rebound,rebound,False
2274,333,B,0.00230974425057817114597458068532685877875122404113793934771443,0.972775,True,True,True,True,contraction,contraction,False
2275,334,A,0.00271410477380709690799709127670797258759341103112079853965288,0.972775,True,True,True,True,rebound,rebound,False
2276,333,B,0.00244090149702198934766448512419764610736172494000726557140633,0.972775,True,True,True,True,contraction,contraction,False
2277,334,A,0.00284520737139823018543629158872923042148365755461559587741824,0.972775,True,True,True,True,tie,tie,True
2278,334,A,0.00253922844521533930574388535821358948277940983262836357473035,0.972775,True,True,True,True,rebound,rebound,False
2279,333,B,0.00230974425057817114597458068532685877875122404113793934771443,0.972775,True,True,True,True,contraction,contraction,False
2280,334,A,0.00271410477380709690799709127670797258759341103112079853965288,0.972775,True,True,True,True,rebound,rebound,False
2281,333,B,0.00244090149702198934766448512419764610736172494000726557140633,0.972775,True,True,True,True,contraction,contraction,False
2282,334,A,0.00284520737139823018543629158872923042148365755461559587741824,0.972775,True,True,True,True,tie,tie,True
2283,334,A,0.00253922844521533930574388535821358948277940983262836357473035,0.972775,True,True,True,True,rebound,rebound,False
2284,333,B,0.00230974425057817114597458068532685877875122404113793934771443,0.972775,True,True,True,True,contraction,contraction,False
2285,334,A,0.00271410477380709690799709127670797258759341103112079853965288,0.972775,True,True,True,True,rebound,rebound,False
2286,333,B,0.00244090149702198934766448512419764610736172494000726557140633,0.972775,True,True,True,True,contraction,contraction,False
2287,334,A,0.00284520737139823018543629158872923042148365755461559587741824,0.972775,True,True,True,True,tie,tie,True
2288,334,A,0.00253922844521533930574388535821358948277940983262836357473035,0.972775,True,True,True,True,rebound,rebound,False
2289,333,B,0.00230974425057817114597458068532685877875122404113793934771443,0.972775,True,True,True,True,contraction,contraction,False
2290,334,A,0.00271410477380709690799709127670797258759341103112079853965288,0.972775,True,True,True,True,rebound,rebound,False
2291,333,B,0.00244090149702198934766448512419764610736172494000726557140633,0.972775,True,True,True,True,contraction,contraction,False
2292,334,A,0.00284520737139823018543629158872923042148365755461559587741824,0.972775,True,True,True,True,tie,tie,True
2293,334,A,0.00253922844521533930574388535821358948277940983262836357473035,0.972775,True,True,True,True,rebound,rebound,False
2294,333,B,0.00230974425057817114597458068532685877875122404113793934771443,0.972775,True,True,True,True,contraction,contraction,False
2295,334,A,0.00271410477380709690799709127670797258759341103112079853965288,0.972775,True,True,True,True,rebound,rebound,False
2296,333,B,0.00244090149702198934766448512419764610736172494000726557140633,0.972775,True,True,True,True,contraction,contraction,False
2297,334,A,0.00284520737139823018543629158872923042148365755461559587741824,0.972775,True,True,True,True,tie,tie,True
2298,334,A,0.00253922844521533930574388535821358948277940983262836357473035,0.972775,True,True,True,True,rebound,rebound,False
2299,333,B,0.00230974425057817114597458068532685877875122404113793934771443,0.972775,True,True,True,True,contraction,contraction,False
2300,334,A,0.00271410477380709690799709127670797258759341103112079853965288,0.972775,True,True,True,True,rebound,rebound,False
2301,333,B,0.00244090149702198934766448512419764610736172494000726557140633,0.972775,True,True,True,True,contraction,contraction,False
2302,334,A,0.00284520737139823018543629158872923042148365755461559587741824,0.972775,True,True,True,True,tie,tie,True
2303,334,A,0.00253922844521533930574388535821358948277940983262836357473035,0.972775,True,True,True,True,rebound,rebound,False
2304,333,B,0.00230974425057817114597458068532685877875122404113793934771443,0.972775,True,True,True,True,contraction,contraction,False
2305,334,A,0.00271410477380709690799709127670797258759341103112079853965288,0.972775,True,True,True,True,rebound,rebound,False
2306,333,B,0.00244090149702198934766448512419764610736172494000726557140633,0.972775,True,True,True,True,contraction,contraction,False
2307,334,A,0.00284520737139823018543629158872923042148365755461559587741824,0.972775,True,True,True,True,tie,tie,True
2308,334,A,0.00253922844521533930574388535821358948277940983262836357473035,0.972775,True,True,True,True,rebound,rebound,False
2309,333,B,0.00230974425057817114597458068532685877875122404113793934771443,0.972775,True,True,True,True,contraction,contraction,False
2310,334,A,0.00271410477380709690799709127670797258759341103112079853965288,0.972775,True,True,True,True,rebound,rebound,False
2311,333,B,0.00244090149702198934766448512419764610736172494000726557140633,0.972775,True,True,True,True,contraction,contraction,False
2312,334,A,0.00284520737139823018543629158872923042148365755461559587741824,0.972775,True,True,True,True,tie,tie,True
2313,334,A,0.00253922844521533930574388535821358948277940983262836357473035,0.972775,True,True,True,True,rebound,rebound,False
2314,333,B,0.00230974425057817114597458068532685877875122404113793934771443,0.972775,True,True,True,True,contraction,contraction,False
2315,334,A,0.00271410477380709690799709127670797258759341103112079853965288,0.972775,True,True,True,True,rebound,rebound,False
2316,333,B,0.00244090149702198934766448512419764610736172494000726557140633,0.972775,True,True,True,True,contraction,contraction,False
2317,334,A,0.00284520737139823018543629158872923042148365755461559587741824,0.972775,True,True,True,True,tie,tie,True
2318,334,A,0.00253922844521533930574388535821358948277940983262836357473035,0.972775,True,True,True,True,rebound,rebound,False
2319,333,B,0.00230974425057817114597458068532685877875122404113793934771443,0.972775,True,True,True,True,contraction,contraction,False
2320,334,A,0.00271410477380709690799709127670797258759341103112079853965288,0.972775,True,True,True,True,rebound,rebound,False
2321,333,B,0.00244090149702198934766448512419764610736172494000726557140633,0.972775,True,True,True,True,contraction,contraction,False
2322,334,A,0.00284520737139823018543629158872923042148365755461559587741824,0.972775,True,True,True,True,tie,tie,True
2323,334,A,0.00253922844521533930574388535821358948277940983262836357473035,0.972775,True,True,True,True,rebound,rebound,False
2324,333,B,0.00230974425057817114597458068532685877875122404113793934771443,0.972775,True,True,True,True,contraction,contraction,False
2325,334,A,0.00271410477380709690799709127670797258759341103112079853965288,0.972775,True,True,True,True,rebound,rebound,False
2326,333,B,0.00244090149702198934766448512419764610736172494000726557140633,0.972775,True,True,True,True,contraction,contraction,False
2327,334,A,0.00284520737139823018543629158872923042148365755461559587741824,0.972775,True,True,True,True,tie,tie,True
2328,334,A,0.00253922844521533930574388535821358948277940983262836357473035,0.972775,True,True,True,True,rebound,rebound,False
2329,333,B,0.00230974425057817114597458068532685877875122404113793934771443,0.972775,True,True,True,True,contraction,contraction,False
2330,334,A,0.00271410477380709690799709127670797258759341103112079853965288,0.972775,True,True,True,True,rebound,rebound,False
2331,333,B,0.00244090149702198934766448512419764610736172494000726557140633,0.972775,True,True,True,True,contraction,contraction,False
2332,334,A,0.00284520737139823018543629158872923042148365755461559587741824,0.972775,True,True,True,True,tie,tie,True
2333,334,A,0.00253922844521533930574388535821358948277940983262836357473035,0.972775,True,True,True,True,rebound,rebound,False
2334,333,B,0.00230974425057817114597458068532685877875122404113793934771443,0.972775,True,True,True,True,contraction,contraction,False
2335,334,A,0.00271410477380709690799709127670797258759341103112079853965288,0.972775,True,True,True,True,rebound,rebound,False
2336,333,B,0.00244090149702198934766448512419764610736172494000726557140633,0.972775,True,True,True,True,contraction,contraction,False
2337,334,A,0.00284520737139823018543629158872923042148365755461559587741824,0.972775,True,True,True,True,tie,tie,True
2338,334,A,0.00253922844521533930574388535821358948277940983262836357473035,0.972775,True,True,True,True,rebound,rebound,False
2339,333,B,0.00230974425057817114597458068532685877875122404113793934771443,0.972775,True,True,True,True,contraction,contraction,False
2340,334,A,0.00271410477380709690799709127670797258759341103112079853965288,0.972775,True,True,True,True,rebound,rebound,False
2341,333,B,0.00244090149702198934766448512419764610736172494000726557140633,0.972775,True,True,True,True,contraction,contraction,False
2342,334,A,0.00284520737139823018543629158872923042148365755461559587741824,0.972775,True,True,True,True,tie,tie,True
2343,334,A,0.00253922844521533930574388535821358948277940983262836357473035,0.972775,True,True,True,True,rebound,rebound,False
2344,333,B,0.00230974425057817114597458068532685877875122404113793934771443,0.972775,True,True,True,True,contraction,contraction,False
2345,334,A,0.00271410477380709690799709127670797258759341103112079853965288,0.972775,True,True,True,True,rebound,rebound,False
2346,333,B,0.00244090149702198934766448512419764610736172494000726557140633,0.972775,True,True,True,True,contraction,contraction,False
2347,334,A,0.00284520737139823018543629158872923042148365755461559587741824,0.972775,True,True,True,True,tie,tie,True
2348,334,A,0.00253922844521533930574388535821358948277940983262836357473035,0.972775,True,True,True,True,rebound,rebound,False
2349,333,B,0.00230974425057817114597458068532685877875122404113793934771443,0.972775,True,True,True,True,contraction,contraction,False
2350,334,A,0.00271410477380709690799709127670797258759341103112079853965288,0.972775,True,True,True,True,rebound,rebound,False
2351,333,B,0.00244090149702198934766448512419764610736172494000726557140633,0.972775,True,True,True,True,contraction,contraction,False
2352,334,A,0.00284520737139823018543629158872923042148365755461559587741824,0.972775,True,True,True,True,tie,tie,True
2353,334,A,0.00253922844521533930574388535821358948277940983262836357473035,0.972775,True,True,True,True,rebound,rebound,False
2354,333,B,0.00230974425057817114597458068532685877875122404113793934771443,0.972775,True,True,True,True,contraction,contraction,False
2355,334,A,0.00271410477380709690799709127670797258759341103112079853965288,0.972775,True,True,True,True,rebound,rebound,False
2356,333,B,0.00244090149702198934766448512419764610736172494000726557140633,0.972775,True,True,True,True,contraction,contraction,False
2357,334,A,0.00284520737139823018543629158872923042148365755461559587741824,0.972775,True,True,True,True,tie,tie,True
2358,334,A,0.00253922844521533930574388535821358948277940983262836357473035,0.972775,True,True,True,True,rebound,rebound,False
2359,333,B,0.00230974425057817114597458068532685877875122404113793934771443,0.972775,True,True,True,True,contraction,contraction,False
2360,334,A,0.00271410477380709690799709127670797258759341103112079853965288,0.972775,True,True,True,True,rebound,rebound,False
2361,333,B,0.00244090149702198934766448512419764610736172494000726557140633,0.972775,True,True,True,True,contraction,contraction,False
2362,334,A,0.00284520737139823018543629158872923042148365755461559587741824,0.972775,True,True,True,True,tie,tie,True
2363,334,A,0.00253922844521533930574388535821358948277940983262836357473035,0.972775,True,True,True,True,rebound,rebound,False
2364,333,B,0.00230974425057817114597458068532685877875122404113793934771443,0.972775,True,True,True,True,contraction,contraction,False
2365,334,A,0.00271410477380709690799709127670797258759341103112079853965288,0.972775,True,True,True,True,rebound,rebound,False
2366,333,B,0.00244090149702198934766448512419764610736172494000726557140633,0.972775,True,True,True,True,contraction,contraction,False
2367,334,A,0.00284520737139823018543629158872923042148365755461559587741824,0.972775,True,True,True,True,tie,tie,True
2368,334,A,0.00253922844521533930574388535821358948277940983262836357473035,0.972775,True,True,True,True,rebound,rebound,False
2369,333,B,0.00230974425057817114597458068532685877875122404113793934771443,0.972775,True,True,True,True,contraction,contraction,False
2370,334,A,0.00271410477380709690799709127670797258759341103112079853965288,0.972775,True,True,True,True,rebound,rebound,False
2371,333,B,0.00244090149702198934766448512419764610736172494000726557140633,0.972775,True,True,True,True,contraction,contraction,False
2372,334,A,0.00284520737139823018543629158872923042148365755461559587741824,0.972775,True,True,True,True,tie,tie,True
2373,334,A,0.00253922844521533930574388535821358948277940983262836357473035,0.972775,True,True,True,True,rebound,rebound,False
2374,333,B,0.00230974425057817114597458068532685877875122404113793934771443,0.972775,True,True,True,True,contraction,contraction,False
2375,334,A,0.00271410477380709690799709127670797258759341103112079853965288,0.972775,True,True,True,True,rebound,rebound,False
2376,333,B,0.00244090149702198934766448512419764610736172494000726557140633,0.972775,True,True,True,True,contraction,contraction,False
2377,334,A,0.00284520737139823018543629158872923042148365755461559587741824,0.972775,True,True,True,True,tie,tie,True
2378,334,A,0.00253922844521533930574388535821358948277940983262836357473035,0.972775,True,True,True,True,rebound,rebound,False
2379,333,B,0.00230974425057817114597458068532685877875122404113793934771443,0.972775,True,True,True,True,contraction,contraction,False
2380,334,A,0.00271410477380709690799709127670797258759341103112079853965288,0.972775,True,True,True,True,rebound,rebound,False
2381,333,B,0.00244090149702198934766448512419764610736172494000726557140633,0.972775,True,True,True,True,contraction,contraction,False
2382,334,A,0.00284520737139823018543629158872923042148365755461559587741824,0.972775,True,True,True,True,tie,tie,True
2383,334,A,0.00253922844521533930574388535821358948277940983262836357473035,0.972775,True,True,True,True,rebound,rebound,False
2384,333,B,0.00230974425057817114597458068532685877875122404113793934771443,0.972775,True,True,True,True,contraction,contraction,False
2385,334,A,0.00271410477380709690799709127670797258759341103112079853965288,0.972775,True,True,True,True,rebound,rebound,False
2386,333,B,0.00244090149702198934766448512419764610736172494000726557140633,0.972775,True,True,True,True,contraction,contraction,False
2387,334,A,0.00284520737139823018543629158872923042148365755461559587741824,0.972775,True,True,True,True,tie,tie,True
2388,334,A,0.00253922844521533930574388535821358948277940983262836357473035,0.972775,True,True,True,True,rebound,rebound,False
2389,333,B,0.00230974425057817114597458068532685877875122404113793934771443,0.972775,True,True,True,True,contraction,contraction,False
2390,334,A,0.00271410477380709690799709127670797258759341103112079853965288,0.972775,True,True,True,True,rebound,rebound,False
2391,333,B,0.00244090149702198934766448512419764610736172494000726557140633,0.972775,True,True,True,True,contraction,contraction,False
2392,334,A,0.00284520737139823018543629158872923042148365755461559587741824,0.972775,True,True,True,True,tie,tie,True
2393,334,A,0.00253922844521533930574388535821358948277940983262836357473035,0.972775,True,True,True,True,rebound,rebound,False
2394,333,B,0.00230974425057817114597458068532685877875122404113793934771443,0.972775,True,True,True,True,contraction,contraction,False
2395,334,A,0.00271410477380709690799709127670797258759341103112079853965288,0.972775,True,True,True,True,rebound,rebound,False
2396,333,B,0.00244090149702198934766448512419764610736172494000726557140633,0.972775,True,True,True,True,contraction,contraction,False
2397,334,A,0.00284520737139823018543629158872923042148365755461559587741824,0.972775,True,True,True,True,tie,tie,True
2398,334,A,0.00253922844521533930574388535821358948277940983262836357473035,0.972775,True,True,True,True,rebound,rebound,False
2399,333,B,0.00230974425057817114597458068532685877875122404113793934771443,0.972775,True,True,True,True,contraction,contraction,False
2400,334,A,0.00271410477380709690799709127670797258759341103112079853965288,0.972775,True,True,True,True,rebound,rebound,False
2401,333,B,0.00244090149702198934766448512419764610736172494000726557140633,0.972775,True,True,True,True,contraction,contraction,False
2402,334,A,0.00284520737139823018543629158872923042148365755461559587741824,0.972775,True,True,True,True,tie,tie,True
2403,334,A,0.00253922844521533930574388535821358948277940983262836357473035,0.972775,True,True,True,True,rebound,rebound,False
2404,333,B,0.00230974425057817114597458068532685877875122404113793934771443,0.972775,True,True,True,True,contraction,contraction,False
2405,334,A,0.00271410477380709690799709127670797258759341103112079853965288,0.972775,True,True,True,True,rebound,rebound,False
2406,333,B,0.00244090149702198934766448512419764610736172494000726557140633,0.972775,True,True,True,True,contraction,contraction,False
2407,334,A,0.00284520737139823018543629158872923042148365755461559587741824,0.972775,True,True,True,True,tie,tie,True
2408,334,A,0.00253922844521533930574388535821358948277940983262836357473035,0.972775,True,True,True,True,rebound,rebound,False
2409,333,B,0.00230974425057817114597458068532685877875122404113793934771443,0.972775,True,True,True,True,contraction,contraction,False
2410,334,A,0.00271410477380709690799709127670797258759341103112079853965288,0.972775,True,True,True,True,rebound,rebound,False
2411,333,B,0.00244090149702198934766448512419764610736172494000726557140633,0.972775,True,True,True,True,contraction,contraction,False
2412,334,A,0.00284520737139823018543629158872923042148365755461559587741824,0.972775,True,True,True,True,tie,tie,True
2413,334,A,0.00253922844521533930574388535821358948277940983262836357473035,0.972775,True,True,True,True,rebound,rebound,False
2414,333,B,0.00230974425057817114597458068532685877875122404113793934771443,0.972775,True,True,True,True,contraction,contraction,False
2415,334,A,0.00271410477380709690799709127670797258759341103112079853965288,0.972775,True,True,True,True,rebound,rebound,False
2416,333,B,0.00244090149702198934766448512419764610736172494000726557140633,0.972775,True,True,True,True,contraction,contraction,False
2417,334,A,0.00284520737139823018543629158872923042148365755461559587741824,0.972775,True,True,True,True,tie,tie,True
2418,334,A,0.00253922844521533930574388535821358948277940983262836357473035,0.972775,True,True,True,True,rebound,rebound,False
2419,333,B,0.00230974425057817114597458068532685877875122404113793934771443,0.972775,True,True,True,True,contraction,contraction,False
2420,334,A,0.00271410477380709690799709127670797258759341103112079853965288,0.972775,True,True,True,True,rebound,rebound,False
2421,333,B,0.00244090149702198934766448512419764610736172494000726557140633,0.972775,True,True,True,True,contraction,contraction,False
2422,334,A,0.00284520737139823018543629158872923042148365755461559587741824,0.972775,True,True,True,True,tie,tie,True
2423,334,A,0.00253922844521533930574388535821358948277940983262836357473035,0.972775,True,True,True,True,rebound,rebound,False
2424,333,B,0.00230974425057817114597458068532685877875122404113793934771443,0.972775,True,True,True,True,contraction,contraction,False
2425,334,A,0.00271410477380709690799709127670797258759341103112079853965288,0.972775,True,True,True,True,rebound,rebound,False
2426,333,B,0.00244090149702198934766448512419764610736172494000726557140633,0.972775,True,True,True,True,contraction,contraction,False
2427,334,A,0.00284520737139823018543629158872923042148365755461559587741824,0.972775,True,True,True,True,tie,tie,True
2428,334,A,0.00253922844521533930574388535821358948277940983262836357473035,0.972775,True,True,True,True,rebound,rebound,False
2429,333,B,0.00230974425057817114597458068532685877875122404113793934771443,0.972775,True,True,True,True,contraction,contraction,False
2430,334,A,0.00271410477380709690799709127670797258759341103112079853965288,0.972775,True,True,True,True,rebound,rebound,False
2431,333,B,0.00244090149702198934766448512419764610736172494000726557140633,0.972775,True,True,True,True,contraction,contraction,False
2432,334,A,0.00284520737139823018543629158872923042148365755461559587741824,0.972775,True,True,True,True,tie,tie,True
2433,334,A,0.00253922844521533930574388535821358948277940983262836357473035,0.972775,True,True,True,True,rebound,rebound,False
2434,333,B,0.00230974425057817114597458068532685877875122404113793934771443,0.972775,True,True,True,True,contraction,contraction,False
2435,334,A,0.00271410477380709690799709127670797258759341103112079853965288,0.972775,True,True,True,True,rebound,rebound,False
2436,333,B,0.00244090149702198934766448512419764610736172494000726557140633,0.972775,True,True,True,True,contraction,contraction,False
2437,334,A,0.00284520737139823018543629158872923042148365755461559587741824,0.972775,True,True,True,True,tie,tie,True
2438,334,A,0.00253922844521533930574388535821358948277940983262836357473035,0.972775,True,True,True,True,rebound,rebound,False
2439,333,B,0.00230974425057817114597458068532685877875122404113793934771443,0.972775,True,True,True,True,contraction,contraction,False
2440,334,A,0.00271410477380709690799709127670797258759341103112079853965288,0.972775,True,True,True,True,rebound,rebound,False
2441,333,B,0.00244090149702198934766448512419764610736172494000726557140633,0.972775,True,True,True,True,contraction,contraction,False
2442,334,A,0.00284520737139823018543629158872923042148365755461559587741824,0.972775,True,True,True,True,tie,tie,True
2443,334,A,0.00253922844521533930574388535821358948277940983262836357473035,0.972775,True,True,True,True,rebound,rebound,False
2444,333,B,0.00230974425057817114597458068532685877875122404113793934771443,0.972775,True,True,True,True,contraction,contraction,False
2445,334,A,0.00271410477380709690799709127670797258759341103112079853965288,0.972775,True,True,True,True,rebound,rebound,False
2446,333,B,0.00244090149702198934766448512419764610736172494000726557140633,0.972775,True,True,True,True,contraction,contraction,False
2447,334,A,0.00284520737139823018543629158872923042148365755461559587741824,0.972775,True,True,True,True,tie,tie,True
2448,334,A,0.00253922844521533930574388535821358948277940983262836357473035,0.972775,True,True,True,True,rebound,rebound,False
2449,333,B,0.00230974425057817114597458068532685877875122404113793934771443,0.972775,True,True,True,True,contraction,contraction,False
2450,334,A,0.00271410477380709690799709127670797258759341103112079853965288,0.972775,True,True,True,True,rebound,rebound,False
2451,333,B,0.00244090149702198934766448512419764610736172494000726557140633,0.972775,True,True,True,True,contraction,contraction,False
2452,334,A,0.00284520737139823018543629158872923042148365755461559587741824,0.972775,True,True,True,True,tie,tie,True
2453,334,A,0.00253922844521533930574388535821358948277940983262836357473035,0.972775,True,True,True,True,rebound,rebound,False
2454,333,B,0.00230974425057817114597458068532685877875122404113793934771443,0.972775,True,True,True,True,contraction,contraction,False
2455,334,A,0.00271410477380709690799709127670797258759341103112079853965288,0.972775,True,True,True,True,rebound,rebound,False
2456,333,B,0.00244090149702198934766448512419764610736172494000726557140633,0.972775,True,True,True,True,contraction,contraction,False
2457,334,A,0.00284520737139823018543629158872923042148365755461559587741824,0.972775,True,True,True,True,tie,tie,True
2458,334,A,0.00253922844521533930574388535821358948277940983262836357473035,0.972775,True,True,True,True,rebound,rebound,False
2459,333,B,0.00230974425057817114597458068532685877875122404113793934771443,0.972775,True,True,True,True,contraction,contraction,False
2460,334,A,0.00271410477380709690799709127670797258759341103112079853965288,0.972775,True,True,True,True,rebound,rebound,False
2461,333,B,0.00244090149702198934766448512419764610736172494000726557140633,0.972775,True,True,True,True,contraction,contraction,False
2462,334,A,0.00284520737139823018543629158872923042148365755461559587741824,0.972775,True,True,True,True,tie,tie,True
2463,334,A,0.00253922844521533930574388535821358948277940983262836357473035,0.972775,True,True,True,True,rebound,rebound,False
2464,333,B,0.00230974425057817114597458068532685877875122404113793934771443,0.972775,True,True,True,True,contraction,contraction,False
2465,334,A,0.00271410477380709690799709127670797258759341103112079853965288,0.972775,True,True,True,True,rebound,rebound,False
2466,333,B,0.00244090149702198934766448512419764610736172494000726557140633,0.972775,True,True,True,True,contraction,contraction,False
2467,334,A,0.00284520737139823018543629158872923042148365755461559587741824,0.972775,True,True,True,True,tie,tie,True
2468,334,A,0.00253922844521533930574388535821358948277940983262836357473035,0.972775,True,True,True,True,rebound,rebound,False
2469,333,B,0.00230974425057817114597458068532685877875122404113793934771443,0.972775,True,True,True,True,contraction,contraction,False
2470,334,A,0.00271410477380709690799709127670797258759341103112079853965288,0.972775,True,True,True,True,rebound,rebound,False
2471,333,B,0.00244090149702198934766448512419764610736172494000726557140633,0.972775,True,True,True,True,contraction,contraction,False
2472,334,A,0.00284520737139823018543629158872923042148365755461559587741824,0.972775,True,True,True,True,tie,tie,True
2473,334,A,0.00253922844521533930574388535821358948277940983262836357473035,0.972775,True,True,True,True,rebound,rebound,False
2474,333,B,0.00230974425057817114597458068532685877875122404113793934771443,0.972775,True,True,True,True,contraction,contraction,False
2475,334,A,0.00271410477380709690799709127670797258759341103112079853965288,0.972775,True,True,True,True,rebound,rebound,False
2476,333,B,0.00244090149702198934766448512419764610736172494000726557140633,0.972775,True,True,True,True,contraction,contraction,False
2477,334,A,0.00284520737139823018543629158872923042148365755461559587741824,0.972775,True,True,True,True,tie,tie,True
2478,334,A,0.00253922844521533930574388535821358948277940983262836357473035,0.972775,True,True,True,True,rebound,rebound,False
2479,333,B,0.00230974425057817114597458068532685877875122404113793934771443,0.972775,True,True,True,True,contraction,contraction,False
2480,334,A,0.00271410477380709690799709127670797258759341103112079853965288,0.972775,True,True,True,True,rebound,rebound,False
2481,333,B,0.00244090149702198934766448512419764610736172494000726557140633,0.972775,True,True,True,True,contraction,contraction,False
2482,334,A,0.00284520737139823018543629158872923042148365755461559587741824,0.972775,True,True,True,True,tie,tie,True
2483,334,A,0.00253922844521533930574388535821358948277940983262836357473035,0.972775,True,True,True,True,rebound,rebound,False
2484,333,B,0.00230974425057817114597458068532685877875122404113793934771443,0.972775,True,True,True,True,contraction,contraction,False
2485,334,A,0.00271410477380709690799709127670797258759341103112079853965288,0.972775,True,True,True,True,rebound,rebound,False
2486,333,B,0.00244090149702198934766448512419764610736172494000726557140633,0.972775,True,True,True,True,contraction,contraction,False
2487,334,A,0.00284520737139823018543629158872923042148365755461559587741824,0.972775,True,True,True,True,tie,tie,True
2488,334,A,0.00253922844521533930574388535821358948277940983262836357473035,0.972775,True,True,True,True,rebound,rebound,False
2489,333,B,0.00230974425057817114597458068532685877875122404113793934771443,0.972775,True,True,True,True,contraction,contraction,False
2490,334,A,0.00271410477380709690799709127670797258759341103112079853965288,0.972775,True,True,True,True,rebound,rebound,False
2491,333,B,0.00244090149702198934766448512419764610736172494000726557140633,0.972775,True,True,True,True,contraction,contraction,False
2492,334,A,0.00284520737139823018543629158872923042148365755461559587741824,0.972775,True,True,True,True,tie,tie,True
2493,334,A,0.00253922844521533930574388535821358948277940983262836357473035,0.972775,True,True,True,True,rebound,rebound,False
2494,333,B,0.00230974425057817114597458068532685877875122404113793934771443,0.972775,True,True,True,True,contraction,contraction,False
2495,334,A,0.00271410477380709690799709127670797258759341103112079853965288,0.972775,True,True,True,True,rebound,rebound,False
2496,333,B,0.00244090149702198934766448512419764610736172494000726557140633,0.972775,True,True,True,True,contraction,contraction,False
2497,334,A,0.00284520737139823018543629158872923042148365755461559587741824,0.972775,True,True,True,True,tie,tie,True
2498,334,A,0.00253922844521533930574388535821358948277940983262836357473035,0.972775,True,True,True,True,rebound,rebound,False
2499,333,B,0.00230974425057817114597458068532685877875122404113793934771443,0.972775,True,True,True,True,contraction,contraction,False
2500,334,A,0.00271410477380709690799709127670797258759341103112079853965288,0.972775,True,True,True,True,rebound,rebound,False
2501,333,B,0.00244090149702198934766448512419764610736172494000726557140633,0.972775,True,True,True,True,contraction,contraction,False
2502,334,A,0.00284520737139823018543629158872923042148365755461559587741824,0.972775,True,True,True,True,tie,tie,True
2503,334,A,0.00253922844521533930574388535821358948277940983262836357473035,0.972775,True,True,True,True,rebound,rebound,False
2504,333,B,0.00230974425057817114597458068532685877875122404113793934771443,0.972775,True,True,True,True,contraction,contraction,False
2505,334,A,0.00271410477380709690799709127670797258759341103112079853965288,0.972775,True,True,True,True,rebound,rebound,False
2506,333,B,0.00244090149702198934766448512419764610736172494000726557140633,0.972775,True,True,True,True,contraction,contraction,False
2507,334,A,0.00284520737139823018543629158872923042148365755461559587741824,0.972775,True,True,True,True,tie,tie,True
2508,334,A,0.00253922844521533930574388535821358948277940983262836357473035,0.972775,True,True,True,True,rebound,rebound,False
2509,333,B,0.00230974425057817114597458068532685877875122404113793934771443,0.972775,True,True,True,True,contraction,contraction,False
2510,334,A,0.00271410477380709690799709127670797258759341103112079853965288,0.972775,True,True,True,True,rebound,rebound,False
2511,333,B,0.00244090149702198934766448512419764610736172494000726557140633,0.972775,True,True,True,True,contraction,contraction,False
2512,334,A,0.00284520737139823018543629158872923042148365755461559587741824,0.972775,True,True,True,True,tie,tie,True
2513,334,A,0.00253922844521533930574388535821358948277940983262836357473035,0.972775,True,True,True,True,rebound,rebound,False
2514,333,B,0.00230974425057817114597458068532685877875122404113793934771443,0.972775,True,True,True,True,contraction,contraction,False
2515,334,A,0.00271410477380709690799709127670797258759341103112079853965288,0.972775,True,True,True,True,rebound,rebound,False
2516,333,B,0.00244090149702198934766448512419764610736172494000726557140633,0.972775,True,True,True,True,contraction,contraction,False
2517,334,A,0.00284520737139823018543629158872923042148365755461559587741824,0.972775,True,True,True,True,tie,tie,True
2518,334,A,0.00253922844521533930574388535821358948277940983262836357473035,0.972775,True,True,True,True,rebound,rebound,False
2519,333,B,0.00230974425057817114597458068532685877875122404113793934771443,0.972775,True,True,True,True,contraction,contraction,False
2520,334,A,0.00271410477380709690799709127670797258759341103112079853965288,0.972775,True,True,True,True,rebound,rebound,False
2521,333,B,0.00244090149702198934766448512419764610736172494000726557140633,0.972775,True,True,True,True,contraction,contraction,False
2522,334,A,0.00284520737139823018543629158872923042148365755461559587741824,0.972775,True,True,True,True,tie,tie,True
2523,334,A,0.00253922844521533930574388535821358948277940983262836357473035,0.972775,True,True,True,True,rebound,rebound,False
2524,333,B,0.00230974425057817114597458068532685877875122404113793934771443,0.972775,True,True,True,True,contraction,contraction,False
2525,334,A,0.00271410477380709690799709127670797258759341103112079853965288,0.972775,True,True,True,True,rebound,rebound,False
2526,333,B,0.00244090149702198934766448512419764610736172494000726557140633,0.972775,True,True,True,True,contraction,contraction,False
2527,334,A,0.00284520737139823018543629158872923042148365755461559587741824,0.972775,True,True,True,True,tie,tie,True
2528,334,A,0.00253922844521533930574388535821358948277940983262836357473035,0.972775,True,True,True,True,rebound,rebound,False
2529,333,B,0.00230974425057817114597458068532685877875122404113793934771443,0.972775,True,True,True,True,contraction,contraction,False
2530,334,A,0.00271410477380709690799709127670797258759341103112079853965288,0.972775,True,True,True,True,rebound,rebound,False
2531,333,B,0.00244090149702198934766448512419764610736172494000726557140633,0.972775,True,True,True,True,contraction,contraction,False
2532,334,A,0.00284520737139823018543629158872923042148365755461559587741824,0.972775,True,True,True,True,tie,tie,True
2533,334,A,0.00253922844521533930574388535821358948277940983262836357473035,0.972775,True,True,True,True,rebound,rebound,False
2534,333,B,0.00230974425057817114597458068532685877875122404113793934771443,0.972775,True,True,True,True,contraction,contraction,False
2535,334,A,0.00271410477380709690799709127670797258759341103112079853965288,0.972775,True,True,True,True,rebound,rebound,False
2536,333,B,0.00244090149702198934766448512419764610736172494000726557140633,0.972775,True,True,True,True,contraction,contraction,False
2537,334,A,0.00284520737139823018543629158872923042148365755461559587741824,0.972775,True,True,True,True,tie,tie,True
2538,334,A,0.00253922844521533930574388535821358948277940983262836357473035,0.972775,True,True,True,True,rebound,rebound,False
2539,333,B,0.00230974425057817114597458068532685877875122404113793934771443,0.972775,True,True,True,True,contraction,contraction,False
2540,334,A,0.00271410477380709690799709127670797258759341103112079853965288,0.972775,True,True,True,True,rebound,rebound,False
2541,333,B,0.00244090149702198934766448512419764610736172494000726557140633,0.972775,True,True,True,True,contraction,contraction,False
2542,334,A,0.00284520737139823018543629158872923042148365755461559587741824,0.972775,True,True,True,True,tie,tie,True
2543,334,A,0.00253922844521533930574388535821358948277940983262836357473035,0.972775,True,True,True,True,rebound,rebound,False
2544,333,B,0.00230974425057817114597458068532685877875122404113793934771443,0.972775,True,True,True,True,contraction,contraction,False
2545,334,A,0.00271410477380709690799709127670797258759341103112079853965288,0.972775,True,True,True,True,rebound,rebound,False
2546,333,B,0.00244090149702198934766448512419764610736172494000726557140633,0.972775,True,True,True,True,contraction,contraction,False
2547,334,A,0.00284520737139823018543629158872923042148365755461559587741824,0.972775,True,True,True,True,tie,tie,True
2548,334,A,0.00253922844521533930574388535821358948277940983262836357473035,0.972775,True,True,True,True,rebound,rebound,False
2549,333,B,0.00230974425057817114597458068532685877875122404113793934771443,0.972775,True,True,True,True,contraction,contraction,False
2550,334,A,0.00271410477380709690799709127670797258759341103112079853965288,0.972775,True,True,True,True,rebound,rebound,False
2551,333,B,0.00244090149702198934766448512419764610736172494000726557140633,0.972775,True,True,True,True,contraction,contraction,False
2552,334,A,0.00284520737139823018543629158872923042148365755461559587741824,0.972775,True,True,True,True,tie,tie,True
2553,334,A,0.00253922844521533930574388535821358948277940983262836357473035,0.972775,True,True,True,True,rebound,rebound,False
2554,333,B,0.00230974425057817114597458068532685877875122404113793934771443,0.972775,True,True,True,True,contraction,contraction,False
2555,334,A,0.00271410477380709690799709127670797258759341103112079853965288,0.972775,True,True,True,True,rebound,rebound,False
2556,333,B,0.00244090149702198934766448512419764610736172494000726557140633,0.972775,True,True,True,True,contraction,contraction,False
2557,334,A,0.00284520737139823018543629158872923042148365755461559587741824,0.972775,True,True,True,True,tie,tie,True
2558,334,A,0.00253922844521533930574388535821358948277940983262836357473035,0.972775,True,True,True,True,rebound,rebound,False
2559,333,B,0.00230974425057817114597458068532685877875122404113793934771443,0.972775,True,True,True,True,contraction,contraction,False
2560,334,A,0.00271410477380709690799709127670797258759341103112079853965288,0.972775,True,True,True,True,rebound,rebound,False
2561,333,B,0.00244090149702198934766448512419764610736172494000726557140633,0.972775,True,True,True,True,contraction,contraction,False
2562,334,A,0.00284520737139823018543629158872923042148365755461559587741824,0.972775,True,True,True,True,tie,tie,True
2563,334,A,0.00253922844521533930574388535821358948277940983262836357473035,0.972775,True,True,True,True,rebound,rebound,False
2564,333,B,0.00230974425057817114597458068532685877875122404113793934771443,0.972775,True,True,True,True,contraction,contraction,False
2565,334,A,0.00271410477380709690799709127670797258759341103112079853965288,0.972775,True,True,True,True,rebound,rebound,False
2566,333,B,0.00244090149702198934766448512419764610736172494000726557140633,0.972775,True,True,True,True,contraction,contraction,False
2567,334,A,0.00284520737139823018543629158872923042148365755461559587741824,0.972775,True,True,True,True,tie,tie,True
2568,334,A,0.00253922844521533930574388535821358948277940983262836357473035,0.972775,True,True,True,True,rebound,rebound,False
2569,333,B,0.00230974425057817114597458068532685877875122404113793934771443,0.972775,True,True,True,True,contraction,contraction,False
2570,334,A,0.00271410477380709690799709127670797258759341103112079853965288,0.972775,True,True,True,True,rebound,rebound,False
2571,333,B,0.00244090149702198934766448512419764610736172494000726557140633,0.972775,True,True,True,True,contraction,contraction,False
2572,334,A,0.00284520737139823018543629158872923042148365755461559587741824,0.972775,True,True,True,True,tie,tie,True
2573,334,A,0.00253922844521533930574388535821358948277940983262836357473035,0.972775,True,True,True,True,rebound,rebound,False
2574,333,B,0.00230974425057817114597458068532685877875122404113793934771443,0.972775,True,True,True,True,contraction,contraction,False
2575,334,A,0.00271410477380709690799709127670797258759341103112079853965288,0.972775,True,True,True,True,rebound,rebound,False
2576,333,B,0.00244090149702198934766448512419764610736172494000726557140633,0.972775,True,True,True,True,contraction,contraction,False
2577,334,A,0.00284520737139823018543629158872923042148365755461559587741824,0.972775,True,True,True,True,tie,tie,True
2578,334,A,0.00253922844521533930574388535821358948277940983262836357473035,0.972775,True,True,True,True,rebound,rebound,False
2579,333,B,0.00230974425057817114597458068532685877875122404113793934771443,0.972775,True,True,True,True,contraction,contraction,False
2580,334,A,0.00271410477380709690799709127670797258759341103112079853965288,0.972775,True,True,True,True,rebound,rebound,False
2581,333,B,0.00244090149702198934766448512419764610736172494000726557140633,0.972775,True,True,True,True,contraction,contraction,False
2582,334,A,0.00284520737139823018543629158872923042148365755461559587741824,0.972775,True,True,True,True,tie,tie,True
2583,334,A,0.00253922844521533930574388535821358948277940983262836357473035,0.972775,True,True,True,True,rebound,rebound,False
2584,333,B,0.00230974425057817114597458068532685877875122404113793934771443,0.972775,True,True,True,True,contraction,contraction,False
2585,334,A,0.00271410477380709690799709127670797258759341103112079853965288,0.972775,True,True,True,True,rebound,rebound,False
2586,333,B,0.00244090149702198934766448512419764610736172494000726557140633,0.972775,True,True,True,True,contraction,contraction,False
2587,334,A,0.00284520737139823018543629158872923042148365755461559587741824,0.972775,True,True,True,True,tie,tie,True
2588,334,A,0.00253922844521533930574388535821358948277940983262836357473035,0.972775,True,True,True,True,rebound,rebound,False
2589,333,B,0.00230974425057817114597458068532685877875122404113793934771443,0.972775,True,True,True,True,contraction,contraction,False
2590,334,A,0.00271410477380709690799709127670797258759341103112079853965288,0.972775,True,True,True,True,rebound,rebound,False
2591,333,B,0.00244090149702198934766448512419764610736172494000726557140633,0.972775,True,True,True,True,contraction,contraction,False
2592,334,A,0.00284520737139823018543629158872923042148365755461559587741824,0.972775,True,True,True,True,tie,tie,True
2593,334,A,0.00253922844521533930574388535821358948277940983262836357473035,0.972775,True,True,True,True,rebound,rebound,False
2594,333,B,0.00230974425057817114597458068532685877875122404113793934771443,0.972775,True,True,True,True,contraction,contraction,False
2595,334,A,0.00271410477380709690799709127670797258759341103112079853965288,0.972775,True,True,True,True,rebound,rebound,False
2596,333,B,0.00244090149702198934766448512419764610736172494000726557140633,0.972775,True,True,True,True,contraction,contraction,False
2597,334,A,0.00284520737139823018543629158872923042148365755461559587741824,0.972775,True,True,True,True,tie,tie,True
2598,334,A,0.00253922844521533930574388535821358948277940983262836357473035,0.972775,True,True,True,True,rebound,rebound,False
2599,333,B,0.00230974425057817114597458068532685877875122404113793934771443,0.972775,True,True,True,True,contraction,contraction,False
2600,334,A,0.00271410477380709690799709127670797258759341103112079853965288,0.972775,True,True,True,True,rebound,rebound,False
2601,333,B,0.00244090149702198934766448512419764610736172494000726557140633,0.972775,True,True,True,True,contraction,contraction,False
2602,334,A,0.00284520737139823018543629158872923042148365755461559587741824,0.972775,True,True,True,True,tie,tie,True
2603,334,A,0.00253922844521533930574388535821358948277940983262836357473035,0.972775,True,True,True,True,rebound,rebound,False
2604,333,B,0.00230974425057817114597458068532685877875122404113793934771443,0.972775,True,True,True,True,contraction,contraction,False
2605,334,A,0.00271410477380709690799709127670797258759341103112079853965288,0.972775,True,True,True,True,rebound,rebound,False
2606,333,B,0.00244090149702198934766448512419764610736172494000726557140633,0.972775,True,True,True,True,contraction,contraction,False
2607,334,A,0.00284520737139823018543629158872923042148365755461559587741824,0.972775,True,True,True,True,tie,tie,True
2608,334,A,0.00253922844521533930574388535821358948277940983262836357473035,0.972775,True,True,True,True,rebound,rebound,False
2609,333,B,0.00230974425057817114597458068532685877875122404113793934771443,0.972775,True,True,True,True,contraction,contraction,False
2610,334,A,0.00271410477380709690799709127670797258759341103112079853965288,0.972775,True,True,True,True,rebound,rebound,False
2611,333,B,0.00244090149702198934766448512419764610736172494000726557140633,0.972775,True,True,True,True,contraction,contraction,False
2612,334,A,0.00284520737139823018543629158872923042148365755461559587741824,0.972775,True,True,True,True,tie,tie,True
2613,334,A,0.00253922844521533930574388535821358948277940983262836357473035,0.972775,True,True,True,True,rebound,rebound,False
2614,333,B,0.00230974425057817114597458068532685877875122404113793934771443,0.972775,True,True,True,True,contraction,contraction,False
2615,334,A,0.00271410477380709690799709127670797258759341103112079853965288,0.972775,True,True,True,True,rebound,rebound,False
2616,333,B,0.00244090149702198934766448512419764610736172494000726557140633,0.972775,True,True,True,True,contraction,contraction,False
2617,334,A,0.00284520737139823018543629158872923042148365755461559587741824,0.972775,True,True,True,True,tie,tie,True
2618,334,A,0.00253922844521533930574388535821358948277940983262836357473035,0.972775,True,True,True,True,rebound,rebound,False
2619,333,B,0.00230974425057817114597458068532685877875122404113793934771443,0.972775,True,True,True,True,contraction,contraction,False
2620,334,A,0.00271410477380709690799709127670797258759341103112079853965288,0.972775,True,True,True,True,rebound,rebound,False
2621,333,B,0.00244090149702198934766448512419764610736172494000726557140633,0.972775,True,True,True,True,contraction,contraction,False
2622,334,A,0.00284520737139823018543629158872923042148365755461559587741824,0.972775,True,True,True,True,tie,tie,True
2623,334,A,0.00253922844521533930574388535821358948277940983262836357473035,0.972775,True,True,True,True,rebound,rebound,False
2624,333,B,0.00230974425057817114597458068532685877875122404113793934771443,0.972775,True,True,True,True,contraction,contraction,False
2625,334,A,0.00271410477380709690799709127670797258759341103112079853965288,0.972775,True,True,True,True,rebound,rebound,False
2626,333,B,0.00244090149702198934766448512419764610736172494000726557140633,0.972775,True,True,True,True,contraction,contraction,False
2627,334,A,0.00284520737139823018543629158872923042148365755461559587741824,0.972775,True,True,True,True,tie,tie,True
2628,334,A,0.00253922844521533930574388535821358948277940983262836357473035,0.972775,True,True,True,True,rebound,rebound,False
2629,333,B,0.00230974425057817114597458068532685877875122404113793934771443,0.972775,True,True,True,True,contraction,contraction,False
2630,334,A,0.00271410477380709690799709127670797258759341103112079853965288,0.972775,True,True,True,True,rebound,rebound,False
2631,333,B,0.00244090149702198934766448512419764610736172494000726557140633,0.972775,True,True,True,True,contraction,contraction,False
2632,334,A,0.00284520737139823018543629158872923042148365755461559587741824,0.972775,True,True,True,True,tie,tie,True
2633,334,A,0.00253922844521533930574388535821358948277940983262836357473035,0.972775,True,True,True,True,rebound,rebound,False
2634,333,B,0.00230974425057817114597458068532685877875122404113793934771443,0.972775,True,True,True,True,contraction,contraction,False
2635,334,A,0.00271410477380709690799709127670797258759341103112079853965288,0.972775,True,True,True,True,rebound,rebound,False
2636,333,B,0.00244090149702198934766448512419764610736172494000726557140633,0.972775,True,True,True,True,contraction,contraction,False
2637,334,A,0.00284520737139823018543629158872923042148365755461559587741824,0.972775,True,True,True,True,tie,tie,True
2638,334,A,0.00253922844521533930574388535821358948277940983262836357473035,0.972775,True,True,True,True,rebound,rebound,False
2639,333,B,0.00230974425057817114597458068532685877875122404113793934771443,0.972775,True,True,True,True,contraction,contraction,False
2640,334,A,0.00271410477380709690799709127670797258759341103112079853965288,0.972775,True,True,True,True,rebound,rebound,False
2641,333,B,0.00244090149702198934766448512419764610736172494000726557140633,0.972775,True,True,True,True,contraction,contraction,False
2642,334,A,0.00284520737139823018543629158872923042148365755461559587741824,0.972775,True,True,True,True,tie,tie,True
2643,334,A,0.00253922844521533930574388535821358948277940983262836357473035,0.972775,True,True,True,True,rebound,rebound,False
2644,333,B,0.00230974425057817114597458068532685877875122404113793934771443,0.972775,True,True,True,True,contraction,contraction,False
2645,334,A,0.00271410477380709690799709127670797258759341103112079853965288,0.972775,True,True,True,True,rebound,rebound,False
2646,333,B,0.00244090149702198934766448512419764610736172494000726557140633,0.972775,True,True,True,True,contraction,contraction,False
2647,334,A,0.00284520737139823018543629158872923042148365755461559587741824,0.972775,True,True,True,True,tie,tie,True
2648,334,A,0.00253922844521533930574388535821358948277940983262836357473035,0.972775,True,True,True,True,rebound,rebound,False
2649,333,B,0.00230974425057817114597458068532685877875122404113793934771443,0.972775,True,True,True,True,contraction,contraction,False
2650,334,A,0.00271410477380709690799709127670797258759341103112079853965288,0.972775,True,True,True,True,rebound,rebound,False
2651,333,B,0.00244090149702198934766448512419764610736172494000726557140633,0.972775,True,True,True,True,contraction,contraction,False
2652,334,A,0.00284520737139823018543629158872923042148365755461559587741824,0.972775,True,True,True,True,tie,tie,True
2653,334,A,0.00253922844521533930574388535821358948277940983262836357473035,0.972775,True,True,True,True,rebound,rebound,False
2654,333,B,0.00230974425057817114597458068532685877875122404113793934771443,0.972775,True,True,True,True,contraction,contraction,False
2655,334,A,0.00271410477380709690799709127670797258759341103112079853965288,0.972775,True,True,True,True,rebound,rebound,False
2656,333,B,0.00244090149702198934766448512419764610736172494000726557140633,0.972775,True,True,True,True,contraction,contraction,False
2657,334,A,0.00284520737139823018543629158872923042148365755461559587741824,0.972775,True,True,True,True,tie,tie,True
2658,334,A,0.00253922844521533930574388535821358948277940983262836357473035,0.972775,True,True,True,True,rebound,rebound,False
2659,333,B,0.00230974425057817114597458068532685877875122404113793934771443,0.972775,True,True,True,True,contraction,contraction,False
2660,334,A,0.00271410477380709690799709127670797258759341103112079853965288,0.972775,True,True,True,True,rebound,rebound,False
2661,333,B,0.00244090149702198934766448512419764610736172494000726557140633,0.972775,True,True,True,True,contraction,contraction,False
2662,334,A,0.00284520737139823018543629158872923042148365755461559587741824,0.972775,True,True,True,True,tie,tie,True
2663,334,A,0.00253922844521533930574388535821358948277940983262836357473035,0.972775,True,True,True,True,rebound,rebound,False
2664,333,B,0.00230974425057817114597458068532685877875122404113793934771443,0.972775,True,True,True,True,contraction,contraction,False
2665,334,A,0.00271410477380709690799709127670797258759341103112079853965288,0.972775,True,True,True,True,rebound,rebound,False
2666,333,B,0.00244090149702198934766448512419764610736172494000726557140633,0.972775,True,True,True,True,contraction,contraction,False
2667,334,A,0.00284520737139823018543629158872923042148365755461559587741824,0.972775,True,True,True,True,tie,tie,True
2668,334,A,0.00253922844521533930574388535821358948277940983262836357473035,0.972775,True,True,True,True,rebound,rebound,False
2669,333,B,0.00230974425057817114597458068532685877875122404113793934771443,0.972775,True,True,True,True,contraction,contraction,False
2670,334,A,0.00271410477380709690799709127670797258759341103112079853965288,0.972775,True,True,True,True,rebound,rebound,False
2671,333,B,0.00244090149702198934766448512419764610736172494000726557140633,0.972775,True,True,True,True,contraction,contraction,False
2672,334,A,0.00284520737139823018543629158872923042148365755461559587741824,0.972775,True,True,True,True,tie,tie,True
2673,334,A,0.00253922844521533930574388535821358948277940983262836357473035,0.972775,True,True,True,True,rebound,rebound,False
2674,333,B,0.00230974425057817114597458068532685877875122404113793934771443,0.972775,True,True,True,True,contraction,contraction,False
2675,334,A,0.00271410477380709690799709127670797258759341103112079853965288,0.972775,True,True,True,True,rebound,rebound,False
2676,333,B,0.00244090149702198934766448512419764610736172494000726557140633,0.972775,True,True,True,True,contraction,contraction,False
2677,334,A,0.00284520737139823018543629158872923042148365755461559587741824,0.972775,True,True,True,True,tie,tie,True
2678,334,A,0.00253922844521533930574388535821358948277940983262836357473035,0.972775,True,True,True,True,rebound,rebound,False
2679,333,B,0.00230974425057817114597458068532685877875122404113793934771443,0.972775,True,True,True,True,contraction,contraction,False
2680,334,A,0.00271410477380709690799709127670797258759341103112079853965288,0.972775,True,True,True,True,rebound,rebound,False
2681,333,B,0.00244090149702198934766448512419764610736172494000726557140633,0.972775,True,True,True,True,contraction,contraction,False
2682,334,A,0.00284520737139823018543629158872923042148365755461559587741824,0.972775,True,True,True,True,tie,tie,True
2683,334,A,0.00253922844521533930574388535821358948277940983262836357473035,0.972775,True,True,True,True,rebound,rebound,False
2684,333,B,0.00230974425057817114597458068532685877875122404113793934771443,0.972775,True,True,True,True,contraction,contraction,False
2685,334,A,0.00271410477380709690799709127670797258759341103112079853965288,0.972775,True,True,True,True,rebound,rebound,False
2686,333,B,0.00244090149702198934766448512419764610736172494000726557140633,0.972775,True,True,True,True,contraction,contraction,False
2687,334,A,0.00284520737139823018543629158872923042148365755461559587741824,0.972775,True,True,True,True,tie,tie,True
2688,334,A,0.00253922844521533930574388535821358948277940983262836357473035,0.972775,True,True,True,True,rebound,rebound,False
2689,333,B,0.00230974425057817114597458068532685877875122404113793934771443,0.972775,True,True,True,True,contraction,contraction,False
2690,334,A,0.00271410477380709690799709127670797258759341103112079853965288,0.972775,True,True,True,True,rebound,rebound,False
2691,333,B,0.00244090149702198934766448512419764610736172494000726557140633,0.972775,True,True,True,True,contraction,contraction,False
2692,334,A,0.00284520737139823018543629158872923042148365755461559587741824,0.972775,True,True,True,True,tie,tie,True
2693,334,A,0.00253922844521533930574388535821358948277940983262836357473035,0.972775,True,True,True,True,rebound,rebound,False
2694,333,B,0.00230974425057817114597458068532685877875122404113793934771443,0.972775,True,True,True,True,contraction,contraction,False
2695,334,A,0.00271410477380709690799709127670797258759341103112079853965288,0.972775,True,True,True,True,rebound,rebound,False
2696,333,B,0.00244090149702198934766448512419764610736172494000726557140633,0.972775,True,True,True,True,contraction,contraction,False
2697,334,A,0.00284520737139823018543629158872923042148365755461559587741824,0.972775,True,True,True,True,tie,tie,True
2698,334,A,0.00253922844521533930574388535821358948277940983262836357473035,0.972775,True,True,True,True,rebound,rebound,False
2699,333,B,0.00230974425057817114597458068532685877875122404113793934771443,0.972775,True,True,True,True,contraction,contraction,False
2700,334,A,0.00271410477380709690799709127670797258759341103112079853965288,0.972775,True,True,True,True,rebound,rebound,False
2701,333,B,0.00244090149702198934766448512419764610736172494000726557140633,0.972775,True,True,True,True,contraction,contraction,False
2702,334,A,0.00284520737139823018543629158872923042148365755461559587741824,0.972775,True,True,True,True,tie,tie,True
2703,334,A,0.00253922844521533930574388535821358948277940983262836357473035,0.972775,True,True,True,True,rebound,rebound,False
2704,333,B,0.00230974425057817114597458068532685877875122404113793934771443,0.972775,True,True,True,True,contraction,contraction,False
2705,334,A,0.00271410477380709690799709127670797258759341103112079853965288,0.972775,True,True,True,True,rebound,rebound,False
2706,333,B,0.00244090149702198934766448512419764610736172494000726557140633,0.972775,True,True,True,True,contraction,contraction,False
2707,334,A,0.00284520737139823018543629158872923042148365755461559587741824,0.972775,True,True,True,True,tie,tie,True
2708,334,A,0.00253922844521533930574388535821358948277940983262836357473035,0.972775,True,True,True,True,rebound,rebound,False
2709,333,B,0.00230974425057817114597458068532685877875122404113793934771443,0.972775,True,True,True,True,contraction,contraction,False
2710,334,A,0.00271410477380709690799709127670797258759341103112079853965288,0.972775,True,True,True,True,rebound,rebound,False
2711,333,B,0.00244090149702198934766448512419764610736172494000726557140633,0.972775,True,True,True,True,contraction,contraction,False
2712,334,A,0.00284520737139823018543629158872923042148365755461559587741824,0.972775,True,True,True,True,tie,tie,True
2713,334,A,0.00253922844521533930574388535821358948277940983262836357473035,0.972775,True,True,True,True,rebound,rebound,False
2714,333,B,0.00230974425057817114597458068532685877875122404113793934771443,0.972775,True,True,True,True,contraction,contraction,False
2715,334,A,0.00271410477380709690799709127670797258759341103112079853965288,0.972775,True,True,True,True,rebound,rebound,False
2716,333,B,0.00244090149702198934766448512419764610736172494000726557140633,0.972775,True,True,True,True,contraction,contraction,False
2717,334,A,0.00284520737139823018543629158872923042148365755461559587741824,0.972775,True,True,True,True,tie,tie,True
2718,334,A,0.00253922844521533930574388535821358948277940983262836357473035,0.972775,True,True,True,True,rebound,rebound,False
2719,333,B,0.00230974425057817114597458068532685877875122404113793934771443,0.972775,True,True,True,True,contraction,contraction,False
2720,334,A,0.00271410477380709690799709127670797258759341103112079853965288,0.972775,True,True,True,True,rebound,rebound,False
2721,333,B,0.00244090149702198934766448512419764610736172494000726557140633,0.972775,True,True,True,True,contraction,contraction,False
2722,334,A,0.00284520737139823018543629158872923042148365755461559587741824,0.972775,True,True,True,True,tie,tie,True
2723,334,A,0.00253922844521533930574388535821358948277940983262836357473035,0.972775,True,True,True,True,rebound,rebound,False
2724,333,B,0.00230974425057817114597458068532685877875122404113793934771443,0.972775,True,True,True,True,contraction,contraction,False
2725,334,A,0.00271410477380709690799709127670797258759341103112079853965288,0.972775,True,True,True,True,rebound,rebound,False
2726,333,B,0.00244090149702198934766448512419764610736172494000726557140633,0.972775,True,True,True,True,contraction,contraction,False
2727,334,A,0.00284520737139823018543629158872923042148365755461559587741824,0.972775,True,True,True,True,tie,tie,True
2728,334,A,0.00253922844521533930574388535821358948277940983262836357473035,0.972775,True,True,True,True,rebound,rebound,False
2729,333,B,0.00230974425057817114597458068532685877875122404113793934771443,0.972775,True,True,True,True,contraction,contraction,False
2730,334,A,0.00271410477380709690799709127670797258759341103112079853965288,0.972775,True,True,True,True,rebound,rebound,False
2731,333,B,0.00244090149702198934766448512419764610736172494000726557140633,0.972775,True,True,True,True,contraction,contraction,False
2732,334,A,0.00284520737139823018543629158872923042148365755461559587741824,0.972775,True,True,True,True,tie,tie,True
2733,334,A,0.00253922844521533930574388535821358948277940983262836357473035,0.972775,True,True,True,True,rebound,rebound,False
2734,333,B,0.00230974425057817114597458068532685877875122404113793934771443,0.972775,True,True,True,True,contraction,contraction,False
2735,334,A,0.00271410477380709690799709127670797258759341103112079853965288,0.972775,True,True,True,True,rebound,rebound,False
2736,333,B,0.00244090149702198934766448512419764610736172494000726557140633,0.972775,True,True,True,True,contraction,contraction,False
2737,334,A,0.00284520737139823018543629158872923042148365755461559587741824,0.972775,True,True,True,True,tie,tie,True
2738,334,A,0.00253922844521533930574388535821358948277940983262836357473035,0.972775,True,True,True,True,rebound,rebound,False
2739,333,B,0.00230974425057817114597458068532685877875122404113793934771443,0.972775,True,True,True,True,contraction,contraction,False
2740,334,A,0.00271410477380709690799709127670797258759341103112079853965288,0.972775,True,True,True,True,rebound,rebound,False
2741,333,B,0.00244090149702198934766448512419764610736172494000726557140633,0.972775,True,True,True,True,contraction,contraction,False
2742,334,A,0.00284520737139823018543629158872923042148365755461559587741824,0.972775,True,True,True,True,tie,tie,True
2743,334,A,0.00253922844521533930574388535821358948277940983262836357473035,0.972775,True,True,True,True,rebound,rebound,False
2744,333,B,0.00230974425057817114597458068532685877875122404113793934771443,0.972775,True,True,True,True,contraction,contraction,False
2745,334,A,0.00271410477380709690799709127670797258759341103112079853965288,0.972775,True,True,True,True,rebound,rebound,False
2746,333,B,0.00244090149702198934766448512419764610736172494000726557140633,0.972775,True,True,True,True,contraction,contraction,False
2747,334,A,0.00284520737139823018543629158872923042148365755461559587741824,0.972775,True,True,True,True,tie,tie,True
2748,334,A,0.00253922844521533930574388535821358948277940983262836357473035,0.972775,True,True,True,True,rebound,rebound,False
2749,333,B,0.00230974425057817114597458068532685877875122404113793934771443,0.972775,True,True,True,True,contraction,contraction,False
2750,334,A,0.00271410477380709690799709127670797258759341103112079853965288,0.972775,True,True,True,True,rebound,rebound,False
2751,333,B,0.00244090149702198934766448512419764610736172494000726557140633,0.972775,True,True,True,True,contraction,contraction,False
2752,334,A,0.00284520737139823018543629158872923042148365755461559587741824,0.972775,True,True,True,True,tie,tie,True
2753,334,A,0.00253922844521533930574388535821358948277940983262836357473035,0.972775,True,True,True,True,rebound,rebound,False
2754,333,B,0.00230974425057817114597458068532685877875122404113793934771443,0.972775,True,True,True,True,contraction,contraction,False
2755,334,A,0.00271410477380709690799709127670797258759341103112079853965288,0.972775,True,True,True,True,rebound,rebound,False
2756,333,B,0.00244090149702198934766448512419764610736172494000726557140633,0.972775,True,True,True,True,contraction,contraction,False
2757,334,A,0.00284520737139823018543629158872923042148365755461559587741824,0.972775,True,True,True,True,tie,tie,True
2758,334,A,0.00253922844521533930574388535821358948277940983262836357473035,0.972775,True,True,True,True,rebound,rebound,False
2759,333,B,0.00230974425057817114597458068532685877875122404113793934771443,0.972775,True,True,True,True,contraction,contraction,False
2760,334,A,0.00271410477380709690799709127670797258759341103112079853965288,0.972775,True,True,True,True,rebound,rebound,False
2761,333,B,0.00244090149702198934766448512419764610736172494000726557140633,0.972775,True,True,True,True,contraction,contraction,False
2762,334,A,0.00284520737139823018543629158872923042148365755461559587741824,0.972775,True,True,True,True,tie,tie,True
2763,334,A,0.00253922844521533930574388535821358948277940983262836357473035,0.972775,True,True,True,True,rebound,rebound,False
2764,333,B,0.00230974425057817114597458068532685877875122404113793934771443,0.972775,True,True,True,True,contraction,contraction,False
2765,334,A,0.00271410477380709690799709127670797258759341103112079853965288,0.972775,True,True,True,True,rebound,rebound,False
2766,333,B,0.00244090149702198934766448512419764610736172494000726557140633,0.972775,True,True,True,True,contraction,contraction,False
2767,334,A,0.00284520737139823018543629158872923042148365755461559587741824,0.972775,True,True,True,True,tie,tie,True
2768,334,A,0.00253922844521533930574388535821358948277940983262836357473035,0.972775,True,True,True,True,rebound,rebound,False
2769,333,B,0.00230974425057817114597458068532685877875122404113793934771443,0.972775,True,True,True,True,contraction,contraction,False
2770,334,A,0.00271410477380709690799709127670797258759341103112079853965288,0.972775,True,True,True,True,rebound,rebound,False
2771,333,B,0.00244090149702198934766448512419764610736172494000726557140633,0.972775,True,True,True,True,contraction,contraction,False
2772,334,A,0.00284520737139823018543629158872923042148365755461559587741824,0.972775,True,True,True,True,tie,tie,True
2773,334,A,0.00253922844521533930574388535821358948277940983262836357473035,0.972775,True,True,True,True,rebound,rebound,False
2774,333,B,0.00230974425057817114597458068532685877875122404113793934771443,0.972775,True,True,True,True,contraction,contraction,False
2775,334,A,0.00271410477380709690799709127670797258759341103112079853965288,0.972775,True,True,True,True,rebound,rebound,False
2776,333,B,0.00244090149702198934766448512419764610736172494000726557140633,0.972775,True,True,True,True,contraction,contraction,False
2777,334,A,0.00284520737139823018543629158872923042148365755461559587741824,0.972775,True,True,True,True,tie,tie,True
2778,334,A,0.00253922844521533930574388535821358948277940983262836357473035,0.972775,True,True,True,True,rebound,rebound,False
2779,333,B,0.00230974425057817114597458068532685877875122404113793934771443,0.972775,True,True,True,True,contraction,contraction,False
2780,334,A,0.00271410477380709690799709127670797258759341103112079853965288,0.972775,True,True,True,True,rebound,rebound,False
2781,333,B,0.00244090149702198934766448512419764610736172494000726557140633,0.972775,True,True,True,True,contraction,contraction,False
2782,334,A,0.00284520737139823018543629158872923042148365755461559587741824,0.972775,True,True,True,True,tie,tie,True
2783,334,A,0.00253922844521533930574388535821358948277940983262836357473035,0.972775,True,True,True,True,rebound,rebound,False
2784,333,B,0.00230974425057817114597458068532685877875122404113793934771443,0.972775,True,True,True,True,contraction,contraction,False
2785,334,A,0.00271410477380709690799709127670797258759341103112079853965288,0.972775,True,True,True,True,rebound,rebound,False
2786,333,B,0.00244090149702198934766448512419764610736172494000726557140633,0.972775,True,True,True,True,contraction,contraction,False
2787,334,A,0.00284520737139823018543629158872923042148365755461559587741824,0.972775,True,True,True,True,tie,tie,True
2788,334,A,0.00253922844521533930574388535821358948277940983262836357473035,0.972775,True,True,True,True,rebound,rebound,False
2789,333,B,0.00230974425057817114597458068532685877875122404113793934771443,0.972775,True,True,True,True,contraction,contraction,False
2790,334,A,0.00271410477380709690799709127670797258759341103112079853965288,0.972775,True,True,True,True,rebound,rebound,False
2791,333,B,0.00244090149702198934766448512419764610736172494000726557140633,0.972775,True,True,True,True,contraction,contraction,False
2792,334,A,0.00284520737139823018543629158872923042148365755461559587741824,0.972775,True,True,True,True,tie,tie,True
2793,334,A,0.00253922844521533930574388535821358948277940983262836357473035,0.972775,True,True,True,True,rebound,rebound,False
2794,333,B,0.00230974425057817114597458068532685877875122404113793934771443,0.972775,True,True,True,True,contraction,contraction,False
2795,334,A,0.00271410477380709690799709127670797258759341103112079853965288,0.972775,True,True,True,True,rebound,rebound,False
2796,333,B,0.00244090149702198934766448512419764610736172494000726557140633,0.972775,True,True,True,True,contraction,contraction,False
2797,334,A,0.00284520737139823018543629158872923042148365755461559587741824,0.972775,True,True,True,True,tie,tie,True
2798,334,A,0.00253922844521533930574388535821358948277940983262836357473035,0.972775,True,True,True,True,rebound,rebound,False
2799,333,B,0.00230974425057817114597458068532685877875122404113793934771443,0.972775,True,True,True,True,contraction,contraction,False
2800,334,A,0.00271410477380709690799709127670797258759341103112079853965288,0.972775,True,True,True,True,rebound,rebound,False
2801,333,B,0.00244090149702198934766448512419764610736172494000726557140633,0.972775,True,True,True,True,contraction,contraction,False
2802,334,A,0.00284520737139823018543629158872923042148365755461559587741824,0.972775,True,True,True,True,tie,tie,True
2803,334,A,0.00253922844521533930574388535821358948277940983262836357473035,0.972775,True,True,True,True,rebound,rebound,False
2804,333,B,0.00230974425057817114597458068532685877875122404113793934771443,0.972775,True,True,True,True,contraction,contraction,False
2805,334,A,0.00271410477380709690799709127670797258759341103112079853965288,0.972775,True,True,True,True,rebound,rebound,False
2806,333,B,0.00244090149702198934766448512419764610736172494000726557140633,0.972775,True,True,True,True,contraction,contraction,False
2807,334,A,0.00284520737139823018543629158872923042148365755461559587741824,0.972775,True,True,True,True,tie,tie,True
2808,334,A,0.00253922844521533930574388535821358948277940983262836357473035,0.972775,True,True,True,True,rebound,rebound,False
2809,333,B,0.00230974425057817114597458068532685877875122404113793934771443,0.972775,True,True,True,True,contraction,contraction,False
2810,334,A,0.00271410477380709690799709127670797258759341103112079853965288,0.972775,True,True,True,True,rebound,rebound,False
2811,333,B,0.00244090149702198934766448512419764610736172494000726557140633,0.972775,True,True,True,True,contraction,contraction,False
2812,334,A,0.00284520737139823018543629158872923042148365755461559587741824,0.972775,True,True,True,True,tie,tie,True
2813,334,A,0.00253922844521533930574388535821358948277940983262836357473035,0.972775,True,True,True,True,rebound,rebound,False
2814,333,B,0.00230974425057817114597458068532685877875122404113793934771443,0.972775,True,True,True,True,contraction,contraction,False
2815,334,A,0.00271410477380709690799709127670797258759341103112079853965288,0.972775,True,True,True,True,rebound,rebound,False
2816,333,B,0.00244090149702198934766448512419764610736172494000726557140633,0.972775,True,True,True,True,contraction,contraction,False
2817,334,A,0.00284520737139823018543629158872923042148365755461559587741824,0.972775,True,True,True,True,tie,tie,True
2818,334,A,0.00253922844521533930574388535821358948277940983262836357473035,0.972775,True,True,True,True,rebound,rebound,False
2819,333,B,0.00230974425057817114597458068532685877875122404113793934771443,0.972775,True,True,True,True,contraction,contraction,False
2820,334,A,0.00271410477380709690799709127670797258759341103112079853965288,0.972775,True,True,True,True,rebound,rebound,False
2821,333,B,0.00244090149702198934766448512419764610736172494000726557140633,0.972775,True,True,True,True,contraction,contraction,False
2822,334,A,0.00284520737139823018543629158872923042148365755461559587741824,0.972775,True,True,True,True,tie,tie,True
2823,334,A,0.00253922844521533930574388535821358948277940983262836357473035,0.972775,True,True,True,True,rebound,rebound,False
2824,333,B,0.00230974425057817114597458068532685877875122404113793934771443,0.972775,True,True,True,True,contraction,contraction,False
2825,334,A,0.00271410477380709690799709127670797258759341103112079853965288,0.972775,True,True,True,True,rebound,rebound,False
2826,333,B,0.00244090149702198934766448512419764610736172494000726557140633,0.972775,True,True,True,True,contraction,contraction,False
2827,334,A,0.00284520737139823018543629158872923042148365755461559587741824,0.972775,True,True,True,True,tie,tie,True
2828,334,A,0.00253922844521533930574388535821358948277940983262836357473035,0.972775,True,True,True,True,rebound,rebound,False
2829,333,B,0.00230974425057817114597458068532685877875122404113793934771443,0.972775,True,True,True,True,contraction,contraction,False
2830,334,A,0.00271410477380709690799709127670797258759341103112079853965288,0.972775,True,True,True,True,rebound,rebound,False
2831,333,B,0.00244090149702198934766448512419764610736172494000726557140633,0.972775,True,True,True,True,contraction,contraction,False
2832,334,A,0.00284520737139823018543629158872923042148365755461559587741824,0.972775,True,True,True,True,tie,tie,True
2833,334,A,0.00253922844521533930574388535821358948277940983262836357473035,0.972775,True,True,True,True,rebound,rebound,False
2834,333,B,0.00230974425057817114597458068532685877875122404113793934771443,0.972775,True,True,True,True,contraction,contraction,False
2835,334,A,0.00271410477380709690799709127670797258759341103112079853965288,0.972775,True,True,True,True,rebound,rebound,False
2836,333,B,0.00244090149702198934766448512419764610736172494000726557140633,0.972775,True,True,True,True,contraction,contraction,False
2837,334,A,0.00284520737139823018543629158872923042148365755461559587741824,0.972775,True,True,True,True,tie,tie,True
2838,334,A,0.00253922844521533930574388535821358948277940983262836357473035,0.972775,True,True,True,True,rebound,rebound,False
2839,333,B,0.00230974425057817114597458068532685877875122404113793934771443,0.972775,True,True,True,True,contraction,contraction,False
2840,334,A,0.00271410477380709690799709127670797258759341103112079853965288,0.972775,True,True,True,True,rebound,rebound,False
2841,333,B,0.00244090149702198934766448512419764610736172494000726557140633,0.972775,True,True,True,True,contraction,contraction,False
2842,334,A,0.00284520737139823018543629158872923042148365755461559587741824,0.972775,True,True,True,True,tie,tie,True
2843,334,A,0.00253922844521533930574388535821358948277940983262836357473035,0.972775,True,True,True,True,rebound,rebound,False
2844,333,B,0.00230974425057817114597458068532685877875122404113793934771443,0.972775,True,True,True,True,contraction,contraction,False
2845,334,A,0.00271410477380709690799709127670797258759341103112079853965288,0.972775,True,True,True,True,rebound,rebound,False
2846,333,B,0.00244090149702198934766448512419764610736172494000726557140633,0.972775,True,True,True,True,contraction,contraction,False
2847,334,A,0.00284520737139823018543629158872923042148365755461559587741824,0.972775,True,True,True,True,tie,tie,True
2848,334,A,0.00253922844521533930574388535821358948277940983262836357473035,0.972775,True,True,True,True,rebound,rebound,False
2849,333,B,0.00230974425057817114597458068532685877875122404113793934771443,0.972775,True,True,True,True,contraction,contraction,False
2850,334,A,0.00271410477380709690799709127670797258759341103112079853965288,0.972775,True,True,True,True,rebound,rebound,False
2851,333,B,0.00244090149702198934766448512419764610736172494000726557140633,0.972775,True,True,True,True,contraction,contraction,False
2852,334,A,0.00284520737139823018543629158872923042148365755461559587741824,0.972775,True,True,True,True,tie,tie,True
2853,334,A,0.00253922844521533930574388535821358948277940983262836357473035,0.972775,True,True,True,True,rebound,rebound,False
2854,333,B,0.00230974425057817114597458068532685877875122404113793934771443,0.972775,True,True,True,True,contraction,contraction,False
2855,334,A,0.00271410477380709690799709127670797258759341103112079853965288,0.972775,True,True,True,True,rebound,rebound,False
2856,333,B,0.00244090149702198934766448512419764610736172494000726557140633,0.972775,True,True,True,True,contraction,contraction,False
2857,334,A,0.00284520737139823018543629158872923042148365755461559587741824,0.972775,True,True,True,True,tie,tie,True
2858,334,A,0.00253922844521533930574388535821358948277940983262836357473035,0.972775,True,True,True,True,rebound,rebound,False
2859,333,B,0.00230974425057817114597458068532685877875122404113793934771443,0.972775,True,True,True,True,contraction,contraction,False
2860,334,A,0.00271410477380709690799709127670797258759341103112079853965288,0.972775,True,True,True,True,rebound,rebound,False
2861,333,B,0.00244090149702198934766448512419764610736172494000726557140633,0.972775,True,True,True,True,contraction,contraction,False
2862,334,A,0.00284520737139823018543629158872923042148365755461559587741824,0.972775,True,True,True,True,tie,tie,True
2863,334,A,0.00253922844521533930574388535821358948277940983262836357473035,0.972775,True,True,True,True,rebound,rebound,False
2864,333,B,0.00230974425057817114597458068532685877875122404113793934771443,0.972775,True,True,True,True,contraction,contraction,False
2865,334,A,0.00271410477380709690799709127670797258759341103112079853965288,0.972775,True,True,True,True,rebound,rebound,False
2866,333,B,0.00244090149702198934766448512419764610736172494000726557140633,0.972775,True,True,True,True,contraction,contraction,False
2867,334,A,0.00284520737139823018543629158872923042148365755461559587741824,0.972775,True,True,True,True,tie,tie,True
2868,334,A,0.00253922844521533930574388535821358948277940983262836357473035,0.972775,True,True,True,True,rebound,rebound,False
2869,333,B,0.00230974425057817114597458068532685877875122404113793934771443,0.972775,True,True,True,True,contraction,contraction,False
2870,334,A,0.00271410477380709690799709127670797258759341103112079853965288,0.972775,True,True,True,True,rebound,rebound,False
2871,333,B,0.00244090149702198934766448512419764610736172494000726557140633,0.972775,True,True,True,True,contraction,contraction,False
2872,334,A,0.00284520737139823018543629158872923042148365755461559587741824,0.972775,True,True,True,True,tie,tie,True
2873,334,A,0.00253922844521533930574388535821358948277940983262836357473035,0.972775,True,True,True,True,rebound,rebound,False
2874,333,B,0.00230974425057817114597458068532685877875122404113793934771443,0.972775,True,True,True,True,contraction,contraction,False
2875,334,A,0.00271410477380709690799709127670797258759341103112079853965288,0.972775,True,True,True,True,rebound,rebound,False
2876,333,B,0.00244090149702198934766448512419764610736172494000726557140633,0.972775,True,True,True,True,contraction,contraction,False
2877,334,A,0.00284520737139823018543629158872923042148365755461559587741824,0.972775,True,True,True,True,tie,tie,True
2878,334,A,0.00253922844521533930574388535821358948277940983262836357473035,0.972775,True,True,True,True,rebound,rebound,False
2879,333,B,0.00230974425057817114597458068532685877875122404113793934771443,0.972775,True,True,True,True,contraction,contraction,False
2880,334,A,0.00271410477380709690799709127670797258759341103112079853965288,0.972775,True,True,True,True,rebound,rebound,False
2881,333,B,0.00244090149702198934766448512419764610736172494000726557140633,0.972775,True,True,True,True,contraction,contraction,False
2882,334,A,0.00284520737139823018543629158872923042148365755461559587741824,0.972775,True,True,True,True,tie,tie,True
2883,334,A,0.00253922844521533930574388535821358948277940983262836357473035,0.972775,True,True,True,True,rebound,rebound,False
2884,333,B,0.00230974425057817114597458068532685877875122404113793934771443,0.972775,True,True,True,True,contraction,contraction,False
2885,334,A,0.00271410477380709690799709127670797258759341103112079853965288,0.972775,True,True,True,True,rebound,rebound,False
2886,333,B,0.00244090149702198934766448512419764610736172494000726557140633,0.972775,True,True,True,True,contraction,contraction,False
2887,334,A,0.00284520737139823018543629158872923042148365755461559587741824,0.972775,True,True,True,True,tie,tie,True
2888,334,A,0.00253922844521533930574388535821358948277940983262836357473035,0.972775,True,True,True,True,rebound,rebound,False
2889,333,B,0.00230974425057817114597458068532685877875122404113793934771443,0.972775,True,True,True,True,contraction,contraction,False
2890,334,A,0.00271410477380709690799709127670797258759341103112079853965288,0.972775,True,True,True,True,rebound,rebound,False
2891,333,B,0.00244090149702198934766448512419764610736172494000726557140633,0.972775,True,True,True,True,contraction,contraction,False
2892,334,A,0.00284520737139823018543629158872923042148365755461559587741824,0.972775,True,True,True,True,tie,tie,True
2893,334,A,0.00253922844521533930574388535821358948277940983262836357473035,0.972775,True,True,True,True,rebound,rebound,False
2894,333,B,0.00230974425057817114597458068532685877875122404113793934771443,0.972775,True,True,True,True,contraction,contraction,False
2895,334,A,0.00271410477380709690799709127670797258759341103112079853965288,0.972775,True,True,True,True,rebound,rebound,False
2896,333,B,0.00244090149702198934766448512419764610736172494000726557140633,0.972775,True,True,True,True,contraction,contraction,False
2897,334,A,0.00284520737139823018543629158872923042148365755461559587741824,0.972775,True,True,True,True,tie,tie,True
2898,334,A,0.00253922844521533930574388535821358948277940983262836357473035,0.972775,True,True,True,True,rebound,rebound,False
2899,333,B,0.00230974425057817114597458068532685877875122404113793934771443,0.972775,True,True,True,True,contraction,contraction,False
2900,334,A,0.00271410477380709690799709127670797258759341103112079853965288,0.972775,True,True,True,True,rebound,rebound,False
2901,333,B,0.00244090149702198934766448512419764610736172494000726557140633,0.972775,True,True,True,True,contraction,contraction,False
2902,334,A,0.00284520737139823018543629158872923042148365755461559587741824,0.972775,True,True,True,True,tie,tie,True
2903,334,A,0.00253922844521533930574388535821358948277940983262836357473035,0.972775,True,True,True,True,rebound,rebound,False
2904,333,B,0.00230974425057817114597458068532685877875122404113793934771443,0.972775,True,True,True,True,contraction,contraction,False
2905,334,A,0.00271410477380709690799709127670797258759341103112079853965288,0.972775,True,True,True,True,rebound,rebound,False
2906,333,B,0.00244090149702198934766448512419764610736172494000726557140633,0.972775,True,True,True,True,contraction,contraction,False
2907,334,A,0.00284520737139823018543629158872923042148365755461559587741824,0.972775,True,True,True,True,tie,tie,True
2908,334,A,0.00253922844521533930574388535821358948277940983262836357473035,0.972775,True,True,True,True,rebound,rebound,False
2909,333,B,0.00230974425057817114597458068532685877875122404113793934771443,0.972775,True,True,True,True,contraction,contraction,False
2910,334,A,0.00271410477380709690799709127670797258759341103112079853965288,0.972775,True,True,True,True,rebound,rebound,False
2911,333,B,0.00244090149702198934766448512419764610736172494000726557140633,0.972775,True,True,True,True,contraction,contraction,False
2912,334,A,0.00284520737139823018543629158872923042148365755461559587741824,0.972775,True,True,True,True,tie,tie,True
2913,334,A,0.00253922844521533930574388535821358948277940983262836357473035,0.972775,True,True,True,True,rebound,rebound,False
2914,333,B,0.00230974425057817114597458068532685877875122404113793934771443,0.972775,True,True,True,True,contraction,contraction,False
2915,334,A,0.00271410477380709690799709127670797258759341103112079853965288,0.972775,True,True,True,True,rebound,rebound,False
2916,333,B,0.00244090149702198934766448512419764610736172494000726557140633,0.972775,True,True,True,True,contraction,contraction,False
2917,334,A,0.00284520737139823018543629158872923042148365755461559587741824,0.972775,True,True,True,True,tie,tie,True
2918,334,A,0.00253922844521533930574388535821358948277940983262836357473035,0.972775,True,True,True,True,rebound,rebound,False
2919,333,B,0.00230974425057817114597458068532685877875122404113793934771443,0.972775,True,True,True,True,contraction,contraction,False
2920,334,A,0.00271410477380709690799709127670797258759341103112079853965288,0.972775,True,True,True,True,rebound,rebound,False
2921,333,B,0.00244090149702198934766448512419764610736172494000726557140633,0.972775,True,True,True,True,contraction,contraction,False
2922,334,A,0.00284520737139823018543629158872923042148365755461559587741824,0.972775,True,True,True,True,tie,tie,True
2923,334,A,0.00253922844521533930574388535821358948277940983262836357473035,0.972775,True,True,True,True,rebound,rebound,False
2924,333,B,0.00230974425057817114597458068532685877875122404113793934771443,0.972775,True,True,True,True,contraction,contraction,False
2925,334,A,0.00271410477380709690799709127670797258759341103112079853965288,0.972775,True,True,True,True,rebound,rebound,False
2926,333,B,0.00244090149702198934766448512419764610736172494000726557140633,0.972775,True,True,True,True,contraction,contraction,False
2927,334,A,0.00284520737139823018543629158872923042148365755461559587741824,0.972775,True,True,True,True,tie,tie,True
2928,334,A,0.00253922844521533930574388535821358948277940983262836357473035,0.972775,True,True,True,True,rebound,rebound,False
2929,333,B,0.00230974425057817114597458068532685877875122404113793934771443,0.972775,True,True,True,True,contraction,contraction,False
2930,334,A,0.00271410477380709690799709127670797258759341103112079853965288,0.972775,True,True,True,True,rebound,rebound,False
2931,333,B,0.00244090149702198934766448512419764610736172494000726557140633,0.972775,True,True,True,True,contraction,contraction,False
2932,334,A,0.00284520737139823018543629158872923042148365755461559587741824,0.972775,True,True,True,True,tie,tie,True
2933,334,A,0.00253922844521533930574388535821358948277940983262836357473035,0.972775,True,True,True,True,rebound,rebound,False
2934,333,B,0.00230974425057817114597458068532685877875122404113793934771443,0.972775,True,True,True,True,contraction,contraction,False
2935,334,A,0.00271410477380709690799709127670797258759341103112079853965288,0.972775,True,True,True,True,rebound,rebound,False
2936,333,B,0.00244090149702198934766448512419764610736172494000726557140633,0.972775,True,True,True,True,contraction,contraction,False
2937,334,A,0.00284520737139823018543629158872923042148365755461559587741824,0.972775,True,True,True,True,tie,tie,True
2938,334,A,0.00253922844521533930574388535821358948277940983262836357473035,0.972775,True,True,True,True,rebound,rebound,False
2939,333,B,0.00230974425057817114597458068532685877875122404113793934771443,0.972775,True,True,True,True,contraction,contraction,False
2940,334,A,0.00271410477380709690799709127670797258759341103112079853965288,0.972775,True,True,True,True,rebound,rebound,False
2941,333,B,0.00244090149702198934766448512419764610736172494000726557140633,0.972775,True,True,True,True,contraction,contraction,False
2942,334,A,0.00284520737139823018543629158872923042148365755461559587741824,0.972775,True,True,True,True,tie,tie,True
2943,334,A,0.00253922844521533930574388535821358948277940983262836357473035,0.972775,True,True,True,True,rebound,rebound,False
2944,333,B,0.00230974425057817114597458068532685877875122404113793934771443,0.972775,True,True,True,True,contraction,contraction,False
2945,334,A,0.00271410477380709690799709127670797258759341103112079853965288,0.972775,True,True,True,True,rebound,rebound,False
2946,333,B,0.00244090149702198934766448512419764610736172494000726557140633,0.972775,True,True,True,True,contraction,contraction,False
2947,334,A,0.00284520737139823018543629158872923042148365755461559587741824,0.972775,True,True,True,True,tie,tie,True
2948,334,A,0.00253922844521533930574388535821358948277940983262836357473035,0.972775,True,True,True,True,rebound,rebound,False
2949,333,B,0.00230974425057817114597458068532685877875122404113793934771443,0.972775,True,True,True,True,contraction,contraction,False
2950,334,A,0.00271410477380709690799709127670797258759341103112079853965288,0.972775,True,True,True,True,rebound,rebound,False
2951,333,B,0.00244090149702198934766448512419764610736172494000726557140633,0.972775,True,True,True,True,contraction,contraction,False
2952,334,A,0.00284520737139823018543629158872923042148365755461559587741824,0.972775,True,True,True,True,tie,tie,True
2953,334,A,0.00253922844521533930574388535821358948277940983262836357473035,0.972775,True,True,True,True,rebound,rebound,False
2954,333,B,0.00230974425057817114597458068532685877875122404113793934771443,0.972775,True,True,True,True,contraction,contraction,False
2955,334,A,0.00271410477380709690799709127670797258759341103112079853965288,0.972775,True,True,True,True,rebound,rebound,False
2956,333,B,0.00244090149702198934766448512419764610736172494000726557140633,0.972775,True,True,True,True,contraction,contraction,False
2957,334,A,0.00284520737139823018543629158872923042148365755461559587741824,0.972775,True,True,True,True,tie,tie,True
2958,334,A,0.00253922844521533930574388535821358948277940983262836357473035,0.972775,True,True,True,True,rebound,rebound,False
2959,333,B,0.00230974425057817114597458068532685877875122404113793934771443,0.972775,True,True,True,True,contraction,contraction,False
2960,334,A,0.00271410477380709690799709127670797258759341103112079853965288,0.972775,True,True,True,True,rebound,rebound,False
2961,333,B,0.00244090149702198934766448512419764610736172494000726557140633,0.972775,True,True,True,True,contraction,contraction,False
2962,334,A,0.00284520737139823018543629158872923042148365755461559587741824,0.972775,True,True,True,True,tie,tie,True
2963,334,A,0.00253922844521533930574388535821358948277940983262836357473035,0.972775,True,True,True,True,rebound,rebound,False
2964,333,B,0.00230974425057817114597458068532685877875122404113793934771443,0.972775,True,True,True,True,contraction,contraction,False
2965,334,A,0.00271410477380709690799709127670797258759341103112079853965288,0.972775,True,True,True,True,rebound,rebound,False
2966,333,B,0.00244090149702198934766448512419764610736172494000726557140633,0.972775,True,True,True,True,contraction,contraction,False
2967,334,A,0.00284520737139823018543629158872923042148365755461559587741824,0.972775,True,True,True,True,tie,tie,True
2968,334,A,0.00253922844521533930574388535821358948277940983262836357473035,0.972775,True,True,True,True,rebound,rebound,False
2969,333,B,0.00230974425057817114597458068532685877875122404113793934771443,0.972775,True,True,True,True,contraction,contraction,False
2970,334,A,0.00271410477380709690799709127670797258759341103112079853965288,0.972775,True,True,True,True,rebound,rebound,False
2971,333,B,0.00244090149702198934766448512419764610736172494000726557140633,0.972775,True,True,True,True,contraction,contraction,False
2972,334,A,0.00284520737139823018543629158872923042148365755461559587741824,0.972775,True,True,True,True,tie,tie,True
2973,334,A,0.00253922844521533930574388535821358948277940983262836357473035,0.972775,True,True,True,True,rebound,rebound,False
2974,333,B,0.00230974425057817114597458068532685877875122404113793934771443,0.972775,True,True,True,True,contraction,contraction,False
2975,334,A,0.00271410477380709690799709127670797258759341103112079853965288,0.972775,True,True,True,True,rebound,rebound,False
2976,333,B,0.00244090149702198934766448512419764610736172494000726557140633,0.972775,True,True,True,True,contraction,contraction,False
2977,334,A,0.00284520737139823018543629158872923042148365755461559587741824,0.972775,True,True,True,True,tie,tie,True
2978,334,A,0.00253922844521533930574388535821358948277940983262836357473035,0.972775,True,True,True,True,rebound,rebound,False
2979,333,B,0.00230974425057817114597458068532685877875122404113793934771443,0.972775,True,True,True,True,contraction,contraction,False
2980,334,A,0.00271410477380709690799709127670797258759341103112079853965288,0.972775,True,True,True,True,rebound,rebound,False
2981,333,B,0.00244090149702198934766448512419764610736172494000726557140633,0.972775,True,True,True,True,contraction,contraction,False
2982,334,A,0.00284520737139823018543629158872923042148365755461559587741824,0.972775,True,True,True,True,tie,tie,True
2983,334,A,0.00253922844521533930574388535821358948277940983262836357473035,0.972775,True,True,True,True,rebound,rebound,False
2984,333,B,0.00230974425057817114597458068532685877875122404113793934771443,0.972775,True,True,True,True,contraction,contraction,False
2985,334,A,0.00271410477380709690799709127670797258759341103112079853965288,0.972775,True,True,True,True,rebound,rebound,False
2986,333,B,0.00244090149702198934766448512419764610736172494000726557140633,0.972775,True,True,True,True,contraction,contraction,False
2987,334,A,0.00284520737139823018543629158872923042148365755461559587741824,0.972775,True,True,True,True,tie,tie,True
2988,334,A,0.00253922844521533930574388535821358948277940983262836357473035,0.972775,True,True,True,True,rebound,rebound,False
2989,333,B,0.00230974425057817114597458068532685877875122404113793934771443,0.972775,True,True,True,True,contraction,contraction,False
2990,334,A,0.00271410477380709690799709127670797258759341103112079853965288,0.972775,True,True,True,True,rebound,rebound,False
2991,333,B,0.00244090149702198934766448512419764610736172494000726557140633,0.972775,True,True,True,True,contraction,contraction,False
2992,334,A,0.00284520737139823018543629158872923042148365755461559587741824,0.972775,True,True,True,True,tie,tie,True
2993,334,A,0.00253922844521533930574388535821358948277940983262836357473035,0.972775,True,True,True,True,rebound,rebound,False
2994,333,B,0.00230974425057817114597458068532685877875122404113793934771443,0.972775,True,True,True,True,contraction,contraction,False
2995,334,A,0.00271410477380709690799709127670797258759341103112079853965288,0.972775,True,True,True,True,rebound,rebound,False
2996,333,B,0.00244090149702198934766448512419764610736172494000726557140633,0.972775,True,True,True,True,contraction,contraction,False
2997,334,A,0.00284520737139823018543629158872923042148365755461559587741824,0.972775,True,True,True,True,tie,tie,True
2998,334,A,0.00253922844521533930574388535821358948277940983262836357473035,0.972775,True,True,True,True,rebound,rebound,False
2999,333,B,0.00230974425057817114597458068532685877875122404113793934771443,0.972775,True,True,True,True,contraction,contraction,False
3000,334,A,0.00271410477380709690799709127670797258759341103112079853965288,0.972775,True,True,True,True,rebound,rebound,False
3001,333,B,0.00244090149702198934766448512419764610736172494000726557140633,0.972775,True,True,True,True,contraction,contraction,False
3002,334,A,0.00284520737139823018543629158872923042148365755461559587741824,0.972775,True,True,True,True,tie,tie,True
3003,334,A,0.00253922844521533930574388535821358948277940983262836357473035,0.972775,True,True,True,True,rebound,rebound,False
3004,333,B,0.00230974425057817114597458068532685877875122404113793934771443,0.972775,True,True,True,True,contraction,contraction,False
3005,334,A,0.00271410477380709690799709127670797258759341103112079853965288,0.972775,True,True,True,True,rebound,rebound,False
3006,333,B,0.00244090149702198934766448512419764610736172494000726557140633,0.972775,True,True,True,True,contraction,contraction,False
3007,334,A,0.00284520737139823018543629158872923042148365755461559587741824,0.972775,True,True,True,True,tie,tie,True
3008,334,A,0.00253922844521533930574388535821358948277940983262836357473035,0.972775,True,True,True,True,rebound,rebound,False
3009,333,B,0.00230974425057817114597458068532685877875122404113793934771443,0.972775,True,True,True,True,contraction,contraction,False
3010,334,A,0.00271410477380709690799709127670797258759341103112079853965288,0.972775,True,True,True,True,rebound,rebound,False
3011,333,B,0.00244090149702198934766448512419764610736172494000726557140633,0.972775,True,True,True,True,contraction,contraction,False
3012,334,A,0.00284520737139823018543629158872923042148365755461559587741824,0.972775,True,True,True,True,tie,tie,True
3013,334,A,0.00253922844521533930574388535821358948277940983262836357473035,0.972775,True,True,True,True,rebound,rebound,False
3014,333,B,0.00230974425057817114597458068532685877875122404113793934771443,0.972775,True,True,True,True,contraction,contraction,False
3015,334,A,0.00271410477380709690799709127670797258759341103112079853965288,0.972775,True,True,True,True,rebound,rebound,False
3016,333,B,0.00244090149702198934766448512419764610736172494000726557140633,0.972775,True,True,True,True,contraction,contraction,False
3017,334,A,0.00284520737139823018543629158872923042148365755461559587741824,0.972775,True,True,True,True,tie,tie,True
3018,334,A,0.00253922844521533930574388535821358948277940983262836357473035,0.972775,True,True,True,True,rebound,rebound,False
3019,333,B,0.00230974425057817114597458068532685877875122404113793934771443,0.972775,True,True,True,True,contraction,contraction,False
3020,334,A,0.00271410477380709690799709127670797258759341103112079853965288,0.972775,True,True,True,True,rebound,rebound,False
3021,333,B,0.00244090149702198934766448512419764610736172494000726557140633,0.972775,True,True,True,True,contraction,contraction,False
3022,334,A,0.00284520737139823018543629158872923042148365755461559587741824,0.972775,True,True,True,True,tie,tie,True
3023,334,A,0.00253922844521533930574388535821358948277940983262836357473035,0.972775,True,True,True,True,rebound,rebound,False
3024,333,B,0.00230974425057817114597458068532685877875122404113793934771443,0.972775,True,True,True,True,contraction,contraction,False
3025,334,A,0.00271410477380709690799709127670797258759341103112079853965288,0.972775,True,True,True,True,rebound,rebound,False
3026,333,B,0.00244090149702198934766448512419764610736172494000726557140633,0.972775,True,True,True,True,contraction,contraction,False
3027,334,A,0.00284520737139823018543629158872923042148365755461559587741824,0.972775,True,True,True,True,tie,tie,True
3028,334,A,0.00253922844521533930574388535821358948277940983262836357473035,0.972775,True,True,True,True,rebound,rebound,False
3029,333,B,0.00230974425057817114597458068532685877875122404113793934771443,0.972775,True,True,True,True,contraction,contraction,False
3030,334,A,0.00271410477380709690799709127670797258759341103112079853965288,0.972775,True,True,True,True,rebound,rebound,False
3031,333,B,0.00244090149702198934766448512419764610736172494000726557140633,0.972775,True,True,True,True,contraction,contraction,False
3032,334,A,0.00284520737139823018543629158872923042148365755461559587741824,0.972775,True,True,True,True,tie,tie,True
3033,334,A,0.00253922844521533930574388535821358948277940983262836357473035,0.972775,True,True,True,True,rebound,rebound,False
3034,333,B,0.00230974425057817114597458068532685877875122404113793934771443,0.972775,True,True,True,True,contraction,contraction,False
3035,334,A,0.00271410477380709690799709127670797258759341103112079853965288,0.972775,True,True,True,True,rebound,rebound,False
3036,333,B,0.00244090149702198934766448512419764610736172494000726557140633,0.972775,True,True,True,True,contraction,contraction,False
3037,334,A,0.00284520737139823018543629158872923042148365755461559587741824,0.972775,True,True,True,True,tie,tie,True
3038,334,A,0.00253922844521533930574388535821358948277940983262836357473035,0.972775,True,True,True,True,rebound,rebound,False
3039,333,B,0.00230974425057817114597458068532685877875122404113793934771443,0.972775,True,True,True,True,contraction,contraction,False
3040,334,A,0.00271410477380709690799709127670797258759341103112079853965288,0.972775,True,True,True,True,rebound,rebound,False
3041,333,B,0.00244090149702198934766448512419764610736172494000726557140633,0.972775,True,True,True,True,contraction,contraction,False
3042,334,A,0.00284520737139823018543629158872923042148365755461559587741824,0.972775,True,True,True,True,tie,tie,True
3043,334,A,0.00253922844521533930574388535821358948277940983262836357473035,0.972775,True,True,True,True,rebound,rebound,False
3044,333,B,0.00230974425057817114597458068532685877875122404113793934771443,0.972775,True,True,True,True,contraction,contraction,False
3045,334,A,0.00271410477380709690799709127670797258759341103112079853965288,0.972775,True,True,True,True,rebound,rebound,False
3046,333,B,0.00244090149702198934766448512419764610736172494000726557140633,0.972775,True,True,True,True,contraction,contraction,False
3047,334,A,0.00284520737139823018543629158872923042148365755461559587741824,0.972775,True,True,True,True,tie,tie,True
3048,334,A,0.00253922844521533930574388535821358948277940983262836357473035,0.972775,True,True,True,True,rebound,rebound,False
3049,333,B,0.00230974425057817114597458068532685877875122404113793934771443,0.972775,True,True,True,True,contraction,contraction,False
3050,334,A,0.00271410477380709690799709127670797258759341103112079853965288,0.972775,True,True,True,True,rebound,rebound,False
3051,333,B,0.00244090149702198934766448512419764610736172494000726557140633,0.972775,True,True,True,True,contraction,contraction,False
3052,334,A,0.00284520737139823018543629158872923042148365755461559587741824,0.972775,True,True,True,True,tie,tie,True
3053,334,A,0.00253922844521533930574388535821358948277940983262836357473035,0.972775,True,True,True,True,rebound,rebound,False
3054,333,B,0.00230974425057817114597458068532685877875122404113793934771443,0.972775,True,True,True,True,contraction,contraction,False
3055,334,A,0.00271410477380709690799709127670797258759341103112079853965288,0.972775,True,True,True,True,rebound,rebound,False
3056,333,B,0.00244090149702198934766448512419764610736172494000726557140633,0.972775,True,True,True,True,contraction,contraction,False
3057,334,A,0.00284520737139823018543629158872923042148365755461559587741824,0.972775,True,True,True,True,tie,tie,True
3058,334,A,0.00253922844521533930574388535821358948277940983262836357473035,0.972775,True,True,True,True,rebound,rebound,False
3059,333,B,0.00230974425057817114597458068532685877875122404113793934771443,0.972775,True,True,True,True,contraction,contraction,False
3060,334,A,0.00271410477380709690799709127670797258759341103112079853965288,0.972775,True,True,True,True,rebound,rebound,False
3061,333,B,0.00244090149702198934766448512419764610736172494000726557140633,0.972775,True,True,True,True,contraction,contraction,False
3062,334,A,0.00284520737139823018543629158872923042148365755461559587741824,0.972775,True,True,True,True,tie,tie,True
3063,334,A,0.00253922844521533930574388535821358948277940983262836357473035,0.972775,True,True,True,True,rebound,rebound,False
3064,333,B,0.00230974425057817114597458068532685877875122404113793934771443,0.972775,True,True,True,True,contraction,contraction,False
3065,334,A,0.00271410477380709690799709127670797258759341103112079853965288,0.972775,True,True,True,True,rebound,rebound,False
3066,333,B,0.00244090149702198934766448512419764610736172494000726557140633,0.972775,True,True,True,True,contraction,contraction,False
3067,334,A,0.00284520737139823018543629158872923042148365755461559587741824,0.972775,True,True,True,True,tie,tie,True
3068,334,A,0.00253922844521533930574388535821358948277940983262836357473035,0.972775,True,True,True,True,rebound,rebound,False
3069,333,B,0.00230974425057817114597458068532685877875122404113793934771443,0.972775,True,True,True,True,contraction,contraction,False
3070,334,A,0.00271410477380709690799709127670797258759341103112079853965288,0.972775,True,True,True,True,rebound,rebound,False
3071,333,B,0.00244090149702198934766448512419764610736172494000726557140633,0.972775,True,True,True,True,contraction,contraction,False
3072,334,A,0.00284520737139823018543629158872923042148365755461559587741824,0.972775,True,True,True,True,tie,tie,True
3073,334,A,0.00253922844521533930574388535821358948277940983262836357473035,0.972775,True,True,True,True,rebound,rebound,False
3074,333,B,0.00230974425057817114597458068532685877875122404113793934771443,0.972775,True,True,True,True,contraction,contraction,False
3075,334,A,0.00271410477380709690799709127670797258759341103112079853965288,0.972775,True,True,True,True,rebound,rebound,False
3076,333,B,0.00244090149702198934766448512419764610736172494000726557140633,0.972775,True,True,True,True,contraction,contraction,False
3077,334,A,0.00284520737139823018543629158872923042148365755461559587741824,0.972775,True,True,True,True,tie,tie,True
3078,334,A,0.00253922844521533930574388535821358948277940983262836357473035,0.972775,True,True,True,True,rebound,rebound,False
3079,333,B,0.00230974425057817114597458068532685877875122404113793934771443,0.972775,True,True,True,True,contraction,contraction,False
3080,334,A,0.00271410477380709690799709127670797258759341103112079853965288,0.972775,True,True,True,True,rebound,rebound,False
3081,333,B,0.00244090149702198934766448512419764610736172494000726557140633,0.972775,True,True,True,True,contraction,contraction,False
3082,334,A,0.00284520737139823018543629158872923042148365755461559587741824,0.972775,True,True,True,True,tie,tie,True
3083,334,A,0.00253922844521533930574388535821358948277940983262836357473035,0.972775,True,True,True,True,rebound,rebound,False
3084,333,B,0.00230974425057817114597458068532685877875122404113793934771443,0.972775,True,True,True,True,contraction,contraction,False
3085,334,A,0.00271410477380709690799709127670797258759341103112079853965288,0.972775,True,True,True,True,rebound,rebound,False
3086,333,B,0.00244090149702198934766448512419764610736172494000726557140633,0.972775,True,True,True,True,contraction,contraction,False
3087,334,A,0.00284520737139823018543629158872923042148365755461559587741824,0.972775,True,True,True,True,tie,tie,True
3088,334,A,0.00253922844521533930574388535821358948277940983262836357473035,0.972775,True,True,True,True,rebound,rebound,False
3089,333,B,0.00230974425057817114597458068532685877875122404113793934771443,0.972775,True,True,True,True,contraction,contraction,False
3090,334,A,0.00271410477380709690799709127670797258759341103112079853965288,0.972775,True,True,True,True,rebound,rebound,False
3091,333,B,0.00244090149702198934766448512419764610736172494000726557140633,0.972775,True,True,True,True,contraction,contraction,False
3092,334,A,0.00284520737139823018543629158872923042148365755461559587741824,0.972775,True,True,True,True,tie,tie,True
3093,334,A,0.00253922844521533930574388535821358948277940983262836357473035,0.972775,True,True,True,True,rebound,rebound,False
3094,333,B,0.00230974425057817114597458068532685877875122404113793934771443,0.972775,True,True,True,True,contraction,contraction,False
3095,334,A,0.00271410477380709690799709127670797258759341103112079853965288,0.972775,True,True,True,True,rebound,rebound,False
3096,333,B,0.00244090149702198934766448512419764610736172494000726557140633,0.972775,True,True,True,True,contraction,contraction,False
3097,334,A,0.00284520737139823018543629158872923042148365755461559587741824,0.972775,True,True,True,True,tie,tie,True
3098,334,A,0.00253922844521533930574388535821358948277940983262836357473035,0.972775,True,True,True,True,rebound,rebound,False
3099,333,B,0.00230974425057817114597458068532685877875122404113793934771443,0.972775,True,True,True,True,contraction,contraction,False
3100,334,A,0.00271410477380709690799709127670797258759341103112079853965288,0.972775,True,True,True,True,rebound,rebound,False
3101,333,B,0.00244090149702198934766448512419764610736172494000726557140633,0.972775,True,True,True,True,contraction,contraction,False
3102,334,A,0.00284520737139823018543629158872923042148365755461559587741824,0.972775,True,True,True,True,tie,tie,True
3103,334,A,0.00253922844521533930574388535821358948277940983262836357473035,0.972775,True,True,True,True,rebound,rebound,False
3104,333,B,0.00230974425057817114597458068532685877875122404113793934771443,0.972775,True,True,True,True,contraction,contraction,False
3105,334,A,0.00271410477380709690799709127670797258759341103112079853965288,0.972775,True,True,True,True,rebound,rebound,False
3106,333,B,0.00244090149702198934766448512419764610736172494000726557140633,0.972775,True,True,True,True,contraction,contraction,False
3107,334,A,0.00284520737139823018543629158872923042148365755461559587741824,0.972775,True,True,True,True,tie,tie,True
3108,334,A,0.00253922844521533930574388535821358948277940983262836357473035,0.972775,True,True,True,True,rebound,rebound,False
3109,333,B,0.00230974425057817114597458068532685877875122404113793934771443,0.972775,True,True,True,True,contraction,contraction,False
3110,334,A,0.00271410477380709690799709127670797258759341103112079853965288,0.972775,True,True,True,True,rebound,rebound,False
3111,333,B,0.00244090149702198934766448512419764610736172494000726557140633,0.972775,True,True,True,True,contraction,contraction,False
3112,334,A,0.00284520737139823018543629158872923042148365755461559587741824,0.972775,True,True,True,True,tie,tie,True
3113,334,A,0.00253922844521533930574388535821358948277940983262836357473035,0.972775,True,True,True,True,rebound,rebound,False
3114,333,B,0.00230974425057817114597458068532685877875122404113793934771443,0.972775,True,True,True,True,contraction,contraction,False
3115,334,A,0.00271410477380709690799709127670797258759341103112079853965288,0.972775,True,True,True,True,rebound,rebound,False
3116,333,B,0.00244090149702198934766448512419764610736172494000726557140633,0.972775,True,True,True,True,contraction,contraction,False
3117,334,A,0.00284520737139823018543629158872923042148365755461559587741824,0.972775,True,True,True,True,tie,tie,True
3118,334,A,0.00253922844521533930574388535821358948277940983262836357473035,0.972775,True,True,True,True,rebound,rebound,False
3119,333,B,0.00230974425057817114597458068532685877875122404113793934771443,0.972775,True,True,True,True,contraction,contraction,False
3120,334,A,0.00271410477380709690799709127670797258759341103112079853965288,0.972775,True,True,True,True,rebound,rebound,False
3121,333,B,0.00244090149702198934766448512419764610736172494000726557140633,0.972775,True,True,True,True,contraction,contraction,False
3122,334,A,0.00284520737139823018543629158872923042148365755461559587741824,0.972775,True,True,True,True,tie,tie,True
3123,334,A,0.00253922844521533930574388535821358948277940983262836357473035,0.972775,True,True,True,True,rebound,rebound,False
3124,333,B,0.00230974425057817114597458068532685877875122404113793934771443,0.972775,True,True,True,True,contraction,contraction,False
3125,334,A,0.00271410477380709690799709127670797258759341103112079853965288,0.972775,True,True,True,True,rebound,rebound,False
3126,333,B,0.00244090149702198934766448512419764610736172494000726557140633,0.972775,True,True,True,True,contraction,contraction,False
3127,334,A,0.00284520737139823018543629158872923042148365755461559587741824,0.972775,True,True,True,True,tie,tie,True
3128,334,A,0.00253922844521533930574388535821358948277940983262836357473035,0.972775,True,True,True,True,rebound,rebound,False
3129,333,B,0.00230974425057817114597458068532685877875122404113793934771443,0.972775,True,True,True,True,contraction,contraction,False
3130,334,A,0.00271410477380709690799709127670797258759341103112079853965288,0.972775,True,True,True,True,rebound,rebound,False
3131,333,B,0.00244090149702198934766448512419764610736172494000726557140633,0.972775,True,True,True,True,contraction,contraction,False
3132,334,A,0.00284520737139823018543629158872923042148365755461559587741824,0.972775,True,True,True,True,tie,tie,True
3133,334,A,0.00253922844521533930574388535821358948277940983262836357473035,0.972775,True,True,True,True,rebound,rebound,False
3134,333,B,0.00230974425057817114597458068532685877875122404113793934771443,0.972775,True,True,True,True,contraction,contraction,False
3135,334,A,0.00271410477380709690799709127670797258759341103112079853965288,0.972775,True,True,True,True,rebound,rebound,False
3136,333,B,0.00244090149702198934766448512419764610736172494000726557140633,0.972775,True,True,True,True,contraction,contraction,False
3137,334,A,0.00284520737139823018543629158872923042148365755461559587741824,0.972775,True,True,True,True,tie,tie,True
3138,334,A,0.00253922844521533930574388535821358948277940983262836357473035,0.972775,True,True,True,True,rebound,rebound,False
3139,333,B,0.00230974425057817114597458068532685877875122404113793934771443,0.972775,True,True,True,True,contraction,contraction,False
3140,334,A,0.00271410477380709690799709127670797258759341103112079853965288,0.972775,True,True,True,True,rebound,rebound,False
3141,333,B,0.00244090149702198934766448512419764610736172494000726557140633,0.972775,True,True,True,True,contraction,contraction,False
3142,334,A,0.00284520737139823018543629158872923042148365755461559587741824,0.972775,True,True,True,True,tie,tie,True
3143,334,A,0.00253922844521533930574388535821358948277940983262836357473035,0.972775,True,True,True,True,rebound,rebound,False
3144,333,B,0.00230974425057817114597458068532685877875122404113793934771443,0.972775,True,True,True,True,contraction,contraction,False
3145,334,A,0.00271410477380709690799709127670797258759341103112079853965288,0.972775,True,True,True,True,rebound,rebound,False
3146,333,B,0.00244090149702198934766448512419764610736172494000726557140633,0.972775,True,True,True,True,contraction,contraction,False
3147,334,A,0.00284520737139823018543629158872923042148365755461559587741824,0.972775,True,True,True,True,tie,tie,True
3148,334,A,0.00253922844521533930574388535821358948277940983262836357473035,0.972775,True,True,True,True,rebound,rebound,False
3149,333,B,0.00230974425057817114597458068532685877875122404113793934771443,0.972775,True,True,True,True,contraction,contraction,False
3150,334,A,0.00271410477380709690799709127670797258759341103112079853965288,0.972775,True,True,True,True,rebound,rebound,False
3151,333,B,0.00244090149702198934766448512419764610736172494000726557140633,0.972775,True,True,True,True,contraction,contraction,False
3152,334,A,0.00284520737139823018543629158872923042148365755461559587741824,0.972775,True,True,True,True,tie,tie,True
3153,334,A,0.00253922844521533930574388535821358948277940983262836357473035,0.972775,True,True,True,True,rebound,rebound,False
3154,333,B,0.00230974425057817114597458068532685877875122404113793934771443,0.972775,True,True,True,True,contraction,contraction,False
3155,334,A,0.00271410477380709690799709127670797258759341103112079853965288,0.972775,True,True,True,True,rebound,rebound,False
3156,333,B,0.00244090149702198934766448512419764610736172494000726557140633,0.972775,True,True,True,True,contraction,contraction,False
3157,334,A,0.00284520737139823018543629158872923042148365755461559587741824,0.972775,True,True,True,True,tie,tie,True
3158,334,A,0.00253922844521533930574388535821358948277940983262836357473035,0.972775,True,True,True,True,rebound,rebound,False
3159,333,B,0.00230974425057817114597458068532685877875122404113793934771443,0.972775,True,True,True,True,contraction,contraction,False
3160,334,A,0.00271410477380709690799709127670797258759341103112079853965288,0.972775,True,True,True,True,rebound,rebound,False
3161,333,B,0.00244090149702198934766448512419764610736172494000726557140633,0.972775,True,True,True,True,contraction,contraction,False
3162,334,A,0.00284520737139823018543629158872923042148365755461559587741824,0.972775,True,True,True,True,tie,tie,True
3163,334,A,0.00253922844521533930574388535821358948277940983262836357473035,0.972775,True,True,True,True,rebound,rebound,False
3164,333,B,0.00230974425057817114597458068532685877875122404113793934771443,0.972775,True,True,True,True,contraction,contraction,False
3165,334,A,0.00271410477380709690799709127670797258759341103112079853965288,0.972775,True,True,True,True,rebound,rebound,False
3166,333,B,0.00244090149702198934766448512419764610736172494000726557140633,0.972775,True,True,True,True,contraction,contraction,False
3167,334,A,0.00284520737139823018543629158872923042148365755461559587741824,0.972775,True,True,True,True,tie,tie,True
3168,334,A,0.00253922844521533930574388535821358948277940983262836357473035,0.972775,True,True,True,True,rebound,rebound,False
3169,333,B,0.00230974425057817114597458068532685877875122404113793934771443,0.972775,True,True,True,True,contraction,contraction,False
3170,334,A,0.00271410477380709690799709127670797258759341103112079853965288,0.972775,True,True,True,True,rebound,rebound,False
3171,333,B,0.00244090149702198934766448512419764610736172494000726557140633,0.972775,True,True,True,True,contraction,contraction,False
3172,334,A,0.00284520737139823018543629158872923042148365755461559587741824,0.972775,True,True,True,True,tie,tie,True
3173,334,A,0.00253922844521533930574388535821358948277940983262836357473035,0.972775,True,True,True,True,rebound,rebound,False
3174,333,B,0.00230974425057817114597458068532685877875122404113793934771443,0.972775,True,True,True,True,contraction,contraction,False
3175,334,A,0.00271410477380709690799709127670797258759341103112079853965288,0.972775,True,True,True,True,rebound,rebound,False
3176,333,B,0.00244090149702198934766448512419764610736172494000726557140633,0.972775,True,True,True,True,contraction,contraction,False
3177,334,A,0.00284520737139823018543629158872923042148365755461559587741824,0.972775,True,True,True,True,tie,tie,True
3178,334,A,0.00253922844521533930574388535821358948277940983262836357473035,0.972775,True,True,True,True,rebound,rebound,False
3179,333,B,0.00230974425057817114597458068532685877875122404113793934771443,0.972775,True,True,True,True,contraction,contraction,False
3180,334,A,0.00271410477380709690799709127670797258759341103112079853965288,0.972775,True,True,True,True,rebound,rebound,False
3181,333,B,0.00244090149702198934766448512419764610736172494000726557140633,0.972775,True,True,True,True,contraction,contraction,False
3182,334,A,0.00284520737139823018543629158872923042148365755461559587741824,0.972775,True,True,True,True,tie,tie,True
3183,334,A,0.00253922844521533930574388535821358948277940983262836357473035,0.972775,True,True,True,True,rebound,rebound,False
3184,333,B,0.00230974425057817114597458068532685877875122404113793934771443,0.972775,True,True,True,True,contraction,contraction,False
3185,334,A,0.00271410477380709690799709127670797258759341103112079853965288,0.972775,True,True,True,True,rebound,rebound,False
3186,333,B,0.00244090149702198934766448512419764610736172494000726557140633,0.972775,True,True,True,True,contraction,contraction,False
3187,334,A,0.00284520737139823018543629158872923042148365755461559587741824,0.972775,True,True,True,True,tie,tie,True
3188,334,A,0.00253922844521533930574388535821358948277940983262836357473035,0.972775,True,True,True,True,rebound,rebound,False
3189,333,B,0.00230974425057817114597458068532685877875122404113793934771443,0.972775,True,True,True,True,contraction,contraction,False
3190,334,A,0.00271410477380709690799709127670797258759341103112079853965288,0.972775,True,True,True,True,rebound,rebound,False
3191,333,B,0.00244090149702198934766448512419764610736172494000726557140633,0.972775,True,True,True,True,contraction,contraction,False
3192,334,A,0.00284520737139823018543629158872923042148365755461559587741824,0.972775,True,True,True,True,tie,tie,True
3193,334,A,0.00253922844521533930574388535821358948277940983262836357473035,0.972775,True,True,True,True,rebound,rebound,False
3194,333,B,0.00230974425057817114597458068532685877875122404113793934771443,0.972775,True,True,True,True,contraction,contraction,False
3195,334,A,0.00271410477380709690799709127670797258759341103112079853965288,0.972775,True,True,True,True,rebound,rebound,False
3196,333,B,0.00244090149702198934766448512419764610736172494000726557140633,0.972775,True,True,True,True,contraction,contraction,False
3197,334,A,0.00284520737139823018543629158872923042148365755461559587741824,0.972775,True,True,True,True,tie,tie,True
3198,334,A,0.00253922844521533930574388535821358948277940983262836357473035,0.972775,True,True,True,True,rebound,rebound,False
3199,333,B,0.00230974425057817114597458068532685877875122404113793934771443,0.972775,True,True,True,True,contraction,contraction,False
3200,334,A,0.00271410477380709690799709127670797258759341103112079853965288,0.972775,True,True,True,True,rebound,rebound,False
3201,333,B,0.00244090149702198934766448512419764610736172494000726557140633,0.972775,True,True,True,True,contraction,contraction,False
3202,334,A,0.00284520737139823018543629158872923042148365755461559587741824,0.972775,True,True,True,True,tie,tie,True
3203,334,A,0.00253922844521533930574388535821358948277940983262836357473035,0.972775,True,True,True,True,rebound,rebound,False
3204,333,B,0.00230974425057817114597458068532685877875122404113793934771443,0.972775,True,True,True,True,contraction,contraction,False
3205,334,A,0.00271410477380709690799709127670797258759341103112079853965288,0.972775,True,True,True,True,rebound,rebound,False
3206,333,B,0.00244090149702198934766448512419764610736172494000726557140633,0.972775,True,True,True,True,contraction,contraction,False
3207,334,A,0.00284520737139823018543629158872923042148365755461559587741824,0.972775,True,True,True,True,tie,tie,True
3208,334,A,0.00253922844521533930574388535821358948277940983262836357473035,0.972775,True,True,True,True,rebound,rebound,False
3209,333,B,0.00230974425057817114597458068532685877875122404113793934771443,0.972775,True,True,True,True,contraction,contraction,False
3210,334,A,0.00271410477380709690799709127670797258759341103112079853965288,0.972775,True,True,True,True,rebound,rebound,False
3211,333,B,0.00244090149702198934766448512419764610736172494000726557140633,0.972775,True,True,True,True,contraction,contraction,False
3212,334,A,0.00284520737139823018543629158872923042148365755461559587741824,0.972775,True,True,True,True,tie,tie,True
3213,334,A,0.00253922844521533930574388535821358948277940983262836357473035,0.972775,True,True,True,True,rebound,rebound,False
3214,333,B,0.00230974425057817114597458068532685877875122404113793934771443,0.972775,True,True,True,True,contraction,contraction,False
3215,334,A,0.00271410477380709690799709127670797258759341103112079853965288,0.972775,True,True,True,True,rebound,rebound,False
3216,333,B,0.00244090149702198934766448512419764610736172494000726557140633,0.972775,True,True,True,True,contraction,contraction,False
3217,334,A,0.00284520737139823018543629158872923042148365755461559587741824,0.972775,True,True,True,True,tie,tie,True
3218,334,A,0.00253922844521533930574388535821358948277940983262836357473035,0.972775,True,True,True,True,rebound,rebound,False
3219,333,B,0.00230974425057817114597458068532685877875122404113793934771443,0.972775,True,True,True,True,contraction,contraction,False
3220,334,A,0.00271410477380709690799709127670797258759341103112079853965288,0.972775,True,True,True,True,rebound,rebound,False
3221,333,B,0.00244090149702198934766448512419764610736172494000726557140633,0.972775,True,True,True,True,contraction,contraction,False
3222,334,A,0.00284520737139823018543629158872923042148365755461559587741824,0.972775,True,True,True,True,tie,tie,True
3223,334,A,0.00253922844521533930574388535821358948277940983262836357473035,0.972775,True,True,True,True,rebound,rebound,False
3224,333,B,0.00230974425057817114597458068532685877875122404113793934771443,0.972775,True,True,True,True,contraction,contraction,False
3225,334,A,0.00271410477380709690799709127670797258759341103112079853965288,0.972775,True,True,True,True,rebound,rebound,False
3226,333,B,0.00244090149702198934766448512419764610736172494000726557140633,0.972775,True,True,True,True,contraction,contraction,False
3227,334,A,0.00284520737139823018543629158872923042148365755461559587741824,0.972775,True,True,True,True,tie,tie,True
3228,334,A,0.00253922844521533930574388535821358948277940983262836357473035,0.972775,True,True,True,True,rebound,rebound,False
3229,333,B,0.00230974425057817114597458068532685877875122404113793934771443,0.972775,True,True,True,True,contraction,contraction,False
3230,334,A,0.00271410477380709690799709127670797258759341103112079853965288,0.972775,True,True,True,True,rebound,rebound,False
3231,333,B,0.00244090149702198934766448512419764610736172494000726557140633,0.972775,True,True,True,True,contraction,contraction,False
3232,334,A,0.00284520737139823018543629158872923042148365755461559587741824,0.972775,True,True,True,True,tie,tie,True
3233,334,A,0.00253922844521533930574388535821358948277940983262836357473035,0.972775,True,True,True,True,rebound,rebound,False
3234,333,B,0.00230974425057817114597458068532685877875122404113793934771443,0.972775,True,True,True,True,contraction,contraction,False
3235,334,A,0.00271410477380709690799709127670797258759341103112079853965288,0.972775,True,True,True,True,rebound,rebound,False
3236,333,B,0.00244090149702198934766448512419764610736172494000726557140633,0.972775,True,True,True,True,contraction,contraction,False
3237,334,A,0.00284520737139823018543629158872923042148365755461559587741824,0.972775,True,True,True,True,tie,tie,True
3238,334,A,0.00253922844521533930574388535821358948277940983262836357473035,0.972775,True,True,True,True,rebound,rebound,False
3239,333,B,0.00230974425057817114597458068532685877875122404113793934771443,0.972775,True,True,True,True,contraction,contraction,False
3240,334,A,0.00271410477380709690799709127670797258759341103112079853965288,0.972775,True,True,True,True,rebound,rebound,False
3241,333,B,0.00244090149702198934766448512419764610736172494000726557140633,0.972775,True,True,True,True,contraction,contraction,False
3242,334,A,0.00284520737139823018543629158872923042148365755461559587741824,0.972775,True,True,True,True,tie,tie,True
3243,334,A,0.00253922844521533930574388535821358948277940983262836357473035,0.972775,True,True,True,True,rebound,rebound,False
3244,333,B,0.00230974425057817114597458068532685877875122404113793934771443,0.972775,True,True,True,True,contraction,contraction,False
3245,334,A,0.00271410477380709690799709127670797258759341103112079853965288,0.972775,True,True,True,True,rebound,rebound,False
3246,333,B,0.00244090149702198934766448512419764610736172494000726557140633,0.972775,True,True,True,True,contraction,contraction,False
3247,334,A,0.00284520737139823018543629158872923042148365755461559587741824,0.972775,True,True,True,True,tie,tie,True
3248,334,A,0.00253922844521533930574388535821358948277940983262836357473035,0.972775,True,True,True,True,rebound,rebound,False
3249,333,B,0.00230974425057817114597458068532685877875122404113793934771443,0.972775,True,True,True,True,contraction,contraction,False
3250,334,A,0.00271410477380709690799709127670797258759341103112079853965288,0.972775,True,True,True,True,rebound,rebound,False
3251,333,B,0.00244090149702198934766448512419764610736172494000726557140633,0.972775,True,True,True,True,contraction,contraction,False
3252,334,A,0.00284520737139823018543629158872923042148365755461559587741824,0.972775,True,True,True,True,tie,tie,True
3253,334,A,0.00253922844521533930574388535821358948277940983262836357473035,0.972775,True,True,True,True,rebound,rebound,False
3254,333,B,0.00230974425057817114597458068532685877875122404113793934771443,0.972775,True,True,True,True,contraction,contraction,False
3255,334,A,0.00271410477380709690799709127670797258759341103112079853965288,0.972775,True,True,True,True,rebound,rebound,False
3256,333,B,0.00244090149702198934766448512419764610736172494000726557140633,0.972775,True,True,True,True,contraction,contraction,False
3257,334,A,0.00284520737139823018543629158872923042148365755461559587741824,0.972775,True,True,True,True,tie,tie,True
3258,334,A,0.00253922844521533930574388535821358948277940983262836357473035,0.972775,True,True,True,True,rebound,rebound,False
3259,333,B,0.00230974425057817114597458068532685877875122404113793934771443,0.972775,True,True,True,True,contraction,contraction,False
3260,334,A,0.00271410477380709690799709127670797258759341103112079853965288,0.972775,True,True,True,True,rebound,rebound,False
3261,333,B,0.00244090149702198934766448512419764610736172494000726557140633,0.972775,True,True,True,True,contraction,contraction,False
3262,334,A,0.00284520737139823018543629158872923042148365755461559587741824,0.972775,True,True,True,True,tie,tie,True
3263,334,A,0.00253922844521533930574388535821358948277940983262836357473035,0.972775,True,True,True,True,rebound,rebound,False
3264,333,B,0.00230974425057817114597458068532685877875122404113793934771443,0.972775,True,True,True,True,contraction,contraction,False
3265,334,A,0.00271410477380709690799709127670797258759341103112079853965288,0.972775,True,True,True,True,rebound,rebound,False
3266,333,B,0.00244090149702198934766448512419764610736172494000726557140633,0.972775,True,True,True,True,contraction,contraction,False
3267,334,A,0.00284520737139823018543629158872923042148365755461559587741824,0.972775,True,True,True,True,tie,tie,True
3268,334,A,0.00253922844521533930574388535821358948277940983262836357473035,0.972775,True,True,True,True,rebound,rebound,False
3269,333,B,0.00230974425057817114597458068532685877875122404113793934771443,0.972775,True,True,True,True,contraction,contraction,False
3270,334,A,0.00271410477380709690799709127670797258759341103112079853965288,0.972775,True,True,True,True,rebound,rebound,False
3271,333,B,0.00244090149702198934766448512419764610736172494000726557140633,0.972775,True,True,True,True,contraction,contraction,False
3272,334,A,0.00284520737139823018543629158872923042148365755461559587741824,0.972775,True,True,True,True,tie,tie,True
3273,334,A,0.00253922844521533930574388535821358948277940983262836357473035,0.972775,True,True,True,True,rebound,rebound,False
3274,333,B,0.00230974425057817114597458068532685877875122404113793934771443,0.972775,True,True,True,True,contraction,contraction,False
3275,334,A,0.00271410477380709690799709127670797258759341103112079853965288,0.972775,True,True,True,True,rebound,rebound,False
3276,333,B,0.00244090149702198934766448512419764610736172494000726557140633,0.972775,True,True,True,True,contraction,contraction,False
3277,334,A,0.00284520737139823018543629158872923042148365755461559587741824,0.972775,True,True,True,True,tie,tie,True
3278,334,A,0.00253922844521533930574388535821358948277940983262836357473035,0.972775,True,True,True,True,rebound,rebound,False
3279,333,B,0.00230974425057817114597458068532685877875122404113793934771443,0.972775,True,True,True,True,contraction,contraction,False
3280,334,A,0.00271410477380709690799709127670797258759341103112079853965288,0.972775,True,True,True,True,rebound,rebound,False
3281,333,B,0.00244090149702198934766448512419764610736172494000726557140633,0.972775,True,True,True,True,contraction,contraction,False
3282,334,A,0.00284520737139823018543629158872923042148365755461559587741824,0.972775,True,True,True,True,tie,tie,True
3283,334,A,0.00253922844521533930574388535821358948277940983262836357473035,0.972775,True,True,True,True,rebound,rebound,False
3284,333,B,0.00230974425057817114597458068532685877875122404113793934771443,0.972775,True,True,True,True,contraction,contraction,False
3285,334,A,0.00271410477380709690799709127670797258759341103112079853965288,0.972775,True,True,True,True,rebound,rebound,False
3286,333,B,0.00244090149702198934766448512419764610736172494000726557140633,0.972775,True,True,True,True,contraction,contraction,False
3287,334,A,0.00284520737139823018543629158872923042148365755461559587741824,0.972775,True,True,True,True,tie,tie,True
3288,334,A,0.00253922844521533930574388535821358948277940983262836357473035,0.972775,True,True,True,True,rebound,rebound,False
3289,333,B,0.00230974425057817114597458068532685877875122404113793934771443,0.972775,True,True,True,True,contraction,contraction,False
3290,334,A,0.00271410477380709690799709127670797258759341103112079853965288,0.972775,True,True,True,True,rebound,rebound,False
3291,333,B,0.00244090149702198934766448512419764610736172494000726557140633,0.972775,True,True,True,True,contraction,contraction,False
3292,334,A,0.00284520737139823018543629158872923042148365755461559587741824,0.972775,True,True,True,True,tie,tie,True
3293,334,A,0.00253922844521533930574388535821358948277940983262836357473035,0.972775,True,True,True,True,rebound,rebound,False
3294,333,B,0.00230974425057817114597458068532685877875122404113793934771443,0.972775,True,True,True,True,contraction,contraction,False
3295,334,A,0.00271410477380709690799709127670797258759341103112079853965288,0.972775,True,True,True,True,rebound,rebound,False
3296,333,B,0.00244090149702198934766448512419764610736172494000726557140633,0.972775,True,True,True,True,contraction,contraction,False
3297,334,A,0.00284520737139823018543629158872923042148365755461559587741824,0.972775,True,True,True,True,tie,tie,True
3298,334,A,0.00253922844521533930574388535821358948277940983262836357473035,0.972775,True,True,True,True,rebound,rebound,False
3299,333,B,0.00230974425057817114597458068532685877875122404113793934771443,0.972775,True,True,True,True,contraction,contraction,False
3300,334,A,0.00271410477380709690799709127670797258759341103112079853965288,0.972775,True,True,True,True,rebound,rebound,False
3301,333,B,0.00244090149702198934766448512419764610736172494000726557140633,0.972775,True,True,True,True,contraction,contraction,False
3302,334,A,0.00284520737139823018543629158872923042148365755461559587741824,0.972775,True,True,True,True,tie,tie,True
3303,334,A,0.00253922844521533930574388535821358948277940983262836357473035,0.972775,True,True,True,True,rebound,rebound,False
3304,333,B,0.00230974425057817114597458068532685877875122404113793934771443,0.972775,True,True,True,True,contraction,contraction,False
3305,334,A,0.00271410477380709690799709127670797258759341103112079853965288,0.972775,True,True,True,True,rebound,rebound,False
3306,333,B,0.00244090149702198934766448512419764610736172494000726557140633,0.972775,True,True,True,True,contraction,contraction,False
3307,334,A,0.00284520737139823018543629158872923042148365755461559587741824,0.972775,True,True,True,True,tie,tie,True
3308,334,A,0.00253922844521533930574388535821358948277940983262836357473035,0.972775,True,True,True,True,rebound,rebound,False
3309,333,B,0.00230974425057817114597458068532685877875122404113793934771443,0.972775,True,True,True,True,contraction,contraction,False
3310,334,A,0.00271410477380709690799709127670797258759341103112079853965288,0.972775,True,True,True,True,rebound,rebound,False
3311,333,B,0.00244090149702198934766448512419764610736172494000726557140633,0.972775,True,True,True,True,contraction,contraction,False
3312,334,A,0.00284520737139823018543629158872923042148365755461559587741824,0.972775,True,True,True,True,tie,tie,True
3313,334,A,0.00253922844521533930574388535821358948277940983262836357473035,0.972775,True,True,True,True,rebound,rebound,False
3314,333,B,0.00230974425057817114597458068532685877875122404113793934771443,0.972775,True,True,True,True,contraction,contraction,False
3315,334,A,0.00271410477380709690799709127670797258759341103112079853965288,0.972775,True,True,True,True,rebound,rebound,False
3316,333,B,0.00244090149702198934766448512419764610736172494000726557140633,0.972775,True,True,True,True,contraction,contraction,False
3317,334,A,0.00284520737139823018543629158872923042148365755461559587741824,0.972775,True,True,True,True,tie,tie,True
3318,334,A,0.00253922844521533930574388535821358948277940983262836357473035,0.972775,True,True,True,True,rebound,rebound,False
3319,333,B,0.00230974425057817114597458068532685877875122404113793934771443,0.972775,True,True,True,True,contraction,contraction,False
3320,334,A,0.00271410477380709690799709127670797258759341103112079853965288,0.972775,True,True,True,True,rebound,rebound,False
3321,333,B,0.00244090149702198934766448512419764610736172494000726557140633,0.972775,True,True,True,True,contraction,contraction,False
3322,334,A,0.00284520737139823018543629158872923042148365755461559587741824,0.972775,True,True,True,True,tie,tie,True
3323,334,A,0.00253922844521533930574388535821358948277940983262836357473035,0.972775,True,True,True,True,rebound,rebound,False
3324,333,B,0.00230974425057817114597458068532685877875122404113793934771443,0.972775,True,True,True,True,contraction,contraction,False
3325,334,A,0.00271410477380709690799709127670797258759341103112079853965288,0.972775,True,True,True,True,rebound,rebound,False
3326,333,B,0.00244090149702198934766448512419764610736172494000726557140633,0.972775,True,True,True,True,contraction,contraction,False
3327,334,A,0.00284520737139823018543629158872923042148365755461559587741824,0.972775,True,True,True,True,tie,tie,True
3328,334,A,0.00253922844521533930574388535821358948277940983262836357473035,0.972775,True,True,True,True,rebound,rebound,False
3329,333,B,0.00230974425057817114597458068532685877875122404113793934771443,0.972775,True,True,True,True,contraction,contraction,False
3330,334,A,0.00271410477380709690799709127670797258759341103112079853965288,0.972775,True,True,True,True,rebound,rebound,False
3331,333,B,0.00244090149702198934766448512419764610736172494000726557140633,0.972775,True,True,True,True,contraction,contraction,False
3332,334,A,0.00284520737139823018543629158872923042148365755461559587741824,0.972775,True,True,True,True,tie,tie,True
3333,334,A,0.00253922844521533930574388535821358948277940983262836357473035,0.972775,True,True,True,True,rebound,rebound,False
3334,333,B,0.00230974425057817114597458068532685877875122404113793934771443,0.972775,True,True,True,True,contraction,contraction,False
3335,334,A,0.00271410477380709690799709127670797258759341103112079853965288,0.972775,True,True,True,True,rebound,rebound,False
3336,333,B,0.00244090149702198934766448512419764610736172494000726557140633,0.972775,True,True,True,True,contraction,contraction,False
3337,334,A,0.00284520737139823018543629158872923042148365755461559587741824,0.972775,True,True,True,True,tie,tie,True
3338,334,A,0.00253922844521533930574388535821358948277940983262836357473035,0.972775,True,True,True,True,rebound,rebound,False
3339,333,B,0.00230974425057817114597458068532685877875122404113793934771443,0.972775,True,True,True,True,contraction,contraction,False
3340,334,A,0.00271410477380709690799709127670797258759341103112079853965288,0.972775,True,True,True,True,rebound,rebound,False
3341,333,B,0.00244090149702198934766448512419764610736172494000726557140633,0.972775,True,True,True,True,contraction,contraction,False
3342,334,A,0.00284520737139823018543629158872923042148365755461559587741824,0.972775,True,True,True,True,tie,tie,True
3343,334,A,0.00253922844521533930574388535821358948277940983262836357473035,0.972775,True,True,True,True,rebound,rebound,False
3344,333,B,0.00230974425057817114597458068532685877875122404113793934771443,0.972775,True,True,True,True,contraction,contraction,False
3345,334,A,0.00271410477380709690799709127670797258759341103112079853965288,0.972775,True,True,True,True,rebound,rebound,False
3346,333,B,0.00244090149702198934766448512419764610736172494000726557140633,0.972775,True,True,True,True,contraction,contraction,False
3347,334,A,0.00284520737139823018543629158872923042148365755461559587741824,0.972775,True,True,True,True,tie,tie,True
3348,334,A,0.00253922844521533930574388535821358948277940983262836357473035,0.972775,True,True,True,True,rebound,rebound,False
3349,333,B,0.00230974425057817114597458068532685877875122404113793934771443,0.972775,True,True,True,True,contraction,contraction,False
3350,334,A,0.00271410477380709690799709127670797258759341103112079853965288,0.972775,True,True,True,True,rebound,rebound,False
3351,333,B,0.00244090149702198934766448512419764610736172494000726557140633,0.972775,True,True,True,True,contraction,contraction,False
3352,334,A,0.00284520737139823018543629158872923042148365755461559587741824,0.972775,True,True,True,True,tie,tie,True
3353,334,A,0.00253922844521533930574388535821358948277940983262836357473035,0.972775,True,True,True,True,rebound,rebound,False
3354,333,B,0.00230974425057817114597458068532685877875122404113793934771443,0.972775,True,True,True,True,contraction,contraction,False
3355,334,A,0.00271410477380709690799709127670797258759341103112079853965288,0.972775,True,True,True,True,rebound,rebound,False
3356,333,B,0.00244090149702198934766448512419764610736172494000726557140633,0.972775,True,True,True,True,contraction,contraction,False
3357,334,A,0.00284520737139823018543629158872923042148365755461559587741824,0.972775,True,True,True,True,tie,tie,True
3358,334,A,0.00253922844521533930574388535821358948277940983262836357473035,0.972775,True,True,True,True,rebound,rebound,False
3359,333,B,0.00230974425057817114597458068532685877875122404113793934771443,0.972775,True,True,True,True,contraction,contraction,False
3360,334,A,0.00271410477380709690799709127670797258759341103112079853965288,0.972775,True,True,True,True,rebound,rebound,False
3361,333,B,0.00244090149702198934766448512419764610736172494000726557140633,0.972775,True,True,True,True,contraction,contraction,False
3362,334,A,0.00284520737139823018543629158872923042148365755461559587741824,0.972775,True,True,True,True,tie,tie,True
3363,334,A,0.00253922844521533930574388535821358948277940983262836357473035,0.972775,True,True,True,True,rebound,rebound,False
3364,333,B,0.00230974425057817114597458068532685877875122404113793934771443,0.972775,True,True,True,True,contraction,contraction,False
3365,334,A,0.00271410477380709690799709127670797258759341103112079853965288,0.972775,True,True,True,True,rebound,rebound,False
3366,333,B,0.00244090149702198934766448512419764610736172494000726557140633,0.972775,True,True,True,True,contraction,contraction,False
3367,334,A,0.00284520737139823018543629158872923042148365755461559587741824,0.972775,True,True,True,True,tie,tie,True
3368,334,A,0.00253922844521533930574388535821358948277940983262836357473035,0.972775,True,True,True,True,rebound,rebound,False
3369,333,B,0.00230974425057817114597458068532685877875122404113793934771443,0.972775,True,True,True,True,contraction,contraction,False
3370,334,A,0.00271410477380709690799709127670797258759341103112079853965288,0.972775,True,True,True,True,rebound,rebound,False
3371,333,B,0.00244090149702198934766448512419764610736172494000726557140633,0.972775,True,True,True,True,contraction,contraction,False
3372,334,A,0.00284520737139823018543629158872923042148365755461559587741824,0.972775,True,True,True,True,tie,tie,True
3373,334,A,0.00253922844521533930574388535821358948277940983262836357473035,0.972775,True,True,True,True,rebound,rebound,False
3374,333,B,0.00230974425057817114597458068532685877875122404113793934771443,0.972775,True,True,True,True,contraction,contraction,False
3375,334,A,0.00271410477380709690799709127670797258759341103112079853965288,0.972775,True,True,True,True,rebound,rebound,False
3376,333,B,0.00244090149702198934766448512419764610736172494000726557140633,0.972775,True,True,True,True,contraction,contraction,False
3377,334,A,0.00284520737139823018543629158872923042148365755461559587741824,0.972775,True,True,True,True,tie,tie,True
3378,334,A,0.00253922844521533930574388535821358948277940983262836357473035,0.972775,True,True,True,True,rebound,rebound,False
3379,333,B,0.00230974425057817114597458068532685877875122404113793934771443,0.972775,True,True,True,True,contraction,contraction,False
3380,334,A,0.00271410477380709690799709127670797258759341103112079853965288,0.972775,True,True,True,True,rebound,rebound,False
3381,333,B,0.00244090149702198934766448512419764610736172494000726557140633,0.972775,True,True,True,True,contraction,contraction,False
3382,334,A,0.00284520737139823018543629158872923042148365755461559587741824,0.972775,True,True,True,True,tie,tie,True
3383,334,A,0.00253922844521533930574388535821358948277940983262836357473035,0.972775,True,True,True,True,rebound,rebound,False
3384,333,B,0.00230974425057817114597458068532685877875122404113793934771443,0.972775,True,True,True,True,contraction,contraction,False
3385,334,A,0.00271410477380709690799709127670797258759341103112079853965288,0.972775,True,True,True,True,rebound,rebound,False
3386,333,B,0.00244090149702198934766448512419764610736172494000726557140633,0.972775,True,True,True,True,contraction,contraction,False
3387,334,A,0.00284520737139823018543629158872923042148365755461559587741824,0.972775,True,True,True,True,tie,tie,True
3388,334,A,0.00253922844521533930574388535821358948277940983262836357473035,0.972775,True,True,True,True,rebound,rebound,False
3389,333,B,0.00230974425057817114597458068532685877875122404113793934771443,0.972775,True,True,True,True,contraction,contraction,False
3390,334,A,0.00271410477380709690799709127670797258759341103112079853965288,0.972775,True,True,True,True,rebound,rebound,False
3391,333,B,0.00244090149702198934766448512419764610736172494000726557140633,0.972775,True,True,True,True,contraction,contraction,False
3392,334,A,0.00284520737139823018543629158872923042148365755461559587741824,0.972775,True,True,True,True,tie,tie,True
3393,334,A,0.00253922844521533930574388535821358948277940983262836357473035,0.972775,True,True,True,True,rebound,rebound,False
3394,333,B,0.00230974425057817114597458068532685877875122404113793934771443,0.972775,True,True,True,True,contraction,contraction,False
3395,334,A,0.00271410477380709690799709127670797258759341103112079853965288,0.972775,True,True,True,True,rebound,rebound,False
3396,333,B,0.00244090149702198934766448512419764610736172494000726557140633,0.972775,True,True,True,True,contraction,contraction,False
3397,334,A,0.00284520737139823018543629158872923042148365755461559587741824,0.972775,True,True,True,True,tie,tie,True
3398,334,A,0.00253922844521533930574388535821358948277940983262836357473035,0.972775,True,True,True,True,rebound,rebound,False
3399,333,B,0.00230974425057817114597458068532685877875122404113793934771443,0.972775,True,True,True,True,contraction,contraction,False
3400,334,A,0.00271410477380709690799709127670797258759341103112079853965288,0.972775,True,True,True,True,rebound,rebound,False
3401,333,B,0.00244090149702198934766448512419764610736172494000726557140633,0.972775,True,True,True,True,contraction,contraction,False
3402,334,A,0.00284520737139823018543629158872923042148365755461559587741824,0.972775,True,True,True,True,tie,tie,True
3403,334,A,0.00253922844521533930574388535821358948277940983262836357473035,0.972775,True,True,True,True,rebound,rebound,False
3404,333,B,0.00230974425057817114597458068532685877875122404113793934771443,0.972775,True,True,True,True,contraction,contraction,False
3405,334,A,0.00271410477380709690799709127670797258759341103112079853965288,0.972775,True,True,True,True,rebound,rebound,False
3406,333,B,0.00244090149702198934766448512419764610736172494000726557140633,0.972775,True,True,True,True,contraction,contraction,False
3407,334,A,0.00284520737139823018543629158872923042148365755461559587741824,0.972775,True,True,True,True,tie,tie,True
3408,334,A,0.00253922844521533930574388535821358948277940983262836357473035,0.972775,True,True,True,True,rebound,rebound,False
3409,333,B,0.00230974425057817114597458068532685877875122404113793934771443,0.972775,True,True,True,True,contraction,contraction,False
3410,334,A,0.00271410477380709690799709127670797258759341103112079853965288,0.972775,True,True,True,True,rebound,rebound,False
3411,333,B,0.00244090149702198934766448512419764610736172494000726557140633,0.972775,True,True,True,True,contraction,contraction,False
3412,334,A,0.00284520737139823018543629158872923042148365755461559587741824,0.972775,True,True,True,True,tie,tie,True
3413,334,A,0.00253922844521533930574388535821358948277940983262836357473035,0.972775,True,True,True,True,rebound,rebound,False
3414,333,B,0.00230974425057817114597458068532685877875122404113793934771443,0.972775,True,True,True,True,contraction,contraction,False
3415,334,A,0.00271410477380709690799709127670797258759341103112079853965288,0.972775,True,True,True,True,rebound,rebound,False
3416,333,B,0.00244090149702198934766448512419764610736172494000726557140633,0.972775,True,True,True,True,contraction,contraction,False
3417,334,A,0.00284520737139823018543629158872923042148365755461559587741824,0.972775,True,True,True,True,tie,tie,True
3418,334,A,0.00253922844521533930574388535821358948277940983262836357473035,0.972775,True,True,True,True,rebound,rebound,False
3419,333,B,0.00230974425057817114597458068532685877875122404113793934771443,0.972775,True,True,True,True,contraction,contraction,False
3420,334,A,0.00271410477380709690799709127670797258759341103112079853965288,0.972775,True,True,True,True,rebound,rebound,False
3421,333,B,0.00244090149702198934766448512419764610736172494000726557140633,0.972775,True,True,True,True,contraction,contraction,False
3422,334,A,0.00284520737139823018543629158872923042148365755461559587741824,0.972775,True,True,True,True,tie,tie,True
3423,334,A,0.00253922844521533930574388535821358948277940983262836357473035,0.972775,True,True,True,True,rebound,rebound,False
3424,333,B,0.00230974425057817114597458068532685877875122404113793934771443,0.972775,True,True,True,True,contraction,contraction,False
3425,334,A,0.00271410477380709690799709127670797258759341103112079853965288,0.972775,True,True,True,True,rebound,rebound,False
3426,333,B,0.00244090149702198934766448512419764610736172494000726557140633,0.972775,True,True,True,True,contraction,contraction,False
3427,334,A,0.00284520737139823018543629158872923042148365755461559587741824,0.972775,True,True,True,True,tie,tie,True
3428,334,A,0.00253922844521533930574388535821358948277940983262836357473035,0.972775,True,True,True,True,rebound,rebound,False
3429,333,B,0.00230974425057817114597458068532685877875122404113793934771443,0.972775,True,True,True,True,contraction,contraction,False
3430,334,A,0.00271410477380709690799709127670797258759341103112079853965288,0.972775,True,True,True,True,rebound,rebound,False
3431,333,B,0.00244090149702198934766448512419764610736172494000726557140633,0.972775,True,True,True,True,contraction,contraction,False
3432,334,A,0.00284520737139823018543629158872923042148365755461559587741824,0.972775,True,True,True,True,tie,tie,True
3433,334,A,0.00253922844521533930574388535821358948277940983262836357473035,0.972775,True,True,True,True,rebound,rebound,False
3434,333,B,0.00230974425057817114597458068532685877875122404113793934771443,0.972775,True,True,True,True,contraction,contraction,False
3435,334,A,0.00271410477380709690799709127670797258759341103112079853965288,0.972775,True,True,True,True,rebound,rebound,False
3436,333,B,0.00244090149702198934766448512419764610736172494000726557140633,0.972775,True,True,True,True,contraction,contraction,False
3437,334,A,0.00284520737139823018543629158872923042148365755461559587741824,0.972775,True,True,True,True,tie,tie,True
3438,334,A,0.00253922844521533930574388535821358948277940983262836357473035,0.972775,True,True,True,True,rebound,rebound,False
3439,333,B,0.00230974425057817114597458068532685877875122404113793934771443,0.972775,True,True,True,True,contraction,contraction,False
3440,334,A,0.00271410477380709690799709127670797258759341103112079853965288,0.972775,True,True,True,True,rebound,rebound,False
3441,333,B,0.00244090149702198934766448512419764610736172494000726557140633,0.972775,True,True,True,True,contraction,contraction,False
3442,334,A,0.00284520737139823018543629158872923042148365755461559587741824,0.972775,True,True,True,True,tie,tie,True
3443,334,A,0.00253922844521533930574388535821358948277940983262836357473035,0.972775,True,True,True,True,rebound,rebound,False
3444,333,B,0.00230974425057817114597458068532685877875122404113793934771443,0.972775,True,True,True,True,contraction,contraction,False
3445,334,A,0.00271410477380709690799709127670797258759341103112079853965288,0.972775,True,True,True,True,rebound,rebound,False
3446,333,B,0.00244090149702198934766448512419764610736172494000726557140633,0.972775,True,True,True,True,contraction,contraction,False
3447,334,A,0.00284520737139823018543629158872923042148365755461559587741824,0.972775,True,True,True,True,tie,tie,True
3448,334,A,0.00253922844521533930574388535821358948277940983262836357473035,0.972775,True,True,True,True,rebound,rebound,False
3449,333,B,0.00230974425057817114597458068532685877875122404113793934771443,0.972775,True,True,True,True,contraction,contraction,False
3450,334,A,0.00271410477380709690799709127670797258759341103112079853965288,0.972775,True,True,True,True,rebound,rebound,False
3451,333,B,0.00244090149702198934766448512419764610736172494000726557140633,0.972775,True,True,True,True,contraction,contraction,False
3452,334,A,0.00284520737139823018543629158872923042148365755461559587741824,0.972775,True,True,True,True,tie,tie,True
3453,334,A,0.00253922844521533930574388535821358948277940983262836357473035,0.972775,True,True,True,True,rebound,rebound,False
3454,333,B,0.00230974425057817114597458068532685877875122404113793934771443,0.972775,True,True,True,True,contraction,contraction,False
3455,334,A,0.00271410477380709690799709127670797258759341103112079853965288,0.972775,True,True,True,True,rebound,rebound,False
3456,333,B,0.00244090149702198934766448512419764610736172494000726557140633,0.972775,True,True,True,True,contraction,contraction,False
3457,334,A,0.00284520737139823018543629158872923042148365755461559587741824,0.972775,True,True,True,True,tie,tie,True
3458,334,A,0.00253922844521533930574388535821358948277940983262836357473035,0.972775,True,True,True,True,rebound,rebound,False
3459,333,B,0.00230974425057817114597458068532685877875122404113793934771443,0.972775,True,True,True,True,contraction,contraction,False
3460,334,A,0.00271410477380709690799709127670797258759341103112079853965288,0.972775,True,True,True,True,rebound,rebound,False
3461,333,B,0.00244090149702198934766448512419764610736172494000726557140633,0.972775,True,True,True,True,contraction,contraction,False
3462,334,A,0.00284520737139823018543629158872923042148365755461559587741824,0.972775,True,True,True,True,tie,tie,True
3463,334,A,0.00253922844521533930574388535821358948277940983262836357473035,0.972775,True,True,True,True,rebound,rebound,False
3464,333,B,0.00230974425057817114597458068532685877875122404113793934771443,0.972775,True,True,True,True,contraction,contraction,False
3465,334,A,0.00271410477380709690799709127670797258759341103112079853965288,0.972775,True,True,True,True,rebound,rebound,False
3466,333,B,0.00244090149702198934766448512419764610736172494000726557140633,0.972775,True,True,True,True,contraction,contraction,False
3467,334,A,0.00284520737139823018543629158872923042148365755461559587741824,0.972775,True,True,True,True,tie,tie,True
3468,334,A,0.00253922844521533930574388535821358948277940983262836357473035,0.972775,True,True,True,True,rebound,rebound,False
3469,333,B,0.00230974425057817114597458068532685877875122404113793934771443,0.972775,True,True,True,True,contraction,contraction,False
3470,334,A,0.00271410477380709690799709127670797258759341103112079853965288,0.972775,True,True,True,True,rebound,rebound,False
3471,333,B,0.00244090149702198934766448512419764610736172494000726557140633,0.972775,True,True,True,True,contraction,contraction,False
3472,334,A,0.00284520737139823018543629158872923042148365755461559587741824,0.972775,True,True,True,True,tie,tie,True
3473,334,A,0.00253922844521533930574388535821358948277940983262836357473035,0.972775,True,True,True,True,rebound,rebound,False
3474,333,B,0.00230974425057817114597458068532685877875122404113793934771443,0.972775,True,True,True,True,contraction,contraction,False
3475,334,A,0.00271410477380709690799709127670797258759341103112079853965288,0.972775,True,True,True,True,rebound,rebound,False
3476,333,B,0.00244090149702198934766448512419764610736172494000726557140633,0.972775,True,True,True,True,contraction,contraction,False
3477,334,A,0.00284520737139823018543629158872923042148365755461559587741824,0.972775,True,True,True,True,tie,tie,True
3478,334,A,0.00253922844521533930574388535821358948277940983262836357473035,0.972775,True,True,True,True,rebound,rebound,False
3479,333,B,0.00230974425057817114597458068532685877875122404113793934771443,0.972775,True,True,True,True,contraction,contraction,False
3480,334,A,0.00271410477380709690799709127670797258759341103112079853965288,0.972775,True,True,True,True,rebound,rebound,False
3481,333,B,0.00244090149702198934766448512419764610736172494000726557140633,0.972775,True,True,True,True,contraction,contraction,False
3482,334,A,0.00284520737139823018543629158872923042148365755461559587741824,0.972775,True,True,True,True,tie,tie,True
3483,334,A,0.00253922844521533930574388535821358948277940983262836357473035,0.972775,True,True,True,True,rebound,rebound,False
3484,333,B,0.00230974425057817114597458068532685877875122404113793934771443,0.972775,True,True,True,True,contraction,contraction,False
3485,334,A,0.00271410477380709690799709127670797258759341103112079853965288,0.972775,True,True,True,True,rebound,rebound,False
3486,333,B,0.00244090149702198934766448512419764610736172494000726557140633,0.972775,True,True,True,True,contraction,contraction,False
3487,334,A,0.00284520737139823018543629158872923042148365755461559587741824,0.972775,True,True,True,True,tie,tie,True
3488,334,A,0.00253922844521533930574388535821358948277940983262836357473035,0.972775,True,True,True,True,rebound,rebound,False
3489,333,B,0.00230974425057817114597458068532685877875122404113793934771443,0.972775,True,True,True,True,contraction,contraction,False
3490,334,A,0.00271410477380709690799709127670797258759341103112079853965288,0.972775,True,True,True,True,rebound,rebound,False
3491,333,B,0.00244090149702198934766448512419764610736172494000726557140633,0.972775,True,True,True,True,contraction,contraction,False
3492,334,A,0.00284520737139823018543629158872923042148365755461559587741824,0.972775,True,True,True,True,tie,tie,True
3493,334,A,0.00253922844521533930574388535821358948277940983262836357473035,0.972775,True,True,True,True,rebound,rebound,False
3494,333,B,0.00230974425057817114597458068532685877875122404113793934771443,0.972775,True,True,True,True,contraction,contraction,False
3495,334,A,0.00271410477380709690799709127670797258759341103112079853965288,0.972775,True,True,True,True,rebound,rebound,False
3496,333,B,0.00244090149702198934766448512419764610736172494000726557140633,0.972775,True,True,True,True,contraction,contraction,False
3497,334,A,0.00284520737139823018543629158872923042148365755461559587741824,0.972775,True,True,True,True,tie,tie,True
3498,334,A,0.00253922844521533930574388535821358948277940983262836357473035,0.972775,True,True,True,True,rebound,rebound,False
3499,333,B,0.00230974425057817114597458068532685877875122404113793934771443,0.972775,True,True,True,True,contraction,contraction,False
3500,334,A,0.00271410477380709690799709127670797258759341103112079853965288,0.972775,True,True,True,True,rebound,rebound,False
3501,333,B,0.00244090149702198934766448512419764610736172494000726557140633,0.972775,True,True,True,True,contraction,contraction,False
3502,334,A,0.00284520737139823018543629158872923042148365755461559587741824,0.972775,True,True,True,True,tie,tie,True
3503,334,A,0.00253922844521533930574388535821358948277940983262836357473035,0.972775,True,True,True,True,rebound,rebound,False
3504,333,B,0.00230974425057817114597458068532685877875122404113793934771443,0.972775,True,True,True,True,contraction,contraction,False
3505,334,A,0.00271410477380709690799709127670797258759341103112079853965288,0.972775,True,True,True,True,rebound,rebound,False
3506,333,B,0.00244090149702198934766448512419764610736172494000726557140633,0.972775,True,True,True,True,contraction,contraction,False
3507,334,A,0.00284520737139823018543629158872923042148365755461559587741824,0.972775,True,True,True,True,tie,tie,True
3508,334,A,0.00253922844521533930574388535821358948277940983262836357473035,0.972775,True,True,True,True,rebound,rebound,False
3509,333,B,0.00230974425057817114597458068532685877875122404113793934771443,0.972775,True,True,True,True,contraction,contraction,False
3510,334,A,0.00271410477380709690799709127670797258759341103112079853965288,0.972775,True,True,True,True,rebound,rebound,False
3511,333,B,0.00244090149702198934766448512419764610736172494000726557140633,0.972775,True,True,True,True,contraction,contraction,False
3512,334,A,0.00284520737139823018543629158872923042148365755461559587741824,0.972775,True,True,True,True,tie,tie,True
3513,334,A,0.00253922844521533930574388535821358948277940983262836357473035,0.972775,True,True,True,True,rebound,rebound,False
3514,333,B,0.00230974425057817114597458068532685877875122404113793934771443,0.972775,True,True,True,True,contraction,contraction,False
3515,334,A,0.00271410477380709690799709127670797258759341103112079853965288,0.972775,True,True,True,True,rebound,rebound,False
3516,333,B,0.00244090149702198934766448512419764610736172494000726557140633,0.972775,True,True,True,True,contraction,contraction,False
3517,334,A,0.00284520737139823018543629158872923042148365755461559587741824,0.972775,True,True,True,True,tie,tie,True
3518,334,A,0.00253922844521533930574388535821358948277940983262836357473035,0.972775,True,True,True,True,rebound,rebound,False
3519,333,B,0.00230974425057817114597458068532685877875122404113793934771443,0.972775,True,True,True,True,contraction,contraction,False
3520,334,A,0.00271410477380709690799709127670797258759341103112079853965288,0.972775,True,True,True,True,rebound,rebound,False
3521,333,B,0.00244090149702198934766448512419764610736172494000726557140633,0.972775,True,True,True,True,contraction,contraction,False
3522,334,A,0.00284520737139823018543629158872923042148365755461559587741824,0.972775,True,True,True,True,tie,tie,True
3523,334,A,0.00253922844521533930574388535821358948277940983262836357473035,0.972775,True,True,True,True,rebound,rebound,False
3524,333,B,0.00230974425057817114597458068532685877875122404113793934771443,0.972775,True,True,True,True,contraction,contraction,False
3525,334,A,0.00271410477380709690799709127670797258759341103112079853965288,0.972775,True,True,True,True,rebound,rebound,False
3526,333,B,0.00244090149702198934766448512419764610736172494000726557140633,0.972775,True,True,True,True,contraction,contraction,False
3527,334,A,0.00284520737139823018543629158872923042148365755461559587741824,0.972775,True,True,True,True,tie,tie,True
3528,334,A,0.00253922844521533930574388535821358948277940983262836357473035,0.972775,True,True,True,True,rebound,rebound,False
3529,333,B,0.00230974425057817114597458068532685877875122404113793934771443,0.972775,True,True,True,True,contraction,contraction,False
3530,334,A,0.00271410477380709690799709127670797258759341103112079853965288,0.972775,True,True,True,True,rebound,rebound,False
3531,333,B,0.00244090149702198934766448512419764610736172494000726557140633,0.972775,True,True,True,True,contraction,contraction,False
3532,334,A,0.00284520737139823018543629158872923042148365755461559587741824,0.972775,True,True,True,True,tie,tie,True
3533,334,A,0.00253922844521533930574388535821358948277940983262836357473035,0.972775,True,True,True,True,rebound,rebound,False
3534,333,B,0.00230974425057817114597458068532685877875122404113793934771443,0.972775,True,True,True,True,contraction,contraction,False
3535,334,A,0.00271410477380709690799709127670797258759341103112079853965288,0.972775,True,True,True,True,rebound,rebound,False
3536,333,B,0.00244090149702198934766448512419764610736172494000726557140633,0.972775,True,True,True,True,contraction,contraction,False
3537,334,A,0.00284520737139823018543629158872923042148365755461559587741824,0.972775,True,True,True,True,tie,tie,True
3538,334,A,0.00253922844521533930574388535821358948277940983262836357473035,0.972775,True,True,True,True,rebound,rebound,False
3539,333,B,0.00230974425057817114597458068532685877875122404113793934771443,0.972775,True,True,True,True,contraction,contraction,False
3540,334,A,0.00271410477380709690799709127670797258759341103112079853965288,0.972775,True,True,True,True,rebound,rebound,False
3541,333,B,0.00244090149702198934766448512419764610736172494000726557140633,0.972775,True,True,True,True,contraction,contraction,False
3542,334,A,0.00284520737139823018543629158872923042148365755461559587741824,0.972775,True,True,True,True,tie,tie,True
3543,334,A,0.00253922844521533930574388535821358948277940983262836357473035,0.972775,True,True,True,True,rebound,rebound,False
3544,333,B,0.00230974425057817114597458068532685877875122404113793934771443,0.972775,True,True,True,True,contraction,contraction,False
3545,334,A,0.00271410477380709690799709127670797258759341103112079853965288,0.972775,True,True,True,True,rebound,rebound,False
3546,333,B,0.00244090149702198934766448512419764610736172494000726557140633,0.972775,True,True,True,True,contraction,contraction,False
3547,334,A,0.00284520737139823018543629158872923042148365755461559587741824,0.972775,True,True,True,True,tie,tie,True
3548,334,A,0.00253922844521533930574388535821358948277940983262836357473035,0.972775,True,True,True,True,rebound,rebound,False
3549,333,B,0.00230974425057817114597458068532685877875122404113793934771443,0.972775,True,True,True,True,contraction,contraction,False
3550,334,A,0.00271410477380709690799709127670797258759341103112079853965288,0.972775,True,True,True,True,rebound,rebound,False
3551,333,B,0.00244090149702198934766448512419764610736172494000726557140633,0.972775,True,True,True,True,contraction,contraction,False
3552,334,A,0.00284520737139823018543629158872923042148365755461559587741824,0.972775,True,True,True,True,tie,tie,True
3553,334,A,0.00253922844521533930574388535821358948277940983262836357473035,0.972775,True,True,True,True,rebound,rebound,False
3554,333,B,0.00230974425057817114597458068532685877875122404113793934771443,0.972775,True,True,True,True,contraction,contraction,False
3555,334,A,0.00271410477380709690799709127670797258759341103112079853965288,0.972775,True,True,True,True,rebound,rebound,False
3556,333,B,0.00244090149702198934766448512419764610736172494000726557140633,0.972775,True,True,True,True,contraction,contraction,False
3557,334,A,0.00284520737139823018543629158872923042148365755461559587741824,0.972775,True,True,True,True,tie,tie,True
3558,334,A,0.00253922844521533930574388535821358948277940983262836357473035,0.972775,True,True,True,True,rebound,rebound,False
3559,333,B,0.00230974425057817114597458068532685877875122404113793934771443,0.972775,True,True,True,True,contraction,contraction,False
3560,334,A,0.00271410477380709690799709127670797258759341103112079853965288,0.972775,True,True,True,True,rebound,rebound,False
3561,333,B,0.00244090149702198934766448512419764610736172494000726557140633,0.972775,True,True,True,True,contraction,contraction,False
3562,334,A,0.00284520737139823018543629158872923042148365755461559587741824,0.972775,True,True,True,True,tie,tie,True
3563,334,A,0.00253922844521533930574388535821358948277940983262836357473035,0.972775,True,True,True,True,rebound,rebound,False
3564,333,B,0.00230974425057817114597458068532685877875122404113793934771443,0.972775,True,True,True,True,contraction,contraction,False
3565,334,A,0.00271410477380709690799709127670797258759341103112079853965288,0.972775,True,True,True,True,rebound,rebound,False
3566,333,B,0.00244090149702198934766448512419764610736172494000726557140633,0.972775,True,True,True,True,contraction,contraction,False
3567,334,A,0.00284520737139823018543629158872923042148365755461559587741824,0.972775,True,True,True,True,tie,tie,True
3568,334,A,0.00253922844521533930574388535821358948277940983262836357473035,0.972775,True,True,True,True,rebound,rebound,False
3569,333,B,0.00230974425057817114597458068532685877875122404113793934771443,0.972775,True,True,True,True,contraction,contraction,False
3570,334,A,0.00271410477380709690799709127670797258759341103112079853965288,0.972775,True,True,True,True,rebound,rebound,False
3571,333,B,0.00244090149702198934766448512419764610736172494000726557140633,0.972775,True,True,True,True,contraction,contraction,False
3572,334,A,0.00284520737139823018543629158872923042148365755461559587741824,0.972775,True,True,True,True,tie,tie,True
3573,334,A,0.00253922844521533930574388535821358948277940983262836357473035,0.972775,True,True,True,True,rebound,rebound,False
3574,333,B,0.00230974425057817114597458068532685877875122404113793934771443,0.972775,True,True,True,True,contraction,contraction,False
3575,334,A,0.00271410477380709690799709127670797258759341103112079853965288,0.972775,True,True,True,True,rebound,rebound,False
3576,333,B,0.00244090149702198934766448512419764610736172494000726557140633,0.972775,True,True,True,True,contraction,contraction,False
3577,334,A,0.00284520737139823018543629158872923042148365755461559587741824,0.972775,True,True,True,True,tie,tie,True
3578,334,A,0.00253922844521533930574388535821358948277940983262836357473035,0.972775,True,True,True,True,rebound,rebound,False
3579,333,B,0.00230974425057817114597458068532685877875122404113793934771443,0.972775,True,True,True,True,contraction,contraction,False
3580,334,A,0.00271410477380709690799709127670797258759341103112079853965288,0.972775,True,True,True,True,rebound,rebound,False
3581,333,B,0.00244090149702198934766448512419764610736172494000726557140633,0.972775,True,True,True,True,contraction,contraction,False
3582,334,A,0.00284520737139823018543629158872923042148365755461559587741824,0.972775,True,True,True,True,tie,tie,True
3583,334,A,0.00253922844521533930574388535821358948277940983262836357473035,0.972775,True,True,True,True,rebound,rebound,False
3584,333,B,0.00230974425057817114597458068532685877875122404113793934771443,0.972775,True,True,True,True,contraction,contraction,False
3585,334,A,0.00271410477380709690799709127670797258759341103112079853965288,0.972775,True,True,True,True,rebound,rebound,False
3586,333,B,0.00244090149702198934766448512419764610736172494000726557140633,0.972775,True,True,True,True,contraction,contraction,False
3587,334,A,0.00284520737139823018543629158872923042148365755461559587741824,0.972775,True,True,True,True,tie,tie,True
3588,334,A,0.00253922844521533930574388535821358948277940983262836357473035,0.972775,True,True,True,True,rebound,rebound,False
3589,333,B,0.00230974425057817114597458068532685877875122404113793934771443,0.972775,True,True,True,True,contraction,contraction,False
3590,334,A,0.00271410477380709690799709127670797258759341103112079853965288,0.972775,True,True,True,True,rebound,rebound,False
3591,333,B,0.00244090149702198934766448512419764610736172494000726557140633,0.972775,True,True,True,True,contraction,contraction,False
3592,334,A,0.00284520737139823018543629158872923042148365755461559587741824,0.972775,True,True,True,True,tie,tie,True
3593,334,A,0.00253922844521533930574388535821358948277940983262836357473035,0.972775,True,True,True,True,rebound,rebound,False
3594,333,B,0.00230974425057817114597458068532685877875122404113793934771443,0.972775,True,True,True,True,contraction,contraction,False
3595,334,A,0.00271410477380709690799709127670797258759341103112079853965288,0.972775,True,True,True,True,rebound,rebound,False
3596,333,B,0.00244090149702198934766448512419764610736172494000726557140633,0.972775,True,True,True,True,contraction,contraction,False
3597,334,A,0.00284520737139823018543629158872923042148365755461559587741824,0.972775,True,True,True,True,tie,tie,True
3598,334,A,0.00253922844521533930574388535821358948277940983262836357473035,0.972775,True,True,True,True,rebound,rebound,False
3599,333,B,0.00230974425057817114597458068532685877875122404113793934771443,0.972775,True,True,True,True,contraction,contraction,False
3600,334,A,0.00271410477380709690799709127670797258759341103112079853965288,0.972775,True,True,True,True,rebound,rebound,False
3601,333,B,0.00244090149702198934766448512419764610736172494000726557140633,0.972775,True,True,True,True,contraction,contraction,False
3602,334,A,0.00284520737139823018543629158872923042148365755461559587741824,0.972775,True,True,True,True,tie,tie,True
3603,334,A,0.00253922844521533930574388535821358948277940983262836357473035,0.972775,True,True,True,True,rebound,rebound,False
3604,333,B,0.00230974425057817114597458068532685877875122404113793934771443,0.972775,True,True,True,True,contraction,contraction,False
3605,334,A,0.00271410477380709690799709127670797258759341103112079853965288,0.972775,True,True,True,True,rebound,rebound,False
3606,333,B,0.00244090149702198934766448512419764610736172494000726557140633,0.972775,True,True,True,True,contraction,contraction,False
3607,334,A,0.00284520737139823018543629158872923042148365755461559587741824,0.972775,True,True,True,True,tie,tie,True
3608,334,A,0.00253922844521533930574388535821358948277940983262836357473035,0.972775,True,True,True,True,rebound,rebound,False
3609,333,B,0.00230974425057817114597458068532685877875122404113793934771443,0.972775,True,True,True,True,contraction,contraction,False
3610,334,A,0.00271410477380709690799709127670797258759341103112079853965288,0.972775,True,True,True,True,rebound,rebound,False
3611,333,B,0.00244090149702198934766448512419764610736172494000726557140633,0.972775,True,True,True,True,contraction,contraction,False
3612,334,A,0.00284520737139823018543629158872923042148365755461559587741824,0.972775,True,True,True,True,tie,tie,True
3613,334,A,0.00253922844521533930574388535821358948277940983262836357473035,0.972775,True,True,True,True,rebound,rebound,False
3614,333,B,0.00230974425057817114597458068532685877875122404113793934771443,0.972775,True,True,True,True,contraction,contraction,False
3615,334,A,0.00271410477380709690799709127670797258759341103112079853965288,0.972775,True,True,True,True,rebound,rebound,False
3616,333,B,0.00244090149702198934766448512419764610736172494000726557140633,0.972775,True,True,True,True,contraction,contraction,False
3617,334,A,0.00284520737139823018543629158872923042148365755461559587741824,0.972775,True,True,True,True,tie,tie,True
3618,334,A,0.00253922844521533930574388535821358948277940983262836357473035,0.972775,True,True,True,True,rebound,rebound,False
3619,333,B,0.00230974425057817114597458068532685877875122404113793934771443,0.972775,True,True,True,True,contraction,contraction,False
3620,334,A,0.00271410477380709690799709127670797258759341103112079853965288,0.972775,True,True,True,True,rebound,rebound,False
3621,333,B,0.00244090149702198934766448512419764610736172494000726557140633,0.972775,True,True,True,True,contraction,contraction,False
3622,334,A,0.00284520737139823018543629158872923042148365755461559587741824,0.972775,True,True,True,True,tie,tie,True
3623,334,A,0.00253922844521533930574388535821358948277940983262836357473035,0.972775,True,True,True,True,rebound,rebound,False
3624,333,B,0.00230974425057817114597458068532685877875122404113793934771443,0.972775,True,True,True,True,contraction,contraction,False
3625,334,A,0.00271410477380709690799709127670797258759341103112079853965288,0.972775,True,True,True,True,rebound,rebound,False
3626,333,B,0.00244090149702198934766448512419764610736172494000726557140633,0.972775,True,True,True,True,contraction,contraction,False
3627,334,A,0.00284520737139823018543629158872923042148365755461559587741824,0.972775,True,True,True,True,tie,tie,True
3628,334,A,0.00253922844521533930574388535821358948277940983262836357473035,0.972775,True,True,True,True,rebound,rebound,False
3629,333,B,0.00230974425057817114597458068532685877875122404113793934771443,0.972775,True,True,True,True,contraction,contraction,False
3630,334,A,0.00271410477380709690799709127670797258759341103112079853965288,0.972775,True,True,True,True,rebound,rebound,False
3631,333,B,0.00244090149702198934766448512419764610736172494000726557140633,0.972775,True,True,True,True,contraction,contraction,False
3632,334,A,0.00284520737139823018543629158872923042148365755461559587741824,0.972775,True,True,True,True,tie,tie,True
3633,334,A,0.00253922844521533930574388535821358948277940983262836357473035,0.972775,True,True,True,True,rebound,rebound,False
3634,333,B,0.00230974425057817114597458068532685877875122404113793934771443,0.972775,True,True,True,True,contraction,contraction,False
3635,334,A,0.00271410477380709690799709127670797258759341103112079853965288,0.972775,True,True,True,True,rebound,rebound,False
3636,333,B,0.00244090149702198934766448512419764610736172494000726557140633,0.972775,True,True,True,True,contraction,contraction,False
3637,334,A,0.00284520737139823018543629158872923042148365755461559587741824,0.972775,True,True,True,True,tie,tie,True
3638,334,A,0.00253922844521533930574388535821358948277940983262836357473035,0.972775,True,True,True,True,rebound,rebound,False
3639,333,B,0.00230974425057817114597458068532685877875122404113793934771443,0.972775,True,True,True,True,contraction,contraction,False
3640,334,A,0.00271410477380709690799709127670797258759341103112079853965288,0.972775,True,True,True,True,rebound,rebound,False
3641,333,B,0.00244090149702198934766448512419764610736172494000726557140633,0.972775,True,True,True,True,contraction,contraction,False
3642,334,A,0.00284520737139823018543629158872923042148365755461559587741824,0.972775,True,True,True,True,tie,tie,True
3643,334,A,0.00253922844521533930574388535821358948277940983262836357473035,0.972775,True,True,True,True,rebound,rebound,False
3644,333,B,0.00230974425057817114597458068532685877875122404113793934771443,0.972775,True,True,True,True,contraction,contraction,False
3645,334,A,0.00271410477380709690799709127670797258759341103112079853965288,0.972775,True,True,True,True,rebound,rebound,False
3646,333,B,0.00244090149702198934766448512419764610736172494000726557140633,0.972775,True,True,True,True,contraction,contraction,False
3647,334,A,0.00284520737139823018543629158872923042148365755461559587741824,0.972775,True,True,True,True,tie,tie,True
3648,334,A,0.00253922844521533930574388535821358948277940983262836357473035,0.972775,True,True,True,True,rebound,rebound,False
3649,333,B,0.00230974425057817114597458068532685877875122404113793934771443,0.972775,True,True,True,True,contraction,contraction,False
3650,334,A,0.00271410477380709690799709127670797258759341103112079853965288,0.972775,True,True,True,True,rebound,rebound,False
3651,333,B,0.00244090149702198934766448512419764610736172494000726557140633,0.972775,True,True,True,True,contraction,contraction,False
3652,334,A,0.00284520737139823018543629158872923042148365755461559587741824,0.972775,True,True,True,True,tie,tie,True
3653,334,A,0.00253922844521533930574388535821358948277940983262836357473035,0.972775,True,True,True,True,rebound,rebound,False
3654,333,B,0.00230974425057817114597458068532685877875122404113793934771443,0.972775,True,True,True,True,contraction,contraction,False
3655,334,A,0.00271410477380709690799709127670797258759341103112079853965288,0.972775,True,True,True,True,rebound,rebound,False
3656,333,B,0.00244090149702198934766448512419764610736172494000726557140633,0.972775,True,True,True,True,contraction,contraction,False
3657,334,A,0.00284520737139823018543629158872923042148365755461559587741824,0.972775,True,True,True,True,tie,tie,True
3658,334,A,0.00253922844521533930574388535821358948277940983262836357473035,0.972775,True,True,True,True,rebound,rebound,False
3659,333,B,0.00230974425057817114597458068532685877875122404113793934771443,0.972775,True,True,True,True,contraction,contraction,False
3660,334,A,0.00271410477380709690799709127670797258759341103112079853965288,0.972775,True,True,True,True,rebound,rebound,False
3661,333,B,0.00244090149702198934766448512419764610736172494000726557140633,0.972775,True,True,True,True,contraction,contraction,False
3662,334,A,0.00284520737139823018543629158872923042148365755461559587741824,0.972775,True,True,True,True,tie,tie,True
3663,334,A,0.00253922844521533930574388535821358948277940983262836357473035,0.972775,True,True,True,True,rebound,rebound,False
3664,333,B,0.00230974425057817114597458068532685877875122404113793934771443,0.972775,True,True,True,True,contraction,contraction,False
3665,334,A,0.00271410477380709690799709127670797258759341103112079853965288,0.972775,True,True,True,True,rebound,rebound,False
3666,333,B,0.00244090149702198934766448512419764610736172494000726557140633,0.972775,True,True,True,True,contraction,contraction,False
3667,334,A,0.00284520737139823018543629158872923042148365755461559587741824,0.972775,True,True,True,True,tie,tie,True
3668,334,A,0.00253922844521533930574388535821358948277940983262836357473035,0.972775,True,True,True,True,rebound,rebound,False
3669,333,B,0.00230974425057817114597458068532685877875122404113793934771443,0.972775,True,True,True,True,contraction,contraction,False
3670,334,A,0.00271410477380709690799709127670797258759341103112079853965288,0.972775,True,True,True,True,rebound,rebound,False
3671,333,B,0.00244090149702198934766448512419764610736172494000726557140633,0.972775,True,True,True,True,contraction,contraction,False
3672,334,A,0.00284520737139823018543629158872923042148365755461559587741824,0.972775,True,True,True,True,tie,tie,True
3673,334,A,0.00253922844521533930574388535821358948277940983262836357473035,0.972775,True,True,True,True,rebound,rebound,False
3674,333,B,0.00230974425057817114597458068532685877875122404113793934771443,0.972775,True,True,True,True,contraction,contraction,False
3675,334,A,0.00271410477380709690799709127670797258759341103112079853965288,0.972775,True,True,True,True,rebound,rebound,False
3676,333,B,0.00244090149702198934766448512419764610736172494000726557140633,0.972775,True,True,True,True,contraction,contraction,False
3677,334,A,0.00284520737139823018543629158872923042148365755461559587741824,0.972775,True,True,True,True,tie,tie,True
3678,334,A,0.00253922844521533930574388535821358948277940983262836357473035,0.972775,True,True,True,True,rebound,rebound,False
3679,333,B,0.00230974425057817114597458068532685877875122404113793934771443,0.972775,True,True,True,True,contraction,contraction,False
3680,334,A,0.00271410477380709690799709127670797258759341103112079853965288,0.972775,True,True,True,True,rebound,rebound,False
3681,333,B,0.00244090149702198934766448512419764610736172494000726557140633,0.972775,True,True,True,True,contraction,contraction,False
3682,334,A,0.00284520737139823018543629158872923042148365755461559587741824,0.972775,True,True,True,True,tie,tie,True
3683,334,A,0.00253922844521533930574388535821358948277940983262836357473035,0.972775,True,True,True,True,rebound,rebound,False
3684,333,B,0.00230974425057817114597458068532685877875122404113793934771443,0.972775,True,True,True,True,contraction,contraction,False
3685,334,A,0.00271410477380709690799709127670797258759341103112079853965288,0.972775,True,True,True,True,rebound,rebound,False
3686,333,B,0.00244090149702198934766448512419764610736172494000726557140633,0.972775,True,True,True,True,contraction,contraction,False
3687,334,A,0.00284520737139823018543629158872923042148365755461559587741824,0.972775,True,True,True,True,tie,tie,True
3688,334,A,0.00253922844521533930574388535821358948277940983262836357473035,0.972775,True,True,True,True,rebound,rebound,False
3689,333,B,0.00230974425057817114597458068532685877875122404113793934771443,0.972775,True,True,True,True,contraction,contraction,False
3690,334,A,0.00271410477380709690799709127670797258759341103112079853965288,0.972775,True,True,True,True,rebound,rebound,False
3691,333,B,0.00244090149702198934766448512419764610736172494000726557140633,0.972775,True,True,True,True,contraction,contraction,False
3692,334,A,0.00284520737139823018543629158872923042148365755461559587741824,0.972775,True,True,True,True,tie,tie,True
3693,334,A,0.00253922844521533930574388535821358948277940983262836357473035,0.972775,True,True,True,True,rebound,rebound,False
3694,333,B,0.00230974425057817114597458068532685877875122404113793934771443,0.972775,True,True,True,True,contraction,contraction,False
3695,334,A,0.00271410477380709690799709127670797258759341103112079853965288,0.972775,True,True,True,True,rebound,rebound,False
3696,333,B,0.00244090149702198934766448512419764610736172494000726557140633,0.972775,True,True,True,True,contraction,contraction,False
3697,334,A,0.00284520737139823018543629158872923042148365755461559587741824,0.972775,True,True,True,True,tie,tie,True
3698,334,A,0.00253922844521533930574388535821358948277940983262836357473035,0.972775,True,True,True,True,rebound,rebound,False
3699,333,B,0.00230974425057817114597458068532685877875122404113793934771443,0.972775,True,True,True,True,contraction,contraction,False
3700,334,A,0.00271410477380709690799709127670797258759341103112079853965288,0.972775,True,True,True,True,rebound,rebound,False
3701,333,B,0.00244090149702198934766448512419764610736172494000726557140633,0.972775,True,True,True,True,contraction,contraction,False
3702,334,A,0.00284520737139823018543629158872923042148365755461559587741824,0.972775,True,True,True,True,tie,tie,True
3703,334,A,0.00253922844521533930574388535821358948277940983262836357473035,0.972775,True,True,True,True,rebound,rebound,False
3704,333,B,0.00230974425057817114597458068532685877875122404113793934771443,0.972775,True,True,True,True,contraction,contraction,False
3705,334,A,0.00271410477380709690799709127670797258759341103112079853965288,0.972775,True,True,True,True,rebound,rebound,False
3706,333,B,0.00244090149702198934766448512419764610736172494000726557140633,0.972775,True,True,True,True,contraction,contraction,False
3707,334,A,0.00284520737139823018543629158872923042148365755461559587741824,0.972775,True,True,True,True,tie,tie,True
3708,334,A,0.00253922844521533930574388535821358948277940983262836357473035,0.972775,True,True,True,True,rebound,rebound,False
3709,333,B,0.00230974425057817114597458068532685877875122404113793934771443,0.972775,True,True,True,True,contraction,contraction,False
3710,334,A,0.00271410477380709690799709127670797258759341103112079853965288,0.972775,True,True,True,True,rebound,rebound,False
3711,333,B,0.00244090149702198934766448512419764610736172494000726557140633,0.972775,True,True,True,True,contraction,contraction,False
3712,334,A,0.00284520737139823018543629158872923042148365755461559587741824,0.972775,True,True,True,True,tie,tie,True
3713,334,A,0.00253922844521533930574388535821358948277940983262836357473035,0.972775,True,True,True,True,rebound,rebound,False
3714,333,B,0.00230974425057817114597458068532685877875122404113793934771443,0.972775,True,True,True,True,contraction,contraction,False
3715,334,A,0.00271410477380709690799709127670797258759341103112079853965288,0.972775,True,True,True,True,rebound,rebound,False
3716,333,B,0.00244090149702198934766448512419764610736172494000726557140633,0.972775,True,True,True,True,contraction,contraction,False
3717,334,A,0.00284520737139823018543629158872923042148365755461559587741824,0.972775,True,True,True,True,tie,tie,True
3718,334,A,0.00253922844521533930574388535821358948277940983262836357473035,0.972775,True,True,True,True,rebound,rebound,False
3719,333,B,0.00230974425057817114597458068532685877875122404113793934771443,0.972775,True,True,True,True,contraction,contraction,False
3720,334,A,0.00271410477380709690799709127670797258759341103112079853965288,0.972775,True,True,True,True,rebound,rebound,False
3721,333,B,0.00244090149702198934766448512419764610736172494000726557140633,0.972775,True,True,True,True,contraction,contraction,False
3722,334,A,0.00284520737139823018543629158872923042148365755461559587741824,0.972775,True,True,True,True,tie,tie,True
3723,334,A,0.00253922844521533930574388535821358948277940983262836357473035,0.972775,True,True,True,True,rebound,rebound,False
3724,333,B,0.00230974425057817114597458068532685877875122404113793934771443,0.972775,True,True,True,True,contraction,contraction,False
3725,334,A,0.00271410477380709690799709127670797258759341103112079853965288,0.972775,True,True,True,True,rebound,rebound,False
3726,333,B,0.00244090149702198934766448512419764610736172494000726557140633,0.972775,True,True,True,True,contraction,contraction,False
3727,334,A,0.00284520737139823018543629158872923042148365755461559587741824,0.972775,True,True,True,True,tie,tie,True
3728,334,A,0.00253922844521533930574388535821358948277940983262836357473035,0.972775,True,True,True,True,rebound,rebound,False
3729,333,B,0.00230974425057817114597458068532685877875122404113793934771443,0.972775,True,True,True,True,contraction,contraction,False
3730,334,A,0.00271410477380709690799709127670797258759341103112079853965288,0.972775,True,True,True,True,rebound,rebound,False
3731,333,B,0.00244090149702198934766448512419764610736172494000726557140633,0.972775,True,True,True,True,contraction,contraction,False
3732,334,A,0.00284520737139823018543629158872923042148365755461559587741824,0.972775,True,True,True,True,tie,tie,True
3733,334,A,0.00253922844521533930574388535821358948277940983262836357473035,0.972775,True,True,True,True,rebound,rebound,False
3734,333,B,0.00230974425057817114597458068532685877875122404113793934771443,0.972775,True,True,True,True,contraction,contraction,False
3735,334,A,0.00271410477380709690799709127670797258759341103112079853965288,0.972775,True,True,True,True,rebound,rebound,False
3736,333,B,0.00244090149702198934766448512419764610736172494000726557140633,0.972775,True,True,True,True,contraction,contraction,False
3737,334,A,0.00284520737139823018543629158872923042148365755461559587741824,0.972775,True,True,True,True,tie,tie,True
3738,334,A,0.00253922844521533930574388535821358948277940983262836357473035,0.972775,True,True,True,True,rebound,rebound,False
3739,333,B,0.00230974425057817114597458068532685877875122404113793934771443,0.972775,True,True,True,True,contraction,contraction,False
3740,334,A,0.00271410477380709690799709127670797258759341103112079853965288,0.972775,True,True,True,True,rebound,rebound,False
3741,333,B,0.00244090149702198934766448512419764610736172494000726557140633,0.972775,True,True,True,True,contraction,contraction,False
3742,334,A,0.00284520737139823018543629158872923042148365755461559587741824,0.972775,True,True,True,True,tie,tie,True
3743,334,A,0.00253922844521533930574388535821358948277940983262836357473035,0.972775,True,True,True,True,rebound,rebound,False
3744,333,B,0.00230974425057817114597458068532685877875122404113793934771443,0.972775,True,True,True,True,contraction,contraction,False
3745,334,A,0.00271410477380709690799709127670797258759341103112079853965288,0.972775,True,True,True,True,rebound,rebound,False
3746,333,B,0.00244090149702198934766448512419764610736172494000726557140633,0.972775,True,True,True,True,contraction,contraction,False
3747,334,A,0.00284520737139823018543629158872923042148365755461559587741824,0.972775,True,True,True,True,tie,tie,True
3748,334,A,0.00253922844521533930574388535821358948277940983262836357473035,0.972775,True,True,True,True,rebound,rebound,False
3749,333,B,0.00230974425057817114597458068532685877875122404113793934771443,0.972775,True,True,True,True,contraction,contraction,False
3750,334,A,0.00271410477380709690799709127670797258759341103112079853965288,0.972775,True,True,True,True,rebound,rebound,False
3751,333,B,0.00244090149702198934766448512419764610736172494000726557140633,0.972775,True,True,True,True,contraction,contraction,False
3752,334,A,0.00284520737139823018543629158872923042148365755461559587741824,0.972775,True,True,True,True,tie,tie,True
3753,334,A,0.00253922844521533930574388535821358948277940983262836357473035,0.972775,True,True,True,True,rebound,rebound,False
3754,333,B,0.00230974425057817114597458068532685877875122404113793934771443,0.972775,True,True,True,True,contraction,contraction,False
3755,334,A,0.00271410477380709690799709127670797258759341103112079853965288,0.972775,True,True,True,True,rebound,rebound,False
3756,333,B,0.00244090149702198934766448512419764610736172494000726557140633,0.972775,True,True,True,True,contraction,contraction,False
3757,334,A,0.00284520737139823018543629158872923042148365755461559587741824,0.972775,True,True,True,True,tie,tie,True
3758,334,A,0.00253922844521533930574388535821358948277940983262836357473035,0.972775,True,True,True,True,rebound,rebound,False
3759,333,B,0.00230974425057817114597458068532685877875122404113793934771443,0.972775,True,True,True,True,contraction,contraction,False
3760,334,A,0.00271410477380709690799709127670797258759341103112079853965288,0.972775,True,True,True,True,rebound,rebound,False
3761,333,B,0.00244090149702198934766448512419764610736172494000726557140633,0.972775,True,True,True,True,contraction,contraction,False
3762,334,A,0.00284520737139823018543629158872923042148365755461559587741824,0.972775,True,True,True,True,tie,tie,True
3763,334,A,0.00253922844521533930574388535821358948277940983262836357473035,0.972775,True,True,True,True,rebound,rebound,False
3764,333,B,0.00230974425057817114597458068532685877875122404113793934771443,0.972775,True,True,True,True,contraction,contraction,False
3765,334,A,0.00271410477380709690799709127670797258759341103112079853965288,0.972775,True,True,True,True,rebound,rebound,False
3766,333,B,0.00244090149702198934766448512419764610736172494000726557140633,0.972775,True,True,True,True,contraction,contraction,False
3767,334,A,0.00284520737139823018543629158872923042148365755461559587741824,0.972775,True,True,True,True,tie,tie,True
3768,334,A,0.00253922844521533930574388535821358948277940983262836357473035,0.972775,True,True,True,True,rebound,rebound,False
3769,333,B,0.00230974425057817114597458068532685877875122404113793934771443,0.972775,True,True,True,True,contraction,contraction,False
3770,334,A,0.00271410477380709690799709127670797258759341103112079853965288,0.972775,True,True,True,True,rebound,rebound,False
3771,333,B,0.00244090149702198934766448512419764610736172494000726557140633,0.972775,True,True,True,True,contraction,contraction,False
3772,334,A,0.00284520737139823018543629158872923042148365755461559587741824,0.972775,True,True,True,True,tie,tie,True
3773,334,A,0.00253922844521533930574388535821358948277940983262836357473035,0.972775,True,True,True,True,rebound,rebound,False
3774,333,B,0.00230974425057817114597458068532685877875122404113793934771443,0.972775,True,True,True,True,contraction,contraction,False
3775,334,A,0.00271410477380709690799709127670797258759341103112079853965288,0.972775,True,True,True,True,rebound,rebound,False
3776,333,B,0.00244090149702198934766448512419764610736172494000726557140633,0.972775,True,True,True,True,contraction,contraction,False
3777,334,A,0.00284520737139823018543629158872923042148365755461559587741824,0.972775,True,True,True,True,tie,tie,True
3778,334,A,0.00253922844521533930574388535821358948277940983262836357473035,0.972775,True,True,True,True,rebound,rebound,False
3779,333,B,0.00230974425057817114597458068532685877875122404113793934771443,0.972775,True,True,True,True,contraction,contraction,False
3780,334,A,0.00271410477380709690799709127670797258759341103112079853965288,0.972775,True,True,True,True,rebound,rebound,False
3781,333,B,0.00244090149702198934766448512419764610736172494000726557140633,0.972775,True,True,True,True,contraction,contraction,False
3782,334,A,0.00284520737139823018543629158872923042148365755461559587741824,0.972775,True,True,True,True,tie,tie,True
3783,334,A,0.00253922844521533930574388535821358948277940983262836357473035,0.972775,True,True,True,True,rebound,rebound,False
3784,333,B,0.00230974425057817114597458068532685877875122404113793934771443,0.972775,True,True,True,True,contraction,contraction,False
3785,334,A,0.00271410477380709690799709127670797258759341103112079853965288,0.972775,True,True,True,True,rebound,rebound,False
3786,333,B,0.00244090149702198934766448512419764610736172494000726557140633,0.972775,True,True,True,True,contraction,contraction,False
3787,334,A,0.00284520737139823018543629158872923042148365755461559587741824,0.972775,True,True,True,True,tie,tie,True
3788,334,A,0.00253922844521533930574388535821358948277940983262836357473035,0.972775,True,True,True,True,rebound,rebound,False
3789,333,B,0.00230974425057817114597458068532685877875122404113793934771443,0.972775,True,True,True,True,contraction,contraction,False
3790,334,A,0.00271410477380709690799709127670797258759341103112079853965288,0.972775,True,True,True,True,rebound,rebound,False
3791,333,B,0.00244090149702198934766448512419764610736172494000726557140633,0.972775,True,True,True,True,contraction,contraction,False
3792,334,A,0.00284520737139823018543629158872923042148365755461559587741824,0.972775,True,True,True,True,tie,tie,True
3793,334,A,0.00253922844521533930574388535821358948277940983262836357473035,0.972775,True,True,True,True,rebound,rebound,False
3794,333,B,0.00230974425057817114597458068532685877875122404113793934771443,0.972775,True,True,True,True,contraction,contraction,False
3795,334,A,0.00271410477380709690799709127670797258759341103112079853965288,0.972775,True,True,True,True,rebound,rebound,False
3796,333,B,0.00244090149702198934766448512419764610736172494000726557140633,0.972775,True,True,True,True,contraction,contraction,False
3797,334,A,0.00284520737139823018543629158872923042148365755461559587741824,0.972775,True,True,True,True,tie,tie,True
3798,334,A,0.00253922844521533930574388535821358948277940983262836357473035,0.972775,True,True,True,True,rebound,rebound,False
3799,333,B,0.00230974425057817114597458068532685877875122404113793934771443,0.972775,True,True,True,True,contraction,contraction,False
3800,334,A,0.00271410477380709690799709127670797258759341103112079853965288,0.972775,True,True,True,True,rebound,rebound,False
3801,333,B,0.00244090149702198934766448512419764610736172494000726557140633,0.972775,True,True,True,True,contraction,contraction,False
3802,334,A,0.00284520737139823018543629158872923042148365755461559587741824,0.972775,True,True,True,True,tie,tie,True
3803,334,A,0.00253922844521533930574388535821358948277940983262836357473035,0.972775,True,True,True,True,rebound,rebound,False
3804,333,B,0.00230974425057817114597458068532685877875122404113793934771443,0.972775,True,True,True,True,contraction,contraction,False
3805,334,A,0.00271410477380709690799709127670797258759341103112079853965288,0.972775,True,True,True,True,rebound,rebound,False
3806,333,B,0.00244090149702198934766448512419764610736172494000726557140633,0.972775,True,True,True,True,contraction,contraction,False
3807,334,A,0.00284520737139823018543629158872923042148365755461559587741824,0.972775,True,True,True,True,tie,tie,True
3808,334,A,0.00253922844521533930574388535821358948277940983262836357473035,0.972775,True,True,True,True,rebound,rebound,False
3809,333,B,0.00230974425057817114597458068532685877875122404113793934771443,0.972775,True,True,True,True,contraction,contraction,False
3810,334,A,0.00271410477380709690799709127670797258759341103112079853965288,0.972775,True,True,True,True,rebound,rebound,False
3811,333,B,0.00244090149702198934766448512419764610736172494000726557140633,0.972775,True,True,True,True,contraction,contraction,False
3812,334,A,0.00284520737139823018543629158872923042148365755461559587741824,0.972775,True,True,True,True,tie,tie,True
3813,334,A,0.00253922844521533930574388535821358948277940983262836357473035,0.972775,True,True,True,True,rebound,rebound,False
3814,333,B,0.00230974425057817114597458068532685877875122404113793934771443,0.972775,True,True,True,True,contraction,contraction,False
3815,334,A,0.00271410477380709690799709127670797258759341103112079853965288,0.972775,True,True,True,True,rebound,rebound,False
3816,333,B,0.00244090149702198934766448512419764610736172494000726557140633,0.972775,True,True,True,True,contraction,contraction,False
3817,334,A,0.00284520737139823018543629158872923042148365755461559587741824,0.972775,True,True,True,True,tie,tie,True
3818,334,A,0.00253922844521533930574388535821358948277940983262836357473035,0.972775,True,True,True,True,rebound,rebound,False
3819,333,B,0.00230974425057817114597458068532685877875122404113793934771443,0.972775,True,True,True,True,contraction,contraction,False
3820,334,A,0.00271410477380709690799709127670797258759341103112079853965288,0.972775,True,True,True,True,rebound,rebound,False
3821,333,B,0.00244090149702198934766448512419764610736172494000726557140633,0.972775,True,True,True,True,contraction,contraction,False
3822,334,A,0.00284520737139823018543629158872923042148365755461559587741824,0.972775,True,True,True,True,tie,tie,True
3823,334,A,0.00253922844521533930574388535821358948277940983262836357473035,0.972775,True,True,True,True,rebound,rebound,False
3824,333,B,0.00230974425057817114597458068532685877875122404113793934771443,0.972775,True,True,True,True,contraction,contraction,False
3825,334,A,0.00271410477380709690799709127670797258759341103112079853965288,0.972775,True,True,True,True,rebound,rebound,False
3826,333,B,0.00244090149702198934766448512419764610736172494000726557140633,0.972775,True,True,True,True,contraction,contraction,False
3827,334,A,0.00284520737139823018543629158872923042148365755461559587741824,0.972775,True,True,True,True,tie,tie,True
3828,334,A,0.00253922844521533930574388535821358948277940983262836357473035,0.972775,True,True,True,True,rebound,rebound,False
3829,333,B,0.00230974425057817114597458068532685877875122404113793934771443,0.972775,True,True,True,True,contraction,contraction,False
3830,334,A,0.00271410477380709690799709127670797258759341103112079853965288,0.972775,True,True,True,True,rebound,rebound,False
3831,333,B,0.00244090149702198934766448512419764610736172494000726557140633,0.972775,True,True,True,True,contraction,contraction,False
3832,334,A,0.00284520737139823018543629158872923042148365755461559587741824,0.972775,True,True,True,True,tie,tie,True
3833,334,A,0.00253922844521533930574388535821358948277940983262836357473035,0.972775,True,True,True,True,rebound,rebound,False
3834,333,B,0.00230974425057817114597458068532685877875122404113793934771443,0.972775,True,True,True,True,contraction,contraction,False
3835,334,A,0.00271410477380709690799709127670797258759341103112079853965288,0.972775,True,True,True,True,rebound,rebound,False
3836,333,B,0.00244090149702198934766448512419764610736172494000726557140633,0.972775,True,True,True,True,contraction,contraction,False
3837,334,A,0.00284520737139823018543629158872923042148365755461559587741824,0.972775,True,True,True,True,tie,tie,True
3838,334,A,0.00253922844521533930574388535821358948277940983262836357473035,0.972775,True,True,True,True,rebound,rebound,False
3839,333,B,0.00230974425057817114597458068532685877875122404113793934771443,0.972775,True,True,True,True,contraction,contraction,False
3840,334,A,0.00271410477380709690799709127670797258759341103112079853965288,0.972775,True,True,True,True,rebound,rebound,False
3841,333,B,0.00244090149702198934766448512419764610736172494000726557140633,0.972775,True,True,True,True,contraction,contraction,False
3842,334,A,0.00284520737139823018543629158872923042148365755461559587741824,0.972775,True,True,True,True,tie,tie,True
3843,334,A,0.00253922844521533930574388535821358948277940983262836357473035,0.972775,True,True,True,True,rebound,rebound,False
3844,333,B,0.00230974425057817114597458068532685877875122404113793934771443,0.972775,True,True,True,True,contraction,contraction,False
3845,334,A,0.00271410477380709690799709127670797258759341103112079853965288,0.972775,True,True,True,True,rebound,rebound,False
3846,333,B,0.00244090149702198934766448512419764610736172494000726557140633,0.972775,True,True,True,True,contraction,contraction,False
3847,334,A,0.00284520737139823018543629158872923042148365755461559587741824,0.972775,True,True,True,True,tie,tie,True
3848,334,A,0.00253922844521533930574388535821358948277940983262836357473035,0.972775,True,True,True,True,rebound,rebound,False
3849,333,B,0.00230974425057817114597458068532685877875122404113793934771443,0.972775,True,True,True,True,contraction,contraction,False
3850,334,A,0.00271410477380709690799709127670797258759341103112079853965288,0.972775,True,True,True,True,rebound,rebound,False
3851,333,B,0.00244090149702198934766448512419764610736172494000726557140633,0.972775,True,True,True,True,contraction,contraction,False
3852,334,A,0.00284520737139823018543629158872923042148365755461559587741824,0.972775,True,True,True,True,tie,tie,True
3853,334,A,0.00253922844521533930574388535821358948277940983262836357473035,0.972775,True,True,True,True,rebound,rebound,False
3854,333,B,0.00230974425057817114597458068532685877875122404113793934771443,0.972775,True,True,True,True,contraction,contraction,False
3855,334,A,0.00271410477380709690799709127670797258759341103112079853965288,0.972775,True,True,True,True,rebound,rebound,False
3856,333,B,0.00244090149702198934766448512419764610736172494000726557140633,0.972775,True,True,True,True,contraction,contraction,False
3857,334,A,0.00284520737139823018543629158872923042148365755461559587741824,0.972775,True,True,True,True,tie,tie,True
3858,334,A,0.00253922844521533930574388535821358948277940983262836357473035,0.972775,True,True,True,True,rebound,rebound,False
3859,333,B,0.00230974425057817114597458068532685877875122404113793934771443,0.972775,True,True,True,True,contraction,contraction,False
3860,334,A,0.00271410477380709690799709127670797258759341103112079853965288,0.972775,True,True,True,True,rebound,rebound,False
3861,333,B,0.00244090149702198934766448512419764610736172494000726557140633,0.972775,True,True,True,True,contraction,contraction,False
3862,334,A,0.00284520737139823018543629158872923042148365755461559587741824,0.972775,True,True,True,True,tie,tie,True
3863,334,A,0.00253922844521533930574388535821358948277940983262836357473035,0.972775,True,True,True,True,rebound,rebound,False
3864,333,B,0.00230974425057817114597458068532685877875122404113793934771443,0.972775,True,True,True,True,contraction,contraction,False
3865,334,A,0.00271410477380709690799709127670797258759341103112079853965288,0.972775,True,True,True,True,rebound,rebound,False
3866,333,B,0.00244090149702198934766448512419764610736172494000726557140633,0.972775,True,True,True,True,contraction,contraction,False
3867,334,A,0.00284520737139823018543629158872923042148365755461559587741824,0.972775,True,True,True,True,tie,tie,True
3868,334,A,0.00253922844521533930574388535821358948277940983262836357473035,0.972775,True,True,True,True,rebound,rebound,False
3869,333,B,0.00230974425057817114597458068532685877875122404113793934771443,0.972775,True,True,True,True,contraction,contraction,False
3870,334,A,0.00271410477380709690799709127670797258759341103112079853965288,0.972775,True,True,True,True,rebound,rebound,False
3871,333,B,0.00244090149702198934766448512419764610736172494000726557140633,0.972775,True,True,True,True,contraction,contraction,False
3872,334,A,0.00284520737139823018543629158872923042148365755461559587741824,0.972775,True,True,True,True,tie,tie,True
3873,334,A,0.00253922844521533930574388535821358948277940983262836357473035,0.972775,True,True,True,True,rebound,rebound,False
3874,333,B,0.00230974425057817114597458068532685877875122404113793934771443,0.972775,True,True,True,True,contraction,contraction,False
3875,334,A,0.00271410477380709690799709127670797258759341103112079853965288,0.972775,True,True,True,True,rebound,rebound,False
3876,333,B,0.00244090149702198934766448512419764610736172494000726557140633,0.972775,True,True,True,True,contraction,contraction,False
3877,334,A,0.00284520737139823018543629158872923042148365755461559587741824,0.972775,True,True,True,True,tie,tie,True
3878,334,A,0.00253922844521533930574388535821358948277940983262836357473035,0.972775,True,True,True,True,rebound,rebound,False
3879,333,B,0.00230974425057817114597458068532685877875122404113793934771443,0.972775,True,True,True,True,contraction,contraction,False
3880,334,A,0.00271410477380709690799709127670797258759341103112079853965288,0.972775,True,True,True,True,rebound,rebound,False
3881,333,B,0.00244090149702198934766448512419764610736172494000726557140633,0.972775,True,True,True,True,contraction,contraction,False
3882,334,A,0.00284520737139823018543629158872923042148365755461559587741824,0.972775,True,True,True,True,tie,tie,True
3883,334,A,0.00253922844521533930574388535821358948277940983262836357473035,0.972775,True,True,True,True,rebound,rebound,False
3884,333,B,0.00230974425057817114597458068532685877875122404113793934771443,0.972775,True,True,True,True,contraction,contraction,False
3885,334,A,0.00271410477380709690799709127670797258759341103112079853965288,0.972775,True,True,True,True,rebound,rebound,False
3886,333,B,0.00244090149702198934766448512419764610736172494000726557140633,0.972775,True,True,True,True,contraction,contraction,False
3887,334,A,0.00284520737139823018543629158872923042148365755461559587741824,0.972775,True,True,True,True,tie,tie,True
3888,334,A,0.00253922844521533930574388535821358948277940983262836357473035,0.972775,True,True,True,True,rebound,rebound,False
3889,333,B,0.00230974425057817114597458068532685877875122404113793934771443,0.972775,True,True,True,True,contraction,contraction,False
3890,334,A,0.00271410477380709690799709127670797258759341103112079853965288,0.972775,True,True,True,True,rebound,rebound,False
3891,333,B,0.00244090149702198934766448512419764610736172494000726557140633,0.972775,True,True,True,True,contraction,contraction,False
3892,334,A,0.00284520737139823018543629158872923042148365755461559587741824,0.972775,True,True,True,True,tie,tie,True
3893,334,A,0.00253922844521533930574388535821358948277940983262836357473035,0.972775,True,True,True,True,rebound,rebound,False
3894,333,B,0.00230974425057817114597458068532685877875122404113793934771443,0.972775,True,True,True,True,contraction,contraction,False
3895,334,A,0.00271410477380709690799709127670797258759341103112079853965288,0.972775,True,True,True,True,rebound,rebound,False
3896,333,B,0.00244090149702198934766448512419764610736172494000726557140633,0.972775,True,True,True,True,contraction,contraction,False
3897,334,A,0.00284520737139823018543629158872923042148365755461559587741824,0.972775,True,True,True,True,tie,tie,True
3898,334,A,0.00253922844521533930574388535821358948277940983262836357473035,0.972775,True,True,True,True,rebound,rebound,False
3899,333,B,0.00230974425057817114597458068532685877875122404113793934771443,0.972775,True,True,True,True,contraction,contraction,False
3900,334,A,0.00271410477380709690799709127670797258759341103112079853965288,0.972775,True,True,True,True,rebound,rebound,False
3901,333,B,0.00244090149702198934766448512419764610736172494000726557140633,0.972775,True,True,True,True,contraction,contraction,False
3902,334,A,0.00284520737139823018543629158872923042148365755461559587741824,0.972775,True,True,True,True,tie,tie,True
3903,334,A,0.00253922844521533930574388535821358948277940983262836357473035,0.972775,True,True,True,True,rebound,rebound,False
3904,333,B,0.00230974425057817114597458068532685877875122404113793934771443,0.972775,True,True,True,True,contraction,contraction,False
3905,334,A,0.00271410477380709690799709127670797258759341103112079853965288,0.972775,True,True,True,True,rebound,rebound,False
3906,333,B,0.00244090149702198934766448512419764610736172494000726557140633,0.972775,True,True,True,True,contraction,contraction,False
3907,334,A,0.00284520737139823018543629158872923042148365755461559587741824,0.972775,True,True,True,True,tie,tie,True
3908,334,A,0.00253922844521533930574388535821358948277940983262836357473035,0.972775,True,True,True,True,rebound,rebound,False
3909,333,B,0.00230974425057817114597458068532685877875122404113793934771443,0.972775,True,True,True,True,contraction,contraction,False
3910,334,A,0.00271410477380709690799709127670797258759341103112079853965288,0.972775,True,True,True,True,rebound,rebound,False
3911,333,B,0.00244090149702198934766448512419764610736172494000726557140633,0.972775,True,True,True,True,contraction,contraction,False
3912,334,A,0.00284520737139823018543629158872923042148365755461559587741824,0.972775,True,True,True,True,tie,tie,True
3913,334,A,0.00253922844521533930574388535821358948277940983262836357473035,0.972775,True,True,True,True,rebound,rebound,False
3914,333,B,0.00230974425057817114597458068532685877875122404113793934771443,0.972775,True,True,True,True,contraction,contraction,False
3915,334,A,0.00271410477380709690799709127670797258759341103112079853965288,0.972775,True,True,True,True,rebound,rebound,False
3916,333,B,0.00244090149702198934766448512419764610736172494000726557140633,0.972775,True,True,True,True,contraction,contraction,False
3917,334,A,0.00284520737139823018543629158872923042148365755461559587741824,0.972775,True,True,True,True,tie,tie,True
3918,334,A,0.00253922844521533930574388535821358948277940983262836357473035,0.972775,True,True,True,True,rebound,rebound,False
3919,333,B,0.00230974425057817114597458068532685877875122404113793934771443,0.972775,True,True,True,True,contraction,contraction,False
3920,334,A,0.00271410477380709690799709127670797258759341103112079853965288,0.972775,True,True,True,True,rebound,rebound,False
3921,333,B,0.00244090149702198934766448512419764610736172494000726557140633,0.972775,True,True,True,True,contraction,contraction,False
3922,334,A,0.00284520737139823018543629158872923042148365755461559587741824,0.972775,True,True,True,True,tie,tie,True
3923,334,A,0.00253922844521533930574388535821358948277940983262836357473035,0.972775,True,True,True,True,rebound,rebound,False
3924,333,B,0.00230974425057817114597458068532685877875122404113793934771443,0.972775,True,True,True,True,contraction,contraction,False
3925,334,A,0.00271410477380709690799709127670797258759341103112079853965288,0.972775,True,True,True,True,rebound,rebound,False
3926,333,B,0.00244090149702198934766448512419764610736172494000726557140633,0.972775,True,True,True,True,contraction,contraction,False
3927,334,A,0.00284520737139823018543629158872923042148365755461559587741824,0.972775,True,True,True,True,tie,tie,True
3928,334,A,0.00253922844521533930574388535821358948277940983262836357473035,0.972775,True,True,True,True,rebound,rebound,False
3929,333,B,0.00230974425057817114597458068532685877875122404113793934771443,0.972775,True,True,True,True,contraction,contraction,False
3930,334,A,0.00271410477380709690799709127670797258759341103112079853965288,0.972775,True,True,True,True,rebound,rebound,False
3931,333,B,0.00244090149702198934766448512419764610736172494000726557140633,0.972775,True,True,True,True,contraction,contraction,False
3932,334,A,0.00284520737139823018543629158872923042148365755461559587741824,0.972775,True,True,True,True,tie,tie,True
3933,334,A,0.00253922844521533930574388535821358948277940983262836357473035,0.972775,True,True,True,True,rebound,rebound,False
3934,333,B,0.00230974425057817114597458068532685877875122404113793934771443,0.972775,True,True,True,True,contraction,contraction,False
3935,334,A,0.00271410477380709690799709127670797258759341103112079853965288,0.972775,True,True,True,True,rebound,rebound,False
3936,333,B,0.00244090149702198934766448512419764610736172494000726557140633,0.972775,True,True,True,True,contraction,contraction,False
3937,334,A,0.00284520737139823018543629158872923042148365755461559587741824,0.972775,True,True,True,True,tie,tie,True
3938,334,A,0.00253922844521533930574388535821358948277940983262836357473035,0.972775,True,True,True,True,rebound,rebound,False
3939,333,B,0.00230974425057817114597458068532685877875122404113793934771443,0.972775,True,True,True,True,contraction,contraction,False
3940,334,A,0.00271410477380709690799709127670797258759341103112079853965288,0.972775,True,True,True,True,rebound,rebound,False
3941,333,B,0.00244090149702198934766448512419764610736172494000726557140633,0.972775,True,True,True,True,contraction,contraction,False
3942,334,A,0.00284520737139823018543629158872923042148365755461559587741824,0.972775,True,True,True,True,tie,tie,True
3943,334,A,0.00253922844521533930574388535821358948277940983262836357473035,0.972775,True,True,True,True,rebound,rebound,False
3944,333,B,0.00230974425057817114597458068532685877875122404113793934771443,0.972775,True,True,True,True,contraction,contraction,False
3945,334,A,0.00271410477380709690799709127670797258759341103112079853965288,0.972775,True,True,True,True,rebound,rebound,False
3946,333,B,0.00244090149702198934766448512419764610736172494000726557140633,0.972775,True,True,True,True,contraction,contraction,False
3947,334,A,0.00284520737139823018543629158872923042148365755461559587741824,0.972775,True,True,True,True,tie,tie,True
3948,334,A,0.00253922844521533930574388535821358948277940983262836357473035,0.972775,True,True,True,True,rebound,rebound,False
3949,333,B,0.00230974425057817114597458068532685877875122404113793934771443,0.972775,True,True,True,True,contraction,contraction,False
3950,334,A,0.00271410477380709690799709127670797258759341103112079853965288,0.972775,True,True,True,True,rebound,rebound,False
3951,333,B,0.00244090149702198934766448512419764610736172494000726557140633,0.972775,True,True,True,True,contraction,contraction,False
3952,334,A,0.00284520737139823018543629158872923042148365755461559587741824,0.972775,True,True,True,True,tie,tie,True
3953,334,A,0.00253922844521533930574388535821358948277940983262836357473035,0.972775,True,True,True,True,rebound,rebound,False
3954,333,B,0.00230974425057817114597458068532685877875122404113793934771443,0.972775,True,True,True,True,contraction,contraction,False
3955,334,A,0.00271410477380709690799709127670797258759341103112079853965288,0.972775,True,True,True,True,rebound,rebound,False
3956,333,B,0.00244090149702198934766448512419764610736172494000726557140633,0.972775,True,True,True,True,contraction,contraction,False
3957,334,A,0.00284520737139823018543629158872923042148365755461559587741824,0.972775,True,True,True,True,tie,tie,True
3958,334,A,0.00253922844521533930574388535821358948277940983262836357473035,0.972775,True,True,True,True,rebound,rebound,False
3959,333,B,0.00230974425057817114597458068532685877875122404113793934771443,0.972775,True,True,True,True,contraction,contraction,False
3960,334,A,0.00271410477380709690799709127670797258759341103112079853965288,0.972775,True,True,True,True,rebound,rebound,False
3961,333,B,0.00244090149702198934766448512419764610736172494000726557140633,0.972775,True,True,True,True,contraction,contraction,False
3962,334,A,0.00284520737139823018543629158872923042148365755461559587741824,0.972775,True,True,True,True,tie,tie,True
3963,334,A,0.00253922844521533930574388535821358948277940983262836357473035,0.972775,True,True,True,True,rebound,rebound,False
3964,333,B,0.00230974425057817114597458068532685877875122404113793934771443,0.972775,True,True,True,True,contraction,contraction,False
3965,334,A,0.00271410477380709690799709127670797258759341103112079853965288,0.972775,True,True,True,True,rebound,rebound,False
3966,333,B,0.00244090149702198934766448512419764610736172494000726557140633,0.972775,True,True,True,True,contraction,contraction,False
3967,334,A,0.00284520737139823018543629158872923042148365755461559587741824,0.972775,True,True,True,True,tie,tie,True
3968,334,A,0.00253922844521533930574388535821358948277940983262836357473035,0.972775,True,True,True,True,rebound,rebound,False
3969,333,B,0.00230974425057817114597458068532685877875122404113793934771443,0.972775,True,True,True,True,contraction,contraction,False
3970,334,A,0.00271410477380709690799709127670797258759341103112079853965288,0.972775,True,True,True,True,rebound,rebound,False
3971,333,B,0.00244090149702198934766448512419764610736172494000726557140633,0.972775,True,True,True,True,contraction,contraction,False
3972,334,A,0.00284520737139823018543629158872923042148365755461559587741824,0.972775,True,True,True,True,tie,tie,True
3973,334,A,0.00253922844521533930574388535821358948277940983262836357473035,0.972775,True,True,True,True,rebound,rebound,False
3974,333,B,0.00230974425057817114597458068532685877875122404113793934771443,0.972775,True,True,True,True,contraction,contraction,False
3975,334,A,0.00271410477380709690799709127670797258759341103112079853965288,0.972775,True,True,True,True,rebound,rebound,False
3976,333,B,0.00244090149702198934766448512419764610736172494000726557140633,0.972775,True,True,True,True,contraction,contraction,False
3977,334,A,0.00284520737139823018543629158872923042148365755461559587741824,0.972775,True,True,True,True,tie,tie,True
3978,334,A,0.00253922844521533930574388535821358948277940983262836357473035,0.972775,True,True,True,True,rebound,rebound,False
3979,333,B,0.00230974425057817114597458068532685877875122404113793934771443,0.972775,True,True,True,True,contraction,contraction,False
3980,334,A,0.00271410477380709690799709127670797258759341103112079853965288,0.972775,True,True,True,True,rebound,rebound,False
3981,333,B,0.00244090149702198934766448512419764610736172494000726557140633,0.972775,True,True,True,True,contraction,contraction,False
3982,334,A,0.00284520737139823018543629158872923042148365755461559587741824,0.972775,True,True,True,True,tie,tie,True
3983,334,A,0.00253922844521533930574388535821358948277940983262836357473035,0.972775,True,True,True,True,rebound,rebound,False
3984,333,B,0.00230974425057817114597458068532685877875122404113793934771443,0.972775,True,True,True,True,contraction,contraction,False
3985,334,A,0.00271410477380709690799709127670797258759341103112079853965288,0.972775,True,True,True,True,rebound,rebound,False
3986,333,B,0.00244090149702198934766448512419764610736172494000726557140633,0.972775,True,True,True,True,contraction,contraction,False
3987,334,A,0.00284520737139823018543629158872923042148365755461559587741824,0.972775,True,True,True,True,tie,tie,True
3988,334,A,0.00253922844521533930574388535821358948277940983262836357473035,0.972775,True,True,True,True,rebound,rebound,False
3989,333,B,0.00230974425057817114597458068532685877875122404113793934771443,0.972775,True,True,True,True,contraction,contraction,False
3990,334,A,0.00271410477380709690799709127670797258759341103112079853965288,0.972775,True,True,True,True,rebound,rebound,False
3991,333,B,0.00244090149702198934766448512419764610736172494000726557140633,0.972775,True,True,True,True,contraction,contraction,False
3992,334,A,0.00284520737139823018543629158872923042148365755461559587741824,0.972775,True,True,True,True,tie,tie,True
3993,334,A,0.00253922844521533930574388535821358948277940983262836357473035,0.972775,True,True,True,True,rebound,rebound,False
3994,333,B,0.00230974425057817114597458068532685877875122404113793934771443,0.972775,True,True,True,True,contraction,contraction,False
3995,334,A,0.00271410477380709690799709127670797258759341103112079853965288,0.972775,True,True,True,True,rebound,rebound,False
3996,333,B,0.00244090149702198934766448512419764610736172494000726557140633,0.972775,True,True,True,True,contraction,contraction,False
3997,334,A,0.00284520737139823018543629158872923042148365755461559587741824,0.972775,True,True,True,True,tie,tie,True
3998,334,A,0.00253922844521533930574388535821358948277940983262836357473035,0.972775,True,True,True,True,rebound,rebound,False
3999,333,B,0.00230974425057817114597458068532685877875122404113793934771443,0.972775,True,True,True,True,contraction,contraction,False
