t,s,branch,p_m,F_m,restriction_ok,branch_eq_ok,sel_branch_ok,dpred_ok,class_predicted,class_observed,tie_exact
0,50,pre,0.0033,0.9744,False,,True,False,,contraction,False
1,64,pre,0.00455,0.9744,False,,True,False,,contraction,False
2,83,B,0.005884,0.9744,True,True,True,True,contraction,contraction,False
3,83,B,0.00749819333333333333333333333333333333333333333333333333333333,0.9744,True,True,True,True,contraction,contraction,False
4,83,B,0.00910969634444444444444444444444444444444444444444444444444444,0.9744,True,True,True,True,contraction,contraction,False
5,84,A,0.0107185135172037037037037037037037037037037037037037037037037,0.9744,True,True,True,True,rebound,rebound,False
6,83,B,0.00966288513790277777777777777777777777777777777777777777777778,0.9744,True,True,True,True,contraction,contraction,False
7,84,A,0.0112707803293396064814814814814814814814814814814814814814815,0.9744,True,True,True,True,tie,tie,True
8,84,A,0.0100770852470047048611111111111111111111111111111111111111111,0.9744,True,True,True,True,rebound,rebound,False
9,83,B,0.00918181393525352864583333333333333333333333333333333333333333,0.9744,True,True,True,True,contraction,contraction,False
10,84,A,0.0107905109120281060980902777777777777777777777777777777777778,0.9744,True,True,True,True,rebound,rebound,False
11,83,B,0.00971688318402107957356770833333333333333333333333333333333333,0.9744,True,True,True,True,contraction,contraction,False
12,84,A,0.0113246883787143777742784288194444444444444444444444444444444,0.9744,True,True,True,True,tie,tie,True
13,84,A,0.0101175162840357833307088216145833333333333333333333333333333,0.9744,True,True,True,True,rebound,rebound,False
14,83,B,0.0092121372130268374980316162109375,0.9744,True,True,True,True,contraction,contraction,False
15,84,A,0.0108207836510051261022015635172526041666666666666666666666667,0.9744,True,True,True,True,rebound,rebound,False
16,83,B,0.009739587738253844576651172637939453125,0.9744,True,True,True,True,contraction,contraction,False
17,84,A,0.011347355092023421502356754016876220703125,0.9744,True,True,True,True,tie,tie,True
18,84,A,0.01013451631901756612676756551265716552734375,0.9744,True,True,True,True,rebound,rebound,False
19,83,B,0.0092248872392631745950756741344928741455078125,0.9744,True,True,True,True,contraction,contraction,False
20,84,A,0.0108335124271977359707505480109353860219319661458333333333333,0.9744,True,True,True,True,rebound,rebound,False
21,83,B,0.009749134320398301978062911008201539516448974609375,0.9744,True,True,True,True,contraction,contraction,False
22,84,A,0.0113568857631976381414328061565212036172548929850260416666667,0.9744,True,True,True,True,tie,tie,True
23,84,A,0.01014166432239822860607460461739090271294116973876953125,0.9744,True,True,True,True,rebound,rebound,False
24,83,B,0.0092302482417986714545559534630431770347058773040771484375,0.9744,True,True,True,True,contraction,contraction,False
25,84,A,0.0108388644947290070021316935406047717396480341752370198567708,0.9744,True,True,True,True,rebound,rebound,False
26,83,B,0.00975314837104675525159877015545357880473602563142776489257812,0.9744,True,True,True,True,contraction,contraction,False
27,84,A,0.0113608931237616773261794388718611561733947989220420519510905,0.9744,True,True,True,True,tie,tie,True
28,84,A,0.0101446698428212579946345791538958671300460991915315389633179,0.9744,True,True,True,True,rebound,rebound,False
29,83,B,0.0092325023821159434959759343654219003475345743936486542224884,0.9744,True,True,True,True,contraction,contraction,False
30,84,A,0.0108411148781457502568159744748128638469553501029925731321176,0.9744,True,True,True,True,rebound,rebound,False
31,83,B,0.00975483615860931269261198085610964788521651257724442984908819,0.9744,True,True,True,True,contraction,contraction,False
32,84,A,0.0113625780983449638381242942213494651387411517229490224660064,0.9744,True,True,True,True,tie,tie,True
33,84,A,0.0101459335737587228785932206660120988540558637922117668495048,0.9744,True,True,True,True,rebound,rebound,False
34,83,B,0.00923345018031904215894491549950907414054189784415882513712859,0.9744,True,True,True,True,contraction,contraction,False
35,84,A,0.0108420610966851770886800073070098923503076613477518937619,0.9744,True,True,True,True,rebound,rebound,False
36,83,B,0.00975554582251388281651000548025741926273074601081392032142503,0.9744,True,True,True,True,contraction,contraction,False
37,84,A,0.011363286579476359678482488804456990230626194767462563787556,0.9744,True,True,True,True,tie,tie,True
38,84,A,0.010146464934607269758861866603342742672969646075596922840667,0.9744,True,True,True,True,rebound,rebound,False
39,83,B,0.00923384870095545231914639995250705700472723455669769213050024,0.9744,True,True,True,True,contraction,contraction,False
40,84,A,0.0108424589531205265652811559525862119097193558324365293102827,0.9744,True,True,True,True,rebound,rebound,False
41,83,B,0.00975584421484039492396086696443965893228951687432739698271206,0.9744,True,True,True,True,contraction,contraction,False
42,84,A,0.0113635844744823275990875988528322595007357010128701846544075,0.9744,True,True,True,True,tie,tie,True
43,84,A,0.0101466883558617456993156991396241946255517757596526384908057,0.9744,True,True,True,True,rebound,rebound,False
44,83,B,0.00923401626689630927448677435471814596916383181973947886810424,0.9744,True,True,True,True,contraction,contraction,False
45,84,A,0.0108426262397848154256959630641269490592152254333732464033241,0.9744,True,True,True,True,rebound,rebound,False
46,83,B,0.00975596967983861156927197229809521179441141907502993480249305,0.9744,True,True,True,True,contraction,contraction,False
47,84,A,0.0113637097303722138833231856775983864414207333765715515778222,0.9744,True,True,True,True,tie,tie,True
48,84,A,0.0101467822977791604124923892581987898310655500324286636833667,0.9744,True,True,True,True,rebound,rebound,False
49,83,B,0.009234086723334370309369291943649092373299162524321497762525,0.9744,True,True,True,True,contraction,contraction,False
50,84,A,0.0108426965787954796921870097904096772193436639201142952662541,0.9744,True,True,True,True,rebound,rebound,False
51,83,B,0.0097560224340966097691402573428072579145077479400857214496906,0.9744,True,True,True,True,contraction,contraction,False
52,84,A,0.0113637623967064487528583569139025791513169016935189119139411,0.9744,True,True,True,True,tie,tie,True
53,84,A,0.0101468217975298365646437676854269343634876762701391839354558,0.9744,True,True,True,True,rebound,rebound,False
54,83,B,0.00923411634814737742348282576407020077261575720260438795159188,0.9744,True,True,True,True,contraction,contraction,False
55,84,A,0.0108427261542337984611103543877967504379947309406000473050059,0.9744,True,True,True,True,rebound,rebound,False
56,83,B,0.00975604461567534884583276579084756282849604820545003547875442,0.9744,True,True,True,True,contraction,contraction,False
57,84,A,0.0113637845413158899310897111811961502237818881251076187529565,0.9744,True,True,True,True,tie,tie,True
58,84,A,0.0101468384059869174483172833858971126678364160938307140647174,0.9744,True,True,True,True,rebound,rebound,False
59,83,B,0.00923412880449018808623796253942283450087731207037303554853803,0.9744,True,True,True,True,contraction,contraction,False
60,84,A,0.0108427385898160377727608992685237964433758498835890804892905,0.9744,True,True,True,True,rebound,rebound,False
61,83,B,0.00975605394236202832957067445139284733253188741269181036696785,0.9744,True,True,True,True,contraction,contraction,False
62,84,A,0.0113637938524580916156880566606405259203110009336706573496896,0.9744,True,True,True,True,tie,tie,True
63,84,A,0.0101468453893435687117660424954803944402332507002529930122672,0.9744,True,True,True,True,rebound,rebound,False
64,83,B,0.00923413404200767653382453187161029583017493802518974475920038,0.9744,True,True,True,True,contraction,contraction,False
65,84,A,0.0108427438186043304062681576518242786704579797951477618512684,0.9744,True,True,True,True,rebound,rebound,False
66,83,B,0.00975605786395324780470111823886820900284348484636082138845129,0.9744,True,True,True,True,contraction,contraction,False
67,84,A,0.0113637977675133257250266163751367619878387457049502200194705,0.9744,True,True,True,True,tie,tie,True
68,84,A,0.0101468483256349942937699622813525714908790592787126650146029,0.9744,True,True,True,True,rebound,rebound,False
69,83,B,0.00923413624422624572032747171101442861815929445903449876095218,0.9744,True,True,True,True,contraction,contraction,False
70,84,A,0.0108427460171525353107935925914960712371290289682694412630173,0.9744,True,True,True,True,rebound,rebound,False
71,83,B,0.00975605951286440148309519444362205342784677172620208094726294,0.9744,True,True,True,True,contraction,contraction,False
72,84,A,0.0113637994136762941472900357862160166721336937733250774790175,0.9744,True,True,True,True,tie,tie,True
73,84,A,0.0101468495602572206104675268396620125041002703299938081092631,0.9744,True,True,True,True,rebound,rebound,False
74,83,B,0.00923413717019291545785064512974650937807520274749535608194735,0.9744,True,True,True,True,contraction,contraction,False
75,84,A,0.0108427469415759272654208940545302651957784107429161971551441,0.9744,True,True,True,True,rebound,rebound,False
76,83,B,0.00975606020618194544906567054089769889683380805718714786635807,0.9744,True,True,True,True,contraction,contraction,False
77,84,A,0.0113638001058383088733172277566628693986724183770918359532475,0.9744,True,True,True,True,tie,tie,True
78,84,A,0.0101468500793787316549879208174971520490043137828188769649356,0.9744,True,True,True,True,rebound,rebound,False
79,83,B,0.00923413755953404874124094061312286403675323533711415772370171,0.9744,True,True,True,True,contraction,contraction,False
80,84,A,0.0108427473302681586600055390454343259300253132782189674608289,0.9744,True,True,True,True,rebound,rebound,False
81,83,B,0.00975606049770111899500415428407574444751898495866422559562165,0.9744,True,True,True,True,contraction,contraction,False
82,84,A,0.0113638003968716171300124806936022848734397866503997852196289,0.9744,True,True,True,True,tie,tie,True
83,84,A,0.0101468502976537128475093605202017136550798399877998389147217,0.9744,True,True,True,True,rebound,rebound,False
84,83,B,0.00923413772324028463563202039015128524130987999084987918604128,0.9744,True,True,True,True,contraction,contraction,False
85,84,A,0.0108427474937015508279059670228343664325743635241984627207312,0.9744,True,True,True,True,rebound,rebound,False
86,83,B,0.00975606062027616312092947526712577482443077264314884704054841,0.9744,True,True,True,True,contraction,contraction,False
87,84,A,0.0113638005192423695157279261416805651997233880220769322954808,0.9744,True,True,True,True,tie,tie,True
88,84,A,0.0101468503894317771367959446062604238997925410165576992216106,0.9744,True,True,True,True,rebound,rebound,False
89,83,B,0.00923413779207383285259695845469531792484440576241827441620797,0.9744,True,True,True,True,contraction,contraction,False
90,84,A,0.0108427475624203764645092968572708257283029984194809106255143,0.9744,True,True,True,True,rebound,rebound,False
91,83,B,0.00975606067181528234838197264295311929622724881461068296913572,0.9744,True,True,True,True,contraction,contraction,False
92,84,A,0.0113638005706955902111346693552148640974002033999196651641872,0.9744,True,True,True,True,tie,tie,True
93,84,A,0.0101468504280216926583510020164111480730501525499397488731404,0.9744,True,True,True,True,rebound,rebound,False
94,83,B,0.00923413782101626949376325151230836105478761441245481165485528,0.9744,True,True,True,True,contraction,contraction,False
95,84,A,0.0108427475913145757112736460931211804530296350551007203020972,0.9744,True,True,True,True,rebound,rebound,False
96,83,B,0.00975606069348593178345523456984088533977222629132554022657289,0.9744,True,True,True,True,contraction,contraction,False
97,84,A,0.0113638005923301218971494758455578171975392725808399976595286,0.9744,True,True,True,True,tie,tie,True
98,84,A,0.0101468504442475914228621068841683628981544544356299982446464,0.9744,True,True,True,True,rebound,rebound,False
99,83,B,0.00923413783318569356714658016312627217361584082672249868348484,0.9744,True,True,True,True,contraction,contraction,False
100,84,A,0.0108427476034637174112013358628543950533264810920112945190124,0.9744,True,True,True,True,rebound,rebound,False
101,83,B,0.00975606070259778805840100189714079628999486081900847088925927,0.9744,True,True,True,True,contraction,contraction,False
102,84,A,0.0113638006014267917449703335606455616295115360509767901044438,0.9744,True,True,True,True,tie,tie,True
103,84,A,0.0101468504510700938087277501704841712221336520382325925783329,0.9744,True,True,True,True,rebound,rebound,False
104,83,B,0.00923413783830257035654581262786312841660023902867444443374966,0.9744,True,True,True,True,contraction,contraction,False
105,84,A,0.0108427476085720660726182362734833565359059052969599870263601,0.9744,True,True,True,True,rebound,rebound,False
106,83,B,0.00975606070642904955446367720511251740192942897271999026977006,0.9744,True,True,True,True,contraction,contraction,False
107,84,A,0.0113638006052516678052062377431039965395928799244321236193204,0.9744,True,True,True,True,tie,tie,True
108,84,A,0.0101468504539387508539046783073279974046946599433240927144903,0.9744,True,True,True,True,rebound,rebound,False
109,83,B,0.00923413784045406314042850873049599805352099495749306953586775,0.9744,True,True,True,True,contraction,contraction,False
110,84,A,0.010842747610719973035194461215945171390098459965897247753308,0.9744,True,True,True,True,rebound,rebound,False
111,83,B,0.00975606070803997977639584591195887854257384497442293581498098,0.9744,True,True,True,True,contraction,contraction,False
112,84,A,0.0113638006068599131434351861687722804116695552327988975886227,0.9744,True,True,True,True,tie,tie,True
113,84,A,0.010146850455144934857576389626579210308752166424599173191467,0.9744,True,True,True,True,rebound,rebound,False
114,83,B,0.00923413784135870114318229221993440773156412481844937989360025,0.9744,True,True,True,True,contraction,contraction,False
115,84,A,0.0108427476116231033079436550662345170520115179437519642604443,0.9744,True,True,True,True,rebound,rebound,False
116,83,B,0.00975606070871732748095774129967588778900863845781397319533319,0.9744,True,True,True,True,contraction,contraction,False
117,84,A,0.011363800607536131935156145064176427976026957393717616573341,0.9744,True,True,True,True,tie,tie,True
118,84,A,0.0101468504556520989513671087981323209820202180452882124300057,0.9744,True,True,True,True,rebound,rebound,False
119,83,B,0.00923413784173907421352533159859924073651516353396615932250429,0.9744,True,True,True,True,contraction,contraction,False
120,84,A,0.0108427476120028424231694560459349086686209715947428823903001,0.9744,True,True,True,True,rebound,rebound,False
121,83,B,0.00975606070900213181737709203445118150146572869605716179272509,0.9744,True,True,True,True,contraction,contraction,False
122,84,A,0.0113638006078204615976814635477270961989632858148970665230705,0.9744,True,True,True,True,tie,tie,True
123,84,A,0.0101468504558653461982610976607953221492224643611727998923029,0.9744,True,True,True,True,rebound,rebound,False
124,83,B,0.00923413784189900964869582324559649161191684827087959991922718,0.9744,True,True,True,True,contraction,contraction,False
125,84,A,0.0108427476121625112992813302068538307925636535237614672526951,0.9744,True,True,True,True,rebound,rebound,False
126,83,B,0.00975606070912188347446099765514037309442274014282110043952135,0.9744,True,True,True,True,contraction,contraction,False
127,84,A,0.0113638006079400136686702293257151391392653689092497319387888,0.9744,True,True,True,True,tie,tie,True
128,84,A,0.0101468504559550102515026719942863543544490266819372989540916,0.9744,True,True,True,True,rebound,rebound,False
129,83,B,0.00923413784196625768862700399571476576583677001145297421556871,0.9744,True,True,True,True,contraction,contraction,False
130,84,A,0.0108427476122296472591459589890552411562270420614338859252094,0.9744,True,True,True,True,rebound,rebound,False
131,83,B,0.00975606070917223544435946924179143086717028154607541444390707,0.9744,True,True,True,True,contraction,contraction,False
132,84,A,0.0113638006079902817186188701263884451490583310768319554198339,0.9744,True,True,True,True,tie,tie,True
133,84,A,0.0101468504559927112889641525947913338617937483076239665648754,0.9744,True,True,True,True,rebound,rebound,False
134,83,B,0.00923413784199453346672311444609350039634531123071797492365657,0.9744,True,True,True,True,contraction,contraction,False
135,84,A,0.0108427476122578759109452425886833445623514023786667782987838,0.9744,True,True,True,True,rebound,rebound,False
136,83,B,0.00975606070919340693320893194151250842176355178400008372408785,0.9744,True,True,True,True,contraction,contraction,False
137,84,A,0.0113638006080114179216535837216099875743939458643600835845477,0.9744,True,True,True,True,tie,tie,True
138,84,A,0.0101468504560085634412401877912074906807954593982700626884108,0.9744,True,True,True,True,rebound,rebound,False
139,83,B,0.00923413784200642258093014084340561801059659454870254701630808,0.9744,True,True,True,True,contraction,contraction,False
140,84,A,0.0108427476122697452099619239419999419805789335577880427712809,0.9744,True,True,True,True,rebound,rebound,False
141,83,B,0.00975606070920230890747144295649995648543420016834103207846068,0.9744,True,True,True,True,contraction,contraction,False
142,84,A,0.0113638006080203050592923238849057898912918098347271303583299,0.9744,True,True,True,True,tie,tie,True
143,84,A,0.0101468504560152287944692429136793424184688573760453477687474,0.9744,True,True,True,True,rebound,rebound,False
144,83,B,0.00923413784201142159585193218525950681385164303203401082656057,0.9744,True,True,True,True,contraction,contraction,False
145,84,A,0.010842747612274735893192178964950740969161890293647287475183,0.9744,True,True,True,True,rebound,rebound,False
146,83,B,0.00975606070920605191989413422371305572687141772023546560638723,0.9744,True,True,True,True,contraction,contraction,False
147,84,A,0.0113638006080240418333609773333402006339932986907017398303766,0.9744,True,True,True,True,tie,tie,True
148,84,A,0.0101468504560180313750207330000051504754949740180263048727824,0.9744,True,True,True,True,rebound,rebound,False
149,83,B,0.00923413784201352353126554975000386285662123051351972865458683,0.9744,True,True,True,True,contraction,contraction,False
150,84,A,0.0108427476122768343253801071670871897518601951293305291068292,0.9744,True,True,True,True,rebound,rebound,False
151,83,B,0.00975606070920762574403508037531539231389514634699789683012189,0.9744,True,True,True,True,contraction,contraction,False
152,84,A,0.0113638006080256130344616885746898666600386544364195670020717,0.9744,True,True,True,True,tie,tie,True
153,84,A,0.0101468504560192097758462664310173999950289908273146752515538,0.9744,True,True,True,True,rebound,rebound,False
154,83,B,0.00923413784201440733188469982326304999627174312048600643866532,0.9744,True,True,True,True,contraction,contraction,False
155,84,A,0.0108427476122777166529982253235576115796112902152851964279342,0.9744,True,True,True,True,rebound,rebound,False
156,83,B,0.00975606070920828748974866899266820868470846766146389732095066,0.9744,True,True,True,True,contraction,contraction,False
157,84,A,0.0113638006080262736772657545443470950035672868820281241587491,0.9744,True,True,True,True,tie,tie,True
158,84,A,0.0101468504560197052579493159082603212526754651615210931190618,0.9744,True,True,True,True,rebound,rebound,False
159,83,B,0.00923413784201477894346198693119524093950659887114081983929636,0.9744,True,True,True,True,contraction,contraction,False
160,84,A,0.0108427476122780876452228836196432488712740878730222518062309,0.9744,True,True,True,True,rebound,rebound,False
161,83,B,0.00975606070920856573391716271473243665345556590476668885467315,0.9744,True,True,True,True,contraction,contraction,False
162,84,A,0.0113638006080265514576939674435412159256998066282587443732487,0.9744,True,True,True,True,tie,tie,True
163,84,A,0.0101468504560199135932704755826559119442748549711940582799365,0.9744,True,True,True,True,rebound,rebound,False
164,83,B,0.00923413784201493519495285668699193395820614122839554370995239,0.9744,True,True,True,True,contraction,contraction,False
165,84,A,0.0108427476122782436362946019258469474016091309930148844704358,0.9744,True,True,True,True,rebound,rebound,False
166,83,B,0.00975606070920868272722095144438521055120684824476116335282685,0.9744,True,True,True,True,contraction,contraction,False
167,84,A,0.0113638006080266682560089165253112352002881701643532280805721,0.9744,True,True,True,True,tie,tie,True
168,84,A,0.0101468504560200011920066873939834264002161276232649210604291,0.9744,True,True,True,True,rebound,rebound,False
169,83,B,0.00923413784201500089400501554548756980016209571744869079532183,0.9744,True,True,True,True,contraction,contraction,False
170,84,A,0.0108427476122783092258483405195784238504951588912529429773296,0.9744,True,True,True,True,rebound,rebound,False
171,83,B,0.00975606070920873191938625538968381788787136916843970723299722,0.9744,True,True,True,True,contraction,contraction,False
172,84,A,0.0113638006080267173661872782973676781913915835531589743876089,0.9744,True,True,True,True,tie,tie,True
173,84,A,0.0101468504560200380246404587230257586435436876648692307907067,0.9744,True,True,True,True,rebound,rebound,False
174,83,B,0.00923413784201502851848034404226931898265776574865192309303,0.9744,True,True,True,True,contraction,contraction,False
175,84,A,0.010842747612278336804282876802198870117686669472404169887875,0.9744,True,True,True,True,rebound,rebound,False
176,83,B,0.00975606070920875260321215760164915258826500210430312741590621,0.9744,True,True,True,True,contraction,contraction,False
177,84,A,0.0113638006080267380155401373389797373339512271007959555368797,0.9744,True,True,True,True,tie,tie,True
178,84,A,0.0101468504560200535116551030042348030004634203255969666526598,0.9744,True,True,True,True,rebound,rebound,False
179,83,B,0.00923413784201504013374132725317610225034756524419772498949483,0.9744,True,True,True,True,contraction,contraction,False
180,84,A,0.0108427476122783484001850917077541420799303193021240621145123,0.9744,True,True,True,True,rebound,rebound,False
181,83,B,0.00975606070920876130013881878081560655994773947659304658588426,0.9744,True,True,True,True,contraction,contraction,False
182,84,A,0.0113638006080267466979719207495142472156811599107987248415744,0.9744,True,True,True,True,tie,tie,True
183,84,A,0.0101468504560200600234789405621356854117608699330990436311808,0.9744,True,True,True,True,rebound,rebound,False
184,83,B,0.00923413784201504501760920542160176405882065244982428272338563,0.9744,True,True,True,True,contraction,contraction,False
185,84,A,0.01084274761227835327591319007923242778538928469574124225218,0.9744,True,True,True,True,rebound,rebound,False
186,83,B,0.00975606070920876495693489255942432083904196352180593168913499,0.9744,True,True,True,True,contraction,contraction,False
187,84,A,0.0113638006080267503486733344051586136376435602492695884696531,0.9744,True,True,True,True,tie,tie,True
188,84,A,0.0101468504560200627615050008038689602282326701869521913522398,0.9744,True,True,True,True,rebound,rebound,False
189,83,B,0.00923413784201504707112875060290172017117450264021414351417987,0.9744,True,True,True,True,contraction,contraction,False
190,84,A,0.0108427476122783553260102026852302173042225451358137866083229,0.9744,True,True,True,True,rebound,rebound,False
191,83,B,0.00975606070920876649450765201392266297816690885186033995624218,0.9744,True,True,True,True,contraction,contraction,False
192,84,A,0.0113638006080267518836834725938994585398699640037739060563151,0.9744,True,True,True,True,tie,tie,True
193,84,A,0.0101468504560200639127626044454245939049024730028304295422363,0.9744,True,True,True,True,rebound,rebound,False
194,83,B,0.00923413784201504793457195333406844542867685475212282215667725,0.9744,True,True,True,True,contraction,contraction,False
195,84,A,0.0108427476122783561880143334118449980196290599942026174530828,0.9744,True,True,True,True,rebound,rebound,False
196,83,B,0.00975606070920876714101075005888374851472179499565196308981209,0.9744,True,True,True,True,contraction,contraction,False
197,84,A,0.0113638006080267525291090654754522756005305920039925431513291,0.9744,True,True,True,True,tie,tie,True
198,84,A,0.0101468504560200643968317991065892067003979440029944073634968,0.9744,True,True,True,True,rebound,rebound,False
199,83,B,0.0092341378420150482976238493299419050252984580022458055226226,0.9744,True,True,True,True,contraction,contraction,False
200,84,A,0.0108427476122783565504611429143920018502562939055753958467516,0.9744,True,True,True,True,rebound,rebound,False
201,83,B,0.00975606070920876741284585718579400138769222042918154688506367,0.9744,True,True,True,True,contraction,contraction,False
202,84,A,0.0113638006080267528004911140904843447187127333951329109735886,0.9744,True,True,True,True,tie,tie,True
203,84,A,0.0101468504560200646003683355678632585390345500463496832301914,0.9744,True,True,True,True,rebound,rebound,False
204,83,B,0.00923413784201504845027625167589744390427591253476226242264357,0.9744,True,True,True,True,contraction,contraction,False
205,84,A,0.0108427476122783567028591245897709481644354526805376586519392,0.9744,True,True,True,True,rebound,rebound,False
206,83,B,0.00975606070920876752714434344232821112332658951040324398895437,0.9744,True,True,True,True,contraction,contraction,False
207,84,A,0.0113638006080267529145991028699243307714543785278859052489728,0.9744,True,True,True,True,tie,tie,True
208,84,A,0.0101468504560200646859493271524432480785907838959144289367296,0.9744,True,True,True,True,rebound,rebound,False
209,83,B,0.00923413784201504851446199536433243605894308792193582170254719,0.9744,True,True,True,True,contraction,contraction,False
210,84,A,0.0108427476122783567669378920387252153321781827753992619997096,0.9744,True,True,True,True,rebound,rebound,False
211,83,B,0.00975606070920876757520341902904391149913363708154944649978221,0.9744,True,True,True,True,contraction,contraction,False
212,84,A,0.0113638006080267529625780799973288383133017476864135307556159,0.9744,True,True,True,True,tie,tie,True
213,84,A,0.0101468504560200647219335599979966287349763107648101480667119,0.9744,True,True,True,True,rebound,rebound,False
214,83,B,0.00923413784201504854145016999849747155123223307360761105003395,0.9744,True,True,True,True,contraction,contraction,False
215,84,A,0.0108427476122783567938810863818333090986468460184849316982839,0.9744,True,True,True,True,rebound,rebound,False
216,83,B,0.00975606070920876759541081478637498182398513451386369877371292,0.9744,True,True,True,True,contraction,contraction,False
217,84,A,0.0113638006080267529827517967617310235209451592896739259424234,0.9744,True,True,True,True,tie,tie,True
218,84,A,0.0101468504560200647370638475712982676407088694672554444568175,0.9744,True,True,True,True,rebound,rebound,False
219,83,B,0.00923413784201504855279788567847370073053165210044158334261316,0.9744,True,True,True,True,contraction,contraction,False
220,84,A,0.0108427476122783568052098892023429112293140993469408473703755,0.9744,True,True,True,True,rebound,rebound,False
221,83,B,0.0097560607092087676039074169017571834219855745102056355277816,0.9744,True,True,True,True,contraction,contraction,False
222,84,A,0.011363800608026752991234237873587588116282265219355292801902,0.9744,True,True,True,True,tie,tie,True
223,84,A,0.0101468504560200647434256784051906910872116989145164696014265,0.9744,True,True,True,True,rebound,rebound,False
224,83,B,0.00923413784201504855756925880389301831540877418588735220106986,0.9744,True,True,True,True,contraction,contraction,False
225,84,A,0.0108427476122783568099733100392198632848830928955775399474014,0.9744,True,True,True,True,rebound,rebound,False
226,83,B,0.00975606070920876760747998252941489746366231967168315496055106,0.9744,True,True,True,True,contraction,contraction,False
227,84,A,0.0113638006080267529948008492251992059678895491388970163689501,0.9744,True,True,True,True,tie,tie,True
228,84,A,0.0101468504560200647461006369188994044759171618541727622767126,0.9744,True,True,True,True,rebound,rebound,False
229,83,B,0.00923413784201504855957547768917455335693787139062957170753445,0.9744,True,True,True,True,contraction,contraction,False
230,84,A,0.0108427476122783568119761852263592624346763082716451890880219,0.9744,True,True,True,True,rebound,rebound,False
231,83,B,0.00975606070920876760898213891976944682600723120373389181601642,0.9744,True,True,True,True,contraction,contraction,False
232,84,A,0.0113638006080267529963005020215698310812972191517276686629897,0.9744,True,True,True,True,tie,tie,True
233,84,A,0.0101468504560200647472253765161773733109729143637957514972423,0.9744,True,True,True,True,rebound,rebound,False
234,83,B,0.00923413784201504856041903238713302998322968577284681362293172,0.9744,True,True,True,True,contraction,contraction,False
235,84,A,0.0108427476122783568128183339998211415999243029632254022668935,0.9744,True,True,True,True,rebound,rebound,False
236,83,B,0.00975606070920876760961375049986585619994322722241905170017013,0.9744,True,True,True,True,contraction,contraction,False
237,84,A,0.0113638006080267529969310609156994131062766551770483532806698,0.9744,True,True,True,True,tie,tie,True
238,84,A,0.0101468504560200647476982956867745598297074913827862649605024,0.9744,True,True,True,True,rebound,rebound,False
239,83,B,0.00923413784201504856077372176508091987228061853708969872037679,0.9744,True,True,True,True,contraction,contraction,False
240,84,A,0.0108427476122783568131724322288057850058268175061945492225095,0.9744,True,True,True,True,rebound,rebound,False
241,83,B,0.00975606070920876760987932417160433875437011312964591191688212,0.9744,True,True,True,True,contraction,contraction,False
242,84,A,0.0113638006080267529971961919646516648564461629410965020636873,0.9744,True,True,True,True,tie,tie,True
243,84,A,0.0101468504560200647478971439734887486423346222058223765477655,0.9744,True,True,True,True,rebound,rebound,False
244,83,B,0.00923413784201504856092285798011656148175096665436678241082411,0.9744,True,True,True,True,contraction,contraction,False
245,84,A,0.0108427476122783568133213198834830338792813817099428377734727,0.9744,True,True,True,True,rebound,rebound,False
246,83,B,0.00975606070920876760999098991261227540946103628245712833010456,0.9744,True,True,True,True,contraction,contraction,False
247,84,A,0.011363800608026752997307671596091254950445267888653033116221,0.9744,True,True,True,True,tie,tie,True
248,84,A,0.0101468504560200647479807536970684412128339509164897748371658,0.9744,True,True,True,True,rebound,rebound,False
249,83,B,0.00923413784201504856098556527280133090962546318736733112787434,0.9744,True,True,True,True,contraction,contraction,False
250,84,A,0.0108427476122783568133839226640133286914427540820550522426612,0.9744,True,True,True,True,rebound,rebound,False
251,83,B,0.00975606070920876761003794199800999651858206556154128918199591,0.9744,True,True,True,True,contraction,contraction,False
252,84,A,0.0113638006080267529973545454280133131910510954522720537000259,0.9744,True,True,True,True,tie,tie,True
253,84,A,0.0101468504560200647480159090710099848932883215892040402750194,0.9744,True,True,True,True,rebound,rebound,False
254,83,B,0.00923413784201504856101193180325748866996624119190303020626458,0.9744,True,True,True,True,contraction,contraction,False
255,84,A,0.0108427476122783568134102452502520595221829641232498584892541,0.9744,True,True,True,True,rebound,rebound,False
256,83,B,0.0097560607092087676100576839376890446416372230924373938669406,0.9744,True,True,True,True,contraction,contraction,False
257,84,A,0.0113638006080267529973742544644595629005678277206166648771624,0.9744,True,True,True,True,tie,tie,True
258,84,A,0.0101468504560200647480306908483446721754258707904624986578718,0.9744,True,True,True,True,rebound,rebound,False
259,83,B,0.00923413784201504856102301813625850413156940309284687399340383,0.9744,True,True,True,True,contraction,contraction,False
260,84,A,0.0108427476122783568134213131060314066246834540876921292034148,0.9744,True,True,True,True,rebound,rebound,False
261,83,B,0.00975606070920876761006598482952355496851259056576909690256112,0.9744,True,True,True,True,contraction,contraction,False
262,84,A,0.0113638006080267529973825415214743490435650695814928150743902,0.9744,True,True,True,True,tie,tie,True
263,84,A,0.0101468504560200647480369061411057617826738021861196113057926,0.9744,True,True,True,True,rebound,rebound,False
264,83,B,0.00923413784201504856102767960582932133700535163958970847934448,0.9744,True,True,True,True,contraction,contraction,False
265,84,A,0.0108427476122783568134259668064862724681103427201903922985456,0.9744,True,True,True,True,rebound,rebound,False
266,83,B,0.00975606070920876761006947510486470435108275704014279422390918,0.9744,True,True,True,True,contraction,contraction,False
267,84,A,0.0113638006080267529973860259796899298438309524450758895668693,0.9744,True,True,True,True,tie,tie,True
268,84,A,0.010146850456020064748039519484767447382873214333806917175152,0.9744,True,True,True,True,rebound,rebound,False
269,83,B,0.009234137842015048561029639613575585537154910750355187881364,0.9744,True,True,True,True,contraction,contraction,False
270,84,A,0.0108427476122783568134279235475529595612596525657712625682284,0.9744,True,True,True,True,rebound,rebound,False
271,83,B,0.00975606070920876761007094266066471967094473942432844692617129,0.9744,True,True,True,True,contraction,contraction,False
272,84,A,0.0113638006080267529973874910895636118048264981919545661812943,0.9744,True,True,True,True,tie,tie,True
273,84,A,0.0101468504560200647480406183171727088536198736439659246359708,0.9744,True,True,True,True,rebound,rebound,False
274,83,B,0.00923413784201504856103046373787953164021490523297444347697807,0.9744,True,True,True,True,contraction,contraction,False
275,84,A,0.0108427476122783568134287462983163990874812137242528194045164,0.9744,True,True,True,True,rebound,rebound,False
276,83,B,0.00975606070920876761007155972373729931561091029318961455338733,0.9744,True,True,True,True,contraction,contraction,False
277,84,A,0.011363800608026752997388107124197737150084892109367631862465,0.9744,True,True,True,True,tie,tie,True
278,84,A,0.0101468504560200647480410803431483028625636690820257238968488,0.9744,True,True,True,True,rebound,rebound,False
279,83,B,0.00923413784201504856103081025736122714692275181151929292263657,0.9744,True,True,True,True,contraction,contraction,False
280,84,A,0.0108427476122783568134290922402656251016778805585000941010988,0.9744,True,True,True,True,rebound,rebound,False
281,83,B,0.00975606070920876761007181918019921882625841041887507057582413,0.9744,True,True,True,True,contraction,contraction,False
282,84,A,0.0113638006080267529973883661482322201282146464015102787915311,0.9744,True,True,True,True,tie,tie,True
283,84,A,0.0101468504560200647480412746111741650961609848011327090936483,0.9744,True,True,True,True,rebound,rebound,False
284,83,B,0.00923413784201504856103095595838062382212073860084953182023624,0.9744,True,True,True,True,contraction,contraction,False
285,84,A,0.0108427476122783568134292376984499894490838707031814492672025,0.9744,True,True,True,True,rebound,rebound,False
286,83,B,0.00975606070920876761007192827383749208681290302738608695040188,0.9744,True,True,True,True,contraction,contraction,False
287,84,A,0.0113638006080267529973884750600477629333348815223404434721512,0.9744,True,True,True,True,tie,tie,True
288,84,A,0.0101468504560200647480413562950358222000011611417553326041134,0.9744,True,True,True,True,rebound,rebound,False
289,83,B,0.00923413784201504856103101722127686665000087085631649945308506,0.9744,True,True,True,True,contraction,contraction,False
290,84,A,0.0108427476122783568134292988592414052055842027382226386206632,0.9744,True,True,True,True,rebound,rebound,False
291,83,B,0.00975606070920876761007197414443105390418815205366697896549744,0.9744,True,True,True,True,contraction,contraction,False
292,84,A,0.0113638006080267529973885208541903354810145051335775340005549,0.9744,True,True,True,True,tie,tie,True
293,84,A,0.0101468504560200647480413906406427516107608788501831505004162,0.9744,True,True,True,True,rebound,rebound,False
294,83,B,0.00923413784201504856103104298048206370807065913763736287531215,0.9744,True,True,True,True,contraction,contraction,False
295,84,A,0.01084274761227835681342932457551459360189054137240796727052,0.9744,True,True,True,True,rebound,rebound,False
296,83,B,0.00975606070920876761007199343163594520141790602930597545288998,0.9744,True,True,True,True,contraction,contraction,False
297,84,A,0.0113638006080267529973885401092498852927488761859237988271352,0.9744,True,True,True,True,tie,tie,True
298,84,A,0.0101468504560200647480414050819374139695616571394428491203514,0.9744,True,True,True,True,rebound,rebound,False
299,83,B,0.00923413784201504856103105381145306047717124285458213684026353,0.9744,True,True,True,True,contraction,contraction,False
300,84,A,0.0108427476122783568134293353884339720430426241164911666121964,0.9744,True,True,True,True,rebound,rebound,False
301,83,B,0.00975606070920876761007200154132547903228196808736837495914732,0.9744,True,True,True,True,contraction,contraction,False
302,84,A,0.0113638006080267529973885482054232699005614981405560943342154,0.9744,True,True,True,True,tie,tie,True
303,84,A,0.0101468504560200647480414111540674524254211236054170707506616,0.9744,True,True,True,True,rebound,rebound,False
304,83,B,0.00923413784201504856103105836555058931906584270406280306299616,0.9744,True,True,True,True,contraction,contraction,False
305,84,A,0.0108427476122783568134293399349413383368673996328893650578912,0.9744,True,True,True,True,rebound,rebound,False
306,83,B,0.00975606070920876761007200495120600375265054972466702379341838,0.9744,True,True,True,True,contraction,contraction,False
307,84,A,0.0113638006080267529973885516096206604130627988084592454204293,0.9744,True,True,True,True,tie,tie,True
308,84,A,0.010146850456020064748041413707215495309797099106344434065322,0.9744,True,True,True,True,rebound,rebound,False
309,83,B,0.00923413784201504856103106028041162148234782432975832554899151,0.9744,True,True,True,True,contraction,contraction,False
310,84,A,0.0108427476122783568134293418466109354465439112892087283397432,0.9744,True,True,True,True,rebound,rebound,False
311,83,B,0.00975606070920876761007200638495820158490793346690654625480739,0.9744,True,True,True,True,contraction,contraction,False
312,84,A,0.011363800608026752997388553040983271248933086911128368677716,0.9744,True,True,True,True,tie,tie,True
313,84,A,0.010146850456020064748041414780737453436699815183346276508287,0.9744,True,True,True,True,rebound,rebound,False
314,83,B,0.00923413784201504856103106108555309007752486138750970738121528,0.9744,True,True,True,True,contraction,contraction,False
315,84,A,0.0108427476122783568134293426504105015940623199518638578689133,0.9744,True,True,True,True,rebound,rebound,False
316,83,B,0.00975606070920876761007200698780787619554673996389789340168494,0.9744,True,True,True,True,contraction,contraction,False
317,84,A,0.0113638006080267529973885536428281964018874953972913969126821,0.9744,True,True,True,True,tie,tie,True
318,84,A,0.0101468504560200647480414152321211473014156215479685476845116,0.9744,True,True,True,True,rebound,rebound,False
319,83,B,0.0092341378420150485610310614240908604760617161609764107633837,0.9744,True,True,True,True,contraction,contraction,False
320,84,A,0.0108427476122783568134293429883840423752682799673747834121114,0.9744,True,True,True,True,rebound,rebound,False
321,83,B,0.00975606070920876761007200724128803178145120997553108755908354,0.9744,True,True,True,True,contraction,contraction,False
322,84,A,0.0113638006080267529973885538958858850618154579589052024131517,0.9744,True,True,True,True,tie,tie,True
323,84,A,0.0101468504560200647480414154219144137963615934691789018098638,0.9744,True,True,True,True,rebound,rebound,False
324,83,B,0.00923413784201504856103106156643581034727119510188417635739785,0.9744,True,True,True,True,contraction,contraction,False
325,84,A,0.0108427476122783568134293431304917506633590764433810360634689,0.9744,True,True,True,True,rebound,rebound,False
326,83,B,0.00975606070920876761007200734786881299751930733253577704760164,0.9744,True,True,True,True,contraction,contraction,False
327,84,A,0.0113638006080267529973885540022890316425234418203148840858556,0.9744,True,True,True,True,tie,tie,True
328,84,A,0.0101468504560200647480414155017167737318925813652361630643917,0.9744,True,True,True,True,rebound,rebound,False
329,83,B,0.0092341378420150485610310616262875802989194360239271222982938,0.9744,True,True,True,True,contraction,contraction,False
330,84,A,0.0108427476122783568134293431902437676650879036305539104277966,0.9744,True,True,True,True,rebound,rebound,False
331,83,B,0.00975606070920876761007200739268282574881592772291543282084748,0.9744,True,True,True,True,contraction,contraction,False
332,84,A,0.0113638006080267529973885540470283543725679011767105737661461,0.9744,True,True,True,True,tie,tie,True
333,84,A,0.0101468504560200647480414155352712657794259258825329303246096,0.9744,True,True,True,True,rebound,rebound,False
334,83,B,0.00923413784201504856103106165145344933456944441189969774345716,0.9744,True,True,True,True,contraction,contraction,False
335,84,A,0.0108427476122783568134293432153676935856784953378798649138847,0.9744,True,True,True,True,rebound,rebound,False
336,83,B,0.00975606070920876761007200741152577018925887150340989868541355,0.9744,True,True,True,True,contraction,contraction,False
337,84,A,0.0113638006080267529973885540658398939056101067175708821876045,0.9744,True,True,True,True,tie,tie,True
338,84,A,0.0101468504560200647480414155493799204292075800381781616407034,0.9744,True,True,True,True,rebound,rebound,False
339,83,B,0.00923413784201504856103106166203494032190568502863362123052755,0.9744,True,True,True,True,contraction,contraction,False
340,84,A,0.01084274761227835681342934322593154875470250888691923186181,0.9744,True,True,True,True,rebound,rebound,False
341,83,B,0.0097560607092087676100720074194486615660268816651894238963575,0.9744,True,True,True,True,contraction,contraction,False
342,84,A,0.0113638006080267529973885540737495804634168368624141081898636,0.9744,True,True,True,True,tie,tie,True
343,84,A,0.0101468504560200647480414155553121853475626276468105811423977,0.9744,True,True,True,True,rebound,rebound,False
344,83,B,0.00923413784201504856103106166648413901067197073510793585679826,0.9744,True,True,True,True,contraction,contraction,False
345,84,A,0.0108427476122783568134293432303733321123208507838827559637036,0.9744,True,True,True,True,rebound,rebound,False
346,83,B,0.0097560607092087676100720074227799990842406380879120669727777,0.9744,True,True,True,True,contraction,contraction,False
347,84,A,0.0113638006080267529973885540770753657524335703577655468611564,0.9744,True,True,True,True,tie,tie,True
348,84,A,0.0101468504560200647480414155578065243143251777683241601458673,0.9744,True,True,True,True,rebound,rebound,False
349,83,B,0.00923413784201504856103106166835489323574388332624312010940048,0.9744,True,True,True,True,contraction,contraction,False
350,84,A,0.0108427476122783568134293432322409684136843101873660482425515,0.9744,True,True,True,True,rebound,rebound,False
351,83,B,0.00975606070920876761007200742418072631026323264052453618191361,0.9744,True,True,True,True,contraction,contraction,False
352,84,A,0.0113638006080267529973885540784737584330794605861236619549437,0.9744,True,True,True,True,tie,tie,True
353,84,A,0.0101468504560200647480414155588553188248095954395927464662078,0.9744,True,True,True,True,rebound,rebound,False
354,83,B,0.00923413784201504856103106166914148911860719657969455984965586,0.9744,True,True,True,True,contraction,contraction,False
355,84,A,0.0108427476122783568134293432330262533034095179187284022499064,0.9744,True,True,True,True,rebound,rebound,False
356,83,B,0.00975606070920876761007200742476968997755713843904630168742982,0.9744,True,True,True,True,contraction,contraction,False
357,84,A,0.0113638006080267529973885540790617404942612098749812245179508,0.9744,True,True,True,True,tie,tie,True
358,84,A,0.0101468504560200647480414155592963053706959074062359183884631,0.9744,True,True,True,True,rebound,rebound,False
359,83,B,0.00923413784201504856103106166947222902802193055467693879134731,0.9744,True,True,True,True,contraction,contraction,False
360,84,A,0.0108427476122783568134293432333564419796418940037524772266951,0.9744,True,True,True,True,rebound,rebound,False
361,83,B,0.0097560607092087676100720074250173314847314205028143579200213,0.9744,True,True,True,True,contraction,contraction,False
362,84,A,0.0113638006080267529973885540793089692655902014686430006568213,0.9744,True,True,True,True,tie,tie,True
363,84,A,0.0101468504560200647480414155594817269491926511014822504926159,0.9744,True,True,True,True,rebound,rebound,False
364,83,B,0.00923413784201504856103106166961129521189448832611168786946196,0.9744,True,True,True,True,contraction,contraction,False
365,84,A,0.0108427476122783568134293432334952763865413308455681683896795,0.9744,True,True,True,True,rebound,rebound,False
366,83,B,0.00975606070920876761007200742512145728990599813417612629225964,0.9744,True,True,True,True,contraction,contraction,False
367,84,A,0.0113638006080267529973885540794129215277561548039524994151059,0.9744,True,True,True,True,tie,tie,True
368,84,A,0.0101468504560200647480414155595596911458171161029643745613294,0.9744,True,True,True,True,rebound,rebound,False
369,83,B,0.00923413784201504856103106166966976835936283707722328092099706,0.9744,True,True,True,True,contraction,contraction,False
370,84,A,0.0108427476122783568134293432335536520787638990154279087861287,0.9744,True,True,True,True,rebound,rebound,False
371,83,B,0.00975606070920876761007200742516523905907292426157093158959655,0.9744,True,True,True,True,contraction,contraction,False
372,84,A,0.0113638006080267529973885540794566303273078027211349800369472,0.9744,True,True,True,True,tie,tie,True
373,84,A,0.0101468504560200647480414155595924727454808520408512350277104,0.9744,True,True,True,True,rebound,rebound,False
374,83,B,0.00923413784201504856103106166969435455911063903063842627078281,0.9744,True,True,True,True,contraction,contraction,False
375,84,A,0.0108427476122783568134293432335781973015121212989206955603315,0.9744,True,True,True,True,rebound,rebound,False
376,83,B,0.00975606070920876761007200742518364797613409097419052167024863,0.9744,True,True,True,True,contraction,contraction,False
377,84,A,0.0113638006080267529973885540794750085628405341559002041341315,0.9744,True,True,True,True,tie,tie,True
378,84,A,0.0101468504560200647480414155596062564221304006169251531005987,0.9744,True,True,True,True,rebound,rebound,False
379,83,B,0.009234137842015048561031061669704692316597800462693864825449,0.9744,True,True,True,True,contraction,contraction,False
380,84,A,0.0108427476122783568134293432335885178294034707952560417174066,0.9744,True,True,True,True,rebound,rebound,False
381,83,B,0.00975606070920876761007200742519138837205260309644203128805494,0.9744,True,True,True,True,contraction,contraction,False
382,84,A,0.0113638006080267529973885540794827360580991820912812945692415,0.9744,True,True,True,True,tie,tie,True
383,84,A,0.0101468504560200647480414155596120520435743865684609709269311,0.9744,True,True,True,True,rebound,rebound,False
384,83,B,0.00923413784201504856103106166970903903268078992634572819519835,0.9744,True,True,True,True,contraction,contraction,False
385,84,A,0.010842747612278356813429343233592857300959655276468485314873,0.9744,True,True,True,True,rebound,rebound,False
386,83,B,0.00975606070920876761007200742519464297571974145735136398615476,0.9744,True,True,True,True,contraction,contraction,False
387,84,A,0.0113638006080267529973885540794859852374268752215891117128445,0.9744,True,True,True,True,tie,tie,True
388,84,A,0.0101468504560200647480414155596144889280701564161918337846334,0.9744,True,True,True,True,rebound,rebound,False
389,83,B,0.00923413784201504856103106166971086669605261731214387533847503,0.9744,True,True,True,True,contraction,contraction,False
390,84,A,0.0108427476122783568134293432335946819182258629499569688795776,0.9744,True,True,True,True,rebound,rebound,False
391,83,B,0.00975606070920876761007200742519601143866939721246772665968318,0.9744,True,True,True,True,contraction,contraction,False
392,84,A,0.011363800608026752997388554079487351419604948217113613781917,0.9744,True,True,True,True,tie,tie,True
393,84,A,0.0101468504560200647480414155596155135647037111628352103364378,0.9744,True,True,True,True,rebound,rebound,False
394,83,B,0.00923413784201504856103106166971163517352778337212640775232834,0.9744,True,True,True,True,contraction,contraction,False
395,84,A,0.0108427476122783568134293432335954491149052370665061970727411,0.9744,True,True,True,True,rebound,rebound,False
396,83,B,0.00975606070920876761007200742519658683617892779987964780455584,0.9744,True,True,True,True,contraction,contraction,False
397,84,A,0.0113638006080267529973885540794879258581186295868798483915482,0.9744,True,True,True,True,tie,tie,True
398,84,A,0.0101468504560200647480414155596159443935889721901598862936612,0.9744,True,True,True,True,rebound,rebound,False
399,83,B,0.00923413784201504856103106166971195829519172914261991472024589,0.9744,True,True,True,True,contraction,contraction,False
400,84,A,0.0108427476122783568134293432335957716980330762607155481957121,0.9744,True,True,True,True,rebound,rebound,False
401,83,B,0.00975606070920876761007200742519682877352480719553666114678411,0.9744,True,True,True,True,contraction,contraction,False
402,84,A,0.0113638006080267529973885540794881673922355991835441000448728,0.9744,True,True,True,True,tie,tie,True
403,84,A,0.0101468504560200647480414155596161255441766993876580750336546,0.9744,True,True,True,True,rebound,rebound,False
404,83,B,0.00923413784201504856103106166971209415813252454074355627524095,0.9744,True,True,True,True,contraction,contraction,False
405,84,A,0.0108427476122783568134293432335959073345356369998423170147822,0.9744,True,True,True,True,rebound,rebound,False
406,83,B,0.00975606070920876761007200742519693050090172774988173776108666,0.9744,True,True,True,True,contraction,contraction,False
407,84,A,0.0113638006080267529973885540794882689500668915369652681981515,0.9744,True,True,True,True,tie,tie,True
408,84,A,0.0101468504560200647480414155596162017125501686527239511486136,0.9744,True,True,True,True,rebound,rebound,False
409,83,B,0.00923413784201504856103106166971215128441262648954296336146023,0.9744,True,True,True,True,contraction,contraction,False
410,84,A,0.0108427476122783568134293432335959643656052721120603917558578,0.9744,True,True,True,True,rebound,rebound,False
411,83,B,0.00975606070920876761007200742519697327420395408404529381689335,0.9744,True,True,True,True,contraction,contraction,False
412,84,A,0.0113638006080267529973885540794883116520802808272385516605319,0.9744,True,True,True,True,tie,tie,True
413,84,A,0.0101468504560200647480414155596162337390602106204289137453989,0.9744,True,True,True,True,rebound,rebound,False
414,83,B,0.00923413784201504856103106166971217530429515796532168530904917,0.9744,True,True,True,True,contraction,contraction,False
415,84,A,0.0108427476122783568134293432335959883454546660353794825002008,0.9744,True,True,True,True,rebound,rebound,False
416,83,B,0.00975606070920876761007200742519699125909099952653461187515057,0.9744,True,True,True,True,contraction,contraction,False
417,84,A,0.0113638006080267529973885540794883296069925145273237208553586,0.9744,True,True,True,True,tie,tie,True
418,84,A,0.010146850456020064748041415559616247205244385895492790641519,0.9744,True,True,True,True,rebound,rebound,False
419,83,B,0.00923413784201504856103106166971218540393328942161959298113924,0.9744,True,True,True,True,contraction,contraction,False
420,84,A,0.0108427476122783568134293432335959984282600672725835603261707,0.9744,True,True,True,True,rebound,rebound,False
421,83,B,0.00975606070920876761007200742519699882119505045443767024462801,0.9744,True,True,True,True,contraction,contraction,False
422,84,A,0.0113638006080267529973885540794883371564930587036802741275536,0.9744,True,True,True,True,tie,tie,True
423,84,A,0.0101468504560200647480414155596162528673697940277602055956652,0.9744,True,True,True,True,rebound,rebound,False
424,83,B,0.00923413784201504856103106166971218965052734552082015419674891,0.9744,True,True,True,True,contraction,contraction,False
425,84,A,0.0108427476122783568134293432335960026677764666116187872730877,0.9744,True,True,True,True,rebound,rebound,False
426,83,B,0.00975606070920876761007200742519700200083234995871409045481575,0.9744,True,True,True,True,contraction,contraction,False
427,84,A,0.0113638006080267529973885540794883403308309627087829003040577,0.9744,True,True,True,True,tie,tie,True
428,84,A,0.0101468504560200647480414155596162552481232220315871752280433,0.9744,True,True,True,True,rebound,rebound,False
429,83,B,0.00923413784201504856103106166971219143609241652369038142103247,0.9744,True,True,True,True,contraction,contraction,False
430,84,A,0.0108427476122783568134293432335960044503655958294842307853307,0.9744,True,True,True,True,rebound,rebound,False
431,83,B,0.00975606070920876761007200742519700333777419687211317308899806,0.9744,True,True,True,True,contraction,contraction,False
432,84,A,0.0113638006080267529973885540794883416655445732106596511338497,0.9744,True,True,True,True,tie,tie,True
433,84,A,0.0101468504560200647480414155596162562491584299079947383503873,0.9744,True,True,True,True,rebound,rebound,False
434,83,B,0.00923413784201504856103106166971219218686882243099605376279047,0.9744,True,True,True,True,contraction,contraction,False
435,84,A,0.0108427476122783568134293432335960051998907077269443936731858,0.9744,True,True,True,True,rebound,rebound,False
436,83,B,0.00975606070920876761007200742519700389991803079520829525488937,0.9744,True,True,True,True,contraction,contraction,False
437,84,A,0.0113638006080267529973885540794883422267515007438829480961312,0.9744,True,True,True,True,tie,tie,True
438,84,A,0.0101468504560200647480414155596162566700636255579122110720984,0.9744,True,True,True,True,rebound,rebound,False
439,83,B,0.00923413784201504856103106166971219250254771916843415830407381,0.9744,True,True,True,True,contraction,contraction,False
440,84,A,0.010842747612278356813429343233596005515043472969820101373567,0.9744,True,True,True,True,rebound,rebound,False
441,83,B,0.00975606070920876761007200742519700413628260472736507603017527,0.9744,True,True,True,True,contraction,contraction,False
442,84,A,0.0113638006080267529973885540794883424627221337194861342367916,0.9744,True,True,True,True,tie,tie,True
443,84,A,0.0101468504560200647480414155596162568470416002896146006775937,0.9744,True,True,True,True,rebound,rebound,False
444,83,B,0.0092341378420150485610310616697121926352812002172109505081953,0.9744,True,True,True,True,contraction,contraction,False
445,84,A,0.0108427476122783568134293432335960056475557315501822655906816,0.9744,True,True,True,True,rebound,rebound,False
446,83,B,0.00975606070920876761007200742519700423566679866263669919301123,0.9744,True,True,True,True,contraction,contraction,False
447,84,A,0.0113638006080267529973885540794883425619406873315323046943562,0.9744,True,True,True,True,tie,tie,True
448,84,A,0.0101468504560200647480414155596162569214555154986492285207672,0.9744,True,True,True,True,rebound,rebound,False
449,83,B,0.00923413784201504856103106166971219269109163662398692139057537,0.9744,True,True,True,True,contraction,contraction,False
450,84,A,0.0108427476122783568134293432335960057032731505629469431882577,0.9744,True,True,True,True,rebound,rebound,False
451,83,B,0.00975606070920876761007200742519700427745486292221020739119331,0.9744,True,True,True,True,contraction,contraction,False
452,84,A,0.0113638006080267529973885540794883426036591048173398570455413,0.9744,True,True,True,True,tie,tie,True
453,84,A,0.010146850456020064748041415559616256952744328613004892784156,0.9744,True,True,True,True,rebound,rebound,False
454,83,B,0.00923413784201504856103106166971219271455824645975366958811699,0.9744,True,True,True,True,contraction,contraction,False
455,84,A,0.0108427476122783568134293432335960057267006493823207468054701,0.9744,True,True,True,True,rebound,rebound,False
456,83,B,0.0097560607092087676100720074251970042950254870367405601041026,0.9744,True,True,True,True,contraction,contraction,False
457,84,A,0.0113638006080267529973885540794883426212004445583459925039291,0.9744,True,True,True,True,tie,tie,True
458,84,A,0.0101468504560200647480414155596162569659003334187594943779468,0.9744,True,True,True,True,rebound,rebound,False
459,83,B,0.00923413784201504856103106166971219272442525006406962078346011,0.9744,True,True,True,True,contraction,contraction,False
460,84,A,0.010842747612278356813429343233596005736551207980629504748821,0.9744,True,True,True,True,rebound,rebound,False
461,83,B,0.00975606070920876761007200742519700430241340598547212856161576,0.9744,True,True,True,True,contraction,contraction,False
462,84,A,0.0113638006080267529973885540794883426285760503088296750140131,0.9744,True,True,True,True,tie,tie,True
463,84,A,0.0101468504560200647480414155596162569714320377316222562605098,0.9744,True,True,True,True,rebound,rebound,False
464,83,B,0.00923413784201504856103106166971219272857402829871669219538235,0.9744,True,True,True,True,contraction,contraction,False
465,84,A,0.01084274761227835681342934323359600574069307158488549770839,0.9744,True,True,True,True,rebound,rebound,False
466,83,B,0.00975606070920876761007200742519700430551980368866412328129254,0.9744,True,True,True,True,contraction,contraction,False
467,84,A,0.0113638006080267529973885540794883426316772706825163497424904,0.9744,True,True,True,True,tie,tie,True
468,84,A,0.0101468504560200647480414155596162569737579530118872623068678,0.9744,True,True,True,True,rebound,rebound,False
469,83,B,0.00923413784201504856103106166971219273031846475891544673015084,0.9744,True,True,True,True,contraction,contraction,False
470,84,A,0.0108427476122783568134293432335960057424346006509839209856006,0.9744,True,True,True,True,rebound,rebound,False
471,83,B,0.00975606070920876761007200742519700430682595048823794073920044,0.9744,True,True,True,True,contraction,contraction,False
472,84,A,0.0113638006080267529973885540794883426329812405707575441713018,0.9744,True,True,True,True,tie,tie,True
473,84,A,0.0101468504560200647480414155596162569747359304280681581284763,0.9744,True,True,True,True,rebound,rebound,False
474,83,B,0.00923413784201504856103106166971219273105194782105111859635725,0.9744,True,True,True,True,contraction,contraction,False
475,84,A,0.01084274761227835681342934323359600574316686124134936673203,0.9744,True,True,True,True,rebound,rebound,False
476,83,B,0.00975606070920876761007200742519700430737514593101202504902249,0.9744,True,True,True,True,contraction,contraction,False
477,84,A,0.0113638006080267529973885540794883426335295206877936716739408,0.9744,True,True,True,True,tie,tie,True
478,84,A,0.0101468504560200647480414155596162569751471405158452537554556,0.9744,True,True,True,True,rebound,rebound,False
479,83,B,0.00923413784201504856103106166971219273136035538688394031659169,0.9744,True,True,True,True,contraction,contraction,False
480,84,A,0.0108427476122783568134293432335960057434747547945724670827307,0.9744,True,True,True,True,rebound,rebound,False
481,83,B,0.00975606070920876761007200742519700430760606609592935031204803,0.9744,True,True,True,True,contraction,contraction,False
482,84,A,0.0113638006080267529973885540794883426337600559857694680615279,0.9744,True,True,True,True,tie,tie,True
483,84,A,0.010146850456020064748041415559616256975320041989327101046146,0.9744,True,True,True,True,rebound,rebound,False
484,83,B,0.00923413784201504856103106166971219273149003149199532578460947,0.9744,True,True,True,True,contraction,contraction,False
485,84,A,0.0108427476122783568134293432335960057436042147728420002416351,0.9744,True,True,True,True,rebound,rebound,False
486,83,B,0.00975606070920876761007200742519700430770316107963150018122634,0.9744,True,True,True,True,contraction,contraction,False
487,84,A,0.0113638006080267529973885540794883426338569891444987810142576,0.9744,True,True,True,True,tie,tie,True
488,84,A,0.0101468504560200647480414155596162569753927418583740857606932,0.9744,True,True,True,True,rebound,rebound,False
489,83,B,0.00923413784201504856103106166971219273154455639378056432051992,0.9744,True,True,True,True,contraction,contraction,False
490,84,A,0.0108427476122783568134293432335960057436586487997909300466524,0.9744,True,True,True,True,rebound,rebound,False
491,83,B,0.00975606070920876761007200742519700430774398659984319753498929,0.9744,True,True,True,True,contraction,contraction,False
492,84,A,0.0113638006080267529973885540794883426338977466221767922057643,0.9744,True,True,True,True,tie,tie,True
493,84,A,0.0101468504560200647480414155596162569754233099666325941543232,0.9744,True,True,True,True,rebound,rebound,False
494,83,B,0.00923413784201504856103106166971219273156748247497444561574242,0.9744,True,True,True,True,contraction,contraction,False
495,84,A,0.0108427476122783568134293432335960057436815366708494882063829,0.9744,True,True,True,True,rebound,rebound,False
496,83,B,0.00975606070920876761007200742519700430776115250313711615478714,0.9744,True,True,True,True,contraction,contraction,False
497,84,A,0.0113638006080267529973885540794883426339148839156318876278625,0.9744,True,True,True,True,tie,tie,True
498,84,A,0.0101468504560200647480414155596162569754361629367239157208969,0.9744,True,True,True,True,rebound,rebound,False
499,83,B,0.00923413784201504856103106166971219273157712220254293679067265,0.9744,True,True,True,True,contraction,contraction,False
500,84,A,0.0108427476122783568134293432335960057436911603322053652293549,0.9744,True,True,True,True,rebound,rebound,False
501,83,B,0.00975606070920876761007200742519700430776837024915402392201615,0.9744,True,True,True,True,contraction,contraction,False
502,84,A,0.0113638006080267529973885540794883426339220896320721005488128,0.9744,True,True,True,True,tie,tie,True
503,84,A,0.0101468504560200647480414155596162569754415672240540754116096,0.9744,True,True,True,True,rebound,rebound,False
504,83,B,0.00923413784201504856103106166971219273158117541804055655870719,0.9744,True,True,True,True,contraction,contraction,False
505,84,A,0.010842747612278356813429343233596005743695206792343822297776,0.9744,True,True,True,True,rebound,rebound,False
506,83,B,0.00975606070920876761007200742519700430777140509425786672333201,0.9744,True,True,True,True,contraction,contraction,False
507,84,A,0.0113638006080267529973885540794883426339251194191007702787931,0.9744,True,True,True,True,tie,tie,True
508,84,A,0.0101468504560200647480414155596162569754438395643255777090948,0.9744,True,True,True,True,rebound,rebound,False
509,83,B,0.00923413784201504856103106166971219273158287967324418328182113,0.9744,True,True,True,True,contraction,contraction,False
510,84,A,0.0108427476122783568134293432335960057436969082071221096430181,0.9744,True,True,True,True,rebound,rebound,False
511,83,B,0.00975606070920876761007200742519700430777268115534158223226357,0.9744,True,True,True,True,contraction,contraction,False
512,84,A,0.0113638006080267529973885540794883426339263933534160129285431,0.9744,True,True,True,True,tie,tie,True
513,84,A,0.0101468504560200647480414155596162569754447950150620096964074,0.9744,True,True,True,True,rebound,rebound,False
514,83,B,0.00923413784201504856103106166971219273158359626129650727230551,0.9744,True,True,True,True,contraction,contraction,False
515,84,A,0.0108427476122783568134293432335960057436976236008610130935183,0.9744,True,True,True,True,rebound,rebound,False
516,83,B,0.00975606070920876761007200742519700430777321770064575982013875,0.9744,True,True,True,True,contraction,contraction,False
517,84,A,0.0113638006080267529973885540794883426339269290044780168871052,0.9744,True,True,True,True,tie,tie,True
518,84,A,0.0101468504560200647480414155596162569754451967533585126653289,0.9744,True,True,True,True,rebound,rebound,False
519,83,B,0.00923413784201504856103106166971219273158389756501888449899667,0.9744,True,True,True,True,contraction,contraction,False
520,84,A,0.0108427476122783568134293432335960057436979244024105196914983,0.9744,True,True,True,True,rebound,rebound,False
521,83,B,0.00975606070920876761007200742519700430777344330180788976862376,0.9744,True,True,True,True,contraction,contraction,False
522,84,A,0.0113638006080267529973885540794883426339271542296382099523427,0.9744,True,True,True,True,tie,tie,True
523,84,A,0.010146850456020064748041415559616256975445365672228657464257,0.9744,True,True,True,True,rebound,rebound,False
524,83,B,0.00923413784201504856103106166971219273158402425417149309819278,0.9744,True,True,True,True,contraction,contraction,False
525,84,A,0.0108427476122783568134293432335960057436980508804145406096958,0.9744,True,True,True,True,rebound,rebound,False
526,83,B,0.00975606070920876761007200742519700430777353816031090545727184,0.9744,True,True,True,True,contraction,contraction,False
527,84,A,0.0113638006080267529973885540794883426339272489300437206148431,0.9744,True,True,True,True,tie,tie,True
528,84,A,0.0101468504560200647480414155596162569754454366975327904611323,0.9744,True,True,True,True,rebound,rebound,False
529,83,B,0.00923413784201504856103106166971219273158407752314959284584922,0.9744,True,True,True,True,contraction,contraction,False
530,84,A,0.0108427476122783568134293432335960057436981040606110101911061,0.9744,True,True,True,True,rebound,rebound,False
531,83,B,0.0097560607092087676100720074251970043077735780454582576433296,0.9744,True,True,True,True,contraction,contraction,False
532,84,A,0.0113638006080267529973885540794883426339272887487158272139241,0.9744,True,True,True,True,tie,tie,True
533,84,A,0.010146850456020064748041415559616256975445466561536870410443,0.9744,True,True,True,True,rebound,rebound,False
534,83,B,0.00923413784201504856103106166971219273158409992115265280783228,0.9744,True,True,True,True,contraction,contraction,False
535,84,A,0.0108427476122783568134293432335960057436981264212840650531526,0.9744,True,True,True,True,rebound,rebound,False
536,83,B,0.00975606070920876761007200742519700430777359481596304878986442,0.9744,True,True,True,True,contraction,contraction,False
537,84,A,0.0113638006080267529973885540794883426339273054912697770418813,0.9744,True,True,True,True,tie,tie,True
538,84,A,0.010146850456020064748041415559616256975445479118452332781411,0.9744,True,True,True,True,rebound,rebound,False
539,83,B,0.00923413784201504856103106166971219273158410933883924958605824,0.9744,True,True,True,True,contraction,contraction,False
540,84,A,0.0108427476122783568134293432335960057436981358232745175034148,0.9744,True,True,True,True,rebound,rebound,False
541,83,B,0.00975606070920876761007200742519700430777360186745588812756111,0.9744,True,True,True,True,contraction,contraction,False
542,84,A,0.0113638006080267529973885540794883426339273125310101283140152,0.9744,True,True,True,True,tie,tie,True
543,84,A,0.0101468504560200647480414155596162569754454843982575962355114,0.9744,True,True,True,True,rebound,rebound,False
544,83,B,0.00923413784201504856103106166971219273158411329869319717663353,0.9744,True,True,True,True,contraction,contraction,False
545,84,A,0.0108427476122783568134293432335960057436981397765287085146725,0.9744,True,True,True,True,rebound,rebound,False
546,83,B,0.00975606070920876761007200742519700430777360483239653138600436,0.9744,True,True,True,True,contraction,contraction,False
547,84,A,0.0113638006080267529973885540794883426339273154910092038336944,0.9744,True,True,True,True,tie,tie,True
548,84,A,0.0101468504560200647480414155596162569754454866182569028752708,0.9744,True,True,True,True,rebound,rebound,False
549,83,B,0.00923413784201504856103106166971219273158411496369267715645307,0.9744,True,True,True,True,contraction,contraction,False
550,84,A,0.0108427476122783568134293432335960057436981414387531893611923,0.9744,True,True,True,True,rebound,rebound,False
551,83,B,0.00975606070920876761007200742519700430777360607906489202089424,0.9744,True,True,True,True,contraction,contraction,False
552,84,A,0.0113638006080267529973885540794883426339273167355997838675261,0.9744,True,True,True,True,tie,tie,True
553,84,A,0.0101468504560200647480414155596162569754454875516998379006446,0.9744,True,True,True,True,rebound,rebound,False
554,83,B,0.00923413784201504856103106166971219273158411566377487842548342,0.9744,True,True,True,True,contraction,contraction,False
555,84,A,0.0108427476122783568134293432335960057436981421376685869614409,0.9744,True,True,True,True,rebound,rebound,False
556,83,B,0.00975606070920876761007200742519700430777360660325144022108071,0.9744,True,True,True,True,contraction,contraction,False
557,84,A,0.0113638006080267529973885540794883426339273172589126878207122,0.9744,True,True,True,True,tie,tie,True
558,84,A,0.0101468504560200647480414155596162569754454879441845158655342,0.9744,True,True,True,True,rebound,rebound,False
559,83,B,0.00923413784201504856103106166971219273158411595813838689915064,0.9744,True,True,True,True,contraction,contraction,False
560,84,A,0.0108427476122783568134293432335960057436981424315414895876521,0.9744,True,True,True,True,rebound,rebound,False
561,83,B,0.00975606070920876761007200742519700430777360682365611719073904,0.9744,True,True,True,True,contraction,contraction,False
562,84,A,0.0113638006080267529973885540794883426339273174789500236620878,0.9744,True,True,True,True,tie,tie,True
563,84,A,0.0101468504560200647480414155596162569754454881092125177465659,0.9744,True,True,True,True,rebound,rebound,False
564,83,B,0.00923413784201504856103106166971219273158411608190938830992439,0.9744,True,True,True,True,contraction,contraction,False
565,84,A,0.0108427476122783568134293432335960057436981425551062059960745,0.9744,True,True,True,True,rebound,rebound,False
566,83,B,0.00975606070920876761007200742519700430777360691632965449705589,0.9744,True,True,True,True,contraction,contraction,False
567,84,A,0.0113638006080267529973885540794883426339273175714691050728941,0.9744,True,True,True,True,tie,tie,True
568,84,A,0.0101468504560200647480414155596162569754454881786018288046706,0.9744,True,True,True,True,rebound,rebound,False
569,83,B,0.00923413784201504856103106166971219273158411613395137160350295,0.9744,True,True,True,True,contraction,contraction,False
570,84,A,0.0108427476122783568134293432335960057436981426070614526508304,0.9744,True,True,True,True,rebound,rebound,False
571,83,B,0.00975606070920876761007200742519700430777360695529608948812283,0.9744,True,True,True,True,contraction,contraction,False
572,84,A,0.0113638006080267529973885540794883426339273176103705960056426,0.9744,True,True,True,True,tie,tie,True
573,84,A,0.010146850456020064748041415559616256975445488207777947004232,0.9744,True,True,True,True,rebound,rebound,False
574,83,B,0.00923413784201504856103106166971219273158411615583346025317398,0.9744,True,True,True,True,contraction,contraction,False
575,84,A,0.010842747612278356813429343233596005743698142628907071152752,0.9744,True,True,True,True,rebound,rebound,False
576,83,B,0.00975606070920876761007200742519700430777360697168030336456402,0.9744,True,True,True,True,contraction,contraction,False
577,84,A,0.0113638006080267529973885540794883426339273176267275028589564,0.9744,True,True,True,True,tie,tie,True
578,84,A,0.0101468504560200647480414155596162569754454882200456271442173,0.9744,True,True,True,True,rebound,rebound,False
579,83,B,0.00923413784201504856103106166971219273158411616503422035816298,0.9744,True,True,True,True,contraction,contraction,False
580,84,A,0.010842747612278356813429343233596005743698142638092496657566,0.9744,True,True,True,True,rebound,rebound,False
581,83,B,0.00975606070920876761007200742519700430777360697856937249317453,0.9744,True,True,True,True,contraction,contraction,False
582,84,A,0.0113638006080267529973885540794883426339273176336050902056859,0.9744,True,True,True,True,tie,tie,True
583,84,A,0.0101468504560200647480414155596162569754454882252038176542644,0.9744,True,True,True,True,rebound,rebound,False
584,83,B,0.00923413784201504856103106166971219273158411616890286324069832,0.9744,True,True,True,True,contraction,contraction,False
585,84,A,0.0108427476122783568134293432335960057436981426419546918019638,0.9744,True,True,True,True,rebound,rebound,False
586,83,B,0.00975606070920876761007200742519700430777360698146601885147287,0.9744,True,True,True,True,contraction,contraction,False
587,84,A,0.0113638006080267529973885540794883426339273176364969088200537,0.9744,True,True,True,True,tie,tie,True
588,84,A,0.0101468504560200647480414155596162569754454882273726816150403,0.9744,True,True,True,True,rebound,rebound,False
589,83,B,0.00923413784201504856103106166971219273158411617052951121128023,0.9744,True,True,True,True,contraction,contraction,False
590,84,A,0.0108427476122783568134293432335960057436981426435786286925948,0.9744,True,True,True,True,rebound,rebound,False
591,83,B,0.00975606070920876761007200742519700430777360698268397151944607,0.9744,True,True,True,True,contraction,contraction,False
592,84,A,0.0113638006080267529973885540794883426339273176377128315669137,0.9744,True,True,True,True,tie,tie,True
593,84,A,0.0101468504560200647480414155596162569754454882282846236751852,0.9744,True,True,True,True,rebound,rebound,False
594,83,B,0.00923413784201504856103106166971219273158411617121346775638894,0.9744,True,True,True,True,contraction,contraction,False
595,84,A,0.0108427476122783568134293432335960057436981426442614453101283,0.9744,True,True,True,True,rebound,rebound,False
596,83,B,0.00975606070920876761007200742519700430777360698319608398259622,0.9744,True,True,True,True,contraction,contraction,False
597,84,A,0.0113638006080267529973885540794883426339273176382240905092919,0.9744,True,True,True,True,tie,tie,True
598,84,A,0.0101468504560200647480414155596162569754454882286680678819689,0.9744,True,True,True,True,rebound,rebound,False
599,83,B,0.00923413784201504856103106166971219273158411617150105091147669,0.9744,True,True,True,True,contraction,contraction,False
600,84,A,0.0108427476122783568134293432335960057436981426445485491599576,0.9744,True,True,True,True,rebound,rebound,False
601,83,B,0.00975606070920876761007200742519700430777360698341141186996817,0.9744,True,True,True,True,contraction,contraction,False
602,84,A,0.0113638006080267529973885540794883426339273176384390595168516,0.9744,True,True,True,True,tie,tie,True
603,84,A,0.0101468504560200647480414155596162569754454882288292946376387,0.9744,True,True,True,True,rebound,rebound,False
604,83,B,0.009234137842015048561031061669712192731584116171621970978229,0.9744,True,True,True,True,contraction,contraction,False
605,84,A,0.0108427476122783568134293432335960057436981426446692676932653,0.9744,True,True,True,True,rebound,rebound,False
606,83,B,0.00975606070920876761007200742519700430777360698350195076994896,0.9744,True,True,True,True,contraction,contraction,False
607,84,A,0.0113638006080267529973885540794883426339273176385294475186657,0.9744,True,True,True,True,tie,tie,True
608,84,A,0.0101468504560200647480414155596162569754454882288970856389993,0.9744,True,True,True,True,rebound,rebound,False
609,83,B,0.00923413784201504856103106166971219273158411617167281422924947,0.9744,True,True,True,True,contraction,contraction,False
610,84,A,0.010842747612278356813429343233596005743698142644720026205534,0.9744,True,True,True,True,rebound,rebound,False
611,83,B,0.00975606070920876761007200742519700430777360698354001965415054,0.9744,True,True,True,True,contraction,contraction,False
612,84,A,0.011363800608026752997388554079488342633927317638567452954727,0.9744,True,True,True,True,tie,tie,True
613,84,A,0.0101468504560200647480414155596162569754454882289255897160452,0.9744,True,True,True,True,rebound,rebound,False
614,83,B,0.00923413784201504856103106166971219273158411617169419228703391,0.9744,True,True,True,True,contraction,contraction,False
615,84,A,0.0108427476122783568134293432335960057436981426447413686332222,0.9744,True,True,True,True,rebound,rebound,False
616,83,B,0.00975606070920876761007200742519700430777360698355602647491664,0.9744,True,True,True,True,contraction,contraction,False
617,84,A,0.0113638006080267529973885540794883426339273176385834330974584,0.9744,True,True,True,True,tie,tie,True
618,84,A,0.0101468504560200647480414155596162569754454882289375748230938,0.9744,True,True,True,True,rebound,rebound,False
619,83,B,0.00923413784201504856103106166971219273158411617170318111732038,0.9744,True,True,True,True,contraction,contraction,False
620,84,A,0.0108427476122783568134293432335960057436981426447503424821248,0.9744,True,True,True,True,rebound,rebound,False
621,83,B,0.00975606070920876761007200742519700430777360698356275686159363,0.9744,True,True,True,True,contraction,contraction,False
622,84,A,0.0113638006080267529973885540794883426339273176385901522668243,0.9744,True,True,True,True,tie,tie,True
623,84,A,0.0101468504560200647480414155596162569754454882289426142001182,0.9744,True,True,True,True,rebound,rebound,False
624,83,B,0.00923413784201504856103106166971219273158411617170696065008867,0.9744,True,True,True,True,contraction,contraction,False
625,84,A,0.0108427476122783568134293432335960057436981426447541157156719,0.9744,True,True,True,True,rebound,rebound,False
626,83,B,0.00975606070920876761007200742519700430777360698356558678675389,0.9744,True,True,True,True,contraction,contraction,False
627,84,A,0.0113638006080267529973885540794883426339273176385929774754426,0.9744,True,True,True,True,tie,tie,True
628,84,A,0.010146850456020064748041415559616256975445488228944733106582,0.9744,True,True,True,True,rebound,rebound,False
629,83,B,0.00923413784201504856103106166971219273158411617170854982993648,0.9744,True,True,True,True,contraction,contraction,False
630,84,A,0.0108427476122783568134293432335960057436981426447557022468866,0.9744,True,True,True,True,rebound,rebound,False
631,83,B,0.00975606070920876761007200742519700430777360698356677668516494,0.9744,True,True,True,True,contraction,contraction,False
632,84,A,0.0113638006080267529973885540794883426339273176385941653906897,0.9744,True,True,True,True,tie,tie,True
633,84,A,0.0101468504560200647480414155596162569754454882289456240430173,0.9744,True,True,True,True,rebound,rebound,False
634,83,B,0.00923413784201504856103106166971219273158411617170921803226294,0.9744,True,True,True,True,contraction,contraction,False
635,84,A,0.0108427476122783568134293432335960057436981426447563693355425,0.9744,True,True,True,True,rebound,rebound,False
636,83,B,0.00975606070920876761007200742519700430777360698356727700165687,0.9744,True,True,True,True,contraction,contraction,False
637,84,A,0.0113638006080267529973885540794883426339273176385946648733208,0.9744,True,True,True,True,tie,tie,True
638,84,A,0.0101468504560200647480414155596162569754454882289459986549906,0.9744,True,True,True,True,rebound,rebound,False
639,83,B,0.00923413784201504856103106166971219273158411617170949899124294,0.9744,True,True,True,True,contraction,contraction,False
640,84,A,0.0108427476122783568134293432335960057436981426447566498262575,0.9744,True,True,True,True,rebound,rebound,False
641,83,B,0.00975606070920876761007200742519700430777360698356748736969315,0.9744,True,True,True,True,contraction,contraction,False
642,84,A,0.0113638006080267529973885540794883426339273176385948748907437,0.9744,True,True,True,True,tie,tie,True
643,84,A,0.0101468504560200647480414155596162569754454882289461561680577,0.9744,True,True,True,True,rebound,rebound,False
644,83,B,0.00923413784201504856103106166971219273158411617170961712604331,0.9744,True,True,True,True,contraction,contraction,False
645,84,A,0.0108427476122783568134293432335960057436981426447567677641666,0.9744,True,True,True,True,rebound,rebound,False
646,83,B,0.00975606070920876761007200742519700430777360698356757582312493,0.9744,True,True,True,True,contraction,contraction,False
647,84,A,0.0113638006080267529973885540794883426339273176385949631967531,0.9744,True,True,True,True,tie,tie,True
648,84,A,0.0101468504560200647480414155596162569754454882289462223975648,0.9744,True,True,True,True,rebound,rebound,False
649,83,B,0.00923413784201504856103106166971219273158411617170966679817359,0.9744,True,True,True,True,contraction,contraction,False
650,84,A,0.01084274761227835681342934323359600574369814264475681735351,0.9744,True,True,True,True,rebound,rebound,False
651,83,B,0.00975606070920876761007200742519700430777360698356761301513248,0.9744,True,True,True,True,contraction,contraction,False
652,84,A,0.0113638006080267529973885540794883426339273176385950003267739,0.9744,True,True,True,True,tie,tie,True
653,84,A,0.0101468504560200647480414155596162569754454882289462502450804,0.9744,True,True,True,True,rebound,rebound,False
654,83,B,0.00923413784201504856103106166971219273158411617170968768381033,0.9744,True,True,True,True,contraction,contraction,False
655,84,A,0.0108427476122783568134293432335960057436981426447568382043373,0.9744,True,True,True,True,rebound,rebound,False
656,83,B,0.00975606070920876761007200742519700430777360698356762865325299,0.9744,True,True,True,True,contraction,contraction,False
657,84,A,0.0113638006080267529973885540794883426339273176385950159388309,0.9744,True,True,True,True,tie,tie,True
658,84,A,0.0101468504560200647480414155596162569754454882289462619541232,0.9744,True,True,True,True,rebound,rebound,False
659,83,B,0.00923413784201504856103106166971219273158411617170969646559238,0.9744,True,True,True,True,contraction,contraction,False
660,84,A,0.0108427476122783568134293432335960057436981426447568469714831,0.9744,True,True,True,True,rebound,rebound,False
661,83,B,0.00975606070920876761007200742519700430777360698356763522861229,0.9744,True,True,True,True,contraction,contraction,False
662,84,A,0.0113638006080267529973885540794883426339273176385950225032313,0.9744,True,True,True,True,tie,tie,True
663,84,A,0.0101468504560200647480414155596162569754454882289462668774235,0.9744,True,True,True,True,rebound,rebound,False
664,83,B,0.00923413784201504856103106166971219273158411617170970015806759,0.9744,True,True,True,True,contraction,contraction,False
665,84,A,0.0108427476122783568134293432335960057436981426447568506578041,0.9744,True,True,True,True,rebound,rebound,False
666,83,B,0.00975606070920876761007200742519700430777360698356763799335311,0.9744,True,True,True,True,contraction,contraction,False
667,84,A,0.0113638006080267529973885540794883426339273176385950252633642,0.9744,True,True,True,True,tie,tie,True
668,84,A,0.0101468504560200647480414155596162569754454882289462689475231,0.9744,True,True,True,True,rebound,rebound,False
669,83,B,0.00923413784201504856103106166971219273158411617170970171064236,0.9744,True,True,True,True,contraction,contraction,False
670,84,A,0.0108427476122783568134293432335960057436981426447568522077913,0.9744,True,True,True,True,rebound,rebound,False
671,83,B,0.00975606070920876761007200742519700430777360698356763915584346,0.9744,True,True,True,True,contraction,contraction,False
672,84,A,0.0113638006080267529973885540794883426339273176385950264239171,0.9744,True,True,True,True,tie,tie,True
673,84,A,0.0101468504560200647480414155596162569754454882289462698179378,0.9744,True,True,True,True,rebound,rebound,False
674,83,B,0.00923413784201504856103106166971219273158411617170970236345335,0.9744,True,True,True,True,contraction,contraction,False
675,84,A,0.0108427476122783568134293432335960057436981426447568528595143,0.9744,True,True,True,True,rebound,rebound,False
676,83,B,0.00975606070920876761007200742519700430777360698356763964463569,0.9744,True,True,True,True,contraction,contraction,False
677,84,A,0.0113638006080267529973885540794883426339273176385950269118946,0.9744,True,True,True,True,tie,tie,True
678,84,A,0.010146850456020064748041415559616256975445488228946270183921,0.9744,True,True,True,True,rebound,rebound,False
679,83,B,0.00923413784201504856103106166971219273158411617170970263794073,0.9744,True,True,True,True,contraction,contraction,False
680,84,A,0.0108427476122783568134293432335960057436981426447568531335442,0.9744,True,True,True,True,rebound,rebound,False
681,83,B,0.00975606070920876761007200742519700430777360698356763985015812,0.9744,True,True,True,True,contraction,contraction,False
682,84,A,0.0113638006080267529973885540794883426339273176385950271170745,0.9744,True,True,True,True,tie,tie,True
683,84,A,0.0101468504560200647480414155596162569754454882289462703378059,0.9744,True,True,True,True,rebound,rebound,False
684,83,B,0.00923413784201504856103106166971219273158411617170970275335442,0.9744,True,True,True,True,contraction,contraction,False
685,84,A,0.0108427476122783568134293432335960057436981426447568532487655,0.9744,True,True,True,True,rebound,rebound,False
686,83,B,0.00975606070920876761007200742519700430777360698356763993657412,0.9744,True,True,True,True,contraction,contraction,False
687,84,A,0.0113638006080267529973885540794883426339273176385950272033465,0.9744,True,True,True,True,tie,tie,True
688,84,A,0.0101468504560200647480414155596162569754454882289462704025099,0.9744,True,True,True,True,rebound,rebound,False
689,83,B,0.00923413784201504856103106166971219273158411617170970280188241,0.9744,True,True,True,True,contraction,contraction,False
690,84,A,0.0108427476122783568134293432335960057436981426447568532972126,0.9744,True,True,True,True,rebound,rebound,False
691,83,B,0.00975606070920876761007200742519700430777360698356763997290945,0.9744,True,True,True,True,contraction,contraction,False
692,84,A,0.0113638006080267529973885540794883426339273176385950272396213,0.9744,True,True,True,True,tie,tie,True
693,84,A,0.010146850456020064748041415559616256975445488228946270429716,0.9744,True,True,True,True,rebound,rebound,False
694,83,B,0.00923413784201504856103106166971219273158411617170970282228696,0.9744,True,True,True,True,contraction,contraction,False
695,84,A,0.0108427476122783568134293432335960057436981426447568533175832,0.9744,True,True,True,True,rebound,rebound,False
696,83,B,0.00975606070920876761007200742519700430777360698356763998818736,0.9744,True,True,True,True,contraction,contraction,False
697,84,A,0.0113638006080267529973885540794883426339273176385950272548737,0.9744,True,True,True,True,tie,tie,True
698,84,A,0.0101468504560200647480414155596162569754454882289462704411553,0.9744,True,True,True,True,rebound,rebound,False
699,83,B,0.00923413784201504856103106166971219273158411617170970283086647,0.9744,True,True,True,True,contraction,contraction,False
700,84,A,0.0108427476122783568134293432335960057436981426447568533261484,0.9744,True,True,True,True,rebound,rebound,False
701,83,B,0.00975606070920876761007200742519700430777360698356763999461127,0.9744,True,True,True,True,contraction,contraction,False
702,84,A,0.0113638006080267529973885540794883426339273176385950272612869,0.9744,True,True,True,True,tie,tie,True
703,84,A,0.0101468504560200647480414155596162569754454882289462704459652,0.9744,True,True,True,True,rebound,rebound,False
704,83,B,0.00923413784201504856103106166971219273158411617170970283447389,0.9744,True,True,True,True,contraction,contraction,False
705,84,A,0.0108427476122783568134293432335960057436981426447568533297498,0.9744,True,True,True,True,rebound,rebound,False
706,83,B,0.00975606070920876761007200742519700430777360698356763999731232,0.9744,True,True,True,True,contraction,contraction,False
707,84,A,0.0113638006080267529973885540794883426339273176385950272639835,0.9744,True,True,True,True,tie,tie,True
708,84,A,0.0101468504560200647480414155596162569754454882289462704479876,0.9744,True,True,True,True,rebound,rebound,False
709,83,B,0.0092341378420150485610310616697121927315841161717097028359907,0.9744,True,True,True,True,contraction,contraction,False
710,84,A,0.0108427476122783568134293432335960057436981426447568533312641,0.9744,True,True,True,True,rebound,rebound,False
711,83,B,0.00975606070920876761007200742519700430777360698356763999844804,0.9744,True,True,True,True,contraction,contraction,False
712,84,A,0.0113638006080267529973885540794883426339273176385950272651173,0.9744,True,True,True,True,tie,tie,True
713,84,A,0.010146850456020064748041415559616256975445488228946270448838,0.9744,True,True,True,True,rebound,rebound,False
714,83,B,0.00923413784201504856103106166971219273158411617170970283662848,0.9744,True,True,True,True,contraction,contraction,False
715,84,A,0.0108427476122783568134293432335960057436981426447568533319008,0.9744,True,True,True,True,rebound,rebound,False
716,83,B,0.00975606070920876761007200742519700430777360698356763999892557,0.9744,True,True,True,True,contraction,contraction,False
717,84,A,0.011363800608026752997388554079488342633927317638595027265594,0.9744,True,True,True,True,tie,tie,True
718,84,A,0.0101468504560200647480414155596162569754454882289462704491955,0.9744,True,True,True,True,rebound,rebound,False
719,83,B,0.00923413784201504856103106166971219273158411617170970283689664,0.9744,True,True,True,True,contraction,contraction,False
720,84,A,0.0108427476122783568134293432335960057436981426447568533321685,0.9744,True,True,True,True,rebound,rebound,False
721,83,B,0.00975606070920876761007200742519700430777360698356763999912636,0.9744,True,True,True,True,contraction,contraction,False
722,84,A,0.0113638006080267529973885540794883426339273176385950272657945,0.9744,True,True,True,True,tie,tie,True
723,84,A,0.0101468504560200647480414155596162569754454882289462704493459,0.9744,True,True,True,True,rebound,rebound,False
724,83,B,0.0092341378420150485610310616697121927315841161717097028370094,0.9744,True,True,True,True,contraction,contraction,False
725,84,A,0.010842747612278356813429343233596005743698142644756853332281,0.9744,True,True,True,True,rebound,rebound,False
726,83,B,0.00975606070920876761007200742519700430777360698356763999921079,0.9744,True,True,True,True,contraction,contraction,False
727,84,A,0.0113638006080267529973885540794883426339273176385950272658788,0.9744,True,True,True,True,tie,tie,True
728,84,A,0.0101468504560200647480414155596162569754454882289462704494091,0.9744,True,True,True,True,rebound,rebound,False
729,83,B,0.00923413784201504856103106166971219273158411617170970283705681,0.9744,True,True,True,True,contraction,contraction,False
730,84,A,0.0108427476122783568134293432335960057436981426447568533323284,0.9744,True,True,True,True,rebound,rebound,False
731,83,B,0.00975606070920876761007200742519700430777360698356763999924628,0.9744,True,True,True,True,contraction,contraction,False
732,84,A,0.0113638006080267529973885540794883426339273176385950272659142,0.9744,True,True,True,True,tie,tie,True
733,84,A,0.0101468504560200647480414155596162569754454882289462704494357,0.9744,True,True,True,True,rebound,rebound,False
734,83,B,0.00923413784201504856103106166971219273158411617170970283707674,0.9744,True,True,True,True,contraction,contraction,False
735,84,A,0.0108427476122783568134293432335960057436981426447568533323483,0.9744,True,True,True,True,rebound,rebound,False
736,83,B,0.00975606070920876761007200742519700430777360698356763999926121,0.9744,True,True,True,True,contraction,contraction,False
737,84,A,0.0113638006080267529973885540794883426339273176385950272659291,0.9744,True,True,True,True,tie,tie,True
738,84,A,0.0101468504560200647480414155596162569754454882289462704494468,0.9744,True,True,True,True,rebound,rebound,False
739,83,B,0.00923413784201504856103106166971219273158411617170970283708512,0.9744,True,True,True,True,contraction,contraction,False
740,84,A,0.0108427476122783568134293432335960057436981426447568533323566,0.9744,True,True,True,True,rebound,rebound,False
741,83,B,0.00975606070920876761007200742519700430777360698356763999926749,0.9744,True,True,True,True,contraction,contraction,False
742,84,A,0.0113638006080267529973885540794883426339273176385950272659354,0.9744,True,True,True,True,tie,tie,True
743,84,A,0.0101468504560200647480414155596162569754454882289462704494515,0.9744,True,True,True,True,rebound,rebound,False
744,83,B,0.00923413784201504856103106166971219273158411617170970283708865,0.9744,True,True,True,True,contraction,contraction,False
745,84,A,0.0108427476122783568134293432335960057436981426447568533323602,0.9744,True,True,True,True,rebound,rebound,False
746,83,B,0.00975606070920876761007200742519700430777360698356763999927012,0.9744,True,True,True,True,contraction,contraction,False
747,84,A,0.011363800608026752997388554079488342633927317638595027265938,0.9744,True,True,True,True,tie,tie,True
748,84,A,0.0101468504560200647480414155596162569754454882289462704494535,0.9744,True,True,True,True,rebound,rebound,False
749,83,B,0.00923413784201504856103106166971219273158411617170970283709013,0.9744,True,True,True,True,contraction,contraction,False
750,84,A,0.0108427476122783568134293432335960057436981426447568533323616,0.9744,True,True,True,True,rebound,rebound,False
751,83,B,0.00975606070920876761007200742519700430777360698356763999927123,0.9744,True,True,True,True,contraction,contraction,False
752,84,A,0.0113638006080267529973885540794883426339273176385950272659391,0.9744,True,True,True,True,tie,tie,True
753,84,A,0.0101468504560200647480414155596162569754454882289462704494543,0.9744,True,True,True,True,rebound,rebound,False
754,83,B,0.00923413784201504856103106166971219273158411617170970283709075,0.9744,True,True,True,True,contraction,contraction,False
755,84,A,0.0108427476122783568134293432335960057436981426447568533323623,0.9744,True,True,True,True,rebound,rebound,False
756,83,B,0.0097560607092087676100720074251970043077736069835676399992717,0.9744,True,True,True,True,contraction,contraction,False
757,84,A,0.0113638006080267529973885540794883426339273176385950272659396,0.9744,True,True,True,True,tie,tie,True
758,84,A,0.0101468504560200647480414155596162569754454882289462704494547,0.9744,True,True,True,True,rebound,rebound,False
759,83,B,0.00923413784201504856103106166971219273158411617170970283709101,0.9744,True,True,True,True,contraction,contraction,False
760,84,A,0.0108427476122783568134293432335960057436981426447568533323625,0.9744,True,True,True,True,rebound,rebound,False
761,83,B,0.0097560607092087676100720074251970043077736069835676399992719,0.9744,True,True,True,True,contraction,contraction,False
762,84,A,0.0113638006080267529973885540794883426339273176385950272659398,0.9744,True,True,True,True,tie,tie,True
763,84,A,0.0101468504560200647480414155596162569754454882289462704494548,0.9744,True,True,True,True,rebound,rebound,False
764,83,B,0.00923413784201504856103106166971219273158411617170970283709112,0.9744,True,True,True,True,contraction,contraction,False
765,84,A,0.0108427476122783568134293432335960057436981426447568533323626,0.9744,True,True,True,True,rebound,rebound,False
766,83,B,0.00975606070920876761007200742519700430777360698356763999927198,0.9744,True,True,True,True,contraction,contraction,False
767,84,A,0.0113638006080267529973885540794883426339273176385950272659399,0.9744,True,True,True,True,tie,tie,True
768,84,A,0.0101468504560200647480414155596162569754454882289462704494549,0.9744,True,True,True,True,rebound,rebound,False
769,83,B,0.00923413784201504856103106166971219273158411617170970283709117,0.9744,True,True,True,True,contraction,contraction,False
770,84,A,0.0108427476122783568134293432335960057436981426447568533323627,0.9744,True,True,True,True,rebound,rebound,False
771,83,B,0.00975606070920876761007200742519700430777360698356763999927201,0.9744,True,True,True,True,contraction,contraction,False
772,84,A,0.0113638006080267529973885540794883426339273176385950272659399,0.9744,True,True,True,True,tie,tie,True
773,84,A,0.0101468504560200647480414155596162569754454882289462704494549,0.9744,True,True,True,True,rebound,rebound,False
774,83,B,0.00923413784201504856103106166971219273158411617170970283709119,0.9744,True,True,True,True,contraction,contraction,False
775,84,A,0.0108427476122783568134293432335960057436981426447568533323627,0.9744,True,True,True,True,rebound,rebound,False
776,83,B,0.00975606070920876761007200742519700430777360698356763999927203,0.9744,True,True,True,True,contraction,contraction,False
777,84,A,0.0113638006080267529973885540794883426339273176385950272659399,0.9744,True,True,True,True,tie,tie,True
778,84,A,0.0101468504560200647480414155596162569754454882289462704494549,0.9744,True,True,True,True,rebound,rebound,False
779,83,B,0.0092341378420150485610310616697121927315841161717097028370912,0.9744,True,True,True,True,contraction,contraction,False
780,84,A,0.0108427476122783568134293432335960057436981426447568533323627,0.9744,True,True,True,True,rebound,rebound,False
781,83,B,0.00975606070920876761007200742519700430777360698356763999927204,0.9744,True,True,True,True,contraction,contraction,False
782,84,A,0.0113638006080267529973885540794883426339273176385950272659399,0.9744,True,True,True,True,tie,tie,True
783,84,A,0.0101468504560200647480414155596162569754454882289462704494549,0.9744,True,True,True,True,rebound,rebound,False
784,83,B,0.0092341378420150485610310616697121927315841161717097028370912,0.9744,True,True,True,True,contraction,contraction,False
785,84,A,0.0108427476122783568134293432335960057436981426447568533323627,0.9744,True,True,True,True,rebound,rebound,False
786,83,B,0.00975606070920876761007200742519700430777360698356763999927204,0.9744,True,True,True,True,contraction,contraction,False
787,84,A,0.0113638006080267529973885540794883426339273176385950272659399,0.9744,True,True,True,True,tie,tie,True
788,84,A,0.0101468504560200647480414155596162569754454882289462704494549,0.9744,True,True,True,True,rebound,rebound,False
789,83,B,0.0092341378420150485610310616697121927315841161717097028370912,0.9744,True,True,True,True,contraction,contraction,False
790,84,A,0.0108427476122783568134293432335960057436981426447568533323627,0.9744,True,True,True,True,rebound,rebound,False
791,83,B,0.00975606070920876761007200742519700430777360698356763999927204,0.9744,True,True,True,True,contraction,contraction,False
792,84,A,0.0113638006080267529973885540794883426339273176385950272659399,0.9744,True,True,True,True,tie,tie,True
793,84,A,0.0101468504560200647480414155596162569754454882289462704494549,0.9744,True,True,True,True,rebound,rebound,False
794,83,B,0.0092341378420150485610310616697121927315841161717097028370912,0.9744,True,True,True,True,contraction,contraction,False
795,84,A,0.0108427476122783568134293432335960057436981426447568533323627,0.9744,True,True,True,True,rebound,rebound,False
796,83,B,0.00975606070920876761007200742519700430777360698356763999927204,0.9744,True,True,True,True,contraction,contraction,False
797,84,A,0.0113638006080267529973885540794883426339273176385950272659399,0.9744,True,True,True,True,tie,tie,True
798,84,A,0.0101468504560200647480414155596162569754454882289462704494549,0.9744,True,True,True,True,rebound,rebound,False
799,83,B,0.0092341378420150485610310616697121927315841161717097028370912,0.9744,True,True,True,True,contraction,contraction,False
800,84,A,0.0108427476122783568134293432335960057436981426447568533323627,0.9744,True,True,True,True,rebound,rebound,False
801,83,B,0.00975606070920876761007200742519700430777360698356763999927204,0.9744,True,True,True,True,contraction,contraction,False
802,84,A,0.0113638006080267529973885540794883426339273176385950272659399,0.9744,True,True,True,True,tie,tie,True
803,84,A,0.0101468504560200647480414155596162569754454882289462704494549,0.9744,True,True,True,True,rebound,rebound,False
804,83,B,0.0092341378420150485610310616697121927315841161717097028370912,0.9744,True,True,True,True,contraction,contraction,False
805,84,A,0.0108427476122783568134293432335960057436981426447568533323627,0.9744,True,True,True,True,rebound,rebound,False
806,83,B,0.00975606070920876761007200742519700430777360698356763999927204,0.9744,True,True,True,True,contraction,contraction,False
807,84,A,0.0113638006080267529973885540794883426339273176385950272659399,0.9744,True,True,True,True,tie,tie,True
808,84,A,0.0101468504560200647480414155596162569754454882289462704494549,0.9744,True,True,True,True,rebound,rebound,False
809,83,B,0.0092341378420150485610310616697121927315841161717097028370912,0.9744,True,True,True,True,contraction,contraction,False
810,84,A,0.0108427476122783568134293432335960057436981426447568533323627,0.9744,True,True,True,True,rebound,rebound,False
811,83,B,0.00975606070920876761007200742519700430777360698356763999927204,0.9744,True,True,True,True,contraction,contraction,False
812,84,A,0.0113638006080267529973885540794883426339273176385950272659399,0.9744,True,True,True,True,tie,tie,True
813,84,A,0.0101468504560200647480414155596162569754454882289462704494549,0.9744,True,True,True,True,rebound,rebound,False
814,83,B,0.0092341378420150485610310616697121927315841161717097028370912,0.9744,True,True,True,True,contraction,contraction,False
815,84,A,0.0108427476122783568134293432335960057436981426447568533323627,0.9744,True,True,True,True,rebound,rebound,False
816,83,B,0.00975606070920876761007200742519700430777360698356763999927204,0.9744,True,True,True,True,contraction,contraction,False
817,84,A,0.0113638006080267529973885540794883426339273176385950272659399,0.9744,True,True,True,True,tie,tie,True
818,84,A,0.0101468504560200647480414155596162569754454882289462704494549,0.9744,True,True,True,True,rebound,rebound,False
819,83,B,0.0092341378420150485610310616697121927315841161717097028370912,0.9744,True,True,True,True,contraction,contraction,False
820,84,A,0.0108427476122783568134293432335960057436981426447568533323627,0.9744,True,True,True,True,rebound,rebound,False
821,83,B,0.00975606070920876761007200742519700430777360698356763999927204,0.9744,True,True,True,True,contraction,contraction,False
822,84,A,0.0113638006080267529973885540794883426339273176385950272659399,0.9744,True,True,True,True,tie,tie,True
823,84,A,0.0101468504560200647480414155596162569754454882289462704494549,0.9744,True,True,True,True,rebound,rebound,False
824,83,B,0.0092341378420150485610310616697121927315841161717097028370912,0.9744,True,True,True,True,contraction,contraction,False
825,84,A,0.0108427476122783568134293432335960057436981426447568533323627,0.9744,True,True,True,True,rebound,rebound,False
826,83,B,0.00975606070920876761007200742519700430777360698356763999927204,0.9744,True,True,True,True,contraction,contraction,False
827,84,A,0.0113638006080267529973885540794883426339273176385950272659399,0.9744,True,True,True,True,tie,tie,True
828,84,A,0.0101468504560200647480414155596162569754454882289462704494549,0.9744,True,True,True,True,rebound,rebound,False
829,83,B,0.0092341378420150485610310616697121927315841161717097028370912,0.9744,True,True,True,True,contraction,contraction,False
830,84,A,0.0108427476122783568134293432335960057436981426447568533323627,0.9744,True,True,True,True,rebound,rebound,False
831,83,B,0.00975606070920876761007200742519700430777360698356763999927204,0.9744,True,True,True,True,contraction,contraction,False
832,84,A,0.0113638006080267529973885540794883426339273176385950272659399,0.9744,True,True,True,True,tie,tie,True
833,84,A,0.0101468504560200647480414155596162569754454882289462704494549,0.9744,True,True,True,True,rebound,rebound,False
834,83,B,0.0092341378420150485610310616697121927315841161717097028370912,0.9744,True,True,True,True,contraction,contraction,False
835,84,A,0.0108427476122783568134293432335960057436981426447568533323627,0.9744,True,True,True,True,rebound,rebound,False
836,83,B,0.00975606070920876761007200742519700430777360698356763999927204,0.9744,True,True,True,True,contraction,contraction,False
837,84,A,0.0113638006080267529973885540794883426339273176385950272659399,0.9744,True,True,True,True,tie,tie,True
838,84,A,0.0101468504560200647480414155596162569754454882289462704494549,0.9744,True,True,True,True,rebound,rebound,False
839,83,B,0.0092341378420150485610310616697121927315841161717097028370912,0.9744,True,True,True,True,contraction,contraction,False
840,84,A,0.0108427476122783568134293432335960057436981426447568533323627,0.9744,True,True,True,True,rebound,rebound,False
841,83,B,0.00975606070920876761007200742519700430777360698356763999927204,0.9744,True,True,True,True,contraction,contraction,False
842,84,A,0.0113638006080267529973885540794883426339273176385950272659399,0.9744,True,True,True,True,tie,tie,True
843,84,A,0.0101468504560200647480414155596162569754454882289462704494549,0.9744,True,True,True,True,rebound,rebound,False
844,83,B,0.0092341378420150485610310616697121927315841161717097028370912,0.9744,True,True,True,True,contraction,contraction,False
845,84,A,0.0108427476122783568134293432335960057436981426447568533323627,0.9744,True,True,True,True,rebound,rebound,False
846,83,B,0.00975606070920876761007200742519700430777360698356763999927204,0.9744,True,True,True,True,contraction,contraction,False
847,84,A,0.0113638006080267529973885540794883426339273176385950272659399,0.9744,True,True,True,True,tie,tie,True
848,84,A,0.0101468504560200647480414155596162569754454882289462704494549,0.9744,True,True,True,True,rebound,rebound,False
849,83,B,0.0092341378420150485610310616697121927315841161717097028370912,0.9744,True,True,True,True,contraction,contraction,False
850,84,A,0.0108427476122783568134293432335960057436981426447568533323627,0.9744,True,True,True,True,rebound,rebound,False
851,83,B,0.00975606070920876761007200742519700430777360698356763999927204,0.9744,True,True,True,True,contraction,contraction,False
852,84,A,0.0113638006080267529973885540794883426339273176385950272659399,0.9744,True,True,True,True,tie,tie,True
853,84,A,0.0101468504560200647480414155596162569754454882289462704494549,0.9744,True,True,True,True,rebound,rebound,False
854,83,B,0.0092341378420150485610310616697121927315841161717097028370912,0.9744,True,True,True,True,contraction,contraction,False
855,84,A,0.0108427476122783568134293432335960057436981426447568533323627,0.9744,True,True,True,True,rebound,rebound,False
856,83,B,0.00975606070920876761007200742519700430777360698356763999927204,0.9744,True,True,True,True,contraction,contraction,False
857,84,A,0.0113638006080267529973885540794883426339273176385950272659399,0.9744,True,True,True,True,tie,tie,True
858,84,A,0.0101468504560200647480414155596162569754454882289462704494549,0.9744,True,True,True,True,rebound,rebound,False
859,83,B,0.0092341378420150485610310616697121927315841161717097028370912,0.9744,True,True,True,True,contraction,contraction,False
860,84,A,0.0108427476122783568134293432335960057436981426447568533323627,0.9744,True,True,True,True,rebound,rebound,False
861,83,B,0.00975606070920876761007200742519700430777360698356763999927204,0.9744,True,True,True,True,contraction,contraction,False
862,84,A,0.0113638006080267529973885540794883426339273176385950272659399,0.9744,True,True,True,True,tie,tie,True
863,84,A,0.0101468504560200647480414155596162569754454882289462704494549,0.9744,True,True,True,True,rebound,rebound,False
864,83,B,0.0092341378420150485610310616697121927315841161717097028370912,0.9744,True,True,True,True,contraction,contraction,False
865,84,A,0.0108427476122783568134293432335960057436981426447568533323627,0.9744,True,True,True,True,rebound,rebound,False
866,83,B,0.00975606070920876761007200742519700430777360698356763999927204,0.9744,True,True,True,True,contraction,contraction,False
867,84,A,0.0113638006080267529973885540794883426339273176385950272659399,0.9744,True,True,True,True,tie,tie,True
868,84,A,0.0101468504560200647480414155596162569754454882289462704494549,0.9744,True,True,True,True,rebound,rebound,False
869,83,B,0.0092341378420150485610310616697121927315841161717097028370912,0.9744,True,True,True,True,contraction,contraction,False
870,84,A,0.0108427476122783568134293432335960057436981426447568533323627,0.9744,True,True,True,True,rebound,rebound,False
871,83,B,0.00975606070920876761007200742519700430777360698356763999927204,0.9744,True,True,True,True,contraction,contraction,False
872,84,A,0.0113638006080267529973885540794883426339273176385950272659399,0.9744,True,True,True,True,tie,tie,True
873,84,A,0.0101468504560200647480414155596162569754454882289462704494549,0.9744,True,True,True,True,rebound,rebound,False
874,83,B,0.0092341378420150485610310616697121927315841161717097028370912,0.9744,True,True,True,True,contraction,contraction,False
875,84,A,0.0108427476122783568134293432335960057436981426447568533323627,0.9744,True,True,True,True,rebound,rebound,False
876,83,B,0.00975606070920876761007200742519700430777360698356763999927204,0.9744,True,True,True,True,contraction,contraction,False
877,84,A,0.0113638006080267529973885540794883426339273176385950272659399,0.9744,True,True,True,True,tie,tie,True
878,84,A,0.0101468504560200647480414155596162569754454882289462704494549,0.9744,True,True,True,True,rebound,rebound,False
879,83,B,0.0092341378420150485610310616697121927315841161717097028370912,0.9744,True,True,True,True,contraction,contraction,False
880,84,A,0.0108427476122783568134293432335960057436981426447568533323627,0.9744,True,True,True,True,rebound,rebound,False
881,83,B,0.00975606070920876761007200742519700430777360698356763999927204,0.9744,True,True,True,True,contraction,contraction,False
882,84,A,0.0113638006080267529973885540794883426339273176385950272659399,0.9744,True,True,True,True,tie,tie,True
883,84,A,0.0101468504560200647480414155596162569754454882289462704494549,0.9744,True,True,True,True,rebound,rebound,False
884,83,B,0.0092341378420150485610310616697121927315841161717097028370912,0.9744,True,True,True,True,contraction,contraction,False
885,84,A,0.0108427476122783568134293432335960057436981426447568533323627,0.9744,True,True,True,True,rebound,rebound,False
886,83,B,0.00975606070920876761007200742519700430777360698356763999927204,0.9744,True,True,True,True,contraction,contraction,False
887,84,A,0.0113638006080267529973885540794883426339273176385950272659399,0.9744,True,True,True,True,tie,tie,True
888,84,A,0.0101468504560200647480414155596162569754454882289462704494549,0.9744,True,True,True,True,rebound,rebound,False
889,83,B,0.0092341378420150485610310616697121927315841161717097028370912,0.9744,True,True,True,True,contraction,contraction,False
890,84,A,0.0108427476122783568134293432335960057436981426447568533323627,0.9744,True,True,True,True,rebound,rebound,False
891,83,B,0.00975606070920876761007200742519700430777360698356763999927204,0.9744,True,True,True,True,contraction,contraction,False
892,84,A,0.0113638006080267529973885540794883426339273176385950272659399,0.9744,True,True,True,True,tie,tie,True
893,84,A,0.0101468504560200647480414155596162569754454882289462704494549,0.9744,True,True,True,True,rebound,rebound,False
894,83,B,0.0092341378420150485610310616697121927315841161717097028370912,0.9744,True,True,True,True,contraction,contraction,False
895,84,A,0.0108427476122783568134293432335960057436981426447568533323627,0.9744,True,True,True,True,rebound,rebound,False
896,83,B,0.00975606070920876761007200742519700430777360698356763999927204,0.9744,True,True,True,True,contraction,contraction,False
897,84,A,0.0113638006080267529973885540794883426339273176385950272659399,0.9744,True,True,True,True,tie,tie,True
898,84,A,0.0101468504560200647480414155596162569754454882289462704494549,0.9744,True,True,True,True,rebound,rebound,False
899,83,B,0.0092341378420150485610310616697121927315841161717097028370912,0.9744,True,True,True,True,contraction,contraction,False
900,84,A,0.0108427476122783568134293432335960057436981426447568533323627,0.9744,True,True,True,True,rebound,rebound,False
901,83,B,0.00975606070920876761007200742519700430777360698356763999927204,0.9744,True,True,True,True,contraction,contraction,False
902,84,A,0.0113638006080267529973885540794883426339273176385950272659399,0.9744,True,True,True,True,tie,tie,True
903,84,A,0.0101468504560200647480414155596162569754454882289462704494549,0.9744,True,True,True,True,rebound,rebound,False
904,83,B,0.0092341378420150485610310616697121927315841161717097028370912,0.9744,True,True,True,True,contraction,contraction,False
905,84,A,0.0108427476122783568134293432335960057436981426447568533323627,0.9744,True,True,True,True,rebound,rebound,False
906,83,B,0.00975606070920876761007200742519700430777360698356763999927204,0.9744,True,True,True,True,contraction,contraction,False
907,84,A,0.0113638006080267529973885540794883426339273176385950272659399,0.9744,True,True,True,True,tie,tie,True
908,84,A,0.0101468504560200647480414155596162569754454882289462704494549,0.9744,True,True,True,True,rebound,rebound,False
909,83,B,0.0092341378420150485610310616697121927315841161717097028370912,0.9744,True,True,True,True,contraction,contraction,False
910,84,A,0.0108427476122783568134293432335960057436981426447568533323627,0.9744,True,True,True,True,rebound,rebound,False
911,83,B,0.00975606070920876761007200742519700430777360698356763999927204,0.9744,True,True,True,True,contraction,contraction,False
912,84,A,0.0113638006080267529973885540794883426339273176385950272659399,0.9744,True,True,True,True,tie,tie,True
913,84,A,0.0101468504560200647480414155596162569754454882289462704494549,0.9744,True,True,True,True,rebound,rebound,False
914,83,B,0.0092341378420150485610310616697121927315841161717097028370912,0.9744,True,True,True,True,contraction,contraction,False
915,84,A,0.0108427476122783568134293432335960057436981426447568533323627,0.9744,True,True,True,True,rebound,rebound,False
916,83,B,0.00975606070920876761007200742519700430777360698356763999927204,0.9744,True,True,True,True,contraction,contraction,False
917,84,A,0.0113638006080267529973885540794883426339273176385950272659399,0.9744,True,True,True,True,tie,tie,True
918,84,A,0.0101468504560200647480414155596162569754454882289462704494549,0.9744,True,True,True,True,rebound,rebound,False
919,83,B,0.0092341378420150485610310616697121927315841161717097028370912,0.9744,True,True,True,True,contraction,contraction,False
920,84,A,0.0108427476122783568134293432335960057436981426447568533323627,0.9744,True,True,True,True,rebound,rebound,False
921,83,B,0.00975606070920876761007200742519700430777360698356763999927204,0.9744,True,True,True,True,contraction,contraction,False
922,84,A,0.0113638006080267529973885540794883426339273176385950272659399,0.9744,True,True,True,True,tie,tie,True
923,84,A,0.0101468504560200647480414155596162569754454882289462704494549,0.9744,True,True,True,True,rebound,rebound,False
924,83,B,0.0092341378420150485610310616697121927315841161717097028370912,0.9744,True,True,True,True,contraction,contraction,False
925,84,A,0.0108427476122783568134293432335960057436981426447568533323627,0.9744,True,True,True,True,rebound,rebound,False
926,83,B,0.00975606070920876761007200742519700430777360698356763999927204,0.9744,True,True,True,True,contraction,contraction,False
927,84,A,0.0113638006080267529973885540794883426339273176385950272659399,0.9744,True,True,True,True,tie,tie,True
928,84,A,0.0101468504560200647480414155596162569754454882289462704494549,0.9744,True,True,True,True,rebound,rebound,False
929,83,B,0.0092341378420150485610310616697121927315841161717097028370912,0.9744,True,True,True,True,contraction,contraction,False
930,84,A,0.0108427476122783568134293432335960057436981426447568533323627,0.9744,True,True,True,True,rebound,rebound,False
931,83,B,0.00975606070920876761007200742519700430777360698356763999927204,0.9744,True,True,True,True,contraction,contraction,False
932,84,A,0.0113638006080267529973885540794883426339273176385950272659399,0.9744,True,True,True,True,tie,tie,True
933,84,A,0.0101468504560200647480414155596162569754454882289462704494549,0.9744,True,True,True,True,rebound,rebound,False
934,83,B,0.0092341378420150485610310616697121927315841161717097028370912,0.9744,True,True,True,True,contraction,contraction,False
935,84,A,0.0108427476122783568134293432335960057436981426447568533323627,0.9744,True,True,True,True,rebound,rebound,False
936,83,B,0.00975606070920876761007200742519700430777360698356763999927204,0.9744,True,True,True,True,contraction,contraction,False
937,84,A,0.0113638006080267529973885540794883426339273176385950272659399,0.9744,True,True,True,True,tie,tie,True
938,84,A,0.0101468504560200647480414155596162569754454882289462704494549,0.9744,True,True,True,True,rebound,rebound,False
939,83,B,0.0092341378420150485610310616697121927315841161717097028370912,0.9744,True,True,True,True,contraction,contraction,False
940,84,A,0.0108427476122783568134293432335960057436981426447568533323627,0.9744,True,True,True,True,rebound,rebound,False
941,83,B,0.00975606070920876761007200742519700430777360698356763999927204,0.9744,True,True,True,True,contraction,contraction,False
942,84,A,0.0113638006080267529973885540794883426339273176385950272659399,0.9744,True,True,True,True,tie,tie,True
943,84,A,0.0101468504560200647480414155596162569754454882289462704494549,0.9744,True,True,True,True,rebound,rebound,False
944,83,B,0.0092341378420150485610310616697121927315841161717097028370912,0.9744,True,True,True,True,contraction,contraction,False
945,84,A,0.0108427476122783568134293432335960057436981426447568533323627,0.9744,True,True,True,True,rebound,rebound,False
946,83,B,0.00975606070920876761007200742519700430777360698356763999927204,0.9744,True,True,True,True,contraction,contraction,False
947,84,A,0.0113638006080267529973885540794883426339273176385950272659399,0.9744,True,True,True,True,tie,tie,True
948,84,A,0.0101468504560200647480414155596162569754454882289462704494549,0.9744,True,True,True,True,rebound,rebound,False
949,83,B,0.0092341378420150485610310616697121927315841161717097028370912,0.9744,True,True,True,True,contraction,contraction,False
950,84,A,0.0108427476122783568134293432335960057436981426447568533323627,0.9744,True,True,True,True,rebound,rebound,False
951,83,B,0.00975606070920876761007200742519700430777360698356763999927204,0.9744,True,True,True,True,contraction,contraction,False
952,84,A,0.0113638006080267529973885540794883426339273176385950272659399,0.9744,True,True,True,True,tie,tie,True
953,84,A,0.0101468504560200647480414155596162569754454882289462704494549,0.9744,True,True,True,True,rebound,rebound,False
954,83,B,0.0092341378420150485610310616697121927315841161717097028370912,0.9744,True,True,True,True,contraction,contraction,False
955,84,A,0.0108427476122783568134293432335960057436981426447568533323627,0.9744,True,True,True,True,rebound,rebound,False
956,83,B,0.00975606070920876761007200742519700430777360698356763999927204,0.9744,True,True,True,True,contraction,contraction,False
957,84,A,0.0113638006080267529973885540794883426339273176385950272659399,0.9744,True,True,True,True,tie,tie,True
958,84,A,0.0101468504560200647480414155596162569754454882289462704494549,0.9744,True,True,True,True,rebound,rebound,False
959,83,B,0.0092341378420150485610310616697121927315841161717097028370912,0.9744,True,True,True,True,contraction,contraction,False
960,84,A,0.0108427476122783568134293432335960057436981426447568533323627,0.9744,True,True,True,True,rebound,rebound,False
961,83,B,0.00975606070920876761007200742519700430777360698356763999927204,0.9744,True,True,True,True,contraction,contraction,False
962,84,A,0.0113638006080267529973885540794883426339273176385950272659399,0.9744,True,True,True,True,tie,tie,True
963,84,A,0.0101468504560200647480414155596162569754454882289462704494549,0.9744,True,True,True,True,rebound,rebound,False
964,83,B,0.0092341378420150485610310616697121927315841161717097028370912,0.9744,True,True,True,True,contraction,contraction,False
965,84,A,0.0108427476122783568134293432335960057436981426447568533323627,0.9744,True,True,True,True,rebound,rebound,False
966,83,B,0.00975606070920876761007200742519700430777360698356763999927204,0.9744,True,True,True,True,contraction,contraction,False
967,84,A,0.0113638006080267529973885540794883426339273176385950272659399,0.9744,True,True,True,True,tie,tie,True
968,84,A,0.0101468504560200647480414155596162569754454882289462704494549,0.9744,True,True,True,True,rebound,rebound,False
969,83,B,0.0092341378420150485610310616697121927315841161717097028370912,0.9744,True,True,True,True,contraction,contraction,False
970,84,A,0.0108427476122783568134293432335960057436981426447568533323627,0.9744,True,True,True,True,rebound,rebound,False
971,83,B,0.00975606070920876761007200742519700430777360698356763999927204,0.9744,True,True,True,True,contraction,contraction,False
972,84,A,0.0113638006080267529973885540794883426339273176385950272659399,0.9744,True,True,True,True,tie,tie,True
973,84,A,0.0101468504560200647480414155596162569754454882289462704494549,0.9744,True,True,True,True,rebound,rebound,False
974,83,B,0.0092341378420150485610310616697121927315841161717097028370912,0.9744,True,True,True,True,contraction,contraction,False
975,84,A,0.0108427476122783568134293432335960057436981426447568533323627,0.9744,True,True,True,True,rebound,rebound,False
976,83,B,0.00975606070920876761007200742519700430777360698356763999927204,0.9744,True,True,True,True,contraction,contraction,False
977,84,A,0.0113638006080267529973885540794883426339273176385950272659399,0.9744,True,True,True,True,tie,tie,True
978,84,A,0.0101468504560200647480414155596162569754454882289462704494549,0.9744,True,True,True,True,rebound,rebound,False
979,83,B,0.0092341378420150485610310616697121927315841161717097028370912,0.9744,True,True,True,True,contraction,contraction,False
980,84,A,0.0108427476122783568134293432335960057436981426447568533323627,0.9744,True,True,True,True,rebound,rebound,False
981,83,B,0.00975606070920876761007200742519700430777360698356763999927204,0.9744,True,True,True,True,contraction,contraction,False
982,84,A,0.0113638006080267529973885540794883426339273176385950272659399,0.9744,True,True,True,True,tie,tie,True
983,84,A,0.0101468504560200647480414155596162569754454882289462704494549,0.9744,True,True,True,True,rebound,rebound,False
984,83,B,0.0092341378420150485610310616697121927315841161717097028370912,0.9744,True,True,True,True,contraction,contraction,False
985,84,A,0.0108427476122783568134293432335960057436981426447568533323627,0.9744,True,True,True,True,rebound,rebound,False
986,83,B,0.00975606070920876761007200742519700430777360698356763999927204,0.9744,True,True,True,True,contraction,contraction,False
987,84,A,0.0113638006080267529973885540794883426339273176385950272659399,0.9744,True,True,True,True,tie,tie,True
988,84,A,0.0101468504560200647480414155596162569754454882289462704494549,0.9744,True,True,True,True,rebound,rebound,False
989,83,B,0.0092341378420150485610310616697121927315841161717097028370912,0.9744,True,True,True,True,contraction,contraction,False
990,84,A,0.0108427476122783568134293432335960057436981426447568533323627,0.9744,True,True,True,True,rebound,rebound,False
991,83,B,0.00975606070920876761007200742519700430777360698356763999927204,0.9744,True,True,True,True,contraction,contraction,False
992,84,A,0.0113638006080267529973885540794883426339273176385950272659399,0.9744,True,True,True,True,tie,tie,True
993,84,A,0.0101468504560200647480414155596162569754454882289462704494549,0.9744,True,True,True,True,rebound,rebound,False
994,83,B,0.0092341378420150485610310616697121927315841161717097028370912,0.9744,True,True,True,True,contraction,contraction,False
995,84,A,0.0108427476122783568134293432335960057436981426447568533323627,0.9744,True,True,True,True,rebound,rebound,False
996,83,B,0.00975606070920876761007200742519700430777360698356763999927204,0.9744,True,True,True,True,contraction,contraction,False
997,84,A,0.0113638006080267529973885540794883426339273176385950272659399,0.9744,True,True,True,True,tie,tie,True
998,84,A,0.0101468504560200647480414155596162569754454882289462704494549,0.9744,True,True,True,True,rebound,rebound,False
999,83,B,0.0092341378420150485610310616697121927315841161717097028370912,0.9744,True,True,True,True,contraction,contraction,False
