t,s,d,e,moved,worst,R,boundary,tie_exact,invariant_exact_ok,s_bound_ok,rebound
0,50,0.25,0.1156,0.1875,-0.039475,0.537342882198187664425606547793042969891844489915229465068693,False,,,True,False
1,58,0.210525,0.076125,0.19763125,-0.03003801,0.604427561979438726601649723611023414135731957224285492879324,False,,,True,False
2,64,0.18048699,0.04608699,0.2051217475,-0.0159338899815,0.759754673101675585749643983177249456391021554479089591219986,False,,,True,False
3,43,0.1645531000185,0.0301531000185,0.148638275004625,-0.0207938560361389625,0.597199520933537560324683038845262916371151378562321233610677,False,,,True,False
4,71,0.1437592439823610375,0.0093592439823610375,0.213439810995590259375,-0.01427082397117166450875,0.78791829172526718183542637401877313469788279701521397439242,False,,,True,False
5,54,0.12948842001118937299125,-0.00491157998881062700875,0.1673721050027973432478125,-0.011583323668962898902324,0.724940043851626458650944430893846779480286135840611288740267,False,,,True,False
6,76,0.117905096342226474088926,-0.016494903657773525911074,0.2194762740855566185222315,-0.00146832603094056537779713235,0.972387915970443549291846892061755294116354594652931281303033,False,,,True,False
7,38,0.11643677031128590871112886765,-0.01796322968871409128887113235,0.1241091925778214771777822169125,-0.0149683165179415366440419163265,0.587391255771481853275738099932513605238586137728399074712522,False,,,True,False
8,80,0.1014684537933443720670869513235,-0.0329315462066556279329130486765,0.225367113448336093016771737830875,0.006094288410284357155880363473380475,1.12824533138364586163754366812407229550059784263131222462576,False,,,True,True
9,61,0.107562742203628729222967314796880475,-0.026837257796371270777032685203119525,0.17939068555090718230574182869922011875,-0.0180207894114498993999964379377568678775,0.712042569665927830669137133474222585810441954146258645333114,False,,,True,False
10,46,0.0895419527921788298229708768591236071225,-0.0448580472078211701770291231408763928775,0.137385488198044707455742719214780901780625,-0.0063989359264891437067921611859217741158350625,0.751825593377069863248755184732091566065279783976133036442919,False,,,True,False
11,83,0.0831430168656896861161787156732018330066649375,-0.0512569831343103138838212843267981669933350625,0.228285754216422421529044678918300458251666234375,0.006479906305270897980457562407654429943278674475,1.1500149376625748990254238704665405424832775675872763372202,False,,,True,True
12,68,0.089622923170960584096636278080856262949943611975,-0.044777076829039415903363721919143737050056388025,0.19240573079274014602415906952021406573748590299375,-0.00019023448388582885008432922971984706123014193939,0.995613288500885782738553421026012052488514673803068902314288,False,,,True,False
13,34,0.08943268868707475524655194885113641588871347003561,-0.04496731131292524475344805114886358411128652996439,0.1073581721717686888116379872127841039721783675089025,-0.018688928038149110020884063921986438999155797931211989,0.471308232668707740444475064510024364547861476948904563395239,False,,,True,False
14,86,0.070743760648925645225667884929149976889557672104398011,-0.063656239351074354774332115070850023110442327895601989,0.23268594016223141130641697123228749422238941802609950275,0.0222802853837482004615899540335131814892534781718798143164,1.62238693252834696191362922447606881533765187829967141459314,False,,,False,True
15,52,0.0930240460326738456872578389626631583788111502762778253164,-0.0413759539673261543127421610373368416211888497237221746836,0.1532560115081684614218144597406657895947027875690694563291,-0.0219708698190079211748577246235041354470239617894587259501472,0.579109380011852791071057734218218117958604815506638349499455,False,,,True,False
16,74,0.0710531762136659245124001143391590229317871884868190993662528,-0.0633468237863340754875998856608409770682128115131809006337472,0.202763294053416481128100028584789755732946797121704774841563,0.00566639070292727301862333167857440660015538502245654937281561,1.13178633572902261679452219750106159701032477327599714024598,False,,,True,True
17,40,0.0767195669165931975310234460177334295319425735092756487390685,-0.0576804330834068024689765539822665704680574264907243512609315,0.119179891729148299382755861504433357382985643377318912184767,-0.0177952479293582716371756124726736845860622876832702188429867,0.522623837884827879294317800400947539561169725624632925689094,False,,,True,False
18,88,0.0589243189872349258938478335450597449458802858260054298960818,-0.0754756810127650741061521664549402550541197141739945701039182,0.23473107974680873147346195838626493623647007145650135747402,0.0262870400288474835249561053118038706580798293984682466174866,1.85747269645849791908046726529948749352273382715509478218601,False,,,False,True
19,58,0.0852113590160824094188039388568636156039601152244736765135685,-0.0491886409839175905811960611431363843960398847755263234864315,0.166302839754020602354700984714215903900990028806118419128392,-0.0183632552943232679945467333600096300707254615557861815224511,0.66168986573345016447306601343397778770720335460347018742271,False,,,True,False
20,30,0.0668481037217591414242572054968539855332346536686874949911174,-0.0675518962782408585757427945031460144667653463313125050088826,0.0917120259304397853560643013742134963833086634171718737477793,-0.0104091032210204635105489567309368924934300716458270113331025,0.601580088325849888100419868258132933502737683999791392900431,False,,,True,False
21,79,0.0564390005007386779137082487659170930398045820228604836580149,-0.0779609994992613220862917512340829069601954179771395163419851,0.211609750125184669478427062191479273259951145505715120914504,0.00647670988669639891749504132224667813874062477082335939421919,1.1397617268167178549005975273868160525991740783528294593977,False,,,True,True
22,48,0.0629157103874350768312032900881637711785452067936838430522341,-0.0714842896125649231687967099118362288214547932063161569477659,0.135728927596858769207800822522040942794636301698420960763059,-0.0137302239889439483169579569737544271585485704122415718335659,0.629316788900831214374060668365938565697781426468707872913715,False,,,True,False
23,90,0.0491854863984911285142453331144093440199966363814422712186682,-0.0852145136015088714857546668855906559800033636185577287813318,0.237296371599622782128561333278602336004999159095360567804667,0.0302030155369575464251273933733037520876864587505326181641615,2.24173363799080736616356144763702945041202544637441321812238,False,,,False,True
24,63,0.0793885019354486749393727264877130961076830951319748893828297,-0.0550114980645513250606272735122869038923169048680251106171703,0.177347125483862168734843181621928274026920773782993722345707,-0.00905046551304542714614344327456585049192275412312561719648839,0.820391921786451778703856842032331715977855691936003949791878,False,,,True,False
25,37,0.0703380364224032477932292832131472456157603410088492721863413,-0.0640619635775967522067707167868527543842396589911507278136587,0.110084509105600811948307320803286811403940085252212318046585,-0.0205770642630226427620927061926257949865181153000698490272546,0.521604658894801072465064162775455788901569805431661734301869,False,,,True,False
26,72,0.0497609721593806050311365770205214506292422257087794231590867,-0.0846390278406193949688634229794785493707577742912205768409133,0.192440243039845151257784144255130362657310556427194855789772,-0.00195952759946617688576141222416139899258452551179854899042145,0.950876104641586461399875549002575117164542003300844751598571,False,,,True,False
27,27,0.0478014445599144281453751647963600516366577001969808741686652,-0.0865985554400855718546248352036399483633422998030191258313348,0.0794503611399786070363437911990900129091644250492452185421663,-0.00541381132112478116979374712006858913617933822482938861002809,0.618940897354917164001595329967869849906435986945208452800539,False,,,True,False
28,91,0.0423876332387896469755814176762914625004783619721514855586371,-0.0920123667612103530244185823237085374995216380278485144413629,0.238096908309697411743895354419072865625119590493037871389659,0.0321964389387898198323504650872403236904784535769762044292389,2.19481346237703010079879517054938579170810686490075527347391,False,,,False,True
29,54,0.074584072177579466807931882763531786190956815549127689987876,-0.059815927822420533192068117236468213809043184450872310012124,0.153646018044394866701982970690882946547739203887281922496969,-0.0237031742577095820593107544557119942019381860859350691041282,0.587854156887960204872168076196330523295630288097843266951709,False,,,True,False
30,77,0.0508808979198698847486211283078197919890186294631926208837478,-0.0835191020801301152513788716921802080109813705368073791162522,0.205220224479967471187155282076954947997254657365798155220937,0.0162640273524129869261566183955417537376885297904359216064061,1.48221687966897405303631454787941187515864682923501002734959,False,,,True,True
31,42,0.0671449252722828716747777467033615457267071592536285424901539,-0.0672550747277171283252222532966384542732928407463714575098461,0.121786231318070717918694436675840386431676789813407135622538,-0.0265275154157357475920914257816444291919505458954606995879854,0.504987123403530339439374784882699880883798113672332962372997,False,,,True,False
32,84,0.0406174098565471240826863209217171165347566133581678429021685,-0.0937825901434528759173136790782828834652433866418321570978315,0.220154352464136781020671580230429279133689153339541960725542,0.023918923551524478090140710158788509714577718736678249311424,1.89144360752118401071507835106774246435221936455517051469233,False,,,True,True
33,50,0.0645363334080716021728270310805056262493343320948460922135925,-0.0698636665919283978271729689194943737506656679051539077864075,0.141134083352017900543206757770126406562333583023711523053398,-0.0207137317303816901488513400473493117995909163536103664922801,0.60287133330380096464809592353416212034739733918639446393161,False,,,True,False
34,29,0.0438226016776899120239756910331563144497434157412357257213125,-0.0905773983223100879760243089668436855502565842587642742786875,0.0834556504194224780059939227582890786124358539353089314303281,-0.0083262625283366830783099341784159410487167246885079743182596,0.658884966149803070650749150895593044866248161792560199011312,False,,,True,False
35,93,0.0354963391493532289456657568547403734010266910527277514030529,-0.0989036608506467710543342431452596265989733089472722485969471,0.241374084787338307236416439213685093350256672763181937850763,0.0387032019846041067726895391658447606852413977974792529872627,3.43117360230719036994366151524207907291888756442759480171931,False,,,False,True
36,64,0.0741995411339573357183552960205851340862680888502070043903156,-0.0602004588660426642816447039794148659137319111497929956096844,0.178549885283489333929588824005146283521567022212551751097579,-0.0152263018141325897229675136874642737808601253490858313493068,0.738705788429293782875026217922619495421924746241717138835752,False,,,True,False
37,39,0.0589732393198247459953877823331208603054079635011211730410088,-0.0754267606801752540046122176668791396945920364988788269589912,0.112243309829956186498846945583280215076351990875280293260252,-0.0147499660773828443028440007723521511905983328862399740231562,0.610731884524480254325794007581397295957337550222517245597155,False,,,True,False
38,73,0.0442232732424419016925437815607687091148096306148811990178525,-0.0901767267575580983074562184392312908851903693851188009821475,0.193555818310610475423135945390192177278702407653720299754463,-0.00208992600648066269290248788380539753187185652689705976620301,0.958018507429401634826283392652915377764172590386739989190103,False,,,True,False
39,56,0.0421333472359612389996412936769633115829377740879841392516495,-0.0922666527640387610003587063230366884170622259120158607483505,0.150533336808990309749910323419240827895734443521996034812912,-0.00758531246439044290363659502156284484030164729275193957757019,0.782824991524924379800682426009598392266205738356267616574027,False,,,True,False
40,23,0.0345480347715707960960046986554004667426361267952321996740793,-0.0998519652284292039039953013445995332573638732047678003259207,0.0661370086928926990240011746638501166856590316988080499185198,-0.00256993027856433946327895176936841902495781291505852703670738,0.741736619397699558210175161002763588711867557449973084180159,False,,,True,False
41,89,0.031978104493006456632725746886032047717678313880173672637372,-0.102421895506993543367274253113967952282321686119826327362628,0.230494526123251614158181436721508011929419578470043418159343,0.0187743870069873774042949934916702855876557483431018707703627,1.48789412300804815944267840422246138796244681608796861104045,False,,,False,True
42,46,0.0507524914999938340370207403777023333053340622232755434077346,-0.0836475085000061659629792596222976666946659377767244565922654,0.127688122874998458509255185094425583326333515555818885851934,-0.0148337609496623650116157769983644670854261285887411397920926,0.623405759980373441412978391446943490596280381690215553625487,False,,,True,False
43,81,0.035918730550331469025404963379337866219907933634534403615642,-0.098481269449668530974595036620662133780092066365465596384358,0.21147968263758286725635124084483446655497698340863360090391,0.0146981867179647944678914361281943492709065402454734100848917,1.45395030474046119793774821320368020202838259633588075517205,False,,,True,True
44,34,0.0506169172682962634932963995075322154908144738800078137005337,-0.0837830827317037365067036004924677845091855261199921862994663,0.0976542293170740658733240998768830538727036184700019534251334,-0.0152232648066999205976558107206450263622891752729232853244259,0.58673657837283190781392113207261140088772241420388162200027,False,,,True,False
45,67,0.0353936524615963428956405887868871891285252986070845283761078,-0.0990063475384036571043594112131128108714747013929154716238922,0.176348413115399085723910147196721797282131324651771132094027,-0.00717309114567705861630957148174167008619762302445415627993686,0.798831939122439697301612314991442259987104542172688722469816,False,,,True,False
46,94,0.028220561315919284279331017305145519042327675582630372096171,-0.106179438684080715720668982694854480957672324417369627903829,0.242055140328979821069832754326286379760581918895657593024043,0.0464027917718506242632583035627310463297345526860857450054463,4.29406479622247874379705567075768774731086481345894255829965,False,,,False,True
47,51,0.0746233530877699085425893208678765653720622282687161171016172,-0.0597766469122300914574106791321234346279377717312838828983828,0.146155838271942477135647330216969141343015557067179029275404,-0.0253589501110914914628432846266969823345131678563244867945201,0.56560908181083153907156556644825823083277999865468999323242,False,,,True,False
48,29,0.0492644029766784170797460362411795830375490604123916303070971,-0.0851355970233215829202539637588204169624509395876083696929029,0.0848161007441696042699365090602948957593872651030979075767743,-0.0097072556193258026190309708040678007722646941431761718338444,0.622393335449652353099642798447821848006494069151574567992007,False,,,True,False
49,75,0.0395571473573526144607150654371117822652843662692154584732527,-0.0948428526426473855392849345628882177347156337307845415267473,0.197389286839338153615178766359277945566321091567303864618313,0.00138352643114118039634022062446662352458807416545518671220162,1.02983992581056588153961439219314586064094355974749740880182,False,,,True,True
50,59,0.0409406737884937948570552860615784057898724404346706451854543,-0.0934593262115062051429447139384215942101275595653293548145457,0.157735168447123448714263821515394601447468110108667661296364,-0.0101399167402625342472120961085074907596048353553652404359754,0.784660787369150783571243728437430366679277699939244671933527,False,,,True,False
51,22,0.0308007570482312606098431899530709150302676050793054047494789,-0.103599242951768739390156810046929084969732394920694595250521,0.0627001892620578151524607974882677287575669012698263511873697,-0.00428031767548495091851014897007500467761622469863006001607765,0.631372290782706090319226746204319402866355323487636034768853,False,,,True,False
52,87,0.0265204393727463096913330409829959103526513803806753447334013,-0.107879560627253690308666959017004089647348619619324655266599,0.22413010984318657742283326024574897758816284509516883618335,0.023608793208340431454173411285319332921041645469898490048727,1.7543545855773659292387566066254851851764482444648527191218,False,,,False,True
53,43,0.0501292325810867411455064522683152432736930258505738347821283,-0.0842707674189132588544935477316847567263069741494261652178717,0.120032308145271685286376613067078810818423256462643458695532,-0.0218336283454930117583400357510419439917205818436799316730831,0.542516566513354563259562718314272449743791493635259558482984,False,,,True,False
54,70,0.0282956042355937293871664165172732992819724440068939031090452,-0.106104395764406270612833583482726700718027555993106096890955,0.182073901058898432346791604129318324820493111001723475777261,0.00110642713000773697047687106222307355995653857229139753816454,1.02833034243118332408096654195290911061200521989223919658705,False,,,True,True
55,33,0.0294020313656014663576432875794963728419289825791853006472097,-0.10499796863439853364235671242050362715807101742081469935279,0.0898505078414003665894108218948740932104822456447963251618024,-0.00523843238428010656211468959112631742132563029123214794852599,0.504693856066488089175646397872268278233239776991770263393127,False,,,True,False
56,95,0.0241635989813213597955285979883700554206033522879531526986837,-0.110236401018678640204471402011629944579396647712046847301316,0.243540899745330339948882149497092513855150838071988288174671,0.036499897409746919865628342865003725182190671005365825343133,2.53359915945448725175697874629012006585703686969602791001211,False,,,False,True
57,54,0.0606634963910682796611569408533737806027940232933189780418167,-0.0737365036089317203388430591466262193972059767066810219581833,0.150165874097767069915289235213343445150698505823329744510454,-0.0212217178572243126521075545523853774707272312093645925278722,0.60025446753558886655690313656708580316554677714323268031754,False,,,True,False
58,78,0.0394417785338439670090493863009884031320667920839543855139446,-0.0949582214661560329909506136990115968679332079160456144860554,0.204860444633460991752262346575247100783016698020988596378486,0.0179901222803526123153277968202404384655769643607111401912496,1.59510339130178275218761087115646080217454736118059877162249,False,,,True,True
59,39,0.0574319008141965793243771831212288415976437564446655257051941,-0.0769680991858034206756228168787711584023562435553344742948059,0.111857975203549144831094295780307210399410939111166381426299,-0.0254158691885105995441823579160764212508798586200774471465122,0.506656921097056166474196743285717626631182693336256676569445,False,,,True,False
60,63,0.0320160316256859797801948252051524203467638978245880785586819,-0.102383968374314020219805174794847579653236102175411921441318,0.16550400790642149494504870630128810508669097445614701963967,-0.00209892987678227885704451414563549800639170290106601913468881,0.933715369467716324413929610506880016430105419763616931911199,False,,,True,False
61,23,0.0299171017489037009231503110595169223403721949235220594239931,-0.104482898251096299076849688940483077659627805076477940576007,0.0649792754372259252307875777648792305850930487308805148559983,-0.00588407494973205922303836189406407123066575697149149709085312,0.538107743296787794754616998368885985432213667628042199287922,False,,,True,False
62,92,0.02403302679917164170011194916545285110970643795203056233314,-0.11036697320082835829988805083454714889029356204796943766686,0.236008256699792910425027987291363212777426609488007640583285,0.0291960660268381986887772866945824534508285144441794023209812,1.98031282407343112930458035132645487438802627130922700418808,False,,,False,True
63,49,0.0532290928260098403888892358600353045605349523962099646541213,-0.0811709071739901596111107641399646954394650476037900353458787,0.13580727320650246009722230896500882614013373809905249116353,-0.0189315751712958158143227086892003968010783511168390339211784,0.592659903067403115580165543539886841577987650427875773535813,False,,,True,False
64,73,0.0342975176547140245745665271708349077594566012793709307329429,-0.100102482345285975425433472829165092240543398720629069267057,0.191074379413678506143641631792708726939864150319842732683236,0.00748726857203698274048017045045354241081024450625337730096191,1.22381262435131940945740523453727925357378930625497696383252,False,,,True,True
65,32,0.0417847862267510073150466976212884501702668457856243080339048,-0.0926152137732489926849533023787115498297331542143756919660952,0.0904461965566877518287616744053221125425667114464060770084762,-0.015859353445806151220360877831564720330686436554598309160006,0.464388146600112388072066295163567885602534318482792635211809,False,,,True,False
66,84,0.0259254327809448560946858197897237298395804092310259988738988,-0.108474567219055143905314180210276270160419590768974001126101,0.216481358195236214023671454947430932459895102307756499718475,0.0200820135635269537593234210472395341108208056543750782033362,1.60380702162854932077218389976940155336640616651562982035026,False,,,True,True
67,56,0.0460074463444718098540092408369632639504012148854010770772349,-0.0883925536555281901459907591630367360495987851145989229227651,0.151501861586117952463502310209240815987600303721350269269309,-0.0145820154344237808275514057039683385121650568176079488857497,0.689802217704002794190558954925684728463366959447731509364647,False,,,True,False
68,26,0.0314254309100480290264578351329949254382361580677931281914853,-0.102974569089951970973542164867005074561763841932206871808515,0.0728563577275120072566144587832487313595590395169482820478713,-0.0112168622186572111874984222404804595115573832580852937242633,0.477734535578177587607637232880687201065579000755066215726014,False,,,True,False
69,96,0.020208568691390817838959412892514465926678774809707834467222,-0.114191431308609182161040587107485534073321225190292165532778,0.245052142172847704459739853223128616481669693702426958616805,0.0422428210274118178961481147400080001178657973191918619971112,4.11644059871434175062517467966971389944694337836828086887713,False,,,False,True
70,46,0.0624513897188026357351075276325224660445445721288996964643332,-0.0719486102811973642648924723674775339554554278711003035356668,0.130612847429700658933776881908130616511136143032224924116083,-0.0153367737499087577119478070242232333094388355650971990208116,0.651500483945884764940197207606332612497994394520862009794277,False,,,True,False
71,68,0.0471146159688938780231597206082992327351057365638024974435216,-0.0872853840311061219768402793917007672648942634361975025564784,0.18177865399222346950578993015207480818377643414095062436088,-0.00858531231592950328068774467755952966045872297189005943553656,0.830090515109028415143110292027564706995235205376149120994806,False,,,True,False
72,36,0.038529303652964374742471975930739703074647013591912438007985,-0.095870696347035625257528024069260296925352986408087561992015,0.0996323259132410936856179939826849257686617533979781095019963,-0.00774605873063616946011938981753072760634774477287186611037817,0.67039595775728462191510173649672997301553367358226159898971,False,,,True,False
73,81,0.0307832449223282052823525861132089754682992688190405718976069,-0.103616755077671794717647413886791024531700731180959428102393,0.210195811230582051320588146528302243867074817204760142974402,0.00921702937161799102242280134568585510561870385583409468148081,1.22140706422471179028377684427561489077760194227087360486998,False,,,True,True
74,59,0.0400002742939461963047753874588948305739179726748746665790877,-0.0943997257060538036952246125411051694260820273251253334209123,0.157500068573486549076193846864723707643479493168718666644772,-0.00705360318817892554094496463163639141619650491163755380428034,0.803664921199248074656528918856018188890841715773716152097361,False,,,True,False
75,23,0.0329466711057672707638304228272584391577214677632371127748073,-0.101453328894232729236169577172741560842278532236762887225193,0.0657366677764418176909576057068146097894303669408092781937018,-0.0105112239744682113853562769948218270516450983629133361349035,0.416528667899644401011228901522102416979483795424583315087264,False,,,True,False
76,89,0.0224354471312990593784741458324366121060763694003237766399039,-0.111964552868700940621525854167563387893923630599676223360096,0.228108861782824764844618536458109153026519092350080944159976,0.0280550489705460511237562826367249977708226320189981438644325,1.98750345835703641094356800986272649982375523173141766940104,False,,,False,True
77,48,0.0504904961018451105022304284691616098768990014193219205043364,-0.0839095038981548894977695715308383901231009985806780794956636,0.132622624025461277625557607117290402469224750354830480126084,-0.0204251844779388397019644281873355829655114864054121299823569,0.576082351556341950822199639468897041477619299444691620753632,False,,,True,False
78,72,0.0300653116239062708002660002818260269113875150139097905219794,-0.104334688376093729199733999718173973088612484986090209478021,0.187516327905976567700066500070456506727846878753477447630495,0.00816733987831529296353986218698697399461641346037165613566968,1.25578041729087894023414076885233054433469870024859152019061,False,,,True,True
79,32,0.0382326515022215637638058624688130009060039284742814466576491,-0.0961673484977784362361941375311869990939960715257185533423509,0.0895581628755553909409514656172032502265009821185703616644123,-0.0206689787558528952287749994470708605717667323028220330518105,0.44594275383345050440860913253493921893779839997506485237761,False,,,True,False
80,94,0.0175636727463686685350308630217421403342371961714594136058386,-0.116836327253631331464969136978257859665762803828540586394161,0.23939091818659216713375771575543553508355929904286485340146,0.0431554947231484249433218663084968116941152958131941355858036,3.72813486880300564747901891729224327498050805589989257690461,False,,,False,True
81,54,0.0607191674695170934783527293302389520283524919846535491916421,-0.0736808325304829065216472706697610479716475080153464508083579,0.150179791867379273369588182332559738007088122996163387297911,-0.0223324657100831629242723959205185490079162175382513058832597,0.615909912725322284818512576707539006851154386135727713180408,False,,,True,False
82,65,0.0383867017594339305540803334097204030204362744464022433083825,-0.0960132982405660694459196665902795969795637255535977566916175,0.172096675439858482638520083352430100755109068611600560827096,0.00222322451129445190672083358248917331571591443098722456609858,1.07013983631939224242144987118746114851252048004132417746211,False,,,True,True
83,27,0.0406099262707283824608011669922095763361521888773894678744811,-0.0937900737292716175391988330077904236638478111226105321255189,0.0776524815676820956152002917480523940840380472193473669686203,-0.0156013110481980038887107593200828319338248800797558717140683,0.447448942657516556493533172096991176203352194269286534036302,False,,,True,False
84,83,0.0250086152225303785720904076721267444023273087976335961604128,-0.109391384777469621427909592327873255597672691202366403839587,0.213752153805632594643022601918031686100581827199408399040103,0.0203430006910120013532830806159918695577736187541741765561372,1.64270079676473606338364696896618735888140127953883080766586,False,,,True,True
85,42,0.0453516159135423799253734882881186139601009275518077727165499,-0.0890483840864576200746265117118813860398990724481922272834501,0.116337903978385594981343372072029653490025231887951943179137,-0.0236032144351352803990431130759521191753813235703328319084543,0.499980399635232404310990780069555251795100758082933679843123,False,,,True,False
86,76,0.0217484014784070995263303752121664947847196039814749408080957,-0.112651598521592900473669624787833505215280396018525059191904,0.195437100369601774881582593803041623696179900995368735202024,0.0115870219128414746363812915087019083004741049363022371727208,1.50696871454791311045937839779213677214033101751013766015859,False,,,True,True
87,34,0.0333354233912485741627116667208684030851937089177771779808165,-0.101064576608751425837288333279131596914806291082222822019184,0.0933338558478121435406779166802171007712984272294442944952041,-0.0171559493396083960536257929815906610068517783846288008235652,0.514848352715646634549868763143730028584714891944183150429462,False,,,True,False
88,97,0.0161794740516401781090858737392777420783419305331483771572513,-0.118220525948359821890914126260722257921658069466851622842749,0.246544868512910044527271468434819435519585482633287094289313,0.0509160771223125682033531597163664839502609044720111249877442,6.51513941557626304804629385091055188457960125580328676017593,False,,,False,True
89,57,0.0670955511739527463124390334556442260286028350051595021449955,-0.0673044488260472536875609665443557739713971649948404978550045,0.159273887793488186578109758363911056507150708751289875536249,-0.0223585436755814577965001592396650374088237625758420663892526,0.638925105461108986406145920097341071571949023108372911826331,False,,,True,False
90,46,0.0447370074983712885159388742159791886197790724293174357557429,-0.0896629925016287114840611257840208113802209275706825642442571,0.126184251874592822128984718553994797154944768107329358938936,-0.0135658373245658193606945787157095896858418416135407390528855,0.651826529018179754254502636392227997213453003635115766880705,False,,,True,False
91,79,0.0311711701738054691552442955002695989339372308157766967028574,-0.103228829826194530844755704499730401066062769184223303297143,0.205292792543451367288811073875067399733484307703944174175714,0.0148506453339021575885090794968908278269914460970338688758926,1.6330930717821847204150461382879194005971477177295520015078,False,,,True,True
92,28,0.0460218155077076267437533749971604267609286769128105655787499,-0.0883781844922923732562466250028395732390713230871894344212501,0.0815054538769269066859383437492901066902321692282026413946875,-0.0178634902386482726797167347027799512780432046270211724315868,0.503247013614120378344413076097503132710364685091070156346519,False,,,True,False
93,67,0.0281583252690593540640366402943804754828854722857893931471632,-0.106241674730940645935963359705619524517114527714210606852837,0.174539581317264838516009160073595118870721368071447348286791,-0.00614257289891126980375466456604179521938836900722319300317438,0.855468261587420685720178999962204426244354630917309961414804,False,,,True,False
94,88,0.0220157523701480842602819757283386802634971032785662001439888,-0.112384247629851915739718024271661319736502896721433799856011,0.225503938092537021065070493932084670065874275819641550035997,0.0380186607049128605876934875580961692417592990421056680957544,3.44058224104810195169345146557729584095604250364757528754492,False,,,False,True
95,40,0.0600344130750609448479754632864348495052564023206718682397432,-0.0743655869249390551520245367135651504947435976793281317602568,0.115008603268765236211993865821608712376314100580167967059936,-0.0275737189980864929170498608601165622719926874411069124436468,0.501409282026010580465556765249530375120658216912844926046599,False,,,True,False
96,60,0.0324606940769744519309256024263182872332637148795649557960964,-0.101939305923025548069074397573681712766736285120435044203904,0.158115173519243612982731400606579571808315928719891238949024,-0.00523142024140934947184338825566182782084439704283571499479306,0.835985962214664780997495898367562987935593376464940790681964,False,,,True,False
97,21,0.0272292738355651024590822141706564594124193178367292408013033,-0.107170726164434897540917785829343540587580682163270759198697,0.0593073184588912756147705535426641148531048294591823102003258,-0.0101101912209951988190445753945247656362244550268893998289677,0.426094882422440177052611318977086022925745724339244296125573,False,,,True,False
98,91,0.0171190826145699036400376387761316937761948628098398409723356,-0.117280917385430096359962361223868306223805137190160159027664,0.231779770653642475910009409694032923444048715702459960243084,0.0325473272826525046912002452662630030311527659917870582702973,2.28151114955899347038084549598432554421268579316733658015198,False,,,False,True
99,50,0.0496664098972224083312378840423946968073476288016268992426329,-0.0847335901027775916687621159576053031926523711983731007573671,0.137416602474305602082809471010598674201836907200406724810658,-0.0187470497660931002727487824157126725392187717343339680622808,0.599813525513034455038311466906103793246909714771873181271461,False,,,True,False
100,73,0.0309193601311293080584891016266820242681288570672929311803522,-0.103480639868870691941510898373317975731871142932707068819648,0.190229840032782327014622275406670506067032214266823232795088,0.00985864951517767353821644665425043185317840610866542424879035,1.31362170352788027668477659385300765245406379726647912177969,False,,,True,True
101,33,0.0407780096463069815967055482809324561213072631759583554291425,-0.0936219903536930184032944517190675438786927368240416445708575,0.0926945024115767453991763870702331140303268157939895888572856,-0.0247063844217171507188446944690409374174975362600463740761431,0.435805833411179397534548578221440970109886469516506866647958,False,,,True,False
102,85,0.0160716252245898308778608538118915187038097269159119813529994,-0.118328374775410169122139146188108481296190273084088018647001,0.21651790630614745771946521345297287967595243172897799533825,0.0272851185722492023649110179824970406052991603575583234374377,2.15530373871412133444290062297499661331458642104035879479718,False,,,False,True
103,45,0.0433567437968390332427718717943885593091088872734703047904371,-0.0910432562031609667572281282056114406908911127265296952095629,0.123339185949209758310692967948597139827277221818367576197609,-0.0211564306368398977347316791997461500158040301122594164110624,0.574874711985918343583746617432426703392318388240496902657191,False,,,True,False
104,64,0.0222003131599991355080401925946424092933048571612108883793748,-0.112199686840000864491959807405357590706695142838789111620625,0.165550078289999783877010048148660602323326214290302722094844,0.00252794276209742257469332283406632629718752182529670140694736,1.10532207574869785141595597868680980887137790386145839898263,False,,,True,True
105,22,0.0247282559220965580827335154287087355904923789865075897863221,-0.109671744077903441917266484571291264409507621013492410213678,0.0611820639805241395206833788571771838976230947466268974465805,-0.0110417691078770136149383856791192957184928848525193170600562,0.347371701655826738877976764494035807807971944576566977127246,False,,,True,False
106,97,0.013686486814219544467795129749589439871999494133988272726266,-0.120713513185780455532204870250410560128000505866011727273734,0.245921621703554886116948782437397359967999873533497068181566,0.0416656244191897843247670373071348642511699639309891210299165,3.21460019976554851245830535477196946630351059005431394592251,False,,,False,True
107,54,0.0553521112334093287925621670567243041231694580649773937561824,-0.0790478887665906712074378329432756958768305419350226062438176,0.148838027808352332198140541764181076030792364516244348439046,-0.0193873930837741799512135121006634421420031633452709354617211,0.626616070726345740162180361261965418664183642421783799884707,False,,,True,False
108,75,0.0359647181496351488413486549560608619811662947197064582944613,-0.0984352818503648511586513450439391380188337052802935417055387,0.196491179537408787210337163739015215495291573679926614573615,0.0161116846437029337944754098322943718645261028371141301289266,1.55851540288656942333638697501561517376220238447710084461534,False,,,True,True
109,36,0.0520764027933380826358240647883552338456923975568205884233879,-0.0823235972066619173641759352116447661543076024431794115766121,0.103019100698334520658956016197088808461423099389205147105847,-0.0298326645894333543530242083058675595753640766793082414146215,0.436111351841539689745239115556268789544011932178130143974098,False,,,True,False
110,81,0.0222437382039047282827998564824876742703283208775123470087665,-0.112156261796095271717200143517512325729671679122487652991234,0.208060934550976182070699964120621918567582080219378086752192,0.0222310875859270180223165425659285935850861423326537930019971,1.98828269428440484446493746182402924935282029532377550232541,False,,,True,True
111,47,0.0444748257898317463051163990484162678554144632101661400107636,-0.0899251742101682536948836009515837321445855367898338599892364,0.128618706447457936576279099762104066963853615802541535002691,-0.019394167043112034626760276011620955890361622248331653487468,0.558494787522693613147835136399701383774407971412772523075278,False,,,True,False
112,24,0.0250806587467197116783561230367953119650528409618344865232956,-0.109319341253280288321643876963204688034947159038165513476704,0.0662701646866799279195890307591988279912632102404586216308239,-0.00893706501523519720190764951422950947850568611554782771534891,0.539527833576369488760055831739582883787286654171786645584347,False,,,True,False
113,93,0.0161435937314845144764484735225658024865471548462866588079467,-0.118256406268515485523551526477434197513452845153713341192053,0.236535898432871128619112118380641450621636788711571664701987,0.0390404903656431257008044850059882533684880705884292249537108,3.3276112201143305218648040837095270684779771991658202969516,False,,,False,True
114,61,0.0551840840971276401772529585285540558550352254347158837616575,-0.0792159159028723598227470414714459441449647745652841162383425,0.166296021024281910044313239632138513963758806358678970940414,-0.0151671988344205086795013148473993235641887592841066158938188,0.723798770224731406768268724123370759731324510063647059488521,False,,,True,False
115,39,0.0400168852627071314977516436811547322908464661506092678678387,-0.0943831147372928685022483563188452677091535338493907321321613,0.10750422131567678287443791092028868307271161653765231696696,-0.0148994348982226048179475850127924043612826176054394640464356,0.601115957306886982419275895212579809805035585130426941582694,False,,,True,False
116,71,0.0251174503644845266798040586683623279295638485451698038214031,-0.109282549635515473320195941331637672070436151454830196178597,0.183779362591121131669951014667090581982390962136292450955351,0.000678665762572585769519903097223525148633696628402833242828959,1.02166383055514201198648258441665616145083768461681828155199,False,,,True,True
117,27,0.0257961161270571124493239617655858530781975451735726370642321,-0.108603883872942887550676038234414146921802454826427362935768,0.073949029031764278112330990441396463269549386293393159266058,-0.00960094416183887728042011099143247649865258964973472015151454,0.478738286504051523174191005612247522299999946891427106901117,False,,,True,False
118,87,0.0161951719652182351689038507741533765795449555238379169127175,-0.118204828034781764831096149225846623420455044476162083087282,0.221548792991304558792225962693538344144886238880959479228179,0.0262963059893869812251857566247788361488599992988778178465942,1.906698113765145045633454263901424122520141212336238286174,False,,,False,True
119,52,0.0424914779546052163940896073989322127284049548227157347593117,-0.0919085220453947836059103926010677872715950451772842652406883,0.140622869488651304098522401849733053182101238705678933689828,-0.0216985642891844312204474257690704116024149339024529193190572,0.573680651600040978250529152195883591911751588353296623864919,False,,,True,False
120,18,0.0207929136654207851736421816298618011259900209202628154402545,-0.113607086334579214826357818370138198874009979079737184559745,0.0501982284163551962934105454074654502814975052300657038600636,-0.00576112946944248193958221430496304222144083980037856041018233,0.604534782688153698805989094629539270545255920615633483338127,False,,,True,False
121,78,0.0150317841959783032340599673248987589045491811198842550300722,-0.119368215804021696765940032675101241095450818880115744969928,0.198757946048994575808514991831224689726137295279971063757518,0.0117726630909543888759760375209354031055998207042950644279285,1.32090765933739925920280853262078209096500715681040357973548,False,,,True,True
122,43,0.0268044472869326921100360048458341620101490018241793194580007,-0.107595552713067307889963995154165837989850998175820680541999,0.1142011118217331730275090012114585405025372504560448298645,-0.0147636642768354357896147853705988858033353282976698553020453,0.567717256484872766661477438233144141305176757970335039266764,False,,,True,False
123,96,0.0120407830100972563204212194752352762068136735265094641559554,-0.122359216989902743679578780524764723793186326473490535844045,0.243010195752524314080105304868808819051703418381627366038989,0.0457896446131201773080181256918461309327447661580571067519828,4.88471868984686429037094241947706255460053121977930584750886,False,,,False,True
124,58,0.0578304276232174336284393451670814071395584396845665709079381,-0.0765695723767825663715606548329185928604415603154334290920619,0.159457606905804358407109836291770351784889609921141642726985,-0.0144941511101153313536030962809470718258031832892036440311709,0.708801361356579376769611896320723456745076440975958582259699,False,,,True,False
125,32,0.0433362765131021022748362488861343353137552563953629268767672,-0.0910637234868978977251637511138656646862447436046370731232328,0.0908340691282755255687090622215335838284388140988407317191918,-0.0156979149303181106992515346313107417184069367097725910268249,0.555197182709348817851975526657595800204118153160098042831733,False,,,True,False
126,69,0.0276383615827839915755847142548235935953483196855903358499423,-0.106761638417216008424415285745176406404651680314409664150058,0.179409590395695997893896178563705898398837079921397583962486,-0.00552834524542813982951812311749008599075857347700950289099585,0.850546962267303320282685897187395135706351297838560055275145,False,,,True,False
127,22,0.0221100163373558517460665911373335076045897462085808329589465,-0.112289983662644148253933408862666492395410253791419167041054,0.0605275040843389629365166477843333769011474365521452082397366,-0.00471226491462672100964913508393578788368079081249984003839816,0.635069956309713279283302778779956327345237891558325122149762,False,,,True,False
128,84,0.0173977514227291307364174560533977197209089553960809929205483,-0.117002248577270869263582543946602280279091044603919007079452,0.214349437855682282684104364013349429930227238849020248230137,0.0213054664588345543230174710762791567191452322497680663761003,1.66173950368143969460361588773833940357783847835551489522635,False,,,True,True
129,48,0.0387032178815636850594349271296768764400541876458490592966487,-0.0956967821184363149405650728703231235599458123541509407033513,0.129675804470390921264858731782419219110013546911462264824162,-0.0241012352153339445134159997067859560124328389170339921101894,0.553254432453778234181624744845071040550073441705633282442817,False,,,True,False
130,65,0.0146019826662297405460189274228909204276213487288150671864593,-0.119798017333770259453981072577109079572378651271184932813541,0.166150495666557435136504731855722730106905337182203766796615,0.00379766231094916530786215649381925538208608978210045080015282,1.16327827861060770085011362807403862193389859483573836221799,False,,,True,True
131,27,0.0183996449771789058538810839167101758097074385109155179866121,-0.116000355022821094146118916083289824190292561489084482013388,0.072099911244294726463470270979177543952426859627728879496653,-0.00716665866957231595917755190442584525153728139149381513870929,0.460861060267204348795193185276415302318052349557950918275225,False,,,True,False
132,92,0.0112329863076065898947035320122843305581701571194217028479028,-0.123167013692393410105296467987715669441829842880578297152097,0.232808246576901647473675883003071082639542539279855425711976,0.0288080490404236014083077462710466782562482305541942410562126,2.04945861578739146028131369568105834140159923426802978966728,False,,,False,True
133,42,0.0400410353480301913030112782833310088144183876736159439041154,-0.0943589646519698086969887217166689911855816123263840560958846,0.115010258837007547825752819570832752203604596918403985976029,-0.0173152738819839383639554235515687367865261752987291439962035,0.561823014045063864662990890924963427871748607116175303122658,False,,,True,False
134,74,0.0227257614660462529390558547317622720278922123748867999079119,-0.111674238533953747060944145268237727972107787625113200092088,0.190681440366511563234763963682940568006973053093721699976978,0.00485696351175642492920791898458065396713274157591487701419064,1.14753961141882883479570161375668350858698817261283025008475,False,,,True,True
135,34,0.0275827249778026778682637737163429259950249539508016769221026,-0.106817275022197322131736226283657074004975046049198323077897,0.0918956812444506694670659434290857314987562384877004192305256,-0.0166477846662435732639437299442921530379029524724411682864565,0.539929554632010459878028487756754414673503751291624108689878,False,,,True,False
136,98,0.010934940311559104604320043772050772957122001478360508635646,-0.123465059688440895395679956227949227042877998521639491364354,0.247733735077889776151080010943012693239280500369590127158912,0.054975061512933293093106106701517872617954687648240556323931,10.3478280218655164972260797126765649444434340167920058372755,False,,,False,True
137,56,0.065910001824492397697426150473568645575076689126601064959577,-0.068489998175507602302573849526431354424923310873398935040423,0.156477500456123099424356537618392161393769172281650266239894,-0.0250249983198700604705318029423632260546154027401130979353356,0.599071906819416643122932207963814161502210310418866746032576,False,,,True,False
138,67,0.0408850035046223372268943475312054195204612863864879670242414,-0.0935149964953776627731056524687945804795387136135120329757586,0.17772125087615558430672358688280135488011532159662199175606,0.00406916934313160444312622416586120496884109718654387317555878,1.12580943559977523061465234363027569857316816776729007025251,False,,,True,True
139,29,0.0449541728477539416700205716970666244893023835730318401998002,-0.0894458271522460583299794283029333755106976164269681598001998,0.08373854321193848541750514292426665612232559589325796004995,-0.0165813610660050247656128509889134649638191304026534436542621,0.442403217712194308013106064612746678261264185334682859276481,False,,,True,False
140,82,0.0283728117817489169044077207081531595254832531703783965455381,-0.106027188218251083095592279291846840474516746829621603454462,0.212093202945437229226101930177038289881370813292594599136385,0.0191757381855887729465054258744752392826338419637926953232833,1.5722697877612496451347595775207187418236099801263027155071,False,,,True,True
141,46,0.0475485499673376898509131465826283988081170951341710918688214,-0.0868514500326623101490868534173716011918829048658289081311786,0.126887137491834422462728286645657099702029273783542772967205,-0.025460778501621112270162490554446546044925887061862368857425,0.520917411007130813757998941128558882555357780685008118351605,False,,,True,False
142,19,0.0220877714657165775807506560281818527631912080723087230113964,-0.112312228534283422419249343971818147236808791927691276988604,0.0530219428664291443951876640070454631907978020180771807528491,-0.00221271247434997249493031456564039011932344768807139931992619,0.711210419779292836633083055442406052094036321047281726559554,False,,,True,False
143,89,0.0198750589913666050858203414625414626438677603842373236914702,-0.11452494100863339491417965853745853735613223961576267630853,0.227468764747841651271455085365635365660966940096059330922868,0.0295108843598620106139309893822220487135101536124579770366327,2.17496089635442453047976482462047330802304855550210254601707,False,,,False,True
144,59,0.0493859433512286156997513308447635113573779139966953007281029,-0.0850140566487713843002486691552364886426220860033046992718971,0.159846485837807153924937832711190877839344478499173825182026,-0.0144441930258816196302017319824448390290567224505564371373484,0.722446979549204146788244828249776572914904140971790497524983,False,,,True,False
145,37,0.0349417503253469960695495988623186723283211915461388635907545,-0.0994582496746530039304504011376813276716788084538611364092455,0.101235437581336749017387399715579668082080297886534715897689,-0.0123622536416653854774080955048446409670390080093567050356782,0.598313200975797530278047554595445383502212651020269482018702,False,,,True,False
146,77,0.0225794966836816105921415033574740313612821835367821585550763,-0.111820503316318389407858496642525968638717816463217841444924,0.198144874170920402648035375839368507840320545884195539638769,0.00465982934382140398471619277579155093691553457836835013516461,1.14249394729705291726224614847344672059457059968076626534439,False,,,True,True
147,26,0.0272393260275030145768576961332655822981977181151505086902409,-0.107160673972496985423142303866734417701802281884849491309759,0.0718098315068757536442144240333163955745494295287876271725602,-0.0139231799792550461875719453684699994396690286497543266764629,0.53819249028614520596207875593885943463428894815096110195645,False,,,True,False
148,70,0.013316146048247968389285750764795582858528689465396182013778,-0.121083853951752031610714249235204417141471310534603817986222,0.178329036512061992097321437691198895714632172366349045503445,0.00244071802419960887003547708548812111806790454841548087904457,1.05794167058136792582998585825015376854996215160909598767288,False,,,True,True
149,49,0.0157568640724475772593212278502837039765965940138116628928226,-0.118643135927552422740678772149716296023403405986188337107177,0.126439216018111894314830306962570925994149148503452915723206,-0.00379900616841401725339444752687023791872735183513265280413298,0.632324215085420320747051751666098176840318204785527568768716,False,,,True,False
150,95,0.0119578579040335600059267803234134660578692421786790100886896,-0.12244214209596643999407321967658653394213075782132098991131,0.240489464476008390001481695080853366514467310544669752522172,0.035352064557236640774860583931337755695161937508968177798196,3.5625173439308056331424911171610113472126989407807041369444,False,,,False,True
151,40,0.0473099224612702007807873642547512217530311796876471878868855,-0.0870900775387297992192126357452487782469688203123528121131145,0.111827480615317550195196841063687805438257794921911796971721,-0.0209940426684418905476685635634825740135094158263939804106091,0.553897494758129677889158640453705106375303393213354698121246,False,,,True,False
152,63,0.0263158797928283102331188006912686477395217638612532074762765,-0.108084120207171689766881199308731352260478236138746792523724,0.164078969948207077558279700172817161934880440965313301869069,-0.00263153973979637896554083598084572394589962320894850363314409,0.911847832373836915919191683563700700502122386687915759854888,False,,,True,False
153,21,0.0236843400530319312675779647104229237936221406523047038431324,-0.110715659946968068732422035289577076206377859347695296156868,0.0584210850132579828168944911776057309484055351630761759607831,-0.00494618858103891391999800600048459117540131665458452747676698,0.595272927559063554138509877662839420268454363630185595458887,False,,,True,False
154,86,0.0187381514719930173475799587099383326182208239977201763663654,-0.115661848528006982652420041290061667381779176002279823633635,0.219684537867998254336894989677484583154555205999430044091591,0.0179907096569011197818735938935610706153890715570911346422072,1.48977356369470680494087437543597358701771864461666764170622,False,,,False,True
155,53,0.0367288611288941371294535526034994032336098955548113110085726,-0.0976711388711058628705464473965005967663901044451886889914274,0.141682215282223534282363388150874850808402473888702827752143,-0.0162047746291263959330997325551704839853341906331733060987208,0.653701531665930672170020665761870730204651703770785885521186,False,,,True,False
156,31,0.0205240864997677411963538200483289192482757049216380049098518,-0.113875913500232258803646179951671080751724295078361995090148,0.082631021624941935299088455012082229812068926230409501227463,-0.00658187456174908087743123060200892786637021725129115633833705,0.672240016335253723920009689373077966172503418465162975627228,False,,,True,False
157,80,0.0139422119380186603189225894463199913819054876703468485715148,-0.120457788061981339681077410553680008618094512329653151428485,0.203485552984504665079730647361579997845476371917586712142879,0.00657285336876792442475880291280131153100995935815936481614045,1.16026258749574924266137847857153528667515834525221817183945,False,,,True,True
158,44,0.0205150653067865847436813923591213029129154470285062133876552,-0.113884934693213415256318607640878697087084552971493786612345,0.115128766326696646185920348089780325728228861757126553346914,-0.0109634754166034478889844348179920661187136353155009505776038,0.618272326217849157803737184337891940532158150052670111250002,False,,,True,False
159,98,0.00955158989018313685469695754112923679420181171300526281005142,-0.124848410109816863145303042458870763205798188286994737189949,0.247387897472545784213674239385282309198550452928251315702513,0.0481346333869182464750940272470586888001519592052270150289187,7.42702680838349258521054562054089999491204449407981558222191,False,,,False,True
160,60,0.0576862232771013833297909847881879255943537709182322778389701,-0.0767137767228986166702090152118120744056462290817677221610299,0.164421555819275345832447746197046981398588442729558069459743,-0.0127385973046971190467534833012332060687082813007525492146102,0.744410432168314051901174519786868066369141203191327681610355,False,,,True,False
161,34,0.0449476259724042642830375014869547195256454896174797286243599,-0.0894523740275957357169624985130452804743545103825202713756401,0.09623690649310106607075937537173867988141137240436993215609,-0.0125219509656388492668627937321045076018422444472815571098942,0.602498650412757695008850311576992190881842434411636660243154,False,,,True,False
162,73,0.0324256750067654150161747077548502119238032451701981715144658,-0.101974324993234584983825292245149788076196754829801828485534,0.190606418751691353754043676938712552980950811292549542878616,-0.0017591457548935629758336426551138500372390000371048987014905,0.951059324447264962449988103423031201632147936118747349879453,False,,,True,False
163,23,0.0306665292518718520403410650997363618865642451330932728129753,-0.103733470748128147959658934900263638113435754866906727187025,0.0651666323129679630100852662749340904716410612832733182032438,-0.00940697542640273387999696332611812208053800517219533291576269,0.5009052744511167829517836427463019851878475187323356419942,False,,,True,False
164,88,0.0212595538254691181603441017736182398060262399608979398972126,-0.113140446174530881839655898226381760193973760039102060102787,0.225314888456367279540086025443404559951506559990224484974303,0.0317338478218135109281565879242470259869530937202968167547814,2.2910550833082956307653321094078141159426816550716758965363,False,,,False,True
165,50,0.052993401647282629088500689697865265792979333681194756651994,-0.081406598352717370911499310302134734207020666318805243348006,0.138248350411820657272125172424466316448244833420298689162998,-0.022586568654490529125351630057530156484623874704024726945863,0.578167301242587072492514086212054256406710251181532820278919,False,,,True,False
166,67,0.030406832992792099963149059640335109308355458977170029706131,-0.103993167007207900036850940359664890691644541022829970293869,0.175101708248198024990787264910083777327088864744292507426533,0.00127524439773406628881520777038964571839462166703925302802079,1.03656947736784088758010999119598201734064289880515868009369,False,,,True,True
167,30,0.0316820773905261662519642674107247550267500806442092827341518,-0.102717922609473833748035732589275244973249919355790717265848,0.0829205193476315415629910668526811887566875201610523206835379,-0.0161215830522519923634128850734626749663017580528034429856351,0.43896192193675837686468980261131916422663058223734889718146,False,,,True,False
168,91,0.0155604943382741738885513823372620800604483225914058397485166,-0.118839505661725826111448617662737919939551677408594160251483,0.231390123584568543472137845584315520015112080647851459937129,0.0341668175998936509670622508573915519596797094078424506220373,2.48656367877812570751762488422206422196087048859253263372735,False,,,False,True
169,46,0.0497273119381678248556136331946536320201280319992482903705539,-0.0846726880618321751443863668053463679798719680007517096294461,0.127431827984541956213903408298663408005032007999812072592638,-0.019899788807675852621558833330275172153620543416245651311165,0.573645588497692032365994941139626758742047507643888174608793,False,,,True,False
170,76,0.0298275231304919722340547998643784598665074885830026390593889,-0.104572476869508027765945200135621540133492511416997360940611,0.197456880782622993058513699966094614966626872145750659764847,0.0107360933187467839260278146002824255724101051750991819453672,1.33565646200164427450612983500054238628269511204801016354162,False,,,True,True
171,37,0.0405636164492387561600826144646608854389175937581018210047561,-0.0938363835507612438399173855353391145610824062418981789952439,0.102640904112309689040020653616165221359729398439525455251189,-0.020880982575009107561437563825985923900722260974040165743679,0.538027329475558061383659185187798704602571699237742587752575,False,,,True,False
172,62,0.019682633874229648598645050638674961538195332784061655261077,-0.114717366125770351401354949361325038461804667215938344738923,0.159920658468557412149661262659668740384548833196015413815269,-0.000602624154967438412765036306285889789399325465591024944400636,0.975105287221853031989144558173516746284623926607947419652714,False,,,True,False
173,18,0.0190800097192622101858800143323890717487960073184706303166764,-0.115319990280737789814119985667610928251203992681529369683324,0.0497700024298155525464700035830972679371990018296176575791691,-0.00781089729804365426893404134156123245290509286784417172757889,0.439558825595987585647071422947999042510203383340656271613107,False,,,True,False
174,94,0.0112691124212185559169459729908278392958909144506264585890975,-0.123130887578781444083054027009172160704109085549373541410903,0.237817278105304638979236493247706959823972728612656614647274,0.0355789868264229180650431561308029239283927076702855935537616,2.51433291132125528569453567349256341048420913484171952313612,False,,,False,True
175,54,0.0468480992476414739819891291216307632242836221209120521428591,-0.0875519007523585260180108708783692367757163778790879478571409,0.146712024811910368495497282280407690806070905530228013035715,-0.0190053040176976574649278969022882409638384973917510707792473,0.621958328065227658570351876727119635907660406397583676130184,False,,,True,False
176,79,0.0278427952299438165170612322193425222604451247291609813636118,-0.106557204770056183482938767780657477739554875270839018636388,0.204460698807485954129265308054835630565111281182290245340903,0.0226291932659525018819989636756549560951934061052209480071809,2.04379085712499993012700568733423358954533721774923521835692,False,,,True,True
177,33,0.0504719884958963183990601958949974783556385308343819293707927,-0.0839280115041036816009398041050025216443614691656180706292073,0.0951179971239740795997650489737493695889096327085954823426982,-0.0276421510827432518927035110821036327171078551968710519426922,0.43998294075420974099402764591911539167645024030981771140083,False,,,True,False
178,69,0.0228298374131530665063566848128938456385306756375108774281005,-0.111570162586846933493643315187106154361469324362489122571899,0.178207459353288266626589171203223461409632668909377719357025,0.00340103687600860838361705087533238913202915024740642631987715,1.11035567308148346281755987670741741614877594804722714156222,False,,,True,True
179,42,0.0262308742891616748899737356882262347705598258849173037479776,-0.108169125710838325110026264311773765229440174115082696252022,0.111557718572290418722493433922056558692639956471229325936994,-0.0152438073127735949405962336241340593530510326175981944353693,0.512220429155146900320754909345180046391384873040662303725014,False,,,True,False
180,85,0.0109870669763880799493775020640921754175087932673191093126083,-0.123412933023611920050622497935907824582491206732680890687392,0.215246766744097019987344375516023043854377198316829777328152,0.0250597865773229994273204906808109931386227240067977341694602,3.24995943485868017270239926101769314749851349419187103835874,False,,,False,True
181,25,0.0360468535537110793766979927449031685561315172741168434820685,-0.0983531464462889206233020072550968314438684827258831565179315,0.0715117133884277698441744981862257921390328793185292108705171,-0.0180134225519840259979840392922153630888586913337964667997888,0.49162986685776210768118561369109061831290751376210685878195,False,,,True,False
182,58,0.0180334310017270533787139534526878054672728259403203766822797,-0.11636656899827294662128604654731219453272717405967962331772,0.14950835775043176334467848836317195136681820648508009417057,-0.00945034198541879376258718420235268920892882005653595764364048,0.664458747160741717325373056249443710999950185770755174393752,False,,,True,False
183,97,0.00858308901630825961612676925033511625834400588378441903863918,-0.125816910983691740383873230749664883741655994116215580961361,0.24464577225407706490403169231258377906458600147094610475966,0.0492615878939442624042639777168142864638622286567075723111835,8.64755431968702550435893939928079355284600369191867337343934,False,,,False,True
184,47,0.0578446769102525220203907469671494027222062345404919913498227,-0.0765553230897474779796092530328505972777937654595080086501773,0.131961169227563130505097686741787350680551558635122997837456,-0.0227537559639741703070905419754147649321118847285694869215857,0.556157162346819693367271331543751697838639712091121656815236,False,,,True,False
185,72,0.0350909209462783517133002049917346377900943498119225044282371,-0.0993090790537216482866997950082653622099056501880774955717629,0.188772730236569587928325051247933659447523587452980626107059,0.00889045070599233939132095523863311928831622821588022835397355,1.28584510292362823066163346699571530090624554569175330862973,False,,,True,True
186,31,0.0439813716522706911046211602303677570784105780278027327822106,-0.0904186283477293088953788397696322429215894219721972672177894,0.0884953429130676727761552900575919392696026445069506831955527,-0.0237799138537990888591639767674853023959286988958224647163025,0.439803627360913165822613523612923477885028090102012584644568,False,,,True,False
187,82,0.0202014577984716022454571834628824546824818791319802680659082,-0.114198542201528397754542816537117545317518120868019731934092,0.210050364449617900561364295865720613670620469782995067016477,0.0220160239490191933577288947813712375038375239901104228869922,1.72391253308295416967904464955430588933701199487020581744143,False,,,True,True
188,52,0.0422174817474907956031860782442536921863194031220906909529003,-0.0921825182525092043968139217557463078136805968779093090470997,0.140554370436872698900796519561063423046579850780522672738225,-0.0159014382790707771014491345243687997937440348426474958744363,0.620656602229547922906391149299907735606557005280412521256264,False,,,True,False
189,21,0.026316043468420018501736943719884892392575368279443195078464,-0.108083956531579981498263056280115107607424631720556804921536,0.059079010867105004625434235929971223098143842069860798769616,-0.0132187619735094271231232347519445077561284324203893893411538,0.46185797971398265992382538275973150606294531077909744993188,False,,,True,False
190,90,0.0130972814949105913786137089679403846364469358590538057373102,-0.12130271850508940862138629103205961536355306414094619426269,0.228274320373727647844653427241985096159111733964763451434328,0.0340146276257684729426666010280493029612303085986568528896232,2.73319338190898078314707247525015821493431995271262159620488,False,,,False,True
191,61,0.0471119091206790643212803099959896875976772444577106586269334,-0.0872880908793209356787196900040103124023227555422893413730666,0.164277977280169766080320077498997421899419311114427664656733,-0.0073047805076398086733876639791098625138580993339787942578448,0.841230355120691017774984835483035572691852872326020157109963,False,,,True,False
192,38,0.0398071286130392556478926460168798250838191451237318643690886,-0.0945928713869607443521073539831201749161808548762681356309114,0.104951782153259813911973161504219956270954786280932966092272,-0.0230341795465450761386433651611021848096559874949581012084058,0.477962739971660295360012064989095887626408465443737920111563,False,,,True,False
193,75,0.0167729490664941795092492808557776402741631576287737631606828,-0.117627050933505820490750719144222359725836842371226236839317,0.191693237266623544877312320213944410068540789407193440790171,0.0108958529794023714674712641596441799923162053639097314875236,1.44010714473912261173553271901160540241519753899652546573529,False,,,True,True
194,27,0.0276688020458965509767205450154218202664793629926834946482064,-0.106731197954103449023279454984578179733520637007316505351794,0.0744172005114741377441801362538554550666198407481708736620516,-0.0195688205329732361029101633724962097772134299123772900135684,0.447839841714586829919917770260875216715550697436458360132586,False,,,True,False
195,93,0.00809998151292331487381038164292561048926593308030620463463794,-0.126300018487076685126189618357074389510734066919693795365362,0.234524995378230828718452595410731402622316483270076551158659,0.0457527746211638463695258592418060982900516138687700996643577,4.55913631295207819146961123751303364456474153104010502817831,False,,,False,True
196,49,0.0538527561340871612433362408847317087793175469490763042989956,-0.0805472438659128387566637591152682912206824530509236957010044,0.135963189033521790310834060221182927194829386737269076074749,-0.0224616010289098670011474809793753795483036446106093552718793,0.578313678616847044320999975197836858693429829531822498500854,False,,,True,False
197,66,0.0313911551051772942421887599053563292310139023384669490271163,-0.103008844894822705757811240094643670768986097661533050972884,0.172847788776294323560547189976339082307753475584616737256779,-0.00111985675487231933001650247905447422444721229424854207611596,0.971482830223658619187366878082313954880204447611946443592246,False,,,True,False
198,32,0.0302712983503049749121722574263018550065666900442184069510004,-0.104128701649695025087827742573698144993433309955781593049,0.0875678245875762437280430643565754637516416725110546017377501,-0.0178055487080053729653720897677440366235675478644304369785794,0.441172943826278175616985462986789259812335186695281081980259,False,,,True,False
199,83,0.012465749642299601946800167658557818382999142179787969972421,-0.121934250357700398053199832341442181617000857820212030027579,0.210616437410574900486700041914639454595749785544946992493105,0.0205629966750333354189987057094098691831524935840923789321686,2.01991507769712298915189129499732126086613192852497103184296,False,,,True,True
200,44,0.0330287463173329373657988733679676875661516357638803489045895,-0.10137125368266706263420112663203231243384836423611965109541,0.118257186579333234341449718341991921891537908940970087226147,-0.0181550776924821101350066420456032161358891902306155131256484,0.551497840906494117582711950546049848442305059222554643824716,False,,,True,False
201,16,0.0148736686248508272307922313223644714302624455332648357789411,-0.119526331375149172769207768677635528569737554466735164221059,0.0437184171562127068076980578305911178575656113833162089447353,-0.00792000849715772935252332155312941919017788674463332376271739,0.524616476754380775900673469429885927880485107469805254149659,False,,,True,False
202,98,0.00695366012769309787826890976923505224008455878863151201622374,-0.127446339872306902121731090230764947759915441211368487983776,0.246738415031923274469567227442308763060021139697157878004056,0.0526267897342925318857440081290820961995348958573040328284091,11.9915061440717693591033872557060811907833959988794680513214,False,,,False,True
203,58,0.0595804498619856297640129178983171484396194546459355448446329,-0.0748195501380143702359870821016828515603805453540644551553671,0.159895112465496407441003229474579287109904863661483886211158,-0.0195232634448686416834018350567921946942571757149996582705569,0.632794715218715728320818780547682146992626381864043989833454,False,,,True,False
204,70,0.040057186417116988080611082841524953745362278930935886574076,-0.094342813582883011919388917158475046254637721069064113425924,0.185014296604279247020152770710381238436340569732733971643519,0.00707022953814355266159895858642787114416125332432163575067799,1.20166979139359615394313203289765966282920991490568757527755,False,,,True,True
205,36,0.047127415955260540742210041427952824889523532255257522324754,-0.087272584044739459257789958572047175110476467744742477675246,0.101781853988815135185552510356988206222380883063814380581188,-0.0244219286174179943318722452688800890084123385066221153922001,0.442347171699599129471332877250081136276726401924927513726581,False,,,True,False
206,79,0.0227054873378425464103377961590727358811111937486354069325539,-0.111694512662157453589662203840927264118888806251364593067446,0.203176371834460636602584449039768183970277798437158851733138,0.0157039762006610497688361869524698937554482154482746617888937,1.63648569743811976785275823820891581173557098346161840155477,False,,,True,True
207,47,0.0384094635385035961791739831115426296365594091969100687214476,-0.0959905364614964038208260168884573703634405908030899312785524,0.127102365884625899044793495777885657409139852299227517180362,-0.0165518912474667093296175111344003722788308925169985141826,0.580264235357161047947348328532214061967434226409254382308579,False,,,True,False
208,22,0.0218575722910368868495564719771422573577285166799115545388476,-0.112542427708963113150443528022857742642271483320088445461152,0.0604643930727592217123891179942855643394321291699778886347119,-0.00713194981318934291304923537633106236230889481165384950878321,0.486950581647191959807437336493830937461589387314790810422643,False,,,True,False
209,88,0.0147256224778475439365072366008111949954196218682577050300644,-0.119674377522152456063492763399188805004580378131742294969936,0.223681405619461885984126809150202798748854905467064426257516,0.0244603941168869710463281707209337635597239477489603578693974,1.8418439260674979814230206916412028424491791943697359203376,False,,,False,True
210,55,0.0391860165947345149828354073217449585551435696172180628994617,-0.0952139834052654850171645926782550414448564303827819371005383,0.147296504148683628745708851830436239638785892404304515724865,-0.0164567734725422865473306724856101823506469629104012772372439,0.656238432941938230621414373045481940822473222514238474523906,False,,,True,False
211,30,0.0227292431221922284355047348361347762044966067068167856622178,-0.111670756877807771564495265163865223795503393293183214337782,0.0806823107805480571088761837090336940511241516767041964155545,-0.00977122515909297819536207500530161988714958478526317813015418,0.616482498584107161901699049981800749790985325168216026792774,False,,,True,False
212,74,0.0129580179630992502401426598308331563173470219215536075320636,-0.121441982036900749759857340169166843682652978078446392467936,0.188239504490774812560035664957708289079336755480388401883016,0.000793787382529870848656626652765988532320138800332451738335054,1.03420502231821263809636401552081902115363596838559751163808,False,,,True,True
213,15,0.0137518053456291210887992864835991448496671607218860592703987,-0.120648194654370878911200713516400855150332839278113940729601,0.0409379513364072802721998216208997862124167901804715148175997,-0.00483071642224447431619976565676253378420586664253907312762575,0.5165032489874258036842669310807680891962746075890564362473,False,,,True,False
214,95,0.00892108892338464677259952082683661106546129407934698614277295,-0.125478911076615353227400479173163388934538705920653013857227,0.239730272230846161693149880206709152766365323519836746535693,0.0460920877849413999021246076432802955991207872473111746544199,4.76063781408663457552033991025279950273361266593841519528928,False,,,False,True
215,50,0.0550131767083260466747241284701169066645820813266581607971928,-0.0793868232916739533252758715298830933354179186733418392028072,0.138753294177081511668681032117529226666145520331664540199298,-0.02073383305237412913639113499217084589018732199324047959169,0.606587982612555715873256757704356868466672024186168118494002,False,,,True,False
216,64,0.0342793436559519175383329934779460607743947593334176812055028,-0.100120656344048082461667006522053939225605240666582318794497,0.168569835913987979384583248369486515193598689833354420301376,-0.00366261571825807959501984151960569499765454755580911871878271,0.911722261791968373924001512570870162970457751513701415622055,False,,,True,False
217,34,0.0306167279376938379433131519583403657767402117776085624867201,-0.10378327206230616205668684804165963422325978822239143751328,0.09265418198442345948582828798958509144418505294440214062168,-0.0137921806642986904994574546681921422217586826859435260924807,0.495199672764366140965533402107034190187818572422263954193722,False,,,True,False
218,84,0.0168245472733951474438556972901482235549815290916650363942394,-0.117575452726604852556144302709851776445018470908334963605761,0.21420613681834878686096392432253705588874538227291625909856,0.0174483106521921689111132367414702183431006711495085932206599,1.55773076129127101536993710111064211977996864468087662853618,False,,,True,True
219,42,0.0342728579255873163549689340316184418980822002411736296148993,-0.100127142074412683645031065968381558101917799758826370385101,0.113568214481396829088742233507904610474520550060293407403725,-0.0186443496026932769777405030189089010630765583314442819045339,0.567288354717635150742746120219961613156804877418503248195828,False,,,True,False
220,71,0.0156285083228940393772284310127095408350056419097293477103654,-0.118771491677105960622771568987290459164994358090270652289635,0.181407127080723509844307107753177385208751410477432336927591,0.00937656433573301088669163919304788272425364281194723537162101,1.46124468559709350284012862623880950173255968848027203327309,False,,,True,True
221,23,0.0250050726586270502639200702057574235592592847216765830819864,-0.109394927341372949736079929794242576440740715278323416918014,0.0637512681646567625659800175514393558898148211804191457704966,-0.016835657645128507885237834113540015881679115916155611833539,0.396183289482267831482411167986072821249127231583732879482767,False,,,True,False
222,92,0.00816941501349854237868223609221740767758016880552097124844735,-0.126230584986501457621317763907782592322419831194479028751553,0.232042353753374635594670559023054351919395042201380242812112,0.039790297009364496479878247367627264683209954651201585716056,3.24873088991897634139683595774991514217358582602294663248951,False,,,False,True
223,53,0.0479597120228630388585604834598446723607901234567225569645033,-0.0864402879771369611414395165401553276392098765432774430354967,0.144489928005715759714640120864961168090197530864180639241126,-0.0220677156086489709345731840496468552667258145788612372635576,0.59913658692647173399623652370585901048104541299927178391455,False,,,True,False
224,31,0.0258919964142140679239872994101978170940643088778613197009458,-0.108508003585785932076012700589802182905935691122138680299054,0.0839729991035535169809968248525494542735160772194653299252364,-0.00956297111355637546670621816189085065926640351422906048037239,0.608629757847086384090419903680770409707559396306586259819756,False,,,True,False
225,77,0.0163290253006576924572810812483069664347979053636322592205734,-0.118070974699342307542718918751693033565202094636367740779427,0.196582256325164423114320270312076741608699476340908064805143,0.00587063004485218406385185605462982855577070143368089329342891,1.1409030206460403986803954529814056826679303819971941330249,False,,,True,True
226,59,0.0221996553455098765211329373029367949905686067973131525140023,-0.112200344654490123478867062697063205009431393202686847485998,0.153049913836377469130283234325734198747642151699328288128501,-0.00299958711560223010014051415509097998915496828772476241993854,0.885768294175753929274903548713633337050799265467184228666016,False,,,True,False
227,18,0.0192000682299076464209924231478458150014136385095883900940637,-0.115199931770092353579007576852154184998586361490411609905936,0.0498000170574769116052481057869614537503534096273970975235159,-0.0128454120264035082717131342034418702884124934294148586988459,0.345206028441464593045895244981822166467077436126694832874473,False,,,True,False
228,99,0.00635465620350413814927928894440394471300114508017353139521786,-0.128045343796495861850720711055596055286998854919826468604782,0.249088664050876034537319822236100986178250286270043382848804,0.0517283869921283247763394572978576372652612111946914160701274,7.46509125409644277772704561409241185707238549778969102500209,False,,,False,True
229,45,0.0580830431956324629256187462422615819782623562748649474653452,-0.0763169568043675370743812537577384180217376437251350525346548,0.127020760798908115731404686560565395494565589068716236866336,-0.020772523413546591704121443698903771475986756583394925278119,0.574023312757370374620261825220266552530056769549849825292167,False,,,True,False
230,68,0.0373105197820858712214973025433578105022755996914700221872262,-0.0970894802179141287785026974566421894977244003085299778127738,0.179327629945521467805374325635839452625568899922867505546807,-0.00278537035289673137610001731536878133060139778006855058111058,0.936089569210121810216229305137000623776447996491390428363024,False,,,True,False
231,35,0.0345251494291891398453972852279890291716742019114014716061157,-0.0998748505708108601546027147720109708283257980885985283938843,0.0961312873572972849613493213069972572929185504778503679015289,-0.0101141460705900860969394153165907200526762308663526055887067,0.576920928330379439618676552140155539001048628941719012344151,False,,,True,False
232,86,0.024411003358599053748457869911398309118997971045048866017409,-0.109988996641400946251542130088601690881002028954951133982591,0.221102750839649763437114467477849577279749492761262216504352,0.0195831600728728851887892317554867702866124032829503384052782,1.55625298684320609567587670653966760061667246452992554319379,False,,,False,True
233,54,0.0439941634314719389372471016668850794056103743279992044226872,-0.0904058365685280610627528983331149205943896256720007955773128,0.145998540857867984734311775416721269851402593581999801105672,-0.0147313477590830956897520529045939621799842901725365608777493,0.656876698074387214536049533813609708591246294238749774561493,False,,,True,False
234,25,0.0292628156723888432474950487622911172256260841554626435449378,-0.105137184327611156752504951237708882774373915844537356455062,0.0698157039180972108118737621905727793064065210388656608862345,-0.00849690263440155347450832439343081601092312196030288124436622,0.570256206371883883430580556167009013790057451051571801006424,False,,,True,False
235,80,0.0207659130379872897729867243688603012147029621951597623005716,-0.113634086962012710227013275631139698785297037804840237699428,0.205191478259496822443246681092215075303675740548789940575143,0.00942170751725686920300220342433432461864340229424758231604704,1.23393994329407490675105042635043177040123003200876809741544,False,,,True,True
236,42,0.0301876205552441589759889277931946258333463644894073446166187,-0.104212379444755841024011072206805374166653635510592655383381,0.112546905138811039743997231948298656458336591122351836154155,-0.0167126063437465411022977282202907047505121160126099710214374,0.603437299430119312187043817232879010384036040004937592818411,False,,,True,False
237,72,0.0134750142114976178736911995729039210828342484767973735951813,-0.120924985788502382126308800427096078917165751523202626404819,0.183368753552874404468422799893225980270708562119199343398795,0.00722629553700259465153540747892124452444419951897346735858216,1.37892381706401942054936504551075834444971209805783784081988,False,,,True,True
238,19,0.0207013097485002125252266070518251656072784479957708409537635,-0.113698690251499787474773392948174834392721552004229159046237,0.0526753274371250531313066517629562914018196119989427102384409,-0.00964428281169695106844959746926911796010832822919106152371997,0.420307681406565142975276493300815440788496338113567596201824,False,,,True,False
239,91,0.0110570269368032614567770095825560476471701197665797794300435,-0.123342973063196738543222990417443952352829880233420220569957,0.230264256734200815364194252395639011911792529941644944857511,0.0365275345428161007514276113513923112225378289466756446883099,2.73622088456660489491331414543882616558646745531950061906652,False,,,False,True
240,50,0.0475845614796193622082046209339483588697079487132554241183534,-0.0868154385203806377917953790660516411302920512867445758816466,0.136896140369904840552051155233487089717426987178313856029588,-0.0227442190746022211658830909018955929114609257842803478780122,0.585963388051785136081310862465415985609057735733690255579818,False,,,True,False
241,63,0.0248403424050171410423215300320527659582470229289750762403412,-0.109559657594982858957678469967947234041752977071024923759659,0.163710085601254285260580382508013191489561755732243769060085,0.00083232008647637849226013292630735755084311487930053868549352,1.02481071633754260065927010588417458915318695000173176912419,False,,,True,True
242,30,0.0256726624914935195345816629583601235090901378082756149258347,-0.108727337508506480465418337041639876490909862191724385074165,0.0814181656228733798836454157395900308772725344520689037314587,-0.0162187786231432628096561302205552346031686147520593051105439,0.400951323539151792121623090546993918847055424826253445722146,False,,,True,False
243,96,0.0094538838683502567249255327378048889059215230562163098152908,-0.124946116131649743275074467262195111094078476943783690184709,0.242363470967087564181231383184451222226480380764054077453823,0.0396355235150404841985340207677167936537705167536602875191502,3.49626568775801901468758123615263583780912930381800719860599,False,,,False,True
244,56,0.049089407383390740923459553505521682559692039809876597334441,-0.085310592616609259076540446494478317440307960190123402665559,0.15227235184584768523086488837638042063992300995246914933361,-0.0149499734221697119998349935726084027462429387889915719200462,0.704607970636665402030081326107932938047557212460053217152397,False,,,True,False
245,37,0.0341394339612210289236245599329132798134491010208850254143948,-0.100260566038778971076375440067086720186550898979114974585605,0.101034858490305257230906139983228319953362275255221256353599,-0.00738364179206636175565745229175572435292377083791347812524848,0.704953784585523640380239630829401385518361870718543077200373,False,,,True,False
246,78,0.0267557921691546671679671076411575554605253301829715472891463,-0.107644207830845332832032892358842444539474669817028452710854,0.201688948042288666791991776910289388865131332545742886822287,0.00332556922869469517475923067999678924591877628026510864651873,1.10266148350877871080285405619114901767584657539151679083661,False,,,True,True
247,23,0.030081361397849362342726338321154344706444106463236655935665,-0.104318638602150637657273661678845655293555893536763344064335,0.0650203403494623405856815845802885861766110266158091639839163,-0.011302796461782784870443806141086682634357319879345160786178,0.555990218535419652802277779096124034689106311427344332410885,False,,,True,False
248,69,0.018778564936066577472282532180067662072086786583891495149487,-0.115621435063933422527717467819932337927913213416108504850513,0.177194641234016644368070633045016915518021696645972873787372,-0.00143626145194212819197418147920992017907790969014558633037167,0.968288803581652787447097971881993158517634900868429135086928,False,,,True,False
249,45,0.0173423034841244492803083507008577418930088768937459088191153,-0.117057696515875550719691649299142258106991123106254091180885,0.116835575871031112320077087675214435473252219223436477204779,-0.00429743208379596028730973991435441330026291193247538396622279,0.747433008593875967452062201405247353581643502303992617472302,False,,,True,False
250,89,0.0130448714003284889929986107865033285927459649612705248528925,-0.121355128599671511007001389213496671407254035038729475147107,0.225761217850082122248249652696625832148186491240317631213223,0.0229789704359928576329817363065868270829236980037234675929865,2.10221399224147216279741516024806995610982836162344552565065,False,,,False,True
251,33,0.036023841836321346625980347093090155675669662964993992445879,-0.098376158163678653374019652906909844324330337035006007554121,0.0915059604590803366564950867732725389189174157412484981114698,-0.0175241198982543067202270372490721064180109980214691559488653,0.554018606218000799808500096191585463860870450721016723513596,False,,,True,False
252,61,0.0184997219380670399057533098440180492576586649435248364970137,-0.115900278061932960094246690155981950742341335056475163502986,0.157124930484516759976438327461004512314414666235881209124253,-0.00566782503967884322908794027154496271978456563849520944004492,0.788356165434600728472712555692339542609186215708509946926792,False,,,True,False
253,15,0.0128318968983881966766653695724730865378740993050296270569688,-0.121568103101611803323334630427526913462125900694970372943031,0.0407079742245970491691663423931182716344685248262574067642422,-0.00214816266761789548515512951512607740882934266952297891537494,0.727807029079380666895997663594716383036867496919544267351925,False,,,True,False
254,83,0.0106837342307703011915102400573470091290447566355066481415939,-0.123716265769229698808489759942652990870955243364493351858406,0.210170933557692575297877560014336752282261189158876662035398,0.0152656599599753596566570926818018194835778381459639759922694,1.41044438159757011785795895315367821669927523649311476930536,False,,,True,True
255,48,0.0259493941907456608481673327391488286126225947814706241338633,-0.108450605809254339151832667260851171387377405218529375866137,0.126487348547686415212041833184787207153155648695367656033466,-0.0189435835546246982170244153506611932497768825541006261749402,0.558714813798964003302701370256479687740738954854214019183127,False,,,True,False
256,94,0.00700581063612096263114291738848763536284571222736999795892307,-0.127394189363879037368857082611512364637154287772630002041077,0.236751452659030240657785729347121908840711428056842499489731,0.0443077993584524703630831266561755706976520446011144021763427,8.3267167743497884015408090830238960662494561258890534417976,False,,,False,True
257,39,0.0513136099945734329942260440446632060604977568284844001352657,-0.0830863900054265670057739559553367939395022431715155998647343,0.110328402498643358248556511011165801515124439207121100033816,-0.0176667402483731329627849398933958560665039713743357878602577,0.582756797896010632207358686797421175081775161085828666918289,False,,,True,False
258,67,0.033646869746200300031441104151267349993993785454148612275008,-0.100753130253799699968558895848732650006006214545851387724992,0.175911717436550075007860276037816837498498446363537153068752,-0.00395118581487969640714751721276039786789872558974126778241577,0.895368756444833659528077608188704174153964919004631469267024,False,,,True,False
259,25,0.0296956839313206036242935869385069521260950598644073444925922,-0.104704316068679396375706413061493047873904940135592655507408,0.0699239209828301509060733967346267380315237649661018361231481,-0.013418377164541165028322326355048797003793789041057622630257,0.493365234341063147975955431792425821118039429932601023759924,False,,,True,False
260,76,0.0162773067667794385959712605834581551223012708233497218623352,-0.118122693233220561404028739416541844877698729176650278137665,0.194069326691694859648992815145864538780575317705837430465584,0.00845731855896493578445116167394035272438058425980825887001395,1.2115261127591753926346299108619294154022334225693246904469,False,,,True,True
261,52,0.0247346253257443743804224222573985078466818550831579807323492,-0.109665374674255625619577577742601492153318144916842019267651,0.136183656331436093595105605564349626961670463770789495183087,-0.0122253878597282004971993080988040125492088252756496922115392,0.646882939004062137212604671198328573166157976592196883588479,False,,,True,False
262,17,0.01250923746601617388322311415859449529747302980750828852081,-0.12189076253398382611677688584140550470252697019249171147919,0.0456273093665040434708057785396486238243682574518770721302025,-0.00640921311997778163953361114530434718990575399319948029052018,0.424810736209407049615581087626696867006600031596512684985919,False,,,True,False
263,98,0.00610002434603839224368950301329014810756727581430880823028978,-0.12829997565396160775631049698670985189243272418569119176971,0.246525006086509598060922375753322537026891818953577202057572,0.0443731379635702623692015679149654837783377625184401192187147,5.59683995076893112672270029204045592725080267725342765776886,False,,,False,True
264,58,0.0504731623096086546128910709282556318859050383327489274490045,-0.0839268376903913453871089290717443681140949616672510725509955,0.157618290577402163653222767732063907971476259583187231862251,-0.0127834532615795180580947560204264699273436528635111461580039,0.739149292778365344277820286467926577950782270902946413037538,False,,,True,False
265,35,0.0376897090480291365547963149078291619585613854692377812910006,-0.0967102909519708634452036850921708380414386145307622187089994,0.0969224272620072841386990787269572904896403463673094453227501,-0.0108518938272053867868648949463193936434985180415193869117646,0.583639814267861147272709548808294442082302397523717342683729,False,,,True,False
266,81,0.026837815220823749767931419961509768315062867427718394379236,-0.107562184779176250232068580038490231684937132572281605620764,0.209209453805205937441982854990377442078765716856929598594809,0.0102122901575062655859991187175606359884816630797079982508735,1.24696125119834068043123537455430042961243853517116782764562,False,,,True,True
267,45,0.0370501053783300153539305386790704043035445305074263926301095,-0.0973498946216699846460694613209295956964554694925736073698905,0.121762526344582503838482634669767601075886132626856598157527,-0.0161311863741286566083825757625823559523176721201385830352052,0.609519483186696962038026803186824130466494283385795793301647,False,,,True,False
268,71,0.0209189190042013587455479629164880483512268583872878095949044,-0.113481080995798641254452037083511951648773141612712190405096,0.182729729751050339686386990729122012087806714596821952398726,0.00728442414625243562403462152206121384585906418201034979779574,1.29120621674441191595632499994347574776862745156082580019891,False,,,True,True
269,24,0.0282033431504537943695825844385492621970859225692981593927001,-0.1061966568495462056304174155614507378029140774307018406073,0.067050835787613448592395646109637315549271480642324539848175,-0.013313869968019744051438807983827042920151387013824845934738,0.390532627287758068547804991305676321894575883141190544761818,False,,,True,False
270,88,0.0148894731824340503181437764547222192769345355554733134579621,-0.119510526817565949681856223545277780723065464444526686542038,0.223722368295608512579535944113680554819233633888868328364491,0.0272758422988556008939109034282193796089830573169978529260196,1.96338187139642339979813241456474306381030542840205023557554,False,,,False,True
271,53,0.0421653154812896512120546798829415988859175928724711663839818,-0.0922346845187103487879453201170584011140824071275288336160182,0.143041328870322412803013669970735399721479398218117791595995,-0.0181043426778547515551636153491715518228725311844349308048354,0.634428535461252554378669515839325859762985249914501495549683,False,,,True,False
272,31,0.0240609728034348996568910645337700470630450616880362355791464,-0.110339027196565100343108935466229952936954938311963764420854,0.0835152432008587249142227661334425117657612654220090588947866,-0.0131424786012184144945579548977554867884875958657632552436797,0.552603372859488377768282506026737664955938764840645844422799,False,,,True,False
273,85,0.0109184942022164851623331096360145602745574658222729803354667,-0.123481505797783514837666890363985439725442534177727019664533,0.215229623550554121290583277409003640068639366455568245083867,0.0230055158991062983547615862044983202815935525180633316740791,1.83834328209824455445963934369441753491450049718377819179606,False,,,False,True
274,62,0.0339240101013227835170946958405128805561510183403363120095458,-0.100475989898677216482905304159487119443848981659663687990454,0.163481002525330695879273673960128220139037754585084078002386,-0.00547901614374592612412879297836105081895564372607294575524224,0.875463151121610885680171620552412314315801768658535129839649,False,,,True,False
275,38,0.0284449939575768573929659028621518297371953746142633662543036,-0.105955006042423142607034097137848170262804625385736633745696,0.102111248489394214348241475715537957434298843653565841563576,-0.0186557976837730125769229673311674132454495769384501105580252,0.465504775808302322473315078976639523489153986412006333177837,False,,,True,False
276,13,0.00978919627380384481604293553098441649174579767581325569627836,-0.124610803726196155183957064469015583508254202324186744303722,0.0349472990684509612040107338827461041229364494189533139240696,-0.00257652766581954203507311243935718634688492885669347429302868,0.511665718892987439416761248655527030144274157745633970082057,False,,,True,False
277,93,0.00721266860798430278096982309162723014486086881911978140324968,-0.12718733139201569721903017690837276985513913118088021859675,0.234303167151996075695242455772906807536215217204779945350812,0.0335916657357932747777851674201693643955641841856339393470239,2.78534390939952651878542433811833092358070196530140056046811,False,,,False,True
278,56,0.0408043343437775775587549905117965945404250530047537207502736,-0.0935956656562224224412450094882034054595749469952462792497264,0.150201083585944394389688747627949148635106263251188430187568,-0.0149402251366986848636787435044515657060067403461879057633813,0.66665344186692914144185020184246266389574111207892722151062,False,,,True,False
279,73,0.0258641092070788926950762470073450288344183126585658149868923,-0.108535890792921107304923752992654971165581687341434185013108,0.188966027301769723173769061751836257208604578164641453746723,0.0132185740411551513066748151572517154383895611196192932165666,1.52900563235356866878283577940076814441308740751156136461639,False,,,True,True
280,29,0.039082683248234044001751062164596744272807873778185108203459,-0.095317316751765955998248937835403255727192126221814891796541,0.0822706708120585110004377655411491860682019684445462770508647,-0.0283948223578236865373086665131769948231544906012153317747674,0.419191559242201838637394036648529882640611931047976611349558,False,,,True,False
281,47,0.0106878608904103574644423956514197494496533831769697764286916,-0.123712139109589642535557604348580250550346616823030223571308,0.120171965222602589366110598912854937362413345794242444107173,-0.0047389842807971615988544732888204882121987535996565419525788,0.771117328302701013548750586054284466775501796879200211904691,False,,,True,False
282,97,0.00594887660961319586558792236259926123745462957731323447611278,-0.128451123390386804134412077637400738762545370422686765523887,0.243987219152403298966396980590649815309363657394328308619028,0.041769743184698918110587697622981705805082101918628917991759,5.68404858041312515817606402292468728921059001777104517459259,False,,,False,True
283,65,0.0477186197943121139761756199855809670425367314959421524678717,-0.0866813802056878860238243800144190329574632685040578475321283,0.174429654948578028494043904996395241760634182873985538116968,-0.0030637343913501128663596307779846203495464066060297684112564,0.929060835432943521034372362686339546849271915737691101446745,False,,,True,False
284,35,0.0446548854029620011098159892075963466929903248899123840566153,-0.0897451145970379988901840107924036533070096751100876159433847,0.0986637213507405002774539973018990866732475812224780960141538,-0.0173931880062321730203755201136523580712178804893015389352436,0.49255006111907598749526412783956412522231063140622926126562,False,,,True,False
285,79,0.0272616973967298280894404690939439886217724444006108451213717,-0.107138302603270171910559530906056011378227555599389154878628,0.204315424349182457022360117273485997155443111100152711280343,0.0110137787130345947103498084915129055161689098551624629481777,1.3217097783894212271725841327020137023614332316308285989819,False,,,True,True
286,44,0.0382754761097644227997902775854568941379413542557733080695495,-0.0961245238902355772002097224145431058620586457442266919304505,0.119568869027441105699947569396364223534485338563943327017387,-0.0189253471540407870868092803051738790859043602007128499021025,0.541526284287444715980002796662401479653490593776296900687645,False,,,True,False
287,19,0.019350128955723635712980997280283015052036994055060458167447,-0.115049871044276364287019002719716984947963005944939541832553,0.0523375322389309089282452493200707537630092485137651145418617,-0.00459634668791254415720447448958569094540376477403531196309687,0.591922087062587480589239153943245047153119885835381867792264,False,,,True,False
288,87,0.0147537822678110915557765227906973241066332292810251462043501,-0.11964621773218890844422347720930267589336677071897485379565,0.221188445566952772888944130697674331026658307320256286551088,0.0255279848883764200523385323556078635355860250110524730306336,1.91021025376550834955940598707904921621377053424872239426502,False,,,False,True
289,58,0.0402817671561875116081150551463051876422192542920776192349837,-0.0941182328438124883918849448536948123577807457079223807650163,0.155070441789046877902028763786576296910554813573019404808746,-0.0154906425988321911334377079688649575385537614925397847339221,0.682238033810231287471191515198091426479201608668181562536148,False,,,True,False
290,30,0.0247911245573553204746773471774402301036654927995378345010616,-0.109608875442644679525322652822559769896334507200462165498938,0.0811977811393388301186693367943600575259163731998844586252654,-0.0107170463333498745375634316350675406410480674933973354190461,0.594750291606217534699906268440000960949039921333944477824347,False,,,True,False
291,75,0.0140740782240054459371139155423726894626174253061404990820155,-0.120325921775994554062886084457627310537382574693859500917984,0.191018519556001361484278478885593172365654356326535124770504,0.00347709716500131722058974295267676295655980836317574788156786,1.07856349844516705885150364303388586450057483152521741261414,False,,,True,True
292,49,0.0175511753890067631577036584950494524191772336693162469635834,-0.116848824610993236842296341504950547580822766330683753036417,0.126887793847251690789425914623762363104794308417329061740896,-0.00860254729014437017253064908531559784879188159282204064573639,0.650066310088083048209853904124178772773118457256892347296848,False,,,True,False
293,13,0.00894862809886239298517300940973385457038535207649420631784697,-0.125451371901137607014826990590266145429614647923505793682153,0.0347371570247155982462932523524334636425963380191235515794617,-0.00257665669125563519531213428417787144948194045687933863864195,0.517980450439723042728855745578200546108389181034762400657977,False,,,True,False
294,92,0.00637197140760675778986087512555598312090341161961486767920502,-0.128028028592393242210139124874444016879096588380385132320795,0.231592992851901689447465218781388995780225852904903716919801,0.0282449383341830086775355119211961541012556189222826768346537,2.14354769361426942175037400818820543448474167169902455664947,False,,,False,True
295,63,0.0346169097417897664673963870467521372221590305418975445138587,-0.0997830902582102335326036129532478627778409694581024554861413,0.166154227435447441616849096761688034305539757635474386128465,-0.00150626518922769023641165709978370524554224432482297108687825,0.962142916244552477557816332499725426811373087167530825456403,False,,,True,False
296,36,0.0331106445525620762309847299469684319766167862170745734269804,-0.10128935544743792376901527005303156802338321378292542657302,0.0982776611381405190577461824867421079941541965542686433567451,-0.0223964552406330819223639569267433653940882674556394676343985,0.446927869788384103761668177463199028350524749031776176698329,False,,,True,False
297,82,0.0107141893119289943086207730202250665825285187614351057925819,-0.123685810688071005691379226979774933417471481238564894207418,0.207678547327982248577155193255056266645632129690358776448145,0.0203377789319124895309097649999188226735174158741726202329411,2.15553568386767480435382429937534350485380718667694972289771,False,,,True,True
298,43,0.031051968243841483839530538020143889256045934635607726025523,-0.103348031756158516160469461979856110743954065364392273974477,0.115262992060960370959882634505035972314011483658901931506381,-0.0182352096125957157981032632955800080902543537176498314503202,0.534398266565867834242013856316301267105050358658097930820593,False,,,True,False
299,20,0.0128167586312457680414272747245638811657915809179578945752028,-0.121583241368754231958572725275436118834208419082042105424797,0.0532041896578114420103568186811409702914478952294894736438007,-0.00751518975339435301296940883016495810333855081048083234980531,0.573376460179345187410123758019255263831349260980978423497889,False,,,True,False
300,99,0.00530156887785141502845786589439892306245303010747706222539748,-0.129098431122148584971542134105601076937546969892522937774603,0.248825392219462853757114466473599730765613257526869265556349,0.0515892265872115715837097161012881360452866360470947569711136,19.0278370827334628657877388331111110531244915460941022162482,False,,,False,True
301,59,0.056890795465062986612167581995687059107739666154571819196511,-0.077509204534937013387832418004312940892260333845428180803489,0.161722698866265746653041895498921764776934916538642954799128,-0.0166370890931086963806499289035987577614197964191789888968268,0.673038887747484170939201704568437031723729772587856075830994,False,,,True,False
302,70,0.0402537063719542902315176530920883013463198697353928302996843,-0.0941462936280457097684823469079116986536801302646071697003157,0.185063426592988572557879413273022075336579967433848207574921,0.00607572573274595293227033940654175400545374897673608463346659,1.17689210112473068666196693415569146869551303980057694186333,False,,,True,True
303,33,0.0463294321047002431637879924986300553517736187121289149331508,-0.0880705678952997568362120075013699446482263812878710850668492,0.0940823580261750607909469981246575138379434046780322287332877,-0.0248277597515584618703312730957577612811043738032637754125498,0.447768197769080159161457784224984397201313345852409755391702,False,,,True,False
304,78,0.0215016723531417812934567194028722940706692449088651395206011,-0.112898327646858218706543280597127705929330755091134860479399,0.20037541808828544532336417985071807351766731122721628488015,0.0168401033670209777481758037091285316464389375761640699302794,1.50917343260213961286325425088460116139231896946876077318433,False,,,True,True
305,47,0.0383417757201627590416325231120008257171081824850292094508805,-0.0960582242798372409583674768879991742828918175149707905491195,0.12708544393004068976040813077800020642927704562125730236272,-0.0196190936502005850894680892135856046660981017941943670435811,0.540269140831171512695995139401094139098571015609450052395064,False,,,True,False
306,18,0.0187226820699621739521644338984152210510100806908348424072993,-0.115677317930037826047835566101584778948989919309165157592701,0.0496806705174905434880411084746038052627525201727087106018248,-0.0039283417416315355053973450278561795888804673679677185836872,0.546207497104280097681004389015476032881476432001228905352763,False,,,True,False
307,90,0.0147943403283306384467670888705590414621296133228671238236121,-0.119605659671669361553232911129440958537870386677132876176388,0.228698585082082659611691772217639760365532403330716780955903,0.0292418833043240106813116213954994501774586096571434899702089,2.06874257762289467582299208435574703578022353860328730076893,False,,,False,True
308,55,0.044036223632654649128078710266058491639588222980010613793821,-0.090363776367345350871921289733941508360411777019989386206179,0.148509055908163662282019677566514622909897055745002653448455,-0.0176730729974950030212178348891029739233644108413402637325239,0.65381726368872836307573316498747882856493459877385630540174,False,,,True,False
309,29,0.0263631506351596461068608753769555177162238121386703500612971,-0.108036849364840353893139124623044482283776187861329649938703,0.0790907876587899115267152188442388794290559530346675875153243,-0.0101663771241825265122349172206062751078777409547488860045422,0.607210360075445055323630931906516078001964927435700048404107,False,,,True,False
310,73,0.0161967735109771195946259581563492426083460711839214640567549,-0.118203226489022880405374041843650757391653928816078535943245,0.186549193377744279898656489539087310652086517795980366014189,0.000334421787948485919820121974731242161778674310740752020974029,1.00752568565382168183621346067017387302647398321965542429022,False,,,True,True
311,40,0.016531195298925605514446080131080484770124745494662216077729,-0.117868804701074394485553919868919515229875254505337783922271,0.104132798824731401378611520032770121192531186373665554019432,-0.00681025170014634583821609262764038135294482191771826497543496,0.632656238940104815324982559792146634285998035956214184012284,False,,,True,False
312,95,0.00972094359877925967622998750344010341717992357694395110229402,-0.124679056401220740323770012496559896582820076423056048897706,0.239930235899694814919057496875860025854294980894235987775574,0.0378697499316175196685894749069629789651803796769866525239436,3.07909615161753793190706323278162394518354433572073374178296,False,,,False,True
313,61,0.0475906935303967793448194624104030823823603032539306036262376,-0.0868093064696032206551805375895969176176396967460693963737624,0.164397673382599194836204865602600770595590075813482650906559,-0.0106116181095783955817638295423754667280868363653828510842746,0.771242443531477519795954152116055197697297223235915494777591,False,,,True,False
314,26,0.036979075420818383763055632868027615654273466888547752541963,-0.097420924579181616236944367131972384345726533111452247458037,0.0742447688552045959407639082170069039135683667221369381354908,-0.0129460427137742922641137653427187984712850434761404083579319,0.4787330292126671095227962246970757439388464770887128337161,False,,,True,False
315,83,0.0240330327070440914989418675253088171829884234124073441840311,-0.110366967292955908501058132474691182817011576587592655815969,0.213508258176761022874735466881327204295747105853101836046008,0.0215654448237397936235817141052257145413707152570934633809204,1.67836622883616849019457902086168951801955610133674404956303,False,,,True,True
316,49,0.0455984775307838851225235816305345317243591386695008075649515,-0.0888015224692161148774764183694654682756408613304991924350485,0.133899619382695971280630895407633632931089784667375201891238,-0.0231237609712780306737118777805738125778862228646979562045132,0.561130820378225474718957968852402918668449544443611812221275,False,,,True,False
317,68,0.0224747165595058544488117038499607191464729158048028513604383,-0.111925283440494145551188296150039280853527084195197148639562,0.17561867913987646361220292596249017978661822895120071284011,0.00653413249580725929590673076437191153475038876464149823222888,1.25216520225878669449217917597705122307544370902239022696755,False,,,True,True
318,32,0.0290088490553131137447184346143326306812233045694443495926672,-0.105391150944686886255281565385667369318776695430555650407333,0.0872522122638282784361796086535831576703058261423610873981668,-0.0183907724830657012752982764938369679410616845241966802039665,0.398628771672470610879233949353296882884525579106593222721255,False,,,True,False
319,88,0.0106180765722474124694201581204956627401616200452476693887007,-0.123781923427752587530579841879504337259838379954752330611299,0.222654519143061853117355039530123915685040405011311917347175,0.0282989862703795708857298775575468834318412265789823078842947,2.7726656445029221572321060031422055286823556953726463755514,False,,,False,True
320,44,0.0389170628426269833551500356780425461720028466242299772729953,-0.0954829371573730166448499643219574538279971533757700227270047,0.119729265710656745838787508919510636543000711656057494318249,-0.0213575553580704255097834856993050888713411855412088092697366,0.546832854466512434929108889740572348256050844341699164946532,False,,,True,False
321,17,0.0175595074845565578453665499787374573006616610830211680032588,-0.116840492515443442154633450021262542699338338916978831996741,0.0468898768711391394613416374946843643251654152707552920008147,-0.00398499899331104920634136132786895219728837885893318731170079,0.682159007688876214341400313690204670075091221552126867615226,False,,,True,False
322,76,0.013574508491245508639025188650868505103373282224087980691558,-0.120825491508754491360974811349131494896626717775912019308442,0.193393627122811377159756297162717126275843320556021995172889,0.00592021175702205185786222086935232369149597552772079335849595,1.14186271644828093642506639141756738209554680592327887287213,False,,,True,True
323,56,0.0194947202482675604968874095202208287948692577518087740500539,-0.114905279751732439503112590479779171205130742248191225949946,0.144873680062066890124221852380055207198717314437952193512513,-0.00885438783190620878622291918807198521687329136029128685762558,0.755791425889743523490675469830615460356034645861476969835394,False,,,True,False
324,24,0.0106403324163613517106644903321488435779959663915174871924283,-0.123759667583638648289335509667851156422004033608482512807572,0.0626600831040903379276661225830372108944989915978793717981071,-0.00464848207765657960737585967669327171759052518904644336050355,0.418417589501135688954807119199185395840646993787120268836064,False,,,True,False
325,96,0.0059918503387047721032886306554555718604054412024710438319248,-0.128408149661295227896711369344544428139594558797528956168075,0.241497962584676193025822157663863892965101360300617760957981,0.0359703264393476865857761040822168453009825581963769282464286,2.82713183602471820276224633857611142781161236882709408668559,False,,,False,True
326,63,0.0419621767780524586890647347376724171613879993988479720783534,-0.0924378232219475413109352652623275828386120006011520279216466,0.167990544194513114672266183684418104290346999849711993019588,-0.00359686428158978648814680958597528286689165219012113760136909,0.916691883772735587422265401011392501612914681231546420621089,False,,,True,False
327,38,0.0383653124964626722009179251516971342944963472087268344769843,-0.0960346875035373277990820748483028657055036527912731655230157,0.104591328124115668050229481287924283573624086802181708619246,-0.0203929362849922828119655019646680620026007448425131509090454,0.469668012855997873596755386610216245407168592198495711333829,False,,,True,False
328,80,0.0179723762114703893889524231870290722918956023662136835679389,-0.116427623788529610611047576812970927708104397633786316432061,0.204493094052867597347238105796757268072973900591553420891985,0.015299062716174896722339694453647158080610694230686111234641,1.53930184407466774728097989541829347706461819886206268058627,False,,,True,True
329,47,0.0332714389276452861112921176406762303725062965968997948025799,-0.10112856107235471388870788235932376962749370340310020519742,0.125817859731911321527823029410169057593126574149224948700645,-0.0158356523216812704045386316914553261353593336964895776178658,0.579406002454712042652871200142656498660450523593418051845755,False,,,True,False
330,19,0.0174357866059640157067534859492209042371469629004102171847141,-0.116964213394035984293246514050779095762853037099589782815286,0.0518589466514910039266883714873052260592867407251025542961785,-0.00831858940900829974783420330438483242866717963055178979690104,0.46987540384590770731966581616687889800489883163429416384849,False,,,True,False
331,91,0.00911719719695571595891928264483607180847978326985842738781308,-0.125282802803044284041080717355163928191520216730141572612187,0.229779299299238928989729820661209017952119945817464606846953,0.0322803861103642335360266916935521509141853307040854824460433,2.49881324388953295833875997920709047495822442618535124798511,False,,,False,True
332,58,0.0413975833073199494949459743383882227226651139739439098338564,-0.0930024166926800505050540256616117772773348860260560901661436,0.155349395826829987373736493584597055680666278493485977458464,-0.0120349118756771358856017963846367232661039489946878034171722,0.739450537702237651389911472300470929236781387593054884897537,False,,,True,False
333,31,0.0293626714316428136093441779537514994565611649792561064166841,-0.105037328568357186390655822046248500543438835020743893583316,0.084840667857910703402336044488437874864140291244814026604171,-0.0123545247304162758163105412669566989734543129621424578325174,0.58161465319968733734727227511606326038031079075750152695907,False,,,True,False
334,72,0.0170081467012265377930336366867948004831068520171136485841667,-0.117391853298773462206966363313205199516893147982886351415833,0.184252036675306634448258409171698700120776713004278412146042,-0.0020971076090500058591730979986554439240628601563642406204101,0.9550629510377068860154076600316957558354266928555775750201,False,,,True,False
335,41,0.0149110390921765319338605386881393565590439918607494079637566,-0.119488960907823468066139461311860643440956008139250592036243,0.106227759773044132983465134672034839139760997965187351990939,-0.00836980813777563710820577939690372031913142635139767373596417,0.617806885359479115938645134258765669046075128834109599766578,False,,,True,False
336,86,0.00654123095440089482565475929123563623991256550935173422779245,-0.127858769045599105174345240708764363760087434490648265772208,0.216635307738600223706413689822808909059978141377337933556948,0.0215685886431991334882003314137824389648751381786566247697557,3.04143361599056860253302269811782371732283434876956838977589,False,,,False,True
337,25,0.0281098195976000283138550907050180752047877036880083589975481,-0.106290180402399971686144909294981924795212296311991641002452,0.069527454899400007078463772676254518801196925922002089749387,-0.0134116509904004430765308695782255295022206299767663284324593,0.54115489584520045322149262098548104098486949558435589151196,False,,,True,False
338,65,0.0146981686071995852373242211267925457025670737112420305650888,-0.119701831392800414762675778873207454297432926288757969434911,0.166174542151799896309331055281698136425641768427810507641272,-0.00561645918185605252396445997652674549676010033578913880732967,0.841951547964352132287008527402869996881115577553037978840891,False,,,True,False
339,13,0.00908170942534353271335976115026580020580697337545289175775917,-0.125318290574656467286640238849734199794193026624547108242241,0.0347704273563358831783399402875664500514517433438632229394398,-0.00436380804300459256575964887449899189686349772148254124146408,0.448232958565814088053006138384667795560187250905467401249301,False,,,True,False
340,99,0.0047179013823389401476001122757668083089434756539703505162951,-0.129682098617661059852399887724233191691056524346029649483705,0.248679475345584735036900028068941702077235868913492587629074,0.0555427873117158969418233294531453458532859557721365056216054,9.41275227811218087238046635288295606361370693078836166824649,False,,,False,True
341,51,0.0602606886940548370894234417289121541622294314261068561379005,-0.0741393113059451629105765582710878458377705685738931438620995,0.142565172173513709272355860432228038540557357856526714034475,-0.0256244521607226894755488203468662166164910125936341410253986,0.543456456515778725438124982697147147491447079005163970632,False,,,True,False
342,75,0.0346362365333321476138746213820459375457384188324727151125019,-0.0997637634666678523861253786179540624542615811675272848874981,0.196159059133333036903468655345511484386434604708118178778125,0.0151619257765073280689924567733574480295392260571885502902974,1.50745912813473434478790825853038191959988852483080849757174,False,,,True,True
343,36,0.0497981623098394756828670781554033855752776448896612654027992,-0.0846018376901605243171329218445966144247223551103387345972008,0.1024495405774598689207167695388508463938194112224153163507,-0.0277787110883616440891720143588954537113629653880099863355919,0.469611340447454878310516262011668761016546411388650541217572,False,,,True,False
344,60,0.0220194512214778315936950637965079318639146795016512790672074,-0.112380548778522168406304936203492068136085320498348720932793,0.155504862805369457898423765949126982965978669875412819766802,-0.00499998566472890455279479730353222451325974524928222455888289,0.839087148997153341260978916846650513430548631491553031546788,False,,,True,False
345,21,0.0170194655567489270409002664929757073506549342523690545083245,-0.117380534443251072959099733507024292649345065747630945491676,0.0567548663891872317602250666232439268376637335630922636270811,-0.00244734154228063263050459150608196228811486659960674499208351,0.757092403652460301376243043471929373681020270805073076941538,False,,,True,False
346,84,0.014572124014468294410395674986893745062540067652762309516241,-0.119827875985531705589604325013106254937459932347237690483759,0.21364303100361707360259891874672343626563501691319057737906,0.0150682851776744207581012112716431473645267528109118675443896,1.39854368681057398082422768476752073323781187162740070083904,False,,,True,True
347,45,0.0296404091921427151684968862585368924270668204636741770606305,-0.104759590807857284831503113741463107572933179536325822939369,0.119910102298035678792124221564634223106766705115918544265158,-0.018056711096690400031511674256295766183772040332796105269715,0.555757693500106615259273022397880118078032799643817114258312,False,,,True,False
348,93,0.0115836980954523151369852120022411262432947801308780717909155,-0.122816301904547684863014787997758873756705219869121928209084,0.235395924523863078784246303000560281560823695032719517947729,0.0396902787727455355125729152559284946858831700490035528169391,3.80285766122932075169343101916551913925190650169090444888445,False,,,False,True
349,54,0.0512739768681978506495581272581696209291779501798816246078546,-0.0831260231318021493504418727418303790708220498201183753921454,0.147818494217049462662389531814542405232294487544970406151964,-0.0150287550116521318115501035717989471572458410167278060877849,0.676048563712224616927634929459541525362769158098420761410137,False,,,True,False
350,29,0.0362452218565457188380080236863706737719321091631538185200697,-0.0981547781434542811619919763136293262280678908368461814799303,0.0815613054641364297095020059215926684429830272907884546300174,-0.0106771198088721195118744481578322326589150819141283442216444,0.614153935003191270208517718410975692262785331219008474495771,False,,,True,False
351,71,0.0255681020476735993261335755285384411130170272490254742984253,-0.108831897952326400673866424471461558886982972750974525701575,0.183892025511918399831533393882134610278254256812256368574606,-0.00632961789012773674777716232655613277859396095880110647458711,0.873603634321807049642876293418273453100226302707074733350638,False,,,True,False
352,39,0.0192384841575458625783564132019823083344230662902243678238382,-0.115161515842454137421643586798017691665576933709775632176162,0.10230962103938646564458910330049557708360576657255609195596,-0.00698835061190296702982768459747626676502321473538994969684437,0.692600875550953403394271078494280252869681526241814348222297,False,,,True,False
353,81,0.0122501335456428955485287286045060415693998515548344181269939,-0.122149866454357104451471271395493958430600148445165581873006,0.205562533386410723887132182151126510392349962888708604531748,0.0122531482770496818209063489163967876419396906051978108967881,1.68407788276653651771158951711119363195303858471103275630618,False,,,True,True
354,22,0.024503281822692577369435077520902829211339542160032229023782,-0.109896718177307422630564922479097170788660457839967770976218,0.0611258204556731443423587693802257073028348855400080572559455,-0.0125634197395033920141144208206610879390594368839232625909646,0.531422842954780095734774400299124435515596842419467537994867,False,,,True,False
355,63,0.0119398620831891853553206567002417412722801052761089664328174,-0.122460137916810814644679343299758258727719894723891033567183,0.160484965520797296338830164175060435318070026319027241608204,-0.00496028223422846542533094880550278217128922974521747859544001,0.782532399967940796882756688572389742587762299617950045523008,False,,,True,False
356,94,0.00697957984896071992998970789473895910099087553089148783737734,-0.127420420151039280070010292105261040899009124469108512162623,0.236744894962240179982497426973684739775247718882722871959344,0.0463863343848579480589345645790831869094230272826985487351716,5.69411520737112960599543140980959930245811089502013300702815,False,,,False,True
357,47,0.053365914233818667988924272473822146010413902813590036572549,-0.081034085766181332011075727526177853989586097186409963427451,0.130841478558454666997231068118455536502603475703397509143137,-0.0268378582248391227443875268942074153254580746905922771768243,0.517933760869884150618815571233147215092992624899304094413454,False,,,True,False
358,31,0.0265280560089795452445367455796147306849558281229977593957247,-0.107871943991020454755463254420385269315044171877002240604275,0.0841320140022448863111341863949036826712389570307494398489312,-0.00781047344877436114668717817396498215057887884609889115691309,0.659051367359044757637391381738937758855048281129211624035966,False,,,True,False
359,77,0.0187175825602051840978495674056497485343769492768988682388116,-0.115682417439794815902150432594350251465623050723101131761188,0.197179395640051296024462391851412437133594237319224717059703,0.00511425240587756041702429992901615113584866515186220758432384,1.11764812720959972309666447338001328847635756423894946359338,False,,,True,True
360,56,0.0238318349660827445148738673346658996702256144287610758231354,-0.110568165033917255485126132665334100329774385571238924176865,0.145957958741520686128718466833666474917556403607190268955784,-0.00610310369902026241772147024380833467115369884862410247369527,0.780924180449112737540730138832793339569496450066827321118278,False,,,True,False
361,17,0.0177287312670624820971523970908575649990719155801369733494401,-0.11667126873293751790284760290914243500092808441986302665056,0.04693218281676562052428809927271439124976797889503424333736,-0.00889606291867953209596961427824898780414482093843246055417306,0.360409840398434048127869096615391305569979774010080457283843,False,,,True,False
362,89,0.00883266834838295000118278281260857719492709464170451279526707,-0.125567331651617049998817217187391422805072905358295487204733,0.224708167087095737500295695703152144298731773660426128198817,0.0289156338121840879423183560545425746557451554391856456501604,2.14329596139519517984046253526593307892503632949037544622207,False,,,False,True
363,42,0.0377483021605670379435011388671511518506722500808901584454275,-0.0966516978394329620564988611328488481493277499191098415545725,0.114437075540141759485875284716787787962668062520222539611357,-0.0183678254060634621419484654857911696173880834877008113417603,0.577776345150251855748761775642436777471880736701479430909062,False,,,True,False
364,68,0.0193804767545035758015526733813599822332841665931893471036672,-0.115019523245496424198447326618640017766715833406810652896333,0.174845119188625893950388168345339995558321041648297336775917,0.000878787209732329557312588910533200385093091971288701301434247,1.02682384884807129206257548897966730782492589121103595253337,False,,,True,True
365,26,0.0202592639642359053588652622918931826183772585644780484051014,-0.114140736035764094641134737708106817381622741435521951594899,0.0700648159910589763397163155729732956545943146411195121012754,-0.0146888347855388009633791351868648760540112087477602866255062,0.412198760502833157676863584374176001904444334381466627889967,False,,,True,False
366,97,0.00557042917869710439548612710502830656436604981671776177959526,-0.128829570821302895604513872894971693435633950183282238220405,0.243892607294674276098871531776257076641091512454179440444899,0.048004386353444154976811498328189197410941821828847855348394,4.87336592619482092045572268312832818593115395980804992174836,False,,,False,True
367,52,0.0535748155321412593722976254332175039753078716455656171279892,-0.0808251844678587406277023745667824960246921283544343828720108,0.143393703883035314843074406358304375993826967911391404281997,-0.0209427082681682664670774877732141955640655505343463792543827,0.59102087142985508937669238058312044559905539368205987135585,False,,,True,False
368,73,0.0326321072639729929052201376600033084112423211112192378736065,-0.101767892736027007094779862339996691588757678888780762126393,0.190658026815993248226305034415000827102810580277804809468402,0.0113370323892752754238201809626670760333741736909580676926325,1.35661147546300824434706742772545176650234885506862246626108,False,,,True,True
369,35,0.043969139653248268329040318622670384444616494802177305566239,-0.090430860346751731670959681377329615555383505197822694433761,0.0984922849133120670822600796556675961111541237005443263915598,-0.0244749184616746698050549244009928099248483473149477821067145,0.460412726655114112167396325493731141230799114340971449216959,False,,,True,False
370,83,0.0194942211915735985239853942216775745197681474872295234595245,-0.114905778808426401476014605778322425480231852512770476540475,0.212373555297893399630996348555419393629942036871807380864881,0.0232943076991966155077153413588497853698512510128762699495775,1.95101127122695058797170798126002703590569180353630926022318,False,,,True,True
371,46,0.042788528890770214031700735580527359889619398500105793409102,-0.091611471109229785968299264419472640110380601499894206590898,0.125697132222692553507925183895131839972404849625026448352275,-0.0204944364735446871960525550723737977607735358974014279146001,0.576644428774442596561890815069642019186485526142131213653022,False,,,True,False
372,20,0.0222940924172255268356481805081535621288458626027043654945019,-0.112105907582774473164351819491846437871154137397295634505498,0.0555735231043063817089120451270383905322114656506760913736255,-0.00872052613252393172911724246604364053405367402773852373412082,0.593421646626764017928514142967322614005096987058874537651965,False,,,True,False
373,65,0.0135735662847015951065309380421099215947921885749658417603811,-0.120826433715298404893469061957890078405207811425034158239619,0.165893391571175398776632734510527480398698047143741460440095,-0.00528471867375451651214829113375915069217050534620749906536034,0.776774475580468473823680149365563284397533861271654664118409,False,,,True,False
374,90,0.00828884761094707859438264690835077090262168322875834269502075,-0.126111152389052921405617353091649229097378316771241657304979,0.227072211902736769648595661727087692725655420807189585673755,0.0367851664153138472002417969929892673540463445293908791017702,3.63766562577591235961152472206344200774636646795690051679281,False,,,False,True
375,39,0.0450740140262609257946244439013400382566680277581492217967909,-0.0893259859737390742053755560986599617433319722418507782032091,0.108768503506565231448656110975335009564167006939537305449198,-0.0231327021928649698315335010702567411949224829748112786329869,0.532142572887170304872900108883151307439405206715172965292781,False,,,True,False
376,59,0.021941311833395955963090942831083297061745544783337943163804,-0.112458688166604044036909057168916702938254455216662056836196,0.152985327958348988990772735707770824265436386195834485790951,-0.00644442000855446363527725271373995977454257743332262982118623,0.803713505798635711479452048652175479332787536174573093821944,False,,,True,False
377,16,0.0154968918248414923278136901173433372872029673500153133426178,-0.118903108175158507672186309882656662712797032649984686657382,0.0438742229562103730819534225293358343218007418375038283356544,-0.00665317589267199203652187838477309217499794633811544928011625,0.522450536899181396926903237359765276484881637680895692777236,False,,,True,False
378,79,0.00884371593216950029129181173257024511220502101189986406250151,-0.125556284067830499708708188267429754887794978988100135937498,0.199710928983042375072822952933142561278051255252974966015625,0.0113171793076589058841201345210485346736110389324433714100341,1.36545815268374236598659337848985194460760649463479260111544,False,,,True,True
379,31,0.0201608952398284061754119462536187797858160599443432354725357,-0.114239104760171593824588053746381220214183940055656764527464,0.0825402238099571015438529865634046949464540149860858088681339,-0.0155032030455089715214637841777594663479342859249864058150119,0.482259400756874835074089776510210427799452898516805509105787,False,,,True,False
380,98,0.00465769219431943465394816207585931343788177401935682965752371,-0.129742307805680565346051837924140686562118225980643170342476,0.246164423048579858663487040518964828359470443504839207414381,0.0531188439074834534102636346070062904895522879719557879904245,7.62296095830024710818431986780930412814153918680044619311471,False,,,False,True
381,53,0.0577765361018028880642117966828656039274340619913126176479482,-0.0766234638981971119357882033171343960725659380086873823520518,0.146944134025450722016052949170716400981858515497828154411987,-0.0214564705603144576752718694890492084118448329611306300488678,0.595177719431281416873880725948049622479462745485899773417275,False,,,True,False
382,70,0.0363200655414884303889399271938163955155892290301819875990804,-0.0980799344585115696110600728061836044844107709698180124009196,0.18408001638537210759723498179845409887889730725754549689977,0.00476338611131394209161981188059636092339336424262955423669887,1.12652209717589028724217152990972027956089635770467988324159,False,,,True,True
383,36,0.0410834516528023724805597390744127564389825932728115418357792,-0.0933165483471976275194402609255872435610174067271884581642208,0.100270862913200593120139934768603189109745648318202885458945,-0.0218080197483732239765465373005949989265445368205905594420328,0.456266068028318127239889371097985661042876540700655579743658,False,,,True,False
384,85,0.0192754319044291485040132017738177575124380564522209823937464,-0.115124568095570851495986798226182242487561943547779017606254,0.217318857976107287126003300443454439378109514113055245598437,0.0263302463872398358642117356335698085414080255137639859265196,2.15891753968364593806264091343743981812782491520557974851794,False,,,False,True
385,47,0.045605678291668984368224937407387566053846081965984968320266,-0.088794321708331015631775062592612433946153918034015031679734,0.128901419572917246092056234351846891513461520491496242080067,-0.0206574456848888765218505164941757099144636099193111145360855,0.56289190453629387777111625036334462070659373384013639226821,False,,,True,False
386,22,0.0249482326067801078463744209132118561393824720466738537841806,-0.109451767393219892153625579086788143860617527953326146215819,0.0612370581516950269615936052283029640348456180116684634460451,-0.00862197396276022085305769185811113667596899962466257574313622,0.573368340372407377694696740789273383653088729672859898510588,False,,,True,False
387,75,0.0163262586440198869933167290551007194634134724220112780410444,-0.118073741355980113006683270944899280536586527577988721958956,0.191581564661004971748329182263775179865853368105502819510261,0.00307251203147353883513269323263296542767706975811740256039756,1.07047570127796823751422059481435151193605229578755892163042,False,,,True,True
388,58,0.0193987706754934258284494222877336848910905421801286806014419,-0.115001229324506574171550577712266315108909457819871319398558,0.14984969266887335645711235557193342122277263554503217015036,-0.00560995766740848648698239408277052654906738345589699106083016,0.843280274078291084524646220786621533304776591817035964681409,False,,,True,False
389,27,0.0137888130080849393414670282049631583420231587242316895406118,-0.120611186991915060658532971795036841657976841275768310459388,0.0709472032520212348353667570512407895855057896810579223851529,-0.00532555015240999030454519492447139722806271945496045295929516,0.495077586472092837896831653891582034623168915335175531444817,False,,,True,False
390,92,0.00846326285567494903692183328049176111396043926927123658131659,-0.125936737144325050963078166719508238886039560730728763418683,0.232115815713918737259230458320122940278490109817317809145329,0.0281142869721485393889277009744745250807202937051483022084514,1.98255501219390295588736333410261272123315086308035711288554,False,,,False,True
391,43,0.036577549827823488425849534254966286194680732974419538789768,-0.097822450172176511574150465745033713805319267025580461210232,0.116644387456955872106462383563741571548670183243604884697442,-0.0172779463909426439690650109222867564085411068196694824358124,0.60116036115235912608063980850634736114231507470285155642318,False,,,True,False
392,67,0.0192996034368808444567845233326795297861396261547500563539556,-0.115100396563119155543215476667320470213860373845249943646044,0.172324900859220211114196130833169882446534906538687514088489,-0.000372808979049992952002703339701409304129766272292351755257338,0.985554498834014394977856274029255846629912102030314628054483,False,,,True,False
393,18,0.0189267944578308515047818199929781204820098598824577045986983,-0.115473205542169148495218180007021879517990140117542295401302,0.0497316986144577128761954549982445301205024649706144261496746,-0.010348798309202113864225995284388301484015593210986449058943,0.408491146777576664752207042916717026363329518321649445486972,False,,,True,False
394,87,0.00857799614862873764055582470858981899799426667147125553975528,-0.125822003851371262359444175291410181002005733328528744460245,0.219644499037157184410138956177147454749498566667867813884939,0.0287049475618119789570941678853665602524800041649852219494553,2.11043419452348402750858800717243906504633157651388390151453,False,,,False,True
395,50,0.0372829437104407165976499925939563792504742708364564774892106,-0.0971170562895592834023500074060436207495257291635435225107894,0.134320735927610179149412498148489094812618567709114119372303,-0.0202456487790694645939728734518386383288769759582462964498416,0.593503909066903285603780954119065617409474188329081575976625,False,,,True,False
396,32,0.017037294931371252003677119142117740921597294878210181039369,-0.117362705068628747996322880857882259078402705121789818960631,0.0842593237328428130009192797855294352303993237195525452598422,-0.00929987512923760500727012705038414273274507217432200817793792,0.610762527045762293406627827690671743238653666294398516134197,False,,,True,False
397,78,0.00773741980213364699640699209173359818885222270388817286143107,-0.126662580197866353003593007908266401811147777296111827138569,0.196934354950533411749101748022933399547213055675972043215358,0.00593294329278214596588594765657458240734297561534798098844718,1.31196144041897832172188978917889772947805525313102234791505,False,,,True,True
398,60,0.0136703630949157929622929397483081805961951983192361538498782,-0.120729636905084207037707060251691819403804801680763846150122,0.15341759077372894824057323493707704514904879957980903846247,0.00158507732827293268857759746078529067731388622584511147248846,1.07165065840795443928532298253196089576577524897399041038859,False,,,True,True
399,21,0.0152554404231887256508705372090934712735090845450812653223667,-0.119144559576811274349129462790906528726490915454918734677633,0.0563138601057971814127176343022733678183772711362703163305917,-0.010786223158164374170773164385515332573165276207376352143443,0.328352191818883806324284294247963550997114263931990261214413,False,,,True,False
400,96,0.00446921726502435148009737282357813870034380833770491317892367,-0.129930782734975648519902627176421861299656191662295086821076,0.241117304316256087870024343205894534675085952084426228294731,0.0409190189461445606987360569897556024857469534359812804501274,3.33347974345591971689814882969143503396892088672151372572773,False,,,False,True
401,44,0.0453882362111689121788334298133337411860907617736861936290511,-0.0890117637888310878211665701866662588139092382263138063709489,0.121347059052792228044708357453333435296522690443421548407263,-0.0206089102782568262904595530304143500443832636449744945740856,0.55497225229951516185351194327053612026410995991513946387239,False,,,True,False
402,71,0.0247793259329120858883738767829193911417074981287116990549655,-0.109620674067087914111626123217080608858292501871288300945034,0.183694831483228021472093469195729847785426874532177924763741,0.00423810210449775373703010383955766097489752994598352614369397,1.12557813594488997100036807407962530943557587367358637909188,False,,,True,True
403,30,0.0290174280374098396254039806224770521166050280746952251986595,-0.105382571962590160374596019377522947883394971925304774801341,0.0822543570093524599063509951556192630291512570186738062996649,-0.0182490922533369601277297131089874950339058938728488750274864,0.465941031469333288017005909093257224346556599284779955473212,False,,,True,False
404,82,0.010768335784072879497674267513489557082699134201846350171173,-0.123631664215927120502325732486510442917300865798153649828827,0.207692083946018219874418566878372389270674783550461587542793,0.0220672113706105568688963672690125308434271546521436220410181,1.74378292531631911337957669078988716008847293588261838858012,False,,,True,True
405,53,0.0328355471546834363665706347825020879261262888539899722121911,-0.101564452845316563633429365217497912073873711146010027787809,0.140708886788670859091642658695625521981531572213497493053048,-0.0145456869354629696084722919586234072777209967471501926697051,0.640173699955192270611547625230168324371288610814914183343606,False,,,True,False
406,17,0.018289860219220466758098342823878680648405292106839779542486,-0.116110139780779533241901657176121319351594707893160220457514,0.0470724650548051166895245857059696701621013230267099448856215,-0.0137092001646091554623321606590979068040097263651040960232832,0.388200042271433349711586459236022784806197415125933159253958,False,,,True,False
407,93,0.00458066005461131129576618216478077384439556574173568351920279,-0.129819339945388688704233817835219226155604434258264316480797,0.233645165013652827823941545541195193461098891435433920879801,0.0418963318910726406496550176056019278918180041510819260285499,3.97058377662315685237841093572890839911628794562758789790292,False,,,False,True
408,41,0.0464769919456839519454211997703827017362135698928176095477527,-0.0879230080543160480545788002296172982637864301071823904522473,0.114119247986420987986355299942595675434053392473204402386938,-0.01696754559922620316931738285454819952941003588155432727233,0.607271297331649600714729661535513890168105459808257172137368,False,,,True,False
409,65,0.0295094463464577487761038169158345022068035340112632822754226,-0.104890553653542251223896183084165497793196465988736717724577,0.169877361586614437194025954228958625551700883502815820568856,-0.00864565200282346667993326270830082965743412727870960217814087,0.79422991076917366427530717076759809131155025372065250340779,False,,,True,False
410,26,0.0208637943436342820961705542075336725493694067325536800972817,-0.113536205656365717903829445792466327450630593267446319902718,0.0702159485859085705240426385518834181373423516831384200243204,-0.0112263195619383397374827880070079797976104407002468138097373,0.532892748420512617994954263334902266334620381872590288401928,False,,,True,False
411,76,0.00963747478169594235868776620052569275175896603230686628754444,-0.124762525218304057641312233799474307248241033967693133712456,0.192409368695423985589671941550131423187939741508076716571886,0.00791570111031133483111392700309110233417462123074134130156211,1.19735140345147055301500730240671043916369725437173932864256,False,,,True,True
412,48,0.0175531758920072771898016932036167950859335872630482075891065,-0.116846824107992722810198306796383204914066412736951792410893,0.124388293973001819297450423300904198771483396815762051897277,-0.0110087715775050099189000714485590857147925658982457965597477,0.580209708942781772138810811233679586738729140204667593312817,False,,,True,False
413,11,0.00654440431450226727090162175505770937114102136480241102935889,-0.127855595685497732729098378244942290628858978635197588970641,0.0291361010786255668177254054387644273427852553412006027573397,-0.00290262957426249660534270281764175220900875649332665283701624,0.446845782810999522361352946178441909400213266151291180016867,False,,,True,False
414,99,0.00364177474023977066555891893741595716213226487147575819234265,-0.130758225259760229334441081062584042837867735128524241807657,0.248410443685059942666389729734353989290533066217868939548086,0.0464679254977856136700985333805068657797167555984669300512885,8.77665846058133627747900693047115540388244799789821781602526,False,,,False,True
415,58,0.0501097002380253843356574523179228229418490204699426882436312,-0.0842902997619746156643425476820771770581509795300573117563688,0.157527425059506346083914363079480705735462255117485672060908,-0.0138482748150672579478237658214047502286500809961581709130263,0.721874749284253133179800149046411800416557846840836607066027,False,,,True,False
416,35,0.0362614254229581263878336864965180727131989394737845173306049,-0.0981385745770418736121663135034819272868010605262154826693951,0.0965653563557395315969584216241295181782997348684461293326512,-0.0107428646276190612689735303187771485203014676785418438498129,0.579206696199461852329146869696385017909459620954575537477439,False,,,True,False
417,84,0.025518560795339065118860156177740924192897471795242673480792,-0.108881439204660934881139843822259075807102528204757326519208,0.216379640198834766279715039044435231048224367948810668370198,0.0142028628736318246149090236069066080467671730136696954069262,1.39141587838068405537051390991902689164127002869452216107993,False,,,True,True
418,51,0.0397214236689708897337691797846475322396646448089123688877182,-0.0946785763310291102662308202153524677603353551910876311122818,0.13743035591724272243344229494616188305991616120222809222193,-0.0145014943750015583985464124120005980128424986349352457010959,0.668146987502722099989602718368628967972833482770799364319133,False,,,True,False
419,70,0.0252199292939693313352227673726469342268221461739771231866222,-0.109180070706030668664777232627353065773177853826022876813378,0.181304982323492332833805691843161733556705536543494280796656,0.00927680743938968394805699299347011365818107177043023356197431,1.39045641202024219501838355939354861427585390086994903610098,False,,,True,True
420,25,0.0344967367333590152832797603661170478850032179444073567485965,-0.0999032632666409847167202396338829521149967820555926432514035,0.0711241841833397538208199400915292619712508044861018391871491,-0.0199025239294232097111530575657898411614944703992169369973303,0.358571778267067076773516234498972147691136391643731266738736,False,,,True,False
421,89,0.0145942128039358055721267028003272067235087475451904197512663,-0.119805787196064194427873297199672793276491252454809580248734,0.226148553200983951393031675700081801680877186886297604937817,0.0326419850391762068605662860928404428880111969428836068345542,2.45907257534933546669690422222803820892631285816008447933265,False,,,False,True
422,43,0.0472361978431120124326929888931676496115199444880740265858204,-0.0871638021568879875673070111068323503884800555119259734141796,0.119309049460778003108173247223291912402879986122018506646455,-0.0223529618859736102185690968883340049715214584676868713820822,0.554532699160160892718770132835904721201590219070423418245705,False,,,True,False
423,63,0.0248832359571384022141238920048336446399984860203871552037382,-0.109516764042861597785876107995166355360001513979612844796262,0.163720808989284600553530973001208411159999621505096788800935,-0.00345225360061267095405163323378365002078640312838220084040795,0.883530620656251946415246015620579151030573718267668397241597,False,,,True,False
424,19,0.0214309823565257312600722587710499946192120828920049543633303,-0.11296901764347426873992774122895000538078791710799504563667,0.0528577455891314328150180646927624986548030207230012385908326,-0.00963018961686312660693204043190066535540138971955740201496623,0.472528873878498470730609060487878693972370113666180948965636,False,,,True,False
425,80,0.0118007927396626046531402183391493292638106931724475523483641,-0.122599207260337395346859781660850670736189306827552447651636,0.202950198184915651163285054584787332315952673293111888087091,0.0145511036762915630240589909351944426966579891499689239168729,1.45133002905892244464587862591334073183928106849325247379892,False,,,True,True
426,37,0.0263518964159541676771992092743437719604686823224164762652369,-0.108048103584045832322800790725656228039531317677583523734763,0.0990879741039885419192998023185859429901171705806041190663092,-0.0189490760975405952193797818359822398095935005230128244045986,0.503699087588356891873747822081092101391206625690344221220433,False,,,True,False
427,95,0.00740282031841357245781942743836153215087518179940365186063834,-0.126997179681586427542180572561638467849124818200596348139362,0.23935070507960339311445485685959038303771879544985091296516,0.0475349605675225922054379036641115260990728839571917644547131,5.06448898693483464641399074196902932578202451266142136477997,False,,,False,True
428,55,0.0549377808859361646632573311024730582499480657565954163153514,-0.0794622191140638353367426688975269417500519342434045836846486,0.151234445221484041165814332775618264562487016439148854078838,-0.0210695485294007192417713073183554801321213074148839769928206,0.606786865036923394691025818991914704408905530380280931274565,False,,,True,False
429,30,0.0338682323565354454214860237841175781178267583417114393225308,-0.100531767643464554578513976215882421882173241658288560677469,0.0834670580891338613553715059460293945294566895854278598306327,-0.00850038974292037331846495445321019808852903676874064198775966,0.659326868791402314573497813170080389708604646454305942354114,False,,,True,False
430,73,0.0253678426136150721030210693309073800292977215729707973347711,-0.109032157386384927896978930669092619970702278427029202665229,0.188841960653403768025755267332726845007324430393242699333693,-0.0019141039747344018436085570168524757076537050555844325655597,0.960794591580105924948554681915630646087548115319081658107276,False,,,True,False
431,46,0.0234537386388806702594125123140549043216440165173863647692114,-0.110946261361119329740587487685945095678355983482613635230789,0.120863434659720167564853128078513726080411004129346591192303,-0.0115376545469661836226536150404325402056165457775814945710411,0.584998591476421194250965852813057103350394293773190842290765,False,,,True,False
432,86,0.0119160840919144866367588972736223641160274707398048701981703,-0.12248391590808551336324110272637763588397252926019512980183,0.217979021022978621659189724318405591029006867684951217549543,0.0243920434504936229935673781626673164335511977749484984251738,3.0499869789430125071010554868999079345994245561430784176211,False,,,False,True
433,26,0.0363081275424081096303262754362896805495786685147533686233441,-0.0980918724575918903696737245637103194504213314852466313766559,0.074077031885602027407581568859072420137394667128688342155836,-0.0139202235481420387298256261022037620394979236711088348695039,0.552628297586741982528707821490853742858986861724055630594303,False,,,True,False
434,65,0.0223879039942660709005006493340859185100807448436445337538402,-0.11201209600573392909949935066591408148991925515635546624616,0.16809697599856651772512516233352147962752018621091113343846,-0.00873838630251560040001269634043176691746283454435530953359407,0.820891611471579485225172259259334506792290687289702085748631,False,,,True,False
435,15,0.0136495176917504705004879529936541515926179102992892242202461,-0.120750482308249529499512047006345848407382089700710775779754,0.0409123794229376176251219882484135378981544775748223060550615,-0.00740511627009780746026942134016649350658371652457106589050964,0.461983443206402942755143266986481196917558326031166455246729,False,,,True,False
436,91,0.00624440142165266304021853165348765808603419377471815832973648,-0.128155598578347336959781468346512341913965806225281841670264,0.229061100355413165760054632913371914521508548443679539582434,0.0416374759219656459252617632408878601517796102877779412106596,3.66432115471432423208432493517087348111952477429575189246132,False,,,False,True
437,50,0.0478818773436183089654802948943755182378138040624960995403961,-0.0865181226563816910345197051056244817621861959375039004596039,0.136970469335904577241370073723593879559453451015624024885099,-0.0251297792534926404023199149891862338103874711375872462175669,0.560579206884441296284619900004740088018317404159662482518655,False,,,True,False
438,36,0.0227520980901256685631603799051892844274263329249088533228292,-0.111647901909874331436839620094810715572573667075091146677171,0.0956880245225314171407900949762973211068565832312272133307073,-0.00733565773483851262011932169619112427314661773381891497055018,0.702854695827667480164352415384699701830431359149464672520993,False,,,True,False
439,77,0.015416440355287155943041058208998160154279715191089938352279,-0.118983559644712844056958941791001839845720284808910061647721,0.19635411008882178898576026455224954003856992879777248458807,0.00411731821360209815052745096138113716240132590947937702996583,1.09523930049221657144753707957962950879197515104350172704848,False,,,True,True
440,59,0.0195337585688892540935685091703792973166810411005693153822449,-0.114866241431110745906431490829620702683318958899430684617755,0.152383439642222313523392127292594824329170260275142328845561,-0.00107859245535297747363893502737943392976011085916742219020546,0.959610789037081289031748589353107256308103383744227018476692,False,,,True,False
441,21,0.0184551661135362766199295741429998633869209302414018931920394,-0.115944833886463723380070425857000136613079069758598106807961,0.0571137915283840691549823935357499658467302325603504732980099,-0.0146627418109598246859610135111335763063348789913454439762101,0.335805556273671227528404506132943754970927267959030154784091,False,,,True,False
442,98,0.00379242430257645193396856063186628708058605125005644921582934,-0.130607575697423548066031439368133712919413948749943550784171,0.245948106075644112983492140157966571770146512812514112303957,0.0468552964906084695280561732527810370175930694434665015052432,4.84001392894230096706884452630800359236967497524280092307038,False,,,False,True
443,44,0.0506477207931849214620247338846473240981791206935229507210726,-0.0837522792068150785379752661153526759018208793064770492789274,0.122661930198296230365506183471161831024544780173380737680268,-0.0169042602603588818875062667757219429005644583677024057277143,0.608235325466974694299321221837583431644714272344156391421146,False,,,True,False
444,69,0.0337434605328260395745184671089253811976146623258205449933583,-0.100656539467173960425481532891074618802385337674179455006642,0.18093586513320650989362961677723134529940366558145513624834,-0.00266421278042536497940394570813058146837125058927030369640179,0.935594754548441258763279261266597121886072519085391315055905,False,,,True,False
445,31,0.0310792477524006745951145214007947997292434117365502412969565,-0.103320752247599325404885478599205200270756588263449758703044,0.0852698119381001686487786303501986999323108529341375603242391,-0.0115062876335814226880202456359864385052206285452349974294143,0.526641219164863739022121023618715903191544739025884392788222,False,,,True,False
446,82,0.0195729601188192519070942757648083612240227831913152438675422,-0.114827039881180748092905724235191638775977216808684756132458,0.209893240029704812976773568941202090306005695797828810966886,0.0160473942744285163927450323554793010302144513698271918971109,1.4428454077693295892542078016804575161286417928530106743127,False,,,True,True
447,53,0.0356203543932477682998393081202876622542372345611424357646531,-0.0987796456067522317001606918797123377457627654388575642353469,0.141405088598311942074959827030071915563559308640285608941163,-0.0154139849341460064052683288293668868898722616636908664163148,0.622643933908326989235389294485374950516095319513910954284989,False,,,True,False
448,19,0.0202063694591017618945709792909207753643649728974515693483383,-0.114193630540898238105429020709079224635635027102548430651662,0.0525515923647754404736427448227301938410912432243628923370846,-0.00937989979776116152280881533871924724553262213014883723071032,0.458106413049653819258593281187331744691386765926085443318382,False,,,True,False
449,88,0.0108264696613406003717621639522015281188323507673027321176279,-0.123573530338659399628237836047798471881167649232697267882372,0.222706617415335150092940540988050382029708087691825683029407,0.028412460768685277090262417647489511774863373095554131816806,2.12660386776798871041836498446050680340167633055659440985692,False,,,False,True
450,41,0.0392389304300258774620245815996910398936957238628568639344339,-0.0951610695699741225379754184003089601063042761371431360655661,0.112309732607506469365506145399922759973423930965714215983608,-0.0164852516055363867005371893801613737053136367349749373818091,0.608313851760650927328244174837255267274134690030086810988453,False,,,True,False
451,66,0.0227536788244894907614873922195296661883820871278819265526248,-0.111646321175510509238512607780470333811617912872118073447375,0.170688419706122372690371848054882416547095521781970481638156,-0.00513593963296537798845980747699077075760505363435723652130347,0.866221433718126896620675322943556857962815387585402687871067,False,,,True,False
452,26,0.0176177391915241127730275847425388954307770334935246900313214,-0.116782260808475887226972415257461104569222966506475309968679,0.0694044347978810281932568961856347238576942583733811725078303,-0.010970518347056360931433320972661801782300601376379137286921,0.518213810528817280496746803335915696203699615155173331722862,False,,,True,False
453,94,0.00664722084446775184159426376987709364847643211714555274440033,-0.1277527791555322481584057362301229063515235678828544472556,0.2366618052111169379603985659424692734121191080292863881861,0.0412496937565693573620101179692808841462059669349889774578747,3.56928809203229935753769152323888297304855686107706470519806,False,,,False,True
454,56,0.0478969146010371092036043817391579777946823990521345302022751,-0.0865030853989628907963956182608420222053176009478654697977249,0.151974228650259277300901095434789494448670599763033632550569,-0.018746510822084138016309326560303723642115338600530322147613,0.648910180853541034789776472443798192941779895586740889436829,False,,,True,False
455,74,0.0291504037789529711872950551788542541525670604516042080546621,-0.105249596221047028812704944821145745847432939548395791945338,0.192287600944738242796823763794713563538141765112901052013666,0.0160319956973385032434990232727827752701473574343550093381819,1.58425504207609971099380167550431065978305652392051662645547,False,,,True,True
456,35,0.045182399476291474430794078451637029422714417885959217392844,-0.089217600523708525569205921548362970577285582114040782607156,0.098795599869072868607698519612909257355678604471489804348211,-0.0310069640256334102637257281342680481397546121418875371121777,0.433521951622300087421606774825017921176622127617076953140081,False,,,True,False
457,16,0.0141754354506580641670683503173689812829598057440716802806663,-0.120224564549341935832931649682631018717040194255928319719334,0.0435438588626645160417670875793422453207399514360179200701666,-0.00240565638454143301186202387973831086864511410247425076800542,0.7433329661080944902021932028119812525151167848073737491286,False,,,True,False
458,80,0.0117697790661166311552063264376306704143146916415974295126609,-0.122630220933883368844793673562369329585685308358402570487339,0.202942444766529157788801581609407667603578672910399357378165,0.0171677496809882658262434751930310838523502107547357657626209,1.51267391563367966900706689996090164258195584129281205648931,False,,,True,True
459,48,0.0289375287471048969814498016306617542666649023963331952752817,-0.105462471252895103018550198369338245733335097603666804724718,0.12723438218677622424536245040766543856666622559908329881882,-0.0236010425668662012389848966587410051807745809053262489510554,0.558749396121403058426584693080754756231880679543494013509319,False,,,True,False
460,23,0.00533648618023869574246490497192074908589032149100694632422639,-0.129063513819761304257535095028079250914109678508993053675774,0.0588341215450596739356162262429801872714725803727517365810566,-0.00138753500767035536208608772080786736006506334910935015593811,0.789221421571227084668879296236872784628434180138988805743417,False,,,True,False
461,92,0.00394895117256834038037881725111288172582525814189759616828828,-0.130451048827431659619621182748887118274174741858102403831712,0.230987237793142085095094704312778220431456314535474399042072,0.0363928601864575452881622804239490494721955709747917458826363,2.99673090276009889704213619756552607676795542704633925549994,False,,,False,True
462,61,0.0403418113590258856685410976750619311980208291166893420509245,-0.0940581886409741143314589023249380688019791708833106579490755,0.162585452839756471417135274418765482799505207279172335512731,-0.0124373286910847055066177591685655434992933178416658350759602,0.756686175794174807787746682345737486368804819544861877805646,False,,,True,False
463,39,0.0279044826679411801619233385064963876987275112750235069749643,-0.106495517332058819838076661493503612301272488724976493025036,0.104476120666985295040480834626624096924681877818755876743741,-0.0174052163055881846856326240335487766580784869539120024444114,0.551719183658723607834214621362528677707816360276148190623149,False,,,True,False
464,72,0.010499266362352995476290714472947611040649024321111504530553,-0.123900733637647004523709285527052388959350975678888495469447,0.182624816590588248869072678618236902760162256080277876132638,0.00677944776850739760347683085304158154984766599088333165427893,1.3501364334991481329247031570349694566396458788375509033586,False,,,True,True
465,20,0.0172787141308603930797675453259891925904966903119948361848319,-0.117121285869139606920232454674010807409503309688005163815168,0.054319678532715098269941886331497298147624172577998709046208,-0.0135523517395378573814954961791034873113972105869078170209258,0.397801758581301693254160468028826062322903197181147094268017,False,,,True,False
466,85,0.0037263623913225356982720491468857052790994797250870191639061,-0.130673637608677464301727950853114294720900520274912980836094,0.213431590597830633924568012286721426319774869931271754790977,0.0284004595084666203779269777320855424243102034941321282062062,2.1478960094014411943724075182279209124200619936939209185027,False,,,False,True
467,50,0.0321268218997891560761990268789712477034096832192191473701123,-0.102273178100210843923800973121028752296590316780780852629888,0.133031705474947289019049756719742811925852420804804786842528,-0.0196162153776546725319155841219910264452431198430296550880827,0.590410379562628166840655125023457275744674416761842535939301,False,,,True,False
468,29,0.0125106065221344835442834427569802212581665633761894922820296,-0.12188939347786551645571655724301977874183343662381050771797,0.0756276516305336208860708606892450553145416408440473730705074,-0.00966966616187337335903198810560793016219854198970957153587351,0.507726275316489437897572787885194050262059421086073547713023,False,,,True,False
469,99,0.0028409403602611101852514546513722910959680213864799207461561,-0.131559059639738889814748545348627708904031978613520079253844,0.248210235090065277546312863662843072773992005346619980186539,0.0497619234637097398210284086293207177929020417582072307871815,8.05106344973310812342191127203199121834763042935494355240943,False,,,False,True
470,59,0.0526028638239708500062798632806930088888700631446871515333376,-0.0817971361760291499937201367193069911111299368553128484666624,0.160650715955992712501569965820173252222217515786171787883334,-0.0169662106242154873105618968811682040537810120526434935824823,0.697320207721417094910104370689003186721130455876401902632392,False,,,True,False
471,41,0.0356366531997553626957179663995248048350890510920436579508553,-0.0987633468002446373042820336004751951649109489079563420491447,0.111409163299938840673929491599881201208772262773010914487714,-0.00983931584093229463690751616741072636479891534037409682446937,0.67267867336424663365496309708627371300355520167407020934353,False,,,True,False
472,77,0.0257973373588230680588104502321140784702901357516695611263859,-0.108602662641176931941189549767885921529709864248330438873614,0.198949334339705767014702612558028519617572533937917390281596,0.00561286983307074478139498551968381531563702288419148479391702,1.1795267049560918121918300029608999227847822379894411953415,False,,,True,True
473,25,0.031410207191893812840205435751797893785927158635861045920303,-0.102989792808106187159794564248202106214072841364138954079697,0.0703525517979734532100513589379494734464817896589652614800757,-0.0133304726983992288881963902894567309333968515787235864234553,0.538505175928570956826853024016024781768692910752573417183385,False,,,True,False
474,67,0.0180797344934945839520090454623411628525303070571374594968476,-0.116320265506505416047990954537658837147469692942862540503152,0.172019933623373645988002261365585290713132576764284364874212,-0.00604005467056600500885216670432142136983349297475902106003284,0.870096672238878682653145655589404244299680047642386845074528,False,,,True,False
475,14,0.0120396798229285789431568787580197414826968140823784384368148,-0.122360320177071421056843121241980258517303185917621561563185,0.0380099199557321447357892196895049353706742035205946096092037,-0.000709155179185504115192836241077309155280678749280713048677999,0.839931615798523742229171928294253060443830107391791871373223,False,,,True,False
476,89,0.0113305246437430748279640425169424323274161353330977253881368,-0.123069475356256925172035957483057567672583864666902274611863,0.225332631160935768706991010629235608081854033833274431347034,0.0338368948770392781954191213843244206169913387414649000486981,2.51957915551141035117883796170836318740796538801404430500514,False,,,False,True
477,47,0.0451674195207823530233831639012668529444074740745626254368349,-0.0892325804792176469766168360987331470555925259254373745631651,0.128791854880195588255845790975316713236101868518640656359209,-0.0274329478870983896611366377277822822518479110065377489358407,0.529765859326329150536607288752486303156011592648088423172233,False,,,True,False
478,63,0.0177344716336839633622465261734845706925595630680248765009942,-0.116665528366316036637753473826515429307440436931975123499006,0.161933617908420990840561631543371142673139890767006219125249,0.00173140214173415870204518535014724134326338854231999415660068,1.05261629141669144707865263322125181514505065932793762888729,False,,,True,True
479,31,0.0194658737754181220642917115236318120358229516103448706575949,-0.114934126224581877935708288476368187964177048389655129342405,0.0823664684438545305160729278809079530089557379025862176643987,-0.0124289581350727905403104721536585765512758416338384815789396,0.487096519699832389873634943595589108358386186703493044981224,False,,,True,False
480,96,0.00703691564034533152398123936997323548454710997650638907865527,-0.127363084359654668476018760630026764515452890023493610921345,0.241759228910086332880995309842493308871136777494126597269664,0.0392252404079940396669773987978409804350930785953901228275345,4.07817343307213975423833384778929651883679146160397429211439,False,,,False,True
481,53,0.0462621560483393711909586381678142159196401885718965119061897,-0.0881378439516606288090413618321857840803598114281034880938103,0.144065539012084842797739659541953553979910047142974127976547,-0.0155322438300571631451563810248873080881446560077494582802608,0.6391840731896411725884848504201511351847647881728791945829,False,,,True,False
482,75,0.0307299122182822080458022571429269078314955325641470536259289,-0.103670087781717791954197742857073092168504467435852946374071,0.195182478054570552011450564285731726957873883141036763406482,0.0137200580541762888480524738047180821238277096429324250851661,1.45625119265077472136001952575559872013583476466687111206567,False,,,True,True
483,36,0.0444499702724584968938547309476449899553232422070794787110951,-0.0899500297275415031061452690523550100446767577929205212889049,0.101112492568114624223463682736911247488830810551769869677774,-0.0246912085623053601718791273884779879436914539315474377307063,0.430598733913398636036099549031781106917723184025930470942494,False,,,True,False
484,83,0.0197587617101531367219756035591670020116317882755320409803887,-0.114641238289846863278024396440832997988368211724467959019611,0.212439690427538284180493900889791750502907947068883010245097,0.0225705802394027689059538042470962348221438355912104458754925,2.21512571492259192008795475139559992822733083547059546433605,False,,,True,True
485,44,0.0423293419495559056279294078062632368337756238667424868558812,-0.0920706580504440943720705921937367631662243761332575131441188,0.12058233548738897640698235195156580920844390596668562171397,-0.0201163618761886781823359205501362341800489568600883516821122,0.546512778518130420839601947267272995059524080678568940975115,False,,,True,False
486,20,0.0222129800733672274455934872561270026537266670066541351737691,-0.112187019926632772554406512743872997346273332993345864826231,0.0555532450183418068613983718140317506634316667516635337934423,-0.00862663789713706178715398248866679486340451736472152843999612,0.579382843629915291600991782048992655773417599464820002248822,False,,,True,False
487,69,0.013586342176230165658439504767460207790322149641932606733773,-0.120813657823769834341560495232539792209677850358067393266227,0.175896585544057541414609876191865051947580537410483151683443,-0.00533056933998431003843205228420954098553444160625588636363642,0.850229722918177189124408767792492990481532186152367555721696,False,,,True,False
488,91,0.00825577283624585562000745248325066680478770803567672037013653,-0.126144227163754144379992547516749333195212291964323279629863,0.229563943209061463905001863120812666701196927008919180092534,0.042362689148260608954961847147701262432714454898041574180355,5.26662337580142481764557324666284589785577219765478610530726,False,,,False,True
489,50,0.0506184619845064645749692996309519292375021629337182945504915,-0.0837815380154935354250307003690480707624978370662817054495085,0.137654615496126616143742324907737982309375540733429573637623,-0.0200126747752604443267949482009070674762938160861486345989391,0.591721020375860976796554525247704527505265982315285001219598,False,,,True,False
490,28,0.0306057872092460202481743514300448617612083468475696599515524,-0.103794212790753979751825648569955138238791653152430340048448,0.0776514468023115050620435878575112154403020867118924149878881,-0.015788987032079606162728664470777098587485582398406695275261,0.507636366353934230201352350369074911793007363373265931141102,False,,,True,False
491,79,0.0148168001771664140854456869592677631737227644491629646762914,-0.119583199822833585914554313040732236826277235550837035323709,0.201204200044291603521361421739816940793430691112290741169073,0.0136801178141407783947541914286526273345677055464234911917893,1.38717432930457231957742125783661894236045248916846491166995,False,,,True,True
492,58,0.0284969179913071924801998783879203905082904699955864558680807,-0.105903082008692807519800121612079609491709530004413544131919,0.15212422949782679812004996959698009762707261749889661396702,-0.00815275179155813718775596344022175275547087121590223553040807,0.793258417027135143530565994125240887799045887199088522173257,False,,,True,False
493,22,0.0203441661997490552924439149476986377528195987796842203376726,-0.114055833800250944707556085052301362247180401220315779662327,0.0600860415499372638231109787369246594382048996949210550844181,-0.0158902646800136195174777175610346122353626941034362782415878,0.380248620122428435500800898232738443567441021685634678182076,False,,,True,False
494,97,0.00445390151973543577496619738666402551745690467624794209608483,-0.129946098480264564225033802613335974482543095323752057903915,0.243613475379933858943741549346666006379364226169061985524021,0.0488877973073626950816113252632509090872327718061351343054275,5.75989806933284427449663642443944560151904306220480481299814,False,,,False,True
495,43,0.0533416988270981308565775226499149346046896764823830764015123,-0.0810583011729018691434224773500850653953103235176169235984877,0.120835424706774532714144380662478733651172419120595769100378,-0.0181548075362523668716099758390012074618800674640389777462548,0.600026385087751808690467933194647970789070593197313489053876,False,,,True,False
496,66,0.0351868912908457639849675468109137271428096090183440986552575,-0.0992131087091542360150324531890862728571903909816559013447425,0.173796722822711440996241886702728431785702402254586024663814,-0.00781347675349199247399983513623662460951436944186139863731015,0.831023178735759748186657293821023938404021591008271765007634,False,,,True,False
497,33,0.0273734145373537715109677116746771025332952395764827000179474,-0.107026585462646228489032288325322897466704760423517299982053,0.0893433536343384428777419279186692756333238098941206750044868,-0.00883850979656028045706792198484484850078415374012486309180841,0.588425259684232853273939702387602647425984391814121490051604,False,,,True,False
498,85,0.0185349047407934910538997896898322540325110858363578369261389,-0.115865095259206508946100210310167745967488914163642163073861,0.217133726185198372763474947422458063508127771459089459231535,0.0195118672437274131933081755032988416475088518046949401327693,1.56680751886770690850001393172822449908432069993739139906077,False,,,False,True
499,54,0.0380467719845209042472079651931310956800199376410527770589082,-0.0963532280154790957527920348068689043199800623589472229410918,0.144511692996130226061801991298282773920004984410263194264727,-0.0150736789351108413532130189210573132165517590178018404066541,0.637793756983988446807332325594659007133790407263937410341286,False,,,True,False
500,19,0.0229730930494100628939949462720737824634681786232509366522542,-0.111426906950589937106005053727926217536531821376749063347746,0.0532432732623525157234987365680184456158670446558127341630635,-0.00753434322063392031886250814467309082444895264097452362262664,0.57986227442641008269958969685277562217033483679702708188277,False,,,True,False
501,74,0.0154387498287761425751324381274006916390192259822764130296275,-0.118961250171223857424867561872599308360980774017723586970372,0.188859687457194035643783109531850172909754806495569103257407,0.00399897641655296954989636382315456202178741910249459821606204,1.09814525355729043430273836062309264339481943810372514605787,False,,,True,True
502,39,0.0194377262453291121250288019505552536608066450847710112456895,-0.11496227375467088787497119804944474633919335491522898875431,0.102359431561332278031257200487638813415201661271192752811422,-0.0121654318958976165303373524214690430991393075185565739418167,0.513970526584597671623784787090518933062236575059846873393938,False,,,True,False
503,93,0.00727229434943149559469144952908621056166733756621443730387287,-0.127127705650568504405308550470913789438332662433785562696127,0.234318073587357873898672862382271552640416834391553609325968,0.0362133706333570158464584970474474773716570199350082016399587,2.87781177495989324952978614662127893296417132401632686892134,False,,,False,True
504,60,0.0434856649827885114411499465765336879333243575012226389438316,-0.0909143350172114885588500534234663120666756424987773610561684,0.160871416245697127860287486644133421983331089375305659735958,-0.00863119639701861612729888689650136911230484852440149643764679,0.794730773939704887152024201402168878399020395766783024182807,False,,,True,False
505,29,0.0348544685857698953138510596800323188210195089768211425061848,-0.0995455314142301046861489403199676811789804910231788574938152,0.0812136171464424738284627649200080797052548772442052856265462,-0.0183893707640491843201059285663859111576336430257771366807017,0.456607604936436926055430067698950229561422142217319671427812,False,,,True,False
506,81,0.016465097821720710993745131113646407663385865951044005825483,-0.117934902178279289006254868886353592336614134048955994174517,0.206616274455430177748436282778411601915846466487761001456371,0.0199682313201574932864578194173100263871863390074040302072046,1.63391446705137633953486635421654057677551725196174493952752,False,,,True,True
507,47,0.0364333291418782042802029505309564340505722049584480360326877,-0.0979666708581217957197970494690435659494277950415519639673123,0.126608332285469551070050737632739108512643051239612009008172,-0.0208920836042828984565785734009688688887905238014250927313186,0.535440339459117543862370457742294015205901399448395618032014,False,,,True,False
508,16,0.0155412455375953058236243771299875651617816811570229433013691,-0.118858754462404694176375622870012434838218318842977056698631,0.0438853113843988264559060942824968912904454202892557358253423,-0.00694629652715942938818066979494803075085602873646670943048326,0.570213745343019344439650148213931476582379493610945924112358,False,,,True,False
509,70,0.00859494901043587643544370733503953441092565242055623387088586,-0.125805050989564123564556292664960465589074347579443766129114,0.177148737252608969108860926833759883602731413105139058467721,-0.00110848614475254458792274864056811385811976666766420986360544,0.97323132432922345652357168759098821001231035124124459697741,False,,,True,False
510,35,0.00748646286568333184752095869447142055280588575289202400728043,-0.12691353713431666815247904130552857944719411424710797599272,0.0893716157164208329618802396736178551382014714382230060018201,-0.00420005147403828303826990015335693080029877894231678676309773,0.682705131641375807007336683713902629465804283855491849934934,False,,,True,False
511,90,0.0032864113916450488092510585411144897525071068105752372441827,-0.131113588608354951190748941458885510247492893189424762755817,0.225821602847911262202312764635278622438126776702643809311046,0.0271027403603442043062171970829474689570223662422309391364086,2.13161645557400986434200321525543297773140570626439741720615,False,,,False,True
512,53,0.0303891517519892531154682556240619587095294730528061763805913,-0.104010848248010746884531744375938041290470526947193823619409,0.140097287937997313278867063906015489677382368263201544095148,-0.0145011241902173421186310365593072842737927027316488538971902,0.638083158037793848774864052125958005462574819313291490327852,False,,,True,False
513,22,0.0158880275617719109968372190647546744357367703211573224834011,-0.118511972438228089003162780935245325564263229678842677516599,0.0589720068904429777492093047661886686089341925802893306208503,-0.0109514377220257086792039329225056455272443816815056095203719,0.492572983858113027920173953473594620389350085414555244124379,False,,,True,False
514,77,0.0049365898397462023176332861422490289084923886396517129630292,-0.129463410160253797682366713857750971091507611360348287036971,0.193734147459936550579408321535562257227123097159912928240757,0.00951071694598561506325879467962414526962384159087199163153241,1.25461331003984544891419543476569200543056514065789510297472,False,,,True,True
515,41,0.0144473067857318173808920808218731741781162302305237045945616,-0.119952693214268182619107919178126825821883769769476295405438,0.10611182669643295434522302020546829354452905755763092614864,-0.0122945033790697511482591798303020498188868166439099908173944,0.562401917123296885323895581448974021553508339513996734890323,False,,,True,False
516,99,0.00215280340666206623263290099157112435922941358661371377716722,-0.132247196593337933767367099008428875640770586413386286222833,0.248038200851665516558158225247892781089807353396653428444292,0.0510885557871357844586905781474901225197924568935626653269811,21.8048138834506698191485936436698128881100686931230418484971,False,,,False,True
517,61,0.0532413591937978506913234791390612468790218704801763791041483,-0.0811586408062021493086765208609387531209781295198236208958517,0.165810339798449462672830869784765311719755467620044094776037,-0.0117864798453834396923151734490480926421004251555792164915041,0.752946323598658880875181355673765884582453346928246901225017,False,,,True,False
518,31,0.0414548793484144109990083056900131542369214453245971626126442,-0.0929451206515855890009916943099868457630785546754028373873558,0.087863719837103602749752076422503288559230361331149290653161,-0.0183938233799325866266197292923730786043994206886244578547309,0.50065743716384039986822824959018452096305994705417402679808,False,,,True,False
519,72,0.0230610559684818243723885763976400756325220246359727047579133,-0.111338944031518175627611423602359924367477975364027295242087,0.185765263992120456093097144099410018908130506158993176189478,0.00267150744129262520124398371585221638157378232416676246554399,1.06145269471528192943663588967564188487009903349092895698163,False,,,True,True
520,46,0.0257325634097744495736325601134922920140958069601394672234573,-0.108667436590225550426367439886507707985904193039860532776543,0.121433140852443612393408140028373073003523951740034866805864,-0.0104591570879642886388126147474467836222462847845652484311757,0.583187738432059333623655180106984269450650191296518546433224,False,,,True,False
521,87,0.0152734063218101609348199453660455083918495221755742187922816,-0.119126593678189839065180054633954491608150477824425781207718,0.22131835158045254023370498634151137709796238054389355469807,0.025012646033486126739383598721219252045846139810208930341606,2.83183378473466707319202085128852064991872307872508188333085,False,,,False,True
522,27,0.0402860523552962876742035440872647604376956619857831491338876,-0.0941139476447037123257964559127352395623043380142168508661124,0.0775715130888240719185508860218161901094239154964457872834719,-0.0172231943706492673919284979919400785002880547271018159428454,0.514498355425565156917222877316594238656468122692225489910671,False,,,True,False
523,64,0.0230628579846470202822750460953246819374076072586813331910422,-0.111337142015352979717724953904675318062592392741318666808958,0.165765714496161755070568761523831170484351901814670333297761,-0.00780179186487905880675045279186712075450500462720099813076917,0.814902405508230788560714305801446145209154859695499533413836,False,,,True,False
524,16,0.015261066119767961475524593303457561182902602631480335060273,-0.119138933880232038524475406696542438817097397368519664939727,0.0438152665299419903688811483258643902957256506578700837650683,-0.00625497085062821633141541424358296009343107727814136551684562,0.504254502116285271778082337754390814540328143403655642713133,False,,,True,False
525,83,0.00900609526913974514410917905987460108947152535333896954342743,-0.125393904730860254855890820940125398910528474646661030456573,0.209751523817284936286027294764968650272367881338334742385857,0.0245291298058161962981577421038102603321260757465263517738602,1.89842703845677299003629427880351885050425797340048617428054,False,,,True,True
526,49,0.0335352250749559414422669211636848614215976010998653213172877,-0.100864774925044058557733078836315138578402398900134678682712,0.130883806268738985360566730290921215355399400274966330329322,-0.0229999744000758999271783571063262544843429345289327413628493,0.565557217179943513221207013926976571539373522191756844282907,False,,,True,False
527,34,0.0105352506748800415150885640573586069372546665709325799544384,-0.123864749325119958484911435942641393062745333429067420045562,0.0876338126687200103787721410143396517343136666427331449886096,-0.00338569379184152826164444825728577924508739268393938338375809,0.581223517142249513624580771835385139354899794566073570613244,False,,,True,False
528,95,0.00714955688303851325344411580007282769216727388699319657068031,-0.12725044311696148674655588419992717230783272611300680342932,0.23928738922075962831336102895001820692304181847174829914267,0.0371642349065414350267365159387044108797121567375195643305027,2.98050198838154063338755804712127949503165218227863122245118,False,,,False,True
529,58,0.044313791789579948280180631738777238571879430624512760901183,-0.090086208210420051719819368261222761428120569375487239098817,0.156078447947394987070045157934694309642969857656128190225296,-0.0166015761549980655384810266590913046824801692600499198531049,0.680383114301394163023961066011727453018158816451573003343938,False,,,True,False
530,24,0.0277122156345818827416996050796859338893992613644628410480781,-0.106687784365418117258300394920314066110600738635537158951922,0.0669280539086454706854249012699214834723498153411157102620195,-0.00579594660007619343614797619530917530091958082421610443776218,0.684057766265246553926972582198229952980692447540141738283122,False,,,True,False
531,75,0.021916269034505689305551628884376758588479680540246736610316,-0.112483730965494310694448371115623241411520319459753263389684,0.192979067258626422326387907221094189647119920135061684152579,0.00385497166014824690535420904326584524605028263039355708199613,1.08932906632472874245889911012549042141798366611141976179759,False,,,True,True
532,42,0.0257712406946539362109058379276426038345299631706402936923121,-0.108628759305346063789094162072357396165470036829359706307688,0.111442810173663484052726459481910650958632490792660073423078,-0.0166367498364706388499720271352375931184266034090377030870828,0.55115613886395065039818943852897368955525688576844032539793,False,,,True,False
533,88,0.0091344908581832973609338107924050107161033597616025906052293,-0.125265509141816702639066189207594989283896640238397409394771,0.222283622714545824340233452698101252679025839940400647651307,0.029731222030770326752258279280653439506052625040169369568288,2.87176048572386755811576521004454084285427968337165680125837,False,,,False,True
534,53,0.0388657128889536241131920900730584502221559848017719601735173,-0.0955342871110463758868079099269415497778440151982280398264827,0.142216428222238406028298022518264612555538996200442990043379,-0.0143662055011866050531460291980111230283633689337547747184422,0.669207156495805136472630178931116811321231027674204882528426,False,,,True,False
535,21,0.0244995073877670190600460608750473271937926158680171854550751,-0.109900492612232980939953939124952672806207384131982814544925,0.0586248768469417547650115152187618317984481539670042963637688,-0.0109081900308322146377406796966861107366508536278669675773503,0.53582966746420925146789153113066959672594584496099586011334,False,,,True,False
536,69,0.0135913173569348044223053811783612164571417622401502178777248,-0.120808682643065195577694618821638783542858237759849782122275,0.175897829339233701105576345294590304114285440560037554469431,-0.00186312852770073024756540641239455878607028078561243811354762,0.954283697510236275409887103318377422706748751695393278890983,False,,,True,False
537,33,0.0117281888292340741747399747659666576710714814545377797641772,-0.122671811170765925825260025234033342328928518545462220235823,0.0854320472073085185436849936914916644177678703636344449410443,-0.00753790655039754451346127664459641113371046127294243456883585,0.552012506318968899846642384037651478737741190677960484581068,False,,,True,False
538,94,0.0041902822788365296612786981213702465373610201815953451953413,-0.130209717721163470338721301878629753462638979818404654804659,0.236047570569709132415319674530342561634340255045398836298835,0.0348388694497776565768039641778102364178058048973800108105085,2.82567033330398274984910597189066142246231547414534440144481,False,,,False,True
539,60,0.0390291517286141862380826622991804829551668250789753560058498,-0.0953708482713858137619173377008195170448331749210246439941502,0.159757287932153546559520665574795120738791706269743839001462,-0.0101933044421100731561327757220736466912367072937947048082505,0.788518738414552352057970825784087604229491689081212871513669,False,,,True,False
540,39,0.0288358472865041130819498865771068362639301177851806511975993,-0.105564152713495886918050113422893163736069882214819348802401,0.1047089618216260282704874716442767090659825294462951627994,-0.0123326056495986965872593947252409165289604618382278437504979,0.584454686671576111517824049594116170902049361296347007021177,False,,,True,False
541,80,0.0165032416369054164946904918518659197349696559469528074471014,-0.117896758363094583505309508148134080265030344053047192552899,0.204125810409226354123672622962966479933742413986738201861775,0.0130805301555917578970607931592940048505685569382878398079894,1.60506768658831870781345220397304778519737646576121433555225,False,,,True,True
542,26,0.0295837717924971743917512850111599245855382128852406472550908,-0.104816228207502825608248714988840075414461787114759352744909,0.0723959429481242935979378212527899811463845532213101618137727,-0.018247857695752248369428384908975282331737335691702537939978,0.471982281581525974852169675606635373592456861658682863375164,False,,,True,False
543,66,0.0113359140967449260223229001021846422538008771935381093151128,-0.123064085903255073977677099897815357746199122806461890684887,0.167833978524186231505580725025546160563450219298384527328778,-0.000578642651105454426405029592463561855415664557900778825486502,0.972161708611074618166694584079887148204047706760339438691638,False,,,True,False
544,14,0.0107572714456394715959178705097210803983852126356373304896263,-0.123642728554360528404082129490278919601614787364362669510374,0.0376893178614098678989794676274302700995963031589093326224066,-0.00778555179178225474057211012500810493679934782863806026195961,0.420358412757827938257451940326194202917298537833991586677179,False,,,True,False
545,97,0.00297171965385721685534576038471297546158586480699927022766673,-0.131428280346142783144654239615287024538414135193000729772333,0.243242929913464304213836440096178243865396466201749817556917,0.0528373716594900852093583133417340041448703940674971489293663,7.70860140651803950700841688335986160116828932922215122024997,False,,,False,True
546,48,0.055809091313347302064704073726446979606456258874496419157033,-0.078590908686652697935295926273553020393543741125503580842967,0.133952272828336825516176018431611744901614064718624104789258,-0.0260168661807608839609875887304031366988081857938539985395673,0.527572945997188799388714006491820127621231553218565383453946,False,,,True,False
547,73,0.0297922251325864181037164849960438429076480730806424206174657,-0.104607774867413581896283515003956157092351926919357579382534,0.189948056283146604525929121249010960726912018270160605154366,0.0102903750226459749641125883627843269071844442257204981394149,1.31381712095873344696783374614046428561345144248232839919418,False,,,True,True
548,35,0.0400826001552323930678290733588281698148325173063629187568806,-0.0943173998447676069321709266411718301851674826936370812431194,0.0975206500388080982669572683397070424537081293265907296892202,-0.0227240381569917828173791786320189769005912082804044310656024,0.479358238386254578244415737775092339703715325903235479009183,False,,,True,False
549,84,0.0173585619982406102504498947268091929142413090259584876912782,-0.117041438001759389749550105273190807085758690974041512308722,0.21433964049956015256261247368170229822856032725648962192282,0.0264706809501706850608689073565892927469639699805946607588163,1.98877137233686023366130478191485170780775778432697943634069,False,,,True,True
550,54,0.0438292429484112953113188020833984856612052790065531484500945,-0.0905707570515887046886811979166015143387947209934468515499055,0.145957310737102823827829700520849621415301319751638287112524,-0.0151746964065662893965034021184087330584728308171098194983405,0.652315369426579943942251237373115824163950836914536441645348,False,,,True,False
551,24,0.028654546541845005914815399964989752602732448189443328951754,-0.105745453458154994085184600035010247397267551810556671048246,0.0671636366354612514787038499912474381506831120473608322379385,-0.019147977261303387380856792707389258515307366078766265457449,0.431887325089387490271884946881931375385375334476591351005807,False,,,True,False
552,77,0.00950656928054161853395860725760049408742508211067706349430499,-0.124893430719458381466041392742399505912574917889322936505695,0.194876642320135404633489651814400123521856270527669265873576,0.0150110100349584273590815050109441167913585378548253445429008,1.46296730408693343119962466522753387672956930119012608052042,False,,,True,True
553,42,0.0245175793155000458930401122685446108787836199655024080372058,-0.109882420684499954106959887731455389121216380034497591962794,0.111129394828875011473260028067136152719695904991375602009301,-0.0180184498226252623903270773485700167417179614644549039925841,0.531025285836830591726856165152009528915110756546393434171708,False,,,True,False
554,91,0.00649912949287478350271303491997459413706565850104750404462171,-0.127900870507125216497286965080025405862934341498952495955378,0.229124782373218695875678258729993648534266414625261876011155,0.0365904740930826509773260994372465497757537704488118314956991,5.48795240323328918059622594796073501197082509486072906015039,False,,,False,True
555,58,0.0430896035859574344800391343572211439128194289498593355403208,-0.0913103964140425655199608656427788560871805710501406644596792,0.15577240089648935862000978358930528597820485723746483388508,-0.00901145272464239867936272053320338624577329728261920742222217,0.783937453236161145910344837963268476370036421123923316417706,False,,,True,False
556,29,0.0340781508613150358006764138240177576670461316672401281180986,-0.100321849138684964199323586175982242332953868332759871881901,0.0810195377153287589501691034560044394167615329168100320295247,-0.0226580585999177304447952084305694180952025443727023781595412,0.438886445721682504462657756367068564363202502304441028254306,False,,,True,False
557,68,0.0114200922613973053558812053934483395718435872945377499585574,-0.122979907738602694644118794606551660428156412705462250041443,0.172855023065349326338970301348362084892960896823634437489639,0.00380539120352540640253307632927499429315069480177366123874564,1.20144062049789408386302280219882600803458352739015725884193,False,,,True,True
558,16,0.0152254834649227117584142817227233338649942820963114111973031,-0.119174516535077288241585718277276666135005717903688588802697,0.0438063708662306779396035704306808334662485705240778527993258,-0.0126581421544368418100740008497806108881704758808138327247642,0.365728096367035092624436637084358544690653886576809868389542,False,,,True,False
559,87,0.00256734131048586994834028087294272297682380621549757847253893,-0.131832658689514130051659719127057277023176193784502421527461,0.218141835327621467487085070218235680744205951553874394618135,0.0341751073675438204185431082516322590443645926133918021481927,2.72051764022887421932397957442373013520720263001071182895245,False,,,False,True
560,46,0.0367424486780296903668833891245749820211883988288893806207317,-0.0976575513219703096331166108754250179788116011711106193792683,0.124185612169507422591720847281143745505297099707222345155183,-0.0276956760412462299882181204555550149786077458413971925380385,0.505108750501049696251527008328254775186288135458798736299126,False,,,True,False
561,23,0.00904677263678346037866526866901996704258065298749218808269318,-0.125353227363216539621334731330980032957419347012507811917307,0.0597616931591958650946663171672549917606451632468730470206733,-0.00707064376808628633496951639862556380165124791880203002055382,0.616979409227014297198077286078746609099828441705363665073856,False,,,True,False
562,98,0.00197612886869717404369575227039440324092940506869015806213936,-0.132423871131302825956304247729605596759070594931309841937861,0.245494032217174293510923938067598600810232351267172539515535,0.05269693480753146231473418421382780515843505238196440208743,12.2356403734144720399642833194550162901949830744442606579169,False,,,False,True
563,61,0.0546730636762286363584299364842222083993644574506545601495693,-0.0797269363237713636415700635157777916006355425493454398504307,0.166168265919057159089607484121055552099841114362663640037392,-0.0139781934113272872728634517723393305528270074387661355403344,0.738336934977376979043943239446126582670786078160356185536155,False,,,True,False
564,38,0.040694870264901349085566484711882877846537450011888424609235,-0.093705129735098650914433515288117122153462549988111575390765,0.105173717566225337271391621177970719461634362502972106152309,-0.0136817904026117992421753557988315594591269730766482622740143,0.594774873056465131895231696900053459053229043897544838347369,False,,,True,False
565,75,0.0270130798622895498433911289130513183874104769352401623352207,-0.107386920137710450156608871086948681612589523064759837664779,0.194253269965572387460847782228262829596852619233810040583805,0.00254750162362057317238346173377906824293368789432017618352926,1.05538481593163715261286636797278579550249382899515851086123,False,,,True,True
566,51,0.0295605814859101230157745906468303866303441648295603385187499,-0.10483941851408987698422540935316961336965583517043966148125,0.134890145371477530753943647661707596657586041207390084629687,-0.0117814347499572819526779179227519049119784244566308981836399,0.667464878551719200368270873028900342348756894686323376832978,False,,,True,False
567,19,0.0177791467359528410630966727240784817183657403729294403351101,-0.11662085326404715893690332727592151828163425962707055966489,0.0519447866839882102657741681810196204295914350932323600837775,-0.00600275845502113625832078886329573685049946580168188134698133,0.560874737285627433339319445688913033667295152505499830642024,False,,,True,False
568,82,0.0117763882809317048047758838607827448678662745712475589881287,-0.122623611719068295195224116139217255132133725428752441011871,0.207944097070232926201193970965195686216966568642811889747032,0.0124440766967031285647606228581368296595472356542625335840409,1.3691229188734050059283591936708071803956791289671809681891,False,,,True,True
569,34,0.0242204649776348333695365067189195745274135102255100925721697,-0.11017953502236516663046349328108042547258648977448990742783,0.0910551162444087083423841266797298936318533775563775231430424,-0.0153804824867275887420258511306000882178140011213167255230482,0.571981264552516262086531484467359418230271911877425671119325,False,,,True,False
570,66,0.00883998249090724462751065558831948630959950910419336704912148,-0.125560017509092755372489344411680513690400490895806632950879,0.16720999562272681115687766389707987157739987727604834176228,-0.0014076402372398284139185754195532393560663774152817067145299,0.926061757922195866437737128790682189443313194055027456317005,False,,,True,False
571,11,0.00743234225366741621359208016876624695353313168891166033459157,-0.126967657746332583786407919831233753046466868311088339665408,0.0293580855634168540533980200421915617383832829222279150836479,-0.00136708633387630625507654800607711588647161330460990637482157,0.612486456525465005355883970353718304949673486303837606260935,False,,,True,False
572,92,0.00606525591979110995851553216268913106706151838430175395977,-0.12833474408020889004148446783731086893293848161569824604023,0.231516313979947777489628883040672282766765379596075438489942,0.0365915425710356253488292877797207333334283723251968625681931,2.76769859875367528085051884058821637760712145578831506190437,False,,,False,True
573,47,0.0426567984908267353073448199424098644004898907094986165279631,-0.0917432015091732646926551800575901355995101092905013834720369,0.128164199622706683826836204985602466100122472677374654131991,-0.0251397772798674494360864946483693578382869390249419655377795,0.540936458149670824657621482225741071127180307865731073445115,False,,,True,False
574,71,0.0175170212109592858712583252940405065622029516845566509901836,-0.116882978789040714128741674705959493437797048315443349009816,0.181879255302739821467814581323510126640550737921139162747546,0.0121481812803457576590552246785187118243522030779900924061461,1.51027521985256779470833609640195651019335896166038356610525,False,,,True,True
575,28,0.0296652024913050435303135499725592183865551547625467433963297,-0.10473479750869495646968645002744078161344484523745325660367,0.0774163006228262608825783874931398045966387886906366858490824,-0.0244795359220360832035852159112224064891792587008831288445005,0.420623279283706847992531866305518927594396327140863625847463,False,,,True,False
576,86,0.00518566656926896032672833406133681189737589606166361455182925,-0.129214333430731039673271665938663188102624103938336385448171,0.216296416642317240081682083515334202974343974015415903637957,0.0322998424957812337651633260454301720262293812687773923323776,2.56695607221108916168997548905223120278044714795820537162535,False,,,False,True
577,54,0.0374855090650501940918916601067669839236052773304410068842069,-0.0969144909349498059081083398932330160763947226695589931157931,0.144371377266262548522972915026691745980901319332610251721052,-0.0161027379468733971925177091166100925381926452788772123251812,0.669670492964260038371169627577702713101199160144763205690245,False,,,True,False
578,22,0.0213827711181767968993739509901568913854126320515637945590256,-0.113017228881823203100626049009843108614587367948436205440974,0.0603456927795441992248434877475392228463531580128909486397564,-0.0183121575148850166355671979309512146606931263486153549297102,0.419400869419576919868497886945626377178675057161165503317363,False,,,True,False
579,78,0.0030706136032917802638067530592056767247195057029484396293154,-0.131329386396708219736193246940794323275280494297051560370685,0.195767653400822945065951688264801419181179876425737109907329,0.0208900483499347746808715879489926202886017464631193283376259,1.80549140900138849337354400983871857267852738639996297990704,False,,,True,True
580,40,0.0239606619532265549446783410081982970133212521660677679669413,-0.110439338046773445055321658991801702986678747833932232033059,0.105990165488306638736169585252049574253330313041516941991735,-0.0208407763006624978862818743018419213334460701902646437010533,0.496126551332910636332242947558137675474727004701741230829368,False,,,True,False
581,8,0.00311988565256405705839646670635637567987518197580312426588801,-0.131280114347435942941603533293643624320124818024196875734112,0.020779971413141014264599116676589093919968795493950781066472,-0.00128269737643848304781193765903584026995072979332960914571966,0.390025063322624400633314127438763174215000629739072020410303,False,,,True,False
582,96,0.00183718827612557401058452904732053540992445218247351512016835,-0.132562811723874425989415470952679464590075547817526484879832,0.240459297069031393502646132261830133852481113045618378780042,0.0464003624198508249808782829908508391142168594792196128692875,5.07473698185457742587168247766586193505167330516241861222336,False,,,False,True
583,59,0.0482375506959763989914628120381713745241413116616931279894558,-0.0861624493040236010085371879618286254758586883383068720105442,0.159559387673994099747865703009542843631035327915423281997364,-0.0153327200848860659684853662199014568910269866121461465671427,0.701548262567430362738140196980548799442954182641771846218613,False,,,True,False
584,33,0.0329048306110903330229774458182699176331143250495469814223131,-0.101495169388909666977022554181730082366885674950453018577687,0.0907262076527725832557443614545674794082785812623867453555783,-0.0172777228535431613948788973173761603335643261327298016540416,0.530158767652957347816122233624553796969229912130907778705494,False,,,True,False
585,69,0.0156271077575471716280985485008937572995499989168171797682715,-0.118772892242452828371901451499106242700450001083182820231728,0.176406776939386792907024637125223439324887499729204294942068,-0.00077665454233790290693243677913860213333832558266632226436726,0.972188495759938871714001209905848534733190534075571449707508,False,,,True,False
586,19,0.0148504532152092687211661117217551551662116733341508575039043,-0.119549546784790731278833888278244844833788326665849142496096,0.0512126133038023171802915279304387887915529183335377143759761,-0.00872858469744372091074963948118924272346746225314419702433769,0.448817702558993847785311523477817065041536176368468243816998,False,,,True,False
587,89,0.00612186851776554781041647224056591244274421108100666047956657,-0.128278131482234452189583527759434087557255788918993339520433,0.224030467129441386952604118060141478110686052770251665119892,0.0364935601326051994985650955604300764002531345921198161795728,2.87874408466611605729777939864151358440726097246206200386249,False,,,False,True
588,48,0.0426154286503707473089815678009959888429973456731264766591393,-0.0917845713496292526910184321990040111570026543268735233408607,0.130653857162592686827245391950248997210749336418281619164785,-0.0268374813623285123140612758665887144981263936428292764674593,0.531750008968237295500469947308853079238412045069342783948288,False,,,True,False
589,63,0.0157779472880422349949202919344072743448709520302972001916801,-0.11862205271195776500507970806559272565512904796970279980832,0.16144448682201055874873007298360181858621773800757430004792,0.0022413634594597154283952283544414582107553530650363840188444,1.07776961258545437993168095457197937436792770892157426125245,False,,,True,True
590,26,0.0180193107475019504233155202888487325556263050953335842105245,-0.116380689252498049576684479711151267444373694904666415789476,0.0695048276868754876058288800722121831389065762738333960526311,-0.0143800482178326145192483807826058367550791163916767401772027,0.432083053368055258922643251937092005034002716579042953593909,False,,,True,False
591,81,0.00363926252966933590406713950624289580054718870365684403332176,-0.130760737470330664095932860493757104199452811296343155966678,0.20340981563241733397601678487656072395013679717591421100833,0.0171398309386520404214527650684655246263519745646718954399676,1.77467727160300768659853746141589912858127043560254379254394,False,,,True,True
592,39,0.0207790934683213763255199045747084204268991632683287394732894,-0.113620906531678623674480095425291579573100836731671260526711,0.102694773367080344081379976143677105106724790817082184868322,-0.0174622770629322525486907599180487417790140558372647650269658,0.487832066555412884424439165763516168709243646383954077970404,False,,,True,False
593,9,0.00331681640538912377682914465665967864788510743106397444632358,-0.131083183594610876223170855343340321352114892568936025553676,0.0233292041013472809442072861641649196619712768577659936115809,-0.00226917584468997556964447053204415119131148410189792152671821,0.366653285529108261314708134800182546035951019257013120257176,False,,,True,False
594,99,0.00104764056069914820718467412461552745657362332916605291960538,-0.133352359439300851792815325875384472543426376670833947080395,0.247761910140174787051796168531153881864143405832291513229901,0.0510475321673057318202843023877343876054115208443919956097942,7.92121339053368262773164960997993153972791921102398237408123,False,,,False,True
595,55,0.0520951727280048800274689765123499150619851441735580485293996,-0.0823048272719951199725310234876500849380148558264419514706004,0.15052379318200122000686724412808747876549628604338951213235,-0.0193517926863038223342736777202637728321855797821685974610897,0.610970878882836844963541738583530577210775241303955753324221,False,,,True,False
596,73,0.03274338004170105769319529879208614222979956439138945106831,-0.10165661995829894230680470120791385777020043560861054893169,0.190685845010425264423298824698021535557449891097847362767077,0.0109479430257873755356313437288807219329778529853991114918505,1.35944557900774651604319555806935975950594709480298853715548,False,,,True,True
597,34,0.0436913230674884332288266425209668641627774173767885625601604,-0.0907086769325115667711733574790331358372225826232114374398396,0.0959228307668721083072066606302417160406943543441971406400401,-0.0276472406169628817998001214469776570263382954911431104894679,0.441014268086471238785338898133579074147265556850011367846548,False,,,True,False
598,84,0.0160440824505255514290265210739892071364391218856454520706926,-0.118355917549474448570973478926010792863560878114354547929307,0.214011020612631387857256630268497301784109780471411363017673,0.0297432176456229734035879080582935653067722655745111696331881,2.3739491555178812061146884437972499998849000918226569321497,False,,,True,True
599,46,0.0457873000961485248326144291322827724432113874601566217038806,-0.0886126999038514751673855708677172275567886125398433782961194,0.12644682502403713120815360728307069311080284686503915542597,-0.0233114432580309424101752045153695610657559072818525946671725,0.546124451431810816902982973449754926577823008994165782526349,False,,,True,False
600,21,0.0224758568381175824224392246169132113774554801783040270367081,-0.111924143161882417577560775383086788622544519821695972963292,0.058118964209529395605609806154228302844363870044576006759177,-0.00800574455591513382578964851801504435812157190475809387833482,0.618312568467532186135750104143615204539987253949581223372426,False,,,True,False
601,67,0.0144701122822024485966495760988981670193339082735459331583733,-0.119929887717797551403350423901101832980666091726454066841627,0.171117528070550612149162394024724541754833477068386483289593,-0.00574683617745011384975352652038445888254694479528776435198057,0.789917372101061331062753489892396904525066633529596394758286,False,,,True,False
602,93,0.00872327610475233474689604957851370813678696347825816880639276,-0.125676723895247665253103950421486291863213036521741831193607,0.234680819026188083686724012394628427034196740869564542201598,0.0443606312596687358813895454505907697749434143783287249426099,5.12307836677244066413967303653292839538034510898325897763377,False,,,False,True
603,51,0.0530839073644210706282855950291044779117303778565868937490027,-0.0813160926355789293717144049708955220882696221434131062509973,0.140770976841105267657071398757276119477932594464146723437251,-0.0200116786917711826628931585871115091296144099620462300312435,0.60235449468785039810432436931417904987166503960815727617124,False,,,True,False
604,30,0.0330722286726498879653924364419929687821159678945406637177592,-0.101327771327350112034607563558007031217884032105459336282241,0.0832680571681624719913481091104982421955289919736351659294398,-0.013150851739067724488395629391505576846202701162240800243099,0.536113647312313631478851124476097751407959947917725844027014,False,,,True,False
605,76,0.0199213769335821634769968070504873919359132667322998634746601,-0.11447862306641783652300319294951260806408673326770013652534,0.194980344233395540869249201762621847983978316683074965868665,0.00467827421862695327359839128000108882959710132889576743201042,1.11010950058580479914190991110744801662392846315399514004608,False,,,True,True
606,41,0.0245996511522091167505951983304884807655103680611956309066705,-0.109800348847790883249404801669511519234489631938804369093329,0.108649912788052279187648799582622120191377592015298907726668,-0.0163835069184540111498180937189268247815741658007892738644051,0.588097757250025061957970518842074723104319381022007868031776,False,,,True,False
607,88,0.00821614423375510560077710461156165598393620226040635704226541,-0.126183855766244894399222895388438344016063797739593642957735,0.222054036058438776400194276152890413995984050565101589260566,0.033040277829667759806036817561002467939985876764730021199543,4.33519785451572980340681666430053319289742045232280065885749,False,,,False,True
608,58,0.0412564220634228654068139221725641239239220790251363782418084,-0.0931435779365771345931860778274358760760779209748636217581916,0.155314105515855716351703480543141030980980519756284094560452,-0.00934438268683046282166429061329338147675920265957076099840128,0.757356144779402612160491901278517265084393782945773657618898,False,,,True,False
609,24,0.0319120393765924025851496315592707424471628763655656172434071,-0.102487960623407597414850368440729257552837123634434382756593,0.0679780098441481006462874078898176856117907190913914043108518,-0.0209180022068777715691071574497679385603360960577560733008799,0.410891793456752819549995068342826176646814385767833318358024,False,,,True,False
610,70,0.0109940371697146310160424741095028038868267803078095439425272,-0.123405962830285368983957525890497196113173219692190456057473,0.177748509292428657754010618527375700971706695076952385985632,0.00392072500664842495792035455010431076893784768494697539952516,1.13353535839168496593321148101685222174656445057169847778674,False,,,True,True
611,36,0.0149147621763630559739628286596071146557646279927565193420524,-0.119485237823636944026037171340392885344235372007243480657948,0.0937286905440907639934907071649017786639411569981891298355131,-0.0115682083133196246857896006654901456674996500739260615944924,0.46837736068922163389115005193784520289419341248973798503207,False,,,True,False
612,95,0.00334655386304343128817322799411696898826497791883045774755998,-0.13105344613695656871182677200588303101173502208116954225244,0.23833663846576085782204330699852924224706624447970761443689,0.0402664521407134725174784011493624403527593994579451101848691,6.86663999216204048064085234707982717957259753690910808634753,False,,,False,True
613,52,0.0436130060037569038056516291434794093410243773767755679324291,-0.0907869939962430961943483708565205906589756226232244320675709,0.140903251500939225951412907285869852335256094344193891983107,-0.0199902194133222928930364663180868504049546863476066291634914,0.593022177720856882255313970273409152793147770531988972123464,False,,,True,False
614,20,0.0236227865904346109126151628253925589360696910291689387689377,-0.110777213409565389087384837174607441063930308970831061231062,0.0559056966476086527281537907063481397340174227572922346922344,-0.00410305713567729233761442123183878690791433269670742584636805,0.693293860653925963599865056263148850000353254556983978853952,False,,,True,False
615,79,0.0195197294547573185750007415935537720281553583324615129225696,-0.11488027054524268142499925840644622797184464166753848707743,0.202379932363689329643750185398388443007038839583115378230642,0.00950663233519486899274142936401043477000686825854726397327244,1.23554716177188128200189608720819945898809172354879154967855,False,,,True,True
616,44,0.0290263617899521875677421709575642067981622265910087768958421,-0.105373638210047812432257829042435793201837773408991223104158,0.117256590447488046891935542739391051699540556647752194223961,-0.0174238066024588818198599195808133714232342374331297128076108,0.606812070701439142430134716860975422170803350110433269691336,False,,,True,False
617,65,0.0116025551874933057478822513767508353749279891578790640882313,-0.122797444812506694252117748623249164625072010842120935911769,0.165400638796873326436970562844187708843731997289469766022058,0.0013701677437591120076019253267277171544575705779954092777336,1.07133669282194709526229354793025073003172986710530815603821,False,,,True,True
618,15,0.0129727229312524177554841767034785525293855597358744733659649,-0.121427277068747582244515823296521447470614440264125526634035,0.0407431807328131044388710441758696381323463899339686183414912,-0.00876894373838780529724777476722655481861453433931355752141273,0.35182871480019706691718567114043061219994862311031982534027,False,,,True,False
619,90,0.00420377919286461245823640193625199771077102539656091584455219,-0.130196220807135387541763598063748002289228974603439084155448,0.226050944798216153114559100484062999427692756349140228961138,0.0320008113393579884361401011557288383015637682172806562355844,2.70481439970932902117012307476172710665441610345064329463726,False,,,False,True
620,38,0.0362045905322226008943765030919808360123347936138415720801366,-0.0981954094677773991056234969080191639876652063861584279198634,0.104051147633055650223594125772995209003083698403460393020034,-0.0210578792851334096564859606433192453029748436880500743578787,0.540078926830377365850433039016356437522984085984160554150278,False,,,True,False
621,72,0.0151467112470891912378905424486615907093599499257914977222579,-0.119253288752910808762109457551338409290640050074208502277742,0.183786677811772297809472635612165397677339987481447874430564,0.00659234039539954050790915257820463402451493899713206106772139,1.22126396078698627795804429598583426368315750372067016113934,False,,,True,True
622,28,0.0217390516424887317457996950268662247338748889229235587899793,-0.112660948357511268254200304973133775266125111077076441210021,0.0754347629106221829364499237567165561834687222307308896974948,-0.0179949502896189843301947727442040722742272850240417883898269,0.506858574408234513579035379023241102817673846729596810337064,False,,,True,False
623,57,0.00374410135286974741560492228266215245964760389888177040015235,-0.130655898647130252584395077717337847540352396101118229599848,0.143436025338217436853901230570665538114911900974720442600038,-0.00170332845933108704479462678510655657598029294187302557697357,0.849119141920286954212417401093319052132992492153842354349339,False,,,True,False
624,6,0.00204077289353866037081029549755559588366731095700874482317878,-0.132359227106461339629189704502444404116332689042991255176821,0.0155101932233846650927025738743888989709168277392521862057947,-0.000890784417425498468298372543249248121185377570353303141636228,0.416186222755195954305899701749631892882357524794826151811682,False,,,True,False
625,98,0.00114998847611316190251192295430634776248193338665544168154256,-0.133250011523886838097488077045693652237518066613344558318457,0.245287497119028290475627980738576586940620483346663860420386,0.0424985116235089222322977275400137255947423369846390186652163,5.62308956423479534248607260965006718622530091050338482447088,False,,,False,True
626,48,0.0436485000996220841348096504943200733572242703712944603467588,-0.0907514999003779158651903495056799266427757296287055396532412,0.13091212502490552103370241262358001833930606759282361508669,-0.0171811657646555720760196967756194948973447760455446110486762,0.580619846539615943284950147073599280802650797776062754704281,False,,,True,False
627,81,0.0264673343349665120587899537187005784598794943257498492980826,-0.107932665665033487941210046281299421540120505674250150701917,0.209116833583741628014697488429675144614969873581437462324521,0.0193997806394511520599880734115487686578724790984143155827864,1.72581643912930507989512194599274021240077084803498434150094,False,,,True,True
628,34,0.045867114974417664118778027130249347117751973424164164880869,-0.088532885025582335881221972869750652882248026575835835119131,0.0964667787436044160296945067825623367794379933560410412202173,-0.0202127877409769600123162232368026401170865022755450884971283,0.526740846278411413466768363432826970230153155817088931903929,False,,,True,False
629,63,0.0256543272334407041064618038934467070006654711486190763837408,-0.108745672766559295893538196106553292999334528851380923616259,0.163913581808360176026615450973361676750166367787154769095935,-0.00656971523578182234652000072140859901545065695781630622189257,0.807710253664951113705410193833837438913521487448706684669106,False,,,True,False
630,20,0.0190846119976588817599418031720381079852148141908027701618482,-0.115315388002341118240058196827961892014785185809197229838152,0.0547711529994147204399854507930095269963037035477006925404621,-0.00710760081245347146192861132791384238478589366510241235187399,0.495590111214974239113825904063661897586070737219646810920879,False,,,True,False
631,85,0.0119770111852054102980131918441242656004289205257003578099742,-0.122422988814794589701986808155875734399571079474299642190026,0.215494252796301352574503297961031066400107230131425089452494,0.0217774281449471674746966313041995891521755577860007562721815,1.69273009111843182500126085472694874193355050745756663137692,False,,,False,True
632,45,0.0337544393301525777727098231483238547526044783117011140821557,-0.100645560669847422227290176851676145247395521688298885917844,0.120938609832538144443177455787080963688151119577925278520539,-0.0204239962912571019034726289727105890353612192684536784194987,0.560219322886339863640382029355870693219687102494881108158451,False,,,True,False
633,69,0.013330443038895475869237194175613265717243259043247435662657,-0.121069556961104524130762805824386734282756740956752564337343,0.175832610759723868967309298543903316429310814760811858915664,0.00639416574629801806939390000828708999054913242527173015653632,1.23674438693054279545200222188695489847812400873002383391515,False,,,True,True
634,26,0.0197246087851934939386310941839003557077923914685191658191933,-0.114675391214806506061368905816099644292207608531480834180807,0.0699311521962983734846577735459750889269480978671297914547983,-0.0150923099508096235647551118318144170600724884265103221370388,0.405842334269705330585090620160689044765789232009094488133987,False,,,True,False
635,92,0.00463229883438387037387598235208593864771990304200884368215446,-0.129767701165616129626124017647914061352280096957991156317846,0.231158074708595967593468995588021484661929975760502210920539,0.0384074209443218401983101382039340506418015959792814720641811,3.00515966401664073664957624957185694190828388792016726420133,False,,,False,True
636,53,0.0430397197787057105721861205560199892895214990212903157463355,-0.0913602802212942894278138794439800107104785009787096842536645,0.143259929944676427643046530139004997322380374755322578936584,-0.0206571528866054488229662742760604743339951188025857475500188,0.616581763167245240860078191889457694132398819640475409996846,False,,,True,False
637,36,0.0223825668921002617492198462799595149555263802187045681963167,-0.112017433107899738250780153720040485044473619781295431803683,0.0955956417230250654373049615699898787388815950546761420490792,-0.00966074305034639153961106230052340660104791523084712858658509,0.643816364230839892525896947547683735217854539174371983537771,False,,,True,False
638,77,0.0127218238417538702096087839794361083544784649878574396097316,-0.121678176158246129790391216020563891645521535012142560390268,0.195680455960438467552402195994859027088619616246964359902433,0.00733593901705713691081935664736716624564527401647752990584196,1.36507363277451419333081856281601771407004619750281930787731,False,,,True,True
639,18,0.0200577628588110071204281406268032746001237390043349695155736,-0.114342237141188992879571859373196725399876260995665030484426,0.0500144407147027517801070351567008186500309347510837423788934,-0.0127730242043364596123136412142841427117372833951596666236971,0.483748231273292772683817583687602046274905193342876559963333,False,,,True,False
640,61,0.00728473865447454750811449941251913188838645560917530289187651,-0.127115261345525452491885500587480868111613544390824697108123,0.154321184663618636877028624853129782972096613902293825722969,-0.00505918047546083871335821739277008623958670777748936240467061,0.783045790441712152714995253073300170884178481522222276423767,False,,,True,False
641,7,0.0022255581790137087947562820197490456487997478316859404872059,-0.132174441820986291205243717980250954351200252168314059512794,0.0180563895447534271986890705049372614121999369579214851218015,-0.000678049162816567459508308859882926417470675517242918773662641,0.507654719974273527424105539018847839193409955373789566280925,False,,,True,False
642,96,0.00154750901619714133524797315986611923132907231444302171354326,-0.132852490983802858664752026840133880768670927685556978286457,0.240386877254049285333811993289966529807832268078610755428386,0.0459083555343229744489108568287241989163792306046826424066232,4.58855622991317959325469453590921256323617685527269496576553,False,,,False,True
643,43,0.0474558645505201157841588299885903181477083029191256641201664,-0.0869441354494798842158411700114096818522916970808743358798336,0.119363966137630028946039707497147579536927075729781416030042,-0.0226838269488193882133680182461414559954458969153196872979919,0.528459843063018517953928135016871341717616587937043784039676,False,,,True,False
644,73,0.0247720376017007275707908117424488621522624060038059768221745,-0.109627962398299272429209188257551137847737593996194023177825,0.188693009400425181892697702935612215538065601500951494205544,0.00819425811490351066560983133902000021960702760371977580983303,1.26161782700600198324756238076601879522161529863956151262996,False,,,True,True
645,30,0.0329662957166042382364006430814688623718694336075257526320076,-0.101433704283395761763599356918531137628130566392474247367992,0.0832415739291510595591001607703672155929673584018814381580019,-0.020306851640419342943687133152530872188434667618620124275308,0.477303801831472110047953033740116582384472816986680713666985,False,,,True,False
646,83,0.0126594440761848952927135099289379901834347659889056283566996,-0.1217405559238151047072864900710620098165652340110943716433,0.210664861019046223823178377482234497545858691497226407089175,0.026255345306505618166495445427352874780492649196456430124257,1.99490492015822538340897087552667540009213950830471514919659,False,,,True,True
647,51,0.0389147893826905134592089553562908649639274151853620584809566,-0.0954852106173094865407910446437091350360725848146379415190434,0.137228697345672628364802238839072716240981853796340514620239,-0.0199264549800159281978608539494202741946685605059113659489224,0.570945736471741617687260964933957091042633946645216511100097,False,,,True,False
648,22,0.0189883344026745852613481014068705907692588546794506925320342,-0.115411665597325414738651898593129409230741145320549307467966,0.0597470836006686463153370253517176476923147136698626731330086,-0.0130236969483069329016693012052795832259040744646573842509575,0.507255674131989636895288973198364290181171179424581441875544,False,,,True,False
649,66,0.00596463745436765235967880020159100754335478021479330828107676,-0.128435362545632347640321199798408992456645219785206691718923,0.166491159363591913089919700050397751885838695053698327070269,-0.00190870761574367148426994641233329255033682024924709611803532,0.894650973191585952776217435890248399192059022172007415106826,False,,,True,False
650,10,0.00405592983862398087540885378925771499301795996554621216304144,-0.130344070161376019124591146210742285006982040034453787836959,0.0260139824596559952188522134473144287482544899913865530407604,-0.00112643974528046298975559757157397512951733995546640756784419,0.693336300947050594033089864628383191117087670427079903624868,False,,,True,False
651,89,0.00292949009334351788565325621768373986350062001007980459519725,-0.131470509906656482114346743782316260136499379989920195404803,0.223232372523335879471413314054420934965875155002519951148799,0.0333471777317066976538751694009217265806312060683749259832256,2.66947118086700254419459439535219619864857505159644865190578,False,,,False,True
652,40,0.0362766678250502155395284256186054664441318260784547305784228,-0.0981233321749497844604715743813945335558681739215452694215772,0.109069166956262553884882106404651366611032956519613682644606,-0.0250884896855653712870262833725811783302921189618096845553776,0.51433240614703656763096339960834219299724982310085507421658,False,,,True,False
653,58,0.0111881781394848442525021422460242881138397071166450460230452,-0.123211821860515155747497857753975711886160292883354953976955,0.147797044534871211063125535561506072028459926779161261505761,-0.0058871983708235607881157751212641916911528995925373965384404,0.798296484516380162640637047361424475432445846037117216848946,False,,,True,False
654,17,0.00530097976866128346438636712476009642268680752410764948460483,-0.129099020231338716535613632875239903577313192475892350515395,0.0438252449421653208660965917811900241056717018810269123711512,-0.00511028556902101342305091014767200651123491059637709339997281,0.506387180065700657073167706368203792576066063821563287986408,False,,,True,False
655,99,0.000190694199640270041335456977088089911451896927730556084632014,-0.134209305800359729958664543022911910088548103072269443915368,0.247547673549910067510333864244272022477862974231932639021158,0.0452659765148910081696318471439939535445144714726690101305051,11.843072822778057880479362418970738286137176044515282795848,False,,,False,True
656,48,0.0454566707145312782109673041210820434559663684003995662151371,-0.0889433292854687217890326958789179565440336315996004337848629,0.131364167678632819552741826030270510863991592100099891553784,-0.011984299414814264626283922525446550066430622117606571319216,0.67758674815386731223982005497484353090428063450183153553018,False,,,True,False
657,75,0.0334723712997170135846833815956354933895357462827929948959212,-0.100927628700282986415316618404364506610464253717207005104079,0.19586809282492925339617084539890887334738393657069824872398,0.00658319020639755455876554263844050824254608667559150088483576,1.18130204961643253801360712614739884435098725316324762869942,False,,,True,True
658,33,0.0400555615061145681434489242340760016320818329583844957807569,-0.0943444384938854318565510757659239983679181670416155042192431,0.0925138903765286420358622310585190004080204582395961239451892,-0.0204373968282992512112835250550009005351816673890314270009889,0.498232371982928148334834020920573972062422969118574615089819,False,,,True,False
659,80,0.019618164677815316932165399179075101096900165569353068779768,-0.114781835322184683067834600820924898903099834430646931220232,0.204904541169453829233041349794768775274225041392338267194942,0.0162015896943331826246694468199084612010880039601489796537582,1.4670506436342179146144093162112832966429733302976129814509,False,,,True,True
660,54,0.0358197543721484995568348459989835622979881695295020484335262,-0.0985802456278515004431651540010164377020118304704979515664738,0.143954938593037124889208711499745890574497042382375512108382,-0.011875416434143664538199777256147907425061124787590900185155,0.694999308146508571329951066678117245671130339179666092755584,False,,,True,False
661,24,0.0239443379380048350186350687428356548729270447419111482483712,-0.110455662061995164981364931257164345127072955258088851751629,0.0659860844845012087546587671857089137182317611854777870620928,-0.0134220033404296222331632450552069230837149766935301147215401,0.456090990700322764775797025826805249949075709467341480115046,False,,,True,False
662,87,0.0105223345975752127854718236876287317892120680483810335268311,-0.123877665402424787214528176312371268210787931951618966473169,0.220130583649393803196367955921907182947303017012095258381708,0.0261882077049161284830271955504165481518050305641540007587936,1.96582199758916592425450189818181268337959928454067545412596,False,,,False,True
663,43,0.0367105423024913412684990192380452799410170986125350342856247,-0.0976894576975086587315009807619547200589829013874649657143753,0.116677635575622835317124754809511319985254274653133758571406,-0.0159256575704219810287444648245080318192176298758838564942294,0.621373524256510928145400208423009314023599061674820652726967,False,,,True,False
664,67,0.0207848847320693602397545544135372481217994687366511777913954,-0.113615115267930639760245445586462751878200531263348822208605,0.172696221183017340059938638603384312030449867184162794447849,-0.00182190885990064558890775398145389628058393355444450788997705,0.936028914737463110233853673587388901730929679610488670310835,False,,,True,False
665,19,0.0189629758721687146508468004320833518412155351822066699014183,-0.115437024127831285349153199567916648158784464817793330098582,0.0522407439680421786627117001080208379603038837955516674753546,-0.0123373547204621424481663544561617230857604117097179316521554,0.389501024337526424450229551621544205970768552846259594634458,False,,,True,False
666,94,0.00662562115170657220268044597592162875545512347248873824926295,-0.127774378848293427797319554024078371244544876527511261750737,0.236656405287926643050670111493980407188863780868122184562316,0.0424359883759951577729273186501759943929097143545704101165087,3.74945471380625685916535563125636728580615528535313504425472,False,,,False,True
667,51,0.0490616095277017299756077646260976231483648378270591483657717,-0.0853383904722982700243922353739023768516351621729408516342283,0.139765402381925432493901941156524405787091209456764787091443,-0.0214032141026584931621620213409650209714878991445236849485988,0.59771897066290828558429463067529464686345406786043496332543,False,,,True,False
668,71,0.0276583954250432368134457432851326021768769386825354634171729,-0.106741604574956763186554256714867397823123061317464536582827,0.184414598856260809203361435821283150544219234670633865854293,0.0113659975981780668917682885852486764756494208509126637821927,1.40045564501619088575965417837866701726084263752626004702977,False,,,True,True
669,32,0.0390243930232213037052140318703812786525263595334481271993656,-0.0953756069767786962947859681296187213474736404665518728006344,0.0897560982558053259263035079675953196631315898833620317998414,-0.027471856167428355090522486974027298402062793698092628664958,0.425853528879053750608932117241729031568234026429418973963165,False,,,True,False
670,82,0.0115525368557929486146915448963539802504635658353554985344076,-0.122847463144207051385308455103646019749536434164644501465592,0.207888134213948237153672886224088495062615891458838874633602,0.0244051467813180688128494536222426131391172147366381902278899,2.14297116899993329559659964168419574705336312638931972845981,False,,,True,True
671,41,0.0359576836371110174275409985185965933895807805719936887622975,-0.0984423163628889825724590014814034066104192194280063112377025,0.111489420909277754356885249629649148347395195142998422190574,-0.0215872792127981767492671563355447124079872513360946419039252,0.552370098561156385108746698736314970593234714328442430327658,False,,,True,False
672,61,0.0143704044243128406782738421830518809815935292358990468583723,-0.120029595575687159321726157816948119018406470764100953141628,0.156092601106078210169568460545762970245398382308974761714593,0.00104709546021547814404670050516958470749329687767883399823158,1.05253404510230813119346180437734207412471419549796583709442,False,,,True,True
673,16,0.0154174998845283188223205426882214656890868261135778808566039,-0.118982500115471681177679457311778534310913173886422119143396,0.043854374971132079705580135672055366422271706528394470214151,-0.0115955860818917259249310617748104162425785059878853802395911,0.282415396920312626237220331861277371341199477662023917555084,False,,,True,False
674,91,0.00382191380263659289738948091341104944650832012569250061701282,-0.130578086197363407102610519086588950553491679874307499382987,0.228455478450659148224347370228352762361627080031423125154253,0.0319743014965651087406523150680941379082934809488771280288723,2.42582985041381415823904674551704926350191330018543840432643,False,,,False,True
675,47,0.0357962152992017016380417959815051873548018010745696286458851,-0.0986037847007982983619582040184948126451981989254303713541149,0.126449053824800425409510448995376296838700450268642407161471,-0.0210801529575513767393226099363233498064418994975468907139167,0.562866603352991265695930314371186827639752329260825496669215,False,,,True,False
676,74,0.0147160623416503248987191860451818375483599015770227379319684,-0.119683937658349675101280813954818162451640098422977262068032,0.188679015585412581224679796511295459387089975394255684482992,0.0167022445658120546653173303697504177349743853196863158660199,1.83029501645251610392265032617042361752749812522635310597752,False,,,True,True
677,28,0.0314183069074623795640365164149322552833342868967090537979883,-0.102981693092537620435963483585067744716665713103290946202012,0.0778545767268655948910091291037330638208335717241772634494971,-0.0270600474864646228830659346707164096572317501731750222381119,0.413551044410117029812623782611445098825500722845533236636917,False,,,True,False
678,57,0.00435825942099775668097058174421584562610253672353403155987633,-0.130041740579002243319029418255784154373897463276465968440124,0.143589564855249439170242645436053961406525634180883507889969,0.000217861900742901719391524598116873636192031051503285322573688,1.018875374317463384293165527532306775852872842720014979128,False,,,True,True
679,9,0.00457612132174065840036210634233271926229456777503731688245002,-0.12982387867825934159963789365766728073770543222496268311755,0.0236440303304351646000905265855831798155736419437593292206125,-0.00292512223859594354332285967748443198514305923867798643150983,0.302656784123880823770841811920560298010448650946431904324115,False,,,True,False
680,97,0.00165099908314471485703924666484828727715150853635933045094019,-0.13274900091685528514296075333515171272284849146364066954906,0.242912749770786178714259811666212071819287877134089832612735,0.0397926660976696794946143270500632495912636800183163827562544,3.2817552294374855003834303124137375565669784143307317736876,False,,,False,True
681,39,0.0414436651808143943516535737149115368684151885546757132071946,-0.0929563348191856056483464262850884631315848114453242867928054,0.107860916295203598587913393428727884217103797138668928301799,-0.0158228213966447565471655318439168723648189641437227851168264,0.597961580551785428958803933464240381737018425759053687059419,False,,,True,False
682,68,0.0256208437841696378044880418709946645035962244109529280903683,-0.108779156215830362195511958129005335496403775589047071909632,0.176405210946042409451122010467748666125899056102738232022592,-0.00484649082732843009631698514666592993778275394291525988181477,0.869211743316185697621117259308652929627046855996105694065588,False,,,True,False
683,23,0.0207743529568412077081710567243287345658134704680376682085535,-0.113625647043158792291828943275671265434186529531962331791447,0.0626935882392103019270427641810821836414533676170094170521384,-0.0053424845930346481365410033460755369422114457358885943655034,0.611977812670503656325720133978549894172538336217917182634817,False,,,True,False
684,84,0.0154318683638065595716300533782531976236020247321490738430501,-0.11896813163619344042836994662174680237639797526785092615695,0.213857967090951639892907513344563299405900506183037268460763,0.0208249949740162009841256404586857116893695075682788818285425,1.63803051567975734408375364325868522800830970037993278683615,False,,,True,True
685,50,0.0362568633378227605557556938369389093129715323004279556715926,-0.0981431366621772394442443061630610906870284676995720443284074,0.134064215834455690138938923459234727328242883075106988917898,-0.0234463650293347949750818676292434399960503375235815274012812,0.558577090860145724258651827752114813659874830928357559521048,False,,,True,False
686,31,0.0128104983084879655806738262076954693169211947768464282703114,-0.121589501691512034419326173792304530683078805223153571729689,0.0807026245771219913951684565519238673292302986942116070675779,-0.00459034936235457915785439113229824234049170313523653966754287,0.751051068764661868404705734963320463118513245276332843235714,False,,,True,False
687,78,0.00822014894613338642281943507539722697642949164160988860276854,-0.126179851053866613577180564924602773023570508358390111397231,0.197055037236533346605704858768849306744107372910402472150692,0.00538418776749879189284062798594373384786655386738785159700438,1.20805320037605620169282859058762251223704875950618967576741,False,,,True,True
688,59,0.0136043367136321783156600630613409608242960455089977401997729,-0.120795663286367821684339936938659039175703954491002259800227,0.150901084178408044578915015765335240206074011377249435049943,0.00020131355374426710684934249502261408233268798956099126413109,1.0098210220455790175372416895628695293748068656171794250251,False,,,True,True
689,17,0.013805650267376445422509405556363574906628733498558731463904,-0.120594349732623554577490594443636425093371266501441268536096,0.045951412566844111355627351389090893726657183374639682865976,-0.0107323811360754510198660009039663368825412749837828905441535,0.308226611285630477936317607100454490710138920764574625531288,False,,,True,False
690,93,0.00307326913130099440264340465239723802408745851477584091975049,-0.13132673086869900559735659534760276197591254148522415908025,0.233268317282825248600660851163099309506021864628693960229938,0.0383022069341567606899058616532408825453745417996761849970998,3.04940589478571972663300454548483767155311463629149264038113,False,,,False,True
691,43,0.0413754760654577550925492663056381205694620003144520259168502,-0.0930245239345422449074507336943618794305379996855479740831498,0.117843869016364438773137316576409530142365500078613006479213,-0.0230064168784476858941924707009749650307831287186985185307266,0.536259865070556868559887098586607465484316311972919406328541,False,,,True,False
692,70,0.0183690591870100691983567956046631555386788715957535073861236,-0.116030940812989930801643204395336844461321128404246492613876,0.179592264796752517299589198901165788884669717898938376846531,0.00573427780099322552743001379864500876437371261848277585942774,1.19432609296636426127771263703966057495571091448630578353525,False,,,True,True
693,27,0.0241033369880032947257868094033081643030525842142362832455514,-0.110296663011996705274213190596691835696947415785763716754449,0.0735258342470008236814467023508270410757631460535590708113878,-0.0186211463669106043104465885397292855400038311244048754871424,0.430230990400315093277182595434410683820371100090300082532311,False,,,True,False
694,86,0.00548219062109269041534022086357887876304875308983140775840898,-0.128917809378907309584659779136421121236951246910168592241591,0.216370547655273172603835055215894719690762188272457851939602,0.0304365128874882159896233167269528666846125736846159275780818,2.29134750393355589340900844309661796657781272556136048464054,False,,,False,True
695,52,0.0359187035085809064049635375905317454476613267744473353364908,-0.0984812964914190935950364624094682545523386732255526646635092,0.138979675877145226601240884397632936361915331693611833834123,-0.0192561463410313917451928166917335752849616564773214513863419,0.617258965912197007576028341659399296407652334656631672333067,False,,,True,False
696,20,0.0166625571675495146597707208987981701626996702971258839501489,-0.117737442832450485340229279101201829837300329702874116049851,0.0541656392918873786649426802246995425406749175742814709875372,-0.0131610066082159563183066869984030571090774877147355235445695,0.4847640633759850807087699948074274920390268891440311187636,False,,,True,False
697,65,0.00350155055933355834146403390039511305362218258239036040557938,-0.130898449440666441658535966099604886946377817417609639594421,0.163375387639833389585366008475098778263405545645597590101395,-0.000540142771485768944113684483268184514948336871538661563165424,0.958721812188385692939625580333717991638643352966044471456208,False,,,True,False
698,7,0.00296140778784778939735034941712692853867384571085169884241396,-0.131438592212152210602649650582873071461326154289148301157586,0.0182403519469619473493375873542817321346684614277129247106035,-0.00296140778784778939735034941712692853867384571085169884241396,0.33272449973819494915693757504118149521269252144989180671528,False,,,True,False
