t,s,d,e,moved,worst,R,boundary,tie_exact,invariant_exact_ok,s_bound_ok,rebound
0,100,0.25,0.112225,0.1875,-0.039475,0.537342882198187664425606547793042969891844489915229465068693,False,,,True,False
1,116,0.210525,0.07275,0.19763125,-0.03003801,0.604469337819238415659886832849059489218534944181067441504817,False,,,True,False
2,128,0.18048699,0.04271199,0.2051217475,-0.0159338899815,0.759818633736917336285225662004537519860750571653472487324284,False,,,True,False
3,86,0.1645531000185,0.0267781000185,0.148638275004625,-0.0207938560361389625,0.597199520933537560324683038845262916371151378562321233610677,False,,,True,False
4,142,0.1437592439823610375,0.0059842439823610375,0.213439810995590259375,-0.01427082397117166450875,0.78791829172526718183542637401877313469788279701521397439242,False,,,True,False
5,108,0.12948842001118937299125,-0.00828657998881062700875,0.1673721050027973432478125,-0.0115490285962682439710948203125,0.725334846280187552744405538175010085520273555033509705183463,False,,,True,False
6,153,0.1179393914149211290201551796875,-0.0198356085850788709798448203125,0.220734847853730282255038794921875,-0.00072784309194751291511014128359375,0.986197571516626552755842417271087152247616006988965439715843,False,,,True,False
7,76,0.11721154832297361610504503840390625,-0.02056345167702638389495496159609375,0.1243028870807434040262612596009765625,-0.0157922856304339773962403685077290869140625,0.592080381575566787750365146144520165889913263435166182603504,False,,,True,False
8,159,0.1014192626925396387088046698961771630859375,-0.0363557373074603612911953301038228369140625,0.224104815673134909677201167474044290771484375,0.0058514400506010254645859905236519490670166015625,1.12341437196287014399838518769872805455096241131988682938092,False,,,True,True
9,122,0.1072707027431406641733906604198291121529541015625,-0.0305042972568593358266093395801708878470458984375,0.179317675685785166043347665104957278038238525390625,-0.01798138950594742777440504121444868474283878173828125,0.71240774385677000460893285690907634329959162411264518482623,False,,,True,False
10,92,0.08928931323719323639898561920538042741011531982421875,-0.04848568676280676360101438079461957258988468017578125,0.1373223283092983090997464048013451068525288299560546875,-0.0061136625932460461411326213399449994440826231829071044921875,0.75913479201868688437754816873584299116548907030684923886222,False,,,True,False
11,167,0.0831756506439471902578529978654354279660326966413116455078125,-0.0545993493560528097421470021345645720339673033586883544921875,0.229543912660986797564463249466358856991508174160327911376953,0.00739495116958228642405646066764279420914404735993059873580933,1.17285885001686612786123296928169963751287045130130171361283,False,,,True,True
12,135,0.0905706018135294766819094585330782221751767440012422442436218,-0.0472043981864705233180905414669217778248232559987577557563782,0.191392650453382369170477364633269555543794186000310561060905,-0.00128665707614379467746500296064523641872187170493354802183807,0.971110126260738012442986195788056299884949686338598875259006,False,,,True,False
13,69,0.0892839447373856820044444555724329857564548722963086962217838,-0.0484910552626143179955555444275670142435451277036913037782162,0.108570986184346420501111113893108246439113718074077174055446,-0.0185698132685123191192694621623933097403335613445040447680525,0.482493757911497835864840537028745447812981857025876033526388,False,,,True,False
14,172,0.0707141314688733628851749934100396760161213109518046514537312,-0.0670608685311266371148250065899603239838786890481953485462688,0.232678532867218340721293748352509919004030327737951162863433,0.021955674475215203630982581271070630542742077950010437128254,1.6087209997041629182779615461140213700117556467961021155605,False,,,False,True
15,105,0.0926698059440885665161575746811103065588633889018150885819852,-0.0451051940559114334838424253188896934411366110981849114180148,0.154417451486022141629039393670277576639715847225453772145496,-0.0209993628341689161345456430565298165272597918679702977963456,0.591245138743111172609031951426938322165526507988879426206439,False,,,True,False
16,147,0.0716704431099196503816119316245804900316035970338447907856397,-0.0661045568900803496183880683754195099683964029661552092143603,0.20166761077747991259540298290614512250790089925846119769641,0.00464767274306669139986552498209864463639836444007863480165586,1.10622631903244057919704272437028703616338208772683386903412,False,,,True,True
17,80,0.0763181158529863417814774566066791346680019614739234255872955,-0.0614568841470136582185225433933208653319980385260765744127045,0.119079528963246585445369364151669783667000490368480856396824,-0.0174149602505631180569399927359412717729585028475965150398702,0.514007037636144753606406785999902092658852941415398881344122,False,,,True,False
18,176,0.0589031556024232237245374638707378628950434586263269105474253,-0.0788718443975767762754625361292621371049565413736730894525747,0.234725788900605805931134365967684465723760864656581727636856,0.0253620412269906549719761861596638450970586575315173047410844,1.80201996082863590152274420527677630261054720266669072522956,False,,,False,True
19,115,0.0842651968294138786965136500304017079921021161578442152885097,-0.0535098031705861213034863499695982920078978838421557847114903,0.164816299207353469674128412507600426998025529039461053822127,-0.0181562523741268195045740444180715473855200255965184369408269,0.661677298628241335049031965991434574945994866081760409095913,False,,,True,False
20,61,0.0661089444552870591919396056123301606065820905613257783476828,-0.0716660555447129408080603943876698393934179094386742216523172,0.0927772361138217647979849014030825401516455226403314445869207,-0.00932711029903267386792789544017676969825462293665374806470527,0.625532261546097163073596678978887063923400056813355083997851,False,,,True,False
21,161,0.0567818341562543853240117101721533909083274676246720302829776,-0.0809931658437456146759882898278466090916725323753279697170224,0.215445458539063596331002927543038347727081866906168007570744,0.0077718784071512758597545137795556381530918856043942369305269,1.16886773111484180282106481052494714257056165232888194087258,False,,,True,True
22,97,0.0645537125634056611837662239517090290614193532290662672135045,-0.0732212874365943388162337760482909709385806467709337327864955,0.137388428140851415295941555987927257265354838307266566803376,-0.0154336088374064941175837956755677324296311931762817784486594,0.645541573723432645275611600720318738854787555500245107021423,False,,,True,False
23,180,0.0491201037259991670661824282761412966317881600527844887648451,-0.0886548962740008329338175717238587033682118399472155112351549,0.237280025931499791766545607069035324157947040013196122191211,0.0320675996674456219401133285385222838547556977637338505283836,2.43731256684516934901042223164261702255020807737621305268096,False,,,False,True
24,127,0.0811877033934447890062957568146635804865438578165183392932287,-0.0565872966065552109937042431853364195134561421834816607067713,0.179046925848361197251573939203665895121635964454129584823307,-0.0087765071453944731489203946524848214195496343319118267205434,0.826578186934143493935459046789558741008948296355849099821702,False,,,True,False
25,74,0.0724111962480503158573753621621787590669942234846065125726853,-0.0653638037519496841426246378378212409330057765153934874273147,0.110602799062012578964343840540544689766748555871151628143171,-0.0202300153475365970198605044852611144181854317340863560870989,0.52326101393268285253656291680842145404976825283907762190076,False,,,True,False
26,150,0.0521811809005137188375148576769176446488087917505201564855864,-0.0855938190994862811624851423230823553511912082494798435144136,0.200545295225128429709378714419229411162202197937630039121397,0.00231087202370830985058815006674103885988363603177771833723241,1.04883077719573625330851849336170360336062270362204070176492,False,,,True,True
27,90,0.0544920529242220286881030077436586835086924277822978748228188,-0.0832829470757779713118969922563413164913075722177021251771812,0.126123013231055507172025751935914670877173106945574468705705,-0.0124200239606160959554276485532882143778197142453877330057834,0.574562552237651009047466469958856461041837505100137820376743,False,,,True,False
28,183,0.0420720289636059327326753591903704691308727135369101418170355,-0.0957029710363940672673246408096295308691272864630898581829645,0.239268007240901483183168839797592617282718178384227535454259,0.0321882272162390010184293445571783936702546522266498571341983,2.23127169869865849397116140400927184954102443858804277912706,False,,,False,True
29,112,0.0742602561798449337511047037475488628011273657635599989512337,-0.0635147438201550662488952962524511371988726342364400010487663,0.158565064044961233437776175936887215700281841440889999737808,-0.0168348532415857921833189364423684681982902976483417793052842,0.665390079398747372378217267200665341454930024748030622836603,False,,,True,False
30,57,0.0574254029382591415677857673051803946028370681152182196459495,-0.0803495970617408584322142326948196053971629318847817803540505,0.0856063507345647853919464418262950986507092670288045549114874,-0.0100551711053403793026129717915051364628654778177543371858518,0.626024505358505673073230909854208735248955222582029398559603,False,,,True,False
31,157,0.0473702318329187622651727955136752581399715902974638824600977,-0.0904047681670812377348272044863247418600284097025361175399023,0.208092557958229690566293198878418814534992897574365970615024,0.0040308278070340587150999448207210257652241362061001755011972,1.09445452486683546743849591062678252029550883938265810856355,False,,,True,True
32,131,0.0514010596399528209802727403343962839051957265035640579612949,-0.0863739403600471790197272596656037160948042734964359420387051,0.176600264909988205245068185083599070976298931625891014490324,-0.0011932593076871752181989612086348269864333688243891015998513,0.972382388111768505940420241101086171969564596325614507904376,False,,,True,False
33,78,0.0502078003322656457620737791257614569187623576791749563614436,-0.0875671996677343542379262208742385430812376423208250436385564,0.110051950083066411440518444781440364229690589419793739090361,-0.0141146825524479235388747210538680751142421122497192646873614,0.47819927381923968140162257783876116019919813701317152882834,False,,,True,False
34,186,0.0360931177798177222231990580718933818045202454294556916740822,-0.101681882220182277776800941928106618195479754570544308325918,0.241523279444954430555799764517973345451130061357363922918521,0.0336046723891253420034327885651926936638688209459262025504127,2.25700473657515211218094163797570008187596998796143192104598,False,,,False,True
35,102,0.0696977901689430642266318466370860754683890663753818942244949,-0.0680772098310569357733681533629139245316109336246181057755051,0.144924447542235766056657961659271518867097266593845473556124,-0.0200996292912896305579253059332656653079590773948738686616993,0.600141735474010772006077651073771205355186335104276735576567,False,,,True,False
36,142,0.0495981608776534336687065407038204101604299889805080255627957,-0.0881768391223465663312934592961795898395700110194919744372043,0.189899540219413358417176635175955102540107497245127006390699,0.00557372219443596147940968603787803476995819085755540212940786,1.15895528833812365391423271477917045634678564491325695505119,False,,,True,True
37,63,0.0551718830720893951481162267416984449303881798380634276922035,-0.0826031169279106048518837732583015550696118201619365723077965,0.0925429707680223487870290566854246112325970449595158569230509,-0.0150734242128609305517888063879910632362638246892673137024544,0.450801365764885680612027520026968935905776931216534755565331,False,,,True,False
38,170,0.0400984588592284645963274203537073816941243551487961139897492,-0.0976765411407715354036725796462926183058756448512038860102508,0.222524614714807116149081855088426845423531088787199028497437,0.0185633491902851804980003735778449064540559310269670317595757,1.50450447936897818695638443513971284685173191545703547491186,False,,,False,True
39,93,0.0586618080495136450943277939315522881481802861757631457493249,-0.0791131919504863549056722060684477118518197138242368542506751,0.130915452012378411273581948482888072037045071543940786437331,-0.021492068749094921570485602429224213669600006328921636735737,0.590109361867616193360987306115011051619414319290487919081532,False,,,True,False
40,124,0.0371697393004187235238421915023280744785802798468415090135879,-0.100605260699581276476157808497671925521419720153158490986412,0.164292434825104680880960547875582018619645069961710377253397,-0.00395070934069440649771421825662724314461470578750416885593026,0.880889013261713458609927206896019772846311940282668731854974,False,,,True,False
41,45,0.0332190299597243170261279732457008313339655740593373401576576,-0.104555970040275682973872026754299168666034425940662659842342,0.0645547574899310792565319933114252078334913935148343350394144,-0.00263444772299643630212195111446041616659599147310801340179351,0.700786643150039229320690229601139579238642077735620531881793,False,,,True,False
42,188,0.0305845822367278807240060221312404151673695825862293267558641,-0.107190417763272119275993977868759584832630417413770673244136,0.242646145559181970181001505532810103791842395646557331688966,0.0286698310165014479595490260801213033746144622931888767516947,2.29123036765874627757648348021350273827709670861748558928909,False,,,False,True
43,110,0.0592544132532293286835550482113617185419840448794182035075588,-0.0785205867467706713164449517886382814580159551205817964924412,0.15231360331330733217088876205284042963549601121985455087689,-0.0124989731466855563870020218596426176137276090148510481594159,0.689941885468726194726951288291807825804525118535069583126702,False,,,True,False
44,153,0.0467554401065437722965530263517191009282564358645671553481429,-0.0910195598934562277034469736482808990717435641354328446518571,0.202938860026635943074138256587929775232064108966141788837036,0.0133948535190210828619593535531372914771627787220389498112861,1.39988892694629702548450505008308556666535271462232118528805,False,,,True,True
45,74,0.0601502936255648551585123799048563924054192145866061051594289,-0.0776247063744351448414876200951436075945807854133938948405711,0.107537573406391213789628094976214098101354803646651526289857,-0.0246579161381259604088550583284744346117384994532670469641157,0.460802830288407827921173303328270383008126878216818113910357,False,,,True,False
46,166,0.0354923774874388947496573215763819577936807151333390581953132,-0.102282622512561105250342678423618042206319284866660941804687,0.216373094371859723687414330394095489448420178783334764548828,0.020600719212428482699758988688556781667635938623700794794227,1.62765606839295145978358214368998294742797840809223612652296,False,,,True,True
47,96,0.0560930966998673774494163102649387394613166537570398529895402,-0.0816819033001326225505836897350612605386833462429601470104598,0.134023274174966844362354077566234684865329163439259963247385,-0.021078484060811326984721233406921660880045021218751023909703,0.584070055848872318429694927313357261691890297845002468759286,False,,,True,False
48,135,0.0350146126390560504646950768580170785812716325382888290798372,-0.102760387360943949535304923141982921418728367461711170920163,0.177503653159764012616173769214504269645317908134572207269959,0.00566023163056845867903703642531304072395938791713890655316297,1.19663283482000861516028877572158488815105789253698334786496,False,,,True,True
49,54,0.0406748442696245091437321132833301193052310204554277356330002,-0.0971001557303754908562678867166698806947689795445722643669998,0.07766871106740612728593302832083252982630775511385693390825,-0.0133116562280962510444581802912228398192497126853666215858741,0.3816424631677038820237385795191584393919378472705717666837,False,,,True,False
50,181,0.027363188041528258099273932992107279485981307770061114047126,-0.110411811958471741900726067007892720514018692229938885952874,0.233090797010382064524818483248026819871495326942515278511782,0.0272426650879013720161287683538578085971776675477931372087937,1.90958976707873371366656759013018606622234521384007558967993,False,,,False,True
51,106,0.0546058531294296301154027013459650880831589753178542512559198,-0.0831691468705703698845972986540349119168410246821457487440802,0.14615146328235740752885067533649127202078974382946356281398,-0.0200619192965190206692788587307945404834050105115916880090567,0.624599335098182539213848610887867846803450233135107707532711,False,,,True,False
52,68,0.0345439338329106094461238426151705475997539648062625632468631,-0.103231066167089390553876157384829452400246035193737436753137,0.0936359834582276523615309606537926368999384912015656408117158,-0.00734770302124375890892095984506652605016271431211456201388863,0.696091353016538999275514330264880622593835808423854781420055,False,,,True,False
53,160,0.0271962308116668505372028827701040215495912504941480012329744,-0.110578769188333149462797117229895978450408749505851998767026,0.206799057702916712634300720692526005387397812623537000308244,0.00789508664871198490306672367560632230156168228772847603866448,1.19012980695450780553693514693125961757941035733131279184827,False,,,True,True
54,121,0.0350913174603788354402696064457103438511529327818764772716389,-0.102683682539621164559730393554289656148847067218123522728361,0.16002282936509470886006740161142758596278823319546911931791,-0.00468199039994957278191097708926259433279293507096036289208028,0.856916312287841397867469695620343567436778149342913643756429,False,,,True,False
55,44,0.0304093270604292626583586293564477495183599977109161143795586,-0.107365672939570737341641370643552250481640002289083885620441,0.0626023317651073156645896573391119373795899994277290285948897,-0.00636996895130500972743089385190344419174589518979424254166165,0.413054264660433989202256153303185373129994237041104780393433,False,,,True,False
56,190,0.024039358109124252930927735504544305326614102521121871837897,-0.113735641890875747069072264495455694673385897478878128162103,0.243509839527281063232731933876136076331653525630280467959474,0.0369484644716024570445506674707555267827728277730740962800132,2.59553767734232375867132339803641160579652572908058561917089,False,,,False,True
57,90,0.0609878225807267099754784029752998321093869302941959681179102,-0.0767871774192732900245215970247001678906130697058040318820898,0.127746955645181677493869600743824958027346732573548992029478,-0.0172392180003860048266842603340167565354896907738909948025348,0.604673333172003258642901728925904257776085204574407473908359,False,,,True,False
58,144,0.0437486045803407051487941426412830755738972395203049733153753,-0.0940263954196592948512058573587169244261027604796950266846247,0.190937151145085176287198535660320768893474309880076243328844,-0.00146746545969323628980068003441773884284929127993870420943987,0.967904555582524688452333249665022353878999243780990900828502,False,,,True,False
59,73,0.0422811391206474688589934626068653367310479482403662691059355,-0.0954938608793525311410065373931346632689520517596337308940645,0.101820284780161867214748365651716334182761987060091567276484,-0.0131076165822433883779712074687248874464006537364799700986072,0.544496058116118472406625748346319490094653303050833149256589,False,,,True,False
60,174,0.0291735225384040804810222551381404492846472945038862990073283,-0.108601477461595919518977744861859550715352705496113700992672,0.224793380634601020120255563784535112321161823625971574751832,0.0262254479286672713372112178723954496080858827840368860476147,1.90527721818955533183945375193032040202806755113017496622511,False,,,False,True
61,113,0.055398970467071351818233473010535898892733177287923185054943,-0.082376029532928648181766526989464101107266822712076814945057,0.155099742616767837954558368252633974723183294321980796263736,-0.0166396348029036256098483573219741013062158102490683007608453,0.657465107013558625208820159215384412344558270722745216191615,False,,,True,False
62,56,0.0387593356641677262083851156885617975865173670388548842940977,-0.0990156643358322737916148843114382024134826329611451157059023,0.0796898339160419315520962789221404493966293417597137210735244,-0.0122698429643113054029379622382243863528417829176653040004669,0.553615982933157150369157705071642937273356210463761708330775,False,,,True,False
63,151,0.0264894926998564208054471534503374112336755841211895802936308,-0.111285507300143579194552846549662588766324415878810419706369,0.195372373174964105201361788362584352808418896030297395073408,0.0042060459042762161424852802443190763633403356968877700691558,1.09448616434746810001522222666935271858253011394954724873068,False,,,True,True
64,95,0.0306955386041326369479324336946564875970159198180773503627866,-0.107079461395867363052067566305343512402984080181922649637213,0.126423884651033159236983108423664121899253979954519337590697,-0.00962297892803890361340876864163222202571710842989772053908847,0.591292500509781695114155566152961563631342486419082615345266,False,,,True,False
65,192,0.0210725596760937333345236650530242655712988113881796298236981,-0.116702440323906266665476334946975734428701188611820370176302,0.245268139919023433333630916263256066392824702847044907455925,0.0402655214383438752395940329282896143620551630165942109456662,3.47863214586602952318596681979633946869068047587230936741421,False,,,False,True
66,126,0.0613380811144376085741176979813138799333539744047738407693643,-0.0764369188855623914258823020186861200666460255952261592306357,0.172834520278609402143529424495328469983338493601193460192341,-0.00528559347171776976769606194420178188368305646423966616142458,0.880799051278939054005255524668468093131948329235768678857037,False,,,True,False
67,69,0.0560524876427198388064216360371120980496709179405341746079397,-0.0817225123572801611935783639628879019503290820594658253920603,0.100263121910679959701605409009278024512417729485133543651985,-0.0218634634739298624813309687059755950917213932415380663033319,0.461075007923525248042477546899389278093594691789014322528401,False,,,True,False
68,163,0.0341890241687899763250906673311365029579495246989961083046078,-0.103585975831210023674909332668863497042050475301003891695392,0.212297256042197494081272666832784125739487381174749027076152,0.0173877401898430709718357211359873334883375164138357901752208,1.48821058345731776306902782845135216004799689805754438925536,False,,,True,True
69,102,0.0515767643586330472969263884671238364462870411128318984798286,-0.0861982356413669527030736115328761635537129588871681015201714,0.140394191089658261824231597116780959111571760278207974619957,-0.0178774295791491711092641595183498277942778300286386843290743,0.595050219650880148213083393141281582766509753344301984142683,False,,,True,False
70,46,0.0336993347794838761876622289487740086520092110841932141507543,-0.104075665220516123812337771051225991347990788915806785849246,0.0659248336948709690469155572371935021630023027710483035376886,-0.00834841325322909723822205017286371631807319498253744178013436,0.565980654586762124335016237463913128263380957272172668957127,False,,,True,False
71,178,0.0253509215262547789494401787759102923339360161016557723706199,-0.11242407847374522105055982122408970766606398389834422762938,0.228837730381563694737360044693977573083484004025413943092655,0.0273146903671118615692418579059918979630458069611559433803157,2.15662010416730766688861831451057878216965549186099821030173,False,,,False,True
72,132,0.0526656118933666405186820366819021902969818230628117157509356,-0.0851093881066333594813179633180978097030181769371882842490644,0.178166402973341660129670509170475547574245455765702928937734,-0.00167558349737279478701432348668882835838992556327073267152484,0.962438638703202131974539282071817406695410712810998255977156,False,,,True,False
73,81,0.0509900283959938457316677131952133619385918974995409830794108,-0.0867849716040061542683322868047866380614081025004590169205892,0.113997507098998461432916928298803340484647974374885245769853,-0.0254583017472307005179062220781688221607989734084392044141439,0.480123974330308808710869139414136821243863830343114810739635,False,,,True,False
74,147,0.0255317266487631452137614911170445397777929240911017786652668,-0.112243273351236854786238508882955460222207075908898221334733,0.190132931662190786303440372779261134944448231022775444666317,0.0100376603800627737991993231797318683857634016516791763055901,1.35375002206551066205346164588627214973952508667419134144987,False,,,True,True
75,58,0.0355693870288259190129608142967764081635563257427809549708569,-0.102205612971174080987039185703223591836443674257219045029143,0.0813923467572064797532402035741941020408890814356952387427142,-0.0159956216984675163922351628236491962783445517280213141886632,0.467890629446271155711603752979299369435276912293440379014381,False,,,True,False
76,185,0.0195737653303584026207256514731272118852117740147596407821937,-0.118201234669641597379274348526872788114788225985240359217806,0.236143441332589600655181412868281802971302943503689910195548,0.0407489333745793574024367739348578487197394245562275834609563,3.29141700434811745623076751546062622720777875814269822831623,False,,,False,True
77,108,0.0603226987049377600231624254079850606049511985709872242431501,-0.0774523012950622399768375745920149393950488014290127757568499,0.150080674676234440005790606351996265151237799642746806060788,-0.0247720359234074953165315012913678670664527620458979484658945,0.595870411667000884706512897246636717980043624490117230832004,False,,,True,False
78,74,0.0355506627815302647066309241166171935384984365250892757772556,-0.102224337218469735293369075883382806461501563474910724222744,0.101387665695382566176657731029154298384624609131272318944314,-0.00904736194124741975944372295136247197855422316110115701774511,0.656443272007385267057982976252503653257453566200924372277167,False,,,True,False
79,157,0.0265033008402828449471872011652547215599442133639881187595105,-0.11127169915971715505281279883474527844005578663601188124049,0.202875825210070711236796800291313680389986053340997029689878,0.00696829854697721279235255823152143792879241718199339960899233,1.17090618195356991611370292971643254470344515022449045271176,False,,,True,True
80,119,0.0334715993872600577395397593967761594887366305459815183685028,-0.104303400612739942260460240603223840511263369454018481631497,0.157117899846815014434884939849194039872184157636495379592126,-0.00331854670814752218448445951638093036653736952913247495192013,0.89135505247316400405437622420672063068293051910448045472729,False,,,True,False
81,43,0.0301530526791125355550552998803952291221992610168490434165827,-0.107621947320887464444944700119604770877800738983150956583417,0.0612882631697781338887638249700988072805498152542122608541457,-0.0128764175479838045301958327815919561757719056045058123935869,0.367402059288645252598547539768487420698094891233091072569781,False,,,True,False
82,193,0.0172766351311287310248594670988032729464273554123432310229957,-0.120498364868871268975140532901196727053572644587656768977004,0.245569158782782182756214866774700818236606838853085807755749,0.0438854396139692713927738059004552303011005667674456267638367,3.58587260428380476201687360492821795285724177188547882928332,False,,,False,True
83,94,0.0611620747450980024176332729992585032475279221797888577868324,-0.0766129252549019975823667270007414967524720778202111422131676,0.132790518686274500604408318249814625811881980544947214446708,-0.018701846339426445429640584649740735770582898452311090367757,0.602344669267966394159725393625044003842434700850141859987992,False,,,True,False
84,139,0.0424602284056715569879926883495177674769450237274777674190754,-0.0953147715943284430120073116504822325230549762725222325809246,0.184365057101417889246998172087379441869236255931869441854769,-0.00132958697671755191225684243961326079139466120880737172746163,0.968172413262671351924235393364751472317040961883432563297732,False,,,True,False
85,65,0.0411306414289540050757358459099045066855503625186703956916138,-0.0966443585710459949242641540900954933144496374813296043083862,0.0915326603572385012689339614774761266713875906296675989229034,-0.0112326413446290026918242042311323389775450710743913908315219,0.521992255472166698153228584169675626159192803018657816869806,False,,,True,False
86,169,0.0298980000843250023839116416787721677080052914442790048600919,-0.107876999915674997616088358321227832291994708555720995139908,0.218724500021081250595977910419693041927001322861069751215023,0.0176528790359915409328894914146989068852314711849994939768181,1.47850747150852519242020139440369075107669361438190308024032,False,,,False,True
87,105,0.04755087912031654331680113309347107459323676262927849883691,-0.09022412087968345668319886690652892540676323737072150116309,0.143137719780079135829200283273367768648309190657319624709228,-0.0190622698920386996706129341600223329681299800628652723960267,0.603705290545306173991789879169679007484847496957343336574161,False,,,True,False
88,49,0.0284886092282778436461881989334487416251067825664132264408834,-0.109286390771722156353811801066551258374893217433586773559117,0.0683721523070694609115470497333621854062766956416033066102208,-0.00689151444078305213692548192994664590939246717261290030638498,0.642802630801759618753481527998549459940424357231206366620741,False,,,True,False
89,153,0.0215970947874947915092627170035020957157143153938003261344984,-0.116177905212505208490737282996497904284285684606199673865502,0.196649273696873697877315679250875523928928578848450081533625,0.00471735984066464757620836033279264349940240521116653913561806,1.10948614157473599279123641499283992580828648671127286733703,False,,,True,True
90,84,0.0263144546281594390854710773362947392151167206049668652701164,-0.111460545371840560914528922663705260784883279395033134729884,0.111578613657039859771367769334073684803779180151241716317529,-0.00831944647385089362906631273602135510514835266793570752750232,0.597502232555546221190440335696547881847092083355313756106932,False,,,True,False
91,182,0.0179950081543085454564047646002733841099683679370311577426141,-0.119779991845691454543595235399726615890031632062968842257386,0.231998752038577136364101191150068346027492091984257789435654,0.0315884134336511387140970222309735901002047942991184507158546,2.36387826497024820452249414052530564819951649557130887143426,False,,,False,True
92,122,0.0495834215879596841705017868312469742101731622361496084584687,-0.0881915784120403158294982131687530257898268377638503915415313,0.164895855396989921042625446707811743552543290559037402114617,-0.0096605209232132913101591322714311617865088485658630651878452,0.788614480651219325629895934977057040107821333544368095303115,False,,,True,False
93,61,0.0399229006647463928603426545598158124236643136702865432706235,-0.0978520993352536071396573454401841875763356863297134567293765,0.0862307251661865982150856636399539531059160784175716358176559,-0.0202132149669302282360511096578347011076387459386491713197597,0.472012139641333311344806139506850448206572037477911399165098,False,,,True,False
94,143,0.0197096856978161646242915449019811113160255677316373719508638,-0.118065314302183835375708455098018888683974432268362628049136,0.183677421424454041156072886225495277829006391932909342987716,0.00268345772853172790906571314779929059719014603645697466492806,1.10682325959116434291606636886884572446917007046454384209059,False,,,True,True
95,38,0.0223931434263478925333572580497804019132157137680943466157919,-0.115381856573652107466642741950219598086784286231905653384208,0.053098285856586973133339314512445100478303928442023586653948,-0.00711167251423303825446852967618112221096943704230820651875696,0.476275293787704545365075773538962219338311689757021871885017,False,,,True,False
96,189,0.0152814709121148542788887283735992797022462767257861400970349,-0.122493529087885145721111271626400720297753723274213859902965,0.240070367728028713569722182093399819925561569181446535024259,0.0456512615677186158247389011981833240792263264724655603913754,4.17898446638056316158879443406908231937405175459258377403797,False,,,False,True
97,99,0.0609327324798334701036276295717826037814726031982517004884103,-0.0768422675201665298963723704282173962185273968017482995115897,0.138983183119958367525906907392945650945368150799562925122103,-0.0260102328130162672896207345874531288773141024653449910326803,0.550287052665966440016094358702426224663347004485913099763747,False,,,True,False
98,130,0.0349224996668172028140068949843294749041585007329067094557299,-0.10285250033318279718599310501567052509584149926709329054427,0.171230624916704300703501723746082368726039625183226677363932,-0.000833327351040181456519253200382958633929757386860026758592778,0.979188075444335185450353331579872289954022921440029963175506,False,,,True,False
99,71,0.0340891723157770213574876417839465162702287433460466826971372,-0.103685827684222978642512358216053483729771256653953317302863,0.0972722930789442553393719104459866290675571858365116706742843,-0.0108328833980285878096133384951541469709638421789875419326169,0.56530535518406262600066594378792114736824773517783346892581,False,,,True,False
100,166,0.0232562889177484335478743032887923692992649011670591407645202,-0.11451871108225156645212569671120763070073509883294085923548,0.21331407222943710838696857582219809232481622529176478519113,0.0125557138458297379630137187521207894831246616224161587350549,1.33981448897738789125987983540978838738737654565282563485157,False,,,True,True
101,89,0.0358120027635781715108880220409131587823895627894752994995751,-0.101962997236421828489111977959086841217610437210524700500425,0.120203000690894542877722005510228289695597390697368824874894,-0.0190370137416101069349659596084223147178696274888486310751174,0.553131361324579358432316242845654684225310983520171719835312,False,,,True,False
102,175,0.0167749890219680645759220624324908440645199353006266684244577,-0.121000010978031935424077937567509155935480064699373331575542,0.222943747255492016143980515608122711016129983825156667106114,0.0314502685078008020565969620965887863881064737756565165070507,3.64445087829449928418906286114367392889566858058856684423675,False,,,False,True
103,112,0.0482252575297688666325190245290796304526264090762831849315083,-0.0895497424702311333674809754709203695473735909237168150684917,0.152056314382442216658129756132269907613156602269070796232877,-0.00934050870754138646971902462204516082943969153462167133675507,0.761499660903539374381751790936552802667362900258631078908149,False,,,True,False
104,52,0.0388847488222274801627999999070344696231867175416615135947533,-0.0988902511777725198372000000929655303768132824583384864052467,0.0747211872055568700406999999767586174057966793854153783986883,-0.019292645088483778631528572189681026524324758071228826917975,0.432489765327388836854272598711747394432633215335102315282907,False,,,True,False
105,149,0.0195921037337437015312714277173534430988619594704326866767783,-0.118182896266256298468728572282646556901138040529567313323222,0.191148025933435925382817856929338360774715489867608171669195,0.00601374470338304896938777200457212897733125886463119013368927,1.15358665468730313359808992687996506668045015459611136630715,False,,,True,True
106,77,0.0256058484371267505006591997219255720761932183350638768104676,-0.112169151562873249499340800278074427923806781664936123189532,0.102651462109281687625164799930481393019048304583765969202617,-0.0120466408915664098055565578676227815992113070850982191757827,0.516325967670590785053383120658833120980855826508711821897668,False,,,True,False
107,195,0.0135592075455603406951026418543027904769819112499656576346848,-0.124215792454439659304897358145697209523018088750034342365315,0.247139801886390085173775660463575697619245477812491414408671,0.0453345132554314965755652970675620734010018079585469858027861,4.44237661013729229702620894928160341093829534222979483677163,False,,,False,True
108,119,0.058893720800991837270667938921864863877983719208512643437471,-0.078881279199008162729332061078135136122016280791487356562529,0.163473430200247959317666984730466215969495929802128160859368,-0.0150059181196464000811196990942781925647050895342702750104508,0.705582273413601815695820314057488737631728188307886790305771,False,,,True,False
109,63,0.0438878026813454371895482398275866713132786296742423684270202,-0.0938871973186545628104517601724133286867213703257576315729798,0.0897219506703363592973870599568966678283196574185605921067551,-0.0126336373751685396606279533003487074849861386946536942986386,0.570569508817360569214533677864245496334653661521670011372537,False,,,True,False
110,158,0.0312541653061768975289202865272379638282924909795886741283816,-0.106520834693823102471079713472762036171707509020411325871618,0.205313541326544224382230071631809490957073122744897168532095,0.0114929019587945092190679363700086295991903488981180738639995,1.28910518631973797475606091030618702948418443197669968519284,False,,,True,True
111,96,0.042747067264971406747988222897246593427482839877706747992381,-0.095027932735028593252011777102753406572517160122293252007619,0.130686766816242851686997055724311648356870709969426686998095,-0.0200790369305115050852890826722937703425605870450759400206181,0.586734654408525057965054032488439521228083808595231199455173,False,,,True,False
112,137,0.0226680303344599016626991402249528230849222528326308079717629,-0.115106969665540098337300859775047176915077747167369192028237,0.176917007583614975415674785056238205771230563208157701992941,0.00770661865524913059917668218487426514314430426093172282095572,1.3586672778864304492503877797368876598513568734836329728826,False,,,True,True
113,44,0.0303746489897090322618758224098270882280665570935625307927186,-0.107400351010290967738124177590172911771933442906437469207281,0.0625936622474272580654689556024567720570166392733906326981797,-0.0132605223137201035029548191328384748199002227616361253858653,0.346611622244118725541616941687926564955751655585815558555677,False,,,True,False
114,180,0.0171141266759889287589210032769886134081663343319264054068533,-0.120660873324011071241078996723011386591833665668073594593147,0.229278531668997232189730250819247153352041583582981601351713,0.0302687610836351487082500300901253134686771481447532654156163,2.18249504442392234771874785690466803406318557289147925955001,False,,,False,True
115,85,0.0473828877596240774671710333671139268768434824766796708224696,-0.0903921122403759225328289666328860731231565175233203291775304,0.118095721939906019366792758341778481719210870619169917705617,-0.0222210258553244228090693656981938856190769799822351820724818,0.553581938907611045144703319129750966406585227833496412159295,False,,,True,False
116,127,0.0251618619042996546581016676689200412577665024944444887499878,-0.112613138095700345341898332331079958742233497505555511250012,0.165040465476074913664525416917230010314441625623611122187497,-0.00439695598864671978932718706790164653616414075612046396838079,0.882165027162639165530791658838307571514869002874490416736856,False,,,True,False
117,54,0.0207649059156529348687744806010183947216023617383240247816071,-0.117010094084347065131225519398981605278397638261675975218393,0.0726912264789132337171936201502545986804005904345810061954018,-0.00633432023793621940217523039778727200792099879761619910330194,0.598496247868726308810549621753787320915178136041223397056445,False,,,True,False
118,171,0.0144305856777167154665992502032311227136813629407078256783051,-0.123344414322283284533400749796768877286318637059292174321695,0.217357646419429178866649812550807780678420340735176956419576,0.0191490198034897279644935240382781303658810838812014867156496,1.54625034145314682468149821977426820882097637601500663190524,False,,,False,True
119,104,0.0335796054812064434310927742415092530795624468219093123939547,-0.104195394518793556568907225758490746920437553178090687606045,0.138394901370301610857773193560377313269890611705477328098489,-0.0168632657217192573397506269215932968652091636556883075044467,0.61470777729295424032179614000605922647325829644649104317298,False,,,True,False
120,33,0.016716339759487186091342147319915956214353283166221004889508,-0.121058660240512813908657852680084043785646716833778995110492,0.045429084939871796522835536829978989053588320791555251222377,-0.00367626997790229391483401033560044900675582115092974012906146,0.59408512343507393415013901812512991808126801561910752270824,False,,,True,False
121,191,0.0130400697815848921765081369843155072075974620152912647604465,-0.124734930218415107823491863015684492792402537984708735239553,0.242010017445396223044127034246078876801899365503822816190112,0.0400025298689350761657571192075947880687269707578510867090457,4.29715449060604514752436107125327970819203357324094836750128,False,,,False,True
122,116,0.0530425996505199683422652561919102952763244327731423514694922,-0.0847324003494800316577347438080897047236755672268576485305078,0.158260649912629992085566314047977573819081108193285587867373,-0.0128048914599727543825599180415681481161328415808002173863362,0.742059914866976096990278030060133714374264635715311527236174,False,,,True,False
123,73,0.040237708190547213959705338150342147160191591192342134083156,-0.097537291809452786040294661849657852839808408807657865916844,0.101309427047636803489926334537585536790047897798085533520789,-0.00883517602028270459071941879056369572212905556007162850711785,0.6793261267464505664205302576541184528661639871975036694248,False,,,True,False
124,152,0.0314025321702645093689859193597784514380625356322705055760381,-0.106372467829735490631014080640221548561937464367729494423962,0.19785063304256612734224647983994461285951563390806762639401,-0.00155079392905846181705167378149795621442350271668194749557848,0.969302652814623074291372717050995443941128484917188478372812,False,,,True,False
125,90,0.0298517382412060475519342455782804952236390329155885580804597,-0.10792326175879395244806575442171950477636096708441144191954,0.119962934560301511887983561394570123805909758228897139520115,-0.0122335525585876120463381654038156169849019617751169741249791,0.63150921573099106468496928021288421734992150133321670991538,False,,,True,False
126,163,0.0176181856826184355055960801744648782387370711404715839554805,-0.120156814317381564494403919825535121761262928859528416044519,0.20815454642065460887639902004361621955968426778511789598887,0.0198961131199314709658396914755757117572624980529229741710236,2.07233049620312443640640767660475291776080632072735553723654,False,,,True,True
127,57,0.0375142988025499064714357716500405899959995691933945581265042,-0.100260701197450093528564228349959410004000430806605441873496,0.080628574700637476617858942912510147498999892298348639531626,-0.0182917727930880815770940864147734656377086502168229128024062,0.49633851526563743012033512612445728609843091206179795282886,False,,,True,False
128,133,0.019222526009461824894341685235267124358290918976571645324098,-0.118552473990538175105658314764732875641709081023428354675902,0.171055631502365456223585421308816781089572729744142911331025,-0.00361681417835375955854177880056746429655925246888624834045457,0.878194442707020979170277538091656277574728225195056547163235,False,,,True,False
129,36,0.0156057118311080653357999064346996600617316665076853969836434,-0.122169288168891934664200093565300339938268333492314603016357,0.0489014279577770163339499766086749150154329166269213492459109,-0.00379432267594874429623451957985594839760082787209603427252053,0.465640495791400486155236153939798961436497176956030646403063,False,,,True,False
130,186,0.0118113891551593210395653868548437116641308386355893627111229,-0.125963610844840678960434613145156288335869161364410637288877,0.235452847288789830259891346713710927916032709658897340677781,0.0384949343269614985288945156756730224146485625961053453507525,2.89049183850336264241016909118960703841715636829019651739632,False,,,False,True
131,101,0.0503063234821208195684599025305167340787794012316947080618754,-0.0874686765178791804315400974694832659212205987683052919381246,0.138826580870530204892114975632629183519694850307923677015469,-0.0242567139668634685537915668509712009071563770941164328205489,0.559798259328921303093018966386683900929819861721073939132086,False,,,True,False
132,143,0.0260496095152573510146683356795455331716230241375782752413266,-0.111725390484742648985331664320454466828376975862421724758673,0.185262402378814337753667083919886383292905756034394568810332,0.0114356221710712073976626759391991202308183409952442137829942,1.38069018316229787446425273134193564088705644780718183971294,False,,,True,True
133,69,0.0374852316863285584123310116187446534024413651328224890243208,-0.100289768313671441587668988381255346597558634867177510975679,0.0956213079215821396030827529046861633506103412832056222560802,-0.0252638855726939037506621913749235291498904294091575796611595,0.440549777270606716329493181263761371279878206007364727161934,False,,,True,False
134,174,0.0122213461136346546616688202438211242525509357236649093631612,-0.125553653886365345338331179756178875747449064276335090636839,0.22055533652840866366541720506095528106313773393091622734079,0.0314089218017257401537318919152926534647889602372784459881424,2.6961287269643192734123964662772733265165762668834590400856,False,,,False,True
135,92,0.0436302679153603948154007121591137777173398959609433553513036,-0.0941447320846396051845992878408862222826601040390566446486964,0.125907566978840098703850178039778444429334973990235838837826,-0.0220300811257090913032806318419895094315100616028156714687866,0.576140305509377500324472674515225833499503845673645050210044,False,,,True,False
136,123,0.0216001867896513035121200803171242682858298343581276838825171,-0.116174813210348696487879919682875731714170165641872316117483,0.159150046697412825878030020079281067071457458589531920970629,0.00170657306470485228025913257859051978804368718909956372285939,1.06765975029003383902664118913150916336529527368084528327798,False,,,True,True
137,44,0.0233067598543561557923792128957147880738735215472272476053765,-0.114468240145643844207620787104285211926126478452772752394624,0.0608266899635890389480948032239286970184683803868068119013441,-0.0124736151692944297691657191541010261528167110744453095384489,0.35997078159364238491729780683081280598294379817536744886274,False,,,True,False
138,196,0.0108331446850617260232134937416137619210568104727819380669276,-0.126941855314938273976786506258386238078943189527218061933072,0.247708286171265431505803373435403440480264202618195484516732,0.0422290046931796151935253195899942540804024614754746549287965,4.6802622486286756514391539292254573644323671159944827197077,False,,,False,True
139,109,0.0530621493782413412167388133316080160014592719482565929957241,-0.0847128506217586587832611866683919839985407280517434070042759,0.149515537344560335304184703332902004000364817987064148248931,-0.0157898653705673308285520293671139508144991493705859132576369,0.651914249851612827256060701370878274591397470853465917069959,False,,,True,False
140,150,0.0372722840076740103881867839644940651869601225776706797380872,-0.100502715992325989611813216035505934813039877422329320261913,0.196818071001918502597046695991123516296740030644417669934522,0.0146969122587959696469784140277741017425314157099072173296082,1.50249215571901426317032713787377475870198965190679259404153,False,,,True,True
141,74,0.0519691962664699800351651979922681669294915382875778970676954,-0.0858058037335300199648348020077318330705084617124221029323046,0.105492299066617495008791299498067041732372884571894474266924,-0.0282777181800765620351834894281100759456181143821264241923348,0.436416936786012531813823758840060752416496466920171548779248,False,,,True,False
142,165,0.0236914780863934179999817085641580909838734239054514728753606,-0.114083521913606582000018291435841909016126576094548527124639,0.21217286952159835449999542714103952274596835597636286821884,0.0230436575426423028868233188054268550021366985378425532110101,2.08404322520405336156912328799581203897167393574724160907207,False,,,True,True
143,87,0.0467351356290357208868050273695849459860101224432940260863707,-0.0910398643709642791131949726304150540139898775567059739136293,0.120433783907258930221701256842396236496502530610823506521593,-0.0220819790799998571883487447495488520843594089662117325385803,0.554601997086470117344156752242554709982166576396317533316507,False,,,True,False
144,131,0.0246531565490358636984562826200360939016507134770822935477904,-0.11312184345096413630154371737996390609834928652291770645221,0.169913289137258965924614070655009023475412678369270573386948,0.00481535129561090921183708400085681698998657758308692526332983,1.19039560784174640590263132027947282152971172815202209732121,False,,,True,True
145,48,0.0294685078446467729102933666208929108916372910601692188111202,-0.10830649215535322708970663337910708910836270893983078118888,0.0673671269611616932275733416552232277229093227650423047027801,-0.0150842747899403156342313189577335780543235829123556661741853,0.353491290481584314355844003912984477821871380277118259639275,False,,,True,False
146,183,0.014384233054706457276062047663159332837313708147813552636935,-0.123390766945293542723937952336840667162686291852186447363065,0.232346058263676614319015511915789833209328427036953388159234,0.032985003372669734338377986279201855527994616770035793432346,2.31680690334666063895541140893982889762058214017846798778351,False,,,False,True
147,103,0.0473692364273761916144400339423611883653083249178493460692809,-0.0904057635726238083855599660576388116346916750821506539307191,0.14059230910684404790361000848559029709132708122946233651732,-0.0211802634311244509049881353782751945532500160865522977798953,0.591655272683282639150155215224416988407499525930622022253246,False,,,True,False
148,62,0.0261889729962517407094518985640859938120583088312970482893856,-0.111586027003748259290548101435914006187941691168702951710614,0.0840472432490629351773629746410214984530145772078242620723464,-0.00617423802166493977680585175200192350517793722105676363565325,0.701347251497552931111400051606576650408724552720177531941726,False,,,True,False
149,156,0.0200147349745868009326460468120840703068803716102402846537324,-0.117760265025413199067353953187915929693119628389759715346268,0.200003683743646700233161511703021017576720092902560071163433,0.00449723385062271985602785021968807731506777298528231294454251,1.10248083529851437949114555107226996956723816850477155779471,False,,,True,True
150,118,0.0245119688252095207886738970317721476219481445955225975982749,-0.113263031174790479211326102968227852378051855404477402401725,0.153627992206302380197168474257943036905487036148880649399569,-0.00371297145080806225960624651442295981220585822689206288172399,0.864565637532376856008086456644358515063801613388227312533113,False,,,True,False
151,37,0.0207989973744014585290676505173491878097422863686305347165509,-0.116976002625598541470932349482650812190257713631369465283449,0.0514497493436003646322669126293372969524355715921576336791377,-0.00953425363872538794211454035191798459587068660443251490044971,0.36094809565081319671104483151927217297863082999723334387266,False,,,True,False
152,194,0.0112647437356760705869531101654312032138715997641980198161012,-0.126510256264323929413046889834568796786128400235801980183899,0.245316185933919017646738277541357800803467899941049504954025,0.0441249786739563738873556500854054834799649600151388174430092,3.87604488898302865547238261431537660536532651117682136366622,False,,,False,True
153,91,0.0553897224096324444743087602508366866938365597793368372591104,-0.0823852775903675555256912397491633133061634402206631627408896,0.127597430602408111118577190062709171673459139944834209314778,-0.0173833190806994568483956821272677485910151438106323039573613,0.607829653864559647838709026976747960754441717482490541262646,False,,,True,False
154,140,0.038006403328932987625913078123568938102821415968704533301749,-0.099768596671067012374086921876431061897178584031295466698251,0.184501600832233246906478269530892234525705353992176133325437,-0.00107806496520267340401264569369679768442151082130696564413262,0.974727800950592251814803227116896814013528106668277532977778,False,,,True,False
155,68,0.0369283383637303142219004324298721404183999051473975676576164,-0.100846661636269685778099567570127859581600094852602432342384,0.0942320845909325785554751081074680351045999762868493919144041,-0.0129872425271847559357225817872152052945880599665587749672018,0.496872747373906273356950165169152276678103748339159556103374,False,,,True,False
156,170,0.0239410958365455582861778506426569351238118451808387926904146,-0.113833904163454441713822149357343064876188154819161207309585,0.218485273959136389571544462660664233780952961295209698172604,0.0204219581671292556913949232615988407928018672146863528848089,1.60564075202916315418031532366349341182565296080376967443872,False,,,False,True
157,108,0.0443630540036748139775727739042557759166137123955251455752235,-0.0934119459963251860224272260957442240833862876044748544247765,0.146090763500918703494393193476063943979153428098881286393806,-0.0156657478091955399507779118675868827433806038142068054397317,0.643568382228713758116664884893738111869396051264096590953287,False,,,True,False
158,50,0.0286973061944792740267948620366688931732331085813183401354917,-0.109077693805520725973205137963331106826766891418681659864508,0.0696743265486198185066987155091672232933082771453295850338729,-0.0113284534859269274053074133856893294103503313643628755344377,0.540830457680004551143088832590558384094488251726270648913896,False,,,True,False
159,153,0.017368852708552346621487448650979563762882777216955464601054,-0.120406147291447653378512551349020436237117222783044535398946,0.195592213177138086655371862162744890940720694304238866150264,0.00700818348974316742828849953099156422577232964859629765981703,1.17427829864344693595606703909516161358215849362098352389364,False,,,True,True
160,82,0.024377036198295514049775948181971127988655106865551762260871,-0.113397963801704485950224051818028872011344893134448237739129,0.108594259049573878512443987045492781997163776716387940565218,-0.0110430091624495706242138301643738826778810220303300907852587,0.571348868710833102863606819453424329700951861503671546970277,False,,,True,False
161,179,0.0133340270358459434255621180175972453107740848352216714756124,-0.124440972964154056574437881982402754689225915164778328524388,0.227083506758961485856390529504399311327693521208805417868903,0.0296267601532372028855826419779823233369624957718531030952573,2.30130305300769600611548477900182831708345006311316857612075,False,,,False,True
162,121,0.0429607871890831463111447599955795686477365806070747745708697,-0.0948142128109168536888552400044204313522634193929252254291303,0.161990196797270786577786189998894892161934145151768693642717,-0.00758519029081555796267468124364164457988804928836490686214416,0.817488553263651984776948273538271534121875679096569472201492,False,,,True,False
163,59,0.0353755968982675883484700787519379240678485313187098677087256,-0.102399403101732411651529921248062075932151468681290132291274,0.0825938992245668970871175196879844810169621328296774669271814,-0.0223115653947509075369965575956159010539800900662393724934675,0.443182953597120246164871125398078305007074453779597174814276,False,,,True,False
164,144,0.0130640315035166808114735211563220230138684412524704952152581,-0.124710968496483319188526478843677976986131558747529504784742,0.183266007875879170202868380289080505753467110313117623803815,0.00659150816195080233667600741359048518588456251771635985877173,1.3500106301723043726948129263589325175211631103426686705189,False,,,True,True
165,36,0.0196555396654674831481495285699125081997530037701868550740298,-0.11811946033453251685185047143008749180024699622981314492597,0.0499138849163668707870373821424781270499382509425467137685074,-0.00912015581943927241775557282723348528932979158644928631566215,0.460891137322806553868784966287855715129808396323297765965909,False,,,True,False
166,189,0.0105353838460282107303939557426790229104232121837375687583676,-0.127239616153971789269606044257320977089576787816262431241632,0.238883845961507052682598488935669755727605803045934392189592,0.0475136651755787516783362989165639698991012252739321810437239,4.90818740755905939378171684961137634570055123411389942190196,False,,,False,True
167,98,0.0580490490216069624087302546592429928095244374576697498020916,-0.0797259509783930375912697453407570071904755625423302501979084,0.137012262255401740602182563664810748202381109364417437450523,-0.0273309583263800472299373786415430425251817127032427356512304,0.535877864071770724310616153991295938943946090430647867110683,False,,,True,False
168,129,0.0307180906952269151787928760176999502843427247544270141508611,-0.107056909304773084821207123982300049715657275245572985849139,0.168929522673806728794698219004424987571085681188606753537715,-0.0000288850208534883747219498515094108156027487761424411098281489,0.999248966278774045261785594867454250306823182607244790417806,False,,,True,False
169,70,0.030689205674373426804070926166190539468739975978284573041033,-0.107085794325626573195929073833809460531260024021715426958967,0.0951723014185933567010177315415476348671849939945711432602582,-0.0145301317389914798002293177408975444145520767575735083896169,0.499710705963096741816288605310969307726376210356598320832441,False,,,True,False
170,166,0.0161590739353819470038416084252929950541878992207110646514161,-0.121615926064618052996158391574707004945812100779288935348584,0.211539768483845486750960402106323248763546974805177766162854,0.0158704114831440247434311885603165192534657351008495722198157,1.59589687516909681929153978769926631712135661675346454143128,False,,,True,True
171,87,0.0320294854185259717472727969856095143076536343215606368712318,-0.105745514581474028252727203014390485692346365678439363128768,0.116757371354631492936818199246402378576913408580390159217808,-0.0181644545518351342589341770824653316219370372540873254745213,0.539909168695263909178902197191417306600983697849840645709435,False,,,True,False
172,31,0.0138650308666908374883386199031441826857165970674733113967105,-0.12390996913330916251166138009685581731428340293252668860329,0.0422162577166727093720846549757860456714291492668683278491776,-0.00493552893307933179314100582541918263790407521479168634643973,0.566083219042061971259990077824009454786973721130737477127567,False,,,True,False
173,176,0.00892950193361150569519761407772500004781252185268162505027075,-0.128845498066388494304802385922274999952187478147318374949729,0.222232375483402876423799403519431250011953130463170406262568,0.0295680423075998323697482835375946898587484787342139495595315,2.187320140498034627983020685250590691530391961118299045227,False,,,False,True
174,113,0.0384975442412113380649458976153196899065610005868955746098022,-0.0992774557587886619350541023846803100934389994131044253901978,0.150874386060302834516236474403829922476640250146723893652451,-0.0153736151789361803588213061489942676306439030107434691673464,0.671072964614374615817069124381840491540111058685361589618339,False,,,True,False
175,56,0.0231239290622751577061245914663254222759170975761521054424559,-0.114651070937724842293875408533674577724082902423847894557544,0.075780982265568789426531147866581355568979274394038026360614,-0.0105423714539621325593912969707806540922308415698129181170388,0.581067366904153266477886969747029394146136445641407814908523,False,,,True,False
176,149,0.0125815576083130251467332944955447681836862560063391873254171,-0.125193442391686974853266705504455231816313743993660812674583,0.189395389402078256286683323623886192045921564001584796831354,0.00217897253647470066481667312986441373180696169898978699382694,1.05079154290573626634460092470983690048633975152133075950441,False,,,True,True
177,79,0.014760530144787725811549967625409181915493217705328974319244,-0.123014469855212274188450032374590818084506782294671025680756,0.102440132536196931452887491906352295478873304426332243579811,-0.00626185852833156378433236321015856068423848682172879353761744,0.563092000834010217477298656835190024251844761438476897119519,False,,,True,False
178,197,0.00849867161645616202721760441525062123125473088360018078162657,-0.129276328383543837972782395584749378768745269116399819218373,0.248374667904114040506804401103812655307813682720900045195407,0.0452922212542152284216908372687182258781502477059385223571443,4.69456207718133154693421388403396447518027039426938878499712,False,,,False,True
179,123,0.0537908928706713904489084416839688471094049785895387031387709,-0.0839841071293286095510915583160311528905950214104612968612291,0.167197723217667847612227110420992211777351244647384675784693,-0.0125914964770704354560922836804298889511064340998431345430574,0.755598322149604389934999798317585932384423264602219394214014,False,,,True,False
180,65,0.0411993963936009549928161580035389581582985444896955685957135,-0.0965756036063990450071838419964610418417014555103044314042865,0.0915498490984002387482040395008847395395746361224238921489284,-0.0139258741170429128835645081559184740882496773069683488772475,0.547207641849768964352425921018800264098215440117032878661666,False,,,True,False
181,159,0.027273522276558042109251649847620484070048867182727219718466,-0.110501477723441957890748350152379515929951132817272780281534,0.205568380569139510527312912461905121017512216795681804929616,0.0143764158989588562944434218566084678295530990535712951203441,1.38838719679987890965741880196492861441730246604899143391506,False,,,True,True
182,100,0.0416499381755168984036950717042289518996019662362985148388101,-0.0961250618244831015963049282957710481003980337637014851611899,0.135412484543879224600923767926057237974900491559074628709703,-0.0186991858591068690173844033428877018939716580844911394040606,0.565466031156169414702270907875579822031170125930778984627136,False,,,True,False
183,41,0.0229507523164100293863106683613412500056303081518073754347496,-0.11482424768358997061368933163865874999436969184819262456525,0.0569876880791025073465776670903353125014075770379518438586874,-0.007347704444981986635026907512200206585610362742982285833749,0.565085031180382099032382962236869153020351773730060754224067,False,,,True,False
184,184,0.0156030478714280427512837608491410434200199454088250896010006,-0.122171952128571957248716239150858956579980054591174910398999,0.23390076196785701068782094021228526085500498635220627240025,0.0347350026433813735488548036236007510637315089829589328836844,3.04841326095858980799701063488923436905156062117802375444721,False,,,False,True
185,132,0.050338050514809416300138564472741794483751454391784022484685,-0.087436949485190583699861435527258205516248545608215977515315,0.177584512628702354075034641118185448620937863597946005621171,-0.0031199423651819312414319408406151552390176088008037621842171,0.932517014852878714871130242541176174115726465606903744454172,False,,,True,False
186,83,0.0472181081496274850587066236321266392447338455909802603004679,-0.0905568918503725149412933763678733607552661544090197396995321,0.115554527037406871264676655908031659811183461397745065075117,-0.0246154866324742560238106817467873029297569890246998079120401,0.492405366122839321589285376007752105106216270256978895055592,False,,,True,False
187,146,0.0226026215171532290348959418853393363149768565662804523884278,-0.115172378482846770965104058114660663685023143433719547611572,0.188150655379288307258723985471334834078744214141570113097107,0.0107296114572984866381723574982507931516532958752773694328206,1.41278054109241141854407228906748513032773539398636102625744,False,,,True,True
188,55,0.0333322329744517156730682993835901294666301524415578218212483,-0.104442767025548284326931700616409870533369847558442178178752,0.0770830582436129289182670748458975323666575381103894554553121,-0.0189632831476673019487023158965490541678076971640438030373353,0.45175355976094072894551036612512616454630796273512558473517,False,,,True,False
189,172,0.014368949826784413724365983487041075298822455277514018783913,-0.123406050173215586275634016512958924701177544722485981216087,0.218592237456696103431091495871760268824705613819378504695978,0.0305953023730591878673079649644296408774569401252099163246211,2.28249797208615961313581224040832000020149609995521758768739,False,,,False,True
190,106,0.0449642521998436015916739484514707161762793954027239351085341,-0.0928107478001563984083260515485292838237206045972760648914659,0.143741063049960900397918487112867679044069848850680983777134,-0.0210744898029669138437472561826334144854649887978333157428641,0.609205502422479552941334135772572271971372432675919229328086,False,,,True,False
191,69,0.02388976239687668774792669226883730169081440660489061936567,-0.11388523760312331225207330773116269830918559339510938063433,0.0922224405992191719369816730672093254227036016512226548414175,-0.0134513884573155208747648706656786640565064697923237312588881,0.535827449705697911356879684547616485684467225240552017061583,False,,,True,False
192,192,0.0104383739395611668731618216031586376343079368125668881067818,-0.127336626060438833126838178396841362365692063187433111893218,0.242609593484890291718290455400789659408576984203141722026695,0.0453553249383982041061489515035844686872815889378217456950179,4.97965461191673251822933189235463672225135561845821712984782,False,,,False,True
193,119,0.0557936988779593709793107731067431063215895257503886338017998,-0.0819813011220406290206892268932568936784104742496113661982002,0.16269842471948984274482769327668577658039738143759715845045,-0.0165546652629292045900094093934389912753036772872243282001721,0.707666079933438376765309761977591329583290401501065660193043,False,,,True,False
194,87,0.0392390336150301663893013637133041150462858484631643056016277,-0.0985359663849698336106986362866958849537141515368356943983723,0.118559758403757541597325340928326028761571462115791076400407,-0.0105781541298610967604098747556342416953623072631517827581671,0.664103864923714203548190069341676080790445167135870245514195,False,,,True,False
195,155,0.0286608794851690696288914889576698733509235412000125228434606,-0.109114120514830930371108511042330126649076458799987477156539,0.200915219871292267407222872239417468337730885300003130710865,0.010492183047933820840619660853059617274099432713729379531818,1.40671106275993475478625540834665669353280787744051553180422,False,,,True,True
196,50,0.0391530625331028904695111498107294906250229739137419023752786,-0.0986219374668971095304888501892705093749770260862580976247214,0.0722882656332757226173777874526823726562557434784354755938197,-0.0183211918704916803085395895519469320722551101879859527907488,0.461326478760219492317373204909588037404220255820043413180999,False,,,True,False
197,137,0.0208318706626112101609715602587825585527678637257559495845298,-0.11694312933738878983902843974121744144723213627424405041547,0.176457967665652802540242890064695639638191965931438987396132,-0.00246195816448966870421396529865565028574800729353634784090101,0.94379511123550235007074837564478177624838010164824505010894,False,,,True,False
198,74,0.0183699124981215414567575949601269082670198564322196017436288,-0.119405087501878458543242405039873091732980143567780398256371,0.0970924781245303853641893987400317270667549641080549004359072,-0.0056539597504378551089561486174559195742432595167982837555519,0.631977493851898714506296420304044772378014944250261001380006,False,,,True,False
199,180,0.0127159527476836863478014463426709886927765969154213179880769,-0.125059047252316313652198553657329011307223403084578682011923,0.228178988186920921586950361585667747173194149228855329497019,0.0277452871624792115975071713587379529082597666149904227840206,2.0340520155183753772565680313898260070102095246926378665452,False,,,False,True
200,103,0.0404612399101628979453086177014089416010363635304117407720975,-0.0973137600898371020546913822985910583989636364695882592279025,0.138865309977540724486327154425352235400259090882602935193024,-0.0177343389940831904323214847935360170836955333564910692166119,0.584765686807793401902212421151957043940701111015063607298628,False,,,True,False
201,38,0.0227269009160797075129871329078729245173408301739206715554856,-0.115048099083920292487012867092127075482659169826079328444514,0.0531817252290199268782467832269682311293352075434801678888714,-0.00617414161205776228446929317642706047907275008758536215213028,0.567186682139520711358685681933780957189829023175698796602749,False,,,True,False
202,163,0.0165527593040219452285178397314458640382680800863353094033554,-0.121222240695978054771482160268554135961731919913664690596645,0.207888189826005486307129459932861466009567020021583827350839,0.0133674529620210081177380187034981254281880352190971434331117,1.35899346302154652573019183212484199935292391877738021658981,False,,,True,True
203,115,0.0299202122660429533462558584349439894664561153054324528364671,-0.107854787733957046653744141565056010533543884694567547163533,0.151230053066510738336563964608735997366614028826358113209117,-0.00806614909654583774873550485046611368323462191136997976241013,0.800432456851657352137588513789121940016235552115459583371078,False,,,True,False
204,61,0.0218540631694971155975203535844778757832214933940624730740569,-0.115920936830502884402479646415522124216778506605937526925943,0.0817135157923742788993800883961194689458053733485156182685142,-0.0136092623386163672512296408892809358872490950826489469399322,0.4730680130299807940920542217793025871435581591725780226014,False,,,True,False
205,195,0.00824480083088074834629071269519693989597239831141352613412479,-0.129530199169119251653709287304803060104027601688586473865875,0.245811200207720187086572678173799234973993099577853381533531,0.0445368783226977735314411653423518518787068609521613460488677,5.71834219939183612718158410514686091868939494705827580708834,False,,,False,True
206,128,0.0527816791535785218777318780375487917746792592635748721829925,-0.0849933208464214781222681219624512082253207407364251278170075,0.173195419788394630469432969509387197943669814815893718045748,-0.00494487556136988073541346417288177513595220667210640510529633,0.894741084235408065466492306131708007500021568520966813944787,False,,,True,False
207,82,0.0478368035922086411423184138646670166387270525914684670776962,-0.0899381964077913588576815861353329833612729474085315329223038,0.114459200898052160285579603466166754159681763147867116769424,-0.0201481543257444632926167523012436960688539490188675179505977,0.520579255324466097443885956405639824978870383956410253014465,False,,,True,False
208,150,0.0276886492664641778497016615634233205698731035726009491270984,-0.110086350733535822150298338436576679430126896427399050872902,0.194422162316616044462425415390855830142468275893150237281775,0.00834896018994158764408773937922258569733706438831986613030957,1.29859816474845888065790545276379010573895316078022067084637,False,,,True,True
209,52,0.036037609456405765493789400942645906267210167960920815257408,-0.101737390543594234506210599057354093732789832039079184742592,0.074009402364101441373447350235661476566802541990230203814352,-0.01741136438022065485142130678560838874923935374533853407428,0.452664089192668032720251735501199840170199387903516417263138,False,,,True,False
210,170,0.018626245076185110642368094157037517517970814215582281183128,-0.119148754923814889357631905842962482482029185784417718816872,0.217156561269046277660592023539259379379492703553895570295782,0.0293262199633226103308927727604091601994491612033914221968991,2.17680974385204832296428312126472858738063429562267057242096,False,,,False,True
211,98,0.0479524650395077209732608669174466777174199754189737033800271,-0.0898225349604922790267391330825533222825800245810262966199729,0.134488116259876930243315216729361669429354993854743425845007,-0.0267543611995358554008011764848670898594191952609635275584859,0.541024609949907392739807276860021404919779741886157482470448,False,,,True,False
212,134,0.0211981038399718655724596904325795878580007801580101758215412,-0.116576896160028134427540309567420412141999219841989824178459,0.172799525959992966393114922608144896964500195039502543955385,0.00690191928841904932265330165223973862606315280119943914395816,1.31259031207733849634306752631456139074261759523593133073414,False,,,True,True
213,64,0.0281000231283909148951129920848193264840639329592096149654994,-0.109674976871609085104887007915180673515936067040790385034501,0.0870250057820977287237782480212048316210159832398024037413748,-0.0161131129509701314782021081446047428478598651105988784866191,0.407394543427422740358692113285396588906351961401391361582825,False,,,True,False
214,187,0.0119869101774207834169108839402145836362040678486107364788803,-0.12578808982257921658308911605978541636379593215138926352112,0.23674672754435519585422772098505364590905101696215268411972,0.0369638425453533351986281475314860394602405496508446594268982,3.13476473613719851931739809032667341838434091419545297434504,False,,,False,True
215,108,0.0489507527227741186155390314717006230964446174994553959057785,-0.0888242472772258813844609685282993769035553825005446040942215,0.147237688180693529653884757867925155774111154374863848976445,-0.0179741287210438471906815714898090760761035969080695028096487,0.639248665935882652256386556705847286699012304980029568562943,False,,,True,False
216,45,0.0309766240017302714248574599818915470203410205913858930961297,-0.10679837599826972857514254001810845297965897940861410690387,0.0639941560004325678562143649954728867550852551478464732740324,-0.00865064750320798351705566176669777582309964833054664448867188,0.565464837026297567265615532758211319088929187384950408127499,False,,,True,False
217,157,0.0223259764985222879078017982151937711972413722608392486074579,-0.115449023501477712092198201784806228802758627739160751392542,0.201831494124630571976950449553798442799310343065209812151864,0.0114674135574038326347856712173690207607306545204472243287373,1.30275355317011600866200284910174191449193890584787289515964,False,,,True,True
218,86,0.0337933900559261205425874694325627919579720267812864729361952,-0.103981609944073879457412530567437208042027973218713527063805,0.115948347513981530135646867358140697989493006695321618234049,-0.0208561204860303453464285584016965395506035840583109271683876,0.549616471989246179101326462611327795545440129948844495483219,False,,,True,False
219,141,0.0129372695698957751961589110308662524073684427229755457678076,-0.124837730430104224803841088969133747592631557277024454232192,0.179484317392473943799039727757716563101842110680743886441952,0.00678408309527625354254700085861785421408474932628280821431382,1.37495455832277728694219988621253995478930311876334852654513,False,,,True,True
220,36,0.0197213526651720287387059118894841066214531920492583539821214,-0.118053647334827971261294088110515893378546807950741646017879,0.0499303381662930071846764779723710266553632980123145884955304,-0.0101942139060655600150760112386606893420804382155500459107938,0.386851547485186711663474871780286069380026317349710024144037,False,,,True,False
221,178,0.00952713875910646872362990065082341727937275383370830807132763,-0.128247861240893531276370099349176582720627246166291691928672,0.224881784689776617180907475162705854319843188458427077017832,0.0327733305604248072844615366866456530447467358640242130513133,2.50215406706350369755008987280983988073564954611325335291199,False,,,False,True
222,95,0.042300469319531276008091437337469070324119489697732521122641,-0.095474530680468723991908562662530929675880510302267478877359,0.12932511732988281900202285933436726758102987242443313028066,-0.0235207804308664357467049347247225539760190461128454167708016,0.56744194207255363498680535518061350902621096961679016325101,False,,,True,False
223,122,0.0187796888886648402613865026127465163481004435848871043518394,-0.118995311111335159738613497387253483651899556415112895648161,0.15719492222216621006534662565318662908702511089622177608796,0.0000727750535024742013955359328800535988981829609994832617588768,1.00230171722019744080329869841523568049781692592365843855979,False,,,True,True
224,56,0.0188524639421673144627820385456265699469986265458865876135983,-0.118922536057832685537217961454373430053001373454113412386402,0.0747131159855418286156955096364066424867496566364716469033996,-0.0119463995080554501161238239628026465333266542012683127265092,0.412951296240589529433481965093659544063567755375515155597789,False,,,True,False
225,197,0.00690606443411186434665821458282392341367197234461827488708902,-0.130868935565888135653341785417176076586328027655381725112911,0.247976516108527966086664553645705980853417993086154568721772,0.041308187528772049844156144436504583515286026074973498700767,6.04251907157963984697144246138555426113901837562764769745022,False,,,False,True
226,111,0.048214251962883914190814359019328506928957998419591773587856,-0.089560748037116085809185640980671493071042001580408226412144,0.150803562990720978547703589754832126732239499604897943396964,-0.0142794644862258931156351964218482219539146376347832801835592,0.693884889324503710120643472414759061682017000413264736792419,False,,,True,False
227,152,0.0339347874766580210751791625974802849750433607848084934042968,-0.103840212523341978924820837402519715024956639215191506595703,0.198483696869164505268794790649370071243760840196202123351074,0.0178466312468308040539865394342830016592363205990338051924577,1.64713669823950140817585307342657010662304795043234941917996,False,,,True,True
228,72,0.0517814187234888251291657020317632866342796813838422985967545,-0.0859935812765111748708342979682367133657203186161577014032455,0.102945354680872206282291425507940821658569920345960574649189,-0.0287265246856221438797762402854150770250437245520531740222794,0.425737089840506278630641191469662376334325154759896269095857,False,,,True,False
229,167,0.0230548940378666812493894617463482096092359568317891245744751,-0.114720105962133318750610538253651790390764043168210875425525,0.214513723509466670312347365436587052402308989207947281143619,0.025629012150099431037226191258709749631372567307946286924869,2.14720544583745377744838304205117530299488190975134346421796,False,,,True,True
230,89,0.0486839061879661122866156530050579592406085241397354114993441,-0.0890910938120338877133843469949420407593914758602645885006559,0.123420976546991528071653913251264489810152131034933852874836,-0.0228918576881889314570183762250524954801376028129989442324752,0.551002008807444081510860267113436716084830637317100714797131,False,,,True,False
231,131,0.0257920484997771808295972767800054637604709213267364672668689,-0.111982951500222819170402723219994536239529078673263532733131,0.170198012124944295207399319195001365940117730331684116816717,0.00491565155821007668519947677038990374556917275253700004963492,1.20242706133910705610851335480405048103144481596659649229046,False,,,True,True
232,46,0.0307077000579872575147967535503953675060400940792734673165038,-0.107067299942012742485203246449604632493959905920726532683496,0.0651769250144968143786991883875988418765100235198183668291259,-0.0169975461769592717423298521403827663662522067211044758743297,0.34431096478351211238586336955597195041418352052087426486888,False,,,True,False
233,183,0.0137101538810279857724669014100126011397878873581689914421741,-0.124064846118972014227533098589987398860212112641831008557826,0.232177538470256996443116725352503150284946971839542247860544,0.0348092408619720127526843577486078772837201958629526595772012,2.50088755911855638634079858142431842987784935772434549681123,False,,,False,True
234,102,0.0485193947429999985251512591586204784235080832211216510193753,-0.0892556052570000014748487408413795215764919167788783489806247,0.139629848685749999631287814789655119605877020805280412754844,-0.0217607341093150058897455440703685841928751185040251091124473,0.585076137814351611936764285638001303366791178122669276790083,False,,,True,False
235,63,0.026758660633684992635405715088251894230632964717096541906928,-0.111016339366315007364594284911748105769367035282903458093072,0.085439665158421248158851428772062973557658241179274135476732,-0.00694775821950870881446164242360436433886774099707210843141072,0.707282890204485940401716397272234229909028665655104402556276,False,,,True,False
236,147,0.0198109024141762838209440726646475298917652237200244334755173,-0.117964097585823716179055927335352470108234776279975566524483,0.188702725603544070955236018166161882472941305930006108368879,-0.00266732989643651819186603183536903307105997755248033006017636,0.914107635342614479882984056509054916072466286904391567053543,False,,,True,False
237,34,0.0171435725177397656290780408292784968207052461675441034153409,-0.120631427482260234370921959170721503179294753832455896584659,0.0467858931294349414072695102073196242051763115418860258538352,-0.0052896508801383818844132485573192382677173772925055208405471,0.543866736944307752809213042149014883834885812985143695656184,False,,,True,False
238,173,0.0118539216376013837446647922719592585529878688750385825747938,-0.125921078362398616255335207728040741447012131124961417425206,0.219213480409400345936166198067989814638246967218759645643698,0.0291907879743782204673854385322456157747497899844015812470914,2.19299464828409474102199203255080774557995778367579696863315,False,,,False,True
239,114,0.0410447096119796042120502308042048743277376588594401638218852,-0.0967302903880203957879497691957951256722623411405598361781148,0.152761177402994901053012557701051218581934414714860040955471,-0.013606299951821719889166571281840516875887532493985500728056,0.727357919318636066207208840410161519439774378323378533854646,False,,,True,False
240,77,0.0274384096601578843228836595223643574518501263654546630938292,-0.110336590339842115677116340477635642548149873634545336906171,0.103109602415039471080720914880591089362962531591363665773457,-0.0180297952730603967467073334574809324019477582526962692211772,0.507282093380616476209509870185285960554932703068948837906632,False,,,True,False
241,190,0.00940861438709748757617632606488342504990236811275839387265202,-0.128366385612902512423823673935116574950097631887241606127348,0.239852153596774371894044081516220856262475592028189598468163,0.0419222080270473065377354302920949577449894949867122173497111,4.31702595067192646937575975061808940994838004316521711714339,False,,,False,True
242,125,0.0513308224141447941139117563569783827948918630994706112223632,-0.0864441775858552058860882436430216172051081369005293887776368,0.169082705603536198528477939089244595698722965774867652805591,-0.00676404971597381161918615785851360311552265155867442353249258,0.842836619263603373525221504972293721354839114944121751935784,False,,,True,False
243,59,0.0445667726981709824947255984984647796793692115407961876898706,-0.0932082273018290175052744015015352203206307884592038123101294,0.0848916931745427456236813996246161949198423028851990469224676,-0.018253330840758600108992065914910615604829376498038839765141,0.475756707202131021156644710693975919103506162154415316541159,False,,,True,False
244,156,0.0263134418574123823857335325835541640745398350427573479247296,-0.11146155814258761761426646741644583592546016495724265207527,0.201578360464353095596433383145888541018634958760689336981182,0.0146993292486357579237215278069400273595802630494454496174975,1.41518928906464300230473646631250640091475486861443813979727,False,,,True,True
245,93,0.0410127711060481403094550603904941914341200980922027975422271,-0.0967622288939518596905449396095058085658799019077972024577729,0.126503192776512035077363765097623547858530024523050699385557,-0.0229967013819984980852870803134815922649148522905123318305825,0.52002529739928399350543689645647491342613997063867576061234,False,,,True,False
246,38,0.0180160697240496422241679800770125991692052458016904657116446,-0.119758930275950357775832019922987400830794754198309534288355,0.0520040174310124105560419950192531497923013114504226164279111,-0.00635128547563349507936854851213979901349509511065445982629849,0.610981564683028251894302169160876202872172332611876530834519,False,,,True,False
247,164,0.0116647842484161471447994315648728001557101506910360058853461,-0.126110215751583852855200568435127199844289849308963994114654,0.207916196062104036786199857891218200038927537672759001471337,0.0168170160873409120194870402215636924593560522743455476167096,1.48240948930464711179379755894287957674628823693996761056306,False,,,True,True
248,107,0.0284818003357570591642864717864364926150662029653815535020557,-0.109293199664242940835713528213563507384933797034618446497944,0.140870450083939264791071617946609123153766550741345388375514,-0.0153262809571167212533716168672295223494808687410899688803469,0.668483442179645687078837467852510959073714903592430894206371,False,,,True,False
249,52,0.0131555193786403379109148549192069702655853342242915846217088,-0.124619480621359662089085145080793029734414665775708415378291,0.0682888798446600844777287137298017425663963335560728961554272,-0.00589747254822957700694556467418580546228929634467715818727608,0.602634125757980834817082139342615138327827520910538839419555,False,,,True,False
250,193,0.00725804683041076090396929024502116480329603787961442643443271,-0.130516953169589239096030709754978835196703962120385573565567,0.243064511707602690225992322561255291200824009469903606608608,0.0434161838413621578747369586777591343723252323405397683514836,5.50308653211734204987779816590847362645986502661869558583089,False,,,False,True
251,133,0.0506742306717729187787062489227802991756212702201541947859163,-0.0871007693282270812212937510772197008243787297798458052140837,0.178918557667943229694676562230695074793905317555038548696479,-0.0027778613270018093269438584127746599571447721221961566350194,0.939470598827857573569794511137182963895257241038736299607473,False,,,True,False
252,81,0.0478963693447711094517623905100056392184764980979580381508969,-0.0898786306552288905482376094899943607815235019020419618491031,0.113224092336192777362940597627501409804619124524489509537724,-0.0242885641298378698338867683361726980340437422480060964604654,0.486528504922416516433913492537982961697129901438136982127817,False,,,True,False
253,145,0.0236078052149332396178756221738329411844327558499519416904316,-0.114167194785066760382124377826167058815567244150048058309568,0.187151951303733309904468905543458235296108188962487985422608,0.00722283059437592838970180328763408707917770861588757837213618,1.23147918052801215101489684097116857007345542321826711268354,False,,,True,True
254,63,0.0308306358093091680075774254614670282636104644658395200625677,-0.106944364190690831992422574538532971736389535534160479937432,0.0864576589523272920018943563653667570659026161164598800156419,-0.015948139668209815045793320314429073441633880591888479904675,0.477514892363100715654703230228897241134222750548911116065365,False,,,True,False
255,176,0.0148824961410993529617841051470379548219765838739510401578927,-0.122892503858900647038215894852962045178023416126048959842107,0.223720624035274838240446026286759488705494145968487760039473,0.0316385113760892447571055734567066581441845680245122248078634,2.30274413786451329751977388180901274042417213901211183726225,False,,,False,True
256,101,0.0465210075171885977188896786037446129661611518984632649657561,-0.0912539924828114022811103213962553870338388481015367350342439,0.137880251879297149429722419650936153241540287974615816241439,-0.0223739195649469033171845160858368065731798904415431225895153,0.571180729877676792760531836789155570612797944972789231986688,False,,,True,False
257,42,0.0241470879522416944017051625179078063929812614569201423762408,-0.113627912047758305598294837482092193607018738543079857623759,0.0585367719880604236004262906294769515982453153642300355940602,-0.00936088300377571953339007367696106612225466618823891536765259,0.561173977719121366081388255482522232125907521465153432381607,False,,,True,False
258,153,0.0147862049484659748683150888409467402707265952686812270085882,-0.122988795051534025131684911159053259729273404731318772991412,0.194946551237116493717078772210236685067681648817170306752147,0.00860449174634235681977883111286979833016336987967251106811018,1.22185807823566819740789140020393750877539378322709380531619,False,,,True,True
259,116,0.0233906966948083316880939199538165386008899651483537380766984,-0.114384303305191668311906080046183461399110034851646261923302,0.150847674173702082922023479988454134650222491287088434519175,-0.00773137117024608524962429306988082119698324762721608341735814,0.815461168529198815725717144986103113157525971924959531738414,False,,,True,False
260,69,0.0156593255245622464384696268839357174039067175211376546593402,-0.12211567447543775356153037311606428259609328247886234534066,0.0901648313811405616096174067209839293509766793802844136648351,-0.0082138672388895681707362602476756720904324628005989062801781,0.460735351674238671724088533761891923108440761865026993913339,False,,,True,False
261,186,0.00744545828567267826773336663626004531347425472053874837916215,-0.130329541714327321732266633363739954686525745279461251620838,0.234361364571418169566933341659065011328368563680134687094791,0.0304305204425582305348496872567596713872603097935197633836367,2.78620034539654047311121119172562423915996200868953809570456,False,,,False,True
262,91,0.0378759787282309088025830538930197167007345645140585117627988,-0.0998990212717690911974169461069802832992654354859414882372012,0.1232189946820577272006457634732549291751836411285146279407,-0.0169012877505845741836826699827139989432408928535714646612917,0.611999276477517100158043126219771229588923035607075711868865,False,,,True,False
263,138,0.0209746909776463346189003839103057177574936716604870471015072,-0.116800309022353665381099616089694282242506328339512952898493,0.177743672744411583654725095977576429439373417915121761775377,0.00547518905216198465915504711415531005573388182745570365575478,1.21356323671761306931236864539653385577791109370258093349256,False,,,True,True
264,48,0.0264498800298083192780554310244610278132275534879427507572619,-0.111325119970191680721944568975538972186772446512057249242738,0.0666124700074520798195138577561152569533068883719856876893155,-0.0164221676983280454026291637046170455857119276009618283994667,0.380785469602887476084503665127276731449838365780530045106469,False,,,True,False
265,169,0.0100277123314802738754262673198439822275156258869809223577953,-0.127747287668519726124573732680156017772484374113019077642205,0.213756928082870068468856566829960995556878906471745230589449,0.0224068996800804472336862035554152117161692009515734186718754,1.76992136608377064607169878036191326650417698858256965547634,False,,,False,True
266,105,0.0324346120115607211091124708752591939436848268385543410296707,-0.105340387988439278890887529124740806056315173161445658970329,0.139358653002890180277278117718814798485921206709638585257418,-0.0151964736830414067193676910693447554589469650873179876915694,0.65583933976312309079457294313893194372308540383759867298657,False,,,True,False
267,34,0.0172381383285193143897447798059144384847378617512363533381013,-0.120536861671480685610255220194085561515262138248763646661899,0.0468095345821298285974361949514786096211844654378090883345253,-0.0114753531687189050691858222947156671391375340254292018307188,0.421795230436769301638317957637897872520681727845745742919344,False,,,True,False
268,198,0.00576278515980040932055895751119877134560032772580715150738247,-0.132012214840199590679441042488801228654399672274192848492618,0.248940696289950102330139739377799692836400081931451787876846,0.0535257996756198270098920588215345677875532267759420025205478,12.4679782208288442053080133011084631357783482835610231955363,False,,,False,True
269,123,0.0592885848354202363304510163327333391331535545017491540279303,-0.0784864151645797636695489836672666608668464454982508459720697,0.168572146208855059082612754083183334783288388625437288506983,-0.00866963353192570289880623818380510612570941515879869399304353,0.821857652962846309449629552701494109871481962565323267409875,False,,,True,False
270,77,0.0506189513034945334316447781489282330074441393429504600348868,-0.0871560486965054665683552218510717669925558606570495399651132,0.108904737825873633357911194537232058251861034835737615008722,-0.0195699337034563173652203479805808111355118478725478869845016,0.51292572562019845703486012249777182259155109121513723690124,False,,,True,False
271,158,0.0310490176000382160664244301683474218719322914704025730503852,-0.106725982399961783933575569831652578128067708529597426949615,0.205262254400009554016606107542086855467983072867600643262596,0.0106742937941070098007595759114810997400145541565026176350652,1.31033367689615412987528263325357533820235958171553109974213,False,,,True,True
272,94,0.0417233113941452258671840060798285216119468456269051906854504,-0.0960516886058547741328159939201714783880531543730948093145496,0.127930827848536306466796001519957130402986711406726297671363,-0.0192521195783740971242167182584585934487496093306114935398504,0.573102173808373457046990486448511093148601894501254080294912,False,,,True,False
273,51,0.0224711918157711287429672878213699281631972362962936971455999,-0.1153038081842288712570327121786300718368027637037063028544,0.0693677979539427821857418219553424820407993090740734242864,-0.00499635407861484392604537437851398511333006719300675900233327,0.680543940452739292034825072841585589362202934585356418019686,False,,,True,False
274,179,0.0174748377371562848169219134428559430498671691032869381432667,-0.120300162262843715183078086557144056950132830896713061856733,0.228118709434289071204230478360713985762466792275821734535817,0.0286768436059206189337482882681060289396787360564323238830872,2.26067462820641731494110007309538183910079637289747793159389,False,,,False,True
275,130,0.0461516813430769037506702017109619719895459051597192620263539,-0.0916233186569230962493297982890380280104540948402807379736461,0.174037920335769225937667550427740492997386476289929815506588,-0.00701865816186373922706451655975611008396232238184245621469081,0.849975143599628017894085228055101060198276125317807015101619,False,,,True,False
276,70,0.0391330231812131645236056851512058619055835827778768058116631,-0.0986419768187868354763943148487941380944164172221231941883369,0.0972832557953032911309014212878014654763958956944692014529158,-0.0177086258542249905925495491425438635227084638041394744610664,0.518121593491336651303637924372678205183676157557619890681302,False,,,True,False
277,148,0.0214243973269881739310561360086619983828751189737373313505966,-0.116350602673011826068943863991338001617124881026262668649403,0.190356099331747043482764034002165499595718779743434332837649,0.00462275948846019210157789265805607309001443076364553362654137,1.14226379882740581862133537194371224452965609759322668259029,False,,,True,True
278,100,0.026047156815448366032634028666718071472889549737382864977138,-0.111727843184551633967365971333281928527110450262617135022862,0.131511789203862091508158507166679517868222387434345716244284,-0.00941716304376010652453611912017374113030282008678860347509843,0.68284221846204040164479164093051839881135231142687466448943,False,,,True,False
279,35,0.0166299937716882595080979095465443303425867296505942615020396,-0.12114500622831174049190209045345566965741327034940573849796,0.0479074984429220648770244773866360825856466824126485653755099,-0.00653744689324250846529386081331398571741949766360481565456454,0.426652352636584228349070915073385327402213021306842779214453,False,,,True,False
280,188,0.010092546878445751042804048733230344625167231986989445847475,-0.127682453121554248957195951266769655374832768013010554152525,0.237523136719611437760701012183307586156291807996747361461869,0.034066841657532441714346426456781026081477637438357949262072,2.43497926604313987089919157430601461114890723169972294689168,False,,,False,True
281,115,0.044159388535978192757150475190011370706644869425347395109547,-0.093615611464021807242849524809988629293355130574652604890453,0.154789847133994548189287618797502842676661217356336848777387,-0.0129913252949699777936285960814664916142495628167354475965224,0.722629420527750179167219118967507692315471906149734900152462,False,,,True,False
282,62,0.0311680632410082149635218791085448790923953066086119475130247,-0.106606936758991785036478120891455120907604693391388052486975,0.0852920158102520537408804697771362197730988266521529868782562,-0.00896173660193512430023940395624879829485113430753063187719996,0.593242346979518183476951609438142876900001684140371810632234,False,,,True,False
283,163,0.0222063266390730906632824751522960807975441723010813156358247,-0.115568673360926909336717524847703919202455827698918684364175,0.209301581659768272665820618788074020199386043075270328908956,0.0119345980928731916078687257152747249835481860216657763402334,1.30317621043784359157120337666223519741340229651023445716884,False,,,True,True
284,86,0.0341409247319462822711512008675708057810923583227470919760581,-0.103634075268053717728848799132429194218907641677252908023942,0.116035231182986570567787800216892701445273089580686772994015,-0.0163596814458684207969175206130662024252340044753111184249132,0.601052536125529023431409218071003536147837189062820247948608,False,,,True,False
285,140,0.0177812432860778614742336802545046033558583538474359735511449,-0.119993756713922138525766319745495396644141646152564026448855,0.179445310821519465368558420063626150838964588461858993387786,0.00472818996508575620992056438319386502265716920939161765489882,1.18502533872996459139488649926410063879699786104436023823438,False,,,True,True
286,44,0.0225094332511636176841542446376984683785155230568275912060437,-0.115265566748836382315845755362301531621484476943172408793956,0.0606273583127909044210385611594246170946288807642068978015109,-0.0135231194624997198024562640919663786889943931687860648290358,0.386200772692022351974732713400509674879066269727570286321461,False,,,True,False
287,174,0.00898631378866389788169798054573208968952112988804152637700793,-0.128788686211336102118302019454267910310478870111958473622992,0.219746578447165974470424495136433022422380282472010381594252,0.0283241358082519824601613376024569404316433911629037472686238,2.06847627471199529665786777611666599934160711839783670542753,False,,,False,True
288,104,0.0373104495969158803418593181481890301211645210509452736456317,-0.100464550403084119658140681851810969878835478949054726354368,0.139327612399228970085464829537047257530291130262736318411408,-0.0193463878423291312337500562723157319530782645947513252921312,0.61851541064521656632671758770974115322929409028629998848253,False,,,True,False
289,66,0.0179640617545867491081092618758732981680862564561939483535005,-0.1198109382454132508918907381241267018319137435438060516465,0.0869910154386466872770273154689683245420215641140484870883751,-0.0109505484980013842786444831828312043372497581469127066055714,0.554525600565270536732589749129450192154806159809813840979859,False,,,True,False
290,194,0.00701351325658536482946477869304209383083649830928124174792911,-0.130761486743414635170535221306957906169163501690718758252071,0.244253378314146341207366194673260523457709124577320310436982,0.0470082606083458078487937444544612900911981956262695078499035,6.02038492218671369374873835425883332035622516361516681306658,False,,,False,True
291,125,0.0540217738649311726782585231475033839220346939355507495978327,-0.0837532261350688273217414768524966160779653060644492504021673,0.169755443466232793169564630786875845980508673483887687399458,-0.01210072168221816425865988772755148039081939583619490650302,0.771390389404857726186311479495005838692386191732263412290083,False,,,True,False
292,80,0.0419210521827130084195986354199519035312152980993558430948126,-0.0958539478172869915804013645800480964687847019006441569051874,0.110480263045678252104899658854987975882803824524838960773703,-0.0140341486534283813565132703391213633301938680691683587878106,0.590868454312255013045680541867982417476185244225881016613176,False,,,True,False
293,153,0.027886903529284627063085365080830540201021430030187484307002,-0.109888096470715372936914634919169459798978569969812515692998,0.198221725882321156765771341270207635050255357507546871076751,0.00735361501673849565151915787253262137767934852681638723849351,1.24653026736673339906581727945501629815614775915258262410377,False,,,True,True
294,52,0.0352405185460231227146045229533631615787007785570038715454955,-0.102534481453976877285395477046636838421299221442996128454504,0.0738101296365057806786511307383407903946751946392509678863739,-0.0179967182652116821011993854697385258136320328151094231034089,0.485492733510083276120841918164999056258821059164598553338615,False,,,True,False
295,135,0.0172438002808114406134051374836246357650687457418944484420866,-0.120531199719188559386594862516375364234931254258105551557913,0.173060950070202860153351284370906158941267186435473612110522,-0.00193808665584972703746835898159543308651926344514189748771424,0.956923102909812746544340677548080105918417970985319329085815,False,,,True,False
296,93,0.0153057136249617135759367785020292026785494822967525509543724,-0.122469286375038286424063221497970797321450517703247449045628,0.120076428406240428393984194625507300669637370574188137738593,-0.00349196449256073388577505171105683379365776688909690870271969,0.744924072030923774512481195982145715284575940999442580992265,False,,,True,False
297,182,0.0118137491324009796901617267909723688848917154076556422516527,-0.125961250867599020309838273209027631115108284592344357748347,0.230453437283100244922540431697743092221222928851913910562913,0.0273899942315843383553793934365870728176327995942032920392297,3.05449649034286965912655589611514298621579534194906436986591,False,,,False,True
298,69,0.0392037433639853180455411202275594417025245150018589342908824,-0.0985712566360146819544588797724405582974754849981410657091176,0.0960509358409963295113852800568898604256311287504647335727206,-0.0189975725060654126891604446245174440824726980563740204243988,0.539740702853653808564270364884604408264416134231553302353043,False,,,True,False
299,160,0.0202061708579199053563806756030419976200518169454849138664836,-0.117568829142080094643619324396958002379948183054515086133516,0.205051542714479976339095168900760499405012954236371228466621,0.0191564298390769257134870020441447093904816012885459525430116,1.60612771912966074570693956963976335086745620607393545310899,False,,,True,True
300,109,0.0393626006969968310698676776471867070105334182340308664094952,-0.0984123993030031689301323223528132929894665817659691335905048,0.146090650174249207767466919411796676752633354558507716602374,-0.0125407661257530655316658523775972653882676877635936920139462,0.669611568362566576534536851589312096293942440870149580364482,False,,,True,False
301,41,0.026821834571243765538201825269589441622265730470437174395549,-0.110953165428756234461798174730410558377734269529562825604451,0.0579554586428109413845504563173973604055664326176092935988873,-0.0183029743820797191125900794306270733509163203219227005402677,0.389356483112178503717784133222590535750440312021227349357363,False,,,True,False
302,171,0.00851886018916404642561174583896236827134941014851447385528132,-0.129256139810835953574388254161037631728650589851485526144719,0.21587971504729101160640293645974059206783735253712861846382,0.0284372867820552874632257130786282190426708782579215620594515,2.17071973925105643836338021907006098182316698704178298005043,False,,,False,True
303,87,0.0369561469712193338888374589175905873140202884064360359147328,-0.100818853028780666111162541082409412685979711593563964085267,0.117989036742804833472209364729397646828505072101609008978683,-0.0198951866729812460536393179801407700537001582967783242542184,0.576666422537865538331679873540216241706432489347754918205371,False,,,True,False
304,129,0.0170609602982380878351981409374498172603201301096577116605144,-0.120714039701761912164801859062550182739679869890342288339486,0.165515240074559521958799535234362454315080032527414427915129,-0.000216309406860150799768120768890943479612566623707517626493246,0.993078191327556341059634760306464821160478056505531445830693,False,,,True,False
305,50,0.0168446508913779370354300201685588737807075634859501940340211,-0.120930349108622062964569979831441126219292436514049805965979,0.0667111627228444842588575050421397184451768908714875485085053,-0.0109956022943424087254236332048544852912988175699099844293036,0.409454087751082884103038385434609430248189805030140972793458,False,,,True,False
306,196,0.00584904859703552831000638696370438848940874591604020960471751,-0.131925951402964471689993613036295611510591254083959790395282,0.246462262149258882077501596740926097122352186479010052401179,0.0445995354374109196540631514498869988501825517831780788180519,4.84417807613791948836318767273578126863979167919242706245194,False,,,False,True
307,114,0.0504485840344464479640695384135913873395912976992182884227694,-0.0873264159655535520359304615864086126604087023007817115772306,0.155112146008611611991017384603397846834897824424804572105692,-0.0160016483481925010148988090367353828979492018184639898510016,0.693504127548909235448455767086788616795407271446312636978673,False,,,True,False
308,73,0.0344469356862539469491707293768560044416420958807542985717679,-0.103328064313746053050829270623143995558357904119245701428232,0.099861733921563486737292682344214001110410523970188574642942,-0.00829757278212601793190933401120112952262269949403724112257371,0.696918330843688449150495010397109444878906501430147143553572,False,,,True,False
309,149,0.0261493629041279290172613953656548749190193963867170574491941,-0.111625637095872070982738604634345125080980603613282942550806,0.192787340726031982254315348841413718729754849096679264362299,-0.00210847576653054530217748070140931991751800911052053970614915,0.946124182787940745637917834912244795585212759667737777370416,False,,,True,False
310,43,0.024040887137597383715083914664245555001501387276196517743045,-0.113734112862402616284916085335754444998498612723803482256955,0.0597602217843993459287709786660613887503753468190491294357612,-0.00856338932141193226242103723579605910026082044682787052243116,0.515138951742447798301603127581864915337266972847996117523091,False,,,True,False
311,167,0.0154774978161854514526628774284494959012405668293686472206138,-0.122297502183814548547337122571550504098759433170631352779386,0.212619374454046362863165719357112373975310141707342161805153,0.0248643749218520216220468421221691164852371719896604263753404,1.87955686687761142556070682637336726188940442380007400837654,False,,,True,True
312,98,0.0403418727380374730747097195506186123864777388190290735959542,-0.0974331272619625269252902804493813876135222611809709264040458,0.132585468184509368268677429887654653096619434704757268398989,-0.0243484986140249460561080523171758594706443605241509473678849,0.551619715365953913424793606384934682646325484242545495644993,False,,,True,False
313,137,0.0159933741240125270186016672334427529158333782948781262280694,-0.121781625875987472981398332766557247084166621705121873771931,0.175248343531003131754650416808360688228958344573719531557017,0.00928524860393766901624552463577447686968130285477612347400823,1.3448618642769298531395030685025438331986104293466133942803,False,,,True,True
314,60,0.0252786227279501960348471918692172297855146811496542497020776,-0.112496377272049803965152808130782770214485318850345750297922,0.0813196556819875490087117979673043074463786702874135624255194,-0.0150541121255148723314041877843455647805998116732423517982348,0.390545950532932413442222745527711783337335881313448037238116,False,,,True,False
315,185,0.0102245106024353237034430040848716650049148694764118979038428,-0.127550489397564676296556995915128334995085130523588102096157,0.233806127650608830925860751021217916251228717369102974475961,0.0344649425184170426327721924100757684183395442141079756117545,2.49625100494691044907667944063167174209715146944086195342333,False,,,False,True
316,90,0.0446894531208523663362151964949474334232544136905198735155973,-0.0930855468791476336637848035050525665767455863094801264844027,0.123672363280213091584053799123736858355813603422629968378899,-0.0216804636931164398438629106817933175157211205477744690180475,0.575253244584922110362735948202524597086768477443158578778045,False,,,True,False
317,123,0.0230089894277359264923522858131541159075332931427454044975498,-0.11476601057226407350764771418684588409246670685725459550245,0.159502247356933981623088071453288528976883323285686351124387,-0.00214452034301224989182552352524593477455332802287449804914756,0.919018866205071267245615769360676188876993976442079415171176,False,,,True,False
318,37,0.0208644690847236766005267622879081811329799651198709064484022,-0.116910530915276323399473237712091818867020034880129093551598,0.0514661172711809191501316905719770452832449912799677266121006,-0.0103501107807174968028966526455866257660816435943964227459642,0.447207947440852876901548419765613808883297961010679032771419,False,,,True,False
319,177,0.0105143583040061797976301096423215553668983215254744837024381,-0.127260641695993820202369890357678444633101678474525516297562,0.22387858957600154494940752741058038884172458038136862092561,0.0271025966405164005757925187058401337892131170149057866270079,2.0476225573093754884866626673901124365264775416234459787193,False,,,False,True
320,79,0.037616954944522580373422628348161689156111438540380270329446,-0.100158045055477419626577371651838310843888561459619729670554,0.108154238736130645093355657087040422289027859635095067582361,-0.0159862850417045761900265437048567832619863622267670269792642,0.577127534260690079743055232473153503699446040304697948506468,False,,,True,False
321,145,0.0216306699028180041833960846433049058941250763136132433501818,-0.116144330097181995816603915356695094105874923686386756649818,0.186657667475704501045849021160826226473531269078403310837545,0.00242225958501000608228302248308186901954906021046307889581969,1.07048015403281564498047931645437368656296543919516709479776,False,,,True,True
322,54,0.0240529294878280102656791071263867749136741365240763222460014,-0.113722070512171989734320892873613225086325863475923677753999,0.0735132323719570025664197767815966937284185341310190805615004,-0.0161663102698513931236952677303954622355470984100621472189265,0.520103192685502974607150056265390740034220421563832480616033,False,,,True,False
323,158,0.00788661921797661714198383939599131267812703811401417502707496,-0.129888380782023382858016160604008687321872961885985824972925,0.199471654804494154285495959848997828169531759528503543756769,0.0199510160420340513296850500012669111177676646151882323926091,1.66866792562285850451857722230509688707515005503630313107621,False,,,True,True
324,104,0.027837635260010668471668889397258223795894702729202407419684,-0.109937364739989331528331110602741776204105297270797592580316,0.136959408815002667117917222349314555948973675682300601854921,-0.0154851615397430667497226061478415327789975692862029633764852,0.604145411486560059210987593215649763905554692368011689382503,False,,,True,False
325,29,0.0123524737202676017219462832494166910168971334429994440431988,-0.125422526279732398278053716750583308983102866557000555956801,0.0393381184300669004304865708123541727542242833607498610107997,-0.00634329383179206009926542256543623682701364103785987881256968,0.345026864654948209715950324328214586025026958252949356868144,False,,,True,False
326,191,0.00600917988847554162268086068398045418988349240513956523062917,-0.131765820111524458377319139316019545810116507594860434769371,0.240252294972118885405670215170995113547470873101284891307657,0.0420637757538626785854364073255059673497286379757664452944369,3.5819184762340239305588834249189303641769309339471209601328,False,,,False,True
327,116,0.0480729556423382202081172680094864215396121303809060105250661,-0.0897020443576617797918827319905135784603878696190939894749339,0.157018238910584555052029317002371605384903032595226502631267,-0.0117073740232135629523275123092577966297128205807218127091656,0.75476732633143517363309930755885075018122635471917482468881,False,,,True,False
328,70,0.0363655816191246572557897557002286249098993098001841978159005,-0.101409418380875342744210244299771375090100690199815802184099,0.0965913954047811643139474389250571562274748274500460494539751,-0.0202936581218677827083114909770439057950800069503903837431774,0.500508803428830989951450326424103706684216775005139544475038,False,,,True,False
329,152,0.0160719234972568745474782647231847191148193028497938140727231,-0.121703076502743125452521735276815280885180697150206185927277,0.194017980874314218636869566180796179778704825712448453518181,0.00936339103380222761380245531200196976893954844204481580647826,1.31571788052580584315076477950983169807609272228034854475931,False,,,True,True
330,87,0.0254353145310591021612807200351866888837588512918386298792014,-0.112339685468940897838719279964813311116241148708161370120799,0.1151088286327647755403201800087966722209397128229596574698,-0.016428926278563838925121724094621497936955902039767628513803,0.549011712029983979270215737178554348498111570027936367019728,False,,,True,False
331,35,0.00900638825249526323615899594056519094680294925207100136539839,-0.128768611747504736763841004059434809053197050747928998634602,0.0460015970631238158090397489851412977367007373130177503413496,-0.00228232238150815596966930554416289379320986885520853333392432,0.696244350533613638125683759505235714684112705154915938845551,False,,,True,False
332,180,0.00672406587098710726648969039640229715359308039686246803147408,-0.131050934129012892733510309603597702846406919603137531968526,0.226681016467746776816622422599100574288398270099215617007869,0.0287191847113246827010347121258733870985606836192844168293363,2.22404751514297443638329299217645552448045297460699558412648,False,,,False,True
333,127,0.0354432505823117899675244025222756842521537640161468848608104,-0.10233174941768821003247559747772431574784623598385311513919,0.167610812645577947491881100630568921063038441004036721215203,-0.00619094162874871142886045218926102490996486785074992128827554,0.853339673102393730980764369534612068372772398577739556118237,False,,,True,False
334,62,0.0292523089535630785386639503330146593421888961653969635725349,-0.108522691046436921461336049666985340657811103834603036427465,0.0848130772383907696346659875832536648355472240413492408931337,-0.0201214651373194353772722750823820458105978508106376284843831,0.459209024118312882212932429096622551065569552429041354817669,False,,,True,False
335,164,0.00913084381624364316139167525063261353159104535475933508815178,-0.128644156183756356838608324749367386468408954645240664911848,0.207282710954060910790347918812658153382897761338689833772038,0.0241350333263459441675734448917186412064245720737856452340549,1.8731395976102088632942791935100810576617829363889115016339,False,,,True,True
336,98,0.0332658771425895873289651201423512547380156174285449803222067,-0.104509122857410412671034879857648745261984382571455019677793,0.130816469285647396832241280035587813684503904357136245080552,-0.0191449084720759865454191968965200120887572164445864848054672,0.548768048592511623413114472276774028881806457663387191198661,False,,,True,False
337,42,0.0141209686705136007835459232458312426492584009839584955167395,-0.123654031329486399216454076754168757350741599016041504483261,0.0560302421676284001958864808114578106623146002459896238791849,-0.00938748650030198494798677896678539391837529626329353767383574,0.507816175201093197207206127369896240077249964833529464790784,False,,,True,False
338,198,0.00473348217021161583555914427904584873088310472066495784290375,-0.133041517829788384164440855720954151269116895279335042157096,0.248683370542552903958889786069761462182720776180166239460726,0.0516812809192887685394207637321591093328567229893701560050221,14.280554578633609824017228688582772643374272427958136297092,False,,,False,True
339,119,0.0564147630895003843749799080112049580637398277100351138479258,-0.0813602369104996156250200919887950419362601722899648861520742,0.162853690772375096093744977002801239515934956927508778461981,-0.0155083994306665751265830766790474877833853511398907827721737,0.71488295806559849944989621878373970112481818434070605055667,False,,,True,False
340,78,0.0409063636588338092483968313321574702803544765701443310757521,-0.0968686363411661907516031686678425297196455234298556689242479,0.107726590914708452312099207833039367570088619142536082768938,-0.0114633560750782358446435037471803700321777276484911878899329,0.657646951960075079670901808852362650658092909900858925430136,False,,,True,False
341,143,0.0294430075837555734037533275849771002481767489216531431858192,-0.108331992416244426596246672415022899751823251078346856814181,0.186110751895938893350938331896244275062044187230413285796455,-0.00324361872174339232964500179724813060082435046056535130586104,0.918718275790636045302422796386227927371635695162669657474256,False,,,True,False
342,53,0.0261993888620121810741083257877289696473523984610877918799582,-0.111575611137987818925891674212271030352647601538912208120042,0.0727998472155030452685270814469322424118380996152719479699895,-0.00816058921281138817038610171254452877235634373071266167386471,0.534517755896067877072259415497449781089575415022029662411166,False,,,True,False
343,170,0.0180387996492007929037222240751844408749960547303751302060935,-0.119736200350799207096277775924815559125003945269624869793907,0.217009699912300198225930556018796110218749013682593782551523,0.0222900123563579792359967150342644712046553579956922087195841,1.70035395551531598438870707399876710246213571082380892381167,False,,,False,True
344,105,0.0403288120055587721397189391094489120796514127260673389256776,-0.0974461879944412278602810608905510879203485872739326610743224,0.141332203001389693034929734777362228019912853181516834731419,-0.0214155482192281578228987578787249202386218341090676667444805,0.593912370317290289750812307453059270179771806876673020982522,False,,,True,False
345,36,0.0189132637863306143168201812307239918410295786169996721811971,-0.118861736213669385683179818769276008158970421383000327818803,0.0497283159465826535792050453076809979602573946542499180452993,-0.00532913806340787168774160442800458648353830524767251379465325,0.634555168151760210778029229906441611819888095096741378603248,False,,,True,False
346,154,0.0135841257229227426290785768027194053574912733693271583865439,-0.124190874277077257370921423197280594642508726630672841613456,0.195896031430730685657269644200679851339372818342331789596636,0.0111369640292959703639774693977670709491575695120575439124473,1.30444476512851907936166496484956574317981418570078927445018,False,,,True,True
347,84,0.0247210897522187129930560462004864763066488428813847022989912,-0.113053910247781287006943953799513523693351157118615297701009,0.111180272438054678248264011550121619076662210720346175574748,-0.0146975462998930436965977866828110675553382167339609558367424,0.550367694779175034873503729066590676034670788238929548579415,False,,,True,False
348,187,0.0100235434523256692964582595176754087513106261474237464622487,-0.127751456547674330703541740482324591248689373852576253537751,0.236255885863081417324114564879418852187827656536855936615562,0.0391357666194722897587259865372565451503698061977559740750384,3.37142715697725186976868170221701458823543499786893783118433,False,,,False,True
349,114,0.0491593100717979590551842460549319539016804323451797205372872,-0.0886156899282020409448157539450680460983195676548202794627128,0.154789827517949489763796061513732988475420108086294930134322,-0.0127884679827114820348433531619856303205099011689066307347183,0.725289898011532068770402398909200087660307978408301530209328,False,,,True,False
350,63,0.0363708420890864770203408928929463235811705311762730898025689,-0.101404157910913522979659107107053676418829468823726910197431,0.0878427105222716192550852232232365808952926327940682724506422,-0.0160896225143456738215707440100862490825524987725590868152167,0.541553308615666594167631160714001336316325613351381449785184,False,,,True,False
351,138,0.0202812195747408031987701488828600744986180324037140029873522,-0.117493780425259196801229851117139925501381967596285997012648,0.177570304893685200799692537220715018624654508100928500746838,-0.00272917793213448443390920272564509649575691258186631740416555,0.915901799309805063219170771190947225771486721380177425442493,False,,,True,False
352,41,0.0175520416426063187648609461572149780028611198218476855831867,-0.120222958357393681235139053842785021997138880178152314416813,0.0556380104106515796912152365393037445007152799554619213957967,-0.00665152367937183532154361823753778469350172788592186170807044,0.487899236176111507558962604621729065189258510632026400439376,False,,,True,False
353,175,0.0109005179632344834433173279196771933093593919359258238751162,-0.126874482036765516556682672080322806690640608064074176124884,0.221475129490808620860829331979919298327339847983981455968779,0.0289913009789690896063104622688351307041932377313164113415246,2.10761446581466827745052510425468276436236932608481472327541,False,,,False,True
354,94,0.0398918189422035730496277901885123240135526296672422352166408,-0.0978831810577964269503722098114876759864473703327577647833592,0.12747295473555089326240694754712808100338815741681055880416,-0.0236009286849251132908244109252783975893523596410703350578935,0.553919538300134861567947081487909267088743161136013661326861,False,,,True,False
355,130,0.0162908902572784597588033792632339264242002700261719001587473,-0.121484109742721540241196620736766073575799729973828099841253,0.166572722564319614939700844815808481606050067506542975039687,0.00226690266465968867076212053769260654879357837756882107311465,1.0757419031240460931171419305063272615564925569149448029789,False,,,True,True
356,54,0.018557792921938148429565499800926532972993848403740721231862,-0.119217207078061851570434500199073467027006151596259278768138,0.0721394482304845371073913749502316332432484621009351803079655,-0.0119830646756471140254658470618012027259934219825432498724789,0.440926972471952546126615888370140910332424106495003466760911,False,,,True,False
357,192,0.00657472824629103440409965273912533024700042642119747135938306,-0.131200271753708965595900347260874669752999573578802528640617,0.241643682061572758601024913184781332561750106605299367839846,0.0404865393215007315167963499710018418681278303591652855745642,3.7534873736460534060658852246380333595775829979183303083977,False,,,False,True
358,103,0.0470612675677917659208960027101271721151282567803627569339472,-0.0907137324322082340791039972898728278848717432196372430660528,0.140515316891947941480224000677531793028782064195090689233487,-0.0167896890899082997510565882963722936340517357026484939551636,0.615072027554536576237563548506773688443739207452024823386839,False,,,True,False
359,150,0.0302715784778834661698394144137548784810765210777142629787837,-0.107503421522116533830160585586245121518923478922285737021216,0.195067894619470866542459853603438719620269130269428565744696,0.0137436759577606242338264807976628016605931035320615515642114,1.4452047326107103221532129211172193559566632585223362872534,False,,,True,True
360,72,0.0440152544356440904036658952114176801416696246097758145429951,-0.0937597455643559095963341047885823198583303753902241854570049,0.101003813608911022600916473802854420035417406152443953635749,-0.0262176608595481976145990233212683784838820305114227336536351,0.449732339170134848824265614960479823465488907693840774671152,False,,,True,False
361,162,0.01779759357609589278906687189014930165778759409835308088936,-0.11997740642390410721093312810985069834221240590164691911064,0.20694939839402397319726671797253732541444689852458827022234,0.0202003893334348758105612754908500532464781970942995253691843,2.08008983986606114313776080250552971511485465042304498356856,False,,,True,True
362,87,0.0379979829095307685996281473809993549042657911926526062585443,-0.0997770170904692314003718526190006450957342088073473937414557,0.118249495727382692149907036845249838726066447798163151564636,-0.0190138986362401041635269454954511089665456256531880072307099,0.560331051524212644327264113817870622474236402919125349546297,False,,,True,False
363,35,0.0189840842732906644361012018855482459377201655394645990278344,-0.118790915726709335563898798114451754062279834460535400972166,0.0484960210683226661090253004713870614844300413848661497569586,-0.00981504492359419664340862180024746432693087011445695695091207,0.533180792237294307204214646677387797776175413409328515828548,False,,,True,False
364,134,0.00916903934969646779269258008530078161078929542500764207692238,-0.128605960650303532207307419914699218389210704574992357923078,0.169792259837424116948173145021325195402697323856251910519231,-0.00141461957675736349003525966575196671956317872728393074023105,0.904603986516410647111414480070769251015699242126812786542721,False,,,True,False
365,183,0.00775441977293910430265732041954881489122611669772371133669133,-0.130020580227060895697342679580451185108773883302276288663309,0.230688604943234776075664330104887203722806529174430927834173,0.0388778945289870489295484335789041768794805807612800320683745,4.43260764881658262310686968965471603797070430680202169923274,False,,,False,True
366,98,0.0466323143019261532322057539984529917707066974590037434050658,-0.0911426856980738467677942460015470082292933025409962565949342,0.134158078575481538308051438499613247942676674364750935851266,-0.0191940940420740587321494686918923879146573262864373205850277,0.592784598117084059365599702288948050991509375706482279590219,False,,,True,False
367,57,0.0274382202598520945000562853065606038560493711725664228200381,-0.110336779740147905499943714693439396143950628827433577179962,0.0781095550649630236250140713266401509640123427931416057050095,-0.0151956128744167609861097536099028096501342206350567042895341,0.50586385422164479604338870059099351829224759872848608630055,False,,,True,False
368,157,0.012242607385435333513946531696657794205915150537509718530504,-0.125532392614564666486053468303342205794084849462490281469496,0.199310651846358833378486632924164448551478787634377429632626,0.012200080965654020501676089048267520736007014707558350439724,1.33574611593924986193568571166995301003840205275159090243592,False,,,True,True
369,116,0.024442688351089354015622620744925314941922165245068068970228,-0.113332311648910645984377379255074685058077834754931931029772,0.151110672087772338503905655186231328735480541311267017242557,-0.00580389815269587181873300785457559128473925567180500786426687,0.815916487954538083750282707235276397599131357993918147120828,False,,,True,False
370,42,0.0186387901983934821968896128903497236571829095732630611059612,-0.119136209801606517803110387109650276342817090426736938894039,0.0571596975495983705492224032225874309142957273933157652764903,-0.013839382612440101782424512687779936088612907698337699160103,0.345171603903070034769129649224944743329537693787805310312909,False,,,True,False
371,195,0.00479940758595338041446510020256978756857000187492536194585816,-0.132975592414046619585534899797430212431429998125074638054142,0.244949851896488345103616275050642446892142500468731340486465,0.0467567591290659949644163134214163375521102062952242516492051,4.75191393034087739742837088859126946025843892281948995718445,False,,,False,True
372,84,0.0515561667150193753788814136239861251206802081701496135950633,-0.0862188332849806246211185863760138748793197918298503864049367,0.117889041678754843844720353405996531280170052042537403398766,-0.0174856404686350836568236909530459816438523993184567971331863,0.593386886934939150937828572977709611114153741684850380682083,False,,,True,False
373,141,0.034070526246384291722057722670940143476827808851692816461877,-0.103704473753615708277942277329059856523172191148307183538123,0.184767631561596072930514430667735035869206952212923204115469,-0.00237186831708490382281432008691176387288259568926000569264883,0.945199438580493236215463533445815526174033745519773049223277,False,,,True,False
374,66,0.0316986579292993878992434025840283796039452131624328107692281,-0.106076342070700612100756597415971620396054786837567189230772,0.090424664482324846974810850646007094900986303290608202692307,-0.0121570595269482797567854152144128085240030061551284059381989,0.546303933531780896092092169280368385626084505823248574104857,False,,,True,False
375,169,0.0195415984023511081424579873696155710799422070073044048310292,-0.118233401597648891857542012630384428920057792992695595168971,0.216135399600587777035614496842403892769985551751826101207757,0.0237284533217007585702202353814638137478809536854808900552927,1.79201555462213394986962807014234579371359550908703271788837,False,,,False,True
376,108,0.043270051724051866712678222751079384827823160692785294886322,-0.094504948275948133287321777248920615172176839307214705113678,0.14581751293101296667816955568776984620695579017319632372158,-0.0184245988170143434725801143615591454948655869635145452006834,0.60363862891878584018488097437005186644160874762252861857435,False,,,True,False
377,47,0.0248454529070375232400981083895202393329575737292707496856386,-0.112929547092962476759901891610479760667042426270729250314361,0.0649613632267593808100245270973800598332393934323176874214096,-0.0124378630528082536280706150326258070994729318588855737597685,0.523099497996451583658619080246001180876936290066209358875611,False,,,True,False
378,148,0.0124075898542292696120274933568944322334846418703851759258701,-0.12536741014577073038797250664310556776651535812961482407413,0.188101897463557317403006873339223608058371160467596293981468,0.00536535663519320621843786634570034792470653130921799338207982,1.13576159115315546623893478669827978538037891272239842010179,False,,,True,True
379,79,0.0177729464894224758304653597025947801581911731796031693079499,-0.12000205351057752416953464029740521984180882682039683069205,0.103193236622355618957616339925648695039547793294900792326987,-0.00937273186355702540674290414871381884778106178459213065333608,0.558870726522062943717979044171239028661912404881139641722395,False,,,True,False
380,179,0.00840021462586545042372245555388096131041011139501103865461383,-0.129374785374134549576277544446119038689589888604988961345386,0.225850053656466362605930613888470240327602527848752759663653,0.0292591196708612526744568192824058281986904403313610054134354,2.57423060253167023072647219189312948409370575743509878609291,False,,,False,True
381,120,0.0376593342967267030981792748362867895091005517263720440680492,-0.100115665703273296901820725163713210490899448273627955931951,0.159414833574181675774544818709071697377275137931593011017012,-0.00772040850433828041563926501872530547525427450520317988983847,0.809523343467327124700269296471407487977870685728086007845616,False,,,True,False
382,56,0.0299389257923884226825400098175614840338462772211688641782108,-0.107836074207611577317459990182438515966153722778831135821789,0.0774847314480971056706350024543903710084615693052922160445527,-0.0230582279717287466842202418142870753426910516381975875784554,0.419358001393842993405524259859047518033511797552366696704318,False,,,True,False
383,160,0.00688069782065967599831976800327440869115522558297127659975533,-0.130894302179340324001680231996725591308844774417028723400245,0.201720174455164918999579942000818602172788806395742819149939,0.0225913694059392359520516843293014261041149431784787132070953,2.35824924914716306540358269322090833571796020663323463795796,False,,,True,True
384,93,0.0294720672265989119503714523325758347952701687614499898068506,-0.108302932773401088049628547667424165204729831238550010193149,0.123618016806649727987592863083143958698817542190362497451713,-0.016795650893998480363043358935910834498806172463070271599694,0.520622692114087577999979309815464245189313647134330547907518,False,,,True,False
385,29,0.0126764163326004315873280933966650002964639962983797182071566,-0.125098583667399568412671906603334999703536003701620281792843,0.0394191040831501078968320233491662500741159990745949295517892,-0.00789142901685269649535571375284066222128360715582573310730461,0.391594520360394532915543703036655996308758911701812305138046,False,,,True,False
386,189,0.004784987315747735091972379643824338075180389142553985099852,-0.132990012684252264908027620356175661924819610857446014900148,0.237446246828936933772993094910956084518795097285638496274963,0.040754712892426314376859731983511422743594376210397052995797,3.86918800370489485216296380139615529979449973180147956546391,False,,,False,True
387,112,0.045539700208174049468832111627335760818774765352951038095649,-0.092235299791825950531167888372664239181225234647048961904351,0.151384925052043512367208027906833940204693691338237759523912,-0.0161033673346743748500109708567614331395398526248929107007506,0.681694007049019733417218186676098426849686005741365119458848,False,,,True,False
388,69,0.0294363328734996746188211407705743276792349127280581273948984,-0.108338667126500325381178859229425672320765087271941872605102,0.0936090832183749186547052851926435819198087281820145318487246,-0.0119422468012165666552525974801795723260630437394935512336586,0.625886810753558858031285199406915575467307934734168633280381,False,,,True,False
389,139,0.0174940860722831079635685432903947553531718689885645761612398,-0.12028091392771689203643145670960524464682813101143542383876,0.17812352151807077699089213582259868883829296724714114404031,-0.0025375452917504195364051787276310081865971606570392285276026,0.921650857058253754728475557195832458178655825411520552168979,False,,,True,False
390,42,0.0149565407805326884271633645627637471665747083315253476336372,-0.122818459219467311572836635437236252833425291668474652366363,0.0562391351951331721067908411406909367916436770828813369084093,-0.00755646813184614878387173129309924098914150673452834486338937,0.476731181474176922314495681463596317708262635896292016985919,False,,,True,False
391,173,0.00740007264868653964329163326966450617743320159699700277024782,-0.130374927351313460356708366730335493822566798403002997229752,0.218100018162171634910822908317416126544358300399249250692562,0.0260281568625203868001942439928967170829509628745969493478451,1.91575981587999709999691342490335645907247456423195605515888,False,,,False,True
392,98,0.033428229511206926443485877262561223260384164471593952118093,-0.104346770488793073556514122737438776739615835528406047881907,0.130857057377801731610871469315640305815096041117898488029523,-0.0220474943343247474632029036033698750964387083983578189629502,0.57667266787878854885326701447118440103498968792264852904741,False,,,True,False
393,130,0.0113807351768821789802829736591913481639454560732361331551427,-0.126394264823117821019717026340808651836054543926763866844857,0.165345183794220544745070743414797837040986364018309033288786,0.00577302192831291847081228781088596276084262722652257938799244,1.23182107696406383407594974670367474747220195990577836378521,False,,,True,True
394,53,0.0171537571051950974510952614700773109247880832997587125431352,-0.120621242894804902548904738529922689075211916700241287456865,0.0705384392762987743627738153675193277311970208249396781357838,-0.0132434510799975734374801347919226405069062947079799488687292,0.381574666346254311730755576303339030122656465148332238179488,False,,,True,False
395,197,0.00391030602519752401361512667815467041788178859177876367440602,-0.133864693974802475986384873321845329582118211408221236325594,0.247227576506299381003403781669538667604470447147944690918602,0.0444892304867264241448040643557065175531355674103853371104587,5.21424455250566643327275795055371949806762519350321536824501,False,,,False,True
396,86,0.0483995365119239481584191910338611879710173560021641007848647,-0.0893754634880760518415808089661388120289826439978358992151353,0.119599884127980987039604797758465296992754339000541025196216,-0.0151303380364297180509294142389119820750731003575032511580066,0.599125525352262105409495697245926988999099526760858849900613,False,,,True,False
397,151,0.0332691984754942301074897767949492058959442556446608496268581,-0.104505801524505769892510223205050794104055744355339150373142,0.197067299618873557526872444198737301473986063911165212406715,0.0036634848599232459926647289619437761714972630766176607966134,1.09179543860830138541363754438230568157697407857205059309588,False,,,True,True
398,67,0.0369326833354174761001545057568929820674415187212785104234715,-0.100842316664582523899845494243107017932558481278721489576528,0.0929831708338543690250386264392232455168603796803196276058679,-0.0162706304591686452107045954837711616539361431247100032113486,0.575806605289155902840695319353716341725128920943107979107321,False,,,True,False
399,123,0.020662052876248830889449910273121820413505375596568507212123,-0.117112947123751169110550089726878179586494624403431492787877,0.158915513219062207722362477568280455103376343899142126803031,-0.0057213107745428882945379983566652581765201484918073490981267,0.796649603003025254837597268009896467621316737765718793300871,False,,,True,False
400,167,0.0149407421017059425949119119164565622369852271047611581139963,-0.122834257898294057405088088083543437763014772895238841886004,0.212485185525426485648727977979114140559246306776190289528499,0.0234306021801841111371059735929689243473017414941889658334674,2.75571825299111961974430154765046817039094359034855139038606,False,,,True,True
401,78,0.0383713442818900537320178855094254865842869685989501239474637,-0.0994036557181099462679821144905745134157130314010498760525363,0.107092836070472513433004471377356371646071742149737530986866,-0.0220200481585532963113412677668304628763529175827344161293697,0.504080755606495138834970014505996895579781091157407565469073,False,,,True,False
402,33,0.016351296123336757420676617742595023707934051016215707818094,-0.121423703876663242579323382257404976292065948983784292181906,0.0453378240308341893551691544356487559269835127540539269545235,-0.00589353445272766974705769274849019238962509383664889275654452,0.533941228981903128780606721607160055095472083005353228895419,False,,,True,False
403,182,0.0104577616706090876736189249941048313183089571795668150615495,-0.127317238329390912326381075005895168681691042820433184938451,0.230114440417652271918404731248526207829577239294891703765387,0.0379194939880352230658618974077292537134584412809118298102686,2.98098695709051539697259148770233942692328872572661261820685,False,,,False,True
404,108,0.0483772556586443107394808224018340850317673984604786448718181,-0.0893977443413556892605191775981659149682326015395213551281819,0.147094313914661077684870205600458521257941849615119661217955,-0.021345233152781734658109062394150745239131353300975553627332,0.599988088881563522543924360087053416101576992694395111337914,False,,,True,False
405,137,0.0270320225058625760813717600076833397926360451595030912444861,-0.110742977494137423918628239992316660207363954840496908755514,0.178008005626465644020342940001920834948159011289875772811122,0.00661780643542734981149967790909377851119500507589997115494545,1.22365288304502265210729908920838377453184878082435754896318,False,,,True,True
406,58,0.0336498289412899258928714379167771183038310502354030623994315,-0.104125171058710074107128562083222881696168949764596937600568,0.0809124572353224814732178594791942795759577625588507655998579,-0.0233851396779516353511249387187465488530316029404526573753401,0.40342700701446754855710933083705479904362505139357389632275,False,,,True,False
407,158,0.0102646892633382905417464991980305694507994472949504050240914,-0.127510310736661709458253500801969430549200552705049594975909,0.200066172315834572635436624799507642362699861823737601256023,0.0191939186476111504930590879106675110132836446291939673648859,1.64359911739626106324606148261773432640845349702297911922778,False,,,True,True
408,90,0.0294586079109494410348055871086980804640830919241443723889774,-0.108316392089050558965194412891301919535916908075855627611023,0.119864651977737360258701396777174520116020772981036093097244,-0.0185114981913062566211063248655280371063220390998488085049317,0.507824407041375527005328579481079349495192745219065261756833,False,,,True,False
409,27,0.0109471097196431844136992622431700433577610528242955638840457,-0.126827890280356815586300737756829956642238947175704436115954,0.0364867774299107961034248155607925108394402632060738909710114,-0.0055701869874371535521558423971042071282195031418498605960365,0.363332052387522181938058542222712517895807272789333156026039,False,,,True,False
410,190,0.0053769227322060308615434198460658362295415496824457032880092,-0.132398077267793969138456580153934163770458450317554296711991,0.238844230683051507715385854961516459057385387420611425822002,0.0423530586627032739064095703210294780722780698045803221698945,3.71150865867417191527152808511119041653284334657321050077367,False,,,False,True
411,116,0.0477299813949093047679529901670953143018196194870260254579037,-0.0900450186050906952320470098329046856981803805129739745420963,0.156932495348727326191988247541773828575454904871756506364476,-0.0146752202570441059856118875148733532651381358293715505258565,0.71011512414383597249590943949282256848894653809979108577905,False,,,True,False
412,70,0.0330547611378651987823411026522219610366814836576544749320472,-0.104720238862134801217658897347778038963318516342345525067953,0.0957636902844662996955852756630554902591703709144136187330118,-0.0147355406356725727586985675834226226537291880957759121370668,0.562895775578882573578083568460872570881271460220059471626842,False,,,True,False
413,146,0.0183192205021926260236425350687993383829522955618785627949805,-0.11945577949780737397635746493120066161704770443812143720502,0.187079805125548156505910633767199834595738073890469640698745,0.00276366433101593293592405431675733695241389611075348381126841,1.09118788477106045073935244301080697640411106969709954459526,False,,,True,True
414,47,0.0210828848332085589595665893855566753353661916726320466062489,-0.116692115166791441040433410614443324664633808327367953393751,0.0640207212083021397398916473463891688338415479181580116515622,-0.0109684942572057849972444817312818902654581758662970883425214,0.45970027533062834694013812034675079307644984849102004845362,False,,,True,False
415,175,0.0101143905760027739623221076542747850699080158063349582637275,-0.127660609423997226037677892345725214930091984193665041736272,0.221278597644000693490580526913568696267477003951583739565932,0.031980993852918645445630446947648160958030076816089611216605,2.37030146288116051761718861161303978532996363057450571005857,False,,,False,True
416,100,0.0420953844289214194079525546019229460279380926224245694803325,-0.0956796155710785805920474453980770539720619073775754305196675,0.135523846107230354851988138650480736506984523155606142370083,-0.0242700658028005506130880760964067024355266357688783469510536,0.563116745988983916702358684381912695711138776486525084469215,False,,,True,False
417,129,0.0178253186261208687948644785055162435924114568535462225292789,-0.119949681373879131205135521494483756407588543146453777470721,0.16570632965653021719871611962637906089810286421338655563232,0.00329534406544017674181209129702797697062305529394430318830004,1.1146396794955991655160448375561044925956393691562226729899,False,,,True,True
418,56,0.0211206626915610455366765698025442205630345121474905257175789,-0.116654337308438954463323430197455779436965487852509474282421,0.0752801656728902613841691424506360551407586280368726314293947,-0.0175500436660555853964705758155561512337922301942452807176121,0.388946395866136779261181055719836243806711617040597186246316,False,,,True,False
419,186,0.00357061902550546014020599398698806932924228195324524499996684,-0.134204380974494539859794006013011930670757718046754755000033,0.233392654756376365035051498496747017332310570488311311249992,0.0390456573238663155432966207291040991526728095453918682492664,4.66720061634979637420371559961236551126736042574599157778448,False,,,False,True
420,86,0.0426162763493717756835026147160921684819150914986371132492332,-0.0951587236506282243164973852839078315180849085013628867507668,0.118154069087342943920875653679023042120478772874659278312308,-0.0200739380270142816707163054904030004520809060873377002956608,0.547666557173166113419040415779061767083636028414654922629194,False,,,True,False
421,152,0.0225423383223574940127863092256891680298341854112994129535724,-0.115232661677642505987213690774310831970165814588700587046428,0.195635584580589373503196577306422292007458546352824853238393,0.00990463874584206870218491318199636315599309096455563513694065,1.35812111314848960743499534665895707230678937699777199571191,False,,,True,True
422,66,0.0324469770681995627149712224076855311858272763758550480905131,-0.105328022931800437285028777592314468814172723624144951909487,0.0906117442670498906787428056019213827964568190939637620226283,-0.0184874735282794974872407432421911918379117833734338759851198,0.540644454134311902621060776640358935379140040564925642684026,False,,,True,False
423,121,0.0139595035399200652277304791654943393479154930024211721053932,-0.123815496460079934772269520834505660652084506997578827894607,0.154739875884980016306932619791373584836978873250605293026348,-0.00224656221724193867627844538577961808744596960154534362933691,0.898053620528502339033809610842145424478304749275290892825111,False,,,True,False
424,29,0.0117129413226781265514520337797147212604695234008758284760563,-0.126062058677321873448547966220285278739530476599124171523944,0.0391782353306695316378630084449286803151173808502189571190141,-0.0075972568128014204292308263780931237065605836172323966950661,0.42130687513627778549100623620593260728224571008525047441679,False,,,True,False
425,169,0.00411568450987670612222120740162159755390893978364343178099021,-0.13365931549012329387777879259837840244609106021635656821901,0.212278921127469176530555301850405399388477234945910857945248,0.0205298851847188335455339059753902362424226945162907412856922,1.63354229138469702282564737253874889047189537690699739919988,False,,,False,True
426,95,0.0246455696945955396677551133770118337963316342999341730666824,-0.113129430305404460332244886622988166203668365700065826933318,0.124911392423648884916938778344252958449082908574983543266671,-0.0182349565965288423629151973412941287317647272452240743086046,0.553808672670944772959155663409442248511906125558974189715589,False,,,True,False
427,43,0.00641061309806669730483991603571770506456690705471009875807777,-0.131364386901933302695160083964282294935433092945289901241922,0.0553526532745166743262099790089294262661417267636775246895194,-0.00298599744343501956602855914402106139314796520131016183314511,0.565979933465642242212295473508636242520207258067067304332557,False,,,True,False
428,198,0.00342461565463167773881135689169664367141894185339993692493266,-0.134350384345368322261188643108303356328581058146600063075067,0.248356153913657919434702839222924160917854735463349984231233,0.047159153867066889540637437514800028307902427239575903348482,8.07501236207340206497525551361460140169553359488311434968212,False,,,False,True
429,133,0.0505837695216985672794487944064966719793213690929758402734146,-0.0871912304783014327205512055935033280206786309070241597265854,0.178895942380424641819862198601624167994830342273243960068354,-0.00447525203282475080423831153944522353349201186295692871412276,0.905239363621518677085559288747915946620957664285766868235704,False,,,True,False
430,79,0.0461085174888738164752104828670514484458293572300189115592918,-0.0916664825111261835247895171329485515541706427699810884407082,0.110277129372218454118802620716762862111457339307504727889823,-0.0208114559377785367382009301069631688846975619328485305392917,0.514791307793782485633009501421583283832642037180271314688602,False,,,True,False
431,156,0.0252970615510952797370095527600882795611317952971703810200002,-0.11247793844890472026299044723991172043886820470282961898,0.201324265387773819934252388190022069890282948824292595255,0.0133701994333665427376646336811707424094713581610231253682513,1.38283070086314063588005969361392703525025675298281643468881,False,,,True,True
432,106,0.0386672609844618224746741864412590219706031534581935063882515,-0.0991077390155381775253258135587409780293968465418064936117485,0.142166815246115455618668546610314755492650788364548376597063,-0.0125253740803815139805244907393546885166041909043469369130828,0.691264650285674213496749770350331655718750081155309000766544,False,,,True,False
433,52,0.0261418869040803084941496957019043334539989625538465694751687,-0.111633113095919691505850304298095666546001037446153430524831,0.0715354717260200771235374239254760833634997406384616423687922,-0.0135040043333139928623563868819428491418587898010265047958161,0.432613900959047128644439506276441401539936711370640377266573,False,,,True,False
434,178,0.0126378825707663156317933088199614843121401727528200646793526,-0.125137117429233684368206691180038515687859827247179935320647,0.225659470642691578907948327204990371078035043188205016169838,0.0269933580726203587125002256470696525078361388124466002270529,1.97417745652798528509910224030110596958254535274948562635516,False,,,False,True
435,117,0.0396312406433866743442935344670311368199763115652666649064056,-0.0981437593566133256557064655329688631800236884347333350935944,0.156157810160846668586073383616757784204994077891316666226601,-0.00962012280779625326172353634761574116857750999162018824521694,0.785946765212500795775781781592090058610419014223481747581725,False,,,True,False
436,68,0.0300111178355904210825699981194153956513988015736464766611886,-0.107763882164409578917430001880584604348601198426353523338811,0.0925027794588976052706424995298538489128497003934116191652972,-0.0162349556592966039000374256709870847087261999608026888637431,0.534694302692257569045407555263762564717961130585325122504738,False,,,True,False
437,145,0.0137761621762938171825325724484283109426726016128437877974456,-0.123998837823706182817467427551571689057327398387156212202554,0.184694040544073454295633143112107077735668150403210946949361,0.00528987048888142693040837763950295906635112642827299895866989,1.25348296885418996611797318631543227913872864741254031472986,False,,,True,True
438,36,0.0190660326651752441129409500879312700090237280411167867561155,-0.118708967334824755887059049912068729990976271958883213243885,0.0497665081662938110282352375219828175022559320102791966890289,-0.0125006814336186148808002276166881430745897239505768794627934,0.390540985596904000507364802282836747015974298768308956786244,False,,,True,False
439,193,0.00656535123155662923214072247124312693443400409053990729332206,-0.131209648768443370767859277528756873065565995909460092706678,0.242891337807889157308035180617810781733608501022634976823331,0.050405919179510850146786732800201381134675798199153259548806,5.99938862334382156856406427867374182216809833697725205300774,False,,,False,True
440,97,0.056971270411067479378927455271444508069109802289693166842128,-0.080803729588932520621072544728555491930890197710306833157872,0.135492817602766869844731863817861127017277450572423291710532,-0.0240173079941927781515228617679751035040525487876403007015947,0.562873384441036667593474053725446481534098593918239933072935,False,,,True,False
441,136,0.0329539624168747012274045935034694045650572535020528661405333,-0.104821037583125298772595406496530595434942746497947133859467,0.178238490604218675306851148375867351141264313375513216535133,0.00197907857515458644125243936190066064294965924338379392338946,1.05521911856386442254631417080735629030261975535070852065668,False,,,True,True
442,62,0.0349330409920292876686570328653700652080069127454366600639228,-0.102841959007970712331342967134629934791993087254563339936077,0.0862332602480073219171642582163425163020017281863591650159807,-0.0136880209280374562460307598045477776484942791133150878374327,0.485481975534480667686873710636861703551739433448765448177745,False,,,True,False
443,164,0.02124502006399183142262627306082228755951263363212157222649,-0.11652997993600816857737372693917771244048736636787842777351,0.210311255015997957855656568265205571889878158408030393056623,0.0162301185395819000398743185207187003542619465695213943940554,1.45976707188568233063898086052761586975517291816036259573042,False,,,True,True
444,87,0.0374751386035737314625005915815409879137745802016429666205454,-0.100299861396426268537499408418459012086225419798357033379455,0.118118784650893432865625147895385246978443645050410741655136,-0.0229178538229250362896306058067453957510490677180443783702078,0.549028743705668971153315803841988871856746168332066562229799,False,,,True,False
445,124,0.0145572847806486951728699857747955921627255124835985882503376,-0.123217715219351304827130014225204407837274487516401411749662,0.158639321195162173793217496443698898040681378120899647062584,0.00254078343842627573259751866466175266462684718271851166473836,1.12776565926988649431012673323436804051056123698495822084029,False,,,True,True
446,39,0.017098068219074970905467504439457344827352359666317099915076,-0.120676931780925029094532495560542655172647640333682900084924,0.053024517054768742726366876109864336206838089916579274978769,-0.0069353763495553935444231577272902483688246613434483912668076,0.435308880215423618141277794439175511498148070294797990524458,False,,,True,False
447,181,0.0101626918695195773610443467121670964585276983228687086482684,-0.127612308130480422638955653287832903541472301677131291351732,0.228790672967379894340261086678041774114631924580717177162067,0.0258501832360130617976611882007843685561023740400688965027367,1.85405025778751625532075635500311681570944392022179101424601,False,,,False,True
448,103,0.0360128751055326391587055349129514650146300723629376051510051,-0.101762124894467360841294465087048534985369927637062394848995,0.137753218776383159789676383728237866253657518090734401287751,-0.0176638165481380857167724983694867650544430207750598770822885,0.627176663110250151813300472771487359700562746876462441524114,False,,,True,False
449,56,0.0183490585573945534419330365434646999601870515878777280687166,-0.119425941442605446558066963456535300039812948412122271931283,0.0745872646393486383604832591358661749900467628969694320171791,-0.00429672154827129284825706661066688837262205963583855099971877,0.754558974394181013178269147587583875247455371305874428702586,False,,,True,False
450,154,0.0140523370091232605936759699327978115875649919520391770689978,-0.123722662990876739406324030067202188412435008047960822931002,0.196013084252280815148418992483199452896891247988009794267249,0.00216130967573229367721656172070675670801493975234194566276149,1.04884350051755840766789843324090526453861688488165929556158,False,,,True,True
451,77,0.0162136466848555542708925316535045682955799317043811227317593,-0.121561353315144445729107468346495431704420068295618877268241,0.10030341167121388856772313291337614207389498292609528068294,-0.010264630715103952502318609495816836882359599895374511321255,0.581656811806871166910668525657595911926630181834552936403544,False,,,True,False
452,172,0.00594901596975160176857392215768773141322033180900661141050427,-0.131825984030248398231426077842312268586779668190993388589496,0.216487253992437900442143480539421932853305082952251652852626,0.0241249247454029091473694239596145811019931013456146308111633,2.63645564525972251085514597036305599802902106370273441117427,False,,,False,True
453,113,0.0300739407151545109159433461173023125152134331546212422216676,-0.107701059284845489084056653882697687484786566845378757778332,0.148768485178788627728985836529325578128803358288655310555417,-0.00846085085420077439704922706258751438749389404851665028128747,0.754582179840077607424227782459838281816449974013025908996892,False,,,True,False
454,43,0.0216130898609537365188941190547147981277195391061045919403801,-0.11616191013904626348110588094528520187228046089389540805962,0.059153272465238434129723529763678699531929884776526147985095,-0.0174534092305449075797271374396866321083569915525058495708014,0.414923771180619357447691026115553218641380731177899613700194,False,,,True,False
455,141,0.00415968063040882893916698161502816601936254755359874236957869,-0.133615319369591171060833018384971833980637452446401257630421,0.177289920157602207234791745403757041504840636888399685592395,0.00432083563589077831227244054204857921892654316381498686476837,1.30134410644925906011398043919939658791237064018662885189166,False,,,True,True
456,67,0.00848051626629960725143942215707674523828909071741372923434706,-0.129294483733700392748560577842923254761710909282586270765653,0.0858701290665749018128598555392691863095722726793534323085868,-0.00465102761288894613937845685199911687112573916694664398825151,0.478726652425770325749832263487195224623815164553630521402609,False,,,True,False
457,194,0.00382948865341066111206096530507762836716335155046708524609555,-0.133945511346589338887939034694922371632836648449532914753904,0.243457372163352665278015241326269407091790837887616771311524,0.039488422884227413983706201135029494167138831733988560391904,3.32796555009127426448188161975214170244396712564021309269869,False,,,False,True
458,96,0.0433179115376380750957671664401071225343021832844556456379996,-0.0944570884623619249042328335598928774656978167155443543620004,0.1308294778844095187739417916100267806335755458211139114095,-0.0203958421723054058756962592650266037857346521738207846657306,0.593793857895533144106984769489738885279472045752237377382477,False,,,True,False
459,131,0.022922069365332669220070907175080518748567531110634860972269,-0.114852930634667330779929092824919481251432468889365139027731,0.169480517341333167305017726793770129687141882777658715243067,0.000856369139453115692112712013067592148496333609424930227924838,1.02808385556065246004708640878599307375776121679980204322332,False,,,True,True
460,49,0.0237784385047857849121836191881481108970638647200597912001938,-0.113996561495214215087816380811851889102936135279940208799806,0.0671946096261964462280459047970370277242659661800149478000485,-0.0113498602799639524993825035825733418082151045255722974056603,0.475689786000638096275220766768823743188384226243631852321188,False,,,True,False
461,166,0.0124285782248218324128011156055747690888487601944874937945336,-0.125346421775178167587198884394425230911151239805512506205466,0.210607144556205458103200278901393692272212190048621873448633,0.0176995042823053013685000298328431141668347749345190820105534,1.53041525187585831060564122828871576585610281580487792019308,False,,,True,True
462,83,0.0301280825071271337813011454384178832556835351290065758050869,-0.107646917492872866218698854561582116744316464870993424194913,0.111282020626781783445325286359604470813920883782251643951272,-0.0215711348853275042350908865994573868166267416391185517062857,0.532530005288871274147152478600806403591210139234126666986663,False,,,True,False
463,149,0.00855694762179962954621025883896049643905679348988802409880127,-0.129218052378200370453789741161039503560943206510111975901199,0.1883892369054499073865525647097401241097641983724720060247,0.0129203914849258862808337430637521261460775482286197806873912,2.05354502720431139642828007080705997210733314688426655734494,False,,,True,True
464,37,0.0214773391067255158270440019027126225851343417185078047861925,-0.116297660893274484172955998097287377414865658281492195213808,0.0516193347766813789567610004756781556462835854296269511965481,-0.014647399600733456038959880881434301182375885304399231816079,0.447355154046656442899637457967549753845864908633672823365921,False,,,True,False
465,185,0.00682993950599205978808412102127832140275845641410857297011348,-0.130945060494007940211915878978721678597241543585891427029887,0.232957484876498014947021030255319580350689614103527143242528,0.0461076698891488709001048317814953019603686543779230919211243,4.88525296126713557019882120605682328554648127211811020747241,False,,,False,True
466,106,0.0529376093951409306881889528027736233631271107920316648912378,-0.0848373906048590693118110471972263766368728892079683351087622,0.145734402348785232672047238200693405840781777698007916222809,-0.0223970932118250447647220033039840584791991672565733264696371,0.598550974824919022624523285846833920685428438245840584200768,False,,,True,False
467,69,0.0305405161833158859234669494987895648839279435354583384216007,-0.107234483816684114076533050501210435116072056464541661578399,0.0938851290458289714808667373746973912209819858838645846054002,-0.0172227855245576104877415758695525888388842917560937206909404,0.551958815445228309870407058485652702019131870869097981635594,False,,,True,False
468,137,0.0133177306587582754357253736292369760450436517793646177306603,-0.12445726934124172456427462637076302395495634822063538226934,0.174579432664689568858931343407309244011260912944841154432665,-0.000285099858834404530956563271813946184477481855296583615508902,0.987353613241666279435192681854038939893621576982619882937846,False,,,True,False
469,30,0.0130326307999238709047688103574230298605661699240680341151514,-0.124742369200076129095231189642576970139433830075931965884849,0.0407581576999809677261922025893557574651415424810170085287879,-0.00770400845767990427121036393483036851532854912084591967443998,0.402868198166098479247032217492472555409149272213933222892643,False,,,True,False
470,176,0.00532862234224396663355844642259266134523762080322211444071144,-0.132446377657756033366441553577407338654762379196777885559289,0.221332155585560991658389611605648165336309405200805528610178,0.0333631588331396720457151335678530699878454233871501356411699,2.54908394013404138723881998104256128063633223025199395695363,False,,,False,True
471,92,0.0386917811753836386792735799904457313330830441903722500818814,-0.0990832188246163613207264200095542686669169558096277499181186,0.12467294529384590966981839499761143283327076104759306252047,-0.0238230658331334168191011008271114412094968780052018749566341,0.556042577468945251188700169719855054419993658303596578975185,False,,,True,False
472,122,0.0148687153422502218601724791633342901235861661851703751252472,-0.122906284657749778139827520836665709876413833814829624874753,0.156217178835562555465043119790833572530896541546292593781312,-0.00010967445675048981498030167929409177517815158087804732192445,0.996318046959283801245608693934532890254359338779795354400257,False,,,True,False
473,51,0.0147590408854997320451921774840401983484080146042923278033228,-0.123015959114500267954807822515959801651591985395707672196677,0.0674397602213749330112980443710100495871020036510730819508307,-0.0115703804529617752043962768103229130321614625252007132382756,0.442220000865605919047029031883857129582862265542211111626996,False,,,True,False
474,199,0.00318866043253795684079590067371728531624655207909161456504716,-0.134586339567462043159204099326282714683753447920908385434953,0.249547165108134489210198975168429321329061638019772903641262,0.0446598836412674554574471507622475131293878618284474647189723,14.1586464071919263894141934801536529377301900590106411431171,False,,,False,True
475,110,0.0478485440738054122982430514359647984456344139075390792840194,-0.0899264559261945877017569485640352015543655860924609207159806,0.149462136018451353074560762858991199611408603476884769821005,-0.0127163443461750813977066402940651098046137851841012019134994,0.678159168469872258797710065395976359837392526512002795300353,False,,,True,False
476,156,0.0351321997276303309005364111418996886410206287234378773705201,-0.10264280027236966909946358885810031135897937127656212262948,0.20378304993190758272513410278547492216025515718085946934263,0.0182499904534733955235591079404968178098285383270510352256005,1.62999333376715928576136863204635728474530343901340709296576,False,,,True,True
477,74,0.0533821901811037264240955190823965064508491670504889125961206,-0.0843928098188962735759044809176034935491508329495110874038794,0.10584554754527593160602387977059912661271229176262222814903,-0.0288782846926022597132249814425638630841080479131948962450306,0.449354943547158700646691171769350892890172989549247160797195,False,,,True,False
478,143,0.0245039054885014667108705376398326433667411191372940163510899,-0.11327109451149853328912946236016735663325888086270598364891,0.184875976372125366677717634409958160841685279784323504087772,0.00791153691851355421501237496643888870794785649621889387568656,1.30689184666982542066558133006364352110337823576802864437755,False,,,True,True
479,56,0.0324154424070150209258829126062715320746889756335129102267765,-0.105359557592984979074117087393728467925311024366487089773223,0.0781038606017537552314707281515678830186722439083782275566941,-0.0178081132956174200937205857476124662370822175669836186922876,0.443631022906017894959594386435457124176668877048222374368208,False,,,True,False
480,170,0.0146073291113976008321623268586590658376067580665292915344889,-0.123167670888602399167837673141340934162393241933470708465511,0.216151832277849400208040581714664766459401689516632322883622,0.0285767000804590861710235457018205786752858966193254943704603,2.12450805061651682061726402953181345009667632589708273098205,False,,,False,True
481,97,0.0431840291918566870031858725604796445128926546858547859049492,-0.0945909708081433129968141274395203554871073453141452140950508,0.132046007297964171750796468140119911128223163671463696476237,-0.0237795763648167404808446398659541080672728518676098359247128,0.544551529765979389670531494859994359982650782945905396926856,False,,,True,False
482,37,0.0194044528270399465223412326945255364456198028182449499802364,-0.118370547172960053477658767305474463554380197181755050019764,0.0511011132067599866305853081736313841114049507045612374950591,-0.00820779144558839905281951568297351956998286447726155637659584,0.575251993760589531255031291647491040169892225909880391628547,False,,,True,False
483,188,0.0111966613814515474695217170115520168756369383409833936036406,-0.126578338618548452530478282988447983124363061659016606396359,0.23779916534536288686738042925288800421890923458524584840091,0.0450100453168265505090495228396579883739233646563795742785858,4.99906049621612308861974009839689841943606280231673365708435,False,,,False,True
484,118,0.0562067066982780979785712398512100052495603029973629678822263,-0.0815682933017219020214287601487899947504396970026370321177737,0.161551676674569524494642809962802501312390075749340741970557,-0.0161798568651275075681484795247159923674609309787310116062859,0.706000162065216810951152979778057179546765210173316223435,False,,,True,False
485,80,0.0400268498331505904104227603264940128820993720186319562759404,-0.0977481501668494095895772396735059871179006279813680437240596,0.110006712458287647602605690081623503220524843004657989068985,-0.0152071433625310615451216564330379662356644334754078989583139,0.583377777638461799787315376782344218459114964726841872434864,False,,,True,False
486,151,0.0248197064706195288653011038934560466464349385432240573176265,-0.112955293529380471134698896106543953353565061456775942682374,0.194954926617654882216325275973364011661608734635806014329407,0.00605034870514716877224264490158370751461517387051282595854651,1.18030969884112783307103939404155337515308547348504152665901,False,,,True,True
487,60,0.030870055175766697637543748795039754161050112413736883276173,-0.106904944824233302362456251204960245838949887586263116723827,0.0827175137939416744093859371987599385402625281034342208190433,-0.0165922893202114309237118602556599189962497926122450501890951,0.529834063443925999793735912237982951299343768926621863034019,False,,,True,False
488,132,0.0142777658555552667138318885393798351648003198014918330870779,-0.123497234144444733286168111460620164835199680198508166912922,0.168569441463888816678457972134844958791200079950372958271769,-0.00206951264000137259382620815618587362069097818095306069766771,0.912080565481444770598302168953502986739295951577105622549086,False,,,True,False
489,29,0.0122082532155538941200056803831939615441093416205387723894102,-0.12556674678444610587999431961680603845589065837946122761059,0.0393020633038884735300014200957984903860273354051346930973526,-0.00192643112523750379706374338568964656489510409368455270724797,0.651690182478767476415754212921652987803263531563202170842644,False,,,True,False
490,180,0.0102818220903163903229419369975043149792142375268542196821623,-0.127493177909683609677058063002495685020785762473145780317838,0.227570455522579097580735484249376078744803559381713554920541,0.0324053215231587579380990904932692132151546908026016554550616,2.32403960294414033990191226949144934583486195972325435904163,False,,,False,True
491,100,0.0426871436134751482610410274907735281943689283294558751372239,-0.0950878563865248517389589725092264718056310716705441248627761,0.135671785903368787065260256872693382048592232082363968784306,-0.0250854368510789086814835996683643462942259008281467124671142,0.552725884090412902334462824068751344565292582332031274951992,False,,,True,False
492,68,0.0176017067623962395795574278224091819001430275013091626701097,-0.12017329323760376042044257217759081809985697249869083732989,0.0894004266905990598948893569556022954750357568753272906675274,-0.00445688682588075855197341770316879897150746321768588732892414,0.756305260298638062876292462856191847767313449955420620628154,False,,,True,False
493,162,0.0131448199365154810275840101192403829286355642836232753411856,-0.124630180063484518972415989880759617071364435716376724658814,0.205786204984128870256896002529810095732158891070905818835296,0.00999768312639657486562990952260583975786965733083593105813487,1.24708866984103994848018741551481102337605805802044016102605,False,,,True,True
494,113,0.0231425030629120558932139196418462226865052216144592063993204,-0.11463249693708794410678608035815377731349477838554079360068,0.14703562576572801397330347991046155567162630540361480159983,-0.00577267734914306748458549041158141997471225021930399351285106,0.814081888360438855948489659294893721923806752690264604461314,False,,,True,False
495,43,0.0173698257137689884086284292302648027117929713951552128864694,-0.120405174286231011591371570769735197288207028604844787113531,0.0580924564284422471021571073075662006779482428487888032216173,-0.0112460512599861993955774214829306752571024744326236997262437,0.401591196738124061023791410191533411702512876337506373084789,False,,,True,False
496,191,0.00612377445378278901305100774733412745469049696253151316022568,-0.131651225546217210986948992252665872545309503037468486839774,0.240280943613445697253262751936833531863672624240632878290056,0.04022522791534290362535441989058024363194978793763566051507,3.7304007312513785100064817905414044360914431834556629867826,False,,,False,True
497,89,0.0463490023691256926384054276379143710866402849001671736752956,-0.0914259976308743073615945723620856289133597150998328263247044,0.122837250592281423159601356909478592771660071225041793418824,-0.0143550381057083987744523558819182456911167482978864036392976,0.644826175507093457027340545496738480373378532920940063783682,False,,,True,False
498,140,0.031993964263417293863953071755996125395523536602280770035998,-0.105781035736582706136046928244003874604476463397719229964002,0.182998491065854323465988267938999031348880884150570192509,-0.00274988352041619014522520749977256570831796574222526438683642,0.932728765102662977167429939377655338144316813086984600441886,False,,,True,False
499,58,0.0292440807430011037187278642562235596872055708600555056491616,-0.108530919256998896281272135743776440312794429139944494350838,0.0798110201857502759296819660640558899218013927150138764122904,-0.0142014902325494240073648656996958700032518927033600813533985,0.503366071225774047734745000032085615831443132979519582710869,False,,,True,False
500,167,0.0150425905104516797113629985565276896839536781566954242957631,-0.122732409489548320288637001443472310316046321843304575704237,0.212510647627612919927840749639131922420988419539173856073941,0.0218386257704882923777744307525695527524368169892299785544061,1.7020399626942928853390772577834845727163368057882648931715,False,,,True,True
501,105,0.0368812162809399720891374293090972424363904951459254028501692,-0.100893783719060027910862570690902757563609504854074597149831,0.140470304070234993022284357327274310609097623786481350712542,-0.017588139615982807229564489873339115658694375526907561045678,0.619851160083210682907727880877130295443670470729652154875486,False,,,True,False
502,37,0.0192930766649571648595729394357581267776961196190178418044912,-0.118481923335042835140427060564241873222303880380982158195509,0.0510732691662392912148932348589395316944240299047544604511228,-0.00964114196482729560793140041927632010458749433396274493990186,0.518183557427472025453510930842160320864707298744480585167087,False,,,True,False
503,148,0.00965193470012986925164153901648180667310862528505509686458931,-0.128123065299870130748358460983518193326891374714944903135411,0.187412983675032467312910384754120451668277156321263774216147,0.00836887067348935841009363085272443783349283620370414011770953,1.23441660490543918200990653710964264058499988891148900447538,False,,,True,True
504,76,0.0180208053736192276617351698692062445066014614887592369822988,-0.119754194626380772338264830130793755493398538511240763017701,0.0995052013434048069154337924673015611266503653721898092455747,-0.0131865789971978190403770805190855084489188964949939342753757,0.519661967308681289064030274822614374238591088223724923070673,False,,,True,False
505,196,0.00483422637642140862135808935012073605768256499376530270692315,-0.132940773623578591378641910649879263942317435006234697293077,0.246208556594105352155339522337530184014420641248441325676731,0.0483760230419875852320747083266547860334902333799931217913867,5.85492321097402558879219523675733974317528291294117831804788,False,,,False,True
506,121,0.0532102494184089938534327976767755220911727983737584244983099,-0.0845647505815910061465672023232244779088272016262415755016901,0.164552562354602248463358199419193880522793199593439606124577,-0.0137985017196005505630742278367254241377291919016375679117747,0.734464282365374958659688902364811242459399281648224634206156,False,,,True,False
507,64,0.0394117476988084432903585698400500979534436064721208565865352,-0.0983632523011915567096414301599499020465563935278791434134648,0.0898529369247021108225896424600125244883609016180302141466338,-0.0161598371126855968475941442074258071423571941465504551170829,0.512204635197685667288779398324320492740046182166668673023736,False,,,True,False
508,158,0.0232519105861228464427644256326242908110864123255704014694523,-0.114523089413877153557235574367375709188913587674429598530548,0.203312977646530711610691106408156072702771603081392600367363,0.0147908004807004039799146180891991234594524373392851987597887,1.41238633707599083388458902374506463083726902118860710455159,False,,,True,True
509,95,0.038042711066823250422679043721823414270538849664855600229241,-0.099732288933176749577320956278176585729461150335144399770759,0.12826067776670581260566976093045585356763471241621390005731,-0.020345410510111437099544111649916448120009397913264191697481,0.556579340379124258142268120932479817518912126099259725864597,False,,,True,False
510,40,0.01769730055671181332313493207190696615052945175159140853176,-0.12007769944328818667686506792809303384947054824840859146824,0.05442432513917795333078373301797674153763236293789785213294,-0.00202459853540516122195821238185034568941633985716105599986759,0.736721758674672362271514400730993653280932901309097875343397,False,,,True,False
511,177,0.0156727020213066521011767196900566204611131118944303525318924,-0.122102297978693347898823280309943379538886888105569647468108,0.225168175505326663025294179922514155115278277973607588132973,0.02581609644753527369223992840972347241794321207077054876387,1.99234398362287415505711460413801222556772435079176628196079,False,,,False,True
512,127,0.0414887984688419257934166480997800928790563239652009012957624,-0.0962862015311580742065833519002199071209436760347990987042376,0.169122199617210481448354162024945023219764080991300225323941,-0.00665361466106220541118650544370253337117465824083946930418996,0.858836363463717123507177361087909839378813721647145005156045,False,,,True,False
513,79,0.0348351838077797203822301426560775595078816657243614319915724,-0.102939816192220279617769857343922440492118334275638568008428,0.107458795951944930095557535664019389876970416431090357997893,-0.0225598991708477046040132564727864242590570719398799097946724,0.494547406380026536853555415789207427031344374343218956117758,False,,,True,False
514,144,0.0122752846369320157782168861832911352488245937844815221969,-0.1254997153630679842217831138167088647511754062155184778031,0.183068821159233003944554221545822783812206148446120380549225,0.0108281132132723523411021505584105632819216144785579794399518,1.53680231611355169274606818398040113709141412577948364673095,False,,,True,True
515,51,0.0231033978502043681193190367417016985307462082630395016368518,-0.114671602149795631880680963258298301469253791736960498363148,0.0695258494625510920298297591854254246326865520657598754092129,-0.0138038593183398179615961208667435048421280747262177364026945,0.417215432024648999937378553272953310487786075792317354258473,False,,,True,False
516,184,0.00929953853186455015772291587495819368861813353682176523415722,-0.128475461468135449842277084125041806311381866463178234765843,0.232324884632966137539430728968739548422154533384205441308539,0.0382476507585106831462566568546437262086454494811574206208093,2.94513804735314786337312557167711198887874953523823407710431,False,,,False,True
517,103,0.0475471892903752333039795727296019198972635830179791858549666,-0.0902278107096247666960204272703980801027364169820208141450334,0.140636797322593808325994893182400479974315895754494796463742,-0.0247548138478354034014770228817672950089383679437341869769092,0.562520112250853590882329455346848326471843388311144067235198,False,,,True,False
518,67,0.0227923754425398299025025498478346248883252150742449988780573,-0.114982624557460170097497450152165375111674784925755001121943,0.0894480938606349574756256374619586562220813037685612497195143,-0.00826269458755306981301893003339911723840826419188992155319421,0.645987267172240062537382555441230131934686369459052396070918,False,,,True,False
519,163,0.0145296808549867600894836198144355076499169508823550773248631,-0.123245319145013239910516380185564492350083049117644922675137,0.207382420213746690022370904953608876912479237720588769331216,0.0145397030811386395788666616722601662286053803828257716645891,1.40418879579846883505768697326008152410177090328815845176375,False,,,True,True
520,116,0.0290693839361253996683502814866956738785223312651808489894522,-0.108705616063874600331649718513304326121477668734819151010548,0.152267345984031349917087570371673918469630582816295212247363,-0.00695581566083886298044407997311389937473791792946286327897123,0.783631656707074170370562929561862562275535200413904558159084,False,,,True,False
521,38,0.022113568275286536687906201513581774503784413335717985710481,-0.115661431724713463312093798486418225496215586664282014289519,0.0530283920688216341719765503783954436259461033339294964276202,-0.0167678935710610118631697569944343204883100567359204287649355,0.385275945207927366820949835478125022404515208511620962344669,False,,,True,False
522,189,0.00534567470422552482473644451914745401547435659979755694554544,-0.132429325295774475175263555480852545984525643400202443054455,0.237586418676056381206184111129786863503868589149949389236386,0.0460013320717307030663475395552942054802740871876802885811872,4.70069740753188117803342568363076139571836174925851632904757,False,,,False,True
523,90,0.0513470067759562278910839840744416594957484437874778455267327,-0.0864279932240437721089160159255583405042515562125221544732673,0.125336751693989056972770996018610414873937110946869461381683,-0.018146940008178238404082391989338241391141054222366778599646,0.601673389592473403109157275022118874935534877778056413550369,False,,,True,False
524,136,0.0332000667677779894870015920851034181046073895651110669270867,-0.104574933232222010512998407914896581895392610434888933072913,0.178300016691944497371750398021275854526151847391277766731772,-0.00268719433909154094009163697307050058759841646974864346504062,0.932732071685396779136679044308905439046271362200218199743545,False,,,True,False
525,59,0.0305128724286864485469099551120329175170089730953624234620461,-0.107262127571313551453090044887967082482991026904637576537954,0.0813782181071716121367274887780082293792522432738406058655115,-0.0156357768018731913604935759928969483427385519651137690195687,0.483460059421653927553897479056971272883871350763623150449868,False,,,True,False
526,154,0.0148770956268132571864163791191359691742704211302486544424774,-0.122897904373186742813583620880864030825729578869751345557523,0.196219273906703314296604094779783992293567605282562163610619,0.00901698225255777329948694639515968314993823852826970190427428,1.23563363523421324055719258890453083953705967811010093270813,False,,,True,True
527,81,0.0238940778793710304859033255142956523242086596585183563467517,-0.113880922120628969514096674485704347675791340341481643653248,0.107223519469842757621475831378573913081052164914629589086688,-0.0157257065032626548456215296639691733890406653282022944184973,0.547503296169894746032290350231406943387108359063205050098233,False,,,True,False
528,173,0.0081683713761083756402817958503264789351679943303160619282544,-0.129606628623891624359718204149673521064832005669683938071746,0.218292092844027093910070448962581619733791998582579015482064,0.029270392840067476330901175336310251637322193934320595197935,3.47373072229682002126866383325983784212091580862804290213904,False,,,False,True
529,108,0.0374387642161758519711829711866367305724901882646366571261894,-0.100336235783824148028817028813363269427509811735363342873811,0.144359691054043962992795742796659182643122547066159164281547,-0.0119698990186325252774207032681675440611889961377042575383939,0.683585949355084310433638822013930131175036424603897736043481,False,,,True,False
530,44,0.0254688651975433266937622679184691865113011921269323995877955,-0.112306134802456673306237732081530813488698807873067600412205,0.0613672162993858316734405669796172966278252980317330998969489,-0.0196228241606972051059524433301879947052709435823377873843319,0.413139226877542471413723817436244653063183566697613741387982,False,,,True,False
531,141,0.00584604103684612158780982458828119180603024854459461220346357,-0.131928958963153878412190175411718808193969751455405387796536,0.177711510259211530396952456147070297951507562136148653050866,0.00466475953095836517492877297426023214034302192617920699064043,1.27575282010392645306171488200503928998963897385224247423748,False,,,True,True
532,69,0.010510800567804486762738597562541423946373270470773819194104,-0.127264199432195513237261402437458576053626729529226180805896,0.088877700141951121690684649390635355986593317617693454798526,-0.00711746813807936253965976070492179622045898337627077445922029,0.476060101456825574918476324521731950884130314526686326259734,False,,,True,False
533,197,0.00339333242972512422307883685761962772591428709450304473488371,-0.134381667570274875776921163142380372274085712905496955265116,0.247098333107431281055769709214404906931478571773625761183721,0.0443280666648306433650752513993846242427277728785882695655729,4.966157221160658412035024903873553019015382740633031185139,False,,,False,True
534,119,0.0477213990945557675881540882570042519686420599730913143004566,-0.0900536009054442324118459117429957480313579400269086856995434,0.160680349773638941897038522064251062992160514993272828575114,-0.0142197407787713068819273931946735435050909030843985553462928,0.734970543295031265385678283560126183434113971483777271299073,False,,,True,False
535,86,0.0335016583157844607062266950623307084635511568886927589541638,-0.104273341684215539293773304937669291536448843111307241045836,0.115875414578946115176556673765582677115887789222173189738541,-0.0131017163510209035998046514532579352821575850040944345692568,0.582589351039139447922484494232033043305574693432321479787242,False,,,True,False
536,165,0.020399941964763557106422043609072773181393571884598324384907,-0.117375058035236442893577956390927226818606428115401675615093,0.211349985491190889276605510902268193295348392971149581096227,0.0191729979506027671043669728066875731965641458250188435660731,1.93642907648815467254705536490892207079023738676688156829794,False,,,True,True
537,55,0.03957293991536632421078901641576034637795771770961716795098,-0.09820206008463367578921098358423965362204228229038283204902,0.078643234978841581052697254103940086594489429427404291987745,-0.0183161691359508465755945483530808305318135029211607175179221,0.49400694424616991643740335941546662732899639508353197444033,False,,,True,False
538,131,0.021256770779415477635194468062679515846144214788456450433058,-0.116518229220584522364805531937320484153855785211543549566942,0.169064192694853869408798617015669878961536053697114112608264,-0.0052289069781293526309374647921003927889150549213274608323418,0.846503908590457249640680895913122711358422550401451828992819,False,,,True,False
539,33,0.0160278638012861250042570032705791230572291598671289896007162,-0.121747136198713874995742996729420876942770840132871010399284,0.045256965950321531251064250817644780764307289966782247400179,-0.00452592506124155372953108689897116317737992893015617633530402,0.477220635651671002738518382539139340635233303806393551123757,False,,,True,False
540,181,0.0115019387400445712747259163716079598798492309369728132654122,-0.126273061259955428725274083628392040120150769063027186734588,0.229125484685011142818681479092901989969962307734243203316353,0.0368571455341829014215983266966350299174319166667603374859848,2.80588852268089041531724932087107344175121170190923133345887,False,,,False,True
541,99,0.048359084274227472696324243068242989797281147603733150751397,-0.089415915725772527303675756931757010202718852396266849248603,0.135839771068556868174081060767060747449320286900933287687849,-0.0251677592226280370688104385087153766563872875479442068958596,0.537746139848455942291583831733111669339704995115824002547481,False,,,True,False
542,148,0.0231913250515994356275138045595276131408938600557889438555373,-0.114583674948400564372486195440472386859106139944211056144463,0.190797831262899858906878451139881903285223465013947235963884,0.0152980191054810801268401427040440116025878579132236542557187,1.55909230828060455712633434524183840383294337087658936482474,False,,,True,True
543,71,0.038489344157080515754353947263571624743481717969012598111256,-0.099285655842919484245646052736428375256518282030987401888744,0.098372336039270128938588486815892906185870429492253149527814,-0.0293667742622407807700582738183269698755880572144293199793061,0.450835921854315440398484449553688211274334219405668038699473,False,,,True,False
544,115,0.00912256989483973498429567344524465486789366075458327813194986,-0.12865243010516026501570432655475534513210633924541672186805,0.146030642473709933746073918361311163716973415188645819532987,0.000438730149563528416415274870784262319810225407008597972133324,1.02765317490266768732096364548165544395408455181237740948779,False,,,True,True
545,26,0.00956130004440326340071094831602891718770388616159187610408319,-0.128213699955596736599289051683971082812296113838408123895917,0.0348903250111008158501777370790072292969259715403979690260208,-0.00345580670546326340673813634795638210085711798011408448777075,0.451351085131831722119449462245979300198977245273266680419089,False,,,True,False
546,187,0.00610549333893999999397281196807253508684676818147779161631244,-0.131669506661060000006027188031927464913153231818522208383688,0.235276373334734999998493202992018133771711692045369447904078,0.0317224838135878247594743049254078908549517562306242487710849,2.24475507960943549597580782715071642764868337108051686616681,False,,,False,True
547,89,0.0378279771525278247534471168934804259417985244121020403873973,-0.0999470228474721752465528831065195740582014755878979596126027,0.120706994288131956188361779223370106485449631103025510096849,-0.0159549536285876251713261666870983936875220063927427727499159,0.59561897246614565992106509537649317835331651631958899185089,False,,,True,False
548,156,0.0218730235239401995821209502063820322542765180193592676374814,-0.115901976476059800417879049793617967745723481980640732362519,0.20046825588098504989553023755159550806356912950483981690937,0.0141254468308598273091754080607158635983447715901185672426618,1.53881720883639329506594381543717367411754954042241956715202,False,,,True,True
549,59,0.0359984703548000268912963582670978958526212896094778348801433,-0.101776529645199973108703641732902104147378710390522165119857,0.0827496175887000067228240895667744739631553224023694587200358,-0.0190651290156763205668824617461466186703270774038548236485951,0.502191654594218838920090796649531351896786631836322782558184,False,,,True,False
550,128,0.0169333413391237063244138965209512771822942122056230112315482,-0.120841658660876293675586103479048722817705787794376988768452,0.164233335334780926581103474130237819295573553051405752807887,-0.00545267935554670098716999473406160491938056587656393904697402,0.827279814304843565655883795251053081324974262530197005607913,False,,,True,False
551,38,0.0114806619835770053372439017868896722629136463290590721845741,-0.126294338016422994662756098213110327737086353670940927815426,0.0503701654958942513343109754467224180657284115822647680461435,-0.0046292684459500027455409199120751843164245218255407851659734,0.571712933430913672827446718773086356000509047135028490859872,False,,,True,False
552,174,0.00685139353762700259170298187481448794648912450351828701860073,-0.130923606462372997408297018125185512053510875496481712981399,0.21921284838440675064792574546870362198662228112587957175465,0.0267538697328383174325035248105930838310439240119395693797522,1.95456052335236180429054929163433867339313950685724622688324,False,,,False,True
553,102,0.033605263270465320024206506685407571777533048515457856398353,-0.104169736729534679975793493314592428222466951484542143601647,0.135901315817616330006051626671351892944383262128864464099588,-0.0214616988824502013615766716188785145845486778134414593817609,0.594393494548628545977359784117427642492293662343392804791299,False,,,True,False
554,68,0.0121435643880151186626298350665290571929843707020163970165921,-0.125631435611984881337370164933470942807015629297983602983408,0.088035891097003779665657458766632264298246092675504099254148,-0.00796804631991117116010090193520467285462193282964713073261397,0.638243227528170970867149642596236113606949414774183080105264,False,,,True,False
555,193,0.00417551806810394750252893313132438433836243787236926628397813,-0.133599481931896052497471066868675615661637562127630733716022,0.242293879517025986875632233282831096084590609468092316570995,0.0432265754299407091208240023253340200148900061506351770857752,6.01834772962092766166843951305621735588584062860188344142299,False,,,False,True
556,122,0.0474020934980446566233529354566584043532524440230044433697533,-0.0903729065019553433766470645433415956467475559769955566302467,0.164350523374511164155838233864164601088313111005751110842438,-0.0126287428489271067808971246186529961232049226604446084022987,0.758315868517899962548390807861546460053633040931077855682533,False,,,True,False
557,80,0.0347733506491175498424558108380054082300475213625598349674546,-0.103001649350882450157544189161994591769952478637440165032545,0.108693337662279387460613952709501352057511880340639958741864,-0.0105693769954749181731732294896026876817370834181533094539954,0.661191572683161161666844008786679644095516849342477815319863,False,,,True,False
558,151,0.0242039736536426316692825813484027205483104379444065255134592,-0.113571026346357368330717418651597279451689562055593474486541,0.194800993413410657917320645337100680137077609486101631378365,0.0060931477826206564343445808078469244723971818058365416636742,1.21073720895140758612242847993431073458299864609650094498577,False,,,True,True
559,48,0.0302971214362632881036271621562496450207076197502430671771334,-0.107477878563736711896372837843750354979292380249756932822867,0.0675742803590658220259067905390624112551769049375607667942833,-0.0162085988457493328900686949370885380263454026368531238784533,0.451027218745330523868180857214150002582974366394048314887123,False,,,True,False
560,167,0.0140885225905139552135584672191611069943622171133899432986801,-0.12368647740948604478644153278083889300563778288661005670132,0.21227213064762848880338961680479027674859055427834748582467,0.0248728110537145234865902459239682230550586431569549627546801,1.88481660231252577687810145860923908407069399520758746796296,False,,,True,True
561,97,0.0389613336442284787001487131431293300494208602703449060533602,-0.0988136663557715212998512868568706699505791397296550939466398,0.13099033341105711967503717828578233251235521506758622651334,-0.0225623470741402730893906197895549226873901149844046192699385,0.560740806049164095977491044326808083102327612509562855074047,False,,,True,False
562,136,0.0163989865700882056107580933535744073620307452859402867834217,-0.121376013429911794389241906646425592637969254714059713216578,0.174099746642522051402689523338393601840507686321485071695855,0.00800361589504668397771940658726546544815005915092863071133451,1.38762889151967681678757569620857963794331735046756442377611,False,,,True,True
563,57,0.0244026024651348895884774999408398728101808044368689174947562,-0.113372397534865110411522500059160127189819195563131082505244,0.0773506506162837223971193749852099682025452011092172293736891,-0.0200560929942220655099771947548137824793072461936309305524922,0.390122660212384212600955666970777526982488087595636452157062,False,,,True,False
564,183,0.00434650947091282407850030518602609033087355824323798694226402,-0.133428490529087175921499694813973909669126441756762013057736,0.229836627367728206019625076296506522582718389560809496735566,0.0373552827413655675936213830734825610407528084472470674455924,5.20574193321048625040246269471075393064899366703591612094334,False,,,False,True
565,108,0.0417017922122783916721216882595086513716263666904850543878564,-0.0960732077877216083278783117404913486283736333095149456121436,0.145425448053069597918030422064877162842906591672621263596964,-0.0171297033489830571146116755890838496987155263470377005448702,0.661983854326465728285903619420125383216575865186248849796739,False,,,True,False
566,71,0.0245720888632953345575100126704248016729108403434473538429862,-0.113202911136704665442489987329575198327089159656552646157014,0.0948930222158238336393775031676062004182277100858618384607466,-0.014740764857539531268544735003816919525086577131345873650085,0.549041454908276082806131077337693662979018318521422495392903,False,,,True,False
567,159,0.00983132400575580328896527766660788214782426321210148019290123,-0.127943675994244196711034722333392117852175736787898519807099,0.201207831001438950822241319416651970536956065803025370048225,0.0144986868622186359614463857259851850203117319200206941338256,2.04792853101555269549762902928985941972861550522851844275176,False,,,True,True
568,40,0.0243300108679744392504116633925930671681359951321221743267268,-0.113444989132025560749588336607406932831864004867877825673273,0.0560825027169936098126029158481482667920339987830305435816817,-0.0139395011566591151361486118339743199133549748902880033941423,0.485028137172112336016003571685269955079342978781120432397489,False,,,True,False
569,126,0.0103905097113153241142630515586187472547810202418341709325845,-0.127384490288684675885736948441381252745218979758165829067415,0.160097627427828831028565762889654686813695255060458542733146,-0.00538665728635277265520468781172376502557026919956329205367705,0.840659468437080204849706158295705633514370921659387825401505,False,,,True,False
570,19,0.00500385242496255145905836374689498222921075104227087887890745,-0.132771147575037448540941636253105017770789248957729121121093,0.0250009631062406378647645909367237455573026877605677197197269,-0.00216829001837141125302882449365106749130923883834513332509675,0.377311801690443871106358962136572773500776933555259823491274,False,,,True,False
571,199,0.0028355624065911402060295392532439147379015122039257455538107,-0.134939437593408859793970460746756085262098487796074254446189,0.249458890601647785051507384813310978684475378050981436388453,0.0547373079813395888182370467764811296188082275408927411304329,8.8497663162615313970084735382388987441171430917721631535355,False,,,False,True
572,91,0.0575728703879307290242665860297250443567097397448184866842436,-0.0802021296120692709757334139702749556432902602551815133157564,0.128143217596982682256066646507431261089177434936204621671061,-0.022789354746983195443023220146976436729405007320779395940095,0.537788727638025533852423055617208389559184139533639919882951,False,,,True,False
573,143,0.0347835156409475335812433658827486076273047324240390907441486,-0.102991484359052466418756634117251392372695267575960909255851,0.187445878910236883395310841470687151906826183106009772686037,0.00391431536416256479103088595028854787499982389975174521499938,1.10556422270992876974967520016559455267517519107984706475569,False,,,True,True
574,65,0.038697831005110098372274251833037155502304556323790835959148,-0.099077168994889901627725748166962844497695443676209164040852,0.090924457751277524593068562958259288875576139080947708989787,-0.0187542940640484891468782381092577231280403260433970559556688,0.49052855827099755905680327056817381179978805728980870805136,False,,,True,False
575,171,0.0199435369410616092253960137237794323742642302803937800034791,-0.117831463058938390774603986276220567625735769719606219996521,0.21873588423526540230634900343094485809356605757009844500087,0.0279952689172104408564438542730656774783628396784498374822827,2.06426849216190341231358288425897667250474160314253597700672,False,,,False,True
576,105,0.0479388058582720500818398679968451098526270699588436174857618,-0.0898361941417279499181601320031548901473729300411563825142382,0.14323470146456801252045996699921127746315676748971090437144,-0.020687707343879043151501295264976826024763212746715002950011,0.592880997435183519337358104067275394762397966401704676620745,False,,,True,False
577,49,0.0272510985143930069303385727318682838278638572121286145357508,-0.110523901485606993069661427268131716172136142787871385464249,0.0680627746285982517325846431829670709569659643030321536339377,-0.0113229705993266131257371468456611925007774257055366671287483,0.551471189962941598503314612020082493723874616216163182484059,False,,,True,False
578,152,0.0159281279150663938046014258862070913270864315065919474070025,-0.121846872084933606195398574113792908672913568493408052592998,0.193982031978766598451150356471551772831771607876647986851751,0.00815689762368329939709504569077339896614437315974613994662076,1.21040634399217718369773083593217834848279342630968114944378,False,,,True,True
579,82,0.0240850255387496932016964715769804902932308046663380873536233,-0.113689974461250306798303528423019509706769195333661912646377,0.108521256384687423300424117894245122573307701166584521838406,-0.0144292814633922895384442386420712877727882710499746387318247,0.568341076666966492688416172553571215509320783559705888639698,False,,,True,False
580,179,0.0096557440753574036632522329349092025204425336163634486217986,-0.128119255924642596336747767065090797479557466383636551378201,0.22616393601883935091581305823372730063011063340409086215545,0.0337687376341880918803942591993776805500252734083253742248773,2.8530540381671121704991128224837773128114131795286474062203,False,,,False,True
581,117,0.0434244817095454955436464921342868830704678070246888228466759,-0.0943505182904545044563535078657131169295321929753111771533241,0.157106120427386373885911623033571720767616951756172205711669,-0.0114073203023590654056348048395295194881436489706448291605883,0.741947979138557406616314531072576850093457843232810553522302,False,,,True,False
582,58,0.0320171614071864301380116872947573635823241580540439936860876,-0.105757838592813569861988312705242636417675841945956006313912,0.0805042903517966075345029218236893408955810395135109984215219,-0.020129906473926048323530750494963057616491532792210888833892,0.467586768981227197575852407489898901213826326039484849827434,False,,,True,False
583,138,0.0118872549332603818144809367997943059658326252618331048521956,-0.125887745066739618185519063200205694034167374738166895147804,0.175471813733315095453620234199948576491458156315458276213049,0.00344371150126432548463721287091214340645570916315740646791919,1.17551393446231981567549953757130081719714107455593700603979,False,,,True,True
584,33,0.0153309664345247072991181496707064493722883344249905113201148,-0.122444033565475292700881850329293550627711665575009488679885,0.0450827416086311768247795374176766123430720836062476278300287,-0.00776975117145764153665222448160805970028727121081266738641485,0.390421510094297579777461804225068787049286148548650091415734,False,,,True,False
585,190,0.00756121526306706576246592518909838967200106321417784393369997,-0.1302137847369329342375340748109016103279989367858221560663,0.239390303815766766440616481297274597418000265803544460983425,0.0454193113326318627255301758773767289971555277724209558965529,4.17524039865348426962944288234038050735310889124366997400482,False,,,False,True
586,96,0.0529805265956989284879961010664751186691565909865987998302529,-0.0847944734043010715120038989335248813308434090134012001697471,0.133245131648924732121999025266618779667289147746649699957563,-0.0262079176578945055057723475874395245618782622402908005464008,0.541091999775466786373914020374710909514941787009242187821762,False,,,True,False
587,129,0.0267726089378044229822237534790355941072783287463079992838521,-0.111002391062195577017776246520964405892721671253692000716148,0.167943152234451105745555938369758898526819582186576999820963,0.000165890939587918401377706828257026649547421545203204569572728,1.00445372963797173852609075977052509929208031917062620788658,False,,,True,True
588,67,0.0269384998773923413836014603072926207568257502915112038534248,-0.110836500122607658616398539692707379243174249708488796146575,0.0904846249693480853459003650768231551892064375728778009633562,-0.0114604004229949617690261562635335353088050826192528006774898,0.544556723489710699541422813742364787983948247107807224189851,False,,,True,False
589,164,0.015478099454397379614575304043759085448020667672258403175935,-0.122296900545602620385424695956240914551979332327741596824065,0.208869524863599344903643826010939771362005166918064600793984,0.0121508240702308846520937462631591339547567678418091257686753,1.41459227471352821968395410685353701737358974401775369794105,False,,,True,True
590,85,0.0276289235246282642666690503069182194027774355140675289446103,-0.11014607647537173573333094969308178059722256448593247105539,0.113157230881157066066667262576729554850694358878516882236153,-0.017103258213865358119597404811304472344580922119074045122787,0.534811347766518035780896209027616362152801087903405436927749,False,,,True,False
591,27,0.0105256653107629061470716454956137470581965133949934838218233,-0.127249334689237093852928354504386252941803486605006516178177,0.0363814163276907265367679113739034367645491283487483709554558,-0.0033558928239524534054857933350809139033095627781088099603908,0.594583264660828897453131667902766681299534255668887580243682,False,,,True,False
592,176,0.00716977248681045274158585216053283315488695061688467386143246,-0.130605227513189547258414147839467166845113049383115326138568,0.221792443121702613185396463040133208288721737654221168465358,0.0288352882582256439454998438250523019999855579401246448609336,2.11939587198516219445709933114664635831018184571334388720061,False,,,False,True
593,112,0.0360050607450360966870856959855851351548725085570093187223661,-0.101769939254963903312914304014414864845127491442990681277634,0.149001265186259024171771423996396283788718127139252329680592,-0.0150862792473174306317714300917781167290751336947349830004014,0.664787750828278896172520818280844423447852896657673328256464,False,,,True,False
594,53,0.0209187814977186660553142658938070184257973748622743357219647,-0.116856218502281333944685734106192981574202625137725664278035,0.0714796953744296665138285664734517546064493437155685839304912,-0.00972174421664008532875216439356047377632003312069987583086328,0.588212384438743864519946400588272198479473633450521235471296,False,,,True,False
595,148,0.0111970372810785807265621015002465446494773417415744598911015,-0.126577962718921419273437898499753455350522658258425540108899,0.187799259320269645181640525375061636162369335435393614972775,0.00157525332025412838664002116975488491989326758454022483023723,1.03691689736848682132008998084870991218168574910607526932415,False,,,True,True
596,76,0.0127722906013327091132021226700014295693706093261146847213387,-0.125002709398667290886797877329998570430629390673885315278661,0.0981930726503331772783005306675003573923426523315286711803347,-0.00757504835612255985132965151856484256173959538955332452509614,0.53882797284348790661597896276060520736292758535982009759813,False,,,True,False
597,195,0.00519724224521014926187247115143658700763101393656136019624255,-0.132577757754789850738127528848563412992368986063438639803757,0.245049310561302537315468117787859146751907753484140340049061,0.0445007503741964813248436651303849555929941107639642730130646,4.25817832932034002469571797414330159386390089314911150030928,False,,,False,True
598,121,0.0496979926194066305867161362818215426006251247005256332093072,-0.0880770073805933694132838637181784573993748752994743667906928,0.163674498154851657646679034070455385650156281175131408302327,-0.013618034869287825400394909897806112339163061429784357090176,0.740953362577708436436676892802083674111610363302796971985594,False,,,True,False
599,62,0.0360799577501188051863212263840154302614620632707412761191311,-0.101695042249881194813678773615984569738537936729258723880869,0.0865199894375297012965803065960038575653655158176853190297828,-0.0128672595305408441031128994281179579917000351727900366170651,0.544423426968638893903225733809198933260450283592946054646316,False,,,True,False
600,157,0.023212698219577961083208326955897472269762028097951239502066,-0.114562301780422038916791673044102527730237971902048760497934,0.202053174554894490270802081738974368067440507024487809875517,0.0129217483192038062675790812074268368485464050887510232519251,1.34392567096339473838912058824326999192400119591264720155133,False,,,True,True
601,98,0.0361344465387817673507874081633243091183084331867022627539911,-0.101640553461218232649212591836675690881691566813297737246009,0.131533611634695441837696852040831077279577108296675565688498,-0.0180538081039727792972919517125011221203918258950842525915852,0.552999380806068084891880919755375489145935781576215179090504,False,,,True,False
602,37,0.0180806384348089880534954564508231869979166072916180101624059,-0.119694361565191011946504543549176813002083392708381989837594,0.0507701596087022470133738641127057967494791518229045025406015,-0.00705407899392863664024093387560596042856181677828807000716229,0.516293977545903601920526962418377089111378157249078202052611,False,,,True,False
603,182,0.0110265594408803514132545225752172265693547905133299401552436,-0.126748440559119648586745477424782773430645209486670059844756,0.230256639860220087853313630643804306642338697628332485038811,0.0324230682384321710568123633771770870327739427328201697464993,2.68920413573450366235903934088748130057318960363296502852435,False,,,False,True
604,127,0.0434496276793125224700668859523943136021287332461501099017428,-0.0943253723206874775299331140476056863978712667538498900982572,0.169612406919828130617516721488098578400532183311537527475436,-0.00511308850992520110499781323855959734109465176645933573889953,0.888274178473977993662150784302236252347204655208224300481758,False,,,True,False
605,79,0.0383365391693873213650690727138347162610340814796907741628433,-0.0994384608306126786349309272861652837389659185203092258371567,0.108334134792346830341267268178458679065258520369922693540711,-0.0220726365481213698267581599867732335433829002518802415665662,0.500728288447428637712892691182346800525225502055847669486118,False,,,True,False
606,144,0.0162639026212659515383109127270614827176511812278105325962771,-0.121511097378734048461689087272938517282348818772189467403723,0.184065975655316487884577728181765370679412795306952633149069,0.00897958617056599208530667498163164303630331017750664386016162,1.36301233129112624635060921327293627017186971400916137608876,False,,,True,True
607,50,0.0252434887918319436236175877086931257539544914053171764564387,-0.112531511208168056376382412291306874246045508594682823543561,0.0688108721979579859059043969271732814384886228513292941141097,-0.0164625737955272066922173733518393094582377952491567886984594,0.419078579051263518160064712703342400987246622668727577475744,False,,,True,False
608,169,0.00878091499630473693140021435685381629571669615616038775797937,-0.128994085003695263068599785643146183704283303843839612242021,0.213445228749076184232850053589213454073929174039040096939495,0.0264306039362734125503526303877940885857965657466892701501442,1.98260208808718400621444418330665377642474202694157956615553,False,,,False,True
609,102,0.0352115189325781494817528447446479048815132619028496579081236,-0.102563481067421850518247155255352095118486738097150342091876,0.136302879733144537370438211186161976220378315475712414477031,-0.0199023272154641158821146708037796631328589713201145762710332,0.591657029708834822575904929164873144208369004452135716357019,False,,,True,False
610,32,0.0153091917171140335996381739408682417486542905827350816370905,-0.12246580828288596640036182605913175825134570941726491836291,0.0438272979292785083999095434852170604371635726456837704092726,-0.0100186663271200139858500463033330638993893260704364756029133,0.421692454434004054616861431858176086335976047379030935194992,False,,,True,False
611,188,0.00529052538999401961378812763753517784926496451229860603417717,-0.132484474610005980386211872362464822150735035487701393965823,0.236322631347498504903447031909383794462316241128074651508544,0.0439147488086775381373003119882251488550198565777839909455582,4.18082293807181729072307203413433082000861594292022666933319,False,,,False,True
612,114,0.0492052741986715577510884396257603267042848210900825969797354,-0.0885697258013284422489115603742396732957151789099174030202646,0.154801318549667889437772109906440081676071205272520649244934,-0.0132667831160438829272628277998650323117930460820627678482925,0.727924257082590730897413428919907507598942130107332221890879,False,,,True,False
613,70,0.0359384910826276748238256118258952943924917750080198291314429,-0.101836508917372325176174388174104705607508224991980170868557,0.0964846227706569187059564029564738235981229437520049572828607,-0.0164174440320425217227229446586031222160943360420708989609991,0.540107972887667339013081573393684696198714938683218215937509,False,,,True,False
614,151,0.0195210470505851531011026671672921721763974389659489301704438,-0.118253952949414846898897332832707827823602561034051069829556,0.193630261762646288275275666791823043044099359741487232542611,0.00539025820181160333187758983095160648768357635038141985317628,1.12928977247846418125648562479084495627846604864079401170267,False,,,True,True
615,87,0.0249113052523967564329802569982437786640810153163303500236201,-0.11286369474760324356701974300175622133591898468366964997638,0.114977826313099189108245064249560944666020253829082587505905,-0.0161029080919645121645418263914037027504914555599511362621327,0.566503564298809512388808288398776733687744436492072220022328,False,,,True,False
616,25,0.00880839716043224426843843060684007591358955975637921376148738,-0.128966602839567755731561569393159924086410440243620786238513,0.0334520992901080610671096076517100189783973899390948034403718,-0.00310962292935785383304357551019523923856009480196305263386039,0.583061765931690756038708680999280598481247993485361790845943,False,,,True,False
617,173,0.00569877423107439043539485509664483667502946495441616112762699,-0.132076225768925609564605144903355163324970535045583838872373,0.217674693557768597608848713774161209168757366238604040281907,0.0235617650005845364666576067130407906011408639691729308406745,1.87327644670299204462151975270124738570731371924412607654761,False,,,False,True
618,123,0.0292605392316589269020524618096856272761703289235890919683015,-0.108514460768341073097947538190314372723829671076410908031698,0.161065134807914731725513115452421406819042582230897272992075,-0.00342861741987030176691324291444654119761848981006554514799842,0.9060061833186179043475229692673090332111078900651917991499,False,,,True,False
619,57,0.0258319218117886251351392188952390860785518391135235468203031,-0.111943078188211374864860781104760913921448160886476453179697,0.0777079804529471562837848047238097715196379597783808867050758,-0.022460124870598269926665566205160907687574483196230978275842,0.420272102661744423945226800724556951480304738567091471605487,False,,,True,False
620,194,0.00337179694119035520847365269007817839097735591729256854446113,-0.134403203058809644791526347309921821609022644082707431455539,0.243342949235297588802118413172519544597744338979323142136115,0.0514458439694475011413508149367666391246441034014015027248998,8.91382093847541945872232443148677378544944740178110552935135,False,,,False,True
621,99,0.054817640910637856349824467626844817515621459318694071269361,-0.082957359089362143650175532373155182484378540681305928730639,0.13745441022765946408745611690671120437890536482967351781734,-0.0184435212691685453540988561665119981578735275980381931308426,0.61655398283134016729295432171343545061219297596924435370245,False,,,True,False
622,138,0.0363741196414693109957256114603328193577479317206558781385183,-0.101400880358530689004274388539667180642252068279344121861482,0.18159352991036732774893140286508320483943698293016396953463,0.000813534246692166836463239847679746495919380727157245723350879,1.02052256445913549499500075282514968948838202929573809995764,False,,,True,True
623,67,0.0371876538881614778321888513080125658536673124478131238618692,-0.100587346111838522167811148691987434146332687552186876138131,0.0930469134720403694580472128270031414634168281119532809654673,-0.0179972000998158212178288659286565639217846882910786310794904,0.459001073986266965991864621417890808754601894454868465309816,False,,,True,False
624,161,0.0191904537883456566143599853793560019318826241567344927823788,-0.118584546211654343385640014620643998068117375843265507217621,0.206047613447086414153589996344839000482970656039183623195595,0.0146381426433558424565602410723481533454197124483245267328321,1.54096069389846805979528432556825916550281462045032227697111,False,,,True,True
625,84,0.0338285964317014990709202264517041552773023366050590195152109,-0.103946403568298500929079773548295844722697663394940980484789,0.113457149107925374767730056612926038819325584151264754878803,-0.0194237223124785869378465762805435202980041102386906564825317,0.552132682329775447018593908081067585981625668725628610994578,False,,,True,False
626,34,0.0144048741192229121330736501711606349792982263663683630326792,-0.123370125880777087866926349828839365020701773633631636967321,0.0461012185298057280332684125427901587448245565915920907581698,-0.0063359795089018381757589508596104979173723561058524606111431,0.58526028133054939751990983839014999536969157057819346091215,False,,,True,False
627,178,0.00806889461032107395731469931155013706192587026051590242153613,-0.129706105389678926042685300688449862938074129739484097578464,0.224517223652580268489328674827887534265481467565128975605384,0.0341838678236982254935612169116070357727863215800472906329354,2.68315541170455856483260501241372561419277978536900711738842,False,,,False,True
628,116,0.0422527624340192994508759162231571728347121918405631930544715,-0.0955222375659807005491240837768428271652878081594368069455285,0.155563190608504824862718979055789293208678047960140798263618,-0.0180045577934202386982822897741466275555058720211386528317785,0.653795823074104621527591372988693871670755031650834070084491,False,,,True,False
629,55,0.024248204640599060752593626449010545279206319819424540222693,-0.113526795359400939247406373550989454720793680180575459777307,0.0748120511601497651881484066122526363198015799548561350556733,-0.00950523770216708374478375521218320173629761833030732445640812,0.609164574190839392410420256936692914070156998923828867896272,False,,,True,False
630,146,0.0147429669384319770078098712368273435429087014891172157662849,-0.123032033061568022992190128763172656457091298510882784233715,0.186185741734607994251952467809206835885727175372279303941571,0.00154849814745305488052260884610854660487957431565349038768161,1.03458796065055852177021241379098051512194785255786606800359,False,,,True,True
631,93,0.0162914650858850318883324800829358901477882758047707061539665,-0.121483534914114968111667519917064109852211724195229293846033,0.120322866271471257972083120020733972536947068951192676538492,-0.0109076480455969445479747773796619001938524631106854933939333,0.56881455300799263644955462311904937105601024770939356618844,False,,,True,False
632,20,0.00538381704028808734035770270327398995393581269408521276003323,-0.132391182959711912659642297296726010046064187305914787239967,0.0263459542600720218350894256758184974884839531735213031900083,-0.00229133457980397756235603728226502817250513002458323262495935,0.414207353018258067796177283948078657676445520828052330764922,False,,,True,False
633,198,0.00309248246048410977800166542100896178143068266950198013507388,-0.134682517539515890221998334578991038218569317330498019864926,0.248273120615121027444500416355252240445357670667375495033768,0.046139897168197378363389068490099381517518626638410851055961,7.20873847342265209434629012658362788214723662608600673525354,False,,,False,True
634,126,0.0492323796286814881413907339111083432989493093079128311910349,-0.0885426203713185118586092660888916567010506906920871688089651,0.169808094907170372035347683477777085824737327326978207797759,-0.00721620176880824899727073969052906922374440398331114161562102,0.845308864506397050967805445607039825483481593252741437475532,False,,,True,False
635,73,0.0420161778598732391441199942205792740752049053246016895754139,-0.0957588221401267608558800057794207259247950946753983104245861,0.101754044464968309786029998555144818518801226331150422393853,-0.0162699105836046181487622573366442043295774793462623090491659,0.517896513812455950509519986553581373965954570328017713877381,False,,,True,False
636,158,0.0257462672762686209953577368839350697456274259783393805262479,-0.112028732723731379004642263116064930254372574021660619473752,0.203936566819067155248839434220983767436406856494584845131562,0.0105889184726860610609077734536739208543918095428970861752635,1.27150024747625998331328431939678318190752549197020530608676,False,,,True,True
637,103,0.0363351857489546820562655103376089906000192355212364667015115,-0.101439814251045317943734489662391009399980764478763533298489,0.137833796437238670514066377584402247650004808880309116675378,-0.0127113807254744410189156080466229291832862573196638389116012,0.663374566658822634630282568035051399539990918793290225368833,False,,,True,False
638,45,0.0236238050234802410373499022909860614167329782015726277899103,-0.11415119497651975896265009770901393858326702179842737221009,0.0621559512558700602593374755727465153541832445503931569474776,-0.00901196332330423347584325287610468873599913483918643985105002,0.473540278552643794970858775235761406000051772357693711241673,False,,,True,False
639,171,0.0146118417001760075615066494148813726807338433623861879388602,-0.12316315829982399243849335058511862731926615663761381206114,0.217402960425044001890376662353720343170183460840596546984715,0.0181853753853323783371702466008515175824977344836345708434008,1.52546458572878529680754333751610822534125803877742772968751,False,,,False,True
640,85,0.0327972170855083858986768960157328902632315778460207587822611,-0.104977782914491614101323103984267109736768422153979241217739,0.114449304271377096474669224003933222565807894461505189695565,-0.0143364327856336355570414854783411134099880151603081440231078,0.635915331129983951133263251266012429615283872871088787276629,False,,,True,False
641,136,0.0184607842998747503416354105373917768532435626857126147591533,-0.119314215700125249658364589462608223146756437314287385240847,0.174615196074968687585408852634347944213310890671428153689788,-0.000322912741454978743681624771575823111444350215050946813300494,0.99059484416187824133367344980011929333151903781251267829646,False,,,True,False
642,53,0.0181378715584197715979537857658159537417992124706616679458528,-0.119637128441580228402046214234184046258200787529338332054147,0.0707844678896049428994884464414539884354498031176654169864632,-0.00745876097063372406893945310796335786400149873651260352077831,0.428994503800787663005436729959469019151715901108749655839923,False,,,True,False
643,185,0.0106791105877860475290143326578525958777977137341490644250745,-0.127095889412213952470985667342147404122202286265850935574926,0.233919777646946511882253583164463148969449428433537266106269,0.0338630669001717707775250584495453631371948447441757827549935,2.42296352412147987977823309946706267816218392677443555973638,False,,,False,True
644,111,0.044542177487957818306539391107397959014992558478324847180068,-0.093232822512042181693460608892602040985007441521675152819932,0.149885544371989454576634847776849489753748139619581211795017,-0.0183716057952624974189897285882935306162525744648461603973609,0.648932190391544705404915274311175294464086741198730375618421,False,,,True,False
645,68,0.0261705716926953208875496625191044283987399840134786867827071,-0.111604428307304679112450337480895571601260015986521313217293,0.0915426429231738302218874156297761070996849960033696716956768,-0.00897749621948717211663490576066864081642341939269704697168577,0.651036965928763512150777625604989242533907138193129657718628,False,,,True,False
646,153,0.0171930754732081487709147567584357875823165646207816398110213,-0.120581924526791851229085243241564212417683435379218360188979,0.195548268868302037192728689189608946895579141155195409952755,0.00365951095213086591660483836620638367868446466591610209456267,1.1448521004314876323599444175227663505070276226108488291005,False,,,True,True
647,37,0.020852586425339014687519595124642171261001029286697741905584,-0.116922413574660985312480404875357828738998970713302258094416,0.051463146606334753671879898781160542815250257321674435476396,-0.0110064613159005084418012959525851072190847874929196423269887,0.522831851296576635063829933178132567027904822784191590878137,False,,,True,False
648,129,0.00984612510943850624571829917205706404191624179377809957859526,-0.127928874890561493754281700827942935958083758206221900421405,0.163711531277359626561429574793014266010479060448444524894649,-0.00299911042149999886114667063309688853875448122775674426581685,0.891866748704574437744771396431532593924926243628305573439258,False,,,True,False
649,191,0.0068470146879385073845716285389601755031617605660213553127784,-0.130927985312061492615428371461039824496838239433978644687222,0.240461753671984626846142907134740043875790440141505338828195,0.0520466252047125062492824258879376668863590520209991138307588,8.3334257968151977472418523897557117996527144413423671028212,False,,,False,True
650,90,0.0588936398926510136338540544268978423895208125870204691435372,-0.0788813601073489863661459455731021576104791874129795308564628,0.127223409973162753408463513606724460597380203146755117285884,-0.0311157619523953388955664775770395575608822248288045736492992,0.49647493205691441670010814114454944464225501279994785441845,False,,,True,False
651,142,0.027777877940255674738287576849858284828638587758215895494238,-0.109997122059744325261712423150141715171361412241784104505762,0.18444446948506391868457189421246457120715964693955397387356,0.0116880944968789407533898629343256434174913382688189697694043,1.43708524507914148030168493092656136407536835387091732103482,False,,,True,True
652,61,0.0394659724371346154916774397841839282461299260270348652636423,-0.0983090275628653845083225602158160717538700739729651347363577,0.0861164931092836538729193599460459820615324815067587163159106,-0.0223561466565111825869526141636952475627062130735097179606602,0.439329321414879299018196552230397475741072657879029768553887,False,,,True,False
653,166,0.0171098257806234329047248256204886806834237129535251473029821,-0.120665174219376567095275174379511319316576287046474852697018,0.211777456445155858226181206405122170170855928238381286825746,0.0248551820669980154557407424125856785153999090773923742596812,1.88503352577241159439169477751337860364381236857302863567377,False,,,True,True
654,101,0.0419650078476214483604655680330743591988236220309175215626633,-0.0958099921523785516395344319669256408011763779690824784373367,0.136741251961905362090116392008268589799705905507729380390666,-0.0193624170670925067708923687560304009196496871194601545408796,0.577108091359730553009565145374121164248361308892260211827097,False,,,True,False
655,43,0.0226025907805289415895731992770439582791739349114573670217837,-0.115172409219471058410426800722956041720826065088542632978216,0.0594006476951322353973932998192609895697934837278643417554459,-0.0128752045629509500828372304064401116078658914711140292024186,0.454375072057727512900076764988607799326363766774466483607612,False,,,True,False
656,180,0.00972738621757799150673596887060384667130804344034333781936503,-0.128047613782422008493264031129396153328691956559656662180635,0.227431846554394497876683992217650961667827010860085834454841,0.0356439504252221270625598651024211751260503331237393754655398,2.83904237596424565794903004660401547524532778469990612425059,False,,,False,True
657,117,0.0453713366428001185692958339730250217973583765640827132849049,-0.0924036633571998814307041660269749782026416234359172867150951,0.157592834160700029642323958493256255449339594141020678321226,-0.0121139093225488151675650215722506547600631122536480654734941,0.753562559025692536251524135176752278523869839549019998041629,False,,,True,False
658,75,0.0332574273202513034017308124007743670372952643104346478114108,-0.104517572679748696598269187599225632962704735689565352188589,0.102064356830062825850432703100193591759323816077608661952853,-0.0193835172145162804649580761953789646224190840733793181626811,0.502877400240824620606251976749821758641762248992371027072683,False,,,True,False
659,149,0.0138739101057350229367727362053954024148761802370553296487297,-0.12390108989426497706322726379460459758512381976294467035127,0.189718477526433755734193184051348850603719045059263832412182,0.00886610382059570465882366306877813742275694138656369535338078,1.41383693898111464387683134891294211849949135475460782102701,False,,,True,True
660,51,0.0227400139263307275955963992741735398376331216236190250021105,-0.11503498607366927240440360072582646016236687837638097499789,0.0694350034815826818988990998185433849594082804059047562505276,-0.0186872459795213960336812978564215987052630302297426708072372,0.441741935798990363033680861956180240857804119401237228256562,False,,,True,False
661,174,0.00405276794680933156191510141775194113237009139387635419487322,-0.133722232053190668438084898582248058867629908606123645805127,0.218513191986702332890478775354437985283092522848469088548718,0.0344961386396422183693157177703054506257353017492185130981335,3.04558924863148226608862207230128161359820533201065744544568,False,,,False,True
662,95,0.0385489065864515499312308191880573917581053931430948672930067,-0.0992260934135484500687691808119426082418946068569051327069933,0.128387226646612887482807704797014347939526348285773716823252,-0.0232978036448957169203884408100242001723862346307242390629401,0.562138751374282773208227924482922183065491455792312665154317,False,,,True,False
663,127,0.0152511029415558330108423783780331915857191585123706282300666,-0.122523897058444166989157621621966808414280841487629371769933,0.162562775735388958252710594594508297896429789628092657057517,0.00327499896898614499678582922056277274763807928367036547725511,1.16790206890193080545707782791694461730391817355707620974731,False,,,True,True
664,35,0.0185261019105419780076282075985959643333572377960409937073217,-0.119248898089458021992371792401404035666642762203959006292678,0.0483815254776354945019070518996489910833393094490102484268304,-0.0151824243146176552223960303028682598305095830006100388638355,0.311912955334296140191280607305779600639369418378982813849999,False,,,True,False
665,196,0.00334367759592432278523217729572770450284765479543095484348621,-0.134431322404075677214767822704272295497152345204569045156514,0.245835919398981080696308044323931926125711913698857738710872,0.049046577444886877431418636529730085504191031055579366545537,5.72386123572121117465857395377711365346269444167423055917538,False,,,False,True
666,84,0.0523902550408112002166508138254577900070386858510103213890232,-0.0853847449591887997833491861745422099929613141489896786109768,0.118097563760202800054162703456364447501759671462752580347256,-0.0191086163086154684796263820928958009773575276765826789536868,0.569863460144320260060324564960055201299160850193610976117592,False,,,True,False
667,139,0.0332816387321957317370244317325619890296811581744276424353363,-0.104493361267804268262975568267438010970318841825572357564664,0.182070409683048932934256107933140497257420289543606910608834,-0.00132250722594035581615504122860635974962493165584378529701082,0.967432949056509760215219517878329005461704963610688968095273,False,,,True,False
668,63,0.0319591315062553759208693905039556292800562265185838571383255,-0.105815868493744624079130609496044370719943773481416142861675,0.0867397828765638439802173476259889073200140566296459642845814,-0.012959566954567836421875531872549210283352312575657465451828,0.519570290875628200121510829485717685890399399842264790225362,False,,,True,False
669,160,0.0189995645516875394989938586314064189967039139429263916864975,-0.118775435448312460501006141368593581003296086057073608313503,0.204749891137921884874748464657851604749175978485731597921624,0.0152274804898799985040480034978988547244935777236196677239761,1.42643049170527323625008249247224665764145046280007134546284,False,,,True,True
670,107,0.0342270450415675380030418621293052737211974916665460594104736,-0.103547954958432461996958137870694726278802508333453940589526,0.142306761260391884500760465532326318430299372916636514852618,-0.0146439190700444205361967487858269887157995184503179417270266,0.63343792547610650137159458037535452117519213777358563770666,False,,,True,False
671,42,0.019583125971523117466845113343478285005397973216228117683447,-0.118191874028476882533154886656521714994602026783771882316553,0.0573957814928807793667112783358695712513494933040570294208618,-0.0104017641904329371094188499051523301440610848973076787699648,0.401759293893634138033470476366339571858634288905818345295304,False,,,True,False
672,184,0.0091813617810901803574262634383259548613368883189204389134822,-0.128593638218909819642573736561674045138663111681079561086518,0.232295340445272545089356565859581488715334222079730109728371,0.0347756641978978330179950345819326390659154367253860872046243,2.65717779280895652536528309014597530596322632087863991925851,False,,,False,True
673,119,0.0439570259789880133754212980202585939272523250443065261181065,-0.0938179740210119866245787019797414060727476749556934738818935,0.159739256494747003343855324505064648481813081261076631529527,-0.00941208461556965706831987606006771428858198938900060788821947,0.79894903024864362058530220430706180643085579144609024005225,False,,,True,False
674,74,0.034544941363418356307101421960190879638670335655305918229887,-0.103230058636581643692898578039809120361329664344694081770113,0.101136235340854589076775355490047719909667583913826479557472,-0.0180733267412207265512288435190969028469575358486716820363712,0.512754654036181455281166643944200342525035352814169935262908,False,,,True,False
675,154,0.0164716146221976297558725784410939767917127998066342361935158,-0.121303385377802370244127421558906023208287200193365763806484,0.196617903655549407438968144610273494197928199951658559048379,0.0099657744932370402330797225181661208233190409702083301983611,1.36031072418253424118503831399724294481715481408883130648483,False,,,True,True
676,54,0.0264373891154346699889523009592600976150318407768425663918769,-0.111337610884565330011047699040739902384968159223157433608123,0.0741093472788586674972380752398150244037579601942106415979692,-0.0181519225171266720963017615071603946926675146041332906961015,0.47823612247045275752504627614378723790415976431657514281247,False,,,True,False
677,133,0.00828546659830799789265053945209970292236432617270927569577542,-0.129489533401692002107349460547900297077635673827290724304225,0.168321366649576999473162634863024925730591081543177318923944,0.00126150313614653949609929082323044836591316898037726794475322,1.07343255095885650356168837986103945239166783657874417263053,False,,,True,True
678,26,0.00954696973445453738874983027533015128827749515308654364052864,-0.128228030265545462611250169724669848711722504846913456359471,0.0348867424336136343471874575688325378220693737882716359101322,-0.0044115739285415323166340747212087299225589776857346237405727,0.417156204156664427080317233902524921282649689087278598680671,False,,,True,False
679,189,0.00513539580591300507211575555412142136571851746735191989995595,-0.132639604194086994927884244445878578634281482532648080100044,0.237533848951478251268028938888530355341429629366837979974989,0.0459519305638471767584093177735195227511406050255373906389747,4.48535166564722467802012941514263009177668893599512029770694,False,,,False,True
680,94,0.0510873263697601818305250733276409441168591224928893105389307,-0.0866876736302398181694749266723590558831408775071106894610693,0.130271831592440045457631268331910236029214780623222327634733,-0.0293386181159901790818395729917017027257682481396510146793289,0.517749634156995137064575764005055040083642821319918146417525,False,,,True,False
681,145,0.0217487082537700027486855003359392413910908743532382958596018,-0.116026291746229997251314499664060758608909125646761704140398,0.1866871770634425006871713750839848103477727185883095739649,0.0128389624323178008437520429939278467593343313217758838022619,1.45123093503025226517351081077817401410755329220699098232548,False,,,True,True
682,67,0.0345876706860878035924375433298670881504252056750141796618637,-0.103187329313912196407562456670132911849574794324985820338136,0.0923969176715219508981093858324667720376063014187535449154659,-0.021567766187004894783984790507316129308641308471202254382482,0.466472534671151675575602476553493551052058762418819630546934,False,,,True,False
683,169,0.0130199044990829088084527528225509588417838972038119252793816,-0.124755095500917091191547247177449041158216102796188074720618,0.214504976124770727202113188205637739710445974300952981319845,0.0273153673571917989379139905673591537222818316205584748702299,2.04913805773090422778568492239410878721701684829394153643113,False,,,False,True
684,104,0.0403352718562747077463667433899101125640657288243704001496115,-0.0974397281437252922536332566100898874359342711756295998503885,0.140083817964068676936591685847477528141016432206092600037403,-0.0167097879667794614290158329778698909729960594020576606037903,0.605095562473631956082675116451647358828599444519348178708335,False,,,True,False
685,45,0.0236254838894952463173509104120402215910696694223127395458213,-0.114149516110504753682649089587959778408930330577687260454179,0.0621563709723738115793377276030100553977674173555781848864553,-0.0182281661977289745314086832573681069749241591867002838261008,0.437250975353113222775112485068631626736915271408752272873277,False,,,True,False
686,177,0.00539731769176627178594222715467211461614551023561245571972041,-0.13237768230823372821405777284532788538385448976438754428028,0.22259932942294156794648555678866802865403637755890311392993,0.0346074049502609907503281449351947794544123702991779848745211,2.80270459268943402305523653493429430209832123987770988354502,False,,,False,True
687,115,0.0400047226420272625362703720898668940705578805347904405942416,-0.0977702773579727374637296279101331059294421194652095594057584,0.15375118066050681563406759302246672351763947013369761014856,-0.0121152405582626668462312843730441700096814062265030625626144,0.750298279967868010344016888767997835296862767514694801897131,False,,,True,False
688,76,0.0278894820837645956900390877168227240608764743082873780316271,-0.109885517916235404309960912283177275939123525691712621968373,0.101972370520941148922509771929205681015219118577071844507907,-0.020102421554413004396345275758595190248434657337002025412545,0.513374856977152179776719561509990194609530331218960860554883,False,,,True,False
689,150,0.00778706052935159129369381195822753381244181697128535261908212,-0.129987939470648408706306188041772466187558183028714647380918,0.189446765132337897823423452989556883453110454242821338154771,0.0130345876251910582858624815068840790782777446473418938009571,2.02204981633404669667433166857794221568852202483529564313612,False,,,True,True
690,38,0.0208216481545426495795562934651116128907195616186272464200393,-0.116953351845457350420443706534888387109280438381372753579961,0.0527054120386356623948890733662779032226798904046568116050098,-0.0184222229507506247036965442477817744338543732482893584048291,0.386345563037678754772114079297500437743338176932851037675199,False,,,True,False
691,199,0.00239942520379202487585974921732983845686518837033788801521016,-0.13537557479620797512414025078267016154313481162966211198479,0.249349856300948006218964937304332459614216297092584472003803,0.0588322621043786444409042336111788483876479653460595344761368,31.5051123312092778872475240970841778168475595135459690984073,False,,,False,True
692,98,0.0612316873081706693167639828285086868445131537163974224913469,-0.0765433126918293306832360171714913131554868462836025775086531,0.137807921827042667329190995707127171711128288429099355622837,-0.0209750890932726815852693427516357661240397371090554466375296,0.601006545131321605183683417015993064159046421084323118058628,False,,,True,False
693,130,0.0402565982148979877314946400768729207204734166073419758538173,-0.0975184017851020122685053599231270792795265833926580241461827,0.172564149553724496932873660019218230180118354151835493963454,-0.00405087584532636660560026645270147518473022282778681121979078,0.901391505820811172754954487486549831451146381771782279903142,False,,,True,False
694,62,0.0362057223695716211258943736241714455357431937795551646340265,-0.101569277630428378874105626375828554464256806220444835365973,0.0865514305923929052814735934060428613839357984448887911585066,-0.0144085914136453525663727010812115525458704735528976389291408,0.481674489135464057326613801830775720804714155192673809028332,False,,,True,False
695,163,0.0217971309559262685595216725429598929898727202266575257048857,-0.115977869044073731440478327457040107010127279773342474295114,0.209199282738981567139880418135739973247468180056664381426221,0.0144692272443100906056932692866218941092319918331912369742578,1.39335231010093883022097202784001182117346172315820510565148,False,,,True,True
696,86,0.0362663582002363591652149418295817870991047120598487626791435,-0.101508641799763640834785058170418212900895287940151237320857,0.116566589550059089791303735457395446774776178014962190669786,-0.0202828556650020549527465170748847808674659834970499481586634,0.557113903711518776120782148115570030776519089089690310715337,False,,,True,False
697,140,0.0159835025352343042124684247546970062316387285627988145204801,-0.12179149746476569578753157524530299376836127143720118547952,0.17899587563380857605311710618867425155790968214069970363012,0.00809074260463816249936035188828544312614238483729578263616501,1.39116196922802334905894750726916518938918744418380108395726,False,,,True,True
698,46,0.0240742451398724667118287766429824493577811134000945971566451,-0.113700754860127533288171223357017550642218886599905402843355,0.0635185612849681166779571941607456123394452783500236492891613,-0.0133368189829811750276777779290845533193450382488637521034028,0.400459355556557303058883648666168801914499039881911231549006,False,,,True,False
699,182,0.0107374261568912916841509987138978960384360751512308450532423,-0.127037573843108708315849001286102103961563924848769154946758,0.230184356539222822921037749678474474009609018787807711263311,0.0357867359530047694543475397804788349761875004249018097004116,2.67765748842088060266471923676001251140350062629479974310301,False,,,False,True
700,108,0.046524162109896061138498538494376731014623575576132654753654,-0.091250837890103938861501461505623268985376424423867345246346,0.146631040527474015284624634623594182753655893894033163688413,-0.0197105816575723197081767534885970390261541478668517937264757,0.63036298766043290691729500787278410474968912674405993722902,False,,,True,False
701,70,0.0268135804523237414303217850057796919884694277092808610271783,-0.110961419547676258569678214994220308011530572290719138972822,0.0942033951130809353575804462514449229971173569273202152567946,-0.0131873365710981404240451992326590352920259236983227788908871,0.550755070306946054977239805771757291811101475808411498619364,False,,,True,False
702,157,0.0136262438812256010062765857731206566964435040109580821362912,-0.124148756118774398993723414226879343303556495989041917863709,0.199656560970306400251569146443280164174110876002739520534073,0.00868491148713147287865904803370427824450702271327008378118998,1.43267493481965275101806745247295687185632556045295066241014,False,,,True,True
703,39,0.0223111553683570738849356338068249349409505267242281659174812,-0.115463844631642926115064366193175065059049473275771834082519,0.0543277888420892684712339084517062337352376316810570414793703,-0.00906971066463079862437870949640148083787962729710870526260736,0.586851547274362027792513561975952318072133798595291545973894,False,,,True,False
704,123,0.0132414447037262752605569243104234541030708994271194606548738,-0.124533555296273724739443075689576545896929100572880539345126,0.157060361175931568815139231077605863525767724856779865163718,-0.00582729430963597201482225121565691954778338576626139910013557,0.767953724597380732295155364182117275323144796955634293589726,False,,,True,False
705,192,0.00741415039409030324573467309476653455528751366085806155473823,-0.130360849605909696754265326905233465444712486339141938445262,0.241853537598522575811433668273691633638821878415214515388685,0.0497410814999102475367656454377033436275011696276865737005988,6.2137339030305475255199579518439903484983520900720014106525,False,,,False,True
706,90,0.057155231894000550782500318532469878182788683288544635255337,-0.080619768105999449217499681467530121817211316711455364744663,0.126788807973500137695625079633117469545697170822136158813834,-0.0274026657373612442038608059784986749098560764462029982746761,0.504394901936936432581675766151718975626062221671536971658915,False,,,True,False
707,136,0.0297525661566393065786395125539712032729326068423416369806609,-0.108022433843360693421360487446028796727067393157658363019339,0.177438141539159826644659878138492800818233151710585409245165,0.00564344516937672226161048427117952054751820405382362480187486,1.18383512111552651130769328114172795105981897916882980457602,False,,,True,True
708,58,0.0353960113260160288402499968251507238204508108961652617825357,-0.102378988673983971159750003174849276179549189103834738217464,0.0813490028315040072100624992062876809551127027240413154456339,-0.0177945035058885425621025256394339623926551319906960813252076,0.413375173932779316211897665334740360257815291654607784332219,False,,,True,False
709,171,0.0176015078201274862781474711857167614277956789054691804573281,-0.120173492179872513721852528814283238572204321094530819542672,0.218150376955031871569536867796429190356948919726367295114332,0.0251554815934357562683491789920338529594931579516733057894754,1.85630846214138840103952878199214383043129271763129524059684,False,,,False,True
710,101,0.0427569894135632425464966501777506143872888368571424862468035,-0.0950180105864367574535033498222493856127111631428575137531965,0.136939247353390810636624162544437653596822209214285621561701,-0.0207935462626141993880124665313157944141745579113543390265023,0.580680610197799237639360549716091047758189195602344922311246,False,,,True,False
711,43,0.0219634431509490431584841836464348199731142789457881472203013,-0.115811556849050956841515816353565180026885721054211852779699,0.0592408607877372607896210459116087049932785697364470368050753,-0.00839266690695578913896602210852988801143813818733040660975904,0.574322455767737008401715016959410689847317570748030161824563,False,,,True,False
712,151,0.0135707762439932540195181615379049319616761407584577406105422,-0.124204223756006745980481838462095068038323859241542259389458,0.192142694060998313504879540384476232990419035189614435152636,0.00723181858677019183596370517619587692965082817095464470103868,1.18862042273767630209838846434890015536555597729531059662406,False,,,True,True
713,78,0.0208025948307634458554818667141008088913269689294123853115809,-0.116972405169236554144518133285899191108673031070587614688419,0.102700648707690861463870466678525202222831742232353096327895,-0.0133075904618910473974582105776226777516867294930795552779637,0.53909398946094049898451138094498312618998885270981391218424,False,,,True,False
714,186,0.00749500436887239845802365613647813113964023943633283003361717,-0.130279995631127601541976343863521868860359760563667169966383,0.234373751092218099614505914034119532784910059859083207508404,0.0398064353942253831119827802458931613975450661579315995451994,3.31680676350384008224456742628222932586417678429513097239383,False,,,False,True
715,115,0.0473014397630977815700064363823712925371853055942644295788166,-0.0904735602369022184299935636176287074628146944057355704211834,0.155575359940774445392501609095592823134296326398566107394704,-0.0155370562066019057128913399277103116922161519813769953374209,0.685190180697871989528680163444644126719502710610314408708836,False,,,True,False
716,62,0.0317643835564958758571150964546609808449691536128874342413957,-0.106010616443504124142884903545339019155030846387112565758604,0.0854410958891239689642787741136652452112422884032218585603489,-0.0158533464200189484291635950620121377466585094345653279162879,0.524052310371265032029698583627089119627358431414648380078947,False,,,True,False
717,144,0.0159110371364769274279515013926488430983106441783221063251078,-0.121863962863523072572048498607351156901689355821677893674892,0.183977759284119231856987875348162210774577661044580526581277,0.0023953649076959134420319243943652422961512481016035336447964,1.10208648562371348885416740303084375303337187853152771848986,False,,,True,True
718,35,0.0183064020441728408699834257870140853944618922799256399699042,-0.119468597955827159130016574212985914605538107720074360030096,0.048326600511043210217495856446753521348615473069981409992476,-0.00961819930368736168434369170176674467320911371036829054492525,0.441881414953889814323770343783779023233530770872843728397143,False,,,True,False
719,175,0.00868820274048547918563973408524734072125277856955734942497891,-0.129086797259514520814360265914752659278747221430442650575021,0.220922050685121369796409933521311835180313194642389337356245,0.0348402525485906379600660449743870370259355197047407385456764,2.7260081238158529701316152073139304129851259187793833242441,False,,,False,True
720,94,0.0435284552890761171457057790596343777471882982742980879706553,-0.0942465447109238828542942209403656222528117017257019120293447,0.128382113822269029286426444764908594436797074568574521992664,-0.0252182968904909665274508028795476297936570475556808115355663,0.542853035430591734623220795849206827384601587927474468307946,False,,,True,False
721,127,0.018310158398585150618254976180086747953531250718617276435089,-0.119464841601414849381745023819913252046468749281382723564911,0.163327539599646287654563744045021686988382812679654319108772,0.000678537440559733669196274647386420010617898348562819841268546,1.02235736795942800045739091618523160397593698947221079209049,False,,,True,True
722,51,0.0189886958391448842874512508274731679641491490671800962763575,-0.118786304160855115712548749172526832035850850932819903723642,0.0684971739597862210718628127068682919910372872667950240690894,-0.0148325400545177625480352840916803627920873885925076846018351,0.399199590290805508030729374359652010310105102996607525640136,False,,,True,False
723,195,0.00415615578462712173941596673579280517206176047467241167452246,-0.133618844215372878260584033264207194827938239525327588325478,0.244789038946156780434853991683948201293015440118668102918631,0.0463917664826298331342672545578400000713602342662206691806493,6.12247288852003607250758529360322483774578035047965670519172,False,,,False,True
724,106,0.0505479222672569548736832212936328052434219947408930808551717,-0.0872270777327430451263167787063671947565780052591069191448283,0.145136980566814238718420805323408201310855498685223270213793,-0.0190675598302399532193688287011796282715145750518778256666648,0.622827562740712260881543633225799616986991172846065991358234,False,,,True,False
725,155,0.0314803624370170016543143925924531769719074196890152551885069,-0.106294637562982998345685607407546823028092580310984744811493,0.201620090609254250413578598148113294242976854922253813797127,0.0201427781352324391231590475060488027139489289874247253414435,1.76776184102531264692397424344598657994122792423090096090148,False,,,True,True
726,73,0.0516231405722494407774734400985019796858563486764399805299504,-0.0861518594277505592225265599014980203141436513235600194700496,0.104155785143062360194368360024625494921464087169109995132488,-0.029432115527840337602495274542963425024899737079714892443053,0.448506804971853265722251776062932695315376154307316363876008,False,,,True,False
727,134,0.0221910250444091031749781655555385546609566115967250880868974,-0.115583974955590896825021834444461445339043388403274911913103,0.173047756261102275793744541388884638665239152899181272021724,0.00361972941348690700651603016420547464308722606669305092455709,1.14404957456558175316450079186852320395090668263942293434115,False,,,True,True
728,44,0.0258107544578960101814941957197440293040438376634181390114545,-0.111964245542103989818505804280255970695956162336581860988545,0.0614526886144740025453735489299360073260109594158545347528636,-0.0130165728808833420243047692712633962591534856228070560659421,0.397923194286710142270776359486663789763712719901134043176559,False,,,True,False
729,167,0.0127941815770126681571894264484806330448903520406110829455124,-0.124980818422987331842810573551519366955109647959388917054488,0.211948545394253167039297356612120158261222588010152770736378,0.0236374481361280583653796909692180359392797056508123150275852,1.82585756450397508449744772430121585291593187206843127996989,False,,,True,True
730,89,0.0364316297131407265225691174176986689841700576914233979730977,-0.101343370286859273477430882582301331015829942308576602026902,0.120357907428285181630642279354424667246042514422855849493274,-0.025958560035236147291597479728947369873284668625018926323833,0.521397719286858531000479765545599876463270303405857454808065,False,,,True,False
731,27,0.0104730696779045792309716376887512991108853890664044716492647,-0.127301930322095420769028362311248700889114610933595528350735,0.0363682674194761448077429094221878247777213472666011179123162,-0.00263186680893057909278190957902069252317732508813312114753152,0.569290320437170962245912255347251150580443578854794438118513,False,,,True,False
732,181,0.00784120286897400013818972810973060658770806397827135050173319,-0.129933797131025999861810271890269393412291936021728649498267,0.228210300717243500034547432027432651646927015994567837625433,0.0375315337095105514698460175814063624807042104637231787801616,3.06471256371486225485732918386338850327059487373649250685922,False,,,False,True
733,113,0.0453727365784845516080357456911369690684122744419945292818948,-0.0924022634215154483919642543088630309315877255580054707181052,0.152593184144621137902008936422784242267103068610498632320474,-0.0167270914188715863992659210726835047704325764599167978019213,0.669590410741858802694430522332986988588758581187136090598373,False,,,True,False
734,65,0.0286456451596129652087698246184534642979796979820777314799735,-0.109129354840387034791230175381546535702020302017922268520027,0.0884114112899032413021924561546133660744949244955194328699934,-0.0138314378144345147637490143244444758746734755117296128302129,0.560643089365356305576787725607769975077801112839518125852179,False,,,True,False
735,147,0.0148142073451784504450208102940089884233062224703481186497606,-0.122960792654821549554979189705991011576693777529651881350239,0.18745355183629461261125520257350224710582655561758702966244,0.00127733304382105881043160369924832123448682223368951682998434,1.02898571040321265329787712405170921317314535809374532037065,False,,,True,True
736,82,0.016091540388999509255452413993257309657793044704037635479745,-0.121683459611000490744547586006742690342206955295962364520255,0.106522885097249877313863103498314327414448261176009408869936,-0.0116966848056246162616124892609743163978116373963815600531757,0.558083495749121917494809928072723423985578506534976554271088,False,,,True,False
737,190,0.00439485558337489299383992473228299325998140730765607542656932,-0.133380144416625107006160075267717006740018592692343924573431,0.238598713895843723248459981183070748314995351826914018856642,0.0422326718811294132827257274710644743030689246355953346431851,7.43567544110415789979449347916810257698676023032995850916091,False,,,False,True
738,121,0.0466275274645043062765656522033474675630503319432514100697544,-0.0911474725354956937234343477966525324369496680567485899302456,0.162906881866126076569141413050836866890762582985812852517439,-0.00854940377602829182629653337867582659058312415534710430306739,0.791719550778185569014410381641645792927923469603895066784619,False,,,True,False
739,54,0.038078123688476014450269118824671640972467207787904305766687,-0.099696876311523985549730881175328359027532792212095694233313,0.0770195309221190036125672797061679102431168019469760764416718,-0.0179450865335644887015023995418624287190772989347047669276971,0.445635604930656514847047962339427098193618958776976531676707,False,,,True,False
740,160,0.0201330371549115257487667192828092122533899088531995388389899,-0.11764196284508847425123328071719078774661009114680046116101,0.205033259288727881437191679820702303063347477213299884709747,0.0179047308938672973405555615239965164601379597831222612539552,1.53755931832390884451675964520624924373457184358256702580314,False,,,True,True
741,97,0.0380377680487788230893222808068057287135278686363218000929451,-0.0997372319512211769106777191931942712864721313636781999070549,0.130759442012194705772330570201701432178381967159080450023236,-0.0204054832565691852981525174865310109875500946793990129334539,0.541771347964609942006536108584744757844024204555832544905833,False,,,True,False
742,36,0.0176322847922096377911697633202747177259777739569227871594911,-0.120142715207790362208830236679725282274022226043077212840509,0.0494080711980524094477924408300686794314944434892306967898728,-0.00885592022208944690853124799871217836882755836741276772369269,0.542023023625838452161787518735937295481526073399376533174832,False,,,True,False
743,139,0.00877636457012019088263851532156253935715021558951001943579844,-0.128998635429879809117361484678437460642849784410489980564202,0.17594409114253004772065962883039063483928755389737750485895,-0.000665395482478902157968983267781363601768089018787114742116141,0.983751896503737111770992460836464284479577021710646660943768,False,,,True,False
744,71,0.0081109690876412887246695320537811757553821265707229046936823,-0.129664030912358711275330467946218824244617873429277095306318,0.0907777422719103221811673830134452939388455316426807261734206,-0.00421222343268731180696135948983049414581881640610424763795758,0.686294166710965349197830074894928478912844570938399961191141,False,,,True,False
745,178,0.00389874565495397691770817256395068160956331016461865705572472,-0.133876254345046023082291827436049318390436689835381342944275,0.223474686413738494229427043140987670402390827541154664263931,0.0240744273429192285842545288417881148074059559998055097272901,2.08521147187112340703322711829822539393927836450442249824622,False,,,False,True
746,108,0.0279731729978732055019627014057387964169692661644241667830148,-0.109801827002126794498037298594261203583030733835575833216985,0.141993293249468301375490675351434699104242316541106041695754,-0.0122860933411462558513043477015266919804057945053517244388508,0.677171784126216568107841587834892715751261355307949517264904,False,,,True,False
747,45,0.015687079656726949650658353704212104436563471659072442344164,-0.122087920343273050349341646295787895563436528340927557655836,0.060171769914181737412664588426053026109140867914768110586041,-0.0124355038326702863999123132788182223904761669755788649726398,0.455957545050926882179150099341525658665146332520265029450078,False,,,True,False
748,165,0.00325157582405666325074604042539388204608730468349357737152424,-0.134523424175943336749253959574606117953912695316506422628476,0.207062893956014165812686510106348470511521826170873394342881,0.0197847381023549182515223811138164053469574884925212478931281,1.79303098524699861830356122786406314339273378674849538641297,False,,,True,True
749,85,0.0230363139264115815022684215392102873930447931760148252646523,-0.114738686073588418497731578460789712606955206823985174735348,0.112009078481602895375567105384802571848261198294003706316163,-0.018242576434733506919300738399958661017810551123923130957039,0.573926710090462691235938707341881031589423966733743251710001,False,,,True,False
750,19,0.00479373749167807458296768313925162637523424205209169430761336,-0.132981262508321925417032316860748373624765757947908305692387,0.0249484343729195186457419207848129065938085605130229235769033,-0.00197839666088251520671298915329433579819643316555321597221432,0.605059042627560106578571004945099863070137449039232820317692,False,,,True,False
751,197,0.00281534083079555937625469398595729057703780888653847833539904,-0.134959659169204440623745306014042709422962191113461521664601,0.24695383520769888984406367349648932264425945222163461958385,0.0528311115385090786707485506540999258400519617247291227381204,14.0383369369445421899886725425573396386778496982472456562018,False,,,False,True
752,125,0.0556464523693046380470032446400572164170897706112676010735194,-0.0821285476306953619529967553599427835829102293887323989264806,0.17016161309232615951175081116001430410427244265281690026838,-0.0137568534443876390681416984075053034931605664783569392956728,0.741998429586953196509266217434168405224613022105549366521897,False,,,True,False
753,68,0.0418895989249169989788615462325519129239292041329106617778467,-0.0958854010750830010211384537674480870760707958670893382221533,0.0954723997312292497447153865581379782309823010332276654444617,-0.0146305298980133007737746454019811658200921762099918933896743,0.565111100353406627119604642480534380512289805200991811136988,False,,,True,False
754,149,0.0272590690269036982050869008305707471038370279229187683881724,-0.110515930973096301794913099169429252896162972077081231611828,0.193064767256725924551271725207642686775959256980729692097043,0.00454469173620392015065251843839383545290861159385371797923646,1.10395785810389678635369226950237415900501374332793850414376,False,,,True,True
755,99,0.0318037607631076183557394192689645825567456395167724863674088,-0.105971239236892381644260580731035417443254360483227513632591,0.131700940190776904588934854817241145639186409879193121591852,-0.0154524295101925281909756894148216782965833568383447663413161,0.600827662737479365500874317357269334292164309768985508750694,False,,,True,False
756,39,0.0163513312529150901647637298541429042601622826784277200260927,-0.121423668747084909835236270145857095739837717321572279973907,0.0528378328132287725411909324635357260650405706696069300065232,-0.00515930620801508977518589599339051395106395390747729556204938,0.55072035189058248517692958981218039613037030120535517987589,False,,,True,False
757,173,0.0111920250449000003895778338607523903090983287709504244640434,-0.126582974955099999610422166139247609690901671229049575535957,0.219048006261225000097394458465188097577274582192737606116011,0.0210652386815273473339307157881345525920827052862284302547619,1.65275449761487591270914835147031111715402987220524192712171,False,,,False,True
758,115,0.0322572637264273477235085496488869429011810340571788547188053,-0.105517736273572652276491450351113057098818965942821145281195,0.151814315931606836930877137412221735725295258514294713679701,-0.00998015840921716282008601242949306431705085067359599133084145,0.762406657569340491591187514868371897438312474644103532976386,False,,,True,False
759,59,0.0222771053172101849034225372193938785841301833835828633879638,-0.115497894682789815096577462780606121415869816616417136612036,0.079319276329302546225855634304848469646032545845895715846991,-0.0148369409541933922438744835182162150817512053554306540179781,0.509742635325998131124740092734656043795315718525287416657119,False,,,True,False
760,156,0.00744016436301679265954805370117766350237897802815220936998568,-0.130334835636983207340451946298822336497621021971847790630014,0.196860041090754198164887013425294415875594744507038052342496,0.0120285100564500376476547033606791001091378644453679295240907,1.39906666503267770597564472726773806729475545564132778497419,False,,,True,True
761,81,0.0194686744194668303072027570618567636115168424735201388940763,-0.118306325580533169692797242938143236388483157526479861105924,0.106117168604866707576800689265464190902879210618380034723519,-0.0134416153512419853197011204971334061696144540746031356220786,0.544391728623842989322210949078632417606658254703522905825775,False,,,True,False
762,187,0.00602705906822484498750163656472335744190238839891700327199773,-0.131747940931775155012498363435276642558097611601082996728002,0.235256764767056211246875409141180839360475597099729250817999,0.0379084661352828839018355965026002405245528031006957685371041,5.13481314674360493477239477058253595864644642164532335335164,False,,,False,True
763,105,0.0439355252035077288893372330673235979664551914996127718091019,-0.0938394747964922711106627669326764020335448085003872281908981,0.142233881300876932222334308266830899491613797874903192952275,-0.016685524660833788594650496243329103017455168034600600303532,0.643819262211356864755251401365314613967672205850016185457293,False,,,True,False
764,47,0.0272500005426739402946867368239944949490000234650121715055698,-0.11052499945732605970531326317600550505099997653498782849443,0.0655625001356684850736716842059986237372500058662530428763925,-0.00739264901485118128087457353847970818939599225935587537903711,0.656481745203824151489099054937193096114410513598256905862267,False,,,True,False
765,138,0.0198573515278227590138121632855147867596040312056562961265327,-0.117917648472177240986187836714485213240395968794343703873467,0.177464337881955689753453040821378696689901007801414074031633,-0.00819039348193235459475700852826242118845232995809169045182779,0.833024651278020308346706904618270818777753461856925035245659,False,,,True,False
766,71,0.0116669580458904044190551547572523655711517012475646056747049,-0.126108041954109595580944845242747634428848298752435394325295,0.0916667395114726011047637886893130913927879253118911514186762,-0.00668145656225289862169468045371951724763376086937938955001158,0.644190354263985172150111651387550019624181908918486150455657,False,,,True,False
767,169,0.00498550148363750579736047430353284832351794037818521612469337,-0.132789498516362494202639525696467151676482059621814783875307,0.212496375370909376449340118575883212080879485094546304031173,0.0176520535787469870117697879507452029565706234492888356604813,2.18695535506186944004565702412369354295468628197000377277597,False,,,False,True
768,94,0.0226375550623844928091302622542780512800885638274740517851747,-0.115137444937615507190869737745721948719911436172525948214825,0.123159388765596123202282565563569512820022140956868512946294,-0.0119277279199514952189625429615162890918719325469901387491475,0.618833160863396393638883910262020149154953278755487622685743,False,,,True,False
769,27,0.0107098271424329975901677192927617621882166312804839130360272,-0.127065172857567002409832280707238237811783368719516086963973,0.0364274567856082493975419298231904405470541578201209782590068,-0.00713122763002423108239052768736578148058476554464534822569076,0.457948773995363563605538070586434010855069783728079597402871,False,,,True,False
770,193,0.00357859951240876650777719160539598070763186573583856481033643,-0.134196400487591233492222808394604019292368134264161435189664,0.242144649878102191626944297901348995176907966433959641202584,0.047818634271731839047082125916430683520333126102148875779871,6.85096260111400086517366928849612995251970585908997501748545,False,,,False,True
771,123,0.0513972337841406055548593175218266642279649918379874405902075,-0.0863777662158593944451406824781733357720350081620125594097925,0.166599308446035151388714829380456666056991247959496860147552,-0.014065683759464220819771270019832310069988941300409788710143,0.731408285194408802991410416984691010555398389586170883985337,False,,,True,False
772,64,0.0373315500246763847350880475019943541579760505375776518800645,-0.100443449975323615264911952498005645842023949462422348119936,0.0893328875061690961837720118754985885394940126343944129700161,-0.0126382306318227611662881137289818880353101209931345520444206,0.583353100948739841884296813678815154567548392344016056375211,False,,,True,False
773,146,0.0246933193928536235687999337730124661226659295444430998356439,-0.113081680607146376431200066226987533877334070455556900164356,0.188673329848213405892199983443253116530666482386110774958911,0.0000807686650804109496543952405548718844177502446884666934333648,1.00174482467134638723909194806145186069025863998168121151865,False,,,True,True
774,87,0.0247740880579340345184543290135673380070836797891315665290773,-0.113000911942065965481545670986432661992916320210868433470923,0.114943522014483508629613582253391834501770919947282891632269,-0.0146208259290355195252968121325496483593745124774411138299416,0.551878720671296127624151066911792536148519529771565269894239,False,,,True,False
775,176,0.0101532621288985149931575168810176896477091673116904526991356,-0.127621737871101485006842483118982310352290832688309547300864,0.222538315532224628748289379220254422411927291827922613174784,0.0294880012808448698880099095563315533722902886058322081227766,3.54880637712731771305006112510616822396598424995294846664773,False,,,False,True
776,110,0.0396412634097433848811674264373492430199994559175226608219123,-0.0981337365902566151188325735626507569800005440824773391780877,0.147410315852435846220291856609337310754999863979380665205478,-0.00916230048588570152276441966251843234650463097378591575253893,0.751419362592009100991473379314995908688132913656714753531328,False,,,True,False
777,48,0.0304789629238576833584030067748308106734948249437367450693734,-0.107296037076142316641596993225169189326505175056263254930627,0.0676197407309644208396007516937077026683737062359341862673433,-0.0177919908785804498235052146495066561451549830074659935723325,0.425647748743699959538372733158510108487735782512498459365467,False,,,True,False
778,154,0.0126869720452772335348977921253241545283398419362707514970409,-0.125088027954722766465102207874675845471660158063729248502959,0.19567174301131930838372444803133103863208496048406768787426,0.0107984077761677450172418164484415826857745007069838888597816,1.30897438045232282989465689718304238774856898298266565456073,False,,,True,True
779,75,0.0234853798214449785521396085737657372141143426432546403568224,-0.114289620178555021447860391426234262785885657356745359643178,0.0996213449553612446380349021434414343035285856608136600892056,-0.0187431054979599660307122133634857793738731396912693017925452,0.534636217536353924007910238334122502980051445830881645138239,False,,,True,False
780,19,0.00474227432348501252142739521027995784024120295198533856427728,-0.133032725676514987478572604789720042159758797048014661435723,0.0249355685808712531303568488025699894600603007379963346410693,-0.000923624389208197073023217058832128489579742224378453584781506,0.665217899879342617109577427226077721969030137371440365839909,False,,,True,False
781,184,0.00381864993427681544840417815144782935066146072760688497949578,-0.133956350065723184551595821848552170649338539272393115020504,0.230954662483569203862101044537861957337665365181901721244874,0.0377217067339995310130939993990772803331374023676967864941185,3.35293035744265039230251797138090712547052497180725984735687,False,,,False,True
782,119,0.0415403566682763464614981775505251096837988630953036714736142,-0.0962346433317236535385018224494748903162011369046963285263858,0.159135089167069086615374544387631277420949715773825917868404,-0.0148574798910759747850064563751923282163332099076690175619323,0.712144482578131087713714652652456949924565493400777524003597,False,,,True,False
783,60,0.026682876777200371676491721175332781467465653187634653911682,-0.111092123222799628323508278824667218532534346812365346088318,0.0816707191943000929191229302938331953668664132969086634779205,-0.013242975397628330582653519907247211656323810921533589679342,0.568795008528654700554630566368026880540623537370497279656779,False,,,True,False
784,140,0.01343990137957204109383820126808556981114184226610106423234,-0.12433509862042795890616179873191443018885815773389893576766,0.178359975344893010273459550317021392452785460566525266058085,-0.000805620802090900944948736529206734181512544084678261174311819,0.982141065405445479637371840675299952133529260753267735932701,False,,,True,False
785,92,0.0126342805774811401488894647388788356296292981814228030580281,-0.125140719422518859851110535261121164370370701818577196941972,0.118158570144370285037222366184719708907407324545355700764507,-0.00882113312056636833041745008221601534474731650044150287923987,0.634100217465983501937587866279714350993341911592421593423179,False,,,True,False
786,26,0.00381314745691477181847201465666282028488198168098130017878828,-0.133961852543085228181527985343337179715118018319018699821212,0.0334532868642286929546180036641657050712204954202453250446971,-0.00166066660690303621051636784334974892492085832030698837327347,0.59072945004663060274688667890209051596189442693957726270441,False,,,True,False
787,198,0.00215248085001173560795564681331307135996112336067431180551481,-0.135622519149988264392044353186686928640038876639325688194485,0.248038120212502933901988911703328267839990280840168577951379,0.0409966147996266509187917989520808414731439439370448348138678,10.4369869878166791326729716220144083666115997330616904026975,False,,,False,True
788,128,0.0431490956496383865267474457653939128331050672977191466193826,-0.0946259043503616134732525542346060871668949327022808533806174,0.170787273912409596631686861441348478208276266824429786654846,-0.00521182145384645523877144622750075003099580291702191282088059,0.882958149885119910055521795024000778910102871038187719568452,False,,,True,False
789,71,0.037937274195791931287975999537893162802109264380697233798502,-0.099837725804208068712024000462106837197890735619302766201498,0.0982343185489479828219939998844732907005273160951743084496255,-0.0112682513568927021007743645151238934091704565397743885527803,0.574938379660259542443330347597168658133592053273870035171261,False,,,True,False
790,162,0.0266690228388992291872016350227692693929388078409228452457217,-0.111105977161100770812798364977230730607061192159077154754278,0.20916725570972480729680040875569231734823470196023071131143,0.0123562860561396390032718604522732970473313393926312675240352,1.30944637184157634659000620844615871421121918630549484743764,False,,,True,True
791,101,0.0390253088950388681904734954750425664402701472335541127697569,-0.0987496911049611318095265045249574335597298527664458872302431,0.136006327223759717047618373868760641610067536808388528192439,-0.0164979303194636227204589392038192650588508916203798840966,0.603193052233938632767175379806209980726399049853117611647108,False,,,True,False
792,45,0.0225273785755752454700145562712233013814192556131742286731569,-0.115247621424424754529985443728776698618580744386825771326843,0.0618818446438938113675036390678058253453548139032935571682892,-0.00751843965400432372719033263154873873155946579322887422783891,0.534120695935215565363380220170266985971304290430654960191341,False,,,True,False
793,171,0.015008938921570921742824223639674562649859789819945354445318,-0.122766061078429078257175776360325437350140210180054645554682,0.21750223473039273043570605590991864066246494745498633861133,0.0191356829122100043741313358121326548294923566894179782643194,1.56002014508398755884714960991548492289777295844367841969226,False,,,False,True
794,114,0.0341446218337809261169555594518072174793521465093633327096374,-0.103630378166219073883044440548192782520647853490636667290363,0.151036155458445231529238889862951804369838036627340833177409,-0.0113226667928623231909441701861452239825087344534825006072709,0.743677612473806848372037878828961924141916850253461339845986,False,,,True,False
795,63,0.0228219550409186029260113892656619934968434120558808321023665,-0.114953044959081397073988610734338006503156587944119167897634,0.0844554887602296507315028473164154983742108530139702080255916,-0.0118266187933201678293291282164233845405444883235732389931846,0.575470833044816663912305863736286693906477981879983441174058,False,,,True,False
796,150,0.0109953362475984350966822610492386089562989237323075931091819,-0.126779663752401564903317738950761391043701076267692406890818,0.190248834061899608774170565262309652239074730933076898277295,0.00422425332086072069530817585012957662217908905028066908321284,1.19613053015692985174384474820049605799980744991748902662233,False,,,True,True
797,34,0.0152195895684591557919904368993681855784780127825882621923947,-0.122555410431540844208009563100631814421521987217411737807605,0.0463048973921147889479976092248420463946195031956470655480987,-0.00785191500563170469800352726155616116179342130262823103448227,0.431682730095745730459648284271616989870356169232017101752142,False,,,True,False
798,188,0.00736767456282745109398690963781202441668459147996003115791248,-0.130407325437172548906013090362187975583315408520039968842088,0.236841918640706862773496727409453006104171147869990007789478,0.0454640039214164506711616754164908871830433010275420004526053,4.45588094957091912509688730861958187487550105310366285219994,False,,,False,True
799,94,0.0528316784842439017651485850543029115997278925075020316105178,-0.0849433215157560982348514149456970884002721074924979683894822,0.130707919621060975441287146263575727899931973126875507902629,-0.0224933600885379840427218172367864189890873135619031363809556,0.565743698965534450755305379412738676131260286356684703968606,False,,,True,False
800,133,0.0303383183957059177224267678175164926106405789455988952295622,-0.107436681604294082277573232182483507389359421054401104770438,0.173834579598926479430606691954379123152660144736399723807391,-0.00190452382880958883015732696883619116759336500632883688018289,0.953758870447824945401756487442858304115816675236855603884341,False,,,True,False
801,69,0.0284337945668963288922694408486803014430472139392700583493793,-0.109341205433103671107730559151319698556952786060729941650621,0.0933584486417240822230673602121700753607618034848175145873448,-0.0168711538089793390762338160652852621266065683289361458848468,0.467260690194860836940788549082129779213379744563815553465762,False,,,True,False
802,166,0.0115626407579169898160356247833950393164406456103339124645326,-0.126212359242083010183964375216604960683559354389666087535467,0.210390660189479247454008906195848759829110161402583478116133,0.01916730966145145257253416750833257965954612849685672721443,1.83609594477339656163557649693870543973460956797097383304343,False,,,True,True
803,106,0.0307299504193684423885697922917276189759867741071906396789626,-0.107045049580631557611430207708272381024013225892809360321037,0.140182487604842110597142448072931904743996693526797659919741,-0.00995397989983669946141287128594699016489559538673225417061891,0.716737800816865277463087908884612000008267615617579585543607,False,,,True,False
804,43,0.0207759705195317429271569210057806288110911787204583855083437,-0.116999029480468257072843078994219371188908821279541614491656,0.0589439926298829357317892302514451572027727946801145963770859,-0.0143495620136982419113109649051511774965046374526926565197769,0.402861308904847088865370545848492294226363465332282467512198,False,,,True,False
805,180,0.00642640850583350101584595610062945131458654126776572898856675,-0.131348591494166498984154043899370548685413458732234271011433,0.226606602126458375253961489025157362828646635316941432247142,0.0321995797974025030657938102480538609325261855592194913690462,2.41078077123652124348349635960890208802003783727623820789316,False,,,False,True
806,84,0.038625988303236004081639766348683312247112726826985220357613,-0.099149011696763995918360233651316687752887273173014779642387,0.114656497075809001020409941587170828061778181706746305089403,-0.0161474132613604744356630673204328826633042921424908184219201,0.601818613070851980336598139646299315300013678255857969619216,False,,,True,False
807,141,0.0224785750418755296459766990282504295838084346844944019356929,-0.115296424958124470354023300971749570416191565315505598064307,0.181869643760468882411494174757062607395952108671123600483923,0.00109410910039442471131468076135112816253348800218647485345776,1.03094618106766223289954892286714116700812521040329296234403,False,,,True,True
808,56,0.0235726841422699543572913797896015577463419226866808767891507,-0.114202315857730045642708620210398442253658077313319123210849,0.0758931710355674885893228449474003894365854806716702191972877,-0.018451176759639136749403141051189589022264995026862276921745,0.494796748480856109222000742418095376647528991940736086862626,False,,,True,False
809,123,0.00512150738263081760788823873841196872407692765981859986740568,-0.132653492617369182392111761261588031275923072340181400132594,0.155030376845657704401972059684602992181019231914954649966851,0.00064429691037296257450741215257251865249688002047871062986114,1.04879681737132319334589088531441558703050868697807973398794,False,,,True,True
810,20,0.00576580429300378018239565089098448737657380768029731049726682,-0.132009195706996219817604349109015512623426192319702689502733,0.0264414510732509450455989127227461218441434519200743276243167,-0.00239295308367042788477784967644586022719523911979420101622639,0.330269528751439540572203599430215590218891714162636171614118,False,,,True,False
811,194,0.00337285120933335229761780121453862714937856856050310948104043,-0.13440214879066664770238219878546137285062143143949689051896,0.24334321280233333807440445030363465678734464214012577737026,0.0416518880932541623412156413236044538861130609370159584197678,3.67778164106497415832654320116315480935130907559490919127602,False,,,False,True
812,97,0.0450247393025875146388334425381430810354916294975190679008083,-0.0927502606974124853611665574618569189645083705024809320991917,0.132506184825646878659708360634535770258872907374379766975202,-0.0176980610796432384595734215450084891930852004301317051503754,0.575514520932171189696179423709636315996770734792885130420314,False,,,True,False
813,155,0.0273266782229442761792600209931345918424064290673873627504328,-0.110448321777055723820739979006865408157593570932612637249567,0.200581669555736069044815005248283647960601607266846840687608,0.0152085115350718134510277616839774909375548450204576459524394,1.51320865933379281102117023407951726071912385937563343725915,False,,,True,True
814,71,0.0425351897580160896302877826771120827799612740878450087028722,-0.0952398102419839103697122173228879172200387259121549912971278,0.0993837974395040224075719456692780206949903185219612521757181,-0.0255255054046574529300526021461532464611859760425090436710829,0.47714175192462379501508697964615149018762225334552143669709,False,,,True,False
815,130,0.0170096843533586367002351805309588363187752980453359650317893,-0.120765315646641363299764819469041163681224701954664034968211,0.166752421088339659175058795132739709079693824511333991257947,0.00191700169774679045174956272360269721419102418829428734600211,1.0777673747397060161568438645890190338717731702825151940716,False,,,True,True
816,40,0.0189266860511054271519847432545615335329663222336302523777914,-0.118848313948894572848015256745438466467033677766369747622209,0.0547316715127763567879961858136403833832415805584075630944479,-0.00912256009838286324756988638233583300286619091918226644049873,0.40898479955931137446928875522903594450248385188267934529483,False,,,True,False
817,174,0.00980412595272256390441485687222570053010013131444798593729269,-0.127970874047277436095585143127774299469899868685552014062707,0.219951031488180640976103714218056425132525032828611996484323,0.0256677120003312413518536573710574625166852935229909067622148,1.89486236755666220925748127030051268190686626258037430077777,False,,,False,True
818,90,0.0354718379530538052562685142432831630467854248374388926995075,-0.102303162046946194743731485756716836953214575162561107300493,0.121367959488263451314067128560820790761696356209359723174877,-0.0234525618351267738294120085424426707567974542179502337627473,0.544880886891334302052943376482201052159403664139535139121409,False,,,True,False
819,146,0.0120192761179270314268565057008404922899879706194886589367602,-0.12575572388207296857314349429915950771001202938051134106324,0.18550481902948175785671412642521012307249699265487216473419,0.013740975923910008929668011029055861823603330812144509552969,1.60868500097348843361970618055748765470668975927328120515251,False,,,True,True
820,58,0.0257602520418370403565245167298963541135913014316331684897292,-0.112014747958162959643475483270103645886408698568366831510271,0.0789400630104592600891311291824740885283978253579082921224323,-0.0216335381108735988938026075728570792328441370803537700753659,0.450461221097133844849010348813746715332676846296728772792976,False,,,True,False
821,185,0.00412671393096344146272190915703927488074716435127939841436328,-0.133648286069036558537278090842960725119252835648720601585637,0.232281678482740860365680477289259818720186791087819849603591,0.0449966778935996631022059573945901920280727642535355248781114,4.80328004253770674048813311407967639368677956528460880447002,False,,,False,True
822,109,0.0491233918245631045649278665516294669088199286048149232924747,-0.0886516081754368954350721334483705330911800713951850767075253,0.148530847956140776141231966637907366727204982151203730823119,-0.0212106360097235024056734100686635183492064048491971449504301,0.623049927870452976815533476961093854588012642753691509341123,False,,,True,False
823,75,0.0279127558148396021592544564829659485596135237556177783420446,-0.109862244185160397840745543517034051440386476244382221657955,0.100728188953709900539813614120741487139903380938904444585511,-0.0151484808472068345391014108035697267445739182045527225826117,0.552973030908462039544977191764878849454904656291336070565665,False,,,True,False
824,160,0.012764274967632767620153045679396221815039605551065055759433,-0.125010725032367232379846954320603778184960394448934944240567,0.203191068741908191905038261419849055453759901387766263939858,0.015095425660946140450246328886934310889341781365341656490099,1.91200108543894439396236968025491183492847574755590908703404,False,,,True,True
825,46,0.027859700628578908070399374566330532704381386916406712249532,-0.109915299371421091929600625433669467295618613083593287750468,0.064464925157144727017599843641582633176095346729101678062383,-0.0128308408725003914397466833234647401896040332980281302156589,0.543817123828812860931375561646343341080814438253762097918896,False,,,True,False
826,125,0.0150288597560785166306526912428657925147773536183785820338731,-0.122746140243921483369347308757134207485222646381621417966127,0.160007214939019629157663172810716448128694338404594645508468,-0.00798168195333203129692109708841395407855468569944617736472846,0.766515156504317992616692869132143757913058421836429325537241,False,,,True,False
827,23,0.0070471778027464853337315941544518384362226679189324046691446,-0.130727822197253514666268405845548161563777332081067595330855,0.0305117944506866213334328985386129596090556669797331011672861,-0.00513910909732193574276104279548140878744860932335143919570813,0.372007774799618893478297597409916755516691372226444814090764,False,,,True,False
828,199,0.00190806870542454959097055135897042964877405859558096547343646,-0.135866931294575450409029448641029570351225941404419034526564,0.249227017176356137397742637839742607412193514648895241368359,0.0556373967482674985103037387056684867498217802827557989737448,9.60780590494154543450006276378593282520633667360588473382554,False,,,False,True
829,99,0.0575454654536920481012742900646389163985958388783367644471812,-0.0802295345463079518987257099353610836014041611216632355528188,0.138136366363423012025318572516159729099648959719584191111795,-0.022215145698980432836072692601545161084331753599930888776858,0.571436603230744258719010605966625407898380988380001004122657,False,,,True,False
830,139,0.0353303197547116152652015974630937553142640852784058756703233,-0.102444680245288384734798402536906244685735914721594124329677,0.182582579938677903816300399365773438828566021319601468917581,0.0041460852922024374245428901195321293880849412343869765813285,1.11399790885793314524874390243698082630171103166910853671835,False,,,True,True
831,67,0.0394764050469140526897444875826258847023490265127928522516517,-0.0982985949530859473102555124173741152976509734872071477483483,0.0936191012617285131724361218956564711755872566281982130629129,-0.0182068354014566187271208689969333793410717263245071393216873,0.445976556144957663325202511537692668420024654503077788894828,False,,,True,False
832,168,0.0212695696454574339626236185856925053612773001882857129299645,-0.116505430354542566037376381414307494638722699811714287070036,0.215317392411364358490655904646423126340319325047071428232491,0.0211266319929868874536960632119079441603764131935847688477557,1.66386657992505650512444427555639632706629248517509366154912,False,,,False,True
833,88,0.0423962016384443214163196817976004495216537133818704817777202,-0.0953787983615556785836803182023995504783462866181295182222798,0.12059905040961108035407992044940011238041342834546762044443,-0.0225241624712076015838231081116042597442555731407126659788622,0.563197306945717188172716282175921778146138007456085948529945,False,,,True,False
834,120,0.0198720391672367198324965736859961897773981402411578157988581,-0.117902960832763280167503426314003810222601859758842184201142,0.154968009791809179958124143421499047444349535060289453949715,-0.000640770367098235478731473542483007983689574575509185420528872,0.974335178096756350869003936727063609681104137632554038174304,False,,,True,False
835,39,0.0192312688001384843537651001435131817937085656656486303783292,-0.118543731199861515646234899856486818206291434334351369621671,0.0535578172000346210884412750358782954484271414164121575945823,-0.00718780458068490630257319618128709569142137448968255931222398,0.446550794324711490993195411289706236626322871974875262364244,False,,,True,False
836,179,0.0120434642194535780511919039622260861022871911759660710661052,-0.125731535780546421948808096037773913897712808824033928933895,0.226760866054863394512797975990556521525571797793991517766526,0.0228812890598800941753235322184283101260769948529503570484907,1.72101813906014015814471642093848773119600166970602520119653,False,,,False,True
837,104,0.0349247532793336722265154361806543962283641860289164281145959,-0.102850246720666327773484563819345603771635813971083571885404,0.138731188319833418056628859045163599057091046507229107028649,-0.0138107014334508462842059545009748197824834698945026802143194,0.656009446883896007092294034442210398764614721461490377825826,False,,,True,False
838,150,0.0211140518458828259423094816796795764458807161344137479002765,-0.116660948154117174057690518320320423554119283865586252099724,0.192778512961470706485577370419919894111470179033603436975069,0.0168152961101445371017474565651791056178972470896533058181594,1.73300591384432870146785779926967141918298505351760431795868,False,,,True,True
839,61,0.0379293479560273630440569382448586820637779632240670537184359,-0.0998456520439726369559430617551413179362220367759329462815641,0.085732336989006840761014234561214670515944490806016763429609,-0.0297193105769939857742457342397522323725517195979374216111581,0.3902961157213043092873899716843937262403090839196581020044,False,,,True,False
840,190,0.00821003737903337726981120400510644969122624362612963210727787,-0.129564962620966622730188795994893550308773756373870367892722,0.239552509344758344317452801001276612422806560906532408026819,0.0488429495086297156833056104885418347165388359596879576164147,6.4954578160389032468422329122299719222185500511308148126679,False,,,False,True
841,93,0.0570529868876630929531168144936482844077650795858175897236926,-0.0807220131123369070468831855063517155922349204141824102763074,0.130513246721915773238279203623412071101941269896454397430923,-0.0195241958604012623435204163896264718217686673649537580239389,0.600517780649731721804624753812090679356881084369678439774008,False,,,True,False
842,133,0.0375287910272618306095963981040218125859964122208638316997537,-0.100246208972738169390403601895978187414003587779136168300246,0.175632197756815457652399099526005453146499103055215957924938,-0.00259181980254439290508521313696983823507239266500026805754575,0.928308971401795762398734795089660516601105796355095732573098,False,,,True,False
843,51,0.034936971224717437704511184967051974350924019555863563642208,-0.102838028775282562295488815032948025649075980444136436357792,0.072484242806179359426127796241762993587731004888965890910552,-0.0149614527072064170827778121924539383240929443084931097005874,0.444789841764857156754549191306538349390562568424953264084415,False,,,True,False
844,162,0.0199755185175110206217333727745980360268310752473704539416206,-0.117799481482488979378266627225401963973168924752629546058379,0.207493879629377755155433343193649509006707768811842613485405,0.0168996317681506484781323682563647679880827302452487659242501,1.51527147525752729297742170352342440361896813439174012923261,False,,,True,True
845,80,0.0368751502856616690998657410309628040149138054926192198658707,-0.100899849714338330900134258969037195985086194507380780134129,0.109218787571415417274966435257740701003728451373154804966468,-0.0215194944674096292418636422456622173605325807005141049123779,0.551457897186672651986668356217858066194305850628500165145667,False,,,True,False
846,122,0.0153556558182520398580020987853005866543812247921051149534928,-0.122419344181747960141997901214699413345618775207894885046507,0.156338913954563009964500524696325146663595306198026278738373,-0.00159844588716725972971620153164443436947854718179258740527469,0.928299989082160574105121498170488947016982931874245354906539,False,,,True,False
847,31,0.0137572099310847801282858972536561522849026776103125275482181,-0.124017790068915219871714102746343847715097322389687472451782,0.0421893024827711950320714743134140380712256694025781318870545,-0.00592998499711832789892775978445146242177890208656510437413845,0.436244541340413201248698103759616690329339623277969590127565,False,,,True,False
848,182,0.0078272249339664522293581374692046898631237755237474231740797,-0.12994777506603354777064186253079531013687622447625257682592,0.22945680623349161305733953436730117246578094388093685579352,0.0300221921449977845274783504768446114447445855241758143920187,2.0982547676650998110467314831687745829289162622656081769289,False,,,False,True
849,101,0.0378494170789642367568364879460493013078683610479232375660984,-0.0999255829210357632431635120539506986921316389520767624339016,0.135712354269741059189209121986512325326967090261980809391525,-0.0179286652845762985932415974853749339144562358928222250569694,0.604652016902467490504290900286111055831070426604235731690727,False,,,True,False
850,145,0.019920751794387938163594890460674367393412125155101012509129,-0.117854248205612061836405109539325632606587874844898987490871,0.186230187948596984540898722615168591848353031288775253127282,0.0135770709405995977778377037857020360940669532296410425983161,1.53793515083818828411719233259680831068974750690519007727586,False,,,True,True
851,63,0.0334978227349875359414325942463764034874790783847420551074451,-0.104277177265012464058567405753623596512520921615257944892555,0.0871244556837468839853581485615941008718697695961855137768613,-0.0261341476353364068201396446920988116876949958989010784486184,0.398082086984148237534401879357545030402642986796643465057152,False,,,True,False
852,171,0.00736367509965112912129294955427759179978408248584097665882665,-0.130411324900348870878707050445722408200215917514159023341173,0.215590918774912782280323237388569397949946020621460244164707,0.0294062866070360760128013808253956613876689710122370085018477,2.89142203500126755282555391794138289532931321400402577098545,False,,,False,True
853,86,0.0367699617066872051340943303796732531874530534980779851606744,-0.101005038293312794865905669620326746812546946501922014839326,0.116692490426671801283523582594918313296863263374519496290169,-0.022470703849493724264266528097282631369790573141175567043312,0.542901131898818398206926750596265728884597172023923705777793,False,,,True,False
854,38,0.0142992578571934808698278022823906218176624803569024181173624,-0.123475742142806519130172197717609378182337519643097581882638,0.0510748144642983702174569505705976554544156200892256045293406,-0.00709520720880691869229876419682356638712953332361512731610467,0.615852349114999183070713780965439551469926249655959030141242,False,,,True,False
855,136,0.00720405064838656217752903808556705543053294703328729080125773,-0.130570949351613437822470961914432944569467052966712709198742,0.171801012662096640544382259521391763857633236758321822700314,-0.00315792756311305666941017074773214488453006780828401321922605,0.858164664516964955037734058891807974889904308143534708234391,False,,,True,False
856,195,0.00404612308527350550811886733783491054600287922500327758203167,-0.133728876914726494491881132662165089453997120774996722417968,0.244761530771318376377029716834458727636500719806250819395508,0.0539329640096459171763173650825827192697073175045240889157438,9.31276124623888843913597474767062179089312285718635104707437,False,,,False,True
857,108,0.0579790870949194226844362324204176298157101967295273664977755,-0.0797959129050805773155637675795823701842898032704726335022245,0.149494771773729855671109058105104407453927549182381841624444,-0.0190081003532818389627360882347780289639036229841866080474446,0.642320212337534630267814967643873596933973362800856704294406,False,,,True,False
858,69,0.0389709867416375837217001441856396008518065737453407584503309,-0.0988040132583624162782998558143603991481934262546592415496691,0.0959927466854093959304250360464099002129516434363351896125827,-0.0147612304150169056619870315736260768157738402643564887645178,0.534996143223844972788490298033533264576411182013929106206519,False,,,True,False
859,156,0.0242097563266206780597131126120135240360327334809842696858131,-0.113565243673379321940286887387986475963967266519015730314187,0.201052439081655169514928278153003381009008183370246067421453,0.00705399841331444321815979887570068606577854214438907750589738,1.20390038286119031504108512802056325208433823713728261271525,False,,,True,True
860,92,0.0312637547399351212778729114877142101018112756253733471917105,-0.10651124526006487872212708851228578989818872437462665280829,0.122815938684983780319468227871928552525452818906343336797928,-0.015545256615816438204424954216820682442851953451533942561694,0.595720579071381928085391790938541517379333537360730891855421,False,,,True,False
861,33,0.0157184981241186830734479572708935276589593221738394046300165,-0.122056501875881316926552042729106472341040677826160595369983,0.0451796245310296707683619893177233819147398305434598511575041,-0.00476108295164801168073013037827468656194912583712621446984947,0.53576557544667586036767813822938205569978996445407145947957,False,,,True,False
862,175,0.0109574151724706713927178268926188410970101963367131901601671,-0.126817584827529328607282173107381158902989803663286809839833,0.221489353793117667848179456723154710274252549084178297540042,0.0273108586247720001288534060393390606227478899137432250536507,2.09141677387050251617688276309196154204486491062510827051372,False,,,False,True
863,120,0.0382682737972426715215712329319579017197580862504564152138178,-0.0995067262027573284784287670680420982802419137495435847861822,0.159567068449310667880392808232989475429939521562614103803454,-0.0102919801914118498589715618296950721550888624790175133943392,0.764434835784366266023376451200473349367951538228012684912057,False,,,True,False
864,58,0.0279762936058308216625996711022628295646692237714389018194786,-0.109798706394169178337400328897737170435330776228561098180521,0.0794940734014577054156499177755657073911673059428597254548696,-0.0168708500205126486224424024739764431170316441124728970294163,0.487967677186431844210178382035412460419330820949608125776399,False,,,True,False
865,148,0.0111054435853181730401572686282863864476375796589660047900623,-0.126669556414681826959842731371713613552362420341033995209938,0.187776360896329543260039317157071596611909394914741501197516,0.00637045044183811190829466932707221697355342359023497065860227,1.16540863901550573380442444978567645996411104911942470233312,False,,,True,True
866,80,0.0174758940271562849484519379553586034211910032492009754486645,-0.120299105972843715051548062044641396578808996750799024551335,0.104368973506789071237112984488839650855297750812300243862166,-0.0120702949543460284843581915318213906901893113768185029680286,0.514189230677722392467666697435646134550495626010548000176725,False,,,True,False
867,189,0.00540559907281025646409374642353721273100169187238247248063592,-0.132369400927189743535906253576462787268998308127617527519364,0.237601399768202564116023436605884303182750422968095618120159,0.0400855227178917995600514152887766457430806200972033476064511,5.27446995378046178493324740862419982172879220902774539439676,False,,,False,True
868,105,0.045491121790702056024145161712313858474082311969585820087087,-0.092283878209297943975854838287686141525917688030414179912913,0.142622780447675514006036290428078464618520577992396455021772,-0.0178931034428248029001279981132437615321193634352220344472347,0.610305584709215936440715622136169091818600081744646708080291,False,,,True,False
869,46,0.0275980183478772531240171635990700969419629485343637856398522,-0.110176981652122746875982836400929903058037051465636214360148,0.0643995045869693132810042908997675242354907371335909464099631,-0.00930744754783721182140204747310780347308921583685729536454861,0.595157116869389397236384601760171085254431029847990630620569,False,,,True,False
870,140,0.0182905708000400413026151161259622934688737326975064902753036,-0.119484429199959958697384883874037706531126267302493509724696,0.179572642700010010325653779031490573367218433174376622568826,-0.00491369135414883082370021554844471927253156088726799884943065,0.893465429631732234373615273793784098339357593814522078747541,False,,,True,False
871,71,0.013376879445891210478914900577517574196342171810238491425873,-0.124398120554108789521085099422482425803657828189761508574127,0.0920942198614728026197287251443793935490855429525596228564682,-0.00406588798719660164073753366652319859762210919871498231554929,0.761757628137592269251293031828901990168359628292341404027354,False,,,True,False
872,166,0.00931099145869460883817736691099437559872006261152350911032369,-0.128464008541305391161822633089005624401279937388476490889676,0.209827747864673652209544341727748593899680015652880877277581,0.0131667484339720429204957246430776921246717652740147444762187,1.49650983982598138454616098788016871684036288078999540632229,False,,,True,True
873,114,0.0224777398926666517586730915540720677233918278855382535865424,-0.115297260107333348241326908445927932276608172114461746413458,0.148119434973166662939668272888518016930847956971384563396636,-0.00506649071590626172355114826819111489536886429694304779338629,0.815227258847967693372788854505536780136543798517668798323195,False,,,True,False
874,35,0.0174112491767603900351219432858809528280229635885952057931561,-0.120363750823239609964878056714119047171977036411404794206844,0.048102812294190097508780485821470238207005740897148801448289,-0.0138128677867208240205221426329378424135514412071636640669902,0.327395901108422445844759625227017389552696147593471591237441,False,,,True,False
875,184,0.00359838139003956601459980065294311041447152238143154172616587,-0.134176618609960433985400199347056889585528477618568458273834,0.230899595347509891503649950163235777603617880595357885431541,0.0393905950117235884085690332950107278276418804975571960133976,3.2468216851256999346998771594236809319141919784405068773062,False,,,False,True
876,89,0.0429889764017631544231688339479538382421134028789887377395634,-0.0947860235982368455768311660520461617578865971210112622604366,0.121997244100440788605792208486988459560528350719747184434891,-0.0215623403305140318347160816506695547857738734420572669548734,0.562190156638718638138951533364431584030179462803588037819786,False,,,True,False
877,131,0.02142663607124912258845275229728428345633952943693147078469,-0.11634836392875087741154724770271571654366047056306852921531,0.169106659017812280647113188074321070864084882359232867696173,0.00052255581291668373657719883743546869755277368381498285000971,1.01574291222054117016812251526733400977477029885348566597486,False,,,True,True
878,55,0.0219491918841658063250299511347197521538923031207464536346997,-0.1158258081158341936749700488652802478461076968792535463653,0.0742372979710414515812574877836799380384730757801866134086749,-0.0156315446873585165713501287516708696169991888606505862737607,0.444062794797916585254993288699260075413273163786084538632047,False,,,True,False
879,159,0.00631764719680728975367982238304888253689311426009586736093902,-0.131457352803192710246320177616951117463106885739904132639061,0.200329411799201822438419955595762220634223278565023966840235,0.0132013412135872015272258194834297589407719550298232848304757,1.58351533834907877512807714688866308704457656047518258409812,False,,,True,True
880,77,0.0195189884103944912809056418664786414776650692899191521914148,-0.118256011589605508719094358133521358522334930710080847808585,0.101129747102598622820226410466619660369416267322479788047854,-0.0155107749249382573190348621479662465240178495388591594732257,0.516235034263929395807701588401277444669037827832970668469204,False,,,True,False
881,17,0.00400821348545623396187077971851239495364721975105999271818909,-0.133766786514543766038129220281487605046352780248940007281811,0.0222520533713640584904676949296280987384118049377649981795473,-0.00149816040457850952895507893649334130323634664387530030295444,0.340860050309090722725335334671784568684164526757442176702584,False,,,True,False
882,196,0.00251005308087772443291570078201905365041087310718469241523465,-0.135264946919122275567084299217980946349589126892815307584765,0.245627513270219431108228925195504763412602718276796173103809,0.0491822221612029526949710639991698025672638225710317743698079,5.8637548977447158254370646241045044797732269842776071660628,False,,,False,True
883,110,0.0516922752420806771278867647811888562176746956782164667850426,-0.0860827247579193228721132352188111437823253043217835332149574,0.150423068810520169281971691195297214054418673919554116696261,-0.0205742580425717429726638804834572990905605634310317630973868,0.609110595015912126389558006686321731777938575793067604877953,False,,,True,False
884,143,0.0311180171995089341552228842977315571271141322471847036876558,-0.106656982800491065844777115702268442872885867752815296312344,0.186529504299877233538805721074432889281778533061796175921914,0.00949358352970923548951263076088259064720054682567240555901931,1.30871669716089829748913999972631118344021768925038667269437,False,,,True,True
885,64,0.0406116007292181696447355150586141477743146790728571092466751,-0.0971633992707818303552644849413858522256853209271428907533249,0.0901529001823045424111838787646535369435786697682142773116688,-0.0246190927637037961450502857309548329369145537887717487311081,0.437162359742194757123391770144266830840635504703259987738558,False,,,True,False
886,170,0.0159925079655143734996852293276593148374001252840853605155669,-0.121782492034485626500314770672340685162599874715914639484433,0.216498126991378593374921307331914828709350031321021340128892,0.0303924484277103738857716494637844654734781063499939332471899,2.2873591631469787535041999637214304084004465240568876251447,False,,,False,True
887,96,0.0463849563932247473854568787914437803108782316340792937627568,-0.0913900436067752526145431212085562196891217683659207062372432,0.131596239098306186846364219697860945077719557908519823440689,-0.023040407876100971370499852509793395799106698785271766500274,0.550892592375327504843874339669291275358925669405074189109727,False,,,True,False
888,43,0.0233445485171237760149570262816503845117715328488075272624828,-0.114430451482876223985042973718349615488228467151192472737517,0.0595861371292809440037392565704125961279428832122018818156207,-0.0100817484753994113994539534298899249011750208555062459748387,0.574300235684226833186451167858370849456561658627657778903463,False,,,True,False
889,134,0.0132628000417243646155030728517604596105965119933012812876442,-0.124512199958275635384496927148239540389403488006698718712356,0.170815700010431091153875768212940114902649127998325320321911,-0.0059075282154683825629137295642537000133111850149741530642829,0.840962113594883598153936815464278427498957991930699340563853,False,,,True,False
890,178,0.00735527182625598205258934328750675959728532697832712822336128,-0.130419728173744017947410656712493240402714673021672871776639,0.22433881795656399551314733582187668989932133174458178205584,0.0404175143050004303831893996299429276487498529587798326846521,4.31448272392820728444380684449629676527613063434982185155793,False,,,False,True
891,82,0.0477727861312564124357787429174496872460351799371069609080134,-0.0900022138687435875642212570825503127539648200628930390919866,0.114443196532814103108944685729362421811508794984276740227003,-0.026488366620613241339244299583224306213330714570813466721657,0.510492679113653381089149693216325132429815582978870031218518,False,,,True,False
892,119,0.0212844195106431710965344433342253810327044653662934941863564,-0.116490580489356828903465556665774618967295534633706505813644,0.154071104877660792774133610833556345258176116341573373546589,-0.00347808749581451013690583449592671483626420687488688144303954,0.87934455430626069340838313753122590202427968861689840993167,False,,,True,False
893,35,0.0178063320148286609596286088382986661964402584914066127433169,-0.119968667985171339040371391161701333803559741508593387256683,0.0482015830037071652399071522095746665491100646228516531858292,-0.0118399516699735160221267276760701343692398055392456781062226,0.419492323402085433522055622952944262659722040657448641574199,False,,,True,False
894,155,0.00596638034485514493750188116222853182720045295216093463709432,-0.131808619655144855062498118837771468172799547047839065362906,0.195241595086213786234375470290557132956800113238040233659274,0.0126958727439357668727573939292972399065955011350175629952921,1.4306977019904065541517678449902854592921510871428639414018,False,,,True,True
895,67,0.0186622530887909118102592750915257717337959540871784976323864,-0.119112746911209088189740724908474228266204045912821502367614,0.0884155632721977279525648187728814429334489885217946244080966,-0.0149890334658636679950921318225881406481707021240274631904729,0.462689958121484162788255428806079929149579945210272425331462,False,,,True,False
896,192,0.00367321962292724381516714326893763108562525196315103444191353,-0.134101780377072756184832856731062368914374748036848965558086,0.240918304905731810953791785817234407771406312990787758610478,0.0464694297927534282629028996151194230498110301475719506008178,4.40092074182493566246260061345861872085111463104311101765561,False,,,False,True
897,104,0.0501426494156806720780700428840570541354362821107229850427313,-0.0876323505843193279219299571159429458645637178892770149572687,0.142535662353920168019517510721014263533859070527680746260683,-0.0236038660778659778702876624542053281077639174397508189189347,0.578701898452374204069118374692501241234697637589842233306792,False,,,True,False
898,138,0.0265387833378146942077823804298517260276723646709721661237966,-0.111236216662185305792217619570148273972327635329027833876203,0.179134695834453673551945595107462931506918091167743041530949,0.00862182997189336480716420048402862004348792990052453378765275,1.32711196196783683253436109243818132893854690055099413030509,False,,,True,True
899,55,0.0351606133097080590149465809138803460711602945714966999114493,-0.102614386690291940985053419086119653928839705428503300088551,0.0775401533274270147537366452284700865177900736428741749778623,-0.0232642624657548874454384397613557970169370314243702743422301,0.395288324350916914211816822549600853492383668992007699839983,False,,,True,False
900,164,0.0118963508439531715695081411525245490542232631471264255692192,-0.125878649156046828430491858847475450945776736852873574430781,0.207974087710988292892377035288131137263555815786781606392305,0.0250530664851699867688146027303387561429606501481988010329125,1.96136438264699767071844251386483933669652487032977845112587,False,,,True,True
901,88,0.0369494173291231583383227438828633051971839132953252266021317,-0.100825582670876841661677256117136694802816086704674773397868,0.119237354332280789584580685970715826299295978323831306650533,-0.0236142232532100217421687701373030440046810750804762298664516,0.513939559210168303024597205796597475864623249807791486940142,False,,,True,False
902,30,0.0133351940759131365961539737455602611925028382148489967356801,-0.12443980592408686340384602625443973880749716178515100326432,0.04083379851897828414903849343639006529812570955371224918392,-0.0080010757923328393384954139515954633524810937473259935154668,0.51933719837381609814861711152641236419655482092651709335588,False,,,True,False
903,181,0.00533411828358029725765855979396479784002174446752300322021329,-0.132440881716419702742341440206035202159978255532476996779787,0.227583529570895074314414639948491199460005436116880750805053,0.0388464442380097745886769288348658638755614171330220879680754,3.36880398032392808583894264260410646549025111010919282290356,False,,,False,True
904,114,0.0441805625215900718463354886288306617155831616005450911882887,-0.0935944374784099281536645113711693382844168383994549088117113,0.153545140630397517961583872157207665428895790400136272797072,-0.0163662806961073339782810099050691309545402154289208005840445,0.683530837636975853451822924167054937201505396827277622402504,False,,,True,False
905,71,0.0278142818254827378680544787237615307610429461716242906042442,-0.109960718174517262131945521276238469238957053828375709395756,0.095703570456370684467013619680940382690260736542906072651061,-0.0144254825544302036647396413755559638087308266126297215744927,0.564778751711188981957635120303242819169042508952631056634156,False,,,True,False
906,148,0.0133887992710525342033148373482055669523121195589945690297515,-0.124386200728947465796685162651794433047687880441005430970249,0.188347199817763133550828709337051391738078029889748642257438,0.00538364562040229522896695452164396321221087475336462111046178,1.19850294165522442381836035551039504178352436760814610431487,False,,,True,True
907,46,0.0187724448914548294322817918698495301645229943123591901402133,-0.119002555108545170567718208130150469835477005687640809859787,0.0621931112228637073580704479674623825411307485780897975350533,-0.016035955692137689513007926225293904135875439158422589249372,0.474201412497482108684848762343057485784202173458322022588518,False,,,True,False
908,127,0.00273648919931713991927386564455562602864755515393660089084122,-0.135038510800682860080726134355444373971352444846063399109159,0.15943412229982928497981846641113890650716188878848415022271,0.000341522701223093782699715516711910837892443054298026934249192,1.03238673219490542112212977865578355043115114260380214870574,False,,,True,True
909,15,0.00307801190054023370197358116126753686653999820823462782509041,-0.13469698809945976629802641883873246313346000179176537217491,0.0195195029751350584254933952903168842166349995520586569562726,-0.00136010832299376193587711576971368120747897964362738084293215,0.363437508820788616120132150974848398453834240488138844120662,False,,,True,False
910,198,0.00171790357754647176609646539155385565906101856460724698215826,-0.136057096422453528233903534608446144340938981435392753017842,0.24792947589438661794152411634788846391476525464115181174554,0.0512818254366223103022087386296470219017837272525542217807234,5.89024282359010035128388126733052502849313534487755956626077,False,,,False,True
911,95,0.0529997290141687820683052040212008775608447458171614687628817,-0.0847752709858312179316947959787991224391552541828385312371183,0.13199993225354219551707630100530021939021118645429036719072,-0.0257285983827687893802852406832964314060849013871465305557208,0.516303458023077658689278629183346482596701743313871329735098,False,,,True,False
912,157,0.0272711306313999926880199633379044461547598444300149382071609,-0.110503869368600007311980036662095553845240155569985061792839,0.20306778265784999817200499083447611153868996110750373455179,0.019813148828816267957146418593231250562816854056836502020122,1.78819784472852623357607098488182616612904427033469827235132,False,,,True,True
913,75,0.047084279460216260645166381931135696717576698486851440227283,-0.090690720539783739354833618068864303282423301513148559772717,0.105521069865054065161291595482783924179394174621712860056821,-0.0258421523911876035329284905816430061192656004520274662545184,0.494384661925772250898446962316227066026573290331698186474183,False,,,True,False
914,121,0.0212421270690286571122378913494926905983110980348239739727645,-0.116532872930971342887762108650507309401688901965176026027235,0.156560531767257164278059472837373172649577774508705993493191,-0.00320244784950318346490631761047636404008825064402809608823023,0.887804595766415795583683732969806447281920845874619482250392,False,,,True,False
915,40,0.0180396792195254736473315737390163265582228473907958778845343,-0.119735320780474526352668426260983673441777152609204122115466,0.0545099198048813684118328934347540816395557118476989694711336,-0.00433094120577058187345160596309263390252800083928017176315838,0.593221746994663193651831469695197773462310831653645986687679,False,,,True,False
916,174,0.0137087380137548917738799677759236926556948465515157061213759,-0.124066261986245108226120032224076307344305153448484293878624,0.220927184503438722943469991943980923163923711637878926530344,0.0198472656492320234291726103010547237570614524541156595017377,1.56098989670935561413008447554127784581538286703668880629048,False,,,False,True
917,101,0.0335560036629869152030525780769784164127562990056313656231137,-0.104218996337013084796947421923021583587243700994368634376886,0.134639000915746728800763144519244604103189074751407841405778,-0.0182125447368422833911355656888074598031265807498849135776408,0.607887965715098129289647702545053432134349805372685859381928,False,,,True,False
918,57,0.0153434589261446318119170123881709566096297182557464520454729,-0.122431541073855368188082987611829043390370281744253547954527,0.0750858647315361579529792530970427391524074295639366130113682,-0.00592452592252622482806442180387815536593611387158197816742166,0.695961570512640873479869230659645290393313423855692820997356,False,,,True,False
919,186,0.00941893300361840698385259058429280124369360438416447387805122,-0.128356066996381593016147409415707198756306395615835526121949,0.234854733250904601745963147646073200310923401096041118469513,0.0361232051659073455117465090419894336923417638715574413891548,3.50214385622314086062966964405866291309090609991943107981374,False,,,False,True
920,134,0.045542138169525752495599099626282234936035368255721915267206,-0.092232861830474247504400900373717765063964631744278084732794,0.178885534542381438123899774906570558734008842063930478816802,-0.0028371935277432494377179473999457043511616565364632691300414,0.938480004806455293007078331469035008199478717790400231593974,False,,,True,False
921,82,0.0427049446417825030578811522263365305848737117192586461371646,-0.0950700553582174969421188477736634694151262882807413538628354,0.113176236160445625764470288056584132646218427929814661534291,-0.02167336966248720355761137547902396270260249652685992909224,0.502242883297395691080642865225621108453784127740312827542982,False,,,True,False
922,151,0.0210315749792952995002697767473125678822712151923987170449247,-0.116743425020704700499730223252687432117728784807601282955075,0.194007893744823824875067444186828141970567803798099679261231,0.0115123647913788602289368516391861926365616236463055496382655,1.4873331728971380698596210347251762932583381171096864163795,False,,,True,True
923,50,0.0325439397706741597292066283864987605188328388387042666831901,-0.10523106022932584027079337161350123948116716116129573331681,0.0706359849426685399323016570966246901297082097096760666707975,-0.0192201951019291032687779823368033179230906266805593610472326,0.475317007289905819517368535075513693774845255679616028170469,False,,,True,False
924,112,0.0133237446687450564604286460496954425957422121581449056359576,-0.124451255331254943539571353950304557404257787841855094364042,0.143330936167186264115107161512423860648935553039536226408989,-0.00578825365964105056544706081136246676451399485234697840149416,0.767379917079211914849528725224836507139997638204598577436368,False,,,True,False
925,169,0.00753549100910400589498158523833297583122821730579792723446341,-0.130239508990895994105018414761667024168771782694202072765537,0.213133872752276001473745396309583243957807054326449481808616,0.0252002737479839808330382400548965885471998077423804310103535,2.90056264604064870030929562564828600069565285225829594408462,False,,,False,True
926,70,0.0327357647570879867280198252932295643784280250481783582448169,-0.105039235242912013271980174706770435621571974951821641755183,0.0956839411892719966820049563233073910946070062620445895612042,-0.0244478866900574887539885047910674815604158867425634830675951,0.463797097021880900576491980504023582719643100364509697117152,False,,,True,False
927,24,0.00828787806703049797403132050216208281801213830561487517722183,-0.129487121932969502025968679497837917181987861694385124822778,0.0320719695167576244935078301255405207045030345764037187943055,-0.00367241149897903210977214891714755612290858904827894443516307,0.640203109469755962650972905499721132141403449322238301101253,False,,,True,False
928,191,0.00461546656805146586425917158501452669510354925733593074205876,-0.133159533431948534135740828414985473304896450742664069257941,0.239903866642012866466064792896253631673775887314333982685515,0.0473207006061539262666379826592168378472881289265804902910598,6.21268357924407967665908046534468099179718677473057546693387,False,,,False,True
929,119,0.0519361671742053921308971542442313645423916781839164210331185,-0.0858388328257946078691028457557686354576083218160835789668815,0.16173404179355134803272428856105784113559791954597910525828,-0.014996972450930775344617552115394022865431560863394423199708,0.727457344336604085118678723558239319443922207806857816583937,False,,,True,False
930,90,0.0369391947232746167862796021288373416769601173205219978334105,-0.100835805276725383213720397871162658323039882679478002166589,0.121734798680818654196569900532209335419240029330130499458353,-0.0148862321334728756798949694939978334064179888529897416735163,0.623194069088010430254670620932024196299330925382217149365921,False,,,True,False
931,145,0.0220529625898017411063846326348395082705421284675322561598943,-0.115722037410198258893615367365160491729457871532467743840106,0.186763240647450435276596158158709877067635532116883064039974,0.00720465120474773569230532207571328435369651823143301771745065,1.25690874557956091843613455554333321741026723658438292049148,False,,,True,True
932,54,0.0292576137945494767986899547105527926242386466989652738773449,-0.108517386205450523201310045289447207375761353301034726122655,0.0748144034486373691996724886776381981560596616747413184693362,-0.0185343158167837912550844913860709611562016880098958870176514,0.402139029602284841112249507178253506557980497692125948758476,False,,,True,False
933,163,0.0107232979777656855436054633244818314680369586890693868596936,-0.127051702022234314456394536675518168531963041310930613140306,0.206430824494441421385901365831120457867009239672267346714923,0.0189028570410563403434799835149361660136974791664574179070097,1.5934989840284266139182471017412023164753602041055738625539,False,,,True,True
934,99,0.0296261550188220258870854468394179974817344378555268047667032,-0.108148844981177974112914553160582002518265562144473195233297,0.131156538754705506471771361709854499370433609463881701191676,-0.0151535972757900693520823838492245232286810753834516015388954,0.59283286000517324368809842722798149186866232639265464979676,False,,,True,False
935,35,0.0144725577430319565350030629901934742530533624720752032278078,-0.123302442256968043464996937009806525746946637527924796772192,0.047368139435757989133750765747548368563263340618018800806952,-0.00913909410730091172699830667893326931179248584117628376245423,0.423456163043718296824078185324704573031793953870691913672952,False,,,True,False
936,180,0.00533346363573104480800475631126020494126087663089891946535358,-0.132441536364268955191995243688739795058739123369101080534646,0.226333365908932761202001189077815051235315219157724729866338,0.0313982090097591857591816792061553325525512269848562559638699,2.47344516873578071880311507818310928565525791373997665449017,False,,,False,True
937,125,0.0367316726454902305671864355174155374938121036157551754292235,-0.101043327354509769432813564482584462506187896384244824570776,0.165432918161372557641796608879353884373453025903938793857306,-0.00255337631951869709160161310603699209173298841854010665485835,0.937565057094471990617756514552685014075234843429063673833159,False,,,True,False
938,73,0.0341782963259715334755848224113785454020791151972150687743651,-0.103596703674028466524415177588621454597920884802784931225635,0.0997945740814928833688962056028446363505197787993037671935913,-0.0270517812045269468104246182925539609875257745616956480029257,0.437279538494046783180395999615992827152075933219251633806,False,,,True,False
939,153,0.00712651512144458666516020411882458441455334063551942077143947,-0.130648484878555413334839795881175415585446659364480579228561,0.19303162878036114666629005102970614610363833515887985519286,0.0167824726565312940809550663448480907635095136882844801911613,2.10510321311062676990350487140974950341349980995948464225095,False,,,True,True
940,49,0.0239089877779758807461152704636726751780628543238039009626008,-0.113866012222024119253884729536327324821937145676196099037399,0.0672272469444939701865288176159181687945157135809509752406502,-0.0198347961126009523787217521009966696360045405947959887979017,0.457126340784940270668630293728127555549146685656161545960134,False,,,True,False
941,108,0.00407419166537492836739351836267600554205831372900791216469903,-0.133700808334625071632606481637323994457941686270992087835301,0.136018547916343732091848379590669001385514578432251978041175,-0.00214511505592271709156924575539651031660819471122967200858134,0.790937495671466894518418087684782742563736608653277337966313,False,,,True,False
942,194,0.00192907660945221127582427260727949522545011901777824015611769,-0.135845923390547788724175727392720504774549880982221759843882,0.242982269152363052818956068151819873806362529754444560039029,0.0428151952336418621878125714481961398106134484812076682469735,13.032660230592838151831853125918279017628406762372132276845,False,,,False,True
943,85,0.0447442718430940734636368440554756350360635674989859084030912,-0.0930307281569059265363631559445243649639364325010140915969088,0.117436067960773518365909211013868908759015891874746477100773,-0.0182900600037307782863724727087305522495533678614159745186231,0.581765199863543090251689291058086187326288552780422401844776,False,,,True,False
944,138,0.0264542118393632951772643713467450827865101996375699338844682,-0.111320788160636704822735628653254917213489800362430066115532,0.179113552959840823794316092836686270696627549909392483471117,0.000822313353452620119669984625207597699514283566398142124425366,1.02280582245602206421784801878552569724821079182186224387836,False,,,True,True
945,58,0.0272765251928159152969343559719526804860244832039680760088935,-0.110498474807184084703065644028047319513975516796031923991106,0.0793191312982039788242335889929881701215061208009920190022234,-0.01464054595125113197398768883752686866469275785814300491647,0.438166901648205978539681853032747712816668771878483687817363,False,,,True,False
946,172,0.0126359792415647833229466671344258118213317253458250710924235,-0.125139020758435216677053332865574188178668274654174928907576,0.218158994810391195830736666783606452955332931336456267773106,0.0248958239743403492612934533836826038783975622277564770326439,1.84044738739718929711535687666656641685875621337476652200146,False,,,False,True
947,102,0.0375318032159051325842401205181084156997292875735815481250675,-0.100243196784094867415759879481891584300270712426418451874933,0.136882950803976283146060030129527103924932321893395387031267,-0.0176346537508074361823831478323644425623130058167418799766491,0.585301401544044647446038815146356322316540390076123731805661,False,,,True,False
948,37,0.0198971494650976964018569726857439731374162817568396681484183,-0.117877850534902303598143027314256026862583718243160331851582,0.0512242873662744241004642431714359932843540704392099170371046,-0.00975821300227678173940864499321801319581742932552211677475225,0.50749252285267704130970486892226781067406859335803349493852,False,,,True,False
949,148,0.0101389364628209146624483276925259599415988524313175513736661,-0.127636063537179085337551672307474040058401147568682448626334,0.187534734115705228665612081923131489985399713107829387843417,0.00622562837228298022204235408629720599275144210242299508259207,1.16520637292978333071571432011749158687947614800329559858933,False,,,True,True
950,75,0.0163645648351038948844906817788231659343502945337405464562582,-0.121410435164896105115509318221176834065649705466259453543742,0.0978411412087759737211226704447057914835875736334351366140645,-0.012329007751206092331204139495843312430104223842757558781315,0.535603187008688069029557695000370092116445003037106955033247,False,,,True,False
951,185,0.00403555708389780255328654228297985350424607069098298767494318,-0.133739442916102197446713457717020146495753929309017012325057,0.232258889270974450638321635570744963376061517672745746918736,0.0382649283097172167314436311005831903525742628291252906958388,3.46139530841650411319394558441350732491566750070194239623328,False,,,False,True
952,116,0.0423004853936150192847301733835630438568203335201082783707819,-0.0954745146063849807152698266164369561431796664798917216292181,0.155575121348403754821182543345890760964205083380027069592695,-0.013580659233689812996029437968400963393746088959431951428915,0.705838677972406523546688533355222692832235893305543008238263,False,,,True,False
953,53,0.0287198261599252062887007354151620804630742445606763269418669,-0.109055173840074793711299264584837919536925755439323673058133,0.0734299565399813015721751838537905201157685611401690817354667,-0.0160518561686247856765530827671668772652648159480638709647499,0.4818957065923402757533004342798914291911109950007351289598,False,,,True,False
954,159,0.012667969991300420612147652647995203197809428612612455977117,-0.125107030008699579387852347352004796802190571387387544022883,0.201916992497825105153036913161998800799452357153153113994279,0.0173419754060728329749826775065768301975735328133420780366404,1.53053612498176944686860918209510648975090882382056834655104,False,,,True,True
955,91,0.0300099453973732535871303301545720333953829614259545340137575,-0.107765054602626746412869669845427966604617038574045465986243,0.121252486349343313396782582538643008348845740356488633503439,-0.0195831134090656573717428359497241548468330557248993616852139,0.554043315463640847350275987592485736524255757305439828021802,False,,,True,False
956,27,0.0104268319883075962153874942048478785485499057010551723285436,-0.127348168011692403784612505795152121451450094298944827671456,0.0363567079970768990538468735512119696371374764252637930821359,-0.00679078705671883168422659902984120445959797194417124987152321,0.54475063986831696677696819662176296137617933692343486824301,False,,,True,False
957,133,0.00363604493158876453116089517500667408895193375688392245702035,-0.13413895506841123546883910482499332591104806624311607754298,0.167159011232897191132790223793751668522237983439220980614255,-0.00219762751046754219971135146859385901836356181715591389175487,0.903969178973970594903515382254498401617441143588935240592172,False,,,True,False
958,199,0.00143841742112122233144954370641281507058837193972800856526548,-0.136336582578878777668550456293587184929411628060271991434735,0.249109604355280305582862385926603203767647092984932002141316,0.0552101120593863042140707431349933002158226811750065869454547,28.6144301494310494303812804800833667850481895898335500981077,False,,,False,True
959,80,0.0566485294805075265455202868414061152864110531147345955107201,-0.0811264705194924734544797131585938847135889468852654044892799,0.11416213237012688163638007171035152882160276327868364887768,-0.0234476977875346512049147496645490865806248700928454281174365,0.536268541478222695392820825145031030806570160388397632992767,False,,,True,False
960,123,0.0332008316929728753406055371768570287057861830218891673932837,-0.104574168307027124659394462823142971294213816978110832606716,0.162050207923243218835151384294214257176446545755472291848321,-0.00847485818608840523838297863568695550878811235745155610939329,0.790557389190278560672002433615121211284441552552991988522033,False,,,True,False
961,48,0.0247259735068844701022225585411700731969980706644376112838904,-0.11304902649311552989777744145882992680300192933556238871611,0.0661814933767211175255556396352925182992495176661094028209726,-0.00312537226510552273938232740685174165124661370298363021676662,0.744857053943528045348661731143500243730499804269024873972952,False,,,True,False
962,167,0.0216006012417789473628402311343183315457514569614539810671237,-0.116174398758221052637159768865681668454248543038546018932876,0.214150150310444736840710057783579582886437864240363495266781,0.0143321257485019164816900388371772714544757950638118656611712,1.3655649840122477042803890857006336800159488320314228524855,False,,,True,True
963,100,0.035932726990280863844530269971495603000227252025265846728295,-0.101842273009719136155469730028504396999772747974734153271705,0.133983181747570215961132567492873900750056813006316461682074,-0.0185082081046659680418514686641244130881615303984896629809961,0.595027338582143840286404939681955591550209313610992476979857,False,,,True,False
964,144,0.0174245188856148958026788013073711899120657216267761837472989,-0.120350481114385104197321198692628810087934278373223816252701,0.184356129721403723950669700326842797478016430406694045936825,0.0124608685238936906085333950582364644192185927599031141058147,1.46942018078008474355962559031281853473860419388747409996106,False,,,True,True
965,62,0.0298853874095085864112121963656076543312843143866792978531136,-0.107889612590491413588787803634392345668715685613320702146886,0.0849713468523771466028030490914019135828210785966698244632784,-0.0182661358679725760481652638483683864306093314633676454710052,0.397646700033953204395206747648137650339319235563111774628039,False,,,True,False
966,178,0.0116192515415360103630469325172392679006749829233116523821084,-0.126155748458463989636953067482760732099325017076688347617892,0.225404812885384002590761733129309816975168745730827913095527,0.0295178411281399732774993142814457039346129915534195891012399,2.34744570548997722237238921319944594918736786415783278202619,False,,,False,True
967,88,0.0411370926696759836405462467986849718352879744767312414833483,-0.0966379073303240163594537532013150281647120255232687585166517,0.120284273167418995910136561699671242958821993619182810370837,-0.0220445091199962641012455082966587579462461871271006797020721,0.559814361412587390505099386014599988224528955002941252987563,False,,,True,False
968,129,0.0190925835496797195393007385020262138890417873496305617812762,-0.118682416450320280460699261497973786110958212650369438218724,0.166023145887419929884825184625506553472260446837407640445319,0.00344191313926044147368861794714758857797202961484899007155978,1.15537778741384721168859218415885649046459180199720002874634,False,,,True,True
969,39,0.022534496688940161012989356449173802467013816964479551852836,-0.115240503311059838987010643550826197532986183035520448147164,0.054383624172235040253247339112293450616753454241119887963209,-0.014629786312602539345269156453842520829839315854875680180695,0.351841072165720430399605701202122939155661547090067157325176,False,,,True,False
970,188,0.00790471037633762166772019999533128163717450110960387167214098,-0.129870289623662378332279800004668718362825498890396128327859,0.236976177594084405416930049998832820409293625277400967918035,0.0408726241799400084275986828590106741120970484215981359846977,3.27259313382562508909911451815918673407062986034898015894744,False,,,False,True
971,107,0.0487773345562776300953188828543419557492715495312020076568387,-0.0889976654437223699046811171456580442507284504687979923431613,0.14594433363906940752382972071358548893731788738280050191421,-0.0189456049083725230429477599876880031484136320180381580170104,0.637314304344410840003288531887010410373263815873144588688159,False,,,True,False
972,69,0.0298317296479051070523711228666539526008579175131638496398282,-0.107943270352094892947628877133346047399142082486836150360172,0.0937079324119762767630927807166634881502144793782909624099571,-0.00693632656191850093260753952072934623334100974629326535490449,0.702772348797749844914646135593948173459894427873747575457869,False,,,True,False
973,155,0.0228954030859866061197635833459246063675169077668705842849237,-0.114879596914013393880236416654075393632483092233129415715076,0.199473850771496651529940895836481151591879226941717646071231,0.000892240702842024222515687621279688030376560865605563688861122,1.02411278616862866281089667356964435286052423635883928168248,False,,,True,True
974,51,0.0237876437888286303422792709672042943978934686324761479737849,-0.113987356211171369657720729032795705602106531367523852026215,0.0696969109472071575855698177418010735994733671581190369934462,-0.010510368571922427970932810513474583308580573762423982487463,0.588030219046002154578899974473686967690375680953824218342465,False,,,True,False
975,139,0.0132772752169062023713464604537297110893128948700521654863219,-0.124497724783093797628653539546270288910687105129947834513678,0.17706931880422655059283661511343242777232822371751304137158,-0.000736409870097644914970821872676676638253761247187040091684093,0.983557445888442061754344168290949105167080339456188728430767,False,,,True,False
976,93,0.0125408653468085574563756385810530344510591336228651253946378,-0.125234134653191442543624361418946965548940866377134874605362,0.119385216336702139364093909645263258612764783405716281348659,-0.00622274122807428101089404540981101512412221498345367067158942,0.682833379259886049381328176532492521413994183274743078247054,False,,,True,False
977,175,0.00631812411873427644548159317124201932693691863941145472304838,-0.131456875881265723554518406828757980673063081360588545276952,0.220329531029683569111370398292810504831734229659852863680762,0.0243082411383267831551722751529713177095500947519459813871264,3.50523023841798594985016175183182664416927003050039229680698,False,,,False,True
978,64,0.0306263652570610596006538683242133370364870133913574361101748,-0.107148634742938940399346131675786662963512986608642563889825,0.0876565913142652649001634670810533342591217533478393590275437,-0.0184493773015414656428163224901610476922700538028175951331206,0.533394089641848179490451076690082820770601224030650697322134,False,,,True,False
979,120,0.0121769879555195939578375458340522893442169595885398409770541,-0.125598012044480406042162454165947710655783040411460159022946,0.153044246988879898489459386458513072336054239897134960244264,-0.00235149096411489891549481542576501057786321628518118949867991,0.88500159387578906056384189786115108070145181927438642433871,False,,,True,False
980,26,0.00982549699140469504234273040828727876635374330335865147837423,-0.127949503008595304957657269591712721233646256696641348521626,0.0349563742478511737605856826020718196915884358258396628695936,-0.00588377070707536594182100248216579437274012293572974291596461,0.374704111645636188301302718914021279329089854335561704304486,False,,,True,False
981,193,0.00394172628432932910052172792612148439361362036762890856240962,-0.13383327371567067089947827207387851560638637963237109143759,0.242235431571082332275130431981530371098403405091907227140602,0.0410438573188592592983362682911253944786018931819112245164675,3.88784911323438953971561463146947068153611885281036386040512,False,,,False,True
982,101,0.0449855836031885883988579962172468788722155135495401330788771,-0.0927894163968114116011420037827531211277844864504598669211229,0.137496395900797147099714499054311719718053878387385033269719,-0.0165697092117577589051332495290456078236909926166275168926147,0.614459292417013496836209108386123628657567425493449349405615,False,,,True,False
983,150,0.0284158743914308294937247466882012710485245209329126161862624,-0.109359125608569170506275253311798728951475479067087383813738,0.194603968597857707373431186672050317762131130233228154046566,0.0121549599905989910563923678397215514690417575026420543267734,1.38752444923331192108640435108047523551544830165864773913793,False,,,True,True
984,74,0.0405708343820298205501171145279228225175662784355546705130358,-0.0972041656179701794498828854720771774824337215644453294869642,0.102642708595507455137529278631980705629391569608888667628259,-0.0244254325512581612794514963411694918551580091871598334306537,0.464112665947105995804328205473858630748861672274442398282463,False,,,True,False
985,164,0.0161454018307716592706656181867533306624082692483948370823821,-0.121629598169228340729334381813246669337591730751605162917618,0.209036350457692914817666404546688332665602067312098709270596,0.0212884773029862940969321700192762641913466926805890595493298,2.25759332119660059190122613461230077669501297436045788425121,False,,,True,True
986,54,0.0374338791337579533675977882060295948537549619289838966317119,-0.100341120866242046632402211793970405146245038071016103368288,0.076858469783439488341899447051507398713438740482245974157928,-0.0153475012899972641696376997353730408038832554347523162458685,0.541906882239102717381232677998101394780857009411402301652883,False,,,True,False
987,126,0.0220863778437606891979600884706565540498717064942315803858434,-0.115688622156239310802039911529343445950128293505768419614157,0.163021594460940172299490022117664138512467926623557895096461,-0.00999264861175008736948640109277749654661935932748221058345045,0.790759669460138563643252231957570532528956088070467339918361,False,,,True,False
988,33,0.012093729232010601828473687377879057503252347166749369802393,-0.125681270767989398171526312622120942496747652833250630197607,0.0442734323080026504571184218444697643758130867916873424505982,-0.00529488352679281519396380021491338523907290875747035427586865,0.45390882839056877455530404152994701307981199917393428438292,False,,,True,False
989,182,0.00679884570521778663450988716296567226417943840927901552652431,-0.130976154294782213365490112837034327735820561590720984473476,0.229199711426304446658627471790741418066044859602319753881631,0.0391860428296099258135048821884132381613100713054053810818422,3.19962595901257247505641909828804779805160694298177822232371,False,,,False,True
990,95,0.0459848885348277124480147693513789104254895097146843966083666,-0.0917901114651722875519852306486210895745104902853156033916334,0.130246222133706928112003692337844727606372377428671099152092,-0.0247345707552238729124699004912041463152839952934684403736545,0.541455621484741598775744347650754513687273130030540870522122,False,,,True,False
991,136,0.0212503177796038395355448688601747641102055144212159562347121,-0.116524682220396160464455131139825235889794485578784043765288,0.175312579444900959883886217215043691027551378605303989058678,0.00454280216024051814667398344563859294333741955297650460868057,1.13623022593604359929180516719210405251374154886310860278139,False,,,True,True
992,65,0.0257931199398443576822188523058133570535429339741924608433926,-0.111981880060155642317781147694186642946457066025807539156607,0.0876982799849610894205547130764533392633857334935481152108482,-0.0202131589453950402027262551330424615640659146564625122788775,0.440658385224631613483478328796881569321987196178072319468712,False,,,True,False
993,170,0.00557996099444931747949259717277089548947701931772994856451516,-0.132195039005550682520507402827229104510522980682270051435485,0.213894990248612329369873149293192723872369254829432487141129,0.0262889891627337189202072738501579091428280396969837875125759,2.72386846171370876524302400612788077730152282548352645789553,False,,,False,True
994,106,0.0318689501571830363996998710229288046323050590147137360770911,-0.105906049842816963600300128977071195367694940985286263922909,0.140467237539295759099924967755732201158076264753678434019273,-0.0120644696849814888285069450501079114030844547226869390751679,0.671214167445124968636506345240883227363229384718314587039737,False,,,True,False
995,42,0.0198044804722015475711929259728208932292206042920267970019232,-0.117970519527798452428807074027179106770779395707973202998077,0.0574511201180503868927982314932052233073051510730066992504808,-0.0171988976315955907010406666079942792566573952835823452208846,0.387675534377820923639410328145816514449310201928929034477739,False,,,True,False
996,197,0.00260558284060595687015225936482661397256320900844445178103861,-0.135169417159394043129847740635173386027436790991555548218961,0.24690139571015148921753806484120665349314080225211111294526,0.0519453816790667117264677232854146133701734973241829341659142,14.090579302237664538488173129666835864165699198468624778547,False,,,False,True
997,117,0.0545509645196726685966199826502412273427367063326273859469528,-0.0832240354803273314033800173497587726572632936673726140530472,0.159887741129918167149154995662560306835684176583156846486738,-0.012923879474426202922812674243676327288064795371079739268541,0.747633611351551909337845060746647295047354686775390244885299,False,,,True,False
998,79,0.0416270850452464656738073084065649000546719109615476466784118,-0.0961479149547535343261926915934350999453280890384523533215882,0.109156771261311616418451827101641225013667977740386911669603,-0.0128908665662993846993100513604301786240408928360876823703648,0.61628120525106659799784515976738967291130324605458499292219,False,,,True,False
999,153,0.028736218478947080974497257046134721430631018125459964308047,-0.109038781521052919025502742953865278569368981874540035691953,0.198434054619736770243624314261533680357657754531364991077012,0.00439668916040442279729871186963038011029842664245331448143724,1.1225473374073184410726885027912994672331885838575077243727,False,,,True,True
1000,57,0.0331329076393515037717959689157651015409294447679132787894843,-0.104642092360648496228204031084234898459070555232086721210516,0.0795332269098378759429489922289412753852323611919783196973711,-0.0155963433426595953707705037326529053966685138030401789504732,0.52142678440060171707301324947078828208364516853027574181553,False,,,True,False
1001,142,0.0175365642966919084010254651831121961442609309648730998390111,-0.120238435703308091598974534816887803855739069035126900160989,0.181884141074172977100256366295778049036065232741218274959753,0.00162487062179243506389724888009870425309499167376078912371095,1.03737237810535242193755454085986692679879620684481928589359,False,,,True,True
1002,91,0.0191614349184843434649227140632109003973559226386338889627221,-0.118613565081515656535077285936789099602644077361366111037278,0.118540358729621085866230678515802725099338980659658472240681,-0.00928818095973305163018915689279776516677403689706869057748342,0.574719248290661542302116151354137771709606539505578059035905,False,,,True,False
1003,179,0.00987325395875129183473355717041313523058188574156519838523866,-0.127901746041248708165266442829586864769418114258434801614761,0.22621831348968782295868338929260328380764547143539129959631,0.0279872889995450563284945311155371472303526869812750633870511,3.75670597296069128788898443242012777164712020154218342554101,False,,,False,True
1004,69,0.0378605429582963481632280882859502824609345727228402617722897,-0.0999144570417036518367719117140497175390654272771597382277103,0.0957151357395740870408070220714875706152336431807100654430724,-0.0172730843243060140495127491066294544376645500938669301842217,0.563977681763948789250494882191897341813203963854533409602909,False,,,True,False
1005,128,0.020587458633990334113715339179320828023270022628973331588068,-0.117187541366009665886284660820679171976729977371026668411932,0.165146864658497583528428834794830207005817505657243332897017,-0.00270800572908346677900750408784301015848979292001345465788158,0.899413948027929072654616283529298386233225780977632433825207,False,,,True,False
1006,35,0.0178794529049068673347078350914778178647802297089598769301865,-0.119895547095093132665292164908522182135219770291040123069814,0.0482198632262267168336769587728694544661950574272399692325466,-0.00976657619162021640450627954312295039199277327793564445567661,0.433760632404354713371083413062321392292580942374268361979032,False,,,True,False
1007,162,0.00811287671328665093020155554835486747278745643102423247450985,-0.12966212328671334906979844445164513252721254356897576752549,0.204528219178321662732550388887088716868196864107756058118627,0.0172062710423912574368808056566741873438056705151321419177041,1.507173870118209828441341628374292701087859891060266802327,False,,,True,True
1008,100,0.025319147755677908367082361205029054816593126946156374392214,-0.112455852244322091632917638794970945183406873053843625607786,0.131329786938919477091770590301257263704148281736539093598053,-0.0169234491293055844217341821521266709532213608963963166616163,0.596028685590681419243648504609510965254691731676295717477692,False,,,True,False
1009,48,0.00839569862637232394534817905290238386337176604976005773059773,-0.129379301373627676054651820947097616136628233950239942269402,0.0620989246565930809863370447632255959658429415124400144326494,-0.00266356097677332596308245170619741201365615379248290697046567,0.555993479848690862906836475528334034315542273924999443545443,False,,,True,False
1010,189,0.00573213764959899798226572734670497184971561225727715076013205,-0.132042862350401002017734272653295028150284387742722849239868,0.237683034412399749495566431836676242962428903064319287690033,0.0350408116179517866034431005371508977688817655216765334355475,2.54429520165545603591544033256135763494662242605702574491234,False,,,False,True
1011,114,0.0407729492675507845857088278838558696185973777789536841956795,-0.0970020507324492154142911721161441303814026222210463158043205,0.15269323731688769614642720697096396740464934444473842104892,-0.0153365888447339761030904737828816200633801387784528825274287,0.700689723468828126903732877663263584087491670178645795654586,False,,,True,False
1012,75,0.0254363604228168084826183541009742495552172390005008016682508,-0.112338639577183191517381645899025750444782760999499198331749,0.100109090105704202120654588525243562388804309750125200417063,-0.0104038937608144482134452730163277131100483841154735565938543,0.649145139840687219763763193489919536420615166260612325831873,False,,,True,False
1013,149,0.0150324666620023602691730810846465364451688548850272450743965,-0.122742533337997639730826918915353463554831145114972754925603,0.190008116665500590067293270271161634111292213721256811268599,0.0037240231270458177593393329295300738999620650809201164887992,1.14265181900745441051702590187226920781560674332535262372736,False,,,True,True
1014,40,0.0187564897890481780285124140141766103451309199659473615631957,-0.119018510210951821971487585985823389654869080034052638436804,0.0546891224472620445071281035035441525862827299914868403907989,-0.0110919592044600883446094716261540557991172549197743811292102,0.439657097981639558896642516925432379804777959526799276602446,False,,,True,False
1015,173,0.00766453058458808968390294238802255454601366504617298043398558,-0.130110469415411910316097057611977445453986334953827019566014,0.218166132646147022420975735597005638636503416261543245108496,0.0299576701292404316847565582446729342086929104214165599391721,2.23297736836572099628555516731692054271372140471248298765898,False,,,False,True
1016,93,0.0376222007138285213686595006326954887547065754675895403731577,-0.100152799286171478631340499367304511245293424532410459626842,0.125655550178457130342164875158173872188676643866897385093289,-0.0218652123362762357573739288514554708338829471591603893968325,0.565841785110770141665072078217776107641595968149299606764778,False,,,True,False
1017,132,0.0157569883775522856112855717812400179208236283084291509763251,-0.122018011622447714388714428218759982079176371691570849023675,0.168939247094388071402821392945310004480205907077107287744081,0.00386975904056046502648239077734455792819505401037330229964089,1.12886677918607158191218789164232098480065989533458070693752,False,,,True,True
1018,56,0.019626747418112750637767962558584575849018682318802453275966,-0.118148252581887249362232037441415424150981317681197546724034,0.0749066868545281876594419906396461439622546705797006133189915,-0.0169132734518546785682135055554240056893437101691808784501771,0.381712348420915895362344298893577988536503861815234989104962,False,,,True,False
1019,192,0.00271347396625807206955445700316057015967497214962157482578898,-0.135061526033741927930445542996839429840325027850378425174211,0.240678368491564518017388614250790142539918743037405393706447,0.0441453140839356518379263593093530101060106212657862543126455,6.01309947565576633534543122366008991114672021466587317769738,False,,,False,True
1020,107,0.0468587880501937239074808163125135802656855934154078291384345,-0.0909162119498062760925191836874864197343144065845921708615655,0.145464697012548430976870204078128395066421398353851957284609,-0.0201483792822360062990860883296968563836626909873055309942169,0.624491040592719550110418303682137612459334021862993561159343,False,,,True,False
1021,70,0.0267104087679577176083947279828167238820229024281022981442176,-0.111064591232042282391605272017183276117977097571897701855782,0.0941776021919894294020986819957041809705057256070255745360544,-0.00649932030976790402204546606683119694694355207385031848771804,0.710755668755502913808734523772622713756470124331366606364402,False,,,True,False
1022,157,0.0202110884581898135863492619159855269350793503542519796564995,-0.1175639115418101864136507380840144730649206496457480203435,0.201302772114547453396587315478996381733769837588562994914125,0.0038109794012114612032609164090130874174852565511177600444321,1.13028688174989015735601446387158354114939636423895025550662,False,,,True,True
1023,121,0.0240220678594012747896101783249986143525646069053697397009316,-0.113752932140598725210389821675001385647435393094630260299068,0.157255516964850318697402544581249653588141151726342434925233,0.000569796131498546634941500964972272001371039859512855433140571,1.02193970387551270999881869943718262097623778442098836777954,False,,,True,True
1024,43,0.0245918639908998214245516792899708863539356467648825951340722,-0.113183136009100178575448320710029113646064353235117404865928,0.059897965997724955356137919822492721588483911691220648783518,-0.0178941840739384744685246927407842824360688084068092095414226,0.348294069636150301755972240950098195074470296087976410712805,False,,,True,False
1025,177,0.00669767991696134695602698654918660391786683835807338559264962,-0.13107732008303865304397301345081339608213316164192661440735,0.222924419979240336739006746637296650979466709589518346398162,0.0339199651516485670478072348935984791485250692728480090101294,2.65034640898792802975993791322928963351016626890221690634965,False,,,False,True
1026,86,0.040617645068609914003834221442785083066391907630921394602779,-0.097157354931390085996165778557214916933608092369078605397221,0.117654411267152478500958555360696270766597976907730348650695,-0.0225802714284893112781220202988201342723196990669328062688692,0.525310273626464114022664889842874660595611255655372415121545,False,,,True,False
1027,140,0.0180373736401206027257122011439649487940722085639885883339098,-0.11973762635987939727428779885603505120592779143601141166609,0.179509343410030150681428050285991237198518052140997147083477,0.0057367311888337553678230474604045058747992199131157086547993,1.19121271118582117939528295512152299319424604261100633131696,False,,,True,True
1028,58,0.0237741048289543580935352486043694546688714284771042969887091,-0.114000895171045641906464751395630545331128571522895703011291,0.0784435262072385895233838121510923636672178571192760742471773,-0.0207847888960235546441689773960889023930729818449441771440743,0.426267317769229429794153418899093717854936803323675444296671,False,,,True,False
1029,15,0.0029893159329308034493662712082805522757984466321601198446348,-0.134785684067069196550633728791719447724201553367839880155365,0.0194973289832327008623415678020701380689496116580400299611587,-0.000385275816102208660376659218457095367426333225285854256319879,0.778309944266773094464767894949808837591939692423951603441151,False,,,True,False
1030,185,0.00260404011682859478898961198982345690837211340687426558831492,-0.135170959883171405211010388010176543091627886593125734411685,0.231901010029207148697247402997455864227093028351718566397079,0.0403482567084262318868893334448620148806167086708651166321006,3.31618607968876674691744287234639798423119650338270861644225,False,,,False,True
1031,103,0.0429522968252548266758789454346854717889888220777393822204155,-0.0948227031747451733241210545653145282110111779222606177795845,0.139488074206313706668969736358671367947247205519434845555104,-0.0230163705290543738841033716736186798893827991895758787551919,0.580620843589528783711743682535419640549019989365402500320299,False,,,True,False
1032,146,0.0199359262962004527917755737610667918996060228881635034652236,-0.117839073703799547208224426238933208100393977111836496534776,0.187483981574050113197943893440266697974901505722040875866306,0.0133975976103258313191108535491111010287644267262591106443479,1.47241078065409153261439603290122652713309332089470122884505,False,,,True,True
1033,72,0.0333335239065262841108864273101778929283704496144226141095715,-0.104441476093473715889113572689822107071629550385577385890428,0.0983333809766315710277216068275444732320926124036056535273929,-0.0251113506807625188588406056138755747875657481700532140851683,0.456583052595276419552910244415081235841411320876680685294573,False,,,True,False
1034,31,0.00822217322576376525204582169630231814080470144436940002440324,-0.129552826774236234747954178303697681859195298555630599975597,0.0408055433064409413130114554240755795352011753610923500061008,-0.00242146288259844008133514759610313122785097159282962895988897,0.704487648542791741363410542463586459284123505596590720286471,False,,,True,False
1035,166,0.00580071034316532517071067410019918691295372985153977106451427,-0.131974289656834674829289325899800813087046270148460228935486,0.208950177585791331292677668525049796728238432462884942766129,0.0196170487471769233273595479835050138835206579721462076496671,1.62114340637804394385161803709636070000031407646243492011894,False,,,True,True
1036,113,0.0254177590903422484980702220837042007964743878236859787141814,-0.112357240909657751501929777916295799203525612176314021285819,0.147604439772585562124517555520926050199118596955921494678545,-0.0123532041249924607454458005486582170315753377476081504495282,0.700861298866912281845750439595627159440576811426713067675513,False,,,True,False
1037,51,0.0130645549653497877526244215350459837648990500760778282646532,-0.124710445034650212247375578464954016235100949923922171735347,0.0670161387413374469381561053837614959412247625190194570661633,-0.0116649361972107574726467751238167667436831507250445997651127,0.449721236813940243910181044587630449404296726768708767050163,False,,,True,False
1038,196,0.00139961876813903027997764641122921702121589935103322849954049,-0.13637538123186096972002235358877078297878410064896677150046,0.245349904692034757569994411602807304255303974837758307124885,0.0484278614336228733322028921051029382370182352347591086052412,6.47893041805818420766414877477509191972690572214602397293568,False,,,False,True
1039,95,0.0498274802017619036121805385163321552582341345857923371047817,-0.0879475197982380963878194614836678447417658654142076628952183,0.131206870050440475903045134629083038814558533646448084276195,-0.0169594342138403055800459607284091238795290417803472313993277,0.633337278489688806792160022499149085844885005364501865956962,False,,,True,False
1040,134,0.0328680459879215980321345777879230313787050928054451057054539,-0.104906954012078401967865422212076968621294907194554894294546,0.175717011496980399508033644446980757844676273201361276426363,-0.00449284351940205974617854985262541785443242673633636084591767,0.895527557311311742455821866884537834508449787163640689056846,False,,,True,False
1041,64,0.0283752024685195382859560279352976135242726660691087448595363,-0.109399797531480461714043972064702386475727333930891255140464,0.0870938006171298845714890069838244033810681665172771862148841,-0.0121565591978299453881762277952591655871458461416719082943566,0.544286940006569130871030207963510589695025557693184450411716,False,,,True,False
1042,160,0.0162186432706895928977798001400384479371268199274368365651797,-0.12155635672931040710222019985996155206287318007256316343482,0.204054660817672398224444950035009611984281704981859209141295,0.0109912433824496456277048541830936820042821668288665443914278,1.30472756616216728175266651264008202128398796707587370496014,False,,,True,True
1043,84,0.0272098866531392385254846543231321299414089867563033809566074,-0.110565113346860761474515345676867870058591013243696619043393,0.111802471663284809631371163580783032485352246689075845239152,-0.0173660610565474257770960012030689963505343204872754731990617,0.572836273196385903034242952686909661780299933622821211925515,False,,,True,False
1044,27,0.00984382559659181274838865312006313359087466626902790775754571,-0.127931174403408187251611346879936866409125333730972092242454,0.0362109563991479531870971632800157833977186665672569769393864,-0.00237944012962260956516742700967357553548191561312619107092896,0.633081714248822321750840349637494196735284616644018327009966,False,,,True,False
1045,174,0.00746438546696920318322122611038955805539275065590171668661675,-0.130310614533030796816778773889610441944607249344098283313383,0.219366096366742300795805306527597389513848187663975429171654,0.0276287925714050379387868906105823228460229291388056760844981,2.10114587334327285769550497408850802530720632826507931316666,False,,,False,True
1046,118,0.0350931780383742411220081167209718809014156797947073927711148,-0.102681821961625758877991883279028119098584320205292607228885,0.156273294509593560280502029180242970225353919948676848192779,-0.0132018563563353406725489409812518974231915570661136838648952,0.710182206499288031142718893094514438183274136461483335180879,False,,,True,False
1047,55,0.0218913216820389004494591757397199834782241227285937089062197,-0.11588367831796109955054082426028001652177587727140629109378,0.0742228304205097251123647939349299958695560306821484272265549,-0.014538873503626244116230736518309113886824553151146973504284,0.504944490445364671964675937613243355866421272752927055115533,False,,,True,False
1048,150,0.00735244817841265633322843922141086959139956957744673540193562,-0.130422551821587343666771560778589130408600430422553264598064,0.189338112044603164083307109805352717397849892394361683850484,0.00790671721752629755933165410687432416349277012324529774842951,1.20343169946134790355196432888976647950561820458370522168165,False,,,True,True
1049,91,0.0152591653959389538925600933282851937548923397006920331503651,-0.122515834604061046107439906671714806245107660299307966849635,0.117564791348984738473140023332071298438723084925173008287591,-0.0111392888126059165223285995215087748590194047139086413641614,0.570898761448727779132550713567080095438844171858442519093389,False,,,True,False
1050,17,0.00411987658333303737023149380677641889587293498678339178620375,-0.133655123416666962629768506193223581104127065013216608213796,0.0222799691458332593425578734516941047239682337466958479465509,-0.00182542861521959696933522980860399100173337656311671313049903,0.425874442770087134062580178649322156860423506339177004760311,False,,,True,False
1051,187,0.00229444796811344040089626399817242789413955842366667865570473,-0.135480552031886559599103736001827572105860441576333321344295,0.234323611992028360100224065999543106973534889605916669663926,0.0347921425471927390205892047729392148454544704033406447676021,2.62704877649453788813231385805072074801396277512508664199541,False,,,False,True
1052,108,0.0370865905153061794214854687711116427395940288270073234233068,-0.100688409484693820578514531228888357260405971172992676576693,0.144271647628826544855371367192777910684898507206751830855827,-0.0153093016163641242803896593925647811543934124781984857418545,0.674667688093177819618382830707094181119128797810554260204598,False,,,True,False
1053,61,0.0217772888989420551410958093785468615852006163488088376814523,-0.115997711101057944858904190621453138414799383651191162318548,0.0816943222247355137852739523446367153963001540872022094203631,-0.0116701999001553471088495660840525292038955275150497916115637,0.593902014237347194297940680270061805542937661272574994664117,False,,,True,False
1054,142,0.0101070889987867080322462432944943323813050888337590460698886,-0.127667911001213291967753756705505667618694911166240953930111,0.180026772249696677008061560823623583095326272208439761517472,0.00081346884065770145182846120349160745284684143785902315959771,1.03100860891264327219735185116810413706692215815372446329322,False,,,True,True
1055,37,0.0109205578394444094840747044979859398341519302716180692294863,-0.126854442160555590515925295502014060165848069728381930770514,0.0489801394598611023710186761244964849585379825679045173073716,-0.00870364580905915936805307019767412805676832549896754584144485,0.427201187688385317228201010466915615527263885833488726631935,False,,,True,False
1056,169,0.00221691203038525011602163430031181177738360477265052338804147,-0.135558087969614749883978365699688188222616395227349476611959,0.21180422800759631252900540857507795294434590119316263084701,0.0250066276723211281462472869712982508044313720816722048374942,1.96094298541093549262250540152310349704984583509923471728116,False,,,False,True
1057,82,0.0272235397027063782622689212716100625818149768543227282255357,-0.110551460297293621737731078728389937418185023145677271774464,0.109305884925676594565567230317902515645453744213580682056384,-0.0205918031831709085828420676190670242947822361151155571504406,0.553631253168522876340744461898715391337104807707315326882627,False,,,True,False
1058,126,0.00663173651953546967942685365254303828703274073920717107509503,-0.131143263480464530320573146347456961712967259260792828924905,0.159157934129883867419856713413135759571758185184801792768774,0.0000358934676854170547852940953363446291536193645165546307622054,1.00206616717481064175140562612497355718982145662518606379335,False,,,True,True
1059,25,0.00666762998722088673421214774787938291618636010372372570585723,-0.131107370012779113265787852252120617083813639896276274294143,0.0329169074968052216835530369369698457290465900259309314264643,-0.0055912009413739296400010946328808236518833130252206867014984,0.278597486335635731731473426708166652784616674310028236073582,False,,,True,False
1060,199,0.00107642904584695709421105311499855926430304707850303900435883,-0.136698570954153042905788946885001440735696952921496960995641,0.24901910726146173927355276327874963981607576176962575975109,0.0497070054884861482411213940183008428397899435357694367047893,5.57165615405619113356622407392579144652465654255254057763622,False,,,False,True
1061,100,0.0507834345343331053353324471332994021040929906142724757091482,-0.0869915654656668946646675528667005978959070093857275242908518,0.137695858633583276333833111783324850526023247653568118927287,-0.022194939460317837405564169718835989476260082555408133388356,0.565129667923758130276197472835934156838630199132938180576543,False,,,True,False
1062,153,0.0285884950740152679297682774144634126278329080588643423207922,-0.109186504925984732070231722585536587372167091941135657679208,0.198397123768503816982442069353615853156958227014716085580198,0.0182535307012705990825547351516831684595360975315153031829754,1.71093329876248746569276925102492319016917514963963462712308,False,,,True,True
1063,68,0.0468420257752858670123230125661465810873690055903796455037676,-0.0909329742247141329876769874338534189126309944096203544962324,0.0967105064438214667530807531415366452718422513975949113759419,-0.0274068266634804188428993180447258444344089234407567727289187,0.456126692410847315764132168170521651029496693342812617981712,False,,,True,False
1064,131,0.019435199111805448169423694521420736652960082149622872774849,-0.118339800888194551830576305478579263347039917850377127225151,0.168608799777951362042355923630355184163240020537405718193712,0.00115055647585397740463020486022651512133049886322175399930114,1.04015836393274532120136062636670321908429459979648361763133,False,,,True,True
1065,46,0.0205857555876594255740538993816472517742905810128446267741501,-0.11718924441234057442594610061835274822570941898715537322585,0.0626464388969148563935134748454118129435726452532111566935375,-0.00793559785523817305788474557267088199971353961734219800985889,0.42141905159429265539602024353009516793149474380935851196047,False,,,True,False
1066,181,0.0126501577324212525161691538089763697745770413955024287642912,-0.125124842267578747483830846191023630225422958604497571235709,0.229412539433105313129042288452244092443644260348875607191073,0.0313547669728461584325503585467866122062497445044655191608945,2.21934552907149794913706165484225481835034596851689312136499,False,,,False,True
1067,93,0.0440049247052674109487195123557629819808267858999679479251857,-0.0937700752947325890512804876442370180191732141000320520748143,0.127251231176316852737179878088940745495206696474991986981296,-0.0240422020785033821148425512950617030143288318381576891129555,0.555010320180547015627920756350615936525407937547205252839348,False,,,True,False
1068,144,0.0199627226267640288338769610607012789664979540618102588122303,-0.11781227737323597116612303893929872103350204593818974118777,0.184990680656691007208469240265175319741624488515452564703058,0.00987533778909493125113993231177466947776053050185630338291949,1.35022064226543339992127868370122491661207322796899071763638,False,,,True,True
1069,59,0.0298380604158589600850168933724759484442584845636665621951498,-0.10793693958414103991498310662752405155574151543633343780485,0.0812095151039647400212542233431189871110646211409166405487874,-0.0198104079648055340945056360800649501248524215208954056878627,0.469758317834003095701854062520476112860594947942926544139194,False,,,True,False
1070,165,0.0100276524510534259905112572924109983194060630427711565072871,-0.127747347548946574009488742707589001680593936957228843492713,0.208756913112763356497627814323102749579851515760692789126822,0.02408437457671976387676255870622268395372357498766916694134,1.90282456127896822695870787952507962335631294936991132707656,False,,,True,True
1071,107,0.034112027027773189867273815998633682273129638030440323448627,-0.103662972972226810132726184001366317726870361969559676551373,0.142278006756943297466818453999658420568282409507610080862157,-0.0144130719866194610756797564293892689748252135823649953513798,0.653010861006517355476398879048125060810934360755245324072163,False,,,True,False
1072,37,0.0196989550411537287915940595692444132983044244480753280972473,-0.118076044958846271208405940430755586701695575551924671902753,0.0511747387602884321978985148923111033245761061120188320243118,-0.0136195731383421051517662977301606706158507119324527509708473,0.380009190081495781047831613316142293323829244199269818806553,False,,,True,False
1073,190,0.0060793819028116236398277618390837426824537125156225771264,-0.1316956180971883763601722381609162573175462874843774228736,0.2390198454757029059099569404597709356706134281289056442816,0.0451223861714343458015261349701983782366960184338266687949113,4.4875869117882605288955289629066465128972150698140473713222,False,,,False,True
1074,86,0.0512017680742459694413538968092821209191497309494492459213113,-0.0865732319257540305586461031907178790808502690505507540786887,0.120300442018561492360338474202320530229787432737362311480328,-0.0190902575079347278738061949434784805908578847473541121401944,0.596423218929826863174192257089418510766021152972463495296487,False,,,True,False
1075,128,0.0321115105663112415675477018658036403282918462020951337811169,-0.105663489433688758432452298134196359671708153797904866218883,0.168027877641577810391886925466450910082072961550523783445279,-0.00901900084814778084366329539234219540826438602251044091558553,0.800121966799299773247556524361860314227539818101949617743294,False,,,True,False
1076,54,0.0230925097181634607238844064734614449200274601795846928655314,-0.114682490281836539276115593526538555079972539820415307134469,0.0732731274295408651809711016183653612300068650448961732163828,-0.00859821081765999597667715257522462086433202796503034506174212,0.587200897716052342519020673286183318567471095685302110857495,False,,,True,False
1077,158,0.0144942989005034647472072538982368240556954322145543478037892,-0.123280701099496535252792746101763175944304567785445652196211,0.201123574725125866186801813474559206013923858053638586950947,0.00935605880837760159224824159251744252202926795690191591618251,1.2287087662087309016842939604312405309251968888328287390097,False,,,True,True
1078,99,0.0238503577088810663394554954907542665777247001714562637199718,-0.113924642291118933660544504509245733422275299828543736280028,0.129712589427220266584863873872688566644431175042864065929993,-0.0133810597207492936110843275186206876588477437763511678188222,0.598400866840078221516183046390155070304196288371948154450118,False,,,True,False
1079,27,0.0104692979881317727283711679721335789188769563951050959011495,-0.12730570201186822727162883202786642108112304360489490409885,0.0363673244970329431820927919930333947297192390987762739752874,-0.00293521830297499654233680862866602203695993448930213825635591,0.56466516357508587582465107424857503504087953435343196746725,False,,,True,False
1080,178,0.0075340796851567761860343593434675568819170219058029576447936,-0.130240920314843223813965640656532443118082978094197042355206,0.224383519921289194046508589835866889220479255476450739411198,0.0271937484249059005805166907886218410084838172075029684500882,2.04667196813098040392082729638672293475579038181175675844989,False,,,False,True
1081,116,0.0347278281100626767665510501320893978904008391133059260948818,-0.103047171889937323233448949867910602109599160886694073905118,0.15368195702751566919163776253302234947260020977832648152372,-0.0082430051502739999181658978111153461473424825216085383028929,0.808072406628106925002500071116660221837936362340160698101902,False,,,True,False
1082,67,0.0264848229597886768483851523209740517430583565916973877919889,-0.111290177040211323151614847679025948256941643408302612208011,0.0903712057399471692120962880802435129357645891479243469479972,-0.0186976770287429047332792604161965445741554492307445488568613,0.492151676536574040588653547877806844640234832374906948191639,False,,,True,False
1083,148,0.00778714593104577211510589190477750716890290736095283893512754,-0.129987854068954227884894108095222492831097092639047161064872,0.186946786482761443028776472976194376792225726840238209733782,0.00798839459384664029980451394127364297935544878475538903099007,1.35350353043897761295818122310649792085964702444401059876038,False,,,True,True
1084,44,0.0157755405248924124149104058460511501482583561457082279661176,-0.121999459475107587585089594153948849851741643854291772033882,0.0589438851312231031037276014615127875370645890364270569915294,-0.0122908246378069832699747454026907130848091536384053415190962,0.399456219048954745422938147990665602632445068747965350394123,False,,,True,False
1085,194,0.00348471588708542914493566044336043706344920250730288644702144,-0.134290284112914570855064339556639562936550797492697113552979,0.243371178971771357286233915110840109265862300626825721611755,0.0492430182021575480846143543133192401607760764347138869054255,5.36267877203401366606206129890032169983221125817578124958738,False,,,False,True
1086,94,0.052727734089242977229550014756679677224225278942016773352447,-0.085047265910757022770449985243320322775774721057983226647553,0.130681933522310744307387503689169919306056319735504193338112,-0.0206925934580367341412309521991557367940516560942341392169383,0.58348399768752640434339585596850002443887300727732334122184,False,,,True,False
1087,135,0.0320351406312062430883190625575239404301736228477826341355087,-0.105739859368793756911680937442476059569826377152217365864491,0.176758785157801560772079765639380985107543405711945658533877,-0.00212079081402851012695140615432880010594305641781745460810416,0.950752926018779072575273166948398244609182374722332153892445,False,,,True,False
1088,72,0.0299143498171777329613676564031951403242305664299651795274045,-0.107860650182822267038632343596804859675769433570034820472596,0.0974785874542944332403419141007987850810576416074912948818511,-0.0138665420009936539538600338304279976947533858340647918618953,0.500791741629755525310820372384963614663563758514708402673062,False,,,True,False
1089,170,0.0160478078161840790075076225727671426294771805959003876655092,-0.121727192183815920992492377427232857370522819404099612334491,0.216511951954046019751876905643191785657369295148975096916377,0.0212010247512678777095289503798973100132690426970930875463187,1.7766928666317283905096778731463444802881499329703698437347,False,,,False,True
1090,109,0.0372488325674519567170365729526644526427462232929934752118279,-0.100526167432548043282963427047335547357253776707006524788172,0.145562208141862989179259143238166113160686555823248368802957,-0.011234327019277943012219571485602536948406732775452390815686,0.710766317135961895751336646362965263199548115551197324878179,False,,,True,False
1091,49,0.0260145055481740137048170014670619156943394905175410843961419,-0.111760494451825986295182998532938084305660509482458915603858,0.0677536263870435034262042503667654789235848726293852710990355,-0.0158461128621561569744297382523792462125833647768532252194302,0.437223906328760558209423566202154788631337886811503323865118,False,,,True,False
1092,155,0.0101683926860178567303872632146826694817561257406878591767117,-0.127606607313982143269612736785317330518243874259312140823288,0.196292098171504464182596815803670667370439031435171964794178,0.0111922063203100870291400240618431694872374259172668413809933,1.32140194162206740044910436135703311410834447667099601511006,False,,,True,True
1093,82,0.0213605990063279437595272872765258389689935516579547005577051,-0.116414400993672056240472712723474161031006448342045299442295,0.107840149751581985939881821819131459742248387914488675139426,-0.0153755951760603287236542472009705230316823852884127045063005,0.540807923692679767817160661432877752124997169964571906351506,False,,,True,False
1094,184,0.00598500383026761503587304007555531593731116636954199605140461,-0.131789996169732384964126959924444684062688833630458003948595,0.231496250957566903758968260018888828984327791592385499012851,0.0374028813133467252889406549306852229037233966953981256292859,6.14519517121952882390844655201183954137783667004537731955322,False,,,False,True
1095,120,0.0433878851436143403248136950062405388410345630649401216806905,-0.0943871148563856596751863049937594611589654369350598783193095,0.160846971285903585081203423751560134710258640766235030420173,-0.00757171186316716505449348618401593546378422923294395614458741,0.817285324321734741632055710267852142835958105990494576908686,False,,,True,False
1096,59,0.0358161732804471752703202088222246033772503338319961655361031,-0.101958826719552824729679791177775396622749666168003834463897,0.0827040433201117938175800522055561508443125834579990413840258,-0.0223205236096430646576797676519761996271045975566399766955701,0.437279627224645308179506506283589250403874028979172989471385,False,,,True,False
1097,141,0.013495649670804110612640441170248403750145736275356188840533,-0.124279350329195889387359558829751596249854263724643811159467,0.179623912417701027653160110292562100937536434068839047210133,0.00509234633459541267556406598965585640265317795635891680385356,1.25803963813222723826013591020955181895356435395468092888977,False,,,True,True
1098,35,0.0185879960053995232882045071599042601527989142317151056443866,-0.119187003994600476711795492840095739847201085768284894355613,0.0483969990013498808220511267899760650381997285579287764110966,-0.0145964340696661065949206796473633898827603347447843043869293,0.4272134784301792089440262546540454250955391243107010946179,False,,,True,False
1099,175,0.00399156193573341669328382751254087027003857948693080125745727,-0.133783438064266583306716172487459129729961420513069198742543,0.219747890483933354173320956878135217567509644871732700314364,0.0380504392804623938368620123083482891740201044376130483255383,3.30374984903884918202981552897333053341642478401003687159386,False,,,False,True
1100,93,0.0420420012161958105301458398208891594440586839245438495829956,-0.0957329987838041894698541601791108405559413160754561504170044,0.126760500304048952632536459955222289861014670981135962395749,-0.0290252947383190441749475667187177983474995316064602029110832,0.512435216433262516356818406667373009538754267119311495338274,False,,,True,False
1101,126,0.0130167064778767663551982731021713610965591523180836466719124,-0.124758293522123233644801726897828638903440847681916353328088,0.160754176619469191588799568275542840274139788079520911667978,0.003590815275776676062165836151177035817628241194004495684391,1.14021636202636439078264232932957653881133326123590722073498,False,,,True,True
1102,51,0.0166075217536534424173641092533483969141873935120881423563034,-0.121167478246346557582635890746651603085812606487911857643697,0.0679018804384133606043410273133370992285468483780220355890759,-0.0148097074416044690433622528153402206027030741969537416461537,0.368522568643213439823944149422799849640009358944006126355953,False,,,True,False
1103,197,0.00179781431204897337400185643800817631148431931513440071014969,-0.13597718568795102662599814356199182368851568068486559928985,0.246699453578012243343500464109502044077871079828783600177537,0.0479606660317103103689691608672959907515874424730595612112224,6.77075046807005404953445345677099930427096869433775558943054,False,,,False,True
1104,103,0.0497584803437592837429710173053041670630717617881939619213721,-0.0880165196562407162570289826946958329369282382118060380786279,0.141189620085939820935742754326326041765767940447048490480343,-0.0189140182767020808786943724754831192732433452928853128463972,0.594569558117482213537503497028930277679781244416104192025192,False,,,True,False
1105,151,0.0308444620670572028642766448298210477898284164953086490749748,-0.106930537932942797135723355170178952210171583504691350925025,0.196461115516764300716069161207455261947457104123827162268744,0.0156847108399308960167081714912257005844331484652796757568507,1.54059452695031205846135449341315503943393236395177251800147,False,,,True,True
1106,71,0.0465291729069880988809848163210467483742615649605883248318255,-0.0912458270930119011190151836789532516257384350394116751681745,0.100382293226747024720246204080261687093565391240147081207956,-0.028113144617141580787868061906922994053474628654307266963906,0.440008885398438075586707744894218336504868487175860860524619,False,,,True,False
1107,163,0.0184160282898465180931167544141237543207869363062810578679195,-0.11935897171015348190688324558587624567921306369371894213208,0.20835400707246162952327918860353093858019673407657026446698,0.0226437981641316944561614085071948174915926427331446527980596,2.06522481732358459272731512979850169129263789469122250428852,False,,,True,True
1108,87,0.0410598264539782125492781629213185718123795790394257106659791,-0.0967151735460217874507218370786814281876204209605742893340209,0.119014956613494553137319540730329642953094894759856427666495,-0.0214478162398950080002701930025291919822714800480753161971203,0.54930072683843360365301105365270905666539015782742743778722,False,,,True,False
1109,38,0.0196120102140832045490079699187893798301080989913503944688588,-0.118162989785916795450992030081210620169891901008649605531141,0.0524030025535208011372519924796973449575270247478375986172147,-0.00747054903857602293319331240017154555331403579041586892689784,0.609783534841190621068700344097825820571513539875094370025113,False,,,True,False
1110,133,0.012141461175507181615814657518617834276794063200934525541961,-0.125633538824492818384185342481382165723205936799065474458039,0.16928536529387679540395366437965445856919851580023363138549,-0.00443651329059481669847651131736494519601232834243464850702986,0.792556505772964185375878577027778353441365395642345990940348,False,,,True,False
1111,186,0.00770494788491236491733814620125288908078173485849987703493113,-0.130070052115087635082661853798747110919218265141500122965069,0.234426236971228091229334536550313222270195433714624969258733,0.0426410038725149860865706599198027975288840369754688077920895,4.83635820333075378167860448575292283735980568370694802472854,False,,,False,True
1112,99,0.0503459517574273510039088061210556866096657718339686848270206,-0.0874290482425726489960911938789443133903342281660313151729794,0.136336487939356837750977201530263921652416442958492171206755,-0.0207480998799578291248475023604838632644324423052972014979277,0.58241666570825489546969573715189398573646293697028908669459,False,,,True,False
1113,58,0.0295978518774695218790613037605718233452333295286714833290929,-0.108177148122530478120938696239428176654766670471328516670907,0.0798994629693673804697653259401429558363083323821678708322732,-0.0126885570700865265501151840119842153045117632958239396008053,0.556615016425073282066705266599344860243675536196784912273513,False,,,True,False
1114,146,0.0169092948073829953289461197485876080407215662328475437282877,-0.120865705192617004671053880251412391959278433767152456271712,0.186727323701845748832236529937146902010180391558211885932072,-0.00034519768954091810360049105207883011671593860528288290041803,0.992513939864313956415107023503863273670199374821654253013166,False,,,True,False
1115,114,0.0165640971178420772253456286965087779240056276275646608278696,-0.12121090288215792277465437130349122207599437237243533917213,0.146641024279460519306336407174127194481001406906891165206967,-0.00166161479017890343558289740256302881967283627762730730584108,0.922976226674140095058621934645105711092455927701881864723776,False,,,True,False
1116,32,0.0149024823276631737897627312939457491043327913499373535220286,-0.122872517672336826210237268706054250895667208650062646477971,0.0437256205819157934474406828234864372760831978374843383805071,-0.00810401773727632010388686466043613338292446103378773843377482,0.393013774343957207904669890962791207324837947761855846209024,False,,,True,False
1117,173,0.00679846459038685368587586663350961572140833031614961508825373,-0.130976535409613146314124133366490384278591669683850384911746,0.217949616147596713421468966658377403930352082579037403772063,0.02541532096325665400746692513298900014018773313777157666697,1.97873521485794846691442853907806550927809009916185682726985,False,,,False,True
1118,78,0.0322137855536435076933427917664986158615960634539211917552238,-0.105561214446356492306657208233501384138403936546078808244776,0.105553446388410876923335697941624653965399015863480297938806,-0.0255951299733506802994619556157486995492581940114746815498892,0.488480492425576485075008408275365631461567767261232170905806,False,,,True,False
1119,129,0.00661865558029282739388083615074991631233786944244651020533452,-0.131156344419707172606119163849250083687662130557553489794665,0.162904663895073206848470209037687479078084467360611627551334,0.0037196412372842680807951980933804526363770194688555785729793,1.15281998629432703189330580242886316778331183263851998486535,False,,,True,True
1120,45,0.0103382968175770954746760342441303689487148889113020887783138,-0.127436703182422904525323965755869631051285111088697911221686,0.0588345742043942738686690085610325922371787222278255221945785,-0.00679664375248082199170169492952980969243195047551832195531529,0.413441409259692338505442415438807214167633904387313869744602,False,,,True,False
1121,191,0.00354165306509627348297433931460055925628293843578376682299853,-0.134233346934903726517025660685399440743717061564216233177001,0.23963541326627406837074358482865013981407073460894594170575,0.0379972114030071943683000630959858958875331722554375242635094,2.74687729781863626127690693580630219696757083075423953519929,False,,,False,True
1122,95,0.0415388644681034678512744024105864551438161106912212910865079,-0.0962361355318965321487255975894135448561838893087787089134921,0.129134716117025866962818600602646613785954027672805322771627,-0.018303814755439829929625337852767044883049117800980084809128,0.56924579617040473620501945058836901109174395596822920173427,False,,,True,False
1123,156,0.0232350497126636379216490645578194102607669928902412062773799,-0.11453995028733636207835093544218058973923300710975879372262,0.200808762428165909480412266139454852565191748222560301569345,0.0156703783660680493358619164592764732181580847657631560068501,1.55426632443635417115055766713318432136136547786715547962584,False,,,True,True
1124,66,0.0389054280787316872575109810170958834789250776560043622842299,-0.0988695719212683127424890189829041165210749223439956377157701,0.0922263570196829218143777452542739708697312694140010905710575,-0.0225611208500105611617056223204244765005097374998793864411858,0.495068608078014385388669011317603014847629849452950825968426,False,,,True,False
1125,121,0.0163443072287211260958053586966714069784153401561249758430442,-0.121430692771278873904194641303328593021584659843875024156956,0.155336076807180281523951339674167851744603835039031243960761,-0.00443371000914443224813095721937868233983254204217342632748789,0.825108842431147060547823863049160352151964084644050742560663,False,,,True,False
1126,29,0.0119105972195766938476744014772927246385827981139515495155563,-0.125864402780423306152325598522707275361417201886048450484444,0.0392276493048941734619186003693231811596456995284878873788891,-0.00496903449681262256317221189121071862191604729269457565488707,0.489179817888372519287555018310345776339178568294695817075192,False,,,True,False
1127,179,0.00694156272276407128450218958608200601666675082125697386066921,-0.130833437277235928715497810413917993983333249178743026139331,0.225485390680691017821125547396520501504166687705314243465167,0.029250408485175330092232682419740249752693322318038913908991,2.1243303082111536760349128479263037208466872361736161210673,False,,,False,True
1128,88,0.0361919712079394013767348720058222557693600731392958877696602,-0.10158302879206059862326512799417774423063992686070411223034,0.119047992801984850344183718001455563942340018284823971942415,-0.0184482132107207431670785142750195063212102648859926522992909,0.576772928761883658901015450014469022360096461860027831560648,False,,,True,False
1129,140,0.0177437579972186582096563577308027494481498082533032354703692,-0.120031242002781341790343642269197250551850191746696764529631,0.179435939499304664552414089432700687362037452063325808867592,0.00520137310005875373781872450194873588893169237381737231822191,1.17731421284083280845205122367034190091287367405642981514465,False,,,True,True
1130,53,0.0229451310972774119474750822327514853370815006271206077885912,-0.114829868902722588052524917767248514662918499372879392211409,0.0719862827743193529868687705581878713342703751567801519471478,-0.0176914020956902398619614394122621663188977541886037142584044,0.423152874680880402407488453595291535669476089308082749613821,False,,,True,False
1131,166,0.00525372900158717208551364282048931901818374643851689353018675,-0.132521270998412827914486357179510680981816253561483106469813,0.208813432250396793021378410705122329754545936609629223382547,0.0236875357580545447355172096367397152337002660094535045467597,1.83312072236031202835505916023413770385635816952347525241125,False,,,True,True
1132,104,0.0289412647596417168210308524572290342518840124479703980769464,-0.108833735240358283178969147542770965748115987552029601923054,0.137235316189910429205257713114307258562971003111992599519237,-0.0153390184139557238357665906767186342199109631715544908550074,0.630919296517960985636289086596540547791984874372762650498522,False,,,True,False
1133,37,0.013602246345685992985264261780510400031973049276415907221939,-0.124172753654314007014735738219489599968026950723584092778061,0.0496505615864214982463160654451276000079932623191039768054848,-0.0121348035204436537130788929527617262569835477610434854890771,0.382466517471164748740657556973686505308701339884833413575597,False,,,True,False
1134,195,0.0014674428252423392721853688277486737749895015153724217328619,-0.136307557174757660727814631172251326225010498484627578267138,0.244116860706310584818046342206937168443747375378843105433215,0.0489593586017510897216396031555620663126447670970758585426531,6.33644193961766502496926465728164618413091505346011760724876,False,,,False,True
1135,116,0.050426801426993428993824971983310740087634268612448280275515,-0.087348198573006571006175028016689259912365731387551719724485,0.157606700356748357248456242995827685021908567153112070068879,-0.0123101128709150776035337828386792310577479661019687968622622,0.749630979900864536944821510272789977216142048840637282676706,False,,,True,False
1136,74,0.0381166885560783513902911891446315090298863025104794834132528,-0.0996583114439216486097088108553684909701136974895205165867472,0.102029172139019587847572797286157877257471575627619870853313,-0.0153298610342392815189366104414670393377544740876019418389516,0.559176881168501356723951266891869569657340582579638219353637,False,,,True,False
1137,150,0.0227868275218390698713545787031644696921318284228775415743013,-0.114988172478160930128645421296835530307868171577122458425699,0.193196706880459767467838644675791117423032957105719385393575,0.0033509734504614142912732679900046003101457220959908301868344,1.09256854858187931671631499328500237897556359104466483472867,False,,,True,True
1138,58,0.0261378009723004841626278466931690700022775505188683717611357,-0.111637199027699515837372153306830929997722449481131628238864,0.0790344502430751210406569616732922675005693876297170929402839,-0.0154873042170626890692805394055778406246098022227822005068904,0.52242769740753126700110106378663872036778184546603219410636,False,,,True,False
1139,171,0.0106504967552377950933473072875912293776677482960861712542453,-0.127124503244762204906652692712408770622332251703913828745755,0.216412624188809448773336826821897807344416937074021542813561,0.0291636257030916958918946777192740574521415361784144917374029,2.17166108608413948453570850185329634301918174116207736661835,False,,,False,True
1140,97,0.0398141224583294909852419850068652868298092844745006629916481,-0.0979608775416705090147580149931347131701907155254993370083519,0.131203530614582372746310496251716321707452321118625165747912,-0.0211592210849410992108871671818626636772847688621220156247782,0.584305344429163722018084822210287320650799909628624445866834,False,,,True,False
1141,132,0.0186549013733883917743548178250026231525245156123786473668699,-0.11912009862661160822564518217499737684747548438762135263313,0.169663725343347097943588704456250655788131128903094661841717,0.00453008074652597217203851571133800638886043778629550469602222,1.19442418188903339087010511376708203130270734537877021251973,False,,,True,True
1142,43,0.0231849821199143639463933335363406295413849533986741520628921,-0.114590017880085636053606666463659370458615046601325847937108,0.059546245529978590986598333384085157385346238349668538015723,-0.018682130919221523928385245693588469865082983262375050218104,0.33996892407346567089983120344260146248220033632442854191612,False,,,True,False
1143,183,0.0045028512006928400180080878427521596763019701362991018447881,-0.133272148799307159981991912157247840323698029863700898155212,0.229875712800173210004502021960688039919075492534074775461197,0.039316242444174931638766918635523855119595778396082668886809,3.38552951333164476457589360400347172506827802530922926750244,False,,,False,True
1144,85,0.0438190936448677716567750064782760147958977485323817707315971,-0.0939559063551322283432249935217239852041022514676182292684029,0.117204773411216942914193751619569003698974437133095442682899,-0.0230849277604347691596995849445242958761859105927649953524683,0.544106908042382842089746854360876868195099687991719950635183,False,,,True,False
1145,142,0.0207341658844330024970754215337517189197118379396167753791288,-0.117040834115566997502924578466248281080288162060383224620871,0.182683541471108250624268855383437929729927959484904193844782,0.00605449281270050901972227924781352791829016180905697517519999,1.18317117062276448813427646624660620198100304783475774023316,False,,,True,True
1146,63,0.0267886586971335115167977007815652468380019997486737505543288,-0.110986341302866488483202299218434753161998000251326249445671,0.0854471646742833778791994251953913117095004999371684376385822,-0.0208587854099737193114168731901017382593984473687295798193419,0.48809737956562872406924819181739794335819352849653394041927,False,,,True,False
1147,160,0.00592987328715979220538082759146350857860355237994417073498683,-0.131845126712840207794619172408536491421396447620055829265013,0.201482468321789948051345206897865877144650888094986042683747,0.0208343582593656054826407197487579670197787322349121434994344,2.50627946162649762583962463806445502441676641471244430398975,False,,,True,True
1148,107,0.0267642315465253976880215473402214755983822846148563142344212,-0.111010768453474602311978452659778524401617715385143685765579,0.140441057886631349422005386835055368899595571153714078558605,-0.00964965297608702379892027221872418167313116298971654017694197,0.692200259456891523115593746601219943080535605762613582962946,False,,,True,False
1149,34,0.0171145785704383738891012751214972939252511216251397740574792,-0.120660421429561626110898724878502706074748878374860225942521,0.0467786446426095934722753187803743234813127804062849435143698,-0.0162087688506375261401478061837518451177663535956103059602462,0.3200040879364259990056254594118336092777409350707655240126,False,,,True,False
1150,198,0.000905809719800847748953468937745448807484768029529468097233018,-0.136869190280199152251046531062254551192515231970470531902767,0.247726452429950211937238367234436362201871192007382367024308,0.0519432748420724608220604006224505513039778897038130383137292,8.26695224259218889161915574971428229226881645168460769563161,False,,,False,True
1151,119,0.0528490845618733085710138695601960001114626577333425064109622,-0.0849259154381266914289861304398039998885373422666574935890378,0.161962271140468327142753467390049000027865664433335626602741,-0.010467999461602132025860692245948483867186283426919905608406,0.78506898475255959717564703208383938050925932602413277958855,False,,,True,False
1152,76,0.0423810851002711765451531773142475162442763743064226008025562,-0.0953939148997288234548468226857524837557236256935773991974438,0.105595271275067794136288294328561879061069093576605650200639,-0.0206295663417827970482051396971468298197730315175505771686679,0.495758086925800946530017027048996156550294127780931666310375,False,,,True,False
1153,153,0.0217515187584883794969480376171006864245033427888720236338883,-0.116023481241511620503051962382899313575496657211127976366112,0.196687879689622094874237009404275171606125835697218005908472,0.0103391909340170741678581473068140315641711859083761792985786,1.37306872071391787917234567758520381310264749350887046266352,False,,,True,True
1154,54,0.0320907096925054536648061849239147179886745286972482029324669,-0.105684290307494546335193815076085282011325471302751797067533,0.0755226774231263634162015462309786794971686321743120507331167,-0.0182051462811812645330740151037929281168204020312152786397243,0.482258264905499702906075555202770406650818997415968169298616,False,,,True,False
1155,176,0.0138855634113241891317321698201217898718541266660329242927426,-0.123889436588675810868267830179878210128145873333967075707257,0.223471390852831047282933042455030447467963531666508231073186,0.0365573053126344001167398770753205390162408095212756410462559,2.89367466261929530643781941826330711574006691661192148448729,False,,,False,True
1156,99,0.0504428687239585892484720468954423288880949361873085653389986,-0.0873321312760414107515279531045576711119050638126914346610014,0.13636071718098964731211801172386058222202373404682714133475,-0.0234797637722295230229732001412265203420844635747082124386136,0.571609752284802846784060121812920893915587225126191960089253,False,,,True,False
1157,130,0.026963104951729066225498846754215808546010472612600352900385,-0.110811895048270933774501153245784191453989527387399647099615,0.169240776237932266556374711688553952136502618153150088225096,0.000274028195952790509318607108025286749505303420706801714099557,1.0093725444732150536833886792790801850112029174805837772162,False,,,True,True
1158,45,0.0272371331476818567348174538622410952955157760333071546144846,-0.110537866852318143265182546137758904704484223966692845385515,0.0630592832869204641837043634655602738238789440083267886536211,-0.0190537062893605528683512348141464951067821238194483771969262,0.374740969006871412681471667885976534565955910505543113741294,False,,,True,False
1159,188,0.00818342685832130386646621904809460018873365221385877741755832,-0.129591573141678696133533780951905399811266347786141222582442,0.23704585671458032596661655476202365004718341305346469435439,0.0455119359530330364802942802306972387577377766832562156677455,4.57986411198483683971789327352776845753843632419599674611195,False,,,False,True
1160,89,0.0536953628113543403467604992787918389464714288971149930853039,-0.0840796371886456596532395007212081610535285711028850069146961,0.124673840702838585086690124819697959736617857224278748271326,-0.0212248617701752962996961117299679746073472876285541185356623,0.55611454451369002159980666355113954947756408369283711811392,False,,,True,False
1161,139,0.0324705010411790440470643875488238643391241412685608745496416,-0.105304498958820955952935612451176135660875858731439125450358,0.18186762526029476101176609688720596608478103531714021863741,0.00133759748864865015544590171704268694397937967702163975066976,1.03440912665078426227265928857009717982392975940870412642664,False,,,True,True
1162,66,0.0338080985298276942025102892658665512831035209455825143003113,-0.103966901470172305797489710734133448716896479054417485699689,0.0909520246324569235506275723164666378207758802363956285750778,-0.0163287632504110988086474529308403864721775439680909743863162,0.484476246300381758662724477800193271195173734252370189885634,False,,,True,False
1163,164,0.0174793352794165953938628363350261648109259769774915399139951,-0.120295664720583404606137163664973835189074023022508460086005,0.209369833819854148848465709083756541202731494244372884978499,0.0188852753952695588324638949010231784493047417288695377269126,1.57247687152805652269238208153204311342909198157845617226263,False,,,True,True
1164,109,0.0363646106746861542263267312360493432602307187063610776409077,-0.101410389325313845773673268763950656739769281293638922359092,0.145341152668671538556581682809012335815057679676590269410227,-0.0126986762614358294477581968117930404556312367963874255874856,0.673158277400514487849276217757902474967843902160807591577334,False,,,True,False
1165,40,0.0236659344132503247785685344242563028045994819099736520534221,-0.114109065586749675221431465575743697195400518090026347946578,0.0559164836033125811946421336060640757011498704774934130133555,-0.0168811263139182708169438637646874343910060361279233034992177,0.386726187093080154527372182444641903799479434586565259325564,False,,,True,False
1166,180,0.00678480809933205396162467065956886841359344578205034855420447,-0.130990191900667946038375329340431131586406554217949651445796,0.226696202024833013490406167664892217103398361445512587138551,0.0365372093342017328821469154898139925519762033748400192638983,2.99563135016514134609403043847095167537927841589343696563269,False,,,False,True
1167,84,0.0433220174335337868437715861493828609655696491568903678181028,-0.0944529825664662131562284138506171390344303508431096321818972,0.115830504358383446710942896537345715241392412289222591954526,-0.0189371368149815515312100314768049138066544373005352437947907,0.587690023972914979547575445576289934334703834946462852398646,False,,,True,False
1168,127,0.0243848806185522353125615546725779471589152118563551240233121,-0.113390119381447764687438445327422052841084788143644875976688,0.164846220154638058828140388668144486789728802964088781005828,-0.00643548831588261202924629435595650412151215375266578105903353,0.835153994587503957559037275674684920251855250537813052804828,False,,,True,False
1169,53,0.0179493923026696232833152603166214430374030581036893429642785,-0.119825607697330376716684739683378556962596941896310657035721,0.0707373480756674058208288150791553607593507645259223357410696,-0.00949620247065178670873568599803443701475893414249895532915489,0.569836421475635132772444274189865784340498467446013092226808,False,,,True,False
1170,156,0.00845318983201783657457957431858700602264412396119038763512365,-0.129321810167982163425420425681412993977355876038809612364876,0.197113297458004459143644893579646751505661030990297596908781,0.00774637069440763300677840969353768611662691172356433118839553,1.24133135032850879996832458220150055254880251234726876584015,False,,,True,True
1171,96,0.0161995605264254695813579840121246921392710356847547188235192,-0.121575439473574530418642015987875307860728964315245281176481,0.12404989013160636739533949600303117303481775892118867970588,-0.00882734049798271611021312279129222392917765094603615045729154,0.624914317683641549175379031532452152684808849770375245274442,False,,,True,False
1172,23,0.00737222002844275347114486122083246821009338473871856836622764,-0.130402779971557246528855138779167531789906615261281431633772,0.0305930550071106883677862153052081170525233461846796420915569,-0.0044748427692842077253896706002013297726216959784132009089331,0.310978782024036284958856390989275720824800938198152991115766,False,,,True,False
1173,192,0.00289737725915854574575519062063113843747168876030536745729454,-0.134877622740841454254244809379368861562528311239694632542705,0.240724344314789636436438797655157784609367922190076341864324,0.039537533173770143636467721394051449365339794369928624301444,3.3829795326375998580210434056776088168402565903674275051839,False,,,False,True
1174,116,0.0424349104329286893822229120146825878028114831302339917587385,-0.0953400895670713106177770879853174121971885168697660082412615,0.155608727608232172345555728003670646950702870782558497939685,-0.0113014088739819342262061391152941081747392880898834438352423,0.757144757880468441086560121504020938605804715099824588073076,False,,,True,False
1175,68,0.0311335015589467551560167728993884796280721950403505479234962,-0.106641498441053244843983227100611520371927804959649452076504,0.0927833753897366887890041932248471199070180487600876369808741,-0.0129927135319647691623463640033004906842743791770986241134472,0.583010137632520697148744165278231343008224900593500039373403,False,,,True,False
1176,147,0.018140788026981985993670408896087988943797815863251923810049,-0.119634211973018014006329591103912011056202184136748076189951,0.188285197006745496498417602224021997235949453965812980952512,0.00123699315306044727641592436835118788871730782062446849219686,1.03953759073946043068424821295422067743010386023060986426419,False,,,True,True
1177,45,0.0193777811800424332700863332644391768325151236838763923022458,-0.118397218819957566729913666735560823167484876316123607697754,0.0610944452950106083175215833161097942081287809209690980755615,-0.00911644073545010326677696800884704821797060391861343802546457,0.467328930030356702189871640480380195705318710639324684152833,False,,,True,False
1178,170,0.0102613404445923300033093652555921286145445197652629542767813,-0.127513659555407669996690634744407871385455480234737045723219,0.215065335111148082500827341313898032153636129941315738569195,0.0253792071421335748915677458377596104742597597499909873571575,1.90833951160890392227285483774502245714243090883834715698224,False,,,False,True
1179,91,0.0356405475867259048948771110933517390888042795152539416339388,-0.102134452413274095105122888906648260911195720484746058366061,0.122660136896681476223719277773337934772201069878813485408485,-0.0224800199928492953855962157734988494451790180726051156571395,0.551706610665422593840787429979386041096080569126250881352443,False,,,True,False
1180,133,0.0131605275938766095092808953198528896436252614426488259767993,-0.124614472406123390490719104680147110356374738557351174023201,0.1695401318984691523773202238299632224109063153606622064942,0.00347552869016044741729872060027242017311617391286536281399254,1.16174095733693738010930775789629036965547236848498582388526,False,,,True,True
1181,56,0.0166360562840370569265796159201253098167414353555141887907919,-0.121138943715962943073420384079874690183258564644485811209208,0.074159014071009264231644903980031327454185358838878547197698,-0.0142172932113478696376644509552230498993103905850123670993103,0.401295216092475404588994916483922999078225401383083352544273,False,,,True,False
1182,185,0.00241876307268918728891516496490225991743104477050182169148155,-0.135356236927310812711084835035097740082568955229498178308518,0.23185469076817229682222879124122556497935776119262545542287,0.0375148130608796721643187671294864812283526188279186969773039,4.3867681618195055565022163084187045958428752280340673880838,False,,,False,True
1183,105,0.0399335761335688594532339320943887411457836635984205186687855,-0.0978414238664311405467660679056112588542163364015794813312145,0.141233394033392214863308483023597185286445915899605129667196,-0.0200999630485237231773930947839802589409897225124560595199351,0.613654917745919562157394530922189992881939581766818577142377,False,,,True,False
1184,37,0.0198336130850451362758408373104084822047939410859644591488503,-0.11794138691495486372415916268959151779520605891403554085115,0.0512084032712612840689602093276021205511984852714911147872126,-0.00710758269969441000339075078320608033615457246436664292056733,0.569506526747913160546568396831065767489275165314449448163464,False,,,True,False
1185,152,0.012726030385350726272450086527202401868639368621597816228283,-0.125048969614649273727549913472797598131360631378402183771717,0.193181507596337681568112521631800600467159842155399454057071,0.0107316323120139935450337577296700704613333171321428815740694,1.30593233903820566131544358294306180036438054015165673874438,False,,,True,True
1186,78,0.0234576626973647198174838442568724723299726857537406978023524,-0.114317337302635280182516155743127527670027314246259302197648,0.103364415674341179954370961064218118082493171438435174450588,-0.0213540425807486362455906270158582858881954454808959658978771,0.516141757111722566267898558818144456981618248588928911716836,False,,,True,False
1187,13,0.00210362011661608357189321724101418644177724027284473190447526,-0.135671379883383916428106782758985813558222759727155268095525,0.0167759050291540208929733043102535466104443100682111829761188,-0.000423034494407527868337532204144266884350225794136580445251306,0.817688141939090462612603235136724616134179857284119506202083,False,,,True,False
1188,174,0.00168058562220855570355568503686991955742701447870815145922395,-0.136094414377791444296444314963130080442572985521291848540776,0.217920146405552138925888921259217479889356753619677037864806,0.0294665319203489184533190107114427207649487032150377341849265,2.27755889323213846499531632780448342166358168724121741834077,False,,,False,True
1189,114,0.0311471175425574741568746957483126403223757176937458856441504,-0.10662788245744252584312530425168735967762428230625411435585,0.150286779385639368539218673937078160080593929423436471411038,-0.0118073421657146160767349349232577619347572609009963706835858,0.730808594903379025216667004175127218154781524704827425104492,False,,,True,False
1190,60,0.0193397753768428580801397608250548783876184567927495149605647,-0.118435224623157141919860239174945121612381543207250485039435,0.0798349438442107145200349402062637195969046141981873787401412,-0.0180604404994799133386553585490585200664149749107756402303776,0.482949742142854658784043345900505128315787680666415751606297,False,,,True,False
1191,141,0.00127933487736294474148440227599635832120348188197387473018702,-0.136495665122637055258515597724003641678796518118026125269813,0.176569833719340736185371100568999089580300870470493468682547,0.00636314669561979157214825173041981135341671744395591162288769,1.46134212319510021891762343605918546636368075585007784943741,False,,,True,True
1192,30,0.00764248157298273631363265400641616967462019932592978635307471,-0.130132518427017263686367345993583830325379800674070213646925,0.0394106203932456840784081635016040424186550498314824465882687,-0.00704526611919672961473748996023552445022941488431592146534006,0.366399982774658956378797729445564328141602298332539354436945,False,,,True,False
1193,199,0.000597215453786006698895164046180645224390784441613864887734645,-0.137177784546213993301104835953819354775609215558386135112265,0.248899303863446501674723791011545161306097696110403466221934,0.0539253242453402797633970788767408330529772976636454366891118,7.64025926911056363521660444937945123422660570244510682891988,False,,,False,True
1194,95,0.0545225396991262864622922429229214782773680821052593015768464,-0.0832524603008737135377077570770785217226319178947406984231536,0.132380634924781571615573060730730369569342020526314825394212,-0.0244824426350425968926597744849203910039464711454554129305581,0.558310482221299425242711778903462905601740476806821014797959,False,,,True,False
1195,126,0.0300400970640836895696324684380010872734216109598038886462883,-0.107734902935916310430367531561998912726578389040196111353712,0.165010024266020922392408117109500271818355402739950972161572,-0.00463634756626146873312986951878278921241792617054421038033305,0.887738592744514637120514266165807669265782027929988703585706,False,,,True,False
1196,66,0.0254037494978222208365025989192182980610036847892596782659553,-0.112371250502177779163497401080781701938996315210740321734045,0.0888509373744555552091256497298045745152509211973149195664888,-0.00800290457670800043845807599478065961802379094655102470571847,0.629702931726542742276799642502092791028418484675033207255332,False,,,True,False
1197,163,0.0174008449211142203980445229244376384429798938427086535602368,-0.120374155078885779601955477075562361557020106157291346439763,0.208100211230278555099511130731109409610744973460677163390059,0.0091071604581065002316705966898825163991541342964712454302269,1.25445102876427019167530122034124522298023057269464613767183,False,,,True,True
1198,85,0.0265080053792207206297151196143201548421340281391798989904637,-0.111266994620779279370284880385679845157865971860820101009536,0.112877001344805180157428779903580038710533507034794974747616,-0.0170058234620229992494896637492940677584637974884714399860164,0.559183776455751184402093511881252085870919196846337762333384,False,,,True,False
1199,178,0.0095021819171977213802254558650260870836702306507084590044473,-0.128272818082802278619774544134973912916329769349291540995553,0.224875545479299430345056363966256521770917557662677114751112,0.0335019540533822527155329125554551382671077018819928837100348,4.53976258368859746410034099568991064894431570423652839536808,False,,,False,True
1200,109,0.0430041359705799740957583684204812253507779325327013427144821,-0.0947708640294200259042416315795187746492220674672986572855179,0.147001033992644993523939592105120306337694483133175335678621,-0.0110857266777520587033957540506158358214812517840402767980188,0.713194758155306306718011407007871536194275340385947913473516,False,,,True,False
1201,48,0.0319184092928279153923626143698653895292966807486610659164633,-0.105856590707172084607637385630134610470703319251338934083537,0.0679796023232069788480906535924663473823241701871652664791158,-0.0152020507657389696660393058293737180756835333018253889279352,0.471718641464584017299648062586817267758303040807386052261511,False,,,True,False
1202,146,0.0167163585270889457263233085404916714536131474468356769885281,-0.121058641472911054273676691459508328546386852553164323011472,0.186679089631772236431580827135122917863403286861708919247132,0.00208799598291690112150634192186166277732894392863893285252948,1.05070468186468593041783326699686063772908071456138221274955,False,,,True,True
1203,73,0.0188043545100058468478296504623533342309420913754746098410575,-0.118970645489994153152170349537646665769057908624525390158942,0.0959510886275014617119574126155883335577355228438686524602644,-0.0129837321819597463393657018856670835850104963979653103324919,0.523632880847553785453951491821544527473093000065125421816215,False,,,True,False
1204,190,0.00582062232804610050846394857668625064593159497750929950856567,-0.131954377671953899491536051423313749354068405022490700491434,0.238955155582011525127115987144171562661482898744377324877141,0.0425876305570713465600789504180416555508565695159369535595056,4.80869042673311071292020662777408132848648425229448572197487,False,,,False,True
1205,119,0.0484082528851174470685428989947279061967881644934462530680713,-0.0893667471148825529314571010052720938032118355065537469319287,0.160852063221279361767135724748681976549197041123361563267018,-0.0134651220016297089280306623907342733357944018876019227279569,0.723286541969028719384721298001272163422494893279353710737955,False,,,True,False
1206,58,0.0349431308834877381405122366039936328609937626058443303401144,-0.102831869116512261859487763396006367139006237394155669659886,0.0812357827208719345351280591509984082152484406514610825850286,-0.0132455671530752846265757787277580059248349751059614985198271,0.526807868485005463129631870885327090020168609631498000672263,False,,,True,False
1207,157,0.0216975637304124535139364578762356269361587874998828318202873,-0.116077436269587546486063542123764373063841212500117168179713,0.201674390932603113378484114469058906734039696874970707955072,0.0130945115333250656905059075374018143470368025901344289821689,1.35317040610915982256134773371436133406096981992844617465758,False,,,True,True
1208,93,0.0347920752637375192044423654136374412831955900900172608024561,-0.102982924736262480795557634586362558716804409909982739197544,0.124948018815934379801110591353409360320798897522504315200614,-0.019812807290345249596393747489579323205411235053513266673171,0.553850758926646076032995487610350547249543368749654158844636,False,,,True,False
1209,32,0.0149792679733922696080486179240581180777843550365039941292851,-0.122795732026607730391951382075941881922215644963496005870715,0.0437448169933480674020121544810145295194460887591259985323213,-0.00585944222053034802150624583184830917198727680929796884391384,0.578128840466889192826709234480045725672881174934799975462077,False,,,True,False
1210,168,0.00911982575286192158654237209220980890579707822720602528537128,-0.128655174247138078413457627907790191094202921772793974714629,0.212279956438215480396635593023052452226449269556801506321343,0.0199708753333702868487939597746401694311066769300315322341693,1.67217437897616248799388417153016199584381585710739873567137,False,,,False,True
1211,106,0.0290907010862322084353363318668499783369037551572375575195406,-0.108684298913767791564663668133150021663096244842762442480459,0.139772675271558052108834082966712494584225938789309389379885,-0.0155148672399238992035639953140856059090952016779582728368927,0.657240798967394442815140293409207370162783199761268506992109,False,,,True,False
1212,51,0.0135758338463083092317723365527643724278085534792792846826478,-0.124199166153691690768227663447235627572191446520720715317352,0.067143958461577077307943084138191093106952138369819821170662,-0.00805476675478970442069182813253303744090136035652049098331912,0.64181427475668748265451135025632049689948797326024342686688,False,,,True,False
1213,138,0.00552106709151860481108050842023133498690719312275879369932873,-0.132253932908481395188919491579768665013092806877241206300671,0.173880266772879651202770127105057833746726798280689698424832,-0.00144166390608136209936080808186893041262163417157269039233586,0.910352434831210004499256416743115182876912617516848377238757,False,,,True,False
1214,17,0.00407940318543724271171970033836240457428555895118610330699287,-0.133695596814562757288280299661637595425714441048813896693007,0.0222698507963593106779299250845906011435713897377965258267482,-0.000550962051045917256024805571107683950013155356333899075318824,0.551835988041641180954171835747388590695027765163607531792967,False,,,True,False
1215,194,0.00352844113439132545569489476725472062427240359485220423167405,-0.134246558865608674544305105232745279375727596405147795768326,0.243382110283597831363923723691813680156068100898713051057919,0.046925902529074603704166574466030592375108788698057605082091,4.94117708296618702439038106715085499698711410513358166225757,False,,,False,True
1216,84,0.050454343663465929159861469233285312999381192292909809313765,-0.087320656336534070840138530766714687000618807707090190686235,0.117613585915866482289965367308321328249845298073227452328441,-0.0214375417074141419844957983156348595708992575582276668824637,0.558534384666035312517900858053855529248226534650618348988737,False,,,True,False
1217,129,0.0290168019560517871753656709176504534284819347346821424313013,-0.108758198043948212824634329082349546571518065265317857568699,0.168504200489012946793841417729412613357120483683670535607825,-0.00670883507284106263266016844981538191525097801068433069520331,0.844728825242406463217173692955051533539858243317551820637319,False,,,True,False
1218,63,0.022307966883210724542705502467835071513230956723997811736098,-0.115467033116789275457294497532164928486769043276002188263902,0.0843269917208026811356763756169587678783077391809994529340245,-0.00842370762380051242539935662580207775396988460832171415081796,0.595512210457365738058293741274371063586210542202852515259855,False,,,True,False
1219,172,0.01388425925941021211730614584203299375926107211567609758528,-0.12389074074058978788269385415796700624073892788432390241472,0.21847106481485255302932653646050824843981526802891902439632,0.0209943594478169121610034757738769984916080253494189058826273,1.62449859623362200626696373819403470796721678703508742946816,False,,,False,True
1220,101,0.0348786187072271242783096216159099922508690974650950034679074,-0.102896381292772875721690378384090007749130902534904996532093,0.134969654676806781069577405403977498062717274366273750866977,-0.0173532826674619263325275824652149803773417204101415554273297,0.591877725550253750215189793618515556212793607488191866589797,False,,,True,False
1221,39,0.0175253360397651979457820391506950118735273770549534480405776,-0.120249663960234802054217960849304988126472622945046551959422,0.0531313340099412994864455097876737529683818442637383620101444,-0.00378595786419840631734884526146740939624723886335947493701055,0.721905513475236791140185758871243516466148460139937932206827,False,,,True,False
1222,151,0.0137393781755667916284331938892276024772801381915939731035671,-0.124035621824433208371566806110772397522719861808406026896433,0.192184844543891697907108298472306900619320034547898493275892,0.00203919415458427038676663507981738109360434496293955901158648,1.04724450209484914958493063873047515656390021824766791976848,False,,,True,True
1223,76,0.0157785723301510620151998289690449835708844831545335321151536,-0.121996427669848937984800171030955016429115516845466467884846,0.0989446430825377655037999572422612458927211207886333830287884,-0.00877684232418251665183569078586683557647158443840926194562356,0.565351705118007982761982741687498749959385219515669955565666,False,,,True,False
1224,183,0.00700173000596854536336413818317814799441289871612427016953001,-0.13077326999403145463663586181682185200558710128387572983047,0.230500432501492136340841034545794536998603224679031067542383,0.0350008498295618677470955060754367552518250724150480636332737,2.66694769371149834155065980766362870509790138440630887678777,False,,,False,True
1225,116,0.0420025798355304131104596442586149032462379711311723338028037,-0.0957724201644695868895403557413850967537620288688276661971963,0.155500644958882603277614911064653725811559492782793083450701,-0.013626713236358646279518353622234583065226183693722915914909,0.69802860047241583146508491512023964244102004114096279855482,False,,,True,False
1226,54,0.0283758665991717668309412906363803201810117874374494178878947,-0.109399133400828233169058709363619679818988212562550582112105,0.0745939666497929417077353226590950800452529468593623544719737,-0.0152076141684069581742441762505375437254711161888278952245202,0.501863576390854452315061151068946340868004520019119214859335,False,,,True,False
1227,143,0.0131682524307648086566971143858427764555406712486215226633745,-0.124606747569235191343302885614157223544459328751378477336626,0.182042063107691202164174278596460694113885167812155380665844,0.00187458565070545289462011542620493560985478935057444950938626,1.04361471407428430055067193262657427566382987539051141879106,False,,,True,True
1228,88,0.0150428380814702615513172298120477120653954605991959721727607,-0.122732161918529738448682770187952287934604539400804027827239,0.11376070952036756538782930745301192801634886514979899304319,-0.00960981041198478097341221080569425238713084198144165525754157,0.571936916875609020070229879428136518631016211529623667493688,False,,,True,False
1229,20,0.00543302766948548057790501900635345967826461861775431691521916,-0.132341972330514519422094980993646540321735381382245683084781,0.0263582569173713701444762547515883649195661546544385792288048,-0.0024378299936689496106892247398173557579859862790154821110805,0.457656026497908308667486968898571207373900618265615164276553,False,,,True,False
1230,187,0.00299519767581653096721579426653610392027863233873883480413867,-0.134779802324183469032784205733463896079721367661261165195861,0.234498799418954132741803948566634025980069658084684708701035,0.0322581559285564725143163678367688902789903110946504366628304,2.39705479033445798571827694642147185082126288944429368849523,False,,,False,True
1231,109,0.0352533536043730034815321621033049941992689434333892714669691,-0.102521646395626996518467837896695005800731056566610728533031,0.145063338401093250870383040525826248549817235858347317866742,-0.0148605998481370653433080742061453817815401362958176140753383,0.67920391409803727351535256542077960757913187138690620366796,False,,,True,False
1232,61,0.0203927537562359381382240878971596124177288071375716573916307,-0.117382246243764061861775912102840387582271192862428342608369,0.0813481884390589845345560219742899031044322017843929143479077,-0.00469133549112515741033912944518014068284318022284769644093268,0.734654396839000375855938108337529115179628686326934460552324,False,,,True,False
1233,161,0.0157014182651107807278849584519794717348856269147239609506981,-0.122073581734889219272115041548020528265114373085276039049302,0.205175354566277695181971239612994867933721406728680990237675,0.00676355342065484112962756644430635606177920709332809844685975,1.16471233918930293594414898762023552905766024158420017899868,False,,,True,True
1234,126,0.0224649716857656218575125248962858277966648340080520593975578,-0.115310028314234378142487475103714172203335165991947940602442,0.163116242921441405464378131224071456949166208502013014849389,0.000687459654261245916572950755626291795524705362124374532219162,1.02517864015318233000759713881699161708608298700330112039671,False,,,True,True
1235,44,0.023152431340026867774085475651912119592189539370176433929777,-0.114622568659973132225914524348087880407810460629823566070223,0.0607881078350067169435213689129780298980473848425441084824442,-0.0200628387303807391250937417901339503877862163461047305481888,0.381927357242599296658175564396424216522972994865939108604659,False,,,True,False
1236,176,0.00308959260964612864899173386177816920440332302407170338158817,-0.134685407390353871351008266138221830795596676975928296618412,0.220772398152411532162247933465444542301100830756017925845397,0.0373198767400519066111631816416709867122668381847755524498493,3.31364329607912327987717284303317328179147998874586051240301,False,,,False,True
1237,85,0.0404094693496980352601549155034491559166701612088472558314375,-0.0973655306503019647398450844965508440833298387911527441685625,0.116352367337424508815038728875862288979167540302211813957859,-0.0260222436638929440845879782032049025608712618351771304912062,0.495559487038502658249895919579556973405130887287422688364224,False,,,True,False
1238,136,0.0143872256858050911755669373002442533557988993736701253402312,-0.123387774314194908824433062699755746644201100626329874659769,0.173596806421451272793891734325061063338949724843417531335058,0.0048580756594127022895265456798942414881795217779057835043879,1.19706574777891266330893218218212041671577018699282319595539,False,,,True,True
1239,55,0.0192453013452177934650934829801384948439784211515759088446191,-0.118529698654782206534906517019861505156021578848424091155381,0.0735613253363044483662733707450346237109946052878939772111548,-0.0176839842665840003685495466458978829508307751802226156457162,0.424590433116468512284807917927281868894253063074956622324643,False,,,True,False
1240,196,0.00156131707863379309654393633424061189314764597135329319890298,-0.136213682921366206903456063665759388106852354028646706801097,0.245390329269658448274135984083560152973286911492838323299726,0.0531145996523530504452662021918590288313728106548843909654573,13.4153501335405421928648316301354033173786825001895970235779,False,,,False,True
1241,102,0.0546759167309868435418101385260996407245204566262376841643603,-0.0830990832690131564581898614739003592754795433737623158356397,0.14116897918274671088545253463152491018113011415655942104109,-0.023388887402936474050227419215258946351869647355329449580537,0.56185136746171424796186960109148243548718755845344025114666,False,,,True,False
1242,148,0.0312870293280503694915827193108406943726508092709082345838233,-0.106487970671949630508417280689159305627349190729091765416177,0.192821757332012592372895679827710173593162702317727058645956,0.0132108121546327709034015240554458536983556876854013986765787,1.4293389347632275629933854892582274840884694589759458346925,False,,,True,True
1243,72,0.044497841482683140394984243366286548071006496956309633260402,-0.093277158517316859605015756633713451928993503043690366739598,0.1011244603706707850987460608415716370177516242390774083151,-0.0275163499888773430599880566303416056013310076858687680744631,0.469270852193399852448194822990532939858213812917530388625467,False,,,True,False
1244,120,0.0169814914938057973349961867359449424696754892704408651859389,-0.120793508506194202665003813264055057530324510729559134814061,0.154245372873451449333749046683986235617418872317610216296485,-0.0000104310404287713208053850892416214445461400750577283554375605,0.999520950521441907190161230170318178458556411069732564038728,False,,,True,False
1245,34,0.0169710604533770260141908016467033210251293491953831368305013,-0.120803939546622973985809198353296678974870650804616863169499,0.0467427651133442565035477004116758302562823372988457842076253,-0.00604098046879548982432358510395090284417925421015726371636491,0.517504645952822896614588676049338136698998542527911626355099,False,,,True,False
1246,167,0.0109300799845815361898672165427524181809500949852258731141364,-0.126844920015418463810132783457247581819049905014774126885864,0.211482519996145384047466804135688104545237523746306468278534,0.0152692440953984802652249145261186584625398980594891740815838,1.41251655942585344106233811031347281425465191913851772424805,False,,,True,True
1247,90,0.0261993240799800164550921310688710766434899930447150471957202,-0.11157567592001998354490786893112892335651000695528495280428,0.11904983101999500411377303276721776916087249826117876179893,-0.0203249090518146391903279775942497736073302822020636693268047,0.527144002027456674535763556675849317895663346868274798419636,False,,,True,False
1248,21,0.00587441502816537726476415347462130303615971084265137786891547,-0.131900584971834622735235846525378696963840289157348622131085,0.0277186037570413443161910383686553257590399277106628444672289,-0.000532529169851649192623978870925229508356596731890605755002596,0.817354036478511912110217358949258549472087021189289971729257,False,,,True,False
1249,181,0.00534188585831372807214017460369607352780311411076077211391288,-0.132433114141686271927859825396303926472196885889239227886087,0.227585471464578432018035043650924018381950778527690193028478,0.0324365031134060200243445818493427910357563190083873583033631,2.45249418948373527789731376414073240046851189692659752731987,False,,,False,True
1250,111,0.037778388971719748096484756453038864563559433119148130417276,-0.099996611028280251903515243546961135436440566880851869582724,0.148194597242929937024121189113259716140889858279787032604319,-0.0123735856755611432136152649390527807862005624865301107454102,0.718824400037635424737667962222013737163875068121870167582105,False,,,True,False
1251,60,0.0254048032961586048828694915139860837773588706326180196718657,-0.112370196703841395117130508486013916222641129367381980328134,0.0813512008240396512207173728784965209443397176581545049179664,-0.0119227600440404600762219559381132234293231425889640009963679,0.562160732708379580304325452801055222590182443565392067727542,False,,,True,False
1252,154,0.0134820432521181448066475355758728603480357280436540186754978,-0.124292956747881855193352464424127139651964271956345981324502,0.195870510813029536201661883893968215087008932010913504668874,0.00556789292874523462799385875226611777697399515254240049138801,1.13501109366650191786761941454577896392181556441934294526137,False,,,True,True
1253,79,0.0190499361808633794346413943281389781250097231961964191668858,-0.118725063819136620565358605671861021874990276803803580833114,0.103512484045215844858660348582034744531252430799049104791721,-0.0158985703860487250620133981975946167608288856383687932743048,0.591721992702682688948534370822805138798171220255083982902728,False,,,True,False
1254,134,0.003151365794814654372627996130544361364180837557827625892581,-0.134623634205185345627372003869455638635819162442172374107419,0.168287841448703663593156999032636090341045209389456906473145,0.00724230913312877891348963481772338576808150173225452171562858,1.56997720560134644649390182610985589869706672534793181697154,False,,,True,True
1255,36,0.0103936749279434332861176309482677471322623392900821476082096,-0.12738132507205656671388236905173225286773766070991785239179,0.0475984187319858583215294077370669367830655848225205369020524,-0.00869169571291277905387256022288445541295976750285780401224996,0.297700076068942834184476740187193883736992996601206665769045,False,,,True,False
1256,193,0.00170197921503065423224507072538329171930257178722434359595962,-0.13607302078496934576775492927461670828069742821277565640404,0.24167549480375766355806126768134582292982564294680608589899,0.0413149605761912297534743618715369240882516016870328389685584,3.16332805173228701997847301139363296478882510812245675331104,False,,,False,True
1257,99,0.043016939791221883985719432596920215807554173474257182564518,-0.094758060208778116014280567403079784192445826525742817435482,0.13450423494780547099642985814923005395188854336856429564113,-0.0221820261179394327323482796807014782901326076414952734644786,0.568177074736666609822110901919587466770801915920535480980092,False,,,True,False
1258,144,0.0208349136732824512533711529162187375174215658327619091000395,-0.116940086326717548746628847083781262482578434167238090899961,0.18520872841832061281334278822905468437935539145819047727501,0.0122626943884783732763387677962560613063359468165211507980799,1.4838857358167184928720054453831356852208274730483089313309,False,,,True,True
1259,64,0.0330976080617608245297099207124747988237575126492830598981194,-0.104677391938239175470290079287525201176242487350716940101881,0.0882744020154402061324274801781186997059393781623207649745298,-0.0220986109467496202005918848774355191074144012195461220676214,0.429661804403719557677330701923944404692953126481238284646517,False,,,True,False
1260,171,0.010998997115011204329118035835039279716343111429736937830498,-0.126776002884988795670881964164960720283656888570263062169502,0.216499749278752801082279508958759819929085777857434234457624,0.0268572747449724843926054849294626202063671551751008498912018,2.20611145383888130062781083669126446168102534945168762724724,False,,,False,True
1261,88,0.0378562718599836887217235207645018999227102666048377877216998,-0.0999187281400163112782764792354981000772897333951622122783002,0.119464067964995922180430880191125474980677566651209446930425,-0.0211743456158532473227039381063708006042432800602668472311344,0.572396463286530814897848862478715075923045145720741784127081,False,,,True,False
1262,123,0.0166819262441304413990195826581310993184669865445709404905654,-0.121093073755869558600980417341868900681533013455429059509435,0.157920481561032610349754895664532774829616746636142735122641,0.00174132619619405033597356262058311669075342901921132827194073,1.07366035409580683280454579454422977795364686730122537148077,False,,,True,True
1263,41,0.0184232524403244917349931452787142160092204155637822687625061,-0.119351747559675508265006854721285783990779584436217731237494,0.0558558131100811229337482863196785540023051038909455671906265,-0.0153581752483457342131602945839466906999053871198023090643103,0.344009446356171211754018745918739232177667881929504179012211,False,,,True,False
1264,185,0.00306507719197875752183285069476752530931502844397995969819576,-0.134709922808021242478167149305232474690684971556020040301804,0.232016269297994689380458212673691881327328757110994989924549,0.0351010301291918432475995570112276339000296529490480155896,2.88348276524175010783257740906422296529430948663271351718281,False,,,False,True
1265,106,0.0381661073211706007694324077059951592093446813930279752877957,-0.0996088926788293992305675922940048407906553186069720247122043,0.142041526830292650192358101926498789802336170348256993821949,-0.0163914404602794861604550396070502248448482228996935276350673,0.65447609171175011469664785641240987495468599678100964926245,False,,,True,False
1266,57,0.0217746668608911146089773680989449343644964584933344476527284,-0.116000333139108885391022631901055065635503541506665552347272,0.0766936667152227786522443420247362335911241146233336119131821,-0.00658323008890173243555322400567257245977885575448097212510329,0.661201704594520513793993068087131344298715385617467608868668,False,,,True,False
1267,158,0.0151914367719893821734241440932723619047176027388534755276251,-0.122583563228010617826575855906727638095282397261146524472375,0.201297859192997345543356036023318090476179400684713368881906,0.00658131327506796974486722555067200888137432271889996881503577,1.15847696834478471276222083569748676656722318064933051052426,False,,,True,True
1268,80,0.0217727500470573519182913696439443707860919254577534443426609,-0.116002249952942648081708630356055629213908074542246555657339,0.105443187511764337979572842410986092696522981364438361085665,-0.0147380481511888498850975701460473812575929649651550529930251,0.605848718420579874891963197098549269440361919072417003224982,False,,,True,False
1269,138,0.00703470189586850203319379949789698952849896049259839134963574,-0.130740298104131497966806200502103010471501039507401608650364,0.174258675473967125508298449874474247382124740123149597837409,0.0065592612091014342954797237953879207895321560334311210941245,1.47922622085757996353248285028699942387251671086308116886986,False,,,True,True
1270,30,0.0135939631049699363286735232932849103180311165260295124437602,-0.12418103689503006367132647670671508968196888347397048755624,0.0408984907762424840821683808233212275795077791315073781109401,-0.0130808302200580611102321213245210162896989999210745863930459,0.312723554116078812452564274769579146891571793282232715135533,False,,,True,False
1271,198,0.000513132884911875218441401968763894028332116604954926050714316,-0.137261867115088124781558598031236105971667883395045073949286,0.247628283221227968804610350492190973507083029151238731512679,0.0525893459474559579630164944515422896057245239692741048004808,8.4513285423115165108959184832486269653913466114985186579503,False,,,False,True
1272,112,0.0531024788323678331814578964203061836340566405742290308511951,-0.0846725211676321668185421035796938163659433594257709691488049,0.153275619708091958295364474105076545908514160143557257712799,-0.0175856764959790948291276345691239414802445991652560250151314,0.665682213944557185911962157574667129667550387709169186381299,False,,,True,False
1273,69,0.0355168023363887383523302618511822421538120414089730058360637,-0.102258197663611261647669738148817757846187958591026994163936,0.0951292005840971845880825654627955605384530103522432514590159,-0.0115225418267443650383915552800385750101177143463869778692826,0.585102108970046986260122656318622983180736297190867420733822,False,,,True,False
1274,164,0.0239942605096443733139387065711436671436943270625860279667811,-0.113780739490355626686061293428856332856305672937413972033219,0.210998565127411093328484676642785916785923581765646506991695,0.0143169877499442162116397085116164680427788791722445011378666,1.37401251513712318632601468641463103035516055652220386224977,False,,,True,True
1275,95,0.0383112482595885895255784150827601351864732062348305291046477,-0.0994637517404114104744215849172398648135267937651694708953523,0.128327812064897147381394603770690033796618301558707632276162,-0.0183800059224649623327689335869324366530280719162927708715493,0.608011835664407442793633764890389060636341394818560832296691,False,,,True,False
1276,146,0.0199312423371236271928094814958276985334451343185377582330984,-0.117843757662876372807190518504172301466554865681462241766902,0.187482810584280906798202370373956924633361283579634439558275,0.0128300433097472567510783752598812257689970756801385319363197,1.61000185994918638781941000207701881476127360491071704276956,False,,,True,True
1277,50,0.0327612856468708839438878567557089243024422099986762901694181,-0.105013714353129116056112143244291075697557790001323709830582,0.0706903214117177209859719641889272310756105524996690725423545,-0.0212820137375310724983822147083325025313429698824586503509523,0.40460096643093765733743584157832894308827258537731650755202,False,,,True,False
1278,177,0.0114792719093398114455056420473764217710992401162176398184658,-0.126295728090660188554494357952623578228900759883782360181534,0.224119817977334952861376410511844105442774810029054409954616,0.0334884310045330347520872597527226372606930851174775236857804,2.54531318118239803088052263720867221442923327280644380042629,False,,,False,True
1279,103,0.0449677029138728461975929018000990590317923252336951635042462,-0.0928072970861271538024070981999009409682076747663048364957538,0.139991925728468211549398225450024764757948081308423790876062,-0.0207092488745473302808635320095234644178415996792139749887785,0.605500209005915169163825256780228361241929895356495599130828,False,,,True,False
1280,63,0.0242584540393255159167293697905755946139507255544811885154677,-0.113516545960674484083270630209424405386049274445518811484532,0.0848146135098313789791823424476438986534876813886202971288669,-0.0115172473827403378934985063036304448362963212085943618478899,0.624017893671291620276366195628857434138277128408527681514018,False,,,True,False
1281,132,0.0127412066565851780232308634869451497776544043458868266675778,-0.125033793343414821976769136513054850222345595654113173332422,0.168185301664146294505807715871736287444413601086471706666894,-0.00213167185240476252050207893683042336520987689904180787678673,0.90547176194861888101149347353313578831152544249686994100084,False,,,True,False
1282,27,0.0106095348041804155027287845501147264124445274468450187907911,-0.127165465195819584497271215449885273587555472553154981209209,0.0364023837010451038756821961375286816031111318617112546976978,-0.00470950109124520998559594835351436093291461710644379042300754,0.396716378353776084575521282874203556610003411053802181215913,False,,,True,False
1283,189,0.00590003371293520551713283619660036547952991034040122836778357,-0.131874966287064794482867163803399634520470089659598771632216,0.237725008428233801379283209049150091369882477585100307091946,0.0388334577821173912576292789474536130163530479442338543129654,2.99530067891187302920766420789527192372796014803529418068553,False,,,False,True
1284,88,0.0447334914950525967747621151440539784958829582846350826807489,-0.0930415085049474032252378848559460215041170417153649173192511,0.121183372873763149193690528786013494623970739571158770670187,-0.0181425322098313835684155445232358835140481666647130536083431,0.585426411946470495050605512108034196782707358390328693862005,False,,,True,False
1285,152,0.0265909592852212132063465706208180949818347916199220290724058,-0.111184040714778786793653429379181905018165208380077970927594,0.196647739821305303301586642655204523745458697904980507268101,0.00817059805734675701796239536927187411796120977334767100688743,1.22992777762683344760129176609705343779975753946229067623836,False,,,True,True
1286,72,0.0347615573425679702243089659900899690997960013932697000792933,-0.103013442657432029775691034009910030900203998606730299920707,0.0986903893356419925560772414975224922749490003483174250198233,-0.0172999717837330649537265773642136473768554032534162241656341,0.576523819727375155373148917384506000583375246048547698822285,False,,,True,False
1287,122,0.0174615855588349052705823886258763217229405981398534759136592,-0.120313414441165094729417611374123678277059401860146524086341,0.156865396389708726317645597156469080430735149534963368978415,-0.0049420562462860565118506357025416295515492446540144367857172,0.832825868817148757869026556849802012716079773722956207559686,False,,,True,False
1288,37,0.012519529312548848758731752923334692171391353485839039127942,-0.125255470687451151241268247076665307828608646514160960872058,0.0493798823281372121896829382308336730428478383714597597819855,-0.00391706719533233693112728358398063175902708879888249799252425,0.606369645422588027582883909003528574809449604247274200750498,False,,,True,False
1289,173,0.00860246211721651182760446933935406041236426468695654113541772,-0.129172537882783488172395530660645939587635735313043458864582,0.218400615529304127956901117334838515103091066171739135283854,0.0195715011450613025640089172014015301280566589012692609445851,1.55881544839389751532062831276252073115400829625388816359951,False,,,False,True
1290,99,0.0281739632622778143916133865407555905404209235882258020800029,-0.109601036737722185608386613459244409459579076411774197919997,0.130793490815569453597903346635188897635105230897056450520001,-0.0185269249095590661368324274675827245998045533468769822291173,0.584643589463826380948306055045640719005121525050523184609448,False,,,True,False
1291,52,0.00964703835271874825478095907317286594061637024134881985088556,-0.128127961647281251745219040926827134059383629758651180149114,0.0674117595881796870636952397682932164851540925603372049627214,-0.00462930607930495787432831601752625570123286234866182113113166,0.699691875609952846604545287883156532604381517831635108158794,False,,,True,False
1292,160,0.0050177322734137903804526430556466102393835078926869987197539,-0.132757267726586209619547356944353389760616492107313001280246,0.201254433068353447595113160763911652559845876973171749679938,0.0088570657333037580279185959689392845046796676338397125443668,1.23164986724413395894446376443926272637895923166719341282886,False,,,True,True
1293,114,0.0138747980067175484083712390245858947440631755265267112641207,-0.123900201993282451591628760975414105255936824473473288735879,0.14596869950167938710209280975614647368601579388163167781603,-0.00434735612474885274200023893914525009149301602997935019520199,0.808760154229862165013018488287289404687869030453526240004089,False,,,True,False
1294,26,0.0095274418819686956663710000854406446525701594965473610689187,-0.128247558118031304333628999914559355347429840503452638931081,0.0348818604704921739165927500213601611631425398741368402672297,-0.00772597630200633306684172597375996281804982441644933063224569,0.317161905549302506212652074448321978053708444085134486968529,False,,,True,False
1295,191,0.00180146557996236259952927411168068183452033508009803043667301,-0.135973534420037637400470725888319318165479664919901969563327,0.239200366394990590649882318527920170458630083770024507609168,0.0442049368855563357678796980051378564812137681515599946821111,4.37726972597713079778210535538204673006986458622441145901728,False,,,False,True
1296,82,0.0460064024655186983674089721168185383157341032316580251187842,-0.0917685975344813016325910278831814616842658967683419748812158,0.114001600616379674591852243029204634578933525807914506279696,-0.0182174265192339148355388214685508598004133073176234979724846,0.574984076195164875388747227880122027783505368147133438605269,False,,,True,False
1297,139,0.0277889759462847835318701506482676785153207959140345271462995,-0.1099860240537152164681298493517323214846792040859654728537,0.180697243986571195882967537662066919628830198978508631786575,-0.0013456595557601745383332070697640764304021182845777732965719,0.966060657612807830628200278121448963900354796051048695412331,False,,,True,False
1298,61,0.0264433163905246089935369435785036020849186776294567538497276,-0.111331683609475391006463056421496397915081322370543246150272,0.0828608290976311522483842358946259005212296694073641884624319,-0.017542456279356719028228997381220423216736212329593520881172,0.479045587603140274631763402349302080767628300199297452949997,False,,,True,False
1299,168,0.0089008601111678899653079461972831788681824652998632329685556,-0.128874139888832110034692053802716821131817534700136767031444,0.212225215027791972491326986549320794717045616324965808242139,0.0253759788204671894362102556588368556662933210626586202715368,1.9206772290981042370285751958285427121874295820114751308476,False,,,False,True
1300,104,0.0342768389316350794015182018561200345344757863625218532400924,-0.103498161068364920598481798143879965465524213637478146759908,0.138569209732908769850379550464030008633618946590630463310023,-0.0163486518198040589494149567460672316914941823079952236196635,0.599585991986358627874307437417625658503876307757880561702927,False,,,True,False
1301,41,0.0179281871118310204521032451100528028429816040545266296204289,-0.119846812888168979547896754889947197157018395945473370379571,0.0557320467779577551130258112775132007107454010136316574051072,-0.0128524253472100209440351866735062389862742121064673638033914,0.477766453832651061445575465128275911265309282840253622436529,False,,,True,False
1302,147,0.00507576176462099950806805843654656385670739194805926581703754,-0.132699238235379000491931941563453436143292608051940734182962,0.185018940441155249877017014609136640964176847987014816454259,0.00686676209481875073558588875405893237830555042374991498459342,1.18908595954705777431861947134663274148605342409442046766236,False,,,True,True
1303,75,0.011942523859439750243653947190605496235012942371809180801631,-0.125832476140560249756346052809394503764987057628190819198369,0.0967356309648599375609134867976513740587532355929522952004077,-0.0104374327015999343860524831971893719775970085761669164580078,0.522180341527329915632490289314240735841881704771517818971442,False,,,True,False
1304,183,0.00150509115783981585760146399341612425741593379564226434362314,-0.136269908842160184142398536006583875742584066204357735656377,0.229126272789459953964400365998354031064353983448910566085906,0.0337254304075197178754160765175474618542777828189471812275835,5.16401916549956350823566038483168677279875652384512569809502,False,,,False,True
1305,118,0.0352305215653595337330175405109635861116937166145894455712067,-0.102544478434640466266982459489036413888306283385410554428793,0.156307630391339883433254385127740896527923429153647361392802,-0.00911129547367420595914357453918531927972339477473499904807916,0.773851070604413083236889050427736913269346839402255802766364,False,,,True,False
1306,54,0.0261192260916853277738739659717782668319703218398544465231275,-0.111655773908314672226126034028221733168029678160145553476872,0.0740298065229213319434684914929445667079925804599636116307819,-0.0219728814398628328709669703513230696016763362511816110910742,0.428474724717756871597440708651107907122101665864552557591395,False,,,True,False
1307,155,0.00414634465182249490290699562045519723029398558867283543205328,-0.133628655348177505097093004379544802769706014411327164567947,0.194786586162955623725726748905113799307573496397168208858013,0.018499083667595903663174591015571888308383498268295026357559,2.23248244954798485465848200323792883786963432612632454106113,False,,,True,True
1308,90,0.0226454283194183985660815866360270855386774838569678617896123,-0.115129571680581601433918413363972914461322516143032138210388,0.118161357079854599641520396659006771384669370964241965447403,-0.0146517970958940981432828253247656582203302366231261714077353,0.513220458265383189047234007139689982250437629856991110918371,False,,,True,False
1309,24,0.00799363122352430042279876131126142731834724723384169038187694,-0.129781368776475699577201238688738572681652752766158309618123,0.0319984078058810751056996903278153568295868118084604225954692,-0.00756883797867135515841615826581724312152842514338065782448157,0.323291717084177173136889831372827214774145374403748769567473,False,,,True,False
1310,197,0.000424793244852945264382603045444184196818822090461032557395369,-0.137350206755147054735617396954555815803181177909538967442605,0.246356198311213236316095650761361046049204705522615258139349,0.0484934448689729111129518999786271311116731355895714038053779,6.8130771881797170181569251887678745999724430884844099199764,False,,,False,True
1311,125,0.0489182381138258563773345030240713153084919576800324363627732,-0.0888567618861741436226654969759286846915080423199675636372268,0.168479559528456464094333625756017828827122989420008109090693,-0.00840603982473340682071289455344694289538374853625546892829856,0.820814516682740597193948352470347616359669421900837599797772,False,,,True,False
1312,70,0.0405121982890924495566216084706243724131082091437769674344747,-0.0972628017109075504433783915293756275868917908562230325655253,0.0976280495722731123891554021176560931032770522859442418586187,-0.0216631326420039565402724821201379081095899138859904573438688,0.487548464540165723943904603794616688301579392777210517621362,False,,,True,False
1313,142,0.0188490656470884930163491263504864643035182952577865100906059,-0.118925934352911506983650873649513535696481704742213489909394,0.182212266411772123254087281587621616075879573814446627522651,0.00351872053147316721170104687946667858671516451442859802986712,1.12323998806127466720493316961409368053234659619177936316502,False,,,True,True
1314,47,0.022367786178561660228050173229953142890233459772215108120473,-0.115407213821438339771949826770046857109766540227784891879527,0.0643419465446404150570125433074882857225583649430537770301182,-0.0100443586835037808293425064779034385321285019271911576885836,0.482377941313340622881659186276149747044909782748768611540276,False,,,True,False
1315,175,0.0123234274950578793987076667520497043581049578450239504318894,-0.125451572504942120601292333247950295641895042154976049568111,0.221830856873764469849676916688012426089526239461255987607972,0.0325342573479368260513649651711117300106914648242224858644893,2.4192561589521339658366953245016595495807444244001786133129,False,,,False,True
1316,100,0.0448576848429947054500726319231614343687964226692464362963788,-0.0929173151570052945499273680768385656312035773307535637036212,0.136214421210748676362518157980790358592199105667311609074095,-0.02778205576109704749296456559165355275290844757292528609283,0.53948522577836161910831594436915886880605193417113495713837,False,,,True,False
1317,62,0.0170756290818976579571080663315078816158879750963211502035488,-0.120699370918102342042891933668492118384112024903678849796451,0.0817689072704744144892770165828769704039719937740802875508872,-0.00655802695594610321441134903502943231589365348789701404225533,0.659201758964452147471662737808432854128163521555996114634379,False,,,True,False
1318,162,0.0105176021259515547426967172964784492999943216084241361612935,-0.127257397874048445257303282703521550700005678391575863838707,0.205129400531487888685674179324119612324998580402106034040323,0.014927256998072627278619729066138256313145131975365279532061,1.42000329944751725169859835386837074244252112534397334922104,False,,,True,True
1319,112,0.0254448591240241820213164463626167056131394535837894156933545,-0.112330140875975817978683553637383294386860546416210584306645,0.146361214781006045505329111590654176403284863395947353923339,-0.00942447084468868843296745800216427368246469437217981537716009,0.702964577528549924403202887191882294384296466280998343504319,False,,,True,False
1320,34,0.0160203882793354935883489883604524319306747592116096003161944,-0.121754611720664506411651011639547568069325240788390399683806,0.0465050970698338733970872470901131079826686898029024000790486,-0.0121192420320031791836832329425337128440556558961315870750349,0.386822394820015383310993162117397746521478265616266023574952,False,,,True,False
1321,186,0.00390114624733231440466575541791871908661910331547801324115958,-0.13387385375266768559533424458208128091338089668452198675884,0.23347528656183307860116643885447967977165477582886950331029,0.0413017767465671706805143640356583197630653259816279207153401,3.63865591026711859235501751659841046285043173981111982661307,False,,,False,True
1322,86,0.0452029229938994850851801194535770388496844292971059339564997,-0.0925720770061005149148198805464229611503155707028940660435003,0.118800730748474871271295029863394259712421107324276483489125,-0.0177995383339335140536126879177262949979173970788662704587315,0.597527308092038358665761030181244942319747575435255001433051,False,,,True,False
1323,134,0.0274033846599659710315674315358507438517670322182396634977682,-0.110371615340034028968432568464149256148232967781760336502232,0.174350846164991492757891857883962685962941758054559915874442,-0.00431884139266554789208216518186223305440883568621965157740191,0.890092079589801332803070964938050846599917579723481168245382,False,,,True,False
1324,55,0.0230845432673004231394852663539885107973581965320200119203663,-0.114690456732699576860514733646011489202641803467979988079634,0.0745211358168251057848713165884971276993395491330050029800916,-0.0150138270128482159061911357637050082792446498762273228936625,0.479260155649843921228032135461795522501295579248564223140902,False,,,True,False
1325,152,0.00807071625445220723329413059028350251811354665579268902670381,-0.129704283745547792766705869409716497481886453344207310973296,0.192017679063613051808323532647570875629528386663948172256676,0.008884617789051380786840177749165085793316438700960196688631,1.27483868041278517839182080406033857205289143349956099939983,False,,,True,True
1326,95,0.0169553340435035880201343083394485883114299853567528857153348,-0.120819665956496411979865691660551411688570014643247114284665,0.122988833510875897005033577084862147077857496339188221428834,-0.00985275054594431741624426071141844932990758144227464655799085,0.607658798879100147417512922009756631266678118582755753943415,False,,,True,False
1327,22,0.00710258349755927060389004762803013898152240391447823915734396,-0.130672416502440729396109952371969861018477596085521760842656,0.029275645874389817650972511907007534745380600978619559789336,-0.00587136830466935013242665029157363098395327408511963339307785,0.320125064384501906820499422676820454791217099703757057290426,False,,,True,False
1328,194,0.00123121519288992047146339733645650799756912982935860576426611,-0.136543784807110079528536602663543492002430870170641394235734,0.242807803798222480117865849334114126999392282457339651441067,0.0436621427336007353165232436622824884667416475865892891022614,4.00569158867770174927545133471846157821568406758271485405115,False,,,False,True
1329,119,0.0448933579264906557879866409987389964643107774159478948665276,-0.0928816420735093442120133590012610035356892225840521051334724,0.159973339481622663946996660249684749116077694353986973716632,-0.00997258600855712518447083579146488542078484262977408829762741,0.785747773922026779189475025102147251702484142176892520225093,False,,,True,False
1330,69,0.0349207719179335306035158052072741110435259347861738065689002,-0.1028542280820664693964841947927258889564740652138261934311,0.094980192979483382650878951301818527760881483696543451642225,-0.01597502661683454460038239907871422210237903521549828422591,0.499500766430492002181397031225681238682061341460601209118706,False,,,True,False
1331,166,0.0189457453010989860031334061285598889411468995706755223429901,-0.11882925469890101399686659387144011105885310042932447765701,0.212236436325274746500783351532139972235286724892668880585748,0.0168552279216058642485150408829400779105358762972525517348117,1.51240943869517703040012345379590224917631173118993710877523,False,,,True,True
1332,103,0.0358009732227048502516484470114999668516827758679280740778018,-0.101974026777295149748351552988500033148317224132071925922198,0.13770024330567621256291211175287499171292069396698201851945,-0.0134345166101948103531966835262572133678479231863936854787978,0.649492513144969156730110914577739901977536508027963160971544,False,,,True,False
1333,44,0.022366456612510039898451763485242753483834852681534388599004,-0.115408543387489960101548236514757246516165147318465611400996,0.060591614153127509974612940871310688370958713170383597149751,-0.010482555301855203988426210863581585980081556227468844914904,0.537411128847747334564132174460418666106721466123033817886081,False,,,True,False
1334,145,0.0118839013106548359100255526216611675037532964540655436841,-0.1258910986893451640899744473783388324962467035459344563159,0.184220975327663708977506388155415291875938324113516385921025,0.00054546587795213544392075513531126526176607411844295606125904,1.01260298067310071311356091731203050806285152939272061401244,False,,,True,True
1335,78,0.0124293671886069713539463077569724327655193705725084997453591,-0.125345632811393028646053692243027567234480629427491500254641,0.10060734179715174283848657693924310819137984264312712493634,-0.00566777150647934576488833876171737161455346578839363983020284,0.625442168401221451781220448222291175428592666435123857004667,False,,,True,False
1336,179,0.00676159568212762558905796899525506115096590478411485991515625,-0.131013404317872374410942031004744938849034095215885140084844,0.225440398920531906397264492248813765287741476196028714978789,0.0243740750272655513724392901862671746254842357488311718178996,2.3103046176051632921928508241927653606571782723057406844285,False,,,False,True
1337,114,0.0311356707093931769614972591815222357764501405329460317330559,-0.106639329290606823038502740818477764223549859467053968266944,0.150283917677348294240374314795380558944112535133236507933264,-0.00733731077240869729911421943173449592487247486679219762297942,0.800928656176222086607335420877234449324359026933907359844684,False,,,True,False
1338,52,0.0237983599369844796623830397497877398515776656661538341100765,-0.113976640063015520337616960250212260148422334333846165889924,0.0709495899842461199155957599374469349628944164165384585275191,-0.017537698106217465984867293599715244151128554737259808296211,0.438827491431842289806201263184524690679130457205689623311716,False,,,True,False
1339,158,0.00626066183076701367751574615007249570044911092889402581386549,-0.131514338169232986322484253849927504299550889071105974186135,0.199065165457691753419378936537518123925112277732223506453466,0.014856074991964182406038794295898987702270552149479513473905,1.72842798863995049703498045237557083896047577708909582157498,False,,,True,True
1340,87,0.0211167368227311960835545404459714834027196630783735392877705,-0.116658263177268803916445459554028516597280336921626460712229,0.114029184205682799020888635111492870850679915769593384821943,-0.0140495754059976139216850448205457075325072874692329371604338,0.552591159555559094331397121964053672742857351374952149647781,False,,,True,False
1341,23,0.00706716141673358216186949562542577587021237560914060212733666,-0.130707838583266417838130504374574224129787624390859397872663,0.0305167903541833955404673739063564439675530939022851505318342,-0.00618247629406457244153802168248915185533352052932419842728391,0.397912458882560409128161106731361815916052283149474649152538,False,,,True,False
1342,188,0.000884685122669009720331473942936624014878855079816403700052746,-0.136890314877330990279668526057063375985121144920183596299947,0.235221171280667252430082868485734156003719713769954100925013,0.0407457722723004490451343207954203251903870332030804527260578,4.05094537914653053622468408955920484674258537398472697489441,False,,,False,True
1343,126,0.0416304573949694587654657947383569492052658882828968564261105,-0.0961445426050305412345342052616430507947341117171031435738895,0.167907614348742364691366448684589237301316472070724214106528,-0.00691032332943745397241498311506711695415335010128701351641894,0.844299803648090212282193588655232376771304419642965551395471,False,,,True,False
1344,66,0.0347201340655320047930508116232898322511125381816098429096916,-0.103054865934467995206949188376710167748887461818390157090308,0.0911800335163830011982627029058224580627781345454024607274229,-0.0217278879902468552473381135266550703504365699522297576228354,0.470846713635199427000182051796057288268640639289143116232147,False,,,True,False
1345,140,0.0129922460752851495457126980966347619006759682293800852868562,-0.124782753924714850454287301903365238099324031770619914713144,0.178248061518821287386428174524158690475168992057345021321714,0.00365830562746324968771817867994271753536007796208193197416549,1.14711548400739791029315895220030875680321671998197070578308,False,,,True,True
1346,41,0.0166505517027483992334308767765774794360360461914620172610217,-0.121124448297251600766569123223422520563963953808537982738978,0.0554126379256870998083577191941443698590090115478655043152554,-0.0121998888694959674019835180298713410581641869481489200151496,0.451876954686159149634907333392644738643845966593983851967376,False,,,True,False
1347,171,0.00445066283325243183144735874670613837787185924331309724587206,-0.133324337166747568168552641253293861622128140756686902754128,0.214862665708313107957861839686676534594467964810828274311468,0.0318016912578213500761372343236893814042205029173901174587692,2.45480422978975076928621260937084537905018693280026283618542,False,,,False,True
1348,97,0.0362523540910737819075845930703955197820923621607032147046413,-0.101522645908926218092415406929604480217907637839296785295359,0.13031308852276844547689614826759887994552309054017580367616,-0.0262847411237694476475063349151168907196522431555255815464396,0.528242162843814554015392025729827621316308185164714122182749,False,,,True,False
1349,57,0.00996761296730433426007825815527862906244011900517763315820174,-0.127807387032695665739921741844721370937559880994822366841798,0.0737419032418260835650195645388196572656100297512944082895504,-0.00992755664665269672140462907025015548676550883138299640768064,0.566344346893513324496003588721563451375215476911875525229774,False,,,True,False
1350,199,0.000040056320651637538673629085028473575674610173794636750521093,-0.137734943679348362461326370914971526424325389826205363249479,0.24876001408016290938466840727125711839391865254344865918763,0.0551846875086978306106015038205733383558061723888870195782725,31.9808562082878615108334959222585081011111674380047953446329,False,,,False,True
1351,117,0.0552247438293494681492751329056018119314807825626816563287936,-0.0825502561706505318507248670943981880685192174373183436712064,0.160056185957337367037318783226400452982870195640670414082198,-0.0187595732892598654519395564724300183763046343342744886391851,0.673103475873800940131303016726824321405748620378467954131306,False,,,True,False
1352,80,0.0364651705400896026973355764331717935551761482284071676896085,-0.101309829459910397302664423566828206444823851771592832310391,0.109116292635022400674333894108292948388794037057101791922402,-0.00802724323289989379202245634470049591153764974980884342188817,0.717275207272436853464490659699149798064352669467498255315767,False,,,True,False
1353,151,0.0284379273071897089053131200884712976436384984785983242677204,-0.10933707269281029109468687991152870235636150152140167573228,0.19585948182679742722632828002211782441090962461964958106693,0.00020503089647075852352304446807918067521126399712678331203664,1.00577230871107175051998298618579987225506685936132540074454,False,,,True,True
1354,48,0.028642958203660467428836164556550478318849762475725107579757,-0.109132041796339532571163835443449521681150237524274892420243,0.0671607395509151168572090411391376195797124406189312768949392,-0.0118402410158452141308837924829464048345626905436555875043668,0.558461022319273893509706203809707797686517495974895493039667,False,,,True,False
1355,164,0.0168027171878152532979523720736040734842870719320695200753902,-0.12097228281218474670204762792639592651571292806793047992461,0.209200679296953813324488093018401018371071767983017380018848,0.0223452923746527752265867598050671747558390739894191097616061,1.7481092937512653648230316983469027373144553618878017347982,False,,,True,True
1356,104,0.0391480095624680285245391318786712482401261459214886298369963,-0.0986269904375319714754608681213287517598738540785113701630037,0.139787002390617007131134782969667812060031536480372157459249,-0.0216841653609062421688728762139741279661235611799302777907154,0.592677109514247810434721361945301727301846561507878235045804,False,,,True,False
1357,64,0.0174638442015617863556662556646971202740025847415583520462809,-0.120311155798438213644333744335302879725997415258441647953719,0.0843659610503904465889165639161742800685006461853895880115702,-0.00730128289561482226704487569943405823344353600820295016804474,0.643624461030084097970337160968497435030725094763469364579055,False,,,True,False
1358,181,0.0101625613059469640886213799652630620405590487333554018782362,-0.127612438694053035911378620034736937959440951266644598121764,0.228790640326486741022155344991315765510139762183338850469559,0.0326226050481919287540459001170281476421704480965325641656977,2.6777800508070046017671657190398744225325936808136382166376,False,,,False,True
1359,128,0.0427851663541388928426672800822912096827294968298879660439338,-0.0949898336458611071573327199177087903172705031701120339560662,0.170696291588534723210666820020572802420682374207471991510983,-0.00733443614490329832904208077535129415305258717412812694447408,0.850313881513102561842794007023431375587027148456990919227616,False,,,True,False
1360,84,0.0354507302092355945136251993069399155296769096557598390994598,-0.10232426979076440548637480069306008447032309034424016090054,0.113862682552308898628406299826734978882419227413939959774865,-0.0198745424107582579355523931733965805725980576246045187882281,0.512996703188879695733701906551554282903718882907436785805468,False,,,True,False
1361,32,0.0155761877984773365780728061335433349570788520311553203112316,-0.122198812201522663421927193866456665042921147968844679688768,0.0438940469496193341445182015333858337392697130077888300778079,-0.00530513182234561659997610015380857843606466620521144179424638,0.617985873817709621608817141284304343426465159298799024896368,False,,,True,False
1362,147,0.0102710559761317199780967059797347565210141858259438785169852,-0.127503944023868280021903294020265243478985814174056121483015,0.186317763994032929994524176494933689130253546456485969629246,-0.000562980845492333370688224912115847866085999478512455168290349,0.985143528114088455937481703627235763182337174151751550128457,False,,,True,False
1363,55,0.0097080751306393866074084810676189086549281863474314233486949,-0.128066924869360613392591518932381091345071813652568576651305,0.0711770187826598466518521202669047271637320465868578558371737,-0.00506755416956720388976345196878973300692809521434197955460638,0.57951337530756010848402740705970482664177822671609336222746,False,,,True,False
1364,190,0.00464052096107218271764502909882917564800009113308944379408852,-0.133134479038927817282354970901170824351999908866910556205911,0.238660130240268045679411257274707293912000022783272360948522,0.0436657084783620289084123233806823487803846326024637825521486,3.86236675640096956269628592512337255841181404902744459243357,False,,,False,True
1365,110,0.0483062294394342116260573524795115244283847237355532263462372,-0.0894687705605657883739426475204884755716152762644467736537628,0.149576557359858552906514338119877881107096180933888306586559,-0.0228973608097060091482490080091154101304997594689770660545473,0.609685762832985338304039204575041375285620807166362112342876,False,,,True,False
1366,136,0.0254088686297282024778083444703961142978849642665761602916898,-0.11236613137027179752219165552960388570211503573342383970831,0.176352217157432050619452086117599028574471241066644040072922,0.00758075165657355668398661047589606672421209461853491865624784,1.23246111683427925223831679843904933908406022175634285260178,False,,,True,True
1367,71,0.0329896202863017591617949549462921810220970588851110789479377,-0.104785379713698240838205045053707818977902941114888921052062,0.0969974050715754397904487387365730452555242647212777697369844,-0.0197676186416830522816918085335930596045724120760941842005057,0.425007934291887544797136501613468276688076501379177254504264,False,,,True,False
1368,169,0.013222001644618706880103146412699121417524646809016894747432,-0.124552998355381293119896853587300878582475353190983105252568,0.214555500411154676720025786603174780354381161702254223686858,0.023774463204429636888930738670612129290994555988864056616473,2.2152980855184111174514371430743844892221921668632250157193,False,,,False,True
1369,92,0.036996464849048343769033885083311250708519202797880951363905,-0.100778535150951656230966114916688749291480797202119048636095,0.124249116212262085942258471270827812677129800699470237840976,-0.0182600832471305461842042536621485319347852657293659094619495,0.536275444266860676374218514761674363008876067689708406736208,False,,,True,False
1370,39,0.0187363816019177975848296314211627187737339370685150419019555,-0.119038618398082202415170368578837281226266062931484958098045,0.0534340954004794493962074078552906796934334842671287604754889,-0.010691413373564409888547641987781531279181295674772504721594,0.463593340407694546772789697969148595115590551280446840980587,False,,,True,False
1371,156,0.00804496822835338769628198943338118749455264139374253718036145,-0.129730031771646612303718010566618812505447358606257462819639,0.19701124205708834692407049735834529687363816034843563429509,0.00889559802207072460621050497563673811105068996282584931169946,1.22722926864892654322790708048568375883002742571425965208668,False,,,True,True
1372,115,0.0169405662504241123024924944090179256056033313565683864920609,-0.120834433749575887697507505590982074394396668643431613507939,0.147985141562606028075623123602254481401400832839142096623015,-0.00430502235485429697726087038862551759992474563015019376782858,0.871250200177025675293550658821670314236234409237222352665504,False,,,True,False
1373,52,0.0126355438955698153252316240203924080056785857264181927242323,-0.125139456104430184674768375979607591994321414273581807275768,0.0681588859738924538313079060050981020014196464316045481810581,-0.0101910385584735541644558318780528543199581173158079204989402,0.373767332402270082354618918532925312076316167355832986791862,False,,,True,False
1374,184,0.00244450533709626116077579214233955368572046841061027222529217,-0.135330494662903738839224207857660446314279531589389727774708,0.230611126334274065290193948035584888421430117102652568056323,0.0318999480851822664969925198138171545445718021559116921933493,2.86239626646076488974602344044881504266289316475176136158798,False,,,False,True
1375,85,0.0343444534222785276577683119561567082302922705665219644186415,-0.103430546577721472342231688043843291769707729433478035581359,0.11483611335556963191444207798903917705757306764163049110466,-0.0187494816250167761312174792744072440156214557365417358428996,0.579240679182728124109952994667578128226325632772641583567542,False,,,True,False
1376,139,0.0155949717972617515265508326817494642146708148299802285757419,-0.122180028202738248473449167318250535785329185170019771424258,0.177648742949315437881637708170437366053667703707495057143935,0.00305410217847856891253584499056701076522098463818404476006349,1.13563296951944135315703954318819420702455858731655233284679,False,,,True,True
1377,43,0.0186490739757403204390866776723164749798917994681642733358054,-0.119125926024259679560913322327683525020108200531835726664195,0.0584122684939350801097716694180791187449729498670410683339513,-0.0159098724541005165883539520002058180675797923359804277565088,0.416069289252563452639835300395013157143364804996110757231826,False,,,True,False
1378,175,0.00273920152163980385073272567211065691231200713218384557929662,-0.135035798478360196149267274327889343087687992867816154420703,0.219434800380409950962683181418027664228078001783045961394824,0.0349682049593414078941779167373988540294756045434310042764725,2.75852092860565016323544857748641134701810714398023519917678,False,,,False,True
1379,101,0.0377074064809812117449106424095095109417876116756148498557691,-0.100067593519018788255089357590490489058212388324385150144231,0.135676851620245302936227660602377377735446902918903712463942,-0.0213316245703506438704260309861692858140671372413313815970648,0.585154969185969555578183548089250729263152140825685805206965,False,,,True,False
1380,64,0.0163757819106305678744846114233402251277204744342834682587043,-0.121399218089369432125515388576659774872279525565716531741296,0.0840939454776576419686211528558350562819301186085708670646761,-0.0132937900472159026653229227725388023355532398718486793545823,0.56152080433430479527756175641872656210631249345777956933455,False,,,True,False
1381,150,0.00308199186341466520916168865080142279216723456243478890412202,-0.134693008136585334790838311349198577207832765437565211095878,0.188270497965853666302290422162700355698041808640608697226031,0.00861071176917963702534067195798298303967209854471336106964675,1.85721517158866925150895187118081236124009509435791302304899,False,,,True,True
1382,28,0.0116927036325943022345023606087844058318393331071481499737688,-0.126082296367405697765497639391215594168160666892851850026231,0.0379231759081485755586255901521961014579598332767870374934422,-0.0102299144344789096034953230090603060594046082485898504798992,0.455459597531486909169716585106040627971006368236469686446501,False,,,True,False
1383,195,0.00146278919811539263100703759972409977243472485855829949386956,-0.13631221080188460736899296240027590022756527514144170050613,0.244115697299528848157751759399931024943108681214639574873467,0.0546425603129132252745688472958427721457002475203065858265874,13.3200672174064164057550760522539824838989674596251208744923,False,,,False,True
1384,112,0.0561053495110286179055758848955668719181349723788648853204569,-0.0816696504889713820944241151044331280818650276211351146795431,0.154026337377757154476393971223891717979533743094716221330114,-0.018825453077116174039714143806652586371579594968730985216322,0.661199388523957648123959586490268403333438515808610837589854,False,,,True,False
1385,78,0.0372798964339124438658617410889142855465553774101339001041349,-0.100495103566087556134138258911085714453444622589866099895865,0.106819974108478110966465435272228571386638844352533475026034,-0.0178557713583595142228700655816583505231352392717799330589052,0.572985466666866654334560315098761220307264040370945020982033,False,,,True,False
1386,133,0.0194241250755529296429916755072559350234201381383539670452296,-0.11835087492444707035700832449274406497657986186164603295477,0.171106031268888232410747918876813983755855034534588491761307,-0.00150175766153056752496735754810565444440072761712879729300446,0.953993394849580899853721367502868351060327638133859400987609,False,,,True,False
1387,47,0.0179223674140223621180243179591502805790194105212251697522252,-0.119852632585977637881975682040849719420980589478774830247775,0.0632305918535055905295060794897875701447548526303062924380563,-0.00742616569559903644296336507834710985194713960681388732263035,0.557924910076215660514931233251133226567293101404488300277836,False,,,True,False
1388,165,0.0104962017184233256750609528808031707270722709144112824295948,-0.127278798281576674324939047119196829272927729085588717570405,0.208874050429605831418765238220200792681768067728602820607399,0.0153222301864207802293087245982898563908503420055481715690551,1.41817843936976543903493669405490683388942528272501697731118,False,,,True,True
1389,93,0.0258184319048441059043696774790930271179226129199594539986499,-0.11195656809515589409563032252090697288207738708004054600135,0.122704607976211026476092419369773256779480653229989863499662,-0.0184941741457622689954214810028438635859246811107501379299388,0.549908515410016757596020398799462630820641885293849649213628,False,,,True,False
1390,23,0.00732425775908183690894819647624916353199793180920931606871114,-0.130450742240918163091051803523750836468002068190790683931289,0.0305810644397704592272370491190622908829994829523023290171778,-0.00358859565714237271776139165565234790550949693691280302270005,0.485176008284608794566411880218889678497409763433635024765923,False,,,True,False
1391,179,0.0037356621019394641911868048205968156264884348722965130460111,-0.134039337898060535808813195179403184373511565127703486953989,0.224683915525484866047796701205149203906622108718074128261503,0.0323356503019880393642696912041643347963853372728833426171212,2.51396406257118052956263909912805321639159952470912058925546,False,,,False,True
1392,120,0.0360713124039275035554564960247611504228737721451798556631323,-0.101703687596072496444543503975238849577126227854820144336868,0.159017828100981875888864124006190287605718443036294963915783,-0.00694881237250315401608097193255019988633092171222114566024144,0.83556357054644580088369743536308612237235872521506811528256,False,,,True,False
1393,66,0.0291225000314243495393755240922109505365428504329587100028908,-0.108652499968575650460624475907789049463457149567041289997109,0.0897806250078560873848438810230527376341357126082396775007227,-0.0208109303531379426610304729253119843674840236387593604404623,0.463156679668178230288332677608134417786937333395368029088349,False,,,True,False
1394,146,0.00831156967828640687834505116689896616905882679419934956242852,-0.129463430321713593121654948833101033830941173205800650437571,0.184577892419571601719586262791724741542264706698549837390607,0.00743280566400740227222454749986818288067334587969209387361772,1.34412039750994022476917774804748335378167942688556834804341,False,,,True,True
1395,41,0.0157443753422938091505695986667671490497321726738914434360462,-0.122030624657706190849430401333232850950267827326108556563954,0.0551860938355734522876423996666917872624330431684728608590116,-0.0144354470682891450644533253821790673244272963154784012190674,0.430066518488044074815902072608230950703389109209765984896943,False,,,True,False
1396,192,0.00130892827400466408611627328458808172530487635841304221697885,-0.136466071725995335913883726715411918274695123641586957783021,0.240327232068501166021529068321147020431326219089603260554245,0.0518837219773902431163796240771253337442715799369956143981186,7.34194892518710868103267197134890169474403096499337257253215,False,,,False,True
1397,100,0.0531926502513949072024958973617134154695764562954086566150975,-0.0845823497486050927975041026382865845304235437045913433849025,0.138298162562848726800623974340428353867394114073852164153774,-0.0257948767452866885557225470347277534519838553428625697883037,0.553133024081956228783548235603029432290672134546693288951319,False,,,True,False
1398,129,0.0273977735061082186467733503269856620175926009525460868267937,-0.110377226493891781353226649673014337982407399047453913173206,0.168099443376527054661693337581746415504398150238136521706698,0.00101947327446917539318400823299739420008735908107207163509723,1.03003662297240385605316995349428627300842313720715683210227,False,,,True,True
1399,59,0.0284172467805773940399573585599830562176799600336181584618909,-0.109357753219422605960042641440016943782320039966381841538109,0.0808543116951443485099893396399957640544199900084045396154727,-0.0152179731464837283147443678210189116497592424469256416180574,0.463027208535719234213178771413908923602644048134512958286233,False,,,True,False
1400,160,0.0131992736340936657252129907389641445679207175866925168438336,-0.124575726365906334274787009261035855432079282413307483156166,0.203299818408523416431303247684741036141980179396673129210958,0.0151713980502117221278176921132614284299967122151692548033728,1.44512242336446949132638992807454849815934064864559217923433,False,,,True,True
1401,83,0.0283706716843053878530306828522255729979174298018617716472063,-0.109404328315694612146969317147774427002082570198138228352794,0.110842667921076346963257670713056393249479357450465442911802,-0.0202031890767120823654340823552066097455857778547700011995721,0.499096901435449750037830035345801766061168697486827744380688,False,,,True,False
1402,26,0.00816748260759330548759660049701896325233165194709177044763425,-0.129607517392406694512403399502981036747668348052908229552366,0.0345418706518983263718991501242547408130829129867729426119086,-0.00389391574215340843963136863076745800743521283610153174537468,0.515780803098356190574416858572389526635548518074419280120812,False,,,True,False
1403,173,0.00427356686543989704796523186625150524489643911099023870225957,-0.13350143313456010295203476813374849475510356088900976129774,0.217318391716359974261991307966562876311224109777747559675565,0.0267059653913214824884672640322713553303346025390440174444313,1.98745703961224931308136929929522130655766257221813495919397,False,,,False,True
1404,110,0.0309795322567613795364324958985228605752310416500342561466909,-0.106795467743238620463567504101477139424768958349965743853309,0.145244883064190344884108123974630715143807760412508564036673,-0.0153409096996139056934759949209516915649252103313072119730776,0.662652034762296246479659689135986083497513420287508935256035,False,,,True,False
1405,51,0.0156386225571474738429565009775711690103058313187270441736133,-0.122136377442852526157043499022428830989694168681272955826387,0.0676596556392868684607391252443927922525764578296817610434033,-0.0121087147054557891339408922448936286880097660100383914632,0.536214095936569785544046220734309867602566529067181356670252,False,,,True,False
1406,142,0.00352990785169168470901560873267754032229606530868865271041328,-0.134245092148308315290984391267322459677703934691311347289587,0.178382476962922921177253902183169385080574016327172163177603,0.0013475271754334685253807954443485610437103710982779298908614,1.05354293046991954252742296487952557820600767153022054483724,False,,,True,True
1407,73,0.00487743502712515323439640417702610136600643640696658260127467,-0.132897564972874846765603595822973898633993563593033417398725,0.0924693587567812883085991010442565253415016091017416456503187,-0.00485414244807551212347856050277785542011752477196192286450783,0.52329798356326983518114725423942996014681356310958123681276,False,,,True,False
1408,1,0.0000232925790496411109178436742482459458889116350046597367668389,-0.137751707420950358889082156325751754054111088364995340263233,0.00125582314476241027772946091856206148647222790875116493419171,-0.00000507815132347763734600404595778814485726373559527567379258759,0.785123996782173960664383401750208769081186964121058068686998,False,,,True,False
1409,197,0.0000182144277261634735718396282904578010316478994093840629742513,-0.137756785572273836526428160371709542198968352100590615937026,0.246254553606931540868392959907072614450257911974852346015744,0.042798396774494410676112940675940860236772775418182664846588,6.75885207170657878100836788466664289774965618799739472526774,False,,,False,True
1410,117,0.0428166112022205741496847803042313180378044233175920489095622,-0.0949583887977794258503152196957686819621955766824079510904378,0.156954152800555143537421195076057829509451105829398012227391,-0.0149401746851873987266675556797475330289641715656274885082086,0.714564177504539544497509238671897319351233403512438993342674,False,,,True,False
1411,61,0.0278764365170331754230172246244837850088402517519645604013536,-0.109898563482966824576982775375516214991159748248035439598646,0.0832191091292582938557543061561209462522100629379911401003384,-0.00859757213108356059760640496974880855295764880574209649750301,0.629977837405685275086398325731645924822925677903527797656066,False,,,True,False
1412,155,0.0192788643859496148254108196547349764558826029462224639038506,-0.118496135614050385174589180345265023544117397053777536096149,0.198569716096487403706352704913683744113970650736555615975963,0.00841621048498779882186815294973140615658257026830092564173361,1.20573252615525214772670656656014107907881595694530612583596,False,,,True,True
1413,92,0.0276950748709374136472789726044663826124651732145233895455842,-0.110079925129062586352721027395533617387534826785476610454416,0.121923768717734353411819743151116595653116293303630847386396,-0.0163065278760182069192231276010493178517861264959373201079977,0.548419225024518918454607055791900219068612640970809630434558,False,,,True,False
1414,30,0.0113885469949192067280558450034170647606790467185860694375866,-0.126386453005080793271944154996582935239320953281413930562413,0.0403471367487298016820139612508542661901697616796465173593966,-0.00134677174144818076050245678210143567724795386951814676770447,0.71044653153812359635581474316883035914651832584452054291806,False,,,True,False
1415,182,0.0100417752534710259675533882213156290834310928490679226698821,-0.127733224746528974032446611778684370916568907150932077330118,0.230010443813367756491888347055328907270857773212266980667471,0.0295824868801394246282153277102953864107222829600505654168698,2.25803147673077609744559671770758469323998826504863174499951,False,,,False,True
1416,125,0.0396242621336104505957687159316110154941533758091184880867519,-0.0981507378663895494042312840683889845058466241908815119132481,0.166156065533402612648942178982902753873538343952279622021688,-0.0075939917062192865935719893878106645042559886322459803148147,0.837702703859314251071170059710334102669043595964226324888677,False,,,True,False
1417,76,0.0320302704273911640021967265438003509898973871768725077719372,-0.105744729572608835997803273456199649010102612823127492228063,0.103007567606847791000549181635950087747474346794218126942984,-0.0182518722562744657218271125628351768561183227029397230246326,0.507585266551721785162981559852708361374276312008145423607305,False,,,True,False
1418,164,0.0137783981711166982803696139809651741337790644739327847473046,-0.123996601828883301719630386019034825866220935526067215252695,0.208444599542779174570092403495241293533444766118483196186826,0.018811881671413106743252173469956967331145763765447672056527,1.93768874804872726150286289814249388155308821454383133809705,False,,,True,True
1419,101,0.0325902798425298050236217874509221414649248282393804568038316,-0.105184720157470194976378212549077858535075171760619543196168,0.134397569960632451255905446862730535366231207059845114200958,-0.0116443247487114641676016106863668919688659142622734510880434,0.673978508511579292938736076792829312304560116812963666733382,False,,,True,False
1420,44,0.0209459550938183408560201767645552494960589139771070057157882,-0.116829044906181659143979823235444750503941086022892994284212,0.0602364887734545852140050441911388123740147284942767514289471,-0.0151784033760172927685401189144346472736379316690795517624,0.44990858339115450786563919576462884110777103122684085649062,False,,,True,False
1421,145,0.00576755171780104808748005785012060222242098230802745395338826,-0.132007448282198951912519942149879397777579017691972546046612,0.182691887929450262021870014462530150555605245577006863488347,0.00330651852714945213646724623303010740906521811804086417168571,1.14816143292910011543645393701164289201944258122611503159643,False,,,True,True
1422,63,0.00907407024495050022394730408315070963148620042606831812507397,-0.128700929755049499776052695916849290368513799573931681874926,0.0810185175612376250559868260207876774078715501065170795312685,-0.00536939680295225555365082439488819694220277895320401690915991,0.491230863686328003822529087479908857781265275191994283345206,False,,,True,False
1423,187,0.00370467344199824467029647968826251268928342147286430121591406,-0.134070326558001755329703520311737487310716578527135698784086,0.234676168360499561167574119922065628172320855368216075303979,0.0349843302787121533530869890345308452448342829722300216302751,2.65629077013923860493251429901223809247027092948418971102039,False,,,False,True
1424,112,0.0386890037207103980233834687227933579341177044450943228461892,-0.0990859962792896019766165312772066420658822955549056771538108,0.149672250930177599505845867180698339483529426111273580711547,-0.0177024152044214563445427361372820334926525545872167175686133,0.668765527550954824329841737049362954066477106800623010908894,False,,,True,False
1425,51,0.0209865885162889416788407325855113244414651498578776052775759,-0.116788411483711058321159267414488675558534850142122394722424,0.068996647129072235419710183146377831110366287464469401319394,-0.0102769219415145517808909574918130568201756294439718622562634,0.580261159232062280636710601741099616537532721806379568191147,False,,,True,False
1426,152,0.0107096665747743898979497750936982676212895204139057430213125,-0.127065333425225610102050224906301732378710479586094256978688,0.192677416643693597474487443773424566905322380103476435755328,0.0102480555339535172474028161598896790077931954409622677696132,1.2777471983940504550585252645709455294120062652010093591784,False,,,True,True
1427,86,0.0209577221087279071453525912535879466290827158548680107909256,-0.116817277891272092854647408746412053370917284145131989209074,0.112739430527181976786338147813396986657270678963717002697731,-0.0157449526145407398015832205484126415461733594576662102422036,0.538407979069253315306639879426768432289550999722965616220502,False,,,True,False
1428,19,0.00521276949418716734376937070517530508290935639720180054872203,-0.132562230505812832656230629294824694917090643602798199451278,0.0250531923735467918359423426762938262707273390993004501371805,-0.00166374494739636484421200243797910840744881405210250317747775,0.613923146061288222584636457919156287546426711815708646689661,False,,,True,False
1429,176,0.00354902454679080249955736826719619667546054234509929737124428,-0.134225975453209197500442631732803803324539457654900702628756,0.220887256136697700624889342066799049168865135586274824342811,0.0257805047923445192864303811043298444801715919466148192273626,1.9714245144048006443402946124681365256010028739258029038789,False,,,False,True
1430,121,0.0293295293391353217859877493715260411556321342917141165986069,-0.108445470660864678214012250628473958844367865708285883401393,0.158582382334783830446496937342881510288908033572928529149652,-0.00634851845269138830023213234938561451079619554365988729020566,0.848351821484501340661923291366451269026661715012411751913886,False,,,True,False
1431,67,0.0229810108864439334857556170221404266448359387480542293084012,-0.114793989113556066514244382977859573355164061251945770691599,0.0894952527216109833714389042555351066612089846870135573271003,-0.0223251956013401727023977747030474668650060491852478872483049,0.460753242053299844743071844483026322084295026686336250315224,False,,,True,False
1432,7,0.000655815285103760783357842319092959779829889562806342060096319,-0.137119184714896239216642157680907040220170110437193657939904,0.00891395382127594019583946057977323994495747239070158551502408,-0.0003577518499813540834797884113165463279765299254760044725024,0.678110717937746790026909473266426070853898906306152290800172,False,,,True,False
1433,193,0.000298063435122406699878053907776413451853359637330337587593919,-0.137476936564877593300121946092223586548146640362669662412406,0.241324515858780601674969513476944103362963339909332584396898,0.0484959997830488377217785854335364583056272335071824620996515,7.80527087575440722887072653952325574108619578181847826060218,False,,,False,True
1434,103,0.0487940632181712444216566393413128717574805931445127996872454,-0.0889809367818287555783433606586871282425194068554872003127546,0.140948515804542811105414159835328217939370148286128199921811,-0.01708118212131795159339643332776617081784103367070970587419,0.641273010069631481498435391233136739652100854533078868284755,False,,,True,False
1435,137,0.0317128810968532928282602060135467009396395594738030938130554,-0.106062118903146707171739793986453299060360440526196906186945,0.179178220274213323207065051503386675234909889868450773453264,0.00277997992553981442979252088801461198666190842763112333904141,1.08498386959305336890158938379122993036001305651649184567908,False,,,True,True
1436,55,0.0344928610223931072580527269015613129263014679014342171520968,-0.103282138977606892741947273098438687073698532098565782847903,0.0773732152555982768145131817253903282315753669753585542880242,-0.0190093198499240548722312884935521480485106402039829697057232,0.398724251867208159971533020701527457913139116664440856717285,False,,,True,False
1437,161,0.0154835411724690523858214384080091648777908276974512474463736,-0.122291458827530947614178561591990835122209172302548752553626,0.205120885293117263096455359602002291219447706924362811861593,0.0187637011572507835128693253175354454912082305316088318385937,1.60822288820379467752107273731296909716990653152317449218223,False,,,True,True
1438,83,0.0342472423297198358986907637255446103689990582290600792849673,-0.103527757670280164101309236274455389631000941770939920715033,0.112311810582429958974672690931386152592249764557265019821242,-0.0235905413746903936151005797398856212900289802301305763682693,0.510181687181301251706673417429020442681152029015256940959557,False,,,True,False
1439,31,0.0106567009550294422835901839856589890789700779989295029166981,-0.127118299044970557716409816014341010921029922001070497083302,0.0414141752387573605708975459964147472697425194997323757291745,-0.0044568010276947397544603865977881443816749938523489242784531,0.594247144427718880048338560640829935171778018764626634095993,False,,,True,False
1440,170,0.00619989992733470252912979738787084469729508414658057863824496,-0.131575100072665297470870202612129155302704915853419421361755,0.214049974981833675632282449346967711174323771036645144659561,0.0255648822017208621207335007257249788871963832909436322424955,1.95355068334076082469450406500526490123925229737730960730396,False,,,False,True
1441,114,0.0317647821290555646498632981135958235844914674375242108807405,-0.10601021787094443535013670188640417641550853256247578911926,0.150441195532263891162465824528398955896122866859381052720185,-0.0144291850683961735245848804652968099464255901528592241914315,0.697756594249335662179244878579866569255173692780760752173444,False,,,True,False
1442,62,0.0173355970606593911252784176482990136380658772846649866893089,-0.120439402939340608874721582351700986361934122715335013310691,0.0818338992651648477813196044120747534095164693211662466723272,-0.0148491448762901773928389591676341311645699059870472072154774,0.529244069471269175660549807237089025408491721435799513396839,False,,,True,False
1443,147,0.00248645218436921373243945848066488247349597129761777947383158,-0.135288547815630786267560541519335117526504028702382220526168,0.184371613046092303433109864620166220618373992824404444868458,0.00685861246244612970231261827807898018002675036235166217835636,1.57482422776429848326583946931048513193104462144193670730854,False,,,True,True
1444,39,0.00934506464681534343475207675874386265352272165996944165218795,-0.128429935353184656565247923241256137346477278340030558347812,0.051086266161703835858688019189685965663380680414992360413047,-0.00934506464681534343475207675874386265352272165996944165218795,0.440012850021437523851540388191370581315057351532357825229745,False,,,True,False
