t,s,d,e,moved,worst,R,boundary,tie_exact,invariant_exact_ok,s_bound_ok,rebound
0,200,0.25,0.112225,0.1875,-0.039475,0.537342882198187664425606547793042969891844489915229465068693,False,,,True,False
1,232,0.210525,0.07275,0.19763125,-0.03003801,0.604523377378336091002256571989881004473067130358540581081601,False,,,True,False
2,256,0.18048699,0.04271199,0.2051217475,-0.01592943082259375,0.75985419945476517416150942482805805148461823465700887139181,False,,,True,False
3,173,0.16455755917740625,0.02678255917740625,0.1492643897943515625,-0.020839543220954996337890625,0.597516840317897238980104685842831346228189291687223318055779,False,,,True,False
4,285,0.143718015956451253662109375,0.005943015956451253662109375,0.21405450398911281341552734375,-0.0138395883634004940959224700927734375,0.793415828723721491726976205146906471379162469160433522545595,False,,,True,False
5,217,0.1298784275930507595661869049072265625,-0.0078965724069492404338130950927734375,0.168094606898262689891546726226806640625,-0.012047459955136636775382570421695709228515625,0.717697352551846851429267723655393279661713176997800751613525,False,,,True,False
6,306,0.117830967637914122790804334485530853271484375,-0.019944032362085877209195665514469146728515625,0.22070774190947853069770108362138271331787109375,0.0000751903995677040982341818338632024824619293212890625,1.0014444525801339983943413091351653299799657651217187341174,False,,,True,True
7,153,0.1179061580374818268890385163193940557539463043212890625,-0.0198688419625181731109614836806059442460536956787109375,0.125101539509370456722259629079848513938486576080322265625,-0.0165880867247279486716796113765853460737562272697687149047852,0.587496501447553932543285699421631808127842776778123693443684,False,,,True,False
8,319,0.101318071312753878217358904942808709680190077051520347595215,-0.0364569286872461217826410950571912903198099229484796524047852,0.224704517828188469554339726235702177420047519262880086898804,0.00654515904336707232695684689271804347536435329857340548187494,1.13991205523460553594349845092674301696476677402965527349859,False,,,True,True
9,245,0.10786323035612095054431575183552675315555443035009375307709,-0.0299117696438790494556842481644732468444455696499062469229102,0.180090807589030237636078937958881688288888607587523438269272,-0.0175390318106931134307672175936085389005709140602675688569434,0.718454489213503281320286696117128046557946355652678511243525,False,,,True,False
10,184,0.0903241985454278371135485342419182142549835162898261842201464,-0.0474508014545721628864514657580817857450164837101738157798536,0.137581049636356959278387133560479553563745879072456546055037,-0.00726742345588711768226779404420939679775224646220657334083626,0.726692829007150561017958240442189543262849333974282487438872,False,,,True,False
11,334,0.0830567750895407194312807401977088174572312698276196108793101,-0.0547182249104592805687192598022911825427687301723803891206899,0.229514193772385179857820185049427204364307817456904902719828,0.00792549838444915927376282308640034907138435652070507391264709,1.18790115727062680431060685653187902963042456451279871480207,False,,,True,True
12,270,0.0909822734739898787050435632841091665286156263483246847919572,-0.0467927265260101212949564367158908334713843736516753152080428,0.191495568368497469676260890821027291632153906587081171197989,-0.00105155283239041201806304029797245300601864048029319841603263,0.976263720560519864737571580636954808955014085158184497056416,False,,,True,False
13,137,0.0899307206415994666869805229861367135225969858680314863759246,-0.0478442793584005333130194770138632864774030141319685136240754,0.108107680160399866671745130746534178380649246467007871593981,-0.0192939220197757531397587441806726028039389136787334160095955,0.477188775550390862765468958087780041781800731818578394159764,False,,,True,False
14,343,0.0706367986218237135472217788054641107186580721892980703663291,-0.0671382013781762864527782211945358892813419278107019296336709,0.232034199655455928386805444701366027679664518047324517591582,0.0221381865585078680247890660715195971630618499402971306114959,1.6195508216622079483940403758468315582119584355948042745004,False,,,False,True
15,209,0.092774985180331581572010844876983707881719922129595200977825,-0.045000014819668418427989155123016292118280077870404799022175,0.153818746295082895393002711219245926970429980532398800244456,-0.0214561742413905106722491252181233953324081231776394488445379,0.585004850143566143894035273418594510193044151747640829444622,False,,,True,False
16,295,0.0713188109389410708997617196588603125493117989519557521332871,-0.0664561890610589291002382803411396874506882010480442478667129,0.202204702734735267724940429914715078137327949737988938033322,0.00513837064432101451975183243397460152360156785661307849375504,1.11840373845043845320583050575733716185642792569243804435973,False,,,True,True
17,161,0.0764571815832620854195135520928349140729133668085688306270421,-0.0613178184167379145804864479071650859270866331914311693729579,0.119739295395815521354878388023208728518228341702142207656761,-0.0175891021404475928064741640793796279588289566382652301124311,0.516424833079122367703404741695086501576001157355113991854888,False,,,True,False
18,353,0.058868079442814492613039388013455286114084410170303600514611,-0.078906920557185507386960611986544713885915589829696399485389,0.235342019860703623153259847003363821528521102542575900128653,0.0262043777838007157635785780552551558869762900101096100096493,1.84828891323113849448458942661870399307811756899723026341085,False,,,False,True
19,231,0.0850724572266152083766179660687104420010607001804132105242603,-0.0527025427733847916233820339312895579989392998195867894757397,0.165643114306653802094154491517177610500265175045103302631065,-0.0181296479606430065078939651491494252121994034135988695490423,0.663653622613271604166686824368432509856388695144181984107287,False,,,True,False
20,122,0.0669428092659722018687240009195610167888612967668143409752179,-0.0708321907340277981312759990804389832111387032331856590247821,0.0929857023164930504671810002298902541972153241917035852438045,-0.0100660315427592438454845809115931247235033483286429977136644,0.611544335928511747799951224416113567336960561176878539636707,False,,,True,False
21,314,0.0568767777232129580232394200079678920653579484381713432615536,-0.0808982222767870419767605799920321079346420515618286567384464,0.210469194430803239505809855001991973016339487109542835815388,0.00467010237296082033539984469658987263367468938749418724914893,1.09753206204729970833185777556499977863167711861002455003788,False,,,True,True
22,193,0.0615468800961737783586392647045577646990326378256655305107025,-0.0762281199038262216413607352954422353009673621743344694892975,0.136011720024043444589659816176139441174758159456416382627676,-0.0124072489842632230713707440198287909500900312089235052375644,0.631581533078686362062789791626353743123732202582693258458375,False,,,True,False
23,361,0.0491396311119105552872685206847289737489426066167420252731381,-0.0886353688880894447127314793152710262510573933832579747268619,0.237909907777977638821817130171182243437235651654185506318285,0.0298348148773633562141246966508663286987161905004835909116617,2.2023323491171505132945840623810232998655528510069663665855,False,,,False,True
24,253,0.0789744459892739115013932173355953024476587971172256161847998,-0.0588005540107260884986067826644046975523412028827743838152002,0.1778686114973184778753483043338988256119146992793064040462,-0.00839632984793742214909529568922687857017793225128923336914194,0.831532263629773234243964110949659401601963242913292110163335,False,,,True,False
25,147,0.0705781161413364893522979216463684238774808648659363828156578,-0.0671968838586635106477020783536315761225191351340636171843422,0.109519529035334122338074480411592105969370216216484095703914,-0.0208136562017780939170192084183181099065830437312480715526218,0.517045617360067191188453204110631083734068657900211861555651,False,,,True,False
26,327,0.0497644599395583954352787132280503139708978211346883112630361,-0.0880105400604416045647212867719496860291021788653116887369639,0.216816114984889598858819678307012578492724455283672077815759,0.0154771373411942698087146470763987375112720812741016854267767,1.4020257112602780224825413679774250295831786389099973819364,False,,,True,True
27,213,0.0652415972807526652439933603044490514821699024087899966898128,-0.0725334027192473347560066396955509485178300975912100033101872,0.149435399320188166310998340076112262870542475602197499172453,-0.0184456058299615794678878189946837653634594865728006423549535,0.618839312133726783748113855963780255133578886183070738080274,False,,,True,False
28,105,0.0467959914507910857761055413097652861187104158359893543348593,-0.0909790085492089142238944586902347138812895841640106456651407,0.0773239978626977714440263853274413215296776039589973385837148,-0.0055152666215535830762059320874325502906421867212004222658376,0.675128926007150946510714542124130245109434172773796930171567,False,,,True,False
29,367,0.0412807248292375026998996092223327358280682291147889320690217,-0.0964942751707624973001003907776672641719317708852110679309783,0.239695181207309375674974902305583183957017057278697233017255,0.0315262238261540272948980005538131770945357873505095588512953,2.58558480559745857685513195209657189250266083058325627267852,False,,,False,True
30,268,0.072806948655391529994797609776145912922604016465298490920317,-0.064968051344608470005202390223854087077395983534701509079683,0.185701737163847882498699402444036478230651004116324622730079,-0.00515324243711246689380471917601823552643002299830924402527355,0.898498831690130510891003552851580702917024592224712651407999,False,,,True,False
31,173,0.0676537062182790631009928906001276773961739934669892468950434,-0.0701212937817209368990071093998723226038260065330107531049566,0.125038426554569765775248222650031919349043498366747311723761,-0.0207756780311086356346821009764365555131091540381452252670824,0.538197791295683202462679223397908813451171590065983073884391,False,,,True,False
32,300,0.046878028187170427466310789623691121883064839428844021627961,-0.090896971812829572533689210376308878116935160571155978372039,0.19921950704679260686657769740592278047076620985721100540699,0.00541277112793850508549179442277027789613000496350025663822364,1.14107426849580059789536365770536716952408483822521087061318,False,,,True,True
33,132,0.0522907993151089325518025840464613997791948443923442782661847,-0.0854842006848910674481974159535386002208051556076557217338153,0.0955726998287772331379506460116153499447987110980860695665462,-0.0147407818875835809473313507401217688061072783545512331242963,0.524337419658834349347699495733266416724409900087489483004947,False,,,True,False
34,348,0.0375500174275253516044712333063396309730875660377930451418884,-0.100224982572474648395528766693660369026912433962206954858112,0.226887504356881337901117808326584907743271891509448261285472,0.0278878339886341006427607554094135638540734641381994563028901,1.9981808078385837402620748899261199662633479381920852548167,False,,,False,True
35,224,0.0654378514161594522472319887157531948271610301759925014447784,-0.0723371485838405477527680112842468051728389698240074985552216,0.156359462854039863061807997178938298706790257543998125361195,-0.0225818723036138796891235206500662227353049176974265323230933,0.623586153989098577433486323737192599089319841850480622641943,False,,,True,False
36,156,0.0428559791125455725581084680656869720918561124785659691216852,-0.0949190208874544274418915319343130279081438875214340308783148,0.108213994778136393139527117016421743022964028119641492280421,-0.00903933465624471209323007355046070520228484557888456650172428,0.65635377609935812692986707039767897765547531885150013233615,False,,,True,False
37,373,0.0338166444563008604648783945152262668895712668996814026199609,-0.103958355543699139535121605484773733110428733100318597380039,0.24157916111407521511621959862880656672239281672492035065499,0.0360363378038696112130346379886720144912563832634320831211101,3.05080179763688742717842632640076855276781761937371438735474,False,,,False,True
38,249,0.0698529822601704716779130325038982813808276501631134857410709,-0.0679220177398295283220869674961017186191723498368865142589291,0.173088245565042617919478258125974570345206912540778371435268,-0.0136733051520371945821580086006349418551236603106347269729298,0.751108989195899254243773584259519056873899689365811141217544,False,,,True,False
39,117,0.0561796771081332770957550239032633395257039898524787587681411,-0.0815953228918667229042449760967366604742960101475212412318589,0.0871699192770333192739387559758158348814259974631196896920353,-0.0100757240113424529607364729785929188573460584067663305460395,0.626916349495442959221481652919856990787331182357529683394491,False,,,True,False
40,309,0.0461039530967908241350185509246704206683579314457124282221016,-0.0916710469032091758649814490753295793316420685542875717778984,0.204650988274197706033754637731167605167089482861428107055525,0.00707129899993475795739193882898298116537366693576013328040981,1.160494413187334509385570737793377762352760358231722046396,False,,,True,True
41,195,0.0531752520967255820924104897536534018337315983814725615025114,-0.0845997479032744179075895102463465981662684016185274384974886,0.135168813024181395523102622438413350458432899595368140375628,-0.0195714066111024205671484486707250816643982764342954392118996,0.578126468340810929275305912615735753979001926065674586201032,False,,,True,False
42,337,0.0336038454856231615252620410829283201693333219471771222906118,-0.104171154514376838474737958917071679830666678052822877709388,0.219025961371405790381315510270732080042333330486794280572653,0.0235067251372771549016638217135549047840497374854171301749712,1.91495813316596418343346348424303873812456829190284533652452,False,,,False,True
43,148,0.057110570622900316426925862796483224953383059432594252465583,-0.080664429377099683573074137203516775046616940567405747534417,0.106777642655725079106731465699120806238345764858148563116396,-0.0178863264727486819526191035338678886675587133767813451177132,0.564086459134660350985530551761728481182381354281987741522646,False,,,True,False
44,276,0.0392242441501516344743067592626153362858243460558129073478699,-0.0985507558498483655256932407373846637141756539441870926521301,0.182306061037537908618576689815653834071456086513953226836967,-0.00372310543739022441647920843644078424718373965481550550663841,0.89863016697157840073109452377904947415400389179064854030004,False,,,True,False
45,93,0.0355011387127614100578275508261745520386406064009974018412315,-0.102273861287238589942172449173825447961359393599002598158769,0.0670002846781903525144568877065436380096601516002493504603079,-0.00712770494697819169256576565470313639120803945291727499225024,0.504966698470033992567713453286589991272894305861585391421808,False,,,True,False
46,377,0.0283734337657832183652617851714714156474325669480801268489812,-0.109401566234216781634738214828528584352567433051919873151019,0.242718358441445804591315446292867853911858141737020031712245,0.0417473767676186959739671763857234688717702683771894279408813,3.29251374997847266028264016526259334178821073968436625280155,False,,,False,True
47,217,0.0701208105334019143392289615571948845192028353252695547898625,-0.0676541894665980856607710384428051154807971646747304452101375,0.153155202633350478584807240389298721129800708831317388697466,-0.0248178757152278408416152917427112212242040803290271891079829,0.589947207499493296166350987959008722953919570911327080175868,False,,,True,False
48,288,0.0453029348181740734976136698144836632949987549962423656818796,-0.0924720651818259265023863301855163367050012450037576343181204,0.19132573370454351837440341745362091582374968874906059142047,0.00960825601925156418794468808415492658111725783806691661676113,1.26234067103407448985727283095424541648292915308185928064399,False,,,True,True
49,164,0.0549111908374256376855583578986385898761160128343092822986407,-0.0828638091625743623144416421013614101238839871656907177013593,0.11622779770935640942138958947465964746902900320857732057466,-0.0242941864991952721361060323912915859032502046406936949262336,0.482846430100161080901007977096534085472946026750669611581185,False,,,True,False
50,356,0.0306170043382303655494523255073470039728658081936155873724071,-0.107157995661769634450547674492652996027134191806384412627593,0.230154251084557591387363081376836750993216452048403896843102,0.0322624425174281002582290409405090413405076884575032734052195,2.58369462921157479775349201339875235371792382533319649562273,False,,,False,True
51,201,0.0628794468556584658076813664478560453133734966511188607776267,-0.0748955531443415341923186335521439546866265033488811392223733,0.141344861713914616451920341611964011328343374162779715194407,-0.0205145073207677879319637470564642022858502736347782977612861,0.597702541524204105257770560166787517592665550290352883839559,False,,,True,False
52,112,0.0423649395348906778757176193913918430275232230163405630163406,-0.0954100604651093221242823806086081569724767769836594369836594,0.0805912348837226694689294048478479607568808057540851407540851,-0.00814884013771096121736285665190557980537860843361113627469081,0.620780923739504325064932882222373926965280829108990322696062,False,,,True,False
53,318,0.0342160993971797166583547627394862632221446145827294267416498,-0.10355890060282028334164523726051373677785538541727057325835,0.207304024849294929164588690684871565805536153645682356685412,0.00991215101278449037360198866128813157776118662042254491136514,1.25099056580212162444714806694449393135998544631605397751097,False,,,True,True
54,242,0.0441282504099642070319567514007743947999058012031519716530149,-0.0936467495900357929680432485992256052000941987968480283469851,0.162282062602491051757989187850193598699976450300787992913254,-0.010570745885299061468628296485008436819094788433234796434412,0.776473811807245525468628750044490614125381293047821141124594,False,,,True,False
55,136,0.0335575045246651455633284549157659579808110127699171752186029,-0.104217495475334854436671545084234042019188987230082824781397,0.0933893761311662863908321137289414894952027531924792938046507,-0.00958577055757309711102247364119963671982700374606058660045326,0.500179057614749239828999259280483304943626089984382100432628,False,,,True,False
56,381,0.0239717339670920484523059812745663212609840090238565886181497,-0.11380326603290795154769401872543367873901599097614341138185,0.244117933491773012113076495318641580315246002255964147154537,0.0362688003579097233403508138571550146637529588465419450732481,2.95340507316100346724401568542371895554674588488788420143265,False,,,False,True
57,260,0.0602405343250017717926567951317213359247369678703985336913978,-0.0775344656749982282073432048682786640752630321296014663086022,0.177560133581250442948164198782930333981184241967599633422849,-0.00480805678037024698948253153382030782580901754630582711657758,0.900923541151997970335865251751296207349415905634503082650074,False,,,True,False
58,175,0.0554324775446315248031742635979010280989279503240927065748202,-0.0823425224553684751968257364020989719010720496759072934251798,0.123233119386157881200793565899475257024731987581023176643705,-0.0204784995829901810542492657400210487357061217354959442134839,0.523317076185644698951163601514066195443426329143923696761013,False,,,True,False
59,329,0.0349539779616413437489249978578799793632218285885967623613363,-0.102821022038358656251075002142120020636778171411403237638664,0.214363494490410335937231249464469994840805457147149190590334,0.0189138263282426818303106995590344913160765172195629693992564,1.79994615190059024115885477057375541267256873652300754349014,False,,,True,True
60,122,0.0538678042898840255792356974169144706792983458081597317605927,-0.0839071957101159744207643025830855293207016541918402682394073,0.0897169510724710063948089243542286176698245864520399329401482,-0.0189848636942820558353730103659820323347781611944840408977509,0.5233123766715016022148669413670589534717988828678543819631,False,,,True,False
61,281,0.0348829405956019697438626870509324383445201846136756908628418,-0.102892059404398030256137312949067561655479815386324309137158,0.18434573514890049243596567176273310958613004615341892271571,0.000535830463919849101136698967935517632490733106043579493478443,1.01177413227886609605715529781720678543605877136866903223483,False,,,True,True
62,206,0.0354187710595218188449993860188679559770109177197192703563202,-0.10235622894047818115500061398113204402298908228028072964368,0.13760469276488045471124984650471698899425272942992981758908,-0.0116946291479120131081501875571789933803596390586981490239336,0.639835181776273592620566288809966001787766491518822466900721,False,,,True,False
63,365,0.0237241419116098057368491984616889625966512786610211213323866,-0.114050858088390194263150801538311037403348721338978878667613,0.234056035477902451434212299615422240649162819665255280333097,0.035827148703100394648292960778831896913476509679921420000964,3.78084044486722649585917330477028405567937345357530797716691,False,,,False,True
64,153,0.0595512906147102003851421592405208595101277883409425413333506,-0.0782237093852897996148578407594791404898722116590574586666494,0.110512822653677550096285539810130214877531947085235635333338,-0.0244231562043817551713693181537688088040712104879457697244489,0.51704121668341883341665389599820482228824390212495424135466,False,,,True,False
65,298,0.0351281344103284452137728410867520507060565778529967716089017,-0.102646865589671554786227158913247949293943422147003228391098,0.195032033602582111303443210271688012676514144463249192902225,0.00819880327384614962082953511171164543267763225852134190371387,1.29280180552249033352447729473433545849054870076718114654755,False,,,True,True
66,102,0.0433269376841745948346023761984636961387342101115181135126156,-0.0944480623158254051653976238015363038612657898884818864873844,0.0745817344210436487086505940496159240346835525278795283781539,-0.0151566152074216758447103530086032489189755876576553427157396,0.5446466931030421520147025747615759560467417321073334513439,False,,,True,False
67,234,0.028170322476752918989892023189860447219758622453862770796876,-0.109604677523247081010107976810139552780241377546137229203124,0.153292580619188229747473005797465111804939655613465692699219,-0.00795665465868164154891412626912190483639160259647322480463053,0.686669620706886717990244070026967911920520168348481147523826,False,,,True,False
68,384,0.0202136678180712774409778969207385423833670198573895459922455,-0.117561332181928722559022103079261457616632980142610454007755,0.245053416954517819360244474230184635595841754964347386498061,0.0448323528630168227516558565772210099268705250751387025254074,3.79360629507845324092637049470685412453365274080199285785369,False,,,False,True
69,186,0.0650460206810881001926337534979595523102375449325282485176529,-0.0727289793189118998073662465020404476897624550674717514823471,0.132511505170272025048158438374489888077559386233132062129413,-0.0230944797902061196327333622591742509215854114501320898772378,0.559955335105164731323522329304242744390075555665532045190215,False,,,True,False
70,270,0.041951540890881980559900391238785301388652133482396158640415,-0.095823459109118019440099608761214698611347866517603841359585,0.179237885222720495139975097809696325347163033370599039660104,0.000210364509209522499382819110486797395206956730217397509739933,1.00544571491943474709438539456768259925003906501930222057198,False,,,True,True
71,127,0.042161905400091503059283210349272098783859090212613556150155,-0.095613094599908496940716789650727901216140909787386443849845,0.0899154763500228757648208025873180246959647725531533890375387,-0.00980020763823325835064727486782959293517342363478269778610959,0.547188736024776577294729029477571479231404792337594147355684,False,,,True,False
72,341,0.0323616977618582447086359354814425058486856665778308583640454,-0.105413302238141755291364064518557494151314333422169141635955,0.221215424440464561177158983870360626462171416644457714591011,0.0166954136609406666913877179468982574145912605054507150410309,1.43572488871773425403438656627158286982864430220015549313312,False,,,False,True
73,214,0.0490571114227989114000236534283407632632769270832815734050763,-0.0887178885772010885999763465716592367367230729167184265949237,0.146014277855699727850005913357085190815819231770820393351269,-0.0174315762643569216784874706132437409475259302311258170198603,0.627171122053461300769035022819806749676041934911273090579183,False,,,True,False
74,89,0.031625535158441989721536182815097022315750996852155756385216,-0.106149464841558010278463817184902977684249003147844243614784,0.063531383789610497430384045703774255578937749213038939096304,-0.00487431989217101773349695725341486448822783327637703528863411,0.689380528774087120536200526443999562906042481926803558752857,False,,,True,False
75,314,0.0267512152662709719880392255616821578275231635757787210965819,-0.111023784733729028011960774438317842172476836424221278903418,0.202937803816567742997009806390420539456880790893944680274145,0.00720538781756577500572890017073415737161043259303774572992856,1.1715255637878945534185117852267250644198278130402575843259,False,,,True,True
76,166,0.0339566030838367469937681257324163151991335961688164668265105,-0.10381839691616325300623187426758368480086640383118353317349,0.112239150770959186748442031433104078799783399042204116706628,-0.0136152186079078441608068178074062286388690537685651795370907,0.57195267082926307072807318260407375505591995423320953965949,False,,,True,False
77,370,0.0203413844759289028329613079250100865602645424002512872894198,-0.11743361552407109716703869207498991343973545759974871271058,0.236335346118982225708240326981252521640066135600062821822355,0.0373723477322157886751285871366832758243782526691974258685901,3.03018943490611865155736430896045745517640846391562539436501,False,,,False,True
78,244,0.0577137322081446915080898950616933623846427950694487131580099,-0.0800612677918553084919101049383066376153572049305512868419901,0.166928433052036172877022473765423340596160698767362178289502,-0.011581558458274868108645162751883745304747528752704670022751,0.765378043472288524216677736078387286661061978016542007177803,False,,,True,False
79,136,0.0461321737498698233994447323098096170798952663167440431352589,-0.0916428262501301766005552676901903829201047336832559568647411,0.0965330434374674558498611830774524042699738165791860107838147,-0.017578672287461625441238848321076630983126800115845302227801,0.523490798766243470605362100631357083886576528920823278823023,False,,,True,False
80,292,0.0285535014624081979582058839887329860967684662008987409074579,-0.109221498537591802041794116011267013903231533799101259092542,0.189638375365602049489551470997183246524192116550224685226864,0.00168752937573553726052140622349972350923943399236814629138242,1.03696975955801362232069461998144103415211090834612249073361,False,,,True,True
81,192,0.0302410308381437352187272902122327096060079001932668871988403,-0.10753396916185626478127270978776729039399209980673311280116,0.12756025770953593380468182255305817740150197504831672179971,-0.0108856958479354845208519187564394640572904728507765051533536,0.621763182714130993729111268260157333231169149417713277755987,False,,,True,False
82,351,0.0193553349902082506978753714557932455487174273424903820454868,-0.118419665009791749302124628544206754451282572657509617954513,0.224213833747552062674468842863948311387179356835622595511372,0.0285677121177964392302485446169531381682649126526579748452458,3.21120167840951871905387700686944317609184589976078871598257,False,,,False,True
83,113,0.0479230471080046899281239160727463837169823399951483568907326,-0.0898519528919953100718760839272536162830176600048516431092674,0.0826057617770011724820309790181865959292455849987870892226831,-0.0193606737320927191880134520058280527925967051141946873568925,0.494841908140774481815385014484432309128946463894859010489928,False,,,True,False
84,259,0.0285623733759119707401104640669183309243856348809536695338401,-0.10921262662408802925988953593308166907561436511904633046616,0.16901559334397799268502761601672958273109640872023841738346,-0.00797892521492564554694051709416025349209054003839415960058234,0.825791897826304338052258695815412613903801780930863122580762,False,,,True,False
85,73,0.0205834481609863251931699469727580774322950948425595099332578,-0.117191551839013674806830053027241922567704905157440490066742,0.0507708620402465812982924867431895193580737737106398774833145,-0.00403569134941762708094393644921185454783062518265998834986836,0.554019407610883063834372937213850902955094328423532737036045,False,,,True,False
86,387,0.0165477568115686981122260105235462228844644696598995215833894,-0.121227243188431301887773989476453777115535530340100478416611,0.246011939202892174528056502630886555721116117414974880395847,0.0470622182548864123879104102048938455406807250904015456685153,4.32419722027506868191630688683076406561035036500136796664114,False,,,False,True
87,209,0.0636099750664551105001364207284400684251451947503010672519048,-0.0741650249335448894998635792715599315748548052496989327480952,0.146527493766613777625034105182110017106286298687575266812976,-0.021783535684245700186388070686382275775961987032857444431553,0.577255754502450903235668270274660491008190904444117546249028,False,,,True,False
88,305,0.0418264393822094103137483500420577926491832077174436228203518,-0.0959485606177905896862516499579422073508167922825563771796482,0.201081609845552352578437087510514448162295801929360905705088,0.0153364569927813483437741539493766864604348839857899048579646,1.47575533800864255526162428763238965271028482199194535601397,False,,,True,True
89,156,0.0571628963749907586575225039914344791096180917032335276783164,-0.0806121036250092413424774960085655208903819082967664723216836,0.111790724093747689664380625997858619777404522925808381919579,-0.0282471226694811813612119705462319384988361111974403232211051,0.481769290108760632146395016603762961978356552163380562442824,False,,,True,False
90,327,0.0289157737055095772963105334452025406107819805057932044572113,-0.108859226294490422703689466554797459389218019494206795542789,0.211603943426377394324077633361300635152695495126448301114303,0.0219518477799006859964089574771308762776124145101540472715777,1.82085745915654156179250248035009154324513843032595943584778,False,,,True,True
91,183,0.050867621485410263292719490922333416888394395015947251728789,-0.086907378514589736707280509077666583111605604984052748271211,0.127091905371352565823179872730583354222098598753986812932197,-0.0219090830690175469980162305018805295217407571645522194837354,0.577562481383937806189666724848125883506722836879552386912746,False,,,True,False
92,250,0.0289585384163927162947032604204528873666536378513950322450536,-0.108816461583607283705296739579547112633346362148604967754946,0.163489634604098179073675815105113221841663409462848758061263,0.00125679830089157344601383521562535957261613637252345254013001,1.04434497390379362336260090789552893535620479231778331393404,False,,,True,True
93,96,0.0302153367172842897407170956360782469392697742239184847851836,-0.107559663282715710259282904363921753060730225776081515214816,0.0675538341793210724351792739090195617348174435559796211962959,-0.0121756088875410503691289527542343188845607337781508050855705,0.376659834162500098571941041769104372185588094920577843001428,False,,,True,False
94,360,0.0180397278297432393715881428818439280547090404457676796996131,-0.119735272170256760628411857118156071945290959554232320300387,0.229509931957435809842897035720460982013677260111441919924903,0.0257531470131284935518107085394945568392429472637742704423475,1.8320867892614705234877167767683528113803206832788830039025,False,,,False,True
95,221,0.0437928748428717329233988514213384848939519877095419501419605,-0.0939821251571282670766011485786615151060480122904580498580395,0.14907321871071793323084971285533462122348799692738548753549,-0.0135869515802375130797654555594968210880342163031257846631975,0.708275751882636048690355079326750231544072775484704337265076,False,,,True,False
96,129,0.030205923262634219843633395861841663805917771406416165478763,-0.107569076737365780156366604138158336194082228593583834521237,0.0881764808156585549609083489654604159514794428516040413696907,-0.011703195608014869625034616463599426404329262249435070094738,0.601796595664489138062846802285867577243006927687880120933449,False,,,True,False
97,296,0.018502727654619350218598779398242237401588509156981095384025,-0.119272272345380649781401220601757762598411490843018904615975,0.189625681913654837554649694849560559350397127289245273846006,0.000862131411204811568767149133687732998879213561985303687049625,1.03226170367146933862891374685618766914009828327533486340712,False,,,True,True
98,71,0.0193648590658241617873659285319299704004677227189663990710746,-0.118410140934175838212634071468070029599532277281033600928925,0.0492162147664560404468414821329824926001169306797415997677687,-0.00411828288246589333208676686334682777689476333407999027566158,0.46691456238830427177473435961703613514578199606391711462671,False,,,True,False
99,379,0.0152465761833582684552791616685831426235729593848864087954131,-0.122528423816641731544720838331416857376427040615113591204587,0.240686644045839567113819790417145785655893239846221602198853,0.0423701913843009045927188445919135645902556940831674240756521,3.38315217838344666369951474709517426253077011220437971061254,False,,,False,True
100,197,0.0576167675676591730479980062604967072138286534680538328710652,-0.0801582324323408269520019937395032927861713465319461671289348,0.137529191891914793261999501565124176803457163367013458217766,-0.0206484932569514272881874190675848305141536119530027684444598,0.594573056802760021422862444873187524916037564889999191753545,False,,,True,False
101,272,0.0369682743107077457598105871929118766996750415150510644266054,-0.100806725689292254240189412807088123300324958484948935573395,0.179242068577676936439952646798227969174918760378762766106651,0.000176299130550353567164913371755204861727584840124616205731525,1.00428731829386847903980320354577710360256609268486076233317,False,,,True,True
102,144,0.0371445734412580993269755005646670815614026263551756806323369,-0.100630426558741900673024499435332918438597373644824319367663,0.0992861433603145248317438751411667703903506565887939201580842,-0.0144354400343475215593246816637951521851133855059517709486558,0.495023084747295386459516559192430827391235455703419274251355,False,,,True,False
103,336,0.0227091334069105777676508189008719293762892408492239096836811,-0.115065866593089422232349181099128070623710759150776090316319,0.21567728335172764444191270472521798234407231021230597742092,0.0168335390352882343369441056242390957637524087100972042804319,1.52784288958297797166332772500320593863515082614956102637351,False,,,False,True
104,175,0.039542672442198812104594924525111025140041649559321113964113,-0.098232327557801187895405075474888974859958350440678886035887,0.119260668110549703026148731131277756285010412389830278491028,-0.0200945973570540888528242349330683527330553442961844322417096,0.584910572644094980876704711317973173464382806089411094701622,False,,,True,False
105,255,0.0194480750851447232517706895920426724069863052631366817224035,-0.118326924914855276748229310407957327593013694736863318277597,0.164237018771286180812942672398010668101746576315784170430601,0.00343327718954269477896226763682126384637337259676122063383112,1.14356949388370915364861492914057953568869008756754103444237,False,,,True,True
106,86,0.0228813522746874180307329572288639362533596778598979023562346,-0.114893647725312581969267042771136063746640322140102097643765,0.0594703380686718545076832393072159840633399194649744755890586,-0.00921986319364720727748374441825297839824396215029689568449663,0.408991660548509812301848709583622850733673680091407769304489,False,,,True,False
107,389,0.0136614890810402107532492128106109578551157157096010066717379,-0.124113510918959789246750787189389042144884284290398993328262,0.246540372270260052688312303202652739463778928927400251667934,0.039935473439706325176935245694286164934324287711337982616322,4.11967781361680905733211135938732463585038362083466436104225,False,,,False,True
108,216,0.0535969625207465359301844585048971227894400034209389892880599,-0.0841780374792534640698155414951028772105599965790610107119401,0.148399240630186633982546114626224280697360000855234747322015,-0.0152392483714993957621638169709935118315903904162051525198103,0.638328335069117423482416780414010391008015865224045308452297,False,,,True,False
109,311,0.0383577141492471401680206415339036109578496130047338367682496,-0.0994172858507528598319793584660963890421503869952661632317504,0.203964428537311785042005160383475902739462403251183459192062,0.0164823520636528624980458599612218582282998825849582450689406,1.57333622851478853460418382322370778922420265395435393579327,False,,,True,True
110,137,0.0548400662129000026660665014951254691861494955896920818371902,-0.0829349337870999973339334985048745308138505044103079181628098,0.0993350165532250006665166253737813672965373738974230204592976,-0.0267810007022043070126066529752585851245192097857559064038146,0.456344772453538445248504040445128156489557874855781649519032,False,,,True,False
111,282,0.0280590655106956956534598485198668840616302858039361754333756,-0.109715934489304304346540151480133115938369714196063824566624,0.183264766377673923913364962129966721015407571450984043858344,0.00324191061925936617367248450433985159197882774334674619714325,1.10069441232332306061090356515455182993598859872526567523059,False,,,True,True
112,106,0.0313009761299550618271323330242067356536091135472829216305189,-0.106474023870044938172867666975793264346390886452717078369481,0.0740752440324887654567830832560516839134022783868207304076297,-0.00952791896552247350349738400053510208405976001815498379416341,0.484361327366343710043650046444435639780699068683195119301417,False,,,True,False
113,353,0.0217730571644325883236349490236716335695493535291279378363555,-0.116001942835567411676365050976328366430450646470872062163645,0.226068264291108147080908737255917908392387338382281984459089,0.0307875360740387114343990530828830720833334791170442212601433,2.19993383119765250868313184895372332699432275658153827651205,False,,,False,True
114,193,0.0525605932384712997580340021065547056528828326461721590964988,-0.0852144067615287002419659978934452943471171673538278409035012,0.133765148309617824939508500526638676413220708161543039774125,-0.0251009215554710779051615069352902784541958292517251376404244,0.560992357565281518626938099669563365606588914908366864052874,False,,,True,False
115,242,0.0274596716830002218528724951712644271986870033944470214560744,-0.110315328316999778147127504828735572801312996605552978543926,0.158114917920750055463218123792816106799671750848611755364019,-0.00476619814142405674230634717985759466106058698598357518694472,0.841523969535294589832999845900830387924622722194085580257684,False,,,True,False
116,77,0.0226934735415761651105661479914068325376264164084634462691297,-0.11508152645842383488943385200859316746237358359153655373087,0.0537983683853940412776415369978517081344066041021158615672824,-0.00644908580496072858552394979900119519155207821994824227533775,0.523208162672412596471231104183373450565917634601791446601094,False,,,True,False
117,368,0.0162443877366154365250421981924056373460743381885152039937919,-0.121530612263384563474957801807594362653925661811484796006208,0.234061096934153859131260549548101409336518584547128800998448,0.0322903041756455777909620331120143563692001133031088919974164,2.32785227775185734841466539347308790890891861734622488189956,False,,,False,True
118,167,0.0485346919122610143160042313044199937152744514916240959912083,-0.0892403080877389856839957686955800062847255485083759040087917,0.116508672978065253579001057826104998428818612872906023997802,-0.0163439461158140486622823677232018838188847744016343193775113,0.583895031819189382219736458288572513973748203301020533169416,False,,,True,False
119,299,0.032190745796446965653721863581218109896389677089989776613697,-0.105584254203553034346278136418781890103610322910010223386303,0.194922686449111741413430465895304527474097419272497444153424,0.00337881908642758536220120747747885117171222898881017145461255,1.08712649255966463171362703662254480149273150582180430824234,False,,,True,True
120,127,0.0355695648828745510159230710586969610681019060787999480683095,-0.10220543511712544898407692894130303893189809392120005193169,0.0882673912207186377539807677646742402670254765196999870170774,-0.015498639154276332859675135229177614185615532774741955094312,0.553854592456628593622109971108344674107428432494816691626492,False,,,True,False
121,325,0.0200709257285982181562479358295193468824863733040579929739975,-0.117704074271401781843752064170480653117513626695942007026003,0.208142731432149554539061983957379836720621593326014498243499,0.0210262281541253981293555370743006425725054716295845259825246,1.68523978647920748954494448280241816869606446503695404945149,False,,,True,True
122,212,0.0410971538827236162856034729038199894549918449336425189565221,-0.0966778461172763837143965270961800105450081550663574810434779,0.142774288470680904071400868225954997363747961233410629739131,-0.0189016701317322361358424446953613849354307010318878924747798,0.592010031956832904756363075822766098647049786011426372185023,False,,,True,False
123,90,0.0221954837509913801497610282084586045195611439017546264817423,-0.115579516249008619850238971791541395480438856098245373518258,0.0617988709377478450374402570521146511298902859754386566204356,-0.0100829803254100219315545937845306773808982460536762514847057,0.532627544692157352338947635185720210125106075487679716743577,False,,,True,False
124,385,0.0121125034255813582182064344239279271386628978480783749970365,-0.125662496574418641781793565576072072861337102151921625002963,0.243653125856395339554551608605981981784665724462019593749259,0.0469094184807308328434975827196573729078153297855622308642481,6.22283213321055603883761576674223416932783849330478711160697,False,,,False,True
125,249,0.0590219219063121910617040171435853000464782276336406058612847,-0.0787530780936878089382959828564146999535217723663593941387153,0.170380480476578047765426004285896325011619556908410151465321,-0.0110203597540179320325972156338982211289954374989738260453093,0.787346537290595294463789187752745237394322457750477211124617,False,,,True,False
126,158,0.0480015621522942590291068015096870789174827901346667798159753,-0.0897734378477057409708931984903129210825172098653332201840247,0.110750390538073564757276700377421769729370697533666694953994,-0.0193629309208711015225223970157489084307341276739551007377904,0.54174002240086472406435735381304554273674901037343472580985,False,,,True,False
127,288,0.028638631231423157506584404493938170486748662460711679078185,-0.109136368768576842493415595506061829513251337539288320921815,0.187159657807855789376646101123484542621687165615177919769546,0.00211625712915971314474228575246780554543056435557544221267274,1.05931841362178209346510767702198538169701150253162857677027,False,,,True,True
128,113,0.0307548883605828706513266902464059760321792268162871212908577,-0.107020111639417129348673309753594023967820773183712878709142,0.0783137220901457176628316725616014940080448067040717803227144,-0.0098253042207832143153178966181415519124149366563097913156589,0.498626900461696130363091900869833584820364074684992675771657,False,,,True,False
129,344,0.0209295841397996563360087936282644241197642901599773299751988,-0.116845415860200343663991206371735575880235709840022670024801,0.2202323960349499140840021984070661060299410725399943324938,0.0254079420106814066072990371467540157303914453247666182825809,1.85696414972684118538305838209071259330270476020635917013326,False,,,False,True
130,199,0.0463375261504810629433078307750184398501557354847439482577797,-0.0914374738495189370566921692249815601498442645152560517422203,0.135959381537620265735826957693754609962538933871185987064445,-0.0243156836155470956275667525869549779809576661137875318609665,0.557311419539144862741611573377253259319497159787497070179969,False,,,True,False
131,265,0.0220218425349339673157410781880634618691980693709564163968132,-0.115753157465066032684258921811936538130801930629043583603187,0.171130460633733491828935269547015865467299517342739104099203,0.00513674880631461954442166556909891073059420403317358587586211,1.22847979497810146606537935257161718208448322809841048881134,False,,,True,True
132,84,0.0271585913412485868601627437571623725997922734041300022726753,-0.110616408658751413139837256242837627400207726595869997727325,0.0592896478353121467150406859392905931499480683510325005681688,-0.0144570627794826897474429709175939994481474353285388082480886,0.358582747437500090683591402487266767404083485019215726426366,False,,,True,False
133,374,0.0127015285617658971127197728395683731516448380755911940245867,-0.125073471438234102887280227160431626848355161924408805975413,0.236925382140441474278179943209892093287911209518897798506147,0.0407040287295242430262631776639554084462519350544173173331152,3.31443665379797065389066637193874520679448356007603515271659,False,,,False,True
134,177,0.053405557291290140138982950503523781597896773130008511357702,-0.084369442708709859861017049496476218402103226869991488642298,0.123976389322822535034745737625880945399474193282502127839425,-0.0226881553493527168040307677579037395446736682234619212640566,0.549527187143493482390281165527399939332266597931234588815148,False,,,True,False
135,307,0.0307174019419374233349521827456200420532231049065465900936454,-0.107057598058062576665047817254379957946776895093453409906355,0.199554350485484355833738045686405010513305776226636647523411,0.0129266233698310317293638757325373552464992570089339742809725,1.4076875360141872911621461051799067430759545990300911688105,False,,,True,True
136,138,0.0436440253117684550643160584781573972997223619154805643746178,-0.0941309746882315449356839415218426027002776380845194356253822,0.0971610063279421137660790146195393493249305904788701410936545,-0.0198739107969882729198949314542853743059979009845439075505317,0.542534691210547321807024482278630530669168294217127847654385,False,,,True,False
137,236,0.0237701145147801821444211270238720229937244609309366568240861,-0.114004885485219817855578872976127977006275539069063343175914,0.153442528628695045536105281755968005748431115232734164206022,-0.00942714804846022127967730790868883105538638184827085498341944,0.703854117088337891271692643665497304378638547564248488384205,False,,,True,False
138,62,0.0143429664663199608647438191151831919383380790826658018406667,-0.123432033533680039135256180884816808061661920917334198159333,0.0423357416165799902161859547787957979845845197706664504601667,-0.0013077268569960049418046073293670101557600544777251857945924,0.784185677549984905119601323476311492938219116597134393108685,False,,,True,False
139,356,0.0130352396093239559229392117858161817825780246049406160460743,-0.124739760390676044077060788214183818217421975395059383953926,0.225758809902330988980734802946454045445644506151235154011519,0.024844091997652211315834759428185413514628957822494490586683,1.78803908416548444666251300439256716089002182322594986010912,False,,,False,True
140,207,0.0378793316069761672387739712140015952972069824274351066327573,-0.0998956683930238327612260287859984047027930175725648933672427,0.138844832901744041809693492803500398824301745606858776658189,-0.0184045683631614777934019134438864007217328166498544768179939,0.61514712112259838310336411807723890278981540152352793489568,False,,,True,False
141,280,0.0194747632438146894453720577701151945754741657775806298147634,-0.118300236756185310554627942229884805424525834222419370185237,0.179868690810953672361343014442528798643868541444395157453691,0.0113821431784224460478934228478802728656710412606144015178596,1.46680276956158320069011713396469656319097622956531512673668,False,,,True,True
142,116,0.030856906422237135493265480617995467441145207038195031332623,-0.106918093577762864506734519382004532558854792961804968667377,0.0802142266055592838733163701544988668602863017595487578331557,-0.0203479504785508993210677212288457991243947104020826705117518,0.373078020493671422647985974926705553853106748079943869181278,False,,,True,False
143,392,0.0105089559436862361721977593891496683167504966361123608208712,-0.127266044056313763827802240610850331683249503363887639179129,0.247627238985921559043049439847287417079187624159028090205218,0.0479407546940825660926109631811518245196671167215189050361402,6.65489498507904895162645386114171185658429705185418673548143,False,,,False,True
144,185,0.0584497106377688022648087225703014928364176133576312658570114,-0.0793252893622311977351912774296985071635823866423687341429886,0.130237427659442200566202180642575373209104403339407816464253,-0.0196681405641893011547061153613506796427737981995774871050923,0.586791019111775015637460479195209077257264969509474057764939,False,,,True,False
145,317,0.0387815700735795011101026072089508131936438151580537787519191,-0.0989934299264204988898973927910491868063561848419462212480809,0.20782039251839487527752565180223770329841095378951344468798,0.0141212289908337681925254290245324991780979302499290898246285,1.41056468093269890571428409159357763794540306991515725375511,False,,,True,True
146,151,0.0529027990644132693026280362334833123717417454079828685765476,-0.0848722009355867306973719637665166876282582545920171314234524,0.107600699766103317325657009058370828092935436351995717144137,-0.0179638303491568205036796759195632450732781914149089575525604,0.581811081019374911542805698359727670569792241817965278858033,False,,,True,False
147,255,0.0349389687152564487989483603139200672984635539930739110239873,-0.102836031284743551201051639686079932701536446006926088976013,0.168109742178814112199737090078480016824615888498268477755997,-0.00790728159347163909237559653911373300271280745312779057837709,0.790284811296312853710008156282905210069620061291295737950595,False,,,True,False
148,88,0.0270316871217848097065727637748063342957507465399461204456102,-0.11074331287821519029342723622519366570424925346005387955439,0.0617579217804462024266431909437015835739376866349865301114025,-0.00599813376223696667650629036338062434055084106630633294304993,0.579874219529049876233334696792714946614681347429974897896533,False,,,True,False
149,338,0.0210335533595478430300664734114257099551999054736397875025602,-0.11674144664045215696993352658857429004480009452636021249744,0.21650838833988696075751661835285642748879997636840994687564,0.018926804020369898318573842657255694621534636584963843143029,1.54404267167827516626241820358558799070481372520382186189087,False,,,False,True
150,217,0.0399603573799177413486403160686814045767345420586036306455892,-0.0978146426200822586513596839313185954232654579413963693544108,0.145615089344979435337160079017170351144183635514650907661397,-0.017717656495189192787894858518530603203506668998290211672659,0.642493891702353868445763639369612886238976136239019517956101,False,,,True,False
151,125,0.0222427008847285485607454575501508013732278730603134189729302,-0.11553229911527145143925454244984919862677212693968658102707,0.0836856752211821371401863643875377003433069682650783547432325,-0.00805179558561893375027901987406677447765368253510560707565838,0.616958131582753507794402677023994250675576636958582148336834,False,,,True,False
152,364,0.0141909052991096148104664376760840268955741905252078118972718,-0.123584094700890385189533562323915973104425809474792188102728,0.231047726324777403702616609419021006723893547631301952974318,0.0299386689693662467963528834502420008999135230282958718805419,2.39971244055075394467188643035573972425242799666296095495745,False,,,False,True
153,242,0.0441295742684758616068193211263260277954877135535036837778137,-0.0936454257315241383931806788736739722045122864464963162221863,0.162282393567118965401704830281581506948871928388375920944453,-0.0101836722669192778140347528523512129361990863187723898396425,0.794111293997178879596691169900633626669692387731987785627369,False,,,True,False
154,163,0.0339459020015565837927845682739748148592886272347312939381712,-0.103829097998443416207215431726025185140711372765268706061829,0.110361475500389145948196142068493703714822156808682823484543,-0.0126858527875196242209152653925878811387061931099095575250675,0.624573466524081709809892027084650299138223553973105501109426,False,,,True,False
155,300,0.0212600492140369595718693028813869337205824341248217364131036,-0.116514950785963040428130697118613066279417565875178263586896,0.192815012303509239892967325720346733430145608531205434103276,0.00778811743792059763605925253576481779614903406406666713028882,1.31919361487816868928058432520630085357337831214516929759508,False,,,True,True
156,96,0.0290481666519575572079285554171517515167314681888884035433924,-0.108726833348042442792071444582848248483268531811111596456608,0.0672620416629893893019821388542879378791828670472221008858481,-0.0183874141481860224232928304835774017102541046912297295786545,0.408766744785422231183889333314247510149880574413371503900421,False,,,True,False
157,382,0.0106607525037715347846357249335743498064773634976586739647379,-0.127114247496228465215364275066425650193522636502341326035262,0.241415188125942883696158931233393587451619340874414668491184,0.0482000661046577305215003185899313186474460882489601621209603,4.96635823307081226103988832945997086694644649254966842623269,False,,,False,True
158,201,0.0588608186084292653061360435235056684539234517466188360856983,-0.0789141813915707346938639564764943315460765482533811639143017,0.140340204652107316326534010880876417113480862936654709021425,-0.0206314804860954552094840379708177980906508157170240524517452,0.597588534720502236782343891354514771575672378116299823112062,False,,,True,False
159,273,0.0382293381223338100966520055526878703632726360295947836339531,-0.0995456618776661899033479944473121296367273639704052163660469,0.180182334530583452524163001388171967590818159007398695908488,0.00114360499516679955233149309611615622310816432908319537714163,1.02927409467623618103975712814753089394767286191508191167455,False,,,True,True
160,135,0.0393729431175006096489834986488040265863808003586779790110947,-0.0984020568824993903510165013511959734136191996413220209889053,0.0942182357793751524122458746622010066465952000896694947527737,-0.016605026340800512876521279098824800015022717903757218140009,0.463580111808077747496886186473942631236461629380502480246998,False,,,True,False
161,329,0.0227679167767000967724622195499792265713580824549207608710857,-0.115007083223299903227537780450020773428641917545079239128914,0.211316979194175024193115554887494806642839520613730190217771,0.0163099614299407065154104526285325590264548304637754193472654,1.4538268171232110398172852070837248522424406919350257126416,False,,,True,True
162,180,0.0390778782066408032878726721785117855978129129186961802183511,-0.0986971217933591967121273278214882144021870870813038197816489,0.122269469551660200821968168044627946399453228229674045054588,-0.0198247393322893253015265228286777570479585975928840287099525,0.559941942401834054982462409454130087057289287466076207920925,False,,,True,False
163,71,0.0192531388743514779863461493498340285498543153258121515083986,-0.118521861125648522013653850650165971450145684674187848491601,0.0491882847185878694965865373374585071374635788314530378770997,-0.00534804614570734071581742129438066968983359973782534394376546,0.6133203228473514076081798119716694714976972253993851064876,False,,,True,False
164,349,0.0139050927286441372705287280554533588600207155879868075646332,-0.123869907271355862729471271944546641139979284412013192435367,0.221601273182161034317632182013863339715005178896996701891158,0.0286170689506172108078867246971211521659491118460293200871727,2.13400642871797554744989725083773886244760081555972066139254,False,,,False,True
165,232,0.0425221616792613480784154527525745110259698274340161276518058,-0.0952528383207386519215845472474254889740301725659838723481942,0.155630540419815337019603863188143627756492456858504031912951,-0.0157968414563157053896938936456130233096858979459484929550202,0.684578656523481557238649380884061983308640015052112285854883,False,,,True,False
166,118,0.0267253202229456426887215591069614877162839294880676346967857,-0.111049679777054357311278440893038512283716070511932365303214,0.0804313300557364106721803897767403719290709823720169086741964,-0.0111523917642163595054336349479047449435994961971726069858954,0.589449952009090660644717676148762575347514262837170682909969,False,,,True,False
167,292,0.0155729284587292831832879241590567427726844332908950277108902,-0.12220207154127071681671207584094325722731556670910497228911,0.186393232114682320795821981039764185693171108322723756927723,0.000408303207042923339608820611381186017408229714483400455970147,1.00923100640893918542981315737782157457088443028740842398998,False,,,True,True
168,159,0.0159812316657722065228967447704379287900926630053784281668604,-0.12179376833422779347710325522956207120990733699462157183314,0.103370307916443051630724186192609482197523165751344607041715,-0.00684710826166106064362182692448524234097714992124761657389893,0.548763527747498872930016528914390901031253351042322849286086,False,,,True,False
169,391,0.00913412340411114587927491784595268644911551308413081159296144,-0.128640876595888854120725082154047313550884486915869188407039,0.24665853085102778646981872946148817161227887827103270289824,0.0436007009689888527565867410204022722211980399999057691111016,4.06127927207423060659245132242758191479982578389962156617633,False,,,False,True
170,215,0.0527348243730999986358616588663549586703135530840365807040631,-0.0850401756269000013641383411336450413296864469159634192959369,0.147558706093274999658965414716588739667578388271009145176016,-0.019102313549658287543402454213393883142794344948568037716051,0.634336829167263368473266708259927686397083284320138798752126,False,,,True,False
171,266,0.0336325108234417110924592046529610755275192081354685429880121,-0.104142489176558288907540795347038924472480791864531457011988,0.174658127705860427773114801163240268881879802033867135747003,0.004142654460874263676299263418918024631618884312297761232109,1.14399545872078819954119352198435634001053730905133629738497,False,,,True,True
172,102,0.0377751652843159747687584680718791001591380924477663042201211,-0.0999998347156840252312415319281208998408619075522336957798789,0.0731937913210789936921896170179697750397845231119415760550303,-0.0159674595865366914229310639254886510510881398188028443517749,0.425622264230286346496142836323779944105733947921020541335611,False,,,True,False
173,322,0.0218077056977792833458274041463904491080499526289634598683462,-0.115967294302220716654172595853609550891950047371036540131654,0.206701926424444820836456851036597612277012488157240864967087,0.0149824115888368653499929841806808139286320479510290976809432,1.42002796089824399417166545484309797779736579385182225484715,False,,,True,True
174,173,0.0367901172866161486958203883270712630366820005799925575492894,-0.100984882713383851304179611672928736963317999420007442450711,0.117322529321654037173955097081767815759170500144998139387322,-0.0209818682068571373759670379161478072796632106503893077559852,0.511230653190411127804380433664041295386851605124917350231396,False,,,True,False
175,360,0.0158082490797590113198533504109234557570187899296032497933042,-0.121966750920240988680146649589076544242981210070396750206696,0.228952062269939752829963337602730863939254697482400812448326,0.0347194918129611311173370058149162602051046992850522987429876,3.45282528236875850485960799977606404701587640365615589563466,False,,,False,True
176,203,0.0505277408927201424371903562258397159621234892146555485362918,-0.0872472591072798575628096437741602840378765107853444514637082,0.139506935223180035609297589056459928990530872303663887134073,-0.0184217604752076215645837857116108926632877713017522998308302,0.617983131278400843826582961315676972560608464991039945837424,False,,,True,False
177,114,0.0321059804175125208726065705142288232988357179129032487054616,-0.105669019582487479127393429485771176701164282087096751294538,0.0792764951043781302181516426285572058247089294782258121763654,-0.0100578685942783626015284589738240440737130262299016080906245,0.617617492250496144009559433512376512314332616450065509758871,False,,,True,False
178,302,0.022048111823234158271078111540404779225122691683001640614837,-0.115726888176765841728921888459595220774877308316998359385163,0.194262027955808539567769527885101194806280672920750410153709,0.00209726332863406282517986662511824653212516557481811782645202,1.04753794069854782667392255557784484634838293948543781895774,False,,,True,True
179,244,0.0241453751518682210962579781655230257572478572578197584412891,-0.113629624848131778903742021834476974242752142742180241558711,0.158536343787967055274064494541380756439311964314454939610322,-0.000892395956263076513719061179396529734593760899333398368459082,0.965613026173470589022556611256074353461207684351722919021279,False,,,True,False
180,78,0.02325297919560514458253891698612649602265409635848636007283,-0.11452202080439485541746108301387350397734590364151363992717,0.0545632447989012861456347292465316240056635240896215900182075,-0.0123660283429183573040201400271355604514183891794330673226158,0.34397753115487369914643029499327155190254989388183883899816,False,,,True,False
181,376,0.0108869508526867872785187769589909355712357071790532927502142,-0.126888049147313212721481223041009064428764292820946707249786,0.237721737713171696819629694239747733892808926794763323187554,0.0402008192102225717607513783397607063165264137835925818901134,3.36107627612193889012003634769596004890337612741862456455084,False,,,False,True
182,182,0.0510877700629093590392701552987516418877621209626458746403276,-0.0866872299370906409607298447012483581122378790373541253596724,0.126521942515727339759817538824687910471940530240661468660082,-0.0220000613671788659756391657264771017634012537432696927925776,0.551536086742831287856649004242477702781303745258643577361591,False,,,True,False
183,279,0.0290877086957304930636309895722745401243608672193761818477501,-0.10868729130426950693636901042772545987563913278062381815225,0.181646927173932623265907747393068635031090216804844045461938,0.00472899430689818743345713698658983236164635821053773446842285,1.13327404110574913556028325619556056317954803923625881219834,False,,,True,True
184,133,0.0338167030026286804970881265588643724860072254299139163161729,-0.103958296997371319502911873441135627513992774570086083683827,0.0915791757506571701242720316397160931215018063574784790790432,-0.0172740690302347206540856826876487550173097265176541638648282,0.447641967370675386163033143666630393112044051457811216154649,False,,,True,False
185,339,0.0165426339723939598430024438712156174686974989122597524513447,-0.121232366027606040156997556128784382531302501087740247548655,0.216010658493098489960750610967803904367174374728064938112836,0.0223039547888045939436348933789515477888503564515565987181639,1.71430695071493370925504063798335084357983772810136628235246,False,,,False,True
186,218,0.0388465887611985537866373372501671652575478553638163511695086,-0.0989284112388014462133626627498328347424521446361836488304914,0.145961647190299638446659334312541791314386963840954087792377,-0.0128463609638821663568757176243372918966705537160465208509202,0.679571301561053342113236360381776170838754004391301126596514,False,,,True,False
187,94,0.0260002277973163874297616196258298733608773016477698303185884,-0.111774772202683612570238380374170126639122698352230169681412,0.0652500569493290968574404049064574683402193254119424575796471,-0.0160430643052369656094299304183107563909596132989024286109022,0.425374154111569685807453936080916287252927864580867886487429,False,,,True,False
188,313,0.00995716349207942182033168920751911696991768834886740170768626,-0.127817836507920578179668310792480883030082311651132598292314,0.198114290873019855455082922301879779242479422087216850426922,0.0147895328465352511462697283280501189007791293092227235829613,1.45306918530869936455027805053801307415728739400190201667902,False,,,True,True
189,161,0.0247466963386146729666014175355692358706968176580901252906476,-0.113028303661385327033398582464430764129303182341909874709352,0.106811674084653668241650354383892308967674204414522531322662,-0.0166851355436154069692820840390162356440786373572357041306292,0.528170857686017447965755053808683433383772132657888527626796,False,,,True,False
190,394,0.00806156079499926599731933349655300022661818030085442116001837,-0.129713439205000734002680666503446999773381819699145578839982,0.248265390198749816499329833374138250056654545075213605290005,0.0511944556447985135751700326448164987954758477346879426278865,8.02774655258788921887301855155497677876651462652200205353131,False,,,False,True
191,237,0.0592560164397977795724893661413694990220940280355423637879049,-0.0785189835602022204275106338586305009779059719644576362120951,0.162939004109949444893122341535342374755523507008885590946976,-0.015473506651717236899768038724284798557709266305744650107075,0.702540144137752200554851339415525380153056656551641415160983,False,,,True,False
192,125,0.0437825097880805426727213274170847004643847617297977136808299,-0.0939924902119194573272786725829152995356152382702022863191701,0.0890706274470201356681803318542711751160961904324494284202075,-0.0147728145382971020789985571488285909329171456992835733503014,0.553873467205634695471617185171768962243538214771156680878768,False,,,True,False
193,288,0.0290096952497834405937227702682561095314676160305141403305285,-0.108765304750216559406277229731743890468532383969485859669472,0.187252423812445860148430692567064027382866904007628535082632,0.000358586560997154105372149291241983123290036446637510827984655,1.00773858461253745663404937374972089111141168718322205473941,False,,,True,True
194,190,0.0293682818107805946990949195594980926547576524771516511585131,-0.108406718189219405300905080440501907345242347522848348841487,0.126092070452695148674773729889874523163689413119287912789628,-0.00991566981131096143546907646479503101644809584005776889555366,0.587029752798465399543461352163945981743374643359017976279789,False,,,True,False
195,352,0.0194526119994696332636258430947030616383095566370938822629594,-0.118322388000530366736374156905296938361690443362906117737041,0.22486315299986740831590646077367576540957738915927347056574,0.0260992629505457688310250775965427773329399083963126441314744,2.65137349270209444040090391675787551481014309315610518813403,False,,,False,True
196,145,0.0455518749500154020946509206912458389712494650334065263944339,-0.0922231250499845979053490793087541610287505349665934736055661,0.102012968737503850523662730172811459742812366258351631598608,-0.01853034612986429290406509456659305711068230951996474850898,0.556679611356555106489927457955206053145941425844226766104631,False,,,True,False
197,261,0.0270215288201511091905858261246527818605671555134417778854539,-0.110753471179848890809414173875347218139432844486558222114546,0.169880382205037777297646456531163195465141788878360444471363,-0.00228703239034293924247714164224524186262937916760078965378492,0.923403824905974184891387784071286743492619212726241879704259,False,,,True,False
198,80,0.024734496429808169948108684482407539997937776345840988231669,-0.113040503570191830051891315517592460002062223654159011768331,0.0561836241074520424870271711206018849994844440864602470579172,-0.0103722210921284410686612011907748262998851221022408921651667,0.437088320577111557305315247684074518768932590773901641417183,False,,,True,False
199,369,0.0143622753376797288794474832916327136980526542436000960665023,-0.123412724662320271120552516708367286301947345756399903933498,0.234215568834419932219861870822908178424513163560900024016626,0.0371027755232975751974364976063753877434932329460526086187087,2.74126090303465988910328517283345184316791886159863197297937,False,,,False,True
200,209,0.0514650508609773040768839808980081014415458871896527046852109,-0.0863099491390226959231160191019918985584541128103472953147891,0.143491262715244326019220995224502025360386471797413176171303,-0.0215132578502148372523732871609543330359232583505438045807586,0.576869461799424418446280398279808740728605669825530424316183,False,,,True,False
201,305,0.0299517930107624668245106937370537684056226288391089001044523,-0.107823206989237533175489306262946231594377371160891099895548,0.198112948252690616706127673434263442101405657209777225026113,0.0167333862788076691855504217702160215589625373154439536819744,1.64787676767750508345118514261096272395521267186677900197099,False,,,True,True
202,134,0.0466851792895701360100611155072697899645851661545528537864267,-0.0910898207104298639899388844927302100354148338454471462135733,0.0954212948223925340025152788768174474911462915386382134466067,-0.0266585721537558453000990538249201577835934932459738110685723,0.459556662035196791428366064673946369663635367360479871310467,False,,,True,False
203,247,0.0200266071358142907099620616823496321809916729085790427178544,-0.117748392864185709290037938317650367819008327091420957282146,0.159381651783953572677490515420587408045247918227144760679464,-0.00291161691146027194396085993452852259842092006430457278648753,0.892519862387676846841720522949774752590712571080749590370312,False,,,True,False
204,67,0.0171149902243540187660012017478211095825707528442744699313669,-0.120660009775645981233998798252178890417429247155725530068633,0.0461537475560885046915003004369552773956426882110686174828417,-0.00510728426047503075185171901994562222935106233298673183022069,0.555715093634667422248079349699242774606222571908929500055179,False,,,True,False
205,334,0.0120077059638789880141494827278754873532196905112877381011462,-0.125767294036121011985850517272124512646780309488712261898854,0.211751926490969747003537370681968871838304922627821934525287,0.0203769835796134544099245702807675433718993373273487807650634,1.64492524914996470477181432328911323172698836856312799138427,False,,,True,True
206,174,0.0323846895434924424240740530086430307251190278386365188662096,-0.10539031045650755757592594699135696927488097216136348113379,0.116846172385873110606018513252160757681279756959659129716552,-0.0228867228565508527246996785318333910726771145328963539630883,0.496604315509610667686917372401501681974015119587054978391582,False,,,True,False
207,383,0.00949796668694158969937437447680963965244191330574016490312132,-0.128277033313058410300625625523190360347558086694259835096879,0.24174949167173539742484359361920240991311047832643504122578,0.047888157930500064784713378689432470827739226789215806903078,6.2167482700475637465231883308693070058847606565164737447946,False,,,False,True
208,221,0.0573861246174416544840877531662421104801811400949559718061993,-0.0803888753825583455159122468337578895198188599050440281938007,0.15247153115436041362102193829156052762004528502373899295155,-0.0162923193235441305859089119959335501905970164839781246453041,0.663965364193715668816891888711927394150160581716676189719477,False,,,True,False
209,117,0.0410938052938975238981788411703085602895841236109778471608952,-0.0966811947061024761018211588296914397104158763890221528391048,0.0833984513234743809745447102925771400723960309027444617902238,-0.012070891579642190606609399025648465085487921646020657140709,0.588390350597171872804364119752425410303458008408318003672519,False,,,True,False
210,284,0.0290229137142553332915694421446600952040962019649571900201863,-0.108752086285744666708430557855339904795903798035042809979814,0.184755728428563833322892360536165023801024050491239297505047,-0.00503493546951824932790224688952134386912860230531647687582279,0.897617012256068709696976828453286335225591638280524403610289,False,,,True,False
211,157,0.0239879782447370839636671952551387513349675996596407131443635,-0.113787021755262916036332804744861248665032400340359286855637,0.104121994561184270990916798813784687833741899914910178286091,-0.00823920275920112836347500316145196110799575745002855109857071,0.650998658270738347041804356136614177837937378994310412650452,False,,,True,False
212,345,0.0157487754855359556001921920936867902269718422096121620457928,-0.122026224514464044399807807906313209773028157790387837954207,0.219562193871383988900048048023421697556742960552403040511448,0.0207702085573256525553236821279429343741517736141652050990442,1.82962334150222184341568635531419250950433649833163715133197,False,,,False,True
213,200,0.0365189840428616081555158742216297246011236158237773671448369,-0.101256015957138391844484125778370275398876384176222632855163,0.134129746010715402038878968555407431150280903955944341786209,-0.0144873385601179213710126881249428176290285393647491700189263,0.61608680572189340035920244388082857101704740621398310125911,False,,,True,False
214,82,0.0220316454827436867845031860966869069720950764590281971259106,-0.115743354517256313215496813903313093027904923540971802874089,0.0567579113706859216961257965241717267430237691147570492814777,-0.00736069625155939956646960920051223898567000746210331341301495,0.571396207776508377241734128985197265315852519762694628923202,False,,,True,False
215,316,0.0146709492311842872180335768961746679864250689969248837128957,-0.123104050768815712781966423103825332013574931003075116287104,0.201167737307796071804508394224043666996606267249231220928224,0.00808779983897556050470007785053067634052337065006052987540263,1.20188997515825848949761588368317082696060041393153106963864,False,,,True,True
216,241,0.0227587490701598477227336547467053443269484396469854135882983,-0.115016250929840152277266345253294655673051560353014586411702,0.156314687267539961930683413686676336081737109911746353397075,-0.0033572972003296929081870462688142575772113527619922482720983,0.909060572998979420618039307226373254783812983385422133060084,False,,,True,False
217,124,0.0194014518698301548145466084778910867497370868849931653162,-0.1183735481301698451854533915221089132502629131150068346838,0.08235036296745753870363665211947277168743427172124829132905,-0.0116161643863694272133960172210807299367695012612792457951261,0.424654749849471269807808141037995434198512157239284269121298,False,,,True,False
218,388,0.00778528748346072760115059125681035681296758562371391952107392,-0.129989712516539272398849408743189643187032414376286080478926,0.244446321870865181900287647814202589203241896405928479880268,0.0403446837645967217308996783669512830119559976148932494040141,3.4949884059680248920751568765830269712786755536623229329093,False,,,False,True
219,185,0.048129971248057449332050269623761639824923583238607168925088,-0.089645028751942550667949730376238360175076416761392831074912,0.127657492812014362333012567405940409956230895809651792231272,-0.0153899229778668317443112970416982369622732752943124555468616,0.642774816437100839201531696708692450000399238846345470413154,False,,,True,False
220,274,0.0327400482701906175877389725820634028626503079442947133782265,-0.105034951729809382412261027417936597137349692055705286621774,0.179435012067547654396934743145515850715662576986073678344557,-0.00195969492458439376154992706536245803559374076298134055635743,0.945209918655834950085241540378562344153764339259925687009723,False,,,True,False
221,100,0.030780353345606223826189045516700944827056567181313372821869,-0.106994646654393776173810954483299055172943432818686627178131,0.0701950883364015559565472613791752362067641417953283432054673,-0.0125935274954696843945738414926640861912098125149572582835875,0.46456104029830687642359219566942509586446383915325938297829,False,,,True,False
222,328,0.0181868258501365394316152040240368586358467546663561145382815,-0.119588174149863460568384795975963141364153245333643885461719,0.20954670646253413485790380100600921465896168866658902863457,0.0171236228022653548848815452185350517463413751500479168977848,1.51016179449308577513096718261027576447497473666685784308389,False,,,True,True
223,212,0.0353104486524018943164967492425719103821881298164040314360663,-0.102464551347598105683503250757428089617811870183595968563934,0.141327612163100473579124187310642977595547032454101007859017,-0.0163702375577637558270995400290356847796391379915906490225382,0.663205361612844600270958360139089332256964139759411198575404,False,,,True,False
224,138,0.0189402110946381384893972092135362256025489918248133824135281,-0.118834788905361861510602790786463774397451008175186617586472,0.090985052773659534622349302303384056400637247956203345603382,-0.00557724314616794419744961715929895870620308893575932788225231,0.587570189544522349945011950411083197356454557074104205670884,False,,,True,False
225,363,0.0133629679484701942919475920542372668963459028890540545312758,-0.124412032051529805708052407945762733103654097110945945468724,0.230215741987117548572986898013559316724086475722263513632819,0.0266049998810574611241523972870681602511266040942243729423706,2.0005723629853086936794769647366961344779150620653672130708,False,,,False,True
226,253,0.0399679678295276554160999893413054271474725069832784274736464,-0.0978070321704723445839000106586945728525274930167215725263536,0.168116991957381913854024997335326356786868126745819606868412,-0.00558155937789085568432085515441417888838215874777656478170858,0.873681587648904030320986921413868870922266710037947578237836,False,,,True,False
227,111,0.0343864084516367997317791341868912482590903482355018626919378,-0.103388591548363200268220865813108751740909651764498137308062,0.0779716021129091999329447835467228120647725870588754656729845,-0.0168231118234907848177012118119519784485238820775871344762648,0.470031838619550205220082366976448036276791438373744138826153,False,,,True,False
228,299,0.017563296628146014914077922374939269810566466157914728215673,-0.120211703371853985085922077625060730189433533842085271784327,0.191265824157036503728519480593734817452641616539478682053918,0.010035674197232463947548542080944945265100789337115389507301,1.27332318020251831627085777495944953382574792576103721163362,False,,,True,True
229,171,0.027598970825378478861626464455884215075667255495030117722974,-0.110176029174621521138373535544115784924332744504969882277026,0.113774742706344619715406616113971053768916813873757529430743,-0.0179605204319594441016882876011388770389512121733792939473668,0.494729783624873963983019133996983530210737129694133303511576,False,,,True,False
230,52,0.00963845039341903475993817685474533803671604332165082377560717,-0.128136549606580965240061823145254661963283956678349176224393,0.0349096125983547586899845442136863345091790108304127059439018,-0.00128542515544140656890763831748310382742715093212748735044243,0.63091842645538347430294397149016304741883024176942538651285,False,,,True,False
231,373,0.00835302523797762819103053853726223420928889238952333642516474,-0.129421974762022371808969461462737765790711107610476663574835,0.235213256309494407047757634634315558552322223097380834106291,0.0354054526913417964434666155849088621675652309045888273752204,2.58839522930735673987386334336064812755800544975547914913325,False,,,False,True
232,226,0.0437584779293194246344971541221710963768541232941121638003851,-0.0940165220706805753655028458778289036231458767058878361996149,0.152189619482329856158624288530542774094213530823528040950096,-0.0179114104172226045893549424386660607536911781133981150756913,0.66139910432853526153161317331921692293095332145897915180308,False,,,True,False
233,131,0.0258470675120968200451422116835050356231629451807140487246937,-0.111927932487903179954857788316494964376837054819285951275306,0.0883367668780242050112855529208762589057907362951785121811734,-0.00880792098428661749892263054669598267937354317413708576659095,0.632545953882660650406787697903265513796537583330430605714956,False,,,True,False
234,320,0.0170391465278102025462195811368090529437894020065769629581028,-0.120735853472189797453780418863190947056210597993423037041897,0.204259786631952550636554895284202263235947350501644240739526,0.0104292157850904533685630456646980782385371108416140819009072,1.25704706243781871317403697544071692384662471796633008433142,False,,,True,True
235,193,0.02746836231290065591478262680150713118232651284819104485901,-0.11030663768709934408521737319849286881767348715180895514099,0.127492090578225163978695656700376782795581628212047761214752,-0.0147209019845794293752656697621717834728364373403797687542337,0.616020155124352410079911823073075929527089531831232039354009,False,,,True,False
236,74,0.0127474603283212265395169570393353477094900755078112761047762,-0.125027539671678773460483042960664652290509924492188723895224,0.0494368650820803066348792392598338369273725188769528190261941,-0.00471825004907232414167917130820832022666209841672549482329244,0.602074221580274059601561669663010246697875729185420643169541,False,,,True,False
237,350,0.00802921027924890239783778573112702748282797709108578128148378,-0.129745789720751097602162214268872972517172022908914218718516,0.220757302569812225599459446432781756870706994272771445320371,0.0251339012964817015296286441905658983771917932993040324608615,2.01908175662779952436606128411879146514953977042817232669122,False,,,False,True
238,260,0.0331631115757306039274664299216929258600197703903898137423452,-0.104611888424269396072533570078307074139980229609610186257655,0.170790777893932650981866607480423231465004942597597453435586,-0.00204248233828287651798099035944741635508116609136332005665983,0.95132746980185966696775461801722660022548095889996637097068,False,,,True,False
239,149,0.0311206292374477274094854395622455095049386042990264936856854,-0.106654370762552272590514560437754490495061395700973506314315,0.100905157309361931852371359890561377376234651074756623421421,-0.0244786524089396132224422572623019074955850870199454113854848,0.456294921891223219759741732384206679319176894181328517354774,False,,,True,False
240,290,0.00664197682850811418704318229994360200935351727908108230020063,-0.131133023171491885812956817700056397990646482720918917699799,0.18291049420712702854676079557498590050233837931977027057505,0.0128660251608509809899409483055721230086937072964499164165371,1.86444235865941685403038012249349489784081939137226379868565,False,,,True,True
241,96,0.0195080019893590951769841306055157250180472245755309987167378,-0.118266998010640904823015869394484274981952775424469001283262,0.0648770004973397737942460326513789312545118061438827496791844,-0.0130241330128080387026308578912737049411801733571675905381941,0.406521552871760523530019119399219323524127707052986312020138,False,,,True,False
242,395,0.00648386897655105647435327271424202007686705121836340817854367,-0.131291131023448943525646727285757979923132948781636591821456,0.248495967244137764118588318178560505019216762804590852044636,0.0516083684798693039479976826395677944554215535084523980300954,5.9848773030604012564856542110375777139071720128499072480229,False,,,False,True
243,209,0.058092237456420360422350955353809814532288604726815806208639,-0.079682762543579639577649044646190185467711395273184193791361,0.14514805936410509010558773883845245363307215118170395155216,-0.0265278159067481743573968288148723178673031395373343529013443,0.568270852150984280091302526787640358032094405886839572892191,False,,,True,False
244,244,0.0315644215496721860649541265389374966649854651894814533072947,-0.106210578450327813935045873461062503335014534810518546692705,0.160391105387418046516238531634734374166246366297370363326824,-0.0024375366423378156807666164981022333312086904908740711668546,0.933052700312469123941295070416257190692692099530065132368866,False,,,True,False
245,121,0.0291268849073343703841875100408352633337767746986073821404401,-0.10864811509266562961581248995916473666622322530139261785956,0.08290672122683359259604687751020881583344419367465184553511,-0.0095047952365941621928436175506168118226526943847207890499978,0.546591975670433189991635448246386584304488774758447804831253,False,,,True,False
246,336,0.0196220896707402081913438924902184515111240803138865930904423,-0.118152910329259791808656107509781548488875919686113406909558,0.214905522417685052047835973122554612877781020078471648272611,0.0158263494130422849087719937219842329059626333165462337936091,1.42920832545634251089808364509807682679194709573649855802993,False,,,False,True
247,174,0.0354484390837824931001158862122026844170867136304328268840514,-0.102326560916217506899884113787797315582913286369567173115949,0.117612109770945623275028971553050671104271678407608206721013,-0.0181802848973039073592345395572662077854263001140254649527815,0.566086194894911942775170823192870335161126015375819350839096,False,,,True,False
248,304,0.0172681541864785857408813466549364766316604135164073619312699,-0.12050684581352141425911865334506352336833958648359263806873,0.194317038546619646435220336663734119157915103379101840482817,0.0124292096196669025302673395826694563771660771576024078566263,1.65647058788839407736609054107097162282457968112189863726353,False,,,True,True
249,89,0.0296973638061454882711486862376059330088264906740097697878963,-0.108077636193854511728851313762394066991173509325990230212104,0.0630493409515363720677871715594014832522066226685024424469741,-0.0185093692729142559617601980371351968964201582873737623860308,0.435938447183060364195078741475415733487159746944635865440266,False,,,True,False
250,367,0.0111879945332312323093884882004707361124063323866360074018655,-0.126587005466768767690611511799529263887593667613363992598135,0.232171998633307808077347122050117684028101583096659001850466,0.0434718127457518059519555065585856113370500635587122159360521,4.09692948863810754365472104252863162665211028129781936754806,False,,,False,True
251,218,0.0546598072789830382613439947590563474494563959453482233379175,-0.0831151927210169617386560052409436525505436040546517766620825,0.149914951819745759565335998689764086862364098986337055834479,-0.0200065180267078160569522725273992518969229430476268115205208,0.636288590625865927629521765924058469488036815030248307882142,False,,,True,False
252,144,0.0346532892522752222043917222316570955525334528977214118173968,-0.103121710747724777795608277768342904447466547102278588182603,0.0986633223130688055510979305579142738881333632244303529543492,-0.014287302173429052464591690054354766717718263938151979714094,0.596877665043719684642124912771106192468881665379300519698658,False,,,True,False
253,277,0.0203659870788461697398000321773023288348151889595694321033028,-0.117409012921153830260199967822697671165184811040430567896697,0.178216496769711542434950008044325582208703797239892358025826,-0.00196553238674425333248229846656609617476802091453186472794195,0.929912481597136154274010678144393947849206665721207242677862,False,,,True,False
254,70,0.0184004546921019164073177337107362326600471680450375673753608,-0.119374545307898083592682266289263767339952831954962432624639,0.0483501136730254791018294334276840581650117920112593918438402,-0.00946542424341154296114288268765697417820261903221173715342451,0.412301936725704366031019406202820948409437165901653830501866,False,,,True,False
255,380,0.00893503044869037344617485102307925848184454901282583022193634,-0.128839969551309626553825148976920741518155450987174169778064,0.239733757612172593361543712755769814620461137253206457555484,0.0455133448077720292615919155864669423207920808091309713522475,4.16903890995466356811122974468112405727737865830500817281628,False,,,False,True
256,195,0.0544483752564624027077667666095462008026366298219568015741839,-0.0833266247435375972922332333904537991973633701780431984258161,0.135487093814115600676941691652386550200659157455489200393546,-0.0221701816466972235203103906070216671564310564045105965795828,0.585014784284614535135168008995416252667073329461106656025982,False,,,True,False
257,258,0.032278193609765179187456376002524533646205573417446204994601,-0.105496806390234820812543623997475466353794426582553795005399,0.16931954840244129479686409400063113341155139335436155124865,-0.00217952537212236952195442939595651186577020526398779909107097,0.9416037009874378021384382211601099402871836976641548469716,False,,,True,False
258,117,0.0300986682376428096655019466065680217804353681534584059035301,-0.10767633176235719033449805339343197821956463184654159409647,0.0806496670594107024163754866516420054451088420383646014758825,-0.00956389889323523170188765286687390830290681877646086960618973,0.565200678620406087937044841601244824019762128012454492409018,False,,,True,False
259,325,0.0205347693444075779636142937396941134775285493769975362973403,-0.11724023065559242203638570626030588652247145062300246370266,0.208258692336101894490903573434923528369382137344249384074335,0.0110963146969956072456715867374767382958268821751164134434897,1.28139398228177785894637098190999270928019469197789924125557,False,,,True,True
260,167,0.03163108404140318520928588047717085177335543155211394974083,-0.10614391595859681479071411952282914822664456844788605025917,0.112282771010350796302321470119292712943338857888028487435207,-0.0188980247152645884124307070485385989042538564532303900450378,0.540182702622829811175721067809974296093491739496479225764267,False,,,True,False
261,346,0.0127330593261385967968551734286322528691015750988835596957922,-0.125041940673861403203144826571367747130898424901116440304208,0.219433264831534649199213793357158063217275393774720889923948,0.0293014052780689804007044198746295789446939334272423676305756,2.73610153892084010894791814376385937279949970980238184492882,False,,,False,True
262,227,0.0420344646042075771975595933032618318137955085261259273263678,-0.0957405353957924228024404066967381681862044914738740726736322,0.152383616151051894299389898325815457953448877131531481831592,-0.00993879555811936875064702321294854946739216722525685315835214,0.743641102696908788208179572674217154056686519323673528990029,False,,,True,False
263,98,0.0320956690460882084469125700903132823464033413008690741680157,-0.105679330953911791553087429909686717653596658699130925831984,0.0692739172615220521117281425225783205866008353252172685420039,-0.0180441224211766208521755348497840036639787383900277237503114,0.434266582978966178268313730257280333398572625304016762172012,False,,,True,False
264,294,0.0140515466249115875947370352405292786824246029108413504177044,-0.123723453375088412405262964759470721317575397089158649582296,0.187262886656227896898684258810132319670606150727710337604426,0.00669790634769873997208894304953956919567510506043029008669454,1.18200568639365417420719759646412162299154704058857751488989,False,,,True,True
265,148,0.0207494529726103275668259782900688478780997079712716405043989,-0.117025547027389672433174021709931152121900292028728359495601,0.0976873632431525818917064945725172119695249269928179101260997,-0.0141293862628963132452668014402631053125034207781963446293202,0.485953193256046084485486521914965766576060418515661877220463,False,,,True,False
266,390,0.00662006670971401432155917684980574256559628719307529587507871,-0.131154933290285985678440823150194257434403712806924704124921,0.24540501667742850358038979421245143564139907179826882396877,0.0472314873912424869338519021275486259140299879921771581738761,5.63953938422584554635740678805988531072000071879384395171173,False,,,False,True
267,207,0.0538515541009565012554110789773543684796262751852524540489548,-0.0839234458990434987445889210226456315203737248147475459510452,0.142837888525239125313852769744338592119906568796313113512239,-0.0205092502556890914865035765771824805967879992452288809371245,0.607413652770341117055599138766849299219000351724391049451029,False,,,True,False
268,269,0.0333423038452674097689075024001718878828382759400235731118304,-0.10443269615473259023109249759982811211716172405997642688817,0.176460575961316852442226875600042971970709568985005893277958,0.00343140496901147941465283318260919054548994164679134053831413,1.10721950901004620582301836927312728829841504302987478761028,False,,,True,True
269,112,0.0367737088142788891835603355827810784283282175868149136501445,-0.101001291185721110816439664417218921571671782413185086349856,0.0791934272035697222958900838956952696070820543967037284125361,-0.018165570271817257607085661871124051927163200909529313409088,0.41951586416174687117734575748682056045533597110726882847195,False,,,True,False
270,332,0.0186081385424616315764746737116570265011650166772856002410565,-0.119166861457538368423525326288342973498834983322714399758943,0.212152034635615407894118668427914256625291254169321400060264,0.0211299058040345761765394632005520887569987583939930494596573,1.67690558959179318229913836132089689742473850988985427351833,False,,,True,True
271,178,0.0397380443464962077530141369122091152581637750712786497007138,-0.0980369556535037922469858630877908847418362249287213502992862,0.121184511086624051938253534228052278814540943767819662425178,-0.0230413176648020981837959160415633157529882712089686093404119,0.539760407759866376794771602067683310915487074696537660463518,False,,,True,False
272,67,0.0166967266816941095692182208706457995051755038623100403603019,-0.121078273318305890430781779129354200494824496137689959639698,0.0460491816704235273923045552176614498762938759655775100900755,-0.00331752808721668766671821903710643690130883466184655601882881,0.6549758206888718114678102166904563727143898255301700899099,False,,,True,False
273,358,0.0133791985944774219025000018335393626038666692004634843414731,-0.124395801405522578097499998166460637396133330799536515658527,0.227094799648619355475625000458384840650966667300115871085368,0.0330367075075709690164300620659456356856510340109175489200924,2.54339886309153721497793408547659918105078005937309586795473,False,,,False,True
274,238,0.0464159061020483909189300638994849982895177032113810332615655,-0.0913590938979516090810699361005150017104822967886189667384345,0.160353976525512097729732515974871249572379425802845258315391,-0.0142375204565481552379036845785019074269517443067551755849582,0.719635625138925621635143320826753332357757590792685394912905,False,,,True,False
275,138,0.0321783856455002356810263793209830908625659589046258576766073,-0.105596614354499764318973620679016909137434041095374142323393,0.0942945964113750589202565948302457727156414897261564644191518,-0.0137105246541036915386090681037917239829165369456387606122737,0.565304298842353712653575877842421221782940949485274448591011,False,,,True,False
276,306,0.0184678609913965441424173112171913668796494219589870970643336,-0.119307139008603455857582688782808633120350578041012902935666,0.195866965247849136035604327804297841719912355489746774266083,0.00600337065749001527640981605080925277374040368409158864561718,1.14812639958105120588973564136772319790304829203973199565981,False,,,True,True
277,193,0.0244712316488865594188271272680006196533898256430786857099508,-0.113303768351113440581172872731999380346610174356921314290049,0.126742807912221639854706781817000154913347456410769671427488,-0.0123325858382975547753894895906821011001348713107367021128586,0.630437664769389697681515956450861884450714709101751436382342,False,,,True,False
278,77,0.0121386458105890046434376376773185185532549543323419835970922,-0.125636354189410995356562362322681481446745045667658016402908,0.051159661452647251160859409419329629638313738583085495899273,-0.00477177332548702501532850079014687853306780147495448975494777,0.461050763500691607121824996668565627602598438700828104748776,False,,,True,False
279,375,0.00736687248510197962810913688717164002018715285738749384214439,-0.130408127514898020371890863112828359979812847142612506157856,0.236216718121275494907027284221792910005046788214346873460536,0.035155689305923447253242033396815352431209436141964509092507,2.86224153423600732410008043138669475588942326214297583502763,False,,,False,True
280,253,0.0425225617910254268813511702839869924513965889993520029346514,-0.0952524382089745731186488297160130075486034110006479970653486,0.168755640447756356720337792570996748112849147249838000733663,-0.00710419128410939000242892930073751778305812446256117715646349,0.848914225094545946655132166087109521570024956449523738058648,False,,,True,False
281,153,0.0354183705069160368789222409832494746683384645367908257781879,-0.102356629493083963121077759016750525331661535463209174221812,0.104479592626729009219730560245812368667084616134197706444547,-0.0186875640983103644958721530617516014217752993007770866538352,0.522239387663426171286092375168969530747433913850405447772961,False,,,True,False
282,316,0.0167308064086056723830500879214978732465631652360137391243527,-0.121044193591394327616949912078502126753436834763986260875647,0.201682701602151418095762521980374468311640791309003434781088,0.0145108836014177184591825658948249349316448441385230568062614,1.59755924633147133789395849616421714020323964553268013797677,False,,,True,True
283,109,0.0312416900100233908422326538163228081782080093745367959306141,-0.106533309989976609157767346183677191821791990625463204069386,0.0759354225025058477105581634540807020445520023436341989826535,-0.0182480004126481129331263315734075101196103635749512485283117,0.505009428242409029365345376826571453796699239595513272811639,False,,,True,False
284,278,0.0129936895973752779091063222429152980585976457995855474023024,-0.124781310402624722090893677757084701941402354200414452597698,0.176998422399343819477276580560728824514649411449896386850576,0.00218364053617023270132142211334314890176896078449149105728573,1.0522922248431659661839373296720873524996509757348924785708,False,,,True,True
285,184,0.0151773301335455106104277443562584469603666065840770384595882,-0.122597669866454489389572255643741553039633393415922961540412,0.118794332533386377652606936089064611740091651646019259614897,-0.00879468406560874868326224370132012852822701931079704842471031,0.60647690488797866701589536897838949391511217189085453424652,False,,,True,False
286,43,0.00638264606793676192716550065493831843213958727327999003487785,-0.131392353932063238072834499345061681567860412726720009965122,0.0284706615169841904817913751637345796080348968183199975087195,-0.000780639828757655774529096116168408408880034974623424345858753,0.497199046760184429925452461872356231983501574381154365680257,False,,,True,False
287,393,0.0056020062391791061526364045387699100232595522986565656890191,-0.132172993760820893847363595461230089976740447701343434310981,0.247025501559794776538159101134692477505814888074664141422255,0.0415169158421533609729113397301994110585646218559864345963852,4.47139670479210480775681872203606834537911141740517171554133,False,,,False,True
288,222,0.0471189220813324671255477442689693210818241741546430002854043,-0.0906560779186675328744522557310306789181758258453569997145957,0.150529730520333116781386936067242330270456043538660750071351,-0.0182379653382803282220117810675300338706838517565103138072318,0.646453797811396863229003515528630499715173253649429117694397,False,,,True,False
289,129,0.0288809567430521389035359632014392872111403223981326864781724,-0.108894043256947861096464036798560712788859677601867313521828,0.0878452391857630347258839908003598218027850805995331716195431,-0.00476569004624126338517458441662550450486512652521061104814414,0.704756552845022889716126252238688843072280676548608874911314,False,,,True,False
290,340,0.0241152666968108755183613787848137827062751958729220754300283,-0.113659733303189124481638621215186217293724804127077924569972,0.218528816674202718879590344696203445676568798968230518857507,0.015105160546388411310465124246302968327931075893787452702693,1.41984110757159506832862614065882348405776181222100988449689,False,,,False,True
291,245,0.0392204272431992868288265030311167510342062717667095281327213,-0.0985545727568007131711734969688832489657937282332904718672787,0.16293010681079982170720662575777918775855156794167738203318,-0.00776123349989863032968447456605878038121893510335602055788544,0.828714621464987619699326850043244201431328790185113676646798,False,,,True,False
292,99,0.0314591937433006564991420284650579706529873366633535075748358,-0.106315806256699343500857971534942029347012663336646492425164,0.069739798435825164124785507116264492663246834165838376893709,-0.0131702658427799792462552183558989762038369763189731897962425,0.503302554187609771941810050642059849165779269466164927400084,False,,,True,False
293,299,0.0182889279005206772528868101091589944491503603443803177785933,-0.119486072099479322747113189890841005550849639655619682221407,0.191447231975130169313221702527289748612287590086095079444648,0.00911676907908758636775610078706266742050834977449859345157744,1.24322757616119849997757227425671219244457143622128647080668,False,,,True,True
294,168,0.0274056969796082636206429108962216618696587101188789112301708,-0.110369303020391736379357089103778338130341289881121088769829,0.111851424244902065905160727724055415467414677529719727807543,-0.0148897969000402778295112766639012498776476370276578841847442,0.482863041133255593640890972313222315977784016397293002450409,False,,,True,False
295,362,0.0125159000795679857911316342323204119920110730912210270454265,-0.125259099920432014208868365767679588007988926908778972954573,0.229378975019891996447782908558080102998002768272805256761357,0.0322388316263209094213053072289184572866574565782318814201317,2.65614696062193281531572128285390378427122610839065491989517,False,,,False,True
296,204,0.0447547317058888952124369414612388692786685296694529084655582,-0.0930202682941111047875630585387611307213314703305470915344418,0.13868868292647222380310923536530971731966713241736322711639,-0.0185549086215838716077241062278088309922004631418927522706617,0.602266451276521433547230986270032769873886759948274484850485,False,,,True,False
297,84,0.0261998230843050236047128352334300382864680665275601561948965,-0.111575176915694976395287164766569961713531933472439843805104,0.0590499557710762559011782088083575095716170166318900390487241,-0.00969848718436678959323617341350016065523921377837584863751685,0.558019600356583479552955952166537817053133984109469476549093,False,,,True,False
298,285,0.0165013358999382340114766618199298776312288527491843075573796,-0.12127366410006176598852333818007012236877114725081569244262,0.182250333974984558502869165454982469407807213187296076889345,0.000209483759787820788263995211931098479496859862847982178450779,1.00506145934288221525952388160595562898965144890430036637248,False,,,True,True
299,141,0.0167108196597260547997406570318609761107257126120322897358304,-0.12106418034027394520025934296813902388927428738796771026417,0.0923027049149315136999351642579652440276814281530080724339576,-0.00875618837318065700745101343946198599499711575229299095162639,0.571555827922853501377804384604840871807118881496319200137001,False,,,True,False
300,351,0.00795463128654539779228964359239899011572859685973929878420403,-0.129820368713454602207710356407601009884271403140260701215796,0.221363657821636349448072410898099747528932149214934824696051,0.024967291654630867148534805903325768217384950886161498159445,1.89294829688134398353821941670604990266942663636009240071407,False,,,False,True
301,228,0.0329219229411762649408244494957247583331135477459007969436491,-0.104853077058823735059175550504275241666886452254099203056351,0.150730480735294066235206112373931189583278386936475199235912,-0.0111683358885635024352642236106365728447781927850810483973256,0.729918171304860933250312462133049231613188815627110722459993,False,,,True,False
302,106,0.0217535870526127625055602258850881854883353549608197485463235,-0.116021412947387237494439774114911814511664645039180251453677,0.0716883967631531906263900564712720463720838387402049371365809,-0.0144037974755192167641646201511912620989211124957143144789826,0.458215800472783894585496439762125389885765945095569856523548,False,,,True,False
303,322,0.00734978957709354574139560573389692338941424246510543406734091,-0.130425210422906454258604394266103076610585757534894565932659,0.203087447394273386435348901433474230847353560616276358516835,0.0173494689506041742900229787268122041628793652351398077668534,1.63660472164043397984788607571126337340911153490917476326386,False,,,True,True
304,178,0.0246992585276977200314185844607091275522936077002452418341943,-0.113075741472302279968581415539290872447706392299754758165806,0.117424814631924430007854646115177281888073401925061310458549,-0.0164382407783563526479680095234048797548587902373029191104106,0.550451002850018863208264780289116017126799187218180064721782,False,,,True,False
305,49,0.00826101774934136738345057493730424779743481746294232272378367,-0.129513982250658632616549425062695752202565182537057677276216,0.0326902544373353418458626437343260619493587043657355806809459,-0.00188884182610743350455707620294445702188995668791361689602397,0.449799802537667135450959194590193957338675968647310511294209,False,,,True,False
306,385,0.00637217592323393387889349873435979077554486077502870582775969,-0.13140282407676606612110650126564020922445513922497129417224,0.24221804398080848346972337468358994769388621519375717645694,0.0431333083729976720913906409932653960486221557077575607044274,4.51198065691626271580706507406160397352773568352625143268601,False,,,False,True
307,252,0.0495054842962316059702841397276251868241670164827862665321871,-0.0882695157037683940297158602723748131758329835172137334678129,0.169876371074057901492571034931906296706041754120696566633047,-0.00956207041265228562377887175555038439896372389411030860376439,0.806692387709789536311051856278077917905825051966654793068501,False,,,True,False
308,150,0.0399434138835793203465052679720748024252032925886759579284227,-0.0978315861164206796534947320279251975747967074113240420715773,0.103735853470894830086626316993018700606300823147168989482106,-0.0197336204547850154050264243363528929578527045919347404825366,0.517088140042865584256706874559854515842940960688775252793519,False,,,True,False
309,294,0.0202097934287943049414788436357219094673505879967412174458861,-0.117565206571205695058521156364278090532649412003258782554114,0.188802448357198576235369710908930477366837646999185304361472,0.00630932554667649678105625173436644655064234452239366907590187,1.22658242917654533735463425266188922095552271034764113002648,False,,,True,True
310,98,0.0265191189754708017225350953700883560179929325191348865217879,-0.111255881024529198277464904629911643982007067480865113478212,0.067879779743867700430633773842522089004498233129783721630447,-0.0170626029912237146777097905323774412598410035787009825991566,0.486559205533564011935061794091330170230541949559202072810414,False,,,True,False
311,335,0.00945651598424708704482530483771091475815192894043390392263131,-0.128318484015752912955174695162289085241848071059566096077369,0.211739128996061771761206326209427728689537982235108475980658,0.0299793037496517124856800311911898156748791988063300827913007,2.3060512826595644227402380892489332530477355368855549433087,False,,,False,True
312,199,0.039435819733898799530505336028900730433031127746763986713932,-0.098339180266101200469494663971099269566968872253236013286068,0.134233954933474699882626334007225182608257781936690996678483,-0.0248098948082229142013561966628172108780758917575016023118821,0.540632940979661527357531015043575350756582465883827876427856,False,,,True,False
313,71,0.0146259249256758853291491393660835195549552359892623844020499,-0.12314907507432411467085086063391648044504476401073761559795,0.0480314812314189713322872848415208798887388089973155961005125,-0.00772329820152877983393745220317463213605870622127445542986243,0.567701512696650947395706272736353291134480737120601809450395,False,,,True,False
314,371,0.00690262672414710549521168716290888741889652976798792897218748,-0.130872373275852894504788312837091112581103470232012071027813,0.233600656681036776373802921790727221854724132441996982243047,0.0428259870474819473672526122340634002486781607503511245578609,4.12041494811640545210331893426746959138776288850367790285105,False,,,False,True
315,233,0.0497286137716290528624642993969722876675746905183390535300484,-0.0880463862283709471375357006030277123324253094816609464699516,0.158057153442907263215616074849243071916893672629584763382512,-0.014511703441303627665804827653650383088683305654762121093243,0.71990968452085339201463832462604097948930424598295249658525,False,,,True,False
316,139,0.0352169103303254251966594717433219045788913848635769324368054,-0.102558089669674574803340528256678095421108615136423067563195,0.0956792275825813562991648679358304761447228462158942331092013,-0.0165152896051190798030804635355646493773049936096341306551159,0.554361855890662725784332978306590233193385115185199238247539,False,,,True,False
317,277,0.0187016207252063453935790082077572552015863912539428017816895,-0.119073379274793654606420991792242744798413608746057198218311,0.177800405181301586348394752051939313800396597813485700445422,-0.00289990136721192670507960443079959175627589095448235173992812,0.919931408670248396902747395755032520642344722038001704598482,False,,,True,False
318,90,0.0158017193579944186884994037769576634453105002994604500417614,-0.121973280642005581311500596223042336554689499700539549958239,0.0602004298394986046721248509442394158613276250748651125104403,-0.0100738528641033368072667981333449719191122505395635545708084,0.503280035414740490002181851970708992945714910654200520604953,False,,,True,False
319,315,0.00572786649389108188123260564361269152619824975989689547095295,-0.132047133506108918118767394356387308473801750240103104529047,0.198306966623472770470308151410903172881549562439974223867738,0.0170476974451789001617078809203761379362591942118801607753875,1.53530958156394442307663043853699377538695989765774095055687,False,,,True,True
320,181,0.0227755639390699820429404865639888294624574439717770562463405,-0.11499943606093001795705951343601117053754255602822294375366,0.118818890984767495510735121640997207365614360992944264061585,-0.0177802456547898928744691594709026470631719781063671934665432,0.507117155483271810087999963401559674718349235164271415661586,False,,,True,False
321,396,0.00499531828428008916847132709308618239928546586540986277979728,-0.132779681715719910831528672906913817600714534134590137220203,0.248748829571070022292117831773271545599821366466352465694949,0.0516272283368314866816869109535809429520237277902076662491271,14.3154122889605217101008267268040141546456320360179872564624,False,,,False,True
322,216,0.0566225466211115758501582380466671253513091936556175290289244,-0.0811524533788884241498417619533328746486908063443824709710756,0.149155636655277893962539559511666781337827298413904382257231,-0.0183402907487974281592924263539904262540726324266060102639776,0.637655454665233482026561504889330424340936514840484214555563,False,,,True,False
323,122,0.0382822558723141476908658116926766990972365612290115187649468,-0.0994927441276858523091341883073233009027634387709884812350532,0.0858205639680785369227164529231691747743091403072528796912367,-0.0124846165063909184621238808035787392789534613556363792755172,0.580109880377014858032398408033428916870797224638649586314632,False,,,True,False
324,301,0.0257976393659232292287419308890979598182830998733751394894297,-0.11197736063407677077125806911090204018171690012662486051057,0.194574409841480807307185482722274489954570774968343784872357,0.00212735109257647590685983399625495802519165930842629568539808,1.04745307853696087582801026671829281651928436307196704881994,False,,,True,True
325,163,0.0279249904584997051356017648853529178434747591818014351748278,-0.109850009541500294864398235114647082156525240818198564825172,0.108856247614624926283900441221338229460868689795450358793707,-0.00988180682307683189700942350648870229744525176925919255370315,0.617897500112952193827424511555686392603469015473206765439564,False,,,True,False
326,348,0.0180431836354228732385923413788642155460295074125422426211246,-0.119731816364577126761407658621135784453970492587457757378875,0.222010795908855718309648085344716053886507376853135560655281,0.0253542911087631164190602450724234426542109747882582618169027,1.97298274779883926860801459977462054847785583394618610762523,False,,,False,True
327,243,0.0433974747441859896576525864512876582002404822008005044380273,-0.0943775252558140103423474135487123417997595177991994955619727,0.162724368686046497414413146612821914550060120550200126109507,-0.00688526757876376171794201990730616593851957511554849006313052,0.819892538195722288558229833221491372164925033516267989847092,False,,,True,False
328,102,0.0365122071654222279397105665439814922617209070852520143748968,-0.101262792834577772060289433456018507738279092914747985625103,0.0728780517913555569849276416359953730654302267713130035937242,-0.022412588042462698330644115857582640990169308172986093987218,0.417419894587248407954745232088303015523041000850347917850846,False,,,True,False
329,271,0.0140996191229595296090664506863988512715515989122659203876788,-0.123675380877040470390933549313601148728448401087734079612321,0.17289990478073988240226661267159971281788789972806648009692,0.00102870281884639974227565181754009260804716979365766542280563,1.04697371165839121938479365713869603220767075673538685097746,False,,,True,True
330,64,0.0151283219418059293513421025039389438795987687059235858104844,-0.122646678058194070648657897496061056120401231294076414189516,0.0437820804854514823378355256259847359698996921764808964526211,-0.00425061185048388609021752644760515187353924937792963439043605,0.450947237800378235528820341988082305046954794362191259054138,False,,,True,False
331,366,0.0108777100913220432611245760563337920060595193279939514200484,-0.126897289908677956738875423943666207993940480672006048579952,0.231469427522830510815281144014083448001514879831998487855012,0.0387317758065376466217978247341504995768871634631530237811336,3.04129863280068196305497596540154455860488755055937524742088,False,,,False,True
332,190,0.049609485897859689882922400790484291582946682791146975201182,-0.088165514102140310117077599209515708417053317208853024798818,0.131152371474464922470730600197621072895736670697786743800295,-0.0288897949404319264639508344651333348989455359065883192221245,0.516048565675368738851897081569867461892132993430627535968455,False,,,True,False
333,140,0.0207196909574277634189715663253509566840011468845586559790575,-0.117055309042572236581028433674649043315998853115441344020943,0.0926799227393569408547428915813377391710002867211396639947644,-0.0042616829453040828594115772324147223948622936367548201074043,0.769162696372184180277020574125318623126797388494255789113268,False,,,True,False
334,325,0.0164580080121236805595599890929362342891388532478038358716532,-0.121316991987876319440440010907063765710861146752196164128347,0.207239502003030920139889997273234058572284713311950958967913,0.0116948636978027778869396490764536674848149307433599365241855,1.29821954103341669593862343060494961877754228132400540941369,False,,,True,True
335,226,0.0281528717099264584464996381693899017739537839911637723958387,-0.109622128290073541553500361830610098226046216008836227604161,0.14828821792748161461162490954234747544348844599779094309896,-0.00944798475210747551279836148752810483826534830872627854450849,0.733447785716911575322381348621231141297467645968626455377618,False,,,True,False
336,86,0.0187048869578189829337012766818617969356884356824374938513302,-0.11907011304218101706629872331813820306431156431756250614867,0.0584262217394547457334253191704654492339221089206093734628325,-0.0106539222677291534573227560728003487059742495234104957270857,0.457003585756755438598785428016935305922429761729928958440376,False,,,True,False
337,381,0.00805096469008982947637852060906144822971418615902699812424443,-0.129724035309910170523621479390938551770285813840973001875756,0.240137741172522457369094630152265362057428546539756749531061,0.0405282027133329502734762080767039712204616547912493938933641,4.17617947588036402435551411737349569641455313675086458748376,False,,,False,True
338,256,0.0485791674034227797498547286857654194501758409502763920176085,-0.0891958325965772202501452713142345805498241590497236079823915,0.172144791850855694937463682171441354862543960237569098004402,-0.00363137229857438791657822836673638608058845753446613702750434,0.919083150542241327047365180338752758750659509961131432147561,False,,,True,False
339,159,0.0449477951048483918332765003190290333695873834158102549901041,-0.0928272048951516081667234996809709666304126165841897450098959,0.110611948776212097958319125079757258342396845853952563747526,-0.0215661027470676391665750596365566311136642520841098350756547,0.500680786750210099167799280925265333520077142377928628180672,False,,,True,False
340,305,0.0233816923577807526667014406824724022559231313317004199144494,-0.114393307642219247333298559317527597744076868668299580085551,0.196470423089445188166675360170618100563980782832925104978612,0.0111919702592327038046908213450892639552792514417463989621309,1.38832631124019709278745601730394421957607190671661886563199,False,,,True,True
341,117,0.0345736626170134564713922620275616662112023827734468188765804,-0.10320133738298654352860773797243833378879761722655318112342,0.0817684156542533641178480655068904165528005956933617047191451,-0.0214021442556445500031291964072574624923412322511004505001098,0.475826665632712578987559454979195820625192764340505585418854,False,,,True,False
342,341,0.0131715183613689064682630656203042037188611505223463683764706,-0.124603481638631093531736934379695796281138849477653631623529,0.216417879590342226617065766405076050929715287630586592094118,0.0326239493322790557072603091672509512917335881399951522610538,2.51929995673438634065516460534658125357302290135659688605823,False,,,False,True
343,202,0.0457954676936479621755233747875551550105947386623415206375244,-0.0919795323063520378244766252124448449894052613376584793624756,0.137698866923411990543880843696888788752648684665585380159381,-0.0239749961241835305070675803113761971220423436719234071325162,0.544947881330103852037411766996780392699094075401212316598364,False,,,True,False
344,77,0.0218204715694644316684557944761789578885523949904181135050082,-0.115954528430535568331544205523821042111447605009581886494992,0.0535801178923661079171139486190447394721380987476045283762521,-0.00812929785294370794539676300634233280454018958701940808554588,0.580446083008071365114270034656949254216043012749558592067043,False,,,True,False
345,281,0.0136911737165207237230590314698366250840122054033987054194623,-0.124083826283479276276940968530163374915987794596601294580538,0.179047793429130180930764757867459156271003051350849676354866,-0.000226282771111479532125524004582822427943132913489083187493839,0.99460747754957153790088971150054983453684737709658819922915,False,,,True,False
346,148,0.0134648909454092441909335074652538026560690724899096222319685,-0.124310109054590755809066492534746197343930927510090377768032,0.0958662227363523110477333768663134506640172681224774055579921,-0.00781418364997403799266099086355979096665507277837329427022031,0.520464657413859535630472929130512303814329850945428369981118,False,,,True,False
347,387,0.00565070729543520619827251660169401168941399971153632796174817,-0.132124292704564793801727483398305988310586000288463672038252,0.243287676823858801549568129150423502922353499927884081990437,0.043425284630471621453763047591797602323053487184218721727855,3.78044906389885261040732996072391879587493597834429780477762,False,,,False,True
348,231,0.0490759919259068276520355641934916140124674868957550496896031,-0.0886990080740931723479644358065083859875325131042449503103969,0.156643997981476706913008891048372903503116871723938762422401,-0.0174832585293801622755981551337516797688891585452310783727083,0.677132416574365569608743654200979048912243948640368431947603,False,,,True,False
349,110,0.0315927333965266653764374090597399342435783283505239713168949,-0.106182266603473334623562590940260065756421671649476028683105,0.0766481833491316663441093522649349835608945820876309928292237,-0.00967191842530089765408727979317015110403194294799251072878793,0.576021828257812275988073034092821001590079892440883240959656,False,,,True,False
350,317,0.0219208149712257677223501292665697831395463854025314605881069,-0.115854185028774232277649870733430216860453614597468539411893,0.203605203742806441930587532316642445784886596350632865147027,0.0130672117329466247741920175501848703140692194888795780692777,1.34900082847027272963053976940226930136342509222055624007181,False,,,True,True
351,183,0.0349880267041723924965421468167546534536156048914110386573846,-0.102786973295827607503457853183245346546384395108588961342615,0.123122006676043098124135536704188663363403901222852759664346,-0.0209559706817131677063769518928586475849495314995618809367606,0.562681377995915480672914448169002547231489408055687701752599,False,,,True,False
352,356,0.014032056022459224790165194923896005868666073391849157720624,-0.123742943977540775209834805076103994131333926608150842279376,0.226008014005614806197541298730974001467166518347962289430156,0.0336577595176189299366277501357312195433384915010660953633484,3.53592480047851137363768947458307654132863995062386905695015,False,,,False,True
353,214,0.0476898155400781547267929450596272254120045648929152530839724,-0.0900851844599218452732070549403727745879954351070847469160276,0.145672453885019538681698236264906806353001141223228813270993,-0.014518945394020571257180972253307631831771369958984077062077,0.680947874051213184205212494668100632401922390501441050863461,False,,,True,False
354,96,0.0331708701460575834696119728063195935802331949339311760218954,-0.104604129853942416530388027193680406419766805066068823978105,0.0682927175365143958674029932015798983950582987334827940054738,-0.0121056217025654474298752276743364202423837350940855067254473,0.548538795579357692917569973952360709689369414215460600412974,False,,,True,False
355,288,0.0210652484434921360397367451319831733378494598398456692964481,-0.116709751556507863960263254868016826662150540160154330703552,0.185266312110873034009934186282995793334462364959961417324112,0.000595656317315309067084801163196693655057087707382527988158605,1.01416583121721823795946494751023033602588196159181069658338,False,,,True,True
356,144,0.0216609047608074451068215462951798669929065475472281972846067,-0.116114095239192554893178453704820133007093452452771802715393,0.0954152261902018612767053865737949667482266368868070493211517,-0.0146001523609499239692435395976287908055481283954327496333015,0.537848434156976295104553062550394781900445635413514273737218,False,,,True,False
357,373,0.00706075239985752113757800669755107618735841915179544765130528,-0.130714247600142478862421993302448923812641580848204552348695,0.234890188099964380284394501674387769046839604787948861912826,0.0404181307488290681153686498693868350817871638170332843584118,3.71002414871121421457269412616405596690995440323111739089137,False,,,False,True
358,245,0.0474788831486865892529466565669379112691455829688287320097171,-0.0902961168513134107470533434330620887308544170311712679902829,0.164994720787171647313236664141734477817286395742207183002429,-0.0112684612472151649220445803239841766370636985814957509259064,0.780630956792979675957681924557789367817859421680844137270439,False,,,True,False
359,166,0.0362104219014714243309020762429537346320818843873329810838108,-0.101564578098528575669097923757046265367918115612667018916189,0.112802605475367856082725519060738433658020471096833245270953,-0.0187045797728278512403302613995005229295846624759315756933081,0.525572191446999502029607215929933281403353585027508757235019,False,,,True,False
360,328,0.0175058421286435730905718148434532117024972219114014053905026,-0.120269157871356426909428185156546788297502778088598594609497,0.209376460532160893272642953710863302925624305477850351347626,0.0215448915707966687208300392963147263044876369960115566825435,2.41864199425405478443456992021765318782014040617118020242265,False,,,True,True
361,114,0.0390507336994402418114018541397679380069848589074129620730461,-0.0987242663005597581885981458602320619930151410925870379269539,0.0810126834248600604528504635349419845017462147268532405182615,-0.0185449946438370917729122448905534572314670493676342710197274,0.494850463886437712420700350393648830534609401888342313196475,False,,,True,False
362,266,0.0205057390556031500384896092492144807755178095397786910533187,-0.117269260944396849961510390750785519224482190460221308946681,0.17137643476390078750962240231230362019387945238494467276333,-0.00310433206978889359452352057452533720149571065663046963171279,0.888806255626982465385483066206882965940097023629289008305582,False,,,True,False
363,68,0.0174014069858142564439660886746891435740220988831482214216059,-0.120373593014185743556033911325310856425977901116851778578394,0.0468503517464535641109915221686722858935055247207870553554015,-0.0127561700221624042107985712194655453723783471596223208394214,0.450418835924982332188767290766549771770715019729109171375663,False,,,True,False
364,350,0.00464523696365185223316751745522359820164375172352590058218456,-0.133129763036348147766832482544776401798356248276474099417815,0.219911309240912963058291879363805899550410937930881475145546,0.0376846888503474313146382040681950084923762228155651395674961,3.18309069384267016514048725936113523588102629030424210477269,False,,,False,True
365,196,0.0423299258139992835478057215234186066940199745390910401496807,-0.0954450741860007164521942784765813933059800254609089598503193,0.13308248145349982088695143038085465167350499363477276003742,-0.0270013734785881385684545740170740753860631490695139767100075,0.529654666113913134461966020565442493946830465532662661573123,False,,,True,False
366,134,0.0153285523354111449793511475063445313079568254695770634396732,-0.122446447664588855020648852493655468692043174530422936560327,0.0875821380838527862448377868765861328269892063673942658599183,-0.00844477799537607567191476573123091585104000593921385599377028,0.66322155408489831531286682453907591760739090055937729078608,False,,,True,False
367,299,0.00688377434003506930743638177511361545691681953036320744590287,-0.130891225659964930692563618224886384543083180469636792554097,0.188595943585008767326859095443778403864229204882590801861476,0.00414428855952723384573612379845150041163695866812872530210528,1.24532228788604808522488833335870786007307203319070275322793,False,,,True,True
368,81,0.0110280628995623031531725055735651158685537781984919327480082,-0.126746937100437696846827494426434884131446221801508067251992,0.053382015724890575788293126393391278967138444549622983187002,-0.0067369716031866216898687378890747888832238671311774213316697,0.527280691226479972856380813595205592815081107268801050357713,False,,,True,False
369,396,0.00429109129637568146330376768449032698532991106731451141633846,-0.133483908703624318536696232315509673014670088932685488583662,0.248572772824093920365825941921122581746332477766828627854085,0.0553395902076705318446896930104525356697707624422594255905824,10.832570754391358547309790326270052779073179872451129352976,False,,,False,True
370,224,0.0596306815040462133079934606949428626551006735095739370069208,-0.0781443184959537866920065393050571373448993264904260629930792,0.15490767037601155332699836517373571566377516837739348425173,-0.0228238673503609041151047872848273000352082880343823733658834,0.624632788004341824753784228431659435342179380102299254764722,False,,,True,False
371,171,0.0368068141536853091928886734101155626198923854751915636410375,-0.100968185846314690807111326589884437380107614524808436358963,0.116076703538421327298222168352528890654973096368797890910259,-0.0129301228984430899849185726153980791574188917892477553667623,0.644365244903024280118105609142292991557193593459638079261152,False,,,True,False
372,311,0.0238766912552422192079701007947174834624734936859438082742751,-0.113898308744757780792029899205282516537526506314056191725725,0.200344172813810554801992525198679370865618373421485952068569,0.00935425896946406781984490410755835326750341260461396989211402,1.30248427134950647895804892845248420225223344161210430289072,False,,,True,True
373,118,0.0332309502247062870278150049022758367299769062905577781663891,-0.104544049775293712972184995097724163270023093709442221833611,0.0820577375561765717569537512255689591824942265726394445415973,-0.0145538645502734948352740588131151992073660169222145843256856,0.563816202913348259094757193063232583846040411713411447349972,False,,,True,False
374,259,0.0186770856744327921925409460891606375226108893683431938407035,-0.119097914325567207807459053910839362477389110631656806159296,0.166544271418608198048135236522290159380652722342085798460176,-0.00642564310257688974176152454258894179696796176051630121767918,0.777207121501540713329141007265131572475839671354039140656076,False,,,True,False
375,58,0.0122514425718559024507794215465716957256429276078268926230244,-0.125523557428144097549220578453428304274357072392173107376976,0.0393128606429639756126948553866429239314107319019567231557561,-0.000346636092448300057938048821887641316750652158708776996814978,0.90494539897473403817305556243990816234283143130528719385509,False,,,True,False
376,363,0.0119048064794076023928413727246840544088922754491181156262094,-0.125870193520592397607158627275315945591107724550881884373791,0.229851201619851900598210343181171013602223068862279528906552,0.0326279874122044793165681070591428440206660520849422612980406,2.31397354263875882867642389633766369407780365751363041746116,False,,,False,True
377,201,0.04453279389161208170940947978382689842955832753406037692425,-0.09324220610838791829059052021617310157044167246593962307575,0.136758198472903020427352369945956724607389581883515094231063,-0.0235063837312254189480874301996818318230374454212036503839261,0.563392948051017165663158519390459531065385387155630880655604,False,,,True,False
378,282,0.0210264101603866627613220495841450666065208821128567265403239,-0.116748589839613337238677950415854933393479117887143273459676,0.181506602540096665690330512396036266651630220528214181635081,0.0111827722408289018413834140792536002034053705314596174429848,1.39641268367135788454614240881939915353152097434228427014142,False,,,True,True
379,139,0.0322091824012155646027054636633986668099262526443163439833087,-0.105565817598784435397294536336601333190073747355683656016691,0.0949272956003038911506763659158496667024815631610790859958272,-0.0219962894512564674965525008728491199341671205651223179143222,0.422406297259777180509778259930136821125072531328076766999768,False,,,True,False
380,337,0.0102128929499590971061529627905495468757591320791940260689865,-0.127562107050040902893847037209450453124240867920805973931013,0.213178223237489774276538240697637386718939783019798506517247,0.0237709732889561692148640979762725761054442072110223822820606,2.40895848818557245667374785281831307453318167601298261366861,False,,,False,True
381,178,0.0339838662389152663210170607668221229812033392902164083510471,-0.103791133761084733678982939233177877018796660709783591648953,0.119745966559728816580254265191705530745300834822554102087762,-0.0182482912334879123823386044855261918349116556080782304628691,0.550804053255809836329463920763468492003617967709985347839388,False,,,True,False
382,77,0.015735575005427353938678456281295931146291683682138177888178,-0.122039424994572646061321543718704068853708316317861822111822,0.0520588937513568384846696140703239827865729209205345444720445,-0.00858495925121904990489721490208192291295760445606343525060159,0.486556266928008868158937368571801432693790270889793953849971,False,,,True,False
383,379,0.00715061575420830403378124137921400823333407922607474263757637,-0.130624384245791695966218758620785991766665920773925257362424,0.238662653938552076008445310344803502058333519806518685659394,0.0450640844669298847458811180969882453153966231237635737364283,4.67985741566717099006913128478023301565172852382241466743327,False,,,False,True
384,237,0.0522147002211381887796623594762022535487307023498383163740047,-0.0855602997788618112203376405237977464512692976501616836259953,0.161178675055284547194915589869050563387182675587459579093501,-0.0185833767482969793673254380021446043030269113215521864263294,0.671506505315872817785906127422877975511755032602559850293582,False,,,True,False
385,150,0.0336313234728412094123369214740576492457037910282861299476753,-0.104143676527158790587663078525942350754296208971713870052325,0.102157830868210302353084230368514412311425947757071532486919,-0.0116922714598321524991134956293947711944143343078406723666887,0.626523289355381676682914323342977663464286831158177494001542,False,,,True,False
386,303,0.0219390520130090569132234258446628780512894567204454575809866,-0.115835947986990943086776574155337121948710543279554542419013,0.194859763003252264228305856461165719512822364180111364395247,0.00493038954554227811098563221011505489998951153224661733911761,1.15289035655088654150323299158044406087594198931958632623345,False,,,True,True
387,105,0.0268694415585513350242090580547779329512789682526920749201042,-0.110905558441448664975790941945222067048721031747307925079896,0.0723423603896378337560522645136944832378197420631730187300261,-0.0147825185098714961619743466940805511950516242118673993541283,0.526527571848994706294086093639616873067996952647921084603261,False,,,True,False
388,265,0.0120869230486798388622347113606973817562273440408246755659759,-0.125688076951320161137765288639302618243772655959175324434024,0.168646730762169959715558677840174345439056836010206168891494,-0.00312011932456728658581586239271211435941568069304164523626536,0.886170167897851954633480383996101627145398196661759272999416,False,,,True,False
389,50,0.00896680372411255227641884896798526739681166334778303032971054,-0.128808196275887447723581151032014732603188336652216969670289,0.0334917009310281380691047122419963168492029158369457575824276,-0.00222238834657163502588859884072336270954584715953872095848036,0.609221072451413426374555751168492040641602218339110848551766,False,,,True,False
390,354,0.00674441537754091725053025012726190468726581618824430937123019,-0.13103058462245908274946974987273809531273418381175569062877,0.222936103844385229312632562531815476171816454047061077342808,0.0341346933678626383781202492172392960891059605182909751463852,2.58601877666762780201743360776684638253469596047117320581399,False,,,False,True
391,193,0.0408791087454035556286504993445012007763717767065352845176154,-0.0968958912545964443713495006554987992236282232934647154823846,0.130844777186350888907162624836125300194092944176633821129404,-0.0269899555511009892962716173365753314127681708481202017456211,0.5271331526406345828471755854091101801205515327608059157185,False,,,True,False
392,126,0.0138891531943025663323788820079258693636036058584150827719943,-0.123885846805697433667621117992074130636396394141584917228006,0.0822222882985756415830947205019814673409009014646037706929986,-0.00676387301468854313545012805337179028123205831364877543620409,0.657889958214709368175737108562282203177416558491518523294323,False,,,True,False
393,322,0.00712528017961402319692875395455407908237154754476630733579023,-0.13064971982038597680307124604544592091762845245523369266421,0.203031320044903505799232188488638519770592886886191576833948,0.0136639774046018034073642290573943309733541838562160923532877,1.37430339256035993002313629188970484475274280218659746486441,False,,,True,True
394,221,0.0207892575842158266042929830119484100557257314009823996890779,-0.116985742415784173395707016988051589944274268599017600310922,0.143322314396053956651073245752987102513931432850245599922269,-0.00846215145908914428697610713339133160295241268015245410450455,0.732178380483596571631050491204191948941961829240480721576795,False,,,True,False
395,73,0.0123271061251266823173168758785570784527733187208299455845734,-0.125447893874873317682683124121442921547226681279170054415427,0.0487067765312816705793292189696392696131933296802074863961433,-0.00726684467584236353556098250631469716663546561954839509764394,0.368225948263777368761048642381290711575343487999417732013452,False,,,True,False
396,391,0.00506026144928431878175589337224238128613785310128155048692945,-0.132714738550715681218244106627757618713862146898718449513071,0.245640065362321079695438973343060595321534463275320387621732,0.0431430658402634335083412572267745790958929084436248421281134,4.29434769465825867760117381668451062877269814709411854949303,False,,,False,True
397,248,0.0482033272895477522900971505990169603820307615449063926150429,-0.0895716727104522477099028494009830396179692384550936073849571,0.167050831822386938072524287649754240095507690386226598153761,-0.00591383264654949158587968655626436433738546635453672881464334,0.871162962202053936829602041061169799510751645316324338544535,False,,,True,False
398,158,0.0422894946429982607042174640427525960446452951903696638003995,-0.0954855053570017392957825359572474039553547048096303361996005,0.1093223736607495651760543660106881490111613237975924159501,-0.0209079519119176131757235466535095910180648416407830275161235,0.509391290092038456724300252863084241710267557673903647016117,False,,,True,False
399,293,0.021381542731080647528493917389243005026580453549586636284276,-0.116393457268919352471506082610756994973419546450413363715724,0.188470385682770161882123479347310751256645113387396659071069,0.00727114356197024282201702544568987016293311526586665863158252,1.24918731898459160087474034191897462871342990557371790729077,False,,,True,True
400,110,0.0286526862930508903505109428349328751895135688154532949158585,-0.109122313706949109649489057165067124810486431184546705084141,0.0759131715732627225876277357087332187973783922038633237289646,-0.0161677770808578200948606935324519362270150591594057931137246,0.434210910302998412905006602499763323181124527490523143741431,False,,,True,False
401,343,0.0124849092121930702556502493024809389624985096560475018021339,-0.125290090787806929744349750697519061037501490343952498197866,0.217496227303048267563912562325620234740624627414011875450533,0.0282835363581252624596892985213060277762848260504295001877457,2.08411060946475396433367822640125110860394216204876134076984,False,,,False,True
402,199,0.0407684455703183327153395478237869667387833357064770019898796,-0.0970065544296816672846604521762130332612166642935229980101204,0.13456711139257958317883488695594674168469583392661925049747,-0.0229695252146004091885716040738135466013879974338787708452522,0.54805398201569490803488787002400724527124148443900300096718,False,,,True,False
403,81,0.0177989203557179235267679437499734201373953382725982311446274,-0.119976079644282076473232056250026579862604661727401768855373,0.0550747300889294808816919859374933550343488345681495577861569,-0.0084316072597709101052358364026168405365272655519240622297674,0.584133039827509916302738662662722214542697651003104623908908,False,,,True,False
404,276,0.00936731309594701342153210734735657960086807272067416891486001,-0.12840768690405298657846789265264342039913192727932583108514,0.174841828273986753355383026836839144900217018180168542228715,-0.00167936553492418076716367230481926988243472075367488879739247,0.959861663882160502349332391704738168907663485902834114947611,False,,,True,False
405,143,0.00768794756102283265436843504253730971843335196699928011746754,-0.130087052438977167345631564957462690281566648033000719882532,0.0912969868902557081635921087606343274296083379917498200293669,-0.000534400178092641138620895747510579019360183896489811115284027,0.922191297539207362548914219830810963195669330776848123190414,False,,,True,False
406,370,0.00715354738293019151574753929502673069907316807050946900218351,-0.130621452617069808484252460704973269300926831929490530997816,0.233038386845732547878936884823756682674768292017627367250546,0.0289033873113859621267705875314897452560766414582216535607065,2.02499585654159144519583382693172506844312637354393533282972,False,,,False,True
407,227,0.03605693469431615364251812682651647595514980952873112256289,-0.10171806530568384635748187317348352404485019047126887743711,0.150889233673579038410629531706629118988787452382182780640723,-0.01435556263523725405587778480591847050078367012730456518777,0.68163434919317047360701982271209616507370251168860344832477,False,,,True,False
408,100,0.02170137205907889958664034202059800545436613940142655737512,-0.11607362794092110041335965797940199454563386059857344262488,0.06792534301476972489666008550514950136359153485035663934378,-0.00872979982771401685356013477030142643101338730127199344022236,0.567487335032028360001399953706535528847171178047556449427417,False,,,True,False
409,315,0.0129715722313648827330802072502965790233527521001545639348977,-0.124803427768635117266919792749703420976647247899845436065102,0.200117893057841220683270051812574144755838188025038640983724,0.012180640871823905297216386143267223366446744369340456439752,1.32864721741661538695059277918387937681663530940743211968349,False,,,True,True
410,176,0.0251522131031887880302965933935638023897994964694950203746497,-0.11262278689681121196970340660643619761020050353050497962535,0.116288053275797197007574148348390950597449874117373755093662,-0.0182306914441108727815513623608346524409651341502411364300374,0.535295605871386383674467642925879362098167926802949934950409,False,,,True,False
411,44,0.00692152165907791524874523103272914994883436231925388394461233,-0.130853478340922084751254768967270850051165637680746116055388,0.0292303804147694788121863077581822874872085905798134709861531,-0.00191692775340464228991008894010503546862930854125743020579441,0.449714178040362895645904697354379264657857267744594271234056,False,,,True,False
412,384,0.00500459390567327295883514209262411448020505377799645373881792,-0.132770406094326727041164857907375885519794946222003546261182,0.241251148476418318239708785523156028620051263444499113434704,0.04382260579682588797852619389506308275160480688594686953813,4.65164202618455899502490321246150788226202059112546506940423,False,,,False,True
413,244,0.0488271997024991609373613359876871972318098606639433232769479,-0.0889478002975008390626386640123128027681901393360566767230521,0.164706799925624790234340333996921799307952465165985830819237,-0.0119889224341312305874962942299304853734598352919813201431928,0.759844497357830838858386317217822412147035137846924634765497,False,,,True,False
414,136,0.0368382772683679303498650417577567118583500253719620031337551,-0.100936722731632069650134958242243288141649974628037996866245,0.0942095693170919825874662604394391779645875063429905007834388,-0.0150660144575184006904318687146314049227582679240771738378274,0.551621267446911135519386796065575800749656495368406087512766,False,,,True,False
415,299,0.0217722628108495296594331730431253069355917574478848292959277,-0.116002737189150470340566826956874693064408242552115170704072,0.192318065702712382414858293260781326733897939361971207323982,0.00448521641608300662216901705704683919911837035745726617404802,1.10306726094004430623624250970840093170549986059477937151455,False,,,True,True
416,192,0.0262574792269325362816021901001721461347101278053420954699757,-0.111517520773067463718397809899827853865289872194657904530024,0.126564369806733134070400547525043036533677531951335523867494,-0.0133471153186522141916481671098720439527130924937361980561841,0.606013248423230185918579990010888677889777451979659622491782,False,,,True,False
417,72,0.0129103639082803220899540229903001021819970353116058974137916,-0.124864636091719677910045977009699897818002964688394102586208,0.0482275909770700805224885057475750255454992588279014743534479,-0.00190128905656987871553679301672564844402017158814157754687855,0.742955751725432931442119640186863610767202169318984908356913,False,,,True,False
418,348,0.011009074851710443374417229973574453737976863723464319866913,-0.126765925148289556625582770026425546262023136276535680133087,0.220252268712927610843604307493393613434494215930866079966728,0.0182051666591339542046111993830384740463142179980543533923222,1.54176704114414978152047988916535615766739977659849528991147,False,,,False,True
419,218,0.0292142415108443975790284293566129277842910817215186732592353,-0.108560758489155602420971570643387072215708918278481326740765,0.143553560377711099394757107339153231946072770430379668314809,-0.0122787462561679025026142534531023318731348442486017245252753,0.707091927672285999250724115333055519172553718130848636432202,False,,,True,False
420,113,0.01693549525467649507641417590351059591115623747291694873396,-0.12083950474532350492358582409648940408884376252708305126604,0.07485887381366912376910354397587764897778905936822923718349,-0.00912526604772813248151518983639258701138472892398195678403941,0.577304929403269410811591667948965775256974225061600001014529,False,,,True,False
421,329,0.00781022920694836259489898606711800889977150854893499194992054,-0.129964770793051637405101013932881991100228491451065008050079,0.20757755730173709064872474651677950222494287713723374798748,0.0142585403116200252659535190433148854405216322843564368603265,1.39944748368924575764968035780552615185388338622693228065499,False,,,True,True
422,163,0.022068769518568387860852505110432894340293140833291428810247,-0.115706230481431612139147494889567105659706859166708571189753,0.107392192379642096965213126277608223585073285208322857202562,-0.0132979290710130193689151750931226541826368339175067257731012,0.64024357645361453950592564872094521617622420442434232715212,False,,,True,False
423,270,0.00877084044755536849193733001731024015765630691578470303714581,-0.129004159552444631508062669982689759842343693084215296962854,0.170942710111888842122984332504327560039414076728946175759286,0.00334285117424377227990781625718540851247084434207121603986924,1.19335505696703897684182216106522894838143459980414006505606,False,,,True,True
424,60,0.0121136916217991407718451462744956486701271512578559190770151,-0.125661308378200859228154853725504351329872848742144080922985,0.0405284229054497851929612865686239121675317878144639797692538,-0.00827089106749461138280220867835167419491498032577906815515242,0.295219257676159604825125490056063302642701012991894945955086,False,,,True,False
425,397,0.00384280055430452938904293759614397447521217093207685092186263,-0.133932199445695470610957062403856025524787829067923149078137,0.249085700138576132347260734399035993618803042733019212730466,0.0483996071489329117585965585814248860290923823006774130334851,5.76074309745651759597931608745616387271700720402997256579031,False,,,False,True
426,205,0.0522424077032374411476394961775688605043045532327542639553477,-0.0855325922967625588523605038224311394956954467672457360446523,0.141185601925809360286909874044392215126076138308188565988837,-0.0208893769849911393991928306227759071270682607179164741903121,0.595622347696054665561002228916656180321637760132506774216897,False,,,True,False
427,287,0.0313530307182463017484466655547929533772362925148377897650357,-0.106421969281753698251553334445207046622763707485162210234964,0.187213257679561575437111666388698238344309073128709447441259,0.0108276300630840817225793471737808041208029992977464179409235,1.36113103421350158586744838012237518904096231598373621713445,False,,,True,True
428,131,0.0421806607813303834710260127285737574980392918125842077059592,-0.0955943392186696165289739872714262425019607081874157922940408,0.0924201651953325958677565031821434393745098229531460519264898,-0.0243066500446001035559414876358583719711406730024306778582142,0.437104880881650703597048008733325731357606379799048723507516,False,,,True,False
429,359,0.017874010736730279915084525092715385526898618810153529847745,-0.119900989263269720084915474907284614473101381189846470152255,0.228843502684182569978771131273178846381724654702538382461936,0.0353284125029450762127630134629201417219927622269095718234142,2.72152789615317873008247378436982322112206481452339380734126,False,,,False,True
430,183,0.0532024232396753561278475385556355272488913810370631016711592,-0.0845725767603246438721524614443644727511086189629368983288408,0.12767560580991883903196188463890888181222284525926577541779,-0.0202959906108776664680980582626020039537242887033645110890745,0.595139250970062180242374430600149559389261492698402863033237,False,,,True,False
431,253,0.0329064326287976896597494802930335232951670923336985905820847,-0.104868567371202310340250519706966476704832907666301409417915,0.166351608157199422414937370073258380823791773083424647645521,-0.00321052015645007012044063884402403552822783873630246395130207,0.904212497928097627608863924394436911991534264863316393378972,False,,,True,False
432,94,0.0296959124723476195393088414490094877669392535973961266307826,-0.108079087527652380460691158550990512233060746402603873369217,0.0661739781180869048848272103622523719417348133993490316576957,-0.0123274485624285185385660657327163816129029477396647277362019,0.470184413935197288815081305203421153712318951313581322011745,False,,,True,False
433,320,0.0173684639099191010007427757162931061540363058577313988945808,-0.120406536090080898999257224283706893845963694142268601105419,0.204342115977479775250185693929073276538509076464432849723645,0.0117058185000781171758500347667781050041018211677532023810865,1.31988315381299465297269053164170786666768349516720837091687,False,,,True,True
434,155,0.0290742824099972181765928104830712111581381270254846012756673,-0.108700717590002781823407189516928788841861872974515398724333,0.104143570602499304544148202620767802789534531756371150318917,-0.0184303856053770658396381033991248419980057617171929631491979,0.539130367419499242264732564691064722031155384954337403789256,False,,,True,False
435,374,0.0106438968046201523369547070839463691601323653082916381264693,-0.127131103195379847663045292916053630839867634691708361873531,0.236410974201155038084238676770986592290033091327072909531617,0.0448742027692648429794213366756747800545239300075327083009719,4.43405917926752986526504349654463631153129647687330602799053,False,,,False,True
436,225,0.0555180995738849953163760437596211492146562953158243464274413,-0.0822569004261150046836239562403788507853437046841756535725587,0.15450452489347124882909401093990528730366407382895608660686,-0.019123289183216408888911144265973334852662098611481144257901,0.631665237294514246495483556387675166216007342548922608489642,False,,,True,False
437,117,0.0363948103906685864274648994936478143619941967043432021695403,-0.10138018960933141357253510050635218563800580329565679783046,0.0822237025976671466068662248734119535904985491760858005423851,-0.0109144616187874511960242762801217184275119282309429056986002,0.598026289243521612984743703023635428487279780450915334504241,False,,,True,False
438,296,0.02548034877188113523144062321352609593448226847340029647094,-0.11229465122811886476855937678647390406551773152659970352906,0.191370087192970283807860155803381523983620567118350074117735,0.00103817021360733999210012954307803378724641540099488615307578,1.02222706995225685721150316184560068285129803243247207921401,False,,,True,True
439,191,0.0265185189854884752235407527566041297217286838743951826240158,-0.111256481014511524776459247243395870278271316125604817375984,0.126004629746372118805885188189151032430432170968598795656004,-0.013110284614362583459245688331138370904726139521462926305017,0.583993847197790564685022144416306295329178547677558719992843,False,,,True,False
440,61,0.0134082343711258917642950644254657588170025443529322563189988,-0.124366765628874108235704935574534241182997455647067743681001,0.0414770585927814729410737661063664397042506360882330640797497,-0.00152473857912834929124989675516707129465990085481442629406937,0.776203675776119730035833322334208623568527589462355781898457,False,,,True,False
441,340,0.0118834957919975424730451676702986875223426434981178300249294,-0.125891504208002457526954832329701312477657356501882169975071,0.215470873947999385618261291917574671880585660874529457506232,0.0162268265967166753677955902424937073788998364868466728021303,1.46234916942458237253634487476446255490274931642544898018774,False,,,False,True
442,242,0.0281103223887142178408407579127923949012424799849645028270597,-0.10966467761128578215915924208720760509875752001503549717294,0.158277580597178554460210189478198098725310619996241125706765,-0.00473710493327527337321159832836135277876296554216176085934575,0.882025768488599624531501462230912901665283939116700105388268,False,,,True,False
443,134,0.0233732174554389444676291595844310421224795144428027419677139,-0.114401782544561055532370840415568957877520485557197258032286,0.0895933043638597361169072898961077605306198786107006854919285,-0.0170266379776621478097733474805871775818987658408272998578167,0.455301020353933034865471633236982888696479167824259668995794,False,,,True,False
444,382,0.00634657947777679665785581210384386454058074860197544210989724,-0.131428420522223203342144187896156135459419251398024557890103,0.240336644869444199164463953025960966135145187150493860527474,0.0414985586303158063642747717041221420137372353122966953700507,4.05313947355918422865831469211744907392810406902484166933523,False,,,False,True
445,207,0.0478451381080926030221305838079660065543179839142721374799479,-0.0899298618919073969778694161920339934456820160857278625200521,0.141336284527023150755532645951991501638579495978568034369987,-0.0162714877130977065263345047960321481756780837218435990452706,0.648995891651970000504509299575105787597566218477891955872237,False,,,True,False
446,279,0.0315736503949948964957960790119338583786399001924285384346773,-0.106201349605005103504203920988066141621360099807571461565323,0.182268412598748724123949019752983464594659975048107134608669,0.00648121169854742807387692745261640830201779148074875383870445,1.22849898431625425954955857253225352454801759758099435908032,False,,,True,True
447,105,0.0380548620935423245696730064645502666806576916731772922733817,-0.0997201379064576754303269935354497333193423083268227077266183,0.0751387155233855811424182516161375666701644229182943230683454,-0.0213455663315005509282470992312735548961895149715366938825322,0.383817425565991249547490269628963260918398841843120236977442,False,,,True,False
448,325,0.0167092957620417736414259072332767117844681767016405983908495,-0.121065704237958226358574092766723288215531823298359401609151,0.207302323940510443410356476808319177946117044175410149597712,0.0221917328072638690508557107632225062993588802908179819749104,1.78942715472149777202606465756999406062479817962639939116715,False,,,True,True
449,168,0.0389010285693056426922816179964992180838270569924585803657599,-0.0988739714306943573077183820035007819161729430075414196342401,0.11472525714232641067307040449912480452095676424811464509144,-0.0262134703121297097282210805210747425267714832328016685268481,0.501985900658170581858179420683030833567044023549977061220022,False,,,True,False
450,259,0.0126875582571759329640605374754244755570555737596569118389118,-0.125087441742824067035939462524575524442944426240343088161088,0.165046889564293983241015134368856118889263893439914227959728,0.00576694516149075740176651534153600137577982134404901591981096,1.32235861912037083655262331787276416324842766960924706778984,False,,,True,True
451,74,0.0184545034186666903658270528169604769328353951037059277587227,-0.119320496581333309634172947183039523067164604896294072241277,0.0508636258546666725914567632042401192332088487759264819396807,-0.0107273298981953690815510814458630426074772972856245393665785,0.313558604505682409840503132940817156181161852012018971771731,False,,,True,False
452,364,0.00772717352047132128427597137109743432535809781808138839214419,-0.130047826479528678715724028628902565674641902181918611607856,0.229431793380117830321068992842774358581339524454520347098036,0.032485071361357873698115898655876913255704728521631034095973,2.36529770047551827530662303849626979273874230493512034871574,False,,,False,True
453,188,0.0402122448818291949823918700269743475810628263397124224881172,-0.0975627551181708050176081299730256524189371736602875775118828,0.127553061220457298745597967506743586895265706584928105622029,-0.0230627674008983796986682445433087816545410750154225040392462,0.543295762745866592839574476568231545722306121342013773857866,False,,,True,False
454,303,0.017149477480930815283723625483665565926521751324289918448871,-0.120625522519069184716276374516334434073478248675710081551129,0.193662369370232703820930906370916391481630437831072479612218,0.0185306525322319354574138949209734127927910854846825198516563,1.82255945228777460438090438872359236743343855441009906604934,False,,,True,True
455,127,0.0356801300131627507411375204046389787193128368089724383005274,-0.102094869986837249258862479595361021280687163191027561699473,0.0882950325032906876852843801011597446798282092022431095751318,-0.0261855794147160604340555480539900904556219224651895844676421,0.45141784825299056756644521256602996263413152162673960376278,False,,,True,False
456,232,0.0094945505984466903070819723506488882636909143437828538328853,-0.128280449401553309692918027649351111736309085656217146167115,0.147373637649611672576770493087662222065922728585945713458221,-0.00121704761061561566629948233981446249740535716902239646086518,0.929502133172837149104782840241074355367558468442919507817067,False,,,True,False
457,48,0.00827750298783107464078249001083442576628555717476045737202013,-0.12949749701216892535921750998916557423371444282523954262798,0.032069375746957768660195622502708606441571389293690114343005,-0.00360722571623763821018759368845548268875224253497793887372166,0.377110190498264507440925412913573427129950984288471036622792,False,,,True,False
458,392,0.00467027727159343643059489632237894307753331463978251849829847,-0.133104722728406563569405103677621056922466685360217481501702,0.246167569317898359107648724080594735769383328659945629624575,0.0404632529801128125013275946258524540204749205039727785277028,4.41407614671053874289251397431333302706381333099586256346958,False,,,False,True
459,200,0.0451335302517062489319224909482313970980082351437552970260012,-0.0926414697482937510680775090517686029019917648562447029739988,0.1362833825629265622329806227370578492745020587859388242565,-0.0166702927522962180767625781730608545491597164492916858459446,0.628845531439976475246711080904087898380908603505982616580516,False,,,True,False
460,288,0.0284632374994100308551599127751705425488485186944636111800566,-0.109311762500589969144840087224829457451151481305536388819943,0.187115809374852507713789978193792635637212129673615902795014,0.00885153753007682946188779223828010938335687229417839744021769,1.29702582848758259461891512340407420181237194061816257126727,False,,,True,True
461,140,0.0373147750294868603170477050134506519322053909886420086202743,-0.100460224970513139682952294986549348067794609011357991379726,0.0968286937573717150792619262533626629830513477471605021550686,-0.0180321661007331778831137747192521450908214775457303678590728,0.439369898914659480230085462985490750112198584158739372924789,False,,,True,False
462,345,0.0192826089287536824339339302941985068413839134429116407612015,-0.118492391071246317566066069705801493158616086557088359238798,0.2204456522321884206084834825735496267103459783607279101903,0.0228804961086208120067437191583445382028921098366221038871498,1.9549678432735814498671260757217900260100240444269994159894,False,,,False,True
463,174,0.0421631050373744944406776494525430450442760232795337446483513,-0.0956118949626255055593223505474569549557239767204662553516487,0.119290776259343623610169412363135761261069005819883436162088,-0.0192764869157611415846572133853094451804601326698918544006521,0.589548283285726452872240419012661831696678283366370054524405,False,,,True,False
464,263,0.0228866181216133528560204360672335998638158906096418902476992,-0.114888381878386647143979563932766400136184109390358109752301,0.170096654530403338214005109016808399965953972652410472561925,0.0037462650166509093700061831854698367553065096777905612380684,1.14722485764129534775651743132241632088957889569368816799875,False,,,True,True
465,90,0.0266328831382642622260266192527034366191224002874324514857676,-0.111142116861735737773973380747296563380877599712567548514232,0.0629082207845660655565066548131758591547806000718581128714419,-0.0161392069900165814295545776484853019030301354890424402056587,0.37443011557984058076784568569803051229367571952023200573668,False,,,True,False
466,355,0.0104936761482476807964720416042181347160922647983900112801089,-0.127281323851752319203527958395781865283907735201609988719891,0.224498419037061920199118010401054533679023066199597502820027,0.0300327090067249703786275376664290296576398810797015814804518,2.16715728572931074138651641574148662706933379262645700404344,False,,,False,True
467,215,0.0405263851549726511750995792706471643737321458780915927605607,-0.0972486148450273488249004207293528356262678541219084072394393,0.14450659628874316279377489481766179109343303646952289819014,-0.0165422736970319112397327682407986253680550482296462637103973,0.651679157403064582091947161597575100886411293160293591518896,False,,,True,False
468,119,0.0239841114579407399353668110298485390056770976484453290501634,-0.113790888542059260064633188970151460994322902351554670949837,0.0803710278644851849838417027574621347514192744121113322625409,-0.00985070055452292320269374405583392972755307702910627432459706,0.582412624562677844529902538035251988536823716012181300484887,False,,,True,False
469,314,0.0141334109034178167326730669740146092781240206193390547255664,-0.123641589096582183267326933025985390721875979380660945274434,0.199783352725854454183168266743503652319531005154834763681392,0.00749755137375556694035280157746928835434577687964428001346008,1.18517239182276331310507870232712296326575263632317757198196,False,,,True,True
470,161,0.0216309622771733836730258685514838976324697974989833347390264,-0.116144037722826616326974131448516102367530202501016665260974,0.106032740569293345918256467137870974408117449374745833684757,-0.0154985278428427141216216308799161200302839735024220628469247,0.574871916818891210562801529521313783951267715072309893787043,False,,,True,False
471,42,0.00613243443433066955140423767156777760218582399656127189210178,-0.131642565565669330448595762328432222397814176003438728107898,0.0277831086085826673878510594178919444005464559991403179730254,-0.000262058214739349566609831513910728682293624603108673666600422,0.851754309453087377736973961617076234766868292528481270563079,False,,,True,False
472,377,0.00587037621959131998479440615765704891989219939345259822550136,-0.131904623780408680015205593842342951080107800606547401774499,0.237092594054897829996198601539414262229973049848363149556375,0.0415512777271087980047915079317166515886114472815559676453963,3.85051952102048214669739212092865529657850432552095897184415,False,,,False,True
473,243,0.0474216539467001179895859140893737005085036466750085658708977,-0.0903533460532998820104140859106262994914963533249914341291023,0.163730413486675029497396478522343425127125911668752141467724,-0.0164266265954232179774578533575826967131068270513852378985818,0.707210662237154123912493130657438232914346477301617632163758,False,,,True,False
474,135,0.0309950273512769000121280607317910037953968196236233279723159,-0.106779972648723099987871939268208996204603180376376672027684,0.092123756837819225003032015182947750948849204905905831993079,-0.0115614523672120560964663387329783675268841888454029358261776,0.613107384456528586524122716662139113252126987574323597249662,False,,,True,False
475,294,0.0194335749840648439156617219988126362685126307782203921461383,-0.118341425015935156084338278001187363731487369221779607853862,0.188608393746016210978915430499703159067128157694555098036535,0.00225206863742802761319918910580725672132579716064315876630877,1.05024181629345926402591793402392157830336022128288604572593,False,,,True,True
476,192,0.021685643621492871528860911104619892989838427938863550912447,-0.116089356378507128471139088895380107010161572061136449087553,0.125421410905373217882215227776154973247459606984715887728112,-0.0109519293508761668610240744193243664744592995132389246152343,0.6366684229080396375875620648761566104515709936050795816338,False,,,True,False
477,68,0.0107337142706167046678368366852955265153791284256246262972127,-0.127041285729383295332163163314704473484620871574375373702787,0.0451834285676541761669592091713238816288447821064061565743032,-0.00395010594777943848956229747069713013967355430946422029658291,0.609297976900590410896032051177765493079068283766538287950199,False,,,True,False
478,336,0.00678360832283726617827453921459839637570557411616040600062982,-0.13099139167716273382172546078540160362429442588383959399937,0.211695902080709316544568634803649599093926393529040101500157,0.012951595730491177694878974951953480480831651796978648288482,1.34054207891818093715751160282622933352294387543253672363274,False,,,False,True
479,225,0.0197352040533284438731535141665518768565372259131390542891118,-0.118039795946671556126846485833448123143462774086860945710888,0.145558801013332110968288378541637969214134306478284763572278,-0.00611869330909321410096077482730190995964803463115189608068839,0.822015289730845425473185969132565619850993276297408247866687,False,,,True,False
480,103,0.0136165107442352297721927393392499668968891912819871582084234,-0.124158489255764770227807260660750033103110808718012841791577,0.0677791276860588074430481848348124917242222978204967895521059,-0.00959734753144513219533394992320028380300863124711282399214088,0.434981887231797450795353358172181582349657581569655764629408,False,,,True,False
481,388,0.00401916321279009757685878941604968309388056003487433421628255,-0.133755836787209902423141210583950316906119439965125665783717,0.243504790803197524394214697354012420773470140008718583554071,0.040769801623684782198501326030890657954878651148457966054959,4.19914533362183035466279686032725296632234641819980046724042,False,,,False,True
482,258,0.0447889648364748797753601154469403410487592111833323002712415,-0.0929860351635251202246398845530596589512407888166676997287585,0.17244724120911871994384002886173508526218980279583307506781,-0.0022344998375905363287981270935030766658813463743356867578709,0.948250750885245628722315411201100965951430929888516765966667,False,,,True,False
483,155,0.0425544649988843434465619883534372643828778648089966135133706,-0.0952205350011156565534380116465627356171221351910033864866294,0.107513616249721085861640497088359316095719466202249153378343,-0.0220256385289187992426002885507196617208307132533603851321053,0.475445815714720695702018020441528495120945269274993488137491,False,,,True,False
484,309,0.0205288264699655442039616998027176026620471515556362283812654,-0.117246173530034455796038300197282397337952848444363771618735,0.198257206617491386050990424950679400665511787888909057095316,0.0119405721350432082447760204763368843110191464815413008471962,1.44831689886566115309126534376729186496409601979076779739951,False,,,True,True
485,121,0.0324693986050087524487377202790544869730662980371775292284615,-0.105305601394991247551262279720945513026933701962822470771538,0.0837423496512521881121844300697636217432665745092943823071154,-0.0209650980015503824670468344616057857278642762544834016531841,0.491578933614961135871833330452081168595091808661428055177191,False,,,True,False
486,351,0.0115043006034583699816908858174487012452020217826941275752774,-0.126270699396541630018309114182551298754797978217305872424723,0.222251075150864592495422721454362175311300505445673531893819,0.0377913829469563422986713985559749556127325435432792769133746,3.12859451855507810003759821396787416158105872394110124698597,False,,,False,True
487,203,0.049295683550414712280362284373423656857934565325973404488652,-0.088479316449585287719637715626576343142065434674026595511348,0.139198920887603678070090571093355914214483641331493351122163,-0.0250573527315674554541243591122311042165572969094162775477587,0.552499519606431296251609381852857541480301063833344854346422,False,,,True,False
488,83,0.0242383308188472568262379252611925526413772684165571269408933,-0.113536669181152743173762074738807447358622731583442873059107,0.0579345827047118142065594813152981381603443171041392817352233,-0.0063462314000407473266028555096334694478788366620637836661261,0.661018074921278293224344695855328061873610196963549787139441,False,,,True,False
489,277,0.0178920994188065094996350697515590831934984317544933432747672,-0.119882900581193490500364930248440916806501568245506656725233,0.177598024854701627374908767437889770798374607938623335818692,-0.00400201530723131162817586205461115289853895689672738844964902,0.915573808294670322101566655992255529792968426089770070454903,False,,,True,False
490,170,0.0138900841115751978714592076969479302949594748577659548251182,-0.123884915888424802128540792303052069705040525142234045174882,0.10972252102789379946786480192423698257373986871444148870628,-0.00819970193944484417113212021712818723129206013619243444479825,0.579951005754718891781337423880474315017377388695180540585123,False,,,True,False
491,368,0.00569038217213035370032708747981974306366741472157352038031997,-0.13208461782786964629967291252018025693633258527842647961968,0.23142259554303258842508177186995493576591685368039338009508,0.0326576015944982360650556021882012045849510446137770488833169,3.52808370137876641727059270144166880213581052219430187722786,False,,,False,True
492,232,0.0383479837666285897653826896680209476486184593353505692636369,-0.0994270162333714102346173103319790523513815406646494307363631,0.154586995941657147441345672417005236912154614833837642315909,-0.0085284635225708296973868866816725729154214586894544118294567,0.786842739513422347313112199641856295142937945818970171425176,False,,,True,False
493,110,0.0298195202440577600679958029863483747331970006458961574341802,-0.10795547975594223993200419701365162526680299935410384256582,0.076204880061014440016998950746587093683299250161474039358545,-0.0162404806799004052105745809905230809653441799125662890121681,0.451630940061497480038411368483928534245930724826069034079819,False,,,True,False
494,321,0.013579039564157354857421221995825293767852820733329868422012,-0.124195960435842645142578778004174706232147179266670131577988,0.204019759891039338714355305498956323441963205183332467105503,0.0146229431882490278580114817390103667377599550955400261810828,1.4306084590464756494369782499415803308952167116985356895328,False,,,True,True
495,183,0.0282019827524063827154327037348356605056127758288698946030948,-0.109573017247593617284567296265164339494387224171130105396905,0.121425495688101595678858175933708915126403193957217473650774,-0.0162982107197594229826648660547000504345705839180484457835487,0.555282623455175232227295272281545673388058059471058662640884,False,,,True,False
496,57,0.0119037720326469597327678376801356100710421919108214488195461,-0.125871227967353040267232162319864389928957808089178551180454,0.0386009430081617399331919594200339025177605479777053622048865,-0.0082644390436317279014519193432723356285699492133731384855956,0.48515434663641273082171644696750317154884555311430017819761,False,,,True,False
497,290,0.00363933298901523183131591833686327444247224269744831033395047,-0.13413566701098476816868408166313672555752775730255168966605,0.182159833247253807957828979584215818610618060674362077583488,0.00423754722749502707182399278936018891331419580160124293643227,1.11666614944024062039087041564262637732750111056594376034254,False,,,True,True
498,135,0.00787688021651025890313991112622346335578643849904955327038274,-0.129898119783489741096860088873776536644213561500950446729617,0.0863442200541275647257849777815558658389466096247623883175957,-0.00459429538006009667439946370783744629636720692535710218867895,0.502286151375825547152735897805066903016353650358722980687736,False,,,True,False
499,395,0.00328258483645016222874044741838601705941923157369245108170378,-0.134492415163549837771259552581613982940580768426307548918296,0.247695646209112540557185111854596504264854807893423112770426,0.044895753792961645604322598916437902174176144509804931869017,4.19018510235599817588494727438614966713927309273610678187715,False,,,False,True
500,220,0.0481783386294118078330630463348239192335953760834973829507208,-0.0895966613705881921669369536651760807664046239165026170492792,0.14954458465735295195826576158370597980839884402087434573768,-0.0207346074386755224408703318616460528004538203820612858484078,0.620246471784866702486223562114150163138353410028947853424333,False,,,True,False
501,264,0.027443731190736285392192714473177866433141555701436097102313,-0.110331268809263714607807285526822133566858444298563902897687,0.171860932797684071348048178618294466608285388925359024275578,0.00470095624575847811587600039510237010734253336611981045537739,1.17122095583217905186115927839835867029184657329182446564395,False,,,True,True
502,102,0.0321446874364947635080687148682802365404840890675559075576904,-0.10563031256350523649193128513171976345951591093244409244231,0.0717861718591236908770171787170700591351210222668889768894226,-0.0146696323472518842714035802857697776283782997459719586336993,0.402566339265372613294545627786630459076131912566800072629884,False,,,True,False
503,341,0.0174750550892428792366651345825104589121057893215839489239911,-0.120299944910757120763334865417489541087894210678416051076009,0.217493763772310719809166283645627614728026447330395987230998,0.0241847481217948031893186810968911328879954959430373485947461,1.84750758673424338340693816495581911851781662588169456632226,False,,,False,True
504,167,0.0416598032110376824259838156794015918001012852646212975187371,-0.0961151967889623175740161843205984081998987147353787024812629,0.114789950802759420606495953919850397950025321316155324379684,-0.0250066396335200717149432544100889504869297649287639741706041,0.509290710784586570085744116007986647231957704309201521809425,False,,,True,False
505,302,0.016653163577517610711040561269312641313171520335857323348133,-0.121121836422482389288959438730687358686828479664142676651867,0.192913290894379402677760140317328160328292880083964330837033,0.0131731191075623163181897781329767133586044886596101049902926,1.61101733635880092204442549641466402808319537602517558826613,False,,,True,True
506,125,0.0298262826850799270292303394022893546717760089954674283384256,-0.107948717314920072970769660597710645328223991004532571661574,0.0855815706712699817573075848505723386679440022488668570846064,-0.0201968008891099220669241111339660950445488891752325019139751,0.504412699975723409860582517954273067505180019274080319295074,False,,,True,False
507,241,0.00962948179597000496230622826832325962722711982023492642445054,-0.128145518204029995037693771731676740372772880179765073575549,0.153032370448992501240576557067080814906806779955058731606113,-0.000518566973372584124408669233058813753758045591546077143711168,0.970504030890839772496346039768292553724447769876537160583191,False,,,True,False
508,50,0.00911091482259742083789755903526444587346907422868884928073937,-0.128664085177402579162102440964735554126530925771311150719261,0.0335277287056493552094743897588161114683672685571722123201848,-0.000955234219962801425972934013258062458936126171082533928398141,0.695580656050163700041294857012452360100257850528488763653862,False,,,True,False
509,372,0.00815568060263461941192462502200638341453294805760631535234123,-0.129619319397365380588075374977993616585467051942393684647659,0.234538920150658654852981156255501595853633237014401578838085,0.0326534561450391521548663300233468064387261187677709166116246,2.25936528630142759591964267934529602172385607127071532060971,False,,,False,True
510,194,0.0408091367476737715667909550453531898532590668253772319639659,-0.0969658632523262284332090449546468101467409331746227680360341,0.131452284186918442891697738761338297463314766706344307990991,-0.0234433382417996374432571569312113180357956690486949137586928,0.545050322564418000442305434120295384577749506228570488165221,False,,,True,False
511,281,0.017365798505874134123533798114141871817463397776682318205273,-0.120409201494125865876466201885858128182536602223317681794727,0.179966449626468533530883449528535467954365849444170579551318,0.0105283710972631901582038623726713251539748590698825330196996,1.45818514350622899154081422619479376423042465959922598369363,False,,,True,True
512,108,0.0278941696031373242817376604868131969714382568465648512249726,-0.109880830396862675718262339513186803028561743153435148775027,0.0744735424007843310704344151217032992428595642116412128062431,-0.0188347962016957401019586109530804766068648236069998355781651,0.389987560996371751771984282621864956287495665648034795726978,False,,,True,False
513,357,0.00905937340144158417977904953373272036457343323956501564680753,-0.128715626598558415820220950466267279635426566760434984353192,0.225389843350360396044944762383433180091143358309891253911702,0.0337073643920011902157975812293263893460874473346335913269061,2.60017059663483916765634141517856099608125528889296790697865,False,,,False,True
514,175,0.0427667377934427743955766307630591097106608805741986069737137,-0.0950082622065572256044233692369408902893391194258013930262863,0.120066684448360693598894157690764777427665220143549651743428,-0.0233735849947399208343331071575372146538259209817524924395925,0.545985860976063224371126077790853490674199570483036291430834,False,,,True,False
515,252,0.0193931527987028535612435236055218950568349595924461145341212,-0.118381847201297146438756476394478104943165040407553885465879,0.16234828819967571339031088090138047376420873989811152863353,-0.00010217983936130780187629711948556964025605448652301007160376,0.9960446568163282651441433147791088205683373594309961203453,False,,,True,False
516,79,0.0192909729593415457593672264860363254165789051059231044625174,-0.118484027040658454240632773513963674583421094894076895537483,0.0541977432398353864398418066215090813541447262764807761156294,-0.0106498736226602635314495668010405804792537423517238840638694,0.434123638309676810514333169261901268539102809629987214914229,False,,,True,False
517,328,0.00864109933668128222791765968499574493732516275419922039864797,-0.129133900663318717772082340315004255062674837245800779601352,0.207160274834170320556979414921248936234331290688549805099662,0.0177187275140925856579128834223561957412073603385109891221667,1.58540980394355289579914428598965834222634698892043977438826,False,,,True,True
518,148,0.0263598268507738678858305431073519406785325230927102095208147,-0.111415173149226132114169456892648059321467476907289790479185,0.0990899567126934669714576357768379851696331307731775523802037,-0.022066004479831892701922504018609277128755770363294800687451,0.513000400919686500168241022965618396252253008742185926456824,False,,,True,False
519,385,0.00429382237094197518390803908874266354977675272941540883336363,-0.133481177629058024816091960911257336450223247270584591166636,0.241698455592735493795977009772185665887444188182353852208341,0.0533512714941583979902499929947886524405145238962839724469002,9.09488746524660045321838928354939516628703362976102805769309,False,,,False,True
520,215,0.0576450938651003731741580320835313159902912766256993812802638,-0.0801299061348996268258419679164686840097087233743006187197362,0.148786273466275093293539508020882828997572819156424845320066,-0.0242259727723056417437005235093074138164562533484608924569643,0.574715583867380126947058228788433807009065688656616249976316,False,,,True,False
521,272,0.0334191210927947314304575085742239021738350232772384888232995,-0.1043558789072052685695424914257760978261649767227615111767,0.178354780273198682857614377143555975543458755819309622205825,0.00725248353346300238074239439771455061613024236956332122333468,1.24422905382648534733794982015677098816235779114944776361688,False,,,True,True
522,119,0.0406716046262577338111999029719384527899652656468018100466342,-0.0971033953737422661888000970280615472100347343531981899533658,0.0845429011565644334527999757429846131974913164117004525116585,-0.0238823134512897498890078941481540951826938671499098211437012,0.401608147137341850025800768982248607583327204490783395016769,False,,,True,False
523,313,0.016789291174967983922192008823784357607271398496891988902933,-0.120985708825032016077807991176215642392728601503108011097067,0.199822322793741995980548002205946089401817849624222997225733,0.0166379814450020423346560251608444623703461013105411178396518,1.5154453528323418130080261526502238302733795064852202770117,False,,,True,True
524,180,0.0334272726199700262568480339846288199776174998074331067425848,-0.104347727380029973743151966015371180022382500192566893257415,0.120856818154992506564212008496157204994404374951858276685646,-0.0184985403109462527654573863526632257660537641603527805434275,0.51194125309948566631932423450307765577745821723465875747333,False,,,True,False
525,64,0.0149287323090237734913906476319655942115637356470803261991573,-0.122846267690976226508609352368034405788436264352919673800843,0.0437321830772559433728476619079913985528909339117700815497893,-0.00798503800907155136446775864664066543274397879245437619863574,0.389637563502127509798817764732946491360482978119768689155946,False,,,True,False
526,348,0.00694369429995222212692288898532492877881975685462595000052159,-0.130831305700047777873077111014675071221180243145374049999478,0.21923592357498805553173072224633123219470493921365648750013,0.0269208970881714519942875452355681511087614916085596203758974,2.01036856321785658461714185753129520098492850609608333436764,False,,,False,True
527,229,0.033864591388123674121210434220893079887581248463185570376419,-0.103910408611876325878789565779106920112418751536814429623581,0.151591147847030918530302608555223269971895312115796392594105,-0.0117365225229768366916539594767933971330781377768320443947309,0.742476531840338260597992297948748406284607378678245901970687,False,,,True,False
528,132,0.0221280688651468374295564747440996827545031106863535259816882,-0.115646931134853162570443525255900317245496889313646474018312,0.088032017216286709357389118686024920688625777671588381495422,-0.0180538408345269599926019882479382457263516863312102684143518,0.489380051128805091521532904958862419643978755017470046813051,False,,,True,False
529,295,0.00407422803061987743695448649616143702815142435514325756733634,-0.133700771969380122563045513503838562971848575644856742432664,0.185393557007654969359238621624040359257037856088785814391834,0.00942890296593618219894123830906398660318278397658501241156588,1.710381916036569778081019330790387895553563729962295358523,False,,,True,True
530,86,0.0135031309965560596358957248052254236313342083317282699789022,-0.124271869003443940364104275194774576368665791668271730021098,0.0571257827491390149089739312013063559078335520829320674947256,-0.0105138153302225793626545781897354443117023929839576921392965,0.410463881968384519380780898182358387537887791711233772937058,False,,,True,False
531,398,0.00298931566633348027324114661548997931963181534777057783960571,-0.134785684333666519726758853384510020680368184652229422160394,0.249497328916583370068310286653872494829907953836942644459901,0.0538707004305671563986892289489435719144415006734100378811481,8.83325943038052060284040110820803418796520470678580598958679,False,,,False,True
532,201,0.0568600160969006366719303755644335512340733160211806157207538,-0.0809149839030993633280696244355664487659266839788193842792462,0.139840004024225159167982593891108387808518329005295153930188,-0.0229343590441159989758663212528086788639641466855404279286153,0.583036899209157128151353042767422044083769156838417376573925,False,,,True,False
533,260,0.0339256570527846376960640543116248723701091693356401877921385,-0.103849342947215362303935945688375127629890830664359812207862,0.170981414263196159424016013577906218092527292333910046948035,-0.00259607665430056453107115066983297424005154874634974613972753,0.938348377021786341476499509016129434815616111470427411380509,False,,,True,False
534,145,0.0313295803984840731649929036417918981300576205892904416524109,-0.106445419601515926835007096358208101869942379410709558347589,0.0984573950996210182912482259104479745325144051473226104131027,-0.0121775730831296326106771057034090648620263847418885123815705,0.534344334843767373417175572947741463398497677437438521119992,False,,,True,False
535,335,0.0191520073153544405543157979383828332680312358474019292708404,-0.11862299268464555944568420206161716673196876415259807072916,0.21416300182883861013857894948459570831700780896185048231771,0.015131920109258055514133120284310318410886475543653296136628,1.53580629025403908556984368853318257574350893737428987463199,False,,,False,True
536,173,0.0342839274246124960684489182226931516789177113910552254074684,-0.103491072575387503931551081777306848321082288608944774592532,0.116695981856153124017112229555673287919729427847763806351867,-0.0186349607256554147619919220222633356373699732201481763622943,0.563098341767093861479701445983811619129241919602955592821105,False,,,True,False
537,68,0.015648966698957081306456996200429816041547738170907049045174,-0.122126033301042918693543003799570183958452261829092950954826,0.0464122416747392703266142490501074540103869345427267622612935,-0.00144580829820220463327401686787877559594281512580318145039737,0.738949689388541783315577323292943042834371428072203931884143,False,,,True,False
538,363,0.0142031584007548766731829793325510404456049230451038675947766,-0.123571841599245123326817020667448959554395076954896132405223,0.230425789600188719168295744833137760111401230761275966898694,0.033111924646167644214273612319734700410540602093311779463416,2.50491799074120403745337159641396228176797810998497368718787,False,,,False,True
539,239,0.0473150830469225208874565916522857408561455251384156470581926,-0.0904599169530774791125434083477142591438544748615843529418074,0.161203770761730630221864147913071435214036381284603911764548,-0.0157896516376207983907967514366007224573176149957112351142041,0.687346529078320730958248112561295789458922629508090807004159,False,,,True,False
540,122,0.0315254314093017224966598402156850183988279101427044119439886,-0.106249568590698277503340159784314981601172089857295588056011,0.0841313578523254306241649600539212545997069775356761029859971,-0.00902853747026685370028661723488585846109350568534713465227005,0.640393682699204550260129172530225356440896610261306190959854,False,,,True,False
541,304,0.0224968939390348687963732229807991599377344044573572772917185,-0.115278106060965131203626777019200840062265595542642722708281,0.19562422348475871719909330574519978998443360111433931932293,0.00397738833834692860649013777893283475829621209901200240825833,1.0886449402617377866224081864902424719770148512155094197369,False,,,True,True
542,193,0.0264742822773817974028633607597319946960306165563692796999768,-0.111300717722618202597136639240268005303969383443630720300023,0.127243570569345449350715840189932998674007654139092319924994,-0.0156031025061604343997346203882232448742357197168502368518487,0.584081313483555657376244755219880670545475648932296204297757,False,,,True,False
543,55,0.0108711797712213630031287403715087498217948968395190428481281,-0.126903820228778636996871259628491250178205103160480957151872,0.037092794942805340750782185092877187455448724209879760712032,-0.00128965701153469235995855193626952640835365785593421964875521,0.616681833406901999970125426131860389259884004456972222834794,False,,,True,False
544,378,0.00958152275968667064317018843523922341344123898358482319937294,-0.128193477240313329356829811564760776586558761016415176800627,0.238645380689921667660792547108809805853360309745896205799843,0.0375594078373815133126610749252719217804088428555378158253774,3.45610015715185458668443365121649715024967928066714428435362,False,,,False,True
545,253,0.0471409305970681839558312633605111451938500818391226390247503,-0.0906340694029318160441687366394888548061499181608773609752497,0.169910232649267045988957815840127786298462520459780659756188,-0.00609921258988796871786166785346020729373593202200378126697133,0.867666774899179962425011240918255082082157010357173476230108,False,,,True,False
546,151,0.041041718007180215237969595507050937900114149817118857757779,-0.096733281992819784762030404492949062099885850182881142242221,0.104635429501795053809492398876762734475028537454279714439445,-0.0183423192640428303310349294344409142932441356364887109214526,0.518580432847461074602360039165285801935419729219975176691186,False,,,True,False
547,320,0.0226993987431373849069346660726100236068700141806301468363264,-0.115075601256862615093065333927389976393129985819369853163674,0.205674849685784346226733666518152505901717503545157536709082,0.0133231356608313760131918903180443345830616752391517755639605,1.48959752892281862872756007157638360741161450840710852826486,False,,,True,True
548,209,0.036022534403968760920126556390654358189931689419781922400287,-0.101752465596031239079873443609345641810068310580218077599713,0.139630633600992190230031639097663589547482922354945480600072,-0.0108171883732807591607469963256240966018436231058227101894105,0.707256356797664867902372749586419783512014393522036276071442,False,,,True,False
549,95,0.0252053460306880017593795600650302615880880663139592122108765,-0.112569653969311998240620439934969738411911933686040787789124,0.0656763365076720004398448900162575653970220165784898030527191,-0.0142923443478017558186028254836080011833686419373183228061739,0.460977969259577265270052917929242731569016728052648969381237,False,,,True,False
550,352,0.0109130016828862459407767345814222604047194243766408894047026,-0.126861998317113754059223265418577739595280575623359110595297,0.222728250420721561485194183645355565101179856094160222351176,0.0257164509189351392374970412601542005827755272912576240674315,2.02599040167143697030298890473988710702764638074048168605499,False,,,False,True
551,176,0.036629452601821385178273775841576460987494951667898513472134,-0.101145547398178614821726224158423539012505048332101486527866,0.119157363150455346294568443960394115246873737916974628368034,-0.01293156072735862299228695303300814980234981530279043287171,0.6614973600956845083352144092503647733890117413178729927741,False,,,True,False
552,279,0.0236978918744627621859868228085683111851451363651080806004241,-0.114077108125537237814013177191431688814854863634891919399576,0.180299472968615690546496705702142077796286284091277020150106,0.0004498908178385672086021168248305678074903628067833766910936,1.0123968849452679607951285598016399613305815596588780135329,False,,,True,True
553,114,0.0241477826923013293945889396333988789926354991718914572915177,-0.113627217307698670605411060366601121007364500828108542708482,0.0772869456730753323486472349083497197481588747929728643228794,-0.0183888287880999066569116871912354547916320024355909798028241,0.449897160001650741296561918058307465165663362977262327743984,False,,,True,False
554,383,0.00575895390420142273767725244216342420100349673630047748869356,-0.132016046095798577262322747557836575798996503263699522511306,0.240814738476050355684419313110540856050250874184075119372173,0.0484947278389686705650249767885699384719788609550937071692193,5.71322534320913861585249047082513891710840117609580031143016,False,,,False,True
555,227,0.0542536817431700933027022292307333626729823576913941846579128,-0.0835213182568299066972977707692666373270176423086058153420872,0.155438420435792523325675557307683340668245589422848546164478,-0.0193216985881965846470369393408685504435247500687091680788009,0.653438924746221667916874566805994988288742113847042682495845,False,,,True,False
556,143,0.034931983154973508655665289889864812229457607622685016579112,-0.102843016845026491344334710110135187770542392377314983420888,0.098107995788743377163916322472466203057364401905671254144778,-0.00959847454397213988613397738798680264723912315290344864747375,0.659839048196216548372313636510049060500713992707330302254932,False,,,True,False
557,299,0.0253335086110013687695313125018780095822184844697815679316382,-0.112441491388998631230468687498121990417781515530218432068362,0.19320837715275034219238282812546950239555462111744539198291,0.000533336144795045270170879307862553810189346864369567164363174,1.01722951399873905731948225574022449114196534795751088286868,False,,,True,True
558,82,0.0258668447557964140397021918097405633924078313341511350960014,-0.111908155244203585960297808190259436607592168665848864903999,0.0577167111889491035099255479524351408481019578335377837740003,-0.0105033703235168887009882446555433244965834475636444222355029,0.528709770757115860179654450122227223662304381688294666143345,False,,,True,False
559,331,0.0153634744322795253387139471541972388958243837705067128604985,-0.122411525567720474661286052845802761104175616229493287139501,0.210715868608069881334678486788549309723956095942626678215125,0.025065519103782853843485562639606430929582084426072888686419,1.90866748163074943336797931125782123808225481181633890278917,False,,,True,True
560,196,0.0404289935360623791821995097938036698254064681965796015469175,-0.0973460064639376208178004902061963301745935318034203984530825,0.132607248384015594795549877448450917456351617049144900386729,-0.0236634722251741910305491627062405684990388539140952334295971,0.564700259684831838634574589030255163711484833733902786696026,False,,,True,False
561,259,0.0167655213108881881516503470875631013263676142824843681173204,-0.12100947868911181184834965291243689867363238571751563188268,0.16606638032772204703791258677189077533159190357062109202933,0.003732166284986403510135638124057632282251976124605611430258,1.13134276810554632533046886479507396175180857829184814497081,False,,,True,True
562,106,0.0204976875958745916617859852116207336086195904070899795475784,-0.117277312404125408338214014788379266391380409592910020452422,0.0713744218989686479154464963029051834021548976017724948868946,-0.0142526613546928639587136755354588021858979630613946040520371,0.361521820633557793387176913563900322587084461093050763812486,False,,,True,False
563,367,0.00624502624118172770307230967616193142272162734569537549554132,-0.131529973758818272296927690323838068577278372654304624504459,0.230936256560295431925768077419040482855680406836423843873885,0.034353651905901292064889816457521242501852527080171773825793,2.57921410913336094955814748225245033422737941765427792409243,False,,,False,True
564,169,0.0405986781470830197679621261336831739245741544258671493213343,-0.0971763218529169802320378738663168260754258455741328506786657,0.115774669536770754941990531533420793481143538606466787330334,-0.021304177041766042331917648700535180918460815099704418414446,0.547227062520777777685964836230721657837401432244436373695433,False,,,True,False
565,285,0.0192945011053169774360444774331479930061133393261627309068883,-0.118480498894683022563955522566852006993886660673837269093112,0.182948625276329244359011119358286998251528334831540682726722,0.00498703542712820461262976070520767572135228926338597625468122,1.1949366560821564352151391351302509069014558945622637419129,False,,,True,True
566,125,0.0242815365324451820486742381383556687274656285895487071615695,-0.113493463467554817951325761861644331272534371410451292838431,0.0841953841331112955121685595345889171818664071473871767903924,-0.0181335614665871866974374655346151030513559056053024232924366,0.495262107967972669344693642623001935076475642352991169282617,False,,,True,False
567,342,0.00614797506585799535123677260374056567610972298424628386913292,-0.131627024934142004648763227396259434323890277015753716130867,0.215286993766464498837809193150935141419027430746061570967283,0.0301644011544962600897422691806515220959103730154710193393774,3.18096330955667284903580489448991059332173766222453663782109,False,,,False,True
568,215,0.0363123762203542554409790417843920877720200959997173032085103,-0.10146262377964574455902095821560791222797990400028269679149,0.143453094055088563860244760446098021943005023999929325802128,-0.0149438746100048076216734476535854207029390118188216153413138,0.619531798632804086057453698748033978971618700574666955753349,False,,,True,False
569,75,0.0213685016103494478193055941308066670690810841808956878671965,-0.116406498389650552180694405869193332930918915819104312132804,0.0522171254025873619548263985327016667672702710452239219667991,-0.0171826694835923093085223101629167021410119760689527325070443,0.399879011413115274014177351571889284521002983279128638534008,False,,,True,False
570,393,0.0041858321267571385107832839678899649280691081119429553601522,-0.133589167873242861489216716032110035071930891888057044639848,0.246671458031689284627695820991972491232017277027985738840038,0.0545818376921437943321611217208686809301425993599483974453382,14.2769704635603275231763625583721736512199933870593010482222,False,,,False,True
571,240,0.0587676698189009328429444056887586458582117074718913528054904,-0.0790073301810990671570555943112413541417882925281086471945096,0.164691917454725233210736101422189661464552926867972838201373,-0.0122731719332191551341700039471528603691521986653064499507949,0.761685630145506985160540085261075957814090650850470369338986,False,,,True,False
572,155,0.0464944978856817777087744017416057854890595088065849028546954,-0.0912805021143182222912255982583942145109404911934150971453046,0.108498624471420444427193600435401446372264877201646225713674,-0.017166893991957688350226948623237751576990492159003200660973,0.53662831906815057212157445461108394367144350832227445462452,False,,,True,False
573,308,0.0293276038937240893585474531183680339120690166475817021937224,-0.108447396106275910641452546881631966087930983352418297806278,0.199831900973431022339636863279592008478017254161895425548431,0.00693828159059205090083607977166778929907568831311655824378069,1.19165786057304415731620667014307531617482483016936067470138,False,,,True,True
574,186,0.0362658854843161402593835328900358232111447049606982604375031,-0.101509114515683859740616467109964176788855295039301739562497,0.125316471371079035064845883222508955802786176240174565109376,-0.0171957277783504055723296593366493131648927758549151546529775,0.573280456822273086625956385488222386720679093091312734565338,False,,,True,False
575,89,0.0190701577059657346870538735533865100462519291057831057845257,-0.118704842294034265312946126446613489953748070894216894215474,0.0603925394264914336717634683883466275115629822764457764461314,-0.00615116429604130261820993173824489082049102110018057386851832,0.594753191915929643106601007297403765504068067572287899398354,False,,,True,False
576,355,0.0129189934099244320688439418151416192257609080056025319160073,-0.124856006590075567931156058184858380774239091994397468083993,0.225104748352481108017210985453785404806440227001400632979002,0.0274424149463921194036477547710976345448250885177270100655989,2.1833582479910736186832847705269005427153556962232687534252,False,,,False,True
577,255,0.0403614083563165514724916965862392537705859965233295419816062,-0.0974135916436834485275083034137607462294140034766704580183938,0.169465352089079137868122924146559813442646499130832385495402,-0.00614297636594382947292290491969302855928607001387470533712026,0.86074338680567615476394455023020053168736419246125803697495,False,,,True,False
578,134,0.034218431990372721999568791666546225211299926509454836644486,-0.103556568009627278000431208333453774788700073490545163355514,0.0923046079975931804998921979166365563028249816273637091611215,-0.019353180294578214964881793829231002275642703935911475776846,0.485728310512447120615809114760881378868451480731373316587667,False,,,True,False
579,318,0.01486525169579450703468699783731522293565722257354336086764,-0.12290974830420549296531300216268477706434277742645663913236,0.20246631292394862675867174945932880573391430564338584021691,0.0163032020842447735552608574974373425561753868321831651934976,1.50061350541648228553996057607540434317866765497095380535749,False,,,True,True
580,202,0.0311684537800392805899478553347525654918326094057265260611375,-0.106606546219960719410052144665247434508167390594273473938862,0.134042113445009820147486963833688141372958152351431631515284,-0.0136894346201961420049016175963913715005062239939605259713859,0.623140263274354570459463514697334241118953879437993414459336,False,,,True,False
581,68,0.0174790191598431385850462377383611939913263854117660000897516,-0.120295980840156861414953762261638806008673614588233999910248,0.0468697547899607846462615594345902984978315963529415000224379,-0.0111115832595087689010800285009633109840461312723711295948264,0.409998681267306003806817570366694137221157872762673662421228,False,,,True,False
582,375,0.00636743590033436968396620923739788300728025413939487049492527,-0.131407564099665630316033790762602116992719745860605129505075,0.235966858975083592420991552309349470751820063534848717623731,0.0396847713572538132710958528681046021991161375022244287873979,3.6776792302731800462706625016574135112211936866760614843122,False,,,False,True
583,230,0.0460522072575881829550620621055024852063963916416192992823232,-0.0917227927424118170449379378944975147936036083583807007176768,0.155263051814397045738765515526375621301599097910404824820581,-0.013097263040579785676925239311109878434242766522596719556324,0.734189691167499159842771514300706568353441511379672346088677,False,,,True,False
584,146,0.0329549442170083972781368227943926067721536251190225797259992,-0.104820055782991602721863177205607393227846374880977420274001,0.0994887360542520993195342056985981516930384062797556449314998,-0.0129196919431890387398181119332851723508348719707220515939234,0.606365198693540895122399740130344795196170920706140990419844,False,,,True,False
585,291,0.0200352522738193585383187108611074344213187531483005281320757,-0.117739747726180641461681289138892565578681246851699471867924,0.186883813068454839634579677715276858605329688287075132033019,0.00193078021687131417688642682429753849789081939734261237328475,1.0583672666321390148366417173291688365109311829974097554697,False,,,True,True
586,101,0.0219660324906906727152051376854049729192095725456431405053605,-0.11580896750930932728479486231459502708079042745435685949464,0.0686165081226726681788012844213512432298023931364107851263401,-0.0133666396789240808334688329165154208237574239123801733290739,0.455312898570754273165383321607284079919218472364399141199728,False,,,True,False
587,337,0.00859939281176659188173630476888955209545214863326296717628655,-0.129175607188233408118263695231110447904547851366737032823713,0.212774848202941647970434076192222388023863037158315741794072,0.0245059825331634272557054784006373362941821795065055264020799,1.86860785659049109545082140186432713052126449827602811475866,False,,,False,True
588,182,0.0331053753449300191374417831695268883896343281397684935783665,-0.104669624655069980862558216830473111610365671860231506421634,0.122026343836232504784360445792381722097408582034942123394592,-0.0214188123690842413594872046170909565676460565343251252425226,0.560225086115270550975540246109446337834213898414649247666409,False,,,True,False
589,267,0.0116865629758457777779545785524359318219882716054433683358439,-0.126088437024154222222045421447564068178011728394556631664156,0.169796640743961444444488644638108982955497067901360842083961,0.00575682319580388783321859660885147641456735632870752315902344,1.32575744360664225601052907299681572663936110567249769839916,False,,,True,True
590,76,0.0174433861716496656111731751612874082365556279341508914948673,-0.120331613828350334388826824838712591763444372065849108505133,0.0518608465429124164027932937903218520591389069835377228737168,-0.0132510651683968111221372580716660250848999439334856397419189,0.33508700377086330130459681533445159571333065851638691153938,False,,,True,False
591,389,0.00419232100325285448903591708962138315165568400066525175294843,-0.133582678996747145510964082910378616848344315999334748247052,0.244173080250813213622258979272405345787913921000166312938237,0.0473955213731354806134689493924940138500800981735048425440698,4.5262855756616676441628263804156475879869103721029862091326,False,,,False,True
592,211,0.0515878423763883351025048664821153970017357821741700942970182,-0.0861871576236116648974951335178846029982642178258299057029818,0.144771960594097083775626216620528849250433945543542523574255,-0.0206034717423158438987393619224554318683979191061001693696763,0.615442615739534708459022937519763454029780882995032922654069,False,,,True,False
593,132,0.0309843706340724912037655045596599651333378630680699249273419,-0.106790629365927508796234495440340034866662136931930075072658,0.0902460926585181228009413761399149912833344657670174812318355,-0.00924391457035818911595417115330781535907480767685277357268073,0.64034637028478784468804759217167478787101404814586461660859,False,,,True,False
594,311,0.0217404560637143020878113334063521497742630553912171513546612,-0.116034543936285697912188666593647850225736944608782848645339,0.199810114015928575521952833351588037443565763847804287838665,0.00433311579605740861065135855685285824039534433544689825081406,1.09772724472799301507994654820933837843245325477680270251927,False,,,True,True
595,168,0.0260735718597717106984626919632050080146583997266640496054752,-0.111701428140228289301537308036794991985341600273335950394525,0.111518392964942927674615672990801252003664599931666012401369,-0.0139951512185654089317424032128053067502521865657127529910727,0.614166283581683959121532573934308034437206277299736172696508,False,,,True,False
596,349,0.0120784206412063017667202887503997012644062131609512966144025,-0.125696579358793698233279711249600298735593786839048703385597,0.221144605160301575441680072187599925316101553290237824153601,0.0296965479525555987119793914613943184667470214353098855402912,2.73964630712797461388064949919583887386797260999279745137464,False,,,False,True
597,239,0.0417749685937619004786996802117940197311532345962611821546937,-0.0960000314062380995213003197882059802688467654037388178453063,0.159818742148440475119674920052948504932788308649065295538673,-0.0068217054440292568455621900541304478006106675812159633165675,0.821567533711792310299465606569722204638657384779822174140884,False,,,True,False
598,105,0.0349532631497326436331374901576635719305425670150452188381262,-0.102821736850267356366862509842336428069457432984954781161874,0.0743633157874331609082843725394158929826356417537613047095316,-0.0216588783561039099790143152042308678436628105548221764699895,0.419865114701675675209574581205997365166477691457999126684036,False,,,True,False
599,282,0.0132943847936287336541231749534327040868797564602230423681367,-0.124480615206371266345876825046567295913120243539776957631863,0.179573596198407183413530793738358176021719939115055760592034,0.0032142356622756649493382200491935092210972612113614017406234,1.14441727402599726934782914028339971785977695602343097099156,False,,,True,True
600,150,0.0165086204559043986034613950026262133079770176715844441087601,-0.12126637954409560139653860499737378669202298232841555589124,0.09787715511397609965086534875065655332699425441789611102719,-0.0108849761789544209397600483019861087708649439599582971637918,0.474876356283536718845006942877002558199318468312710095648702,False,,,True,False
601,370,0.00562364427694997766370134670064010453711207371162614694496831,-0.132151355723050022336298653299359895462887926288373853055032,0.232655911069237494415925336675160026134278018427906536736242,0.0355539428982764100254284525038129372480905683921744548503585,4.80745556377470433725640864076493288129048759428341653780195,False,,,False,True
602,200,0.0411775871752263876891297992044530417852026421038006017953268,-0.0965974128247736123108702007955469582147973578961993982046732,0.135294396793806596922282449801113260446300660525950150448832,-0.0187818627508767964985127412971298926790565719772695718578253,0.573996862403225056156289907124205716745038315381230681766702,False,,,True,False
603,79,0.0223957244243495911906170579073231491061460701265310299375015,-0.115379275575650408809382942092676850893853929873468970062498,0.0549739311060873977976542644768307872765365175316327574843754,-0.00774291917215436442038790259348824690133813489972230851519321,0.569927336164212269860225000442549834766372336106097134245995,False,,,True,False
604,302,0.0146528052521952267702291553138349022048079352268087214223083,-0.123122194747804773229770844686165097795192064773191278577692,0.192413201313048806692557288828458725551201983806702180355577,0.00307360867009072152286120248372246166100925362617380482488393,1.0753279824291274744392234651828121979781468470020107158559,False,,,True,True
605,174,0.0177264139222859482930903577975573638658171888529825262471923,-0.120048586077714051706909642202442636134182811147017473752808,0.113181603480571487073272589449389340966454297213245631561798,-0.0133678959259036708783000717661343937678663415637073632828816,0.609181177220685982061493980486998559920610388302271070133907,False,,,True,False
606,36,0.0043585179963822774147902860314229700979508472892751629643107,-0.133416482003617722585209713968577029902049152710724837035689,0.0235896294990955693536975715078557425244877118223187907410777,-0.000744273707083294349290188781532650336541254013585371713477801,0.817177514672313049224568247226948328549773987936142583498281,False,,,True,False
607,333,0.0036142442892989830655000972498903197614095932756897912508329,-0.134160755710701016934499902750109680238590406724310208749167,0.209028561072324745766375024312472579940352398318922447812708,0.0183178559756757352162933055201842938100497721205234997278788,1.57362606510469919712225769761172662790297867473067417607969,False,,,True,True
608,229,0.0219321002649747182817934027700746135714593653962132909787117,-0.115842899735025281718206597229925386428540634603786709021288,0.148608025066243679570448350692518653392864841349053322744678,-0.006211814917382160564475397558555005030485627596979521052892,0.830069866567460583793484764575794663889901412982930514590806,False,,,True,False
609,112,0.0157202853475925577173180052115196085409737377992337699258196,-0.12205471465240744228268199478848039145902626220076623007418,0.0739300713368981394293295013028799021352434344498084424814549,-0.0127646377267920183733464619766063193807233725298233093312899,0.419632899830240619466783588371556454508454409992970604142628,False,,,True,False
610,397,0.0029556476208005393439715432349132891602503652694104605945297,-0.13481935237919946065602845676508671083974963473058953940547,0.248863911905200134835992885808728322290062591317352615148632,0.0473196287827627492037856616601864509095225961056463846387744,6.16370516386665877970821544912319754540748056551457467418049,False,,,False,True
611,256,0.0502752764035632885477572048950997400697729613750568452333041,-0.0874997235964367114522427951049002599302270386249431547666959,0.172568819100890822136939301223774935017443240343764211308326,-0.00594554868416073230472203605349856932631683835085656962240938,0.873400766780083623811675210578929481047928906746775142415253,False,,,True,False
612,155,0.0443297277194025562430351688416011707434561230242002756108947,-0.0934452722805974437569648311583988292565438769757997243891053,0.107957431929850639060758792210400292685864030756050068902724,-0.0220609285544489357851165722843931408387020414755719620865241,0.490310056701621649323926355408248245110245585209720819718917,False,,,True,False
613,316,0.0222687991649536204579185965572080299047540815486283135243706,-0.115506200835046379542081403442791970095245918451371686475629,0.203067199791238405114479649139302007476188520387157078381093,0.0150985380464898462413706011668921112065485498569363527995903,1.5833892498554822366258790036931651600315232735841975513106,False,,,True,True
614,191,0.0373673372114434666992891977241001411113026314055646663239608,-0.100407662788556533300710802275899858888697368594435333676039,0.12871683430286086667482229943102503527782565785139116658099,-0.0155481831161819967583526577405058181124818494901219380687387,0.592106646354678953958724530579704047404883627647288943118908,False,,,True,False
615,83,0.0218191540952614699409365399835943229988207819154427282552222,-0.115955845904738530059063460016405677001179218084557271744778,0.0573297885238153674852341349958985807497051954788606820638055,-0.00772659895807037030395547021043328643164507652653342301723463,0.47771304174470756628447667345270630427504350620716410750347,False,,,True,False
616,360,0.0140925551371910996369810697731610365671757053889093052379875,-0.123682444862808900363018930226838963432824294611090694762012,0.228523138784297774909245267443290259141793926347227326309497,0.0288551826195385808303273557825635849302716915306045260416344,2.18436398638675321102296229454461611623908027389609477138433,False,,,False,True
617,241,0.0429477377567296804673084255557246214974473969195138312796219,-0.0948272622432703195326915744442753785025526030804861687203781,0.161361934439182420116827106388931155374361849229878457819905,-0.00962923281754579775187120462381427649477053639253245663834174,0.788590061042330419117928483301164388755945767693322644850556,False,,,True,False
618,132,0.0333185049391838827154372209319103450026768605269813746412802,-0.10445649506081611728456277906808965499732313947301862535872,0.09082962623479597067885930523297758625066921513174534366032,-0.0158531358904822250837644302920866187869139315927951036531826,0.536475336773687276277619418345506084145348854200047575810004,False,,,True,False
619,290,0.0174653690487016576316727906398237262157629289341862709880976,-0.120309630951298342368327209360176273784237071065813729011902,0.185616342262175414407918197659955931553940732233546567747024,0.000938405462030869480661120453391405783922550986085996852074632,1.0293687200120450163337612991260630971746874444467806736099,False,,,True,True
620,96,0.0184037745107325271123339110932151319996854799202722678401722,-0.119371225489267472887666088906784868000314520079727732159828,0.0646009436276831317780834777733037829999213699800680669600431,-0.00972045386736851659947466747330471897896337991174984056496338,0.484219213758847929785076571946974289194920530209527878820304,False,,,True,False
621,380,0.00868332064336401051285924361991041302072210000852242727520885,-0.129091679356635989487140756380089586979277899991477572724791,0.239670830160841002628214810904977603255180525002130606818802,0.0465736081885125073935224770323702176614336197944974933520967,4.52210015526823677243542419656801667300488083871215713925943,False,,,False,True
622,208,0.0552569288318765179063817206522806306821557198030199206273056,-0.0825180711681234820936182793477193693178442801969800793726944,0.143814232207969129476595430163070157670538929950754980156826,-0.023781769994883089064967321987546062946281051542864380164386,0.572231560690280408507337580769300103064245877294267377644133,False,,,True,False
623,271,0.0314751588369934288414143986647345677358746682601555404629196,-0.10629984116300657115858560133526543226412533173984445953708,0.17724378970924835721035359966618364193396866706503888511573,0.00401813591953312736295054325956896729380641102452917130270612,1.10828624257848768676276508902156672265235837429542081160608,False,,,True,True
624,147,0.0354932947565265562043649419243035350296810792846847117656257,-0.102281705243473443795635058075696464970318920715315288234374,0.100748323689131639051091235481075883757420269821171177941406,-0.0173450265797129868410542593039488749230133553514157936120811,0.462360398796300673151831671081429687903312451566090501613154,False,,,True,False
625,340,0.0181482681768135693633106826203546601066677239332689181535446,-0.119626731823186430636689317379645339893332276066731081846455,0.217037067044203392340827670655088665026666930983317229538386,0.0217716242016470034103655756519892768768939027413994027219994,1.92483359291529276061632043587233784526083680726175216983439,False,,,False,True
626,180,0.039919892378460572773676258272343936983561626674668320875544,-0.097855107621539427226323741727656063016438373325331679124456,0.122479973094615143193419064568085984245890406668667080218886,-0.0196393179213201634532384544252021720277180084832335641288262,0.543556699495317498437015617266887141392904792754221785533962,False,,,True,False
627,73,0.0202805744571404093204378038471417649558436181914347567467178,-0.117494425542859590679562196152858235044156381808565243253282,0.0506951436142851023301094509617854412389609045478586891866794,-0.00605369385241487242595315320909375666218318710228993318389396,0.600284267547180751284555539369309765265555327164852902185688,False,,,True,False
628,307,0.0142268806047255368944846506380480082936604310891448235628238,-0.123548119395274463105515349361951991706339568910855176437176,0.195431720151181384223621162659512002073415107772286205890706,0.00609903361941385903259399041486905228983078987381395213055259,1.14544642425253814129711642108191645520420030525377003687039,False,,,True,True
629,226,0.0203259142241393959270786410529170605834912209629587756933764,-0.117449085775860604072921358947082939416508779037041224306624,0.146331478556034848981769660263229265145872805240739693923344,-0.00694778050744764314244701730494816634301373511340048973399785,0.808353319028200053507834686673552891462022271048081332781329,False,,,True,False
630,108,0.0133781337166917527846316237479688942404774858495582859593786,-0.124396866283308247215368376252031105759522514150441714040621,0.0708445334291729381961579059369922235601193714623895714898446,-0.00722761779098746936750133796276225079156334910409842876258579,0.457212699662508017279302862519128041643177045128358019797853,False,,,True,False
631,366,0.00615051592570428341713028578520664344891413674545985719679277,-0.131624484074295716582869714214793356551085863254540142803207,0.230287628981426070854282571446301660862228534186364964299198,0.0270731146828350433273478648347395100678155069387269250136264,1.95326124708067863219317566728393430141456492098379767312437,False,,,False,True
632,194,0.0332236306085393267444781506199461535167296436841867822104192,-0.104551369391460673255521849380053846483270356315813217789581,0.129555907652134831686119537654986538379182410921046695552605,-0.0165939476341371447591311799152035208327174791189860686896359,0.629451821920127899798863434256380537169196617545719560365744,False,,,True,False
633,279,0.0166296829744021819853469707047426326840121645652007135207833,-0.121145317025597818014653029295257367315987835434799286479217,0.178532420743600545496336742676185658171003041141300178380196,0.00745421505892897698195668255722415480085696289594322558250166,1.31239145495901279746134518569277628078781197882526457453198,False,,,True,True
634,124,0.0240838980333311589673036532619667874848691274611439391032849,-0.113691101966668841032696346738033212515130872538856060896715,0.0835209745083327897418259133154916968712172818652859847758212,-0.0192191768852328826075363060551497244215062092185100582601927,0.41152737238539071954964508589982050990892704374446315857452,False,,,True,False
635,386,0.0048647211480982763597673472068170630633629182426338808430922,-0.132910278851901723640232652793182936936637081757366119156908,0.242466180287024569089941836801704265765840729560658470210773,0.0450718265109401363587030806080785093105378912100991402968202,8.35430830343110121376797169105065984906750760724989413412562,False,,,False,True
636,237,0.0499365476590384127184704278148955723739008094527330211399124,-0.0878384523409615872815295721851044276260991905472669788600876,0.160609136914759603179617606953723893093475202363183255284978,-0.0113699606722280939785547019185194798232249081566405966874297,0.770863170609947441294822900460253168768378593791091493502311,False,,,True,False
637,155,0.0385665869868103187399157258963760925506759012960924244524827,-0.0992084130131896812600842741036239074493240987039075755475173,0.106516646746702579684978931474094023137668975324023106113121,-0.0137514968940316685199534511972870516345278146994287510813711,0.54951872740213457832349738571892499700500298147963918297034,False,,,True,False
638,324,0.0248150900927786502199622746990890409161480865966636733711116,-0.112959909907221349780037725300910959083851913403336326628888,0.208703772523194662554990568674772260229037021649165918342778,0.0122254750361023470784569467071554487997695687148777510895036,1.49547456834950175100262076076255593641353464143659787696624,False,,,True,True
639,98,0.0370405651288809972984192214062444897159176553115414244606153,-0.100734434871119002701580778593755510284082344688458575539385,0.0705101412822202493246048053515611224289794138278853561151538,-0.0142488931232384034436984023888915127707517211321876297942359,0.529871450494747299322911634798517173464451879099217300664544,False,,,True,False
640,261,0.0227916720056425938547208190173529769451659341793537946663794,-0.114983327994357406145279180982647023054834065820646205333621,0.168822918001410648463680204754338244236291483544838448666595,-0.0068779373828821395611289137999789481374097598445825244018017,0.858366612381601801347318180829006343686436959301812981383437,False,,,True,False
641,177,0.0159137346227604542935919052173740288077561743347712702645777,-0.121861265377239545706408094782625971192243825665228729735422,0.114603433655690113573397976304343507201939043583692817566144,-0.00535720514642045794928149963729740571949155516020348868644545,0.705177554487924957893247730695996310263355580645463259519911,False,,,True,False
642,351,0.0105565294763399963443104055800766230882646191745677815781322,-0.127218470523660003655689594419923376911735380825432218421868,0.222014132369084999086077601395019155772066154793641945394533,0.022254051978216548917929924739502529093432924443695770597241,2.50031621108967302290094010463458217071685735078710235688463,False,,,False,True
643,131,0.0328105814545565452622403303195791521816975436182635521753732,-0.104964418545443454737759669680420847818302456381736447824627,0.0900776453636391363155600825798947880454243859045658880438433,-0.0156859028370859604479736658201676428098250716092615001360378,0.530616508640226617427187388538300648060099582206151520145176,False,,,True,False
644,295,0.0171246786174705848142666644994115093718724720090020520393354,-0.120650321382529415185733335500588490628127527990997947960665,0.188656169654367646203566666124852877342968118002250513009834,0.0061647548395053062401559565034547525359783406366729099646134,1.20524772177553762908066959872430987851095754286503443302203,False,,,True,True
645,207,0.0232894334569758910544226210028662619078508126456749620039488,-0.114485566543024108945577378997133738092149187354325037996051,0.135197358364243972763605655250716565476962703161418740500987,-0.00745549749822455580048777434538875895429232256871995111683822,0.725159512463657844725713964358208719241806987118633933026609,False,,,True,False
646,65,0.0158339359587513352539348466574775029535584900769550108871106,-0.121941064041248664746065153342522497046441509923044989112889,0.0445834839896878338134837116643693757383896225192387527217777,-0.0120743048464104226168826823938408509520573632837570073939307,0.295245525397121492074543702436261498445571794712082100192236,False,,,True,False
647,374,0.0037596311123409126370521642636366520015011267931980034931799,-0.13401536888765908736294783573636334799849887320680199650682,0.234689907778085228159263041065909163000375281698299500873295,0.0358262068365135802330888446436820607401746905322231724840462,2.74090288702653608942802519156958031420605644468197982762094,False,,,False,True
648,230,0.0395858379488544928701410089073187127416758173254211759772261,-0.0981891620511455071298589910926812872583241826745788240227739,0.153646459487213623217535252226829678185418954331355293994307,-0.0108969473974196577468438054527002740328979872393554897239712,0.763710561614001810876069943596372539336741600280420995641183,False,,,True,False
649,118,0.028688890551434835123297203454618438708777830086065686253255,-0.109086109448565164876702796545381561291222169913934313746745,0.0809222226378587087808243008636546096771944575215164215633137,-0.0138435249581723116493252860014865686622775330154781182703268,0.500350563322809552317516835212640194828790860315173605009331,False,,,True,False
650,314,0.0148453655932625234739719174531318700465002970705875679829282,-0.122929634406737476526028082546868129953499702929412432017072,0.199961341398315630868492979363282967511625074267646891995732,0.0120765855081235405093576774348442208700656291603888673672961,1.33128208804360809322474929216626460321988748925978776496251,False,,,True,True
651,167,0.0269219511013860639833295948879760909165659262309764353502243,-0.110853048898613936016670405112023909083434073769023564649776,0.111105487775346515995832398721994022729141481557744108837556,-0.0199680244681853382280469006974407197971973285524748984885945,0.539624114753106180309192619232367332672081042302742545667751,False,,,True,False
652,44,0.0069539266332007257552826941905353711193685976785015368616298,-0.13082107336679927424471730580946462888063140232149846313837,0.0292384816583001814388206735476338427798421494196253842154075,-0.00225062718398240077213874408531637064879249069104426540892498,0.622743495981543522934363383922775085889021806116149232428533,False,,,True,False
653,343,0.00470329944921832498314395010521900047057610698745727145270483,-0.133071700550781675016856049894780999529423893012542728547295,0.215550824862304581245785987526304750117644026746864317863176,0.0243977746033448757261357270378358554869408486363184869863875,1.93043282403551807663292552371331131789994954260219604975704,False,,,False,True
654,247,0.0291010740525632007092796771430548559575169556237757584390923,-0.108673925947436799290720322856945144042483044376224241560908,0.161650268513140800177319919285763713989379238905943939609773,-0.00546196123392166763492105597138840000611740700370086734175767,0.869488647539207182261256042397238174019704571200725825655973,False,,,True,False
655,136,0.0236391128186415330743586211716664559513995486200748910973346,-0.114135887181358466925641378828333544048600451379925108902665,0.0909097782046603832685896552929166139878498871550187227743337,-0.0204874868585461626542692468334386607524682232130036691733903,0.455643026262034330683674162765970963196137768775414257668968,False,,,True,False
656,394,0.00315162596009537042008937433822779519893132540707122192394433,-0.134623374039904629579910625661772204801068674592928778076056,0.247037906490023842605022343584556948799732831351767805480986,0.053113446545295418158319640120966207618253537057871341066362,11.0222929093536348962944072624317624942441196085869547196528,False,,,False,True
657,200,0.0562650725053907885784090144591940028171848624649425629903063,-0.0815099274946092114215909855408059971828151375350574370096937,0.139066268126347697144602253614798500704296215616235640747577,-0.0184841791957795248685664369545984048280236143626554088907628,0.616761086723345574298136917649173645861741921626385073277336,False,,,True,False
658,281,0.0377808933096112637098425775045955979891612481022871540995435,-0.0999941066903887362901574224954044020108387518977128459004565,0.185070223327402815927460644376148899497290312025571788524886,0.00310427347523463773239487458885749105395477213539816086449693,1.09447125096922741466896746935309822743183488134997609560932,False,,,True,True
659,107,0.0408851667848459014422374520934530890431160202376853149640404,-0.0968898332151540985577625479065469109568839797623146850359596,0.0770962916962114753605593630233632722607790050594213287410101,-0.0214949213723134002018059495711637316577156748628534421736678,0.424020153044319565648620642990545688721241777246993966471559,False,,,True,False
660,327,0.0193902454125325012404315025222893573854003453748318727903726,-0.118384754587467498759568497477710642614599654625168127209627,0.209222561353133125310107875630572339346350086343707968197593,0.0230003172359752137809479381524693494889113558372763088649378,1.80485340742337112261907483081432823796520958137155680279594,False,,,True,True
661,179,0.0423905626485077150213794406747587068743117012121081816553104,-0.0953844373514922849786205593252412931256882987878918183446896,0.122472640662126928755344860168689676718577925303027045413828,-0.0237938582753865002127638738433544375238450046168348444820161,0.544305811219800386220023296767566496499734603219754490701223,False,,,True,False
662,258,0.0185967043731212148086155668314042693504666965952733371732942,-0.119178295626878785191384433168595730649533303404726662826706,0.165899176093280303702153891707851067337616674148818334293324,0.00355787512548628456033752405654330841355717770971152353999682,1.16027196978007724475960167259461269838478451897430232424233,False,,,True,True
663,79,0.022154579498607499368953090887947577764023874304984860713291,-0.115620420501392500631046909112052422235976125695015139286709,0.0549136448746518748422382727219868944410059685762462151783228,-0.0131601217692016649265039776552072150196324417159091839849634,0.337182162511860763126300115344759781966335634720147087312951,False,,,True,False
664,362,0.00899445772940583444244911323274036274439143258907567672832769,-0.128780542270594165557550886767259637255608567410924323271672,0.228498614432351458610612278308185090686097858147268919182082,0.0326735060120550140496477404030811655413733796606690738388019,2.50272639741636449330622417823270944149696933028960106110556,False,,,False,True
665,213,0.0416679637414608484920968536358215282857648122497447505671296,-0.0961070362585391515079031463641784717142351877502552494328704,0.143541990935365212123024213408955382071441203062436187641782,-0.0162238473090219073462605723256317009942614840843440078731446,0.666644530296106993115256679200969758634994675400398618869949,False,,,True,False
666,130,0.025444116432438941145836281310189827291503328165400742693985,-0.112330883567561058854163718689810172708496671834599257306015,0.0876110291081097352864590703275474568228758320413501856734962,-0.0121326608071830460277148064627355305198445830559894452950158,0.572941181115539066530810720992182229074907047636103614122109,False,,,True,False
667,303,0.0133114556252558951181214748474542967716587451094112973989692,-0.124463544374744104881878525152545703228341254890588702601031,0.192702863906313973779530368711863574192914686277352824349742,0.00355900868462245687378987480681256285803703057342914894945009,1.13429753362456466405253573280620235254942166565577444094055,False,,,True,True
668,159,0.0168704643098783519919113496542668596296957756828404463484193,-0.120904535690121648008088650345733140370304224317159553651581,0.103592616077469587997977837413566714907423943920710111587105,-0.011889090629452888546722347178836342718396983852417019558227,0.545827833354523045623319229784558137916289282672934590662943,False,,,True,False
669,38,0.00498137368042546344518900247543051691129879183042342679019221,-0.132793626319574536554810997524569483088701208169576573209808,0.0249953434201063658612972506188576292278246979576058566975481,-0.000198562461696098326165712537969595680004354934146448578745298,0.843987871929090149039159757180813154621840425242831283178851,False,,,True,False
670,382,0.00478281121872936511902328993746092123129443689627697821144692,-0.132992188781270634880976710062539078768705563103723021788553,0.239945702804682341279755822484365230307823609224069244552862,0.0404933723247745022561696440986370658775863400275104147676854,3.49041626541010503552635671178380682789827303718613914616478,False,,,False,True
671,238,0.0452761835435038673751929340360979871088807769237873929791324,-0.0924988164564961326248070659639020128911192230762126070208676,0.160069045885875966843798233509024496777220194230946848244783,-0.0160999217582540177730802319512508068326084283663953016322937,0.685541654670608377509418504882626095613756532184135157996347,False,,,True,False
672,113,0.0291762617852498496021127020848471802762723485573920913468386,-0.108598738214750150397887297915152819723727651442607908653161,0.0779190654463124624005281755212117950690680871393480228367097,-0.00945878092436166769039617655754826396418654295524883476966213,0.617790876254978022096372722326681126663142788798018854456301,False,,,True,False
673,318,0.0197174808608881819117165255272989163120858056021432565771765,-0.118057519139111818088283474472701083687914194397856743422824,0.203679370215222045477929131381824729078021451400535814144294,0.0130843587834924034512356571983098042766169498792186207551482,1.34682181298143044585981831607340141087216310811633170938472,False,,,True,True
674,191,0.0328018396443805853629521827256087205887027554813618773323247,-0.104973160355619414637047817274391279411297244518638122667675,0.127575459911095146340738045681402180147175688870340469333081,-0.0197710210263001711731108129184182587460348468921584339881922,0.583706815283861705846028333790191760843400564186942336562791,False,,,True,False
675,274,0.0130308186180804141898413698071904618426679085892034433441325,-0.124744181381919585810158630192809538157332091410796556655867,0.174507704654520103547460342451797615460666977147300860836033,0.00876491219793153705052755057663310415502949465588540867332369,1.47512943731712865067049409364600969136830313310463478250399,False,,,True,True
676,85,0.0217957308160119512403689203838235659976974032450888520174562,-0.115979269183988048759631079616176434002302596754911147982544,0.0585739327040029878100922300959558914994243508112722130043641,-0.0146513956354802939755274792873783377672511733251927819485485,0.334982799663625259072366218806308183444263410233486886224797,False,,,True,False
677,354,0.00714433518053165726484144109644522823044622991989607006890774,-0.130630664819468342735158558903554771769553770080103929931092,0.223036083795132914316210360274111307057611557479974017517227,0.0306670685662098926652141031545929377771766951353263202600756,2.36211517457765019628175950804474581455009836772115810348237,False,,,False,True
678,167,0.0378114037467415499300555442510381660076229250552223903289834,-0.0999635962532584500699444557489618339923770749447776096710166,0.113827850936685387482513886062759541501905731263805597582246,-0.0242056914672212456839743232227774132969739281584226208919121,0.528101341266453594859473560937119894104824946121062712768783,False,,,True,False
679,250,0.0136057122795203042460812210282607527106489968967997694370713,-0.124169287720479695753918778971739247289351003103200230562929,0.159651428069880076061520305257065188177662249224199942359268,-0.000163064451099080020725387515532179568927823455250840199523795,0.992383938522923606763536869075214593102712032461511313189045,False,,,True,False
680,63,0.0134426478284212242253558335127285731417211734415489292375475,-0.124332352171578775774644166487271426858278826558451070762453,0.0427356619571053060563389583781821432854302933603872323093869,-0.0103527660417247526504269091788197040925074094735435865308185,0.34757775883069362529777536828297466235885168129615737174509,False,,,True,False
681,390,0.00308988178669647157492892433390886904921376396800534270672898,-0.134685118213303528425071075666091130950786236031994657293271,0.244522470446674117893732231083477217262303440992001335676682,0.0478165376627696323713283727803101850115285047294370145021949,5.73863805155350981656957260253851656192204529351321020205007,False,,,False,True
682,206,0.0509064194494661039462572971142190540607422686974423572089239,-0.0868685805505338960537427028857809459392577313025576427910761,0.141476604862366525986564324278554763515185567174360589302231,-0.0190745747767903198771129626027121458342857884706423478168009,0.59736150753136737520254885321763228394990805867899585502412,False,,,True,False
683,294,0.0318318446726757840691443345115069082264564802268000093921229,-0.105943155327324215930855665488493091773543519773199990607877,0.191707961168168946017286083627876727056614120056700002348031,0.0134646347836685574624188535006274064743045119302191091785721,1.47083338250897653130186636701041151079445866080974914801779,False,,,True,True
684,134,0.0452964794563443415315631880121343147007609921570191185706951,-0.0924785205436556584684368119878656852992390078429808814293049,0.0950741198640860853828907970030335786751902480392547796426738,-0.0260474282435646305726463740972538294173619598545045600324656,0.420667234867218096627310145796214535882330737256343062820317,False,,,True,False
685,334,0.0192490512127797109589168139148804852833990323025145585382295,-0.11852594878722028904108318608511951471660096769748544146177,0.213562262803194927739729203478720121320849758075628639634557,0.0244289789264839392028657597251067676939686139666052360801856,1.91306996725459096964561236391575787872565182395177889621339,False,,,True,True
686,180,0.0436780301392636501617825736399872529773676462691197946184151,-0.0940969698607363498382174263600127470226323537308802053815849,0.123419507534815912540445643409996813244341911567279948654604,-0.0230609346584822909559419568988121460056747032204553044337109,0.550820972535628522550079693573053295608635130823917694820848,False,,,True,False
687,91,0.0206170954807813592058406167411751069716929430486644901847042,-0.117157904519218640794159383258824893028307056951335509815296,0.062029273870195339801460154185293776742923235762166122546176,-0.00775485814956981348348828616848954881690733392904475319586577,0.63993414114882298168666871575736361782234954267281140172546,False,,,True,False
688,268,0.0128622373312115457223523305726855581547856091196197369888384,-0.124912762668788454277647669427314441845214390880380263011162,0.17071555933280288643058808264317138953869640227990493424721,-0.00455232490821804968900644268436524853819280696076453640799862,0.796808352229671278651231042284975623611392207813412524966105,False,,,True,False
689,368,0.00830991242299349603334588788832030961659280215885520058083979,-0.12946508757700650396665411211167969038340719784114479941916,0.23207747810574837400833647197208007740414820053971380014521,0.040890193540964752637150940404559464176273468226039532165141,4.17222456105663143322228845902342700852322044169779267454117,False,,,False,True
690,216,0.0492001059639582486704968282928797737928662703848947327459808,-0.0885748940360417513295031717071202262071337296151052672540192,0.147300026490989562167624207073219943448216567596223683186495,-0.0152964439543429770258076434413149187971991375121073365451599,0.679137991632604901653644914460430748625679300336158892328892,False,,,True,False
691,122,0.033903662009615271644689184851564854995667132872787396200821,-0.103871337990384728355310815148435145004332867127212603799179,0.0847259155024038179111722962128912137489167832181968490502052,-0.0168993254807534996839093112415032509205810353450481643883071,0.471240760232220947167788485659031420452098907183843028575441,False,,,True,False
692,310,0.0170043365288617719607798736100616040750860975277392318125139,-0.120770663471138228039220126389938395924913902472260768187486,0.198001084132215442990194968402515401018771524381934807953128,0.0101481419712267562987221916353037833057111544540814397901919,1.27176481816888304814607226350213706768149027130071188948057,False,,,True,True
693,161,0.0271524785000885282595020652453653873807972519818206716027058,-0.110622521499911471740497934754634612619202748018179328397294,0.107413119625022132064875516311341346845199312995455167900676,-0.0181609588866008843591088017195636834891575500802494026518073,0.543323354531664479674071575352876912263388338935363768745337,False,,,True,False
694,50,0.00899151961348764390039326352580170389163970190157126895089852,-0.128783480386512356099606736474198296108360298098428731049101,0.0334978799033719109750983158814504259729099254753928172377246,-0.0025379634308422508950126638298108817296068797898252952533337,0.607138870536640611022275824121348865283040418190780461068627,False,,,True,False
695,346,0.00645355618264539300538059969599082216203282211174597369756482,-0.131321443817354606994619400304009177837967177888254026302435,0.217863389045661348251345149923997705540508205527936493424391,0.0266293240978865337175548014305193988278776121170570089735593,2.02880086084602530415679908159342192777011713613735852537216,False,,,False,True
696,235,0.0330828802805319267229354011265102209899104342288029826711241,-0.104692119719468073277064598873489779010089565771197017328876,0.155145720070132981680733850281627555247477608557200745667781,-0.012606680921816443598533622443368042761161345177506331521583,0.716211503572018570891961764118581477973261091627656101613886,False,,,True,False
697,105,0.0204761993587154831244017786831421782287490890512966511495411,-0.117298800641284516875598221316857821771250910948703348850459,0.0707440498396788707811004446707855445571872722628241627873853,-0.0155172349374563344361356417897978935729381078078170301081769,0.485499785288615147812645722430924030102130264212258413831826,False,,,True,False
698,285,0.00495896442125914868826613689334428465581098124347962104136426,-0.132816035578740851311733863106655715344189018756520378958636,0.179364741105314787172066534223336071163952745310869905260341,0.00357202043037879823896704214125499135670800341818584636170229,1.09090840326089543345643389791512433451341442807258489371537,False,,,True,True
699,175,0.00853098485163794692723317903459927601251898466166546740306655,-0.129244015148362053072766820965400723987481015338334532596933,0.111507746212909486731808294758649819003129746165416366850767,-0.00615769516249804396260509960170083945599567417236872465147013,0.588377473222011604512462992592672509271143286279948258810313,False,,,True,False
700,398,0.00237328968913990296462807943289843655652331048929674275159642,-0.135401710310860097035371920567101563443476689510703257248404,0.249343322422284975741157019858224609139130827622324185687899,0.0439711083206226709530299473931363584520181309262608715838843,13.3689041534347883495695574279769674957305971215555591224188,False,,,False,True
701,208,0.0463443980097625739176580268260347950085414414155576143354807,-0.0914306019902374260823419731739652049914585585844423856645193,0.14158609950244064347941450670650869875213536035388940358387,-0.01785428678647365853473653106758067291288631369754951168975,0.628732715993638317299400219444372808572060672151831163608067,False,,,True,False
702,92,0.0284901112232889153829214957584541220956551277180081026457307,-0.109284888776711084617078504241545877904344872281991897354269,0.0646225278058222288457303739396135305239137819295020256614327,-0.00443696758115780704965386452212366880182142980651263914027267,0.696456355164855865017014194524008376527122778663837135091745,False,,,True,False
703,322,0.0240531436421311083332676312363304532938336979114954635054581,-0.113721856357868891666732368763669546706166302088504536494542,0.207263285910532777083316907809082613323458424477873865876365,0.00958898976949808611146475783156452325007633555638931950222135,1.24775480985699989414772176530314146933548055066258493053429,False,,,True,True
704,251,0.0336421334116291944447323890678949765439100334678847830076794,-0.104132866588370805555267610932105023456089966532115216992321,0.16528553335290729861118309726697374413597750836697119575192,-0.00170349757155311471396254824417756592109013108371045881454197,0.956522310702454260229504102838305882183466445698927750269283,False,,,True,False
705,139,0.0319386358400760797307698408237174106228199023841743241931375,-0.105836364159923920269230159176282589377180097615825675806863,0.0948596589600190199326924602059293526557049755960435810482844,-0.0186336326182499265360440113840023567518741776682708640995459,0.425715089787317836621218820566303960940254721964369840212272,False,,,True,False
706,359,0.0133050032218261531947258294397150538709457247159034600935916,-0.124469996778173846805274170560284946129054275284096539906408,0.227701250805456538298681457359928763467736431178975865023398,0.0315261101775878663610639462307214456225721592982867952273755,2.40569368422850588981737189229784868673774378006675166706396,False,,,False,True
707,189,0.0448311133994140195557897756704364994935178840141902553209671,-0.0929438866005859804442102243295635005064821159858097446790329,0.129332778349853504888947443917609124873379471003547563830242,-0.0204976345593783211032735894011316480291492364739585269773381,0.575732264807691294054527158221236163983455725563863432046564,False,,,True,False
708,277,0.0243334788400356984525161862693048514643686475402317283436289,-0.113441521159964301547483813730695148535631352459768271656371,0.179208369710008924613129046567326212866092161885057932085907,0.00753825528792382094623028483881184124802532053847041232714216,1.30714924701485906290271348796030148022501634197746966270861,False,,,True,True
709,103,0.0318717341279595193987464711081166927123939680787021406707711,-0.105903265872040480601253528891883307287606031921297859329229,0.0723429335319898798496866177770291731780984920196755351676928,-0.0219754919884454530869381890044129635967659990193905698492652,0.38749294244285551082123347884671456744668249094611567281931,False,,,True,False
710,338,0.00989624213951406631180828210370372911562796905931157082150594,-0.127878757860485933688191717896296270884372030940688429178494,0.213724060534878516577952070525925932278906992264827892705376,0.0266990592519687762124989462126782132576781390206184608740932,2.15749263341133410519860952088837428421133124926981605221742,False,,,False,True
711,165,0.0365953013914828425243072283163819423733061080799300316955991,-0.101179698608517157475692771683618057626693891920069968304401,0.1122738253478707106310768070790954855933265270199825079239,-0.022422317213178794483580713639078581086463792328465555653434,0.547997027439516873662359556268722441046729755559382293121189,False,,,True,False
712,239,0.014172984178304048040726514677303361286842315751464476042165,-0.123602015821695951959273485322696638713157684248535523957835,0.152918246044576012010181628669325840321710578937866119010541,-0.000217041261377362943131716608704771649265532289891510753595994,0.989279535212464466086972993845673938134033463276328593051785,False,,,True,False
713,62,0.013955942916926685097594798068598589637576783461572965288569,-0.123819057083073314902405201931401410362423216538427034711431,0.0422389857292316712743986995171496474093941958653932413221423,-0.0058632976916375621007657621721979852416257036550465576335702,0.353913065982704907331664392942875519158094813816926029748988,False,,,True,False
714,378,0.00809264522528912299682903589640060439595107980652640765499885,-0.129682354774710877003170964103599395604048920193473592345001,0.23827316130632228074920725897410015109898776995163160191375,0.0341769538710441543780249924341079190686485302610216372767833,2.58382397359004004322340989603279943146393270238141027262374,False,,,False,True
715,203,0.0422695990963332773748540283305085234645996100675480449317821,-0.0955054009036667226251459716694914765354003899324519550682179,0.137442399774083319343713507082627130866149902516887011232946,-0.0153696014240239844767052408754431825980896598900416364996872,0.632130778505608615664754854089088406785511424087930156166487,False,,,True,False
716,298,0.026899997672309292898148787455065340866509950177506408432095,-0.110875002327690707101851212544934659133490049822493591567905,0.192974999418077323224537196863766335216627487544376602108024,0.0134693410390986017365111033844476320323000984675296385156121,1.48443229727805001593988832569988581394745375373455076086737,False,,,True,True
717,127,0.0403693387114078946346598908395129728988100486450360469477071,-0.0974056612885921053653401091604870271011899513549639530522929,0.0894673346778519736586649727098782432247025121612590117369268,-0.028091613274974539298291867647635061388315750733443985571245,0.419860916721470113774388921801979892031564433903599920534289,False,,,True,False
718,263,0.012277725436433355336368023191877911510494297911592061376462,-0.125497274563566644663631976808122088489505702088407938623538,0.167444431359108338834092005797969477877623574477898015344116,0.00332357770850189981381833735409649674907658136775169508792825,1.14331109019796483223038045403711103659279765306018002309631,False,,,True,True
719,81,0.0156013031449352551501863605459744082595708792793437564643903,-0.12217369685506474484981363945402559174042912072065624353561,0.0545253257862338137875465901364936020648927198198359391160976,-0.00884565438878508625269973596152113566243063102480973977094552,0.40763673104670026329235904228240744304167403588081750336189,False,,,True,False
720,371,0.00675564875615016889748662458445327259714024825453401669344477,-0.131019351243849831102513375415546727402859751745465983306555,0.233563912189037542224371656146113318149285062063633504173361,0.0375817874204343375642631829868337905151521272429063373771991,2.86128641331539534623091556629751486509627551653424536189314,False,,,False,True
721,181,0.0443374361765845064617498075712870631122923754974403540706439,-0.0934375638234154935382501924287129368877076245025596459293561,0.124209359044146126615437451892821765778073093874360088517661,-0.0226601587265417714994340905972791072654640789186272862671305,0.537278789014431752187814063488820289186273885232017381285354,False,,,True,False
722,313,0.0216772774500427349623157169740079558468282965788130678035133,-0.116097722549957265037684283025992044153171703421186932196487,0.201044319362510683740578929243501988961707074144703266950878,0.0166330411807715389623724444370406154117223250616945987629177,1.57528584089644656652933973236794477214038971792449068725573,False,,,True,True
723,145,0.038310318630814273924688161411048571258550621640507666566431,-0.099464681369185726075311838588951428741449378359492333433569,0.100202579657703568481172040352762142814637655410126916641608,-0.0217468157603597701659326535558791288129255924580660364087645,0.529182016226888623892351814460992701347197612586049633067501,False,,,True,False
724,232,0.0165635028704545037587555078551694424456250291824416301576665,-0.121211497129545496241244492144830557554374970817558369842333,0.149140875717613625939688876963792360611406257295610407539417,-0.00503183650597806611152149142464489160784062644162821854292047,0.796683195393102026169983213069075192121021649357699327698697,False,,,True,False
725,56,0.0115316663644764376472340164305245508377844027408134116147461,-0.126243333635523562352765983569475449162215597259186588385254,0.0378829165911191094118085041076311377094461006852033529036865,-0.00536298709260190693814942448609758387994570398592404730824427,0.44785983115397460052971030517066262521783589341090187084567,False,,,True,False
726,349,0.00616867927187453070908459194442696695783869875488936430650179,-0.131606320728125469290915408055573033042161301245110635693498,0.219667169817968632677271147986106741739459674688722341076625,0.0222046430672293100086999998167340098019480052024374542067028,1.78128696757325518074070213750903918753986356406616878311963,False,,,False,True
727,195,0.0283733223391038407177845917611609767597867039573268185132046,-0.109401677660896159282215408238839023240213296042673181486795,0.128968330584775960179446147940290244189946675989331704628301,-0.0165698685286032369060307145038612429757190822688923287032136,0.607469734241015199330229649593372664831593381544733755172316,False,,,True,False
728,100,0.011803453810500603811753877257299733784067621688434489809991,-0.125971546189499396188246122742700266215932378311565510190009,0.0654508634526251509529384693143249334460169054221086224524978,-0.00618051488461453918903159144411897784592104611643976158660697,0.680442580107380686512640085746348648430218432255396779148509,False,,,True,False
729,289,0.00562293892588606462272228581318075593814657557199472822338405,-0.132152061074113935377277714186819244061853424428005271776616,0.182030734731471516155680571453295188984536643892998682055846,-0.00149362632273084005293852335929893361016305263534824898964061,0.915352657159563100004841068471528744485110755922579808858026,False,,,True,False
730,388,0.00412931260315522456978376245388182232798352293664647923374344,-0.133645687396844775430216237546118177672016477063353520766257,0.243532328150788806142445940613470455581995880734161619808436,0.0528129530077513582260885138873700658616432378848740708015357,11.4736893043859769728691836429195895574596546111826505453516,False,,,False,True
731,166,0.0569422656109065827958722763412518881896267608215205500352791,-0.0808327343890934172041277236587481118103732391784794499647209,0.11798556640272664569896806908531297204740669020538013750882,-0.0217156246852973219609281602260357266748791643216534552347496,0.559767370148840460047586306123853984001859769051057215921236,False,,,True,False
732,253,0.0352266409256092608349441161152161615147475964998670948005295,-0.10254835907439073916505588388478383848525240350013290519947,0.166931660231402315208736029028804040378686899124966773700132,-0.00778621004356919209385033757805946321824306073650415392425471,0.816194624751366185611885550336007481048025800554607740444064,False,,,True,False
733,115,0.0274404308820400687410937785371566982965045357633629408762748,-0.110334569117959931258906221462843301703495464236637059123725,0.0787351077205100171852734446342891745741261339408407352190687,-0.00977012394173159741990307646886749756589308911627766959643149,0.548483481013536105361281784067825495271149061543936923892429,False,,,True,False
734,328,0.0176703069403084713211907020682892007306114466470852712798433,-0.120104693059691528678809297931710799269388553352914728720157,0.209417576735077117830297675517072300182652861661771317819961,0.0147642874516503114330439158746880904692352647813967805867557,1.39474983018710837942931187172863368493408815958401838922272,False,,,True,True
735,212,0.032434594391958782754234617942977291199846711428482051866599,-0.105340405608041217245765382057022708800153288571517948133401,0.14060864859798969568855865448574432279996167785712051296665,-0.0137370802861997143547369485744914952398551338039337812072609,0.636440703795698080508169501838504041437187947936336499903254,False,,,True,False
736,74,0.0186975141057590683994976693684857959599915776245482706593382,-0.119077485894240931600502330631514204040008422375451729340662,0.0509243785264397670998744173421214489899978944061370676648345,-0.0112104304501124154199508326062861824668720684534825807115805,0.448642844973215513989532458598452162802822959035610146443298,False,,,True,False
737,357,0.00748708365564665297954683676219961349311950917106568994775768,-0.130287916344353347020453163237800386506880490828934310052242,0.224996770913911663244886709190549903373279877292766422486939,0.0315222499455100513930939267124548230861482641412964940993794,2.38843858891676560649650327787270524684354935311692323088391,False,,,False,True
738,177,0.039009333601156704372640763474654436579267773312362184047137,-0.098765666398843295627359236525345563420732226687637815952863,0.120377333400289176093160190868663609144816943328090546011784,-0.0158008638938664944185711843018466645851104426037751249761774,0.622294488731411361409958953981325409094367972001205775432684,False,,,True,False
739,275,0.0232084697072902099540695791728077719941573307085870590709596,-0.11456653029270979004593042082719222800584266929141294092904,0.17767711742682255248851739479320194299853933267714676476774,0.000143237561815360096769812929567819916880296469989293473095178,1.00376647755306041300572919674990874451962511016192108484736,False,,,True,True
740,125,0.0233517072691055700508393921023755919110376271785763525440548,-0.114423292730894429949160607897624408088962372821423647455945,0.0839629268172763925127098480255938979777594067946440881360137,-0.0177563866081649245028589914060674444833041848863593137751114,0.459510391005128046847417266086248107814013526503885029740201,False,,,True,False
741,308,0.00559532066094064554798040069630814742773344229221703876894339,-0.132179679339059354452019599303691852572266557707782961231057,0.193898830165235161386995100174077036856933360573054259692236,0.0110391980759939594770651476105031074490455214366922426990348,1.87292794699426908004554010864728652612430343215133894239162,False,,,True,True
742,86,0.0166345187369346050250455483068112548767789637289092814679782,-0.121140481263065394974954451693188745123221036271090718532022,0.0579086296842336512562613870767028137191947409322273203669945,-0.0132138680842116389127957941937155008546583543198865310771572,0.517677490961055706541845676676008571690107830632062888299043,False,,,True,False
743,229,0.00342065065272296611224975411309575402212060940902275039082096,-0.134354349347277033887750245886904245977879390590977249609179,0.143980162663180741528062438528273938505530152352255687597705,-0.000321194803796895933234849037987811751550255571034457853231353,0.929816391600363449649740946479079953348046139594218367527047,False,,,True,False
744,392,0.00309945584892607017901490507510794227057035383798829253758961,-0.13467554415107392982098509492489205772942964616201170746241,0.245774863962231517544753726268776985567642588459497073134397,0.045071290166204719604293484643089186558551413099837502727147,5.91942148958898712794127908518841728273814895177653452125683,False,,,False,True
745,162,0.0481707460151307897833083897181971288291217669378257952647367,-0.0896042539848692102166916102818028711708782330621742047352633,0.113292686503782697445827097429549282207280441734456448816184,-0.0221485605798458987485012488657183803477164356753698816654886,0.536934720528241435949774407775750292772786882240465745208005,False,,,True,False
746,265,0.0260221854352848910348071408524787484814053312624559135992481,-0.111752814564715108965192859147521251518594668737544086400752,0.172130546358821222758701785213119687120351332815613978399812,-0.0025723576422131912606503086136887202817168022092580321621495,0.928640363555512507243226757635404275787253264540258551672754,False,,,True,False
747,105,0.0234498277930716997741568322387900281996885290531978814370986,-0.114325172206928300225843167761209971800311470946802118562901,0.0714874569482679249435392080596975070499221322632994703592747,-0.00751185127171595420073222951696283402913176656443657174679007,0.561073208702849579582007620826659554887434258838825608635854,False,,,True,False
748,340,0.0159379765213557455734246027218271941705567624887613096903085,-0.121837023478644254426575397278172805829443237511238690309691,0.216484494130338936393356150680456798542639190622190327422577,0.0215203309458757666018943478111687386242500721232175712261563,1.66014419993870393409069716063930383540404591351083142495325,False,,,False,True
749,199,0.0374583074672315121753189505329959327948068346119788809164648,-0.100316692532768487824681049467004067205193165388021119083535,0.133739576866807878043829737633248983198701708652994720229116,-0.0218785594865744579207530680761141172099059988855214060152786,0.551485526008396353421464890288814747793304590509046691578255,False,,,True,False
750,65,0.0155797479806570542545658824568818155849008357264574749011863,-0.122195252019342945745434117543118184415099164273542525098814,0.0445199369951642635636414706142204538962252089316143687252966,-0.00416273824177045982701430280099777629607125497011641610931299,0.6702860759257644095227424882133079436689014792366816958808,False,,,True,False
751,299,0.0114170097388865944275515796558840392888295807563410587918733,-0.126357990261113405572448420344115960711170419243658941208127,0.189729252434721648606887894913971009822207395189085264697968,0.00617550834493941105009696862889154916285820347400558254297505,1.16480584726109905448455481082745252316536750097890538348233,False,,,True,True
752,144,0.0175925180838260054776485482847755884516877842303466413348483,-0.120182481916173994522351451715224411548312215769653358665152,0.0943981295209565013694121370711938971129219460575866603337121,-0.00982666955770015792334485161886446871794401074370716967229464,0.526461013458639670668933769783806641398637469806696118077681,False,,,True,False
753,373,0.00776584852612584755430369666591111973374377348663947166255368,-0.130009151473874152445696303334088880266256226513360528337446,0.235066462131531461888575924166477779933435943371659867915638,0.0379107820676457626030417364592251686157757323940036821836331,2.98942501487964466360419053105175771374256150181212174952675,False,,,False,True
754,223,0.0456766305937716101573454331251362883495195058806431538461868,-0.0920983694062283898426545668748637116504804941193568461538132,0.150794157648442902539336358281284072087379876470160788461547,-0.0188009552981109886599432593422940732610298993906936748128731,0.635018858012344346838260856989622983299457582515572428821023,False,,,True,False
755,115,0.0268756752956606214974021737828422150884896064899494790333137,-0.110899324704339378502597826217157784911510393510050520966686,0.0785939188239151553743505434457105537721224016224873697583284,-0.0106496415401667852826965616029321714609674804800070722770183,0.583228203900090708087572202954541811072299820838041386227682,False,,,True,False
756,320,0.0162260337554938362147056121799100436275221260099424067562954,-0.121548966244506163785294387820089956372477873990057593243705,0.204056508438873459053676403044977510906880531502485601689074,0.0136658664166851201893369770403921274566839835722424151795782,1.37011004699627158735226149090694175598697081710300634066183,False,,,True,True
757,182,0.0298919001721789564040425892203021710842061095821848219358736,-0.107883099827821043595957410779697828915793890417815178064126,0.121222975043044739101010647305075542771051527395546205483968,-0.0185209612387685664270677076786465596564382014810013061689669,0.599471272857032159958202373543253513971866699422841296529564,False,,,True,False
758,271,0.0113709389334103899769748815416556114277679081011835157669067,-0.126404061066589610023025118458344388572232091898816484233093,0.172217734733352597494243720385413902856941977025295878941727,0.00770537491501905298927593565984267950801466707689258853734639,1.44842800085412984512008020414526908795229499479944214344148,False,,,True,True
759,78,0.0190763138484294429662508172014982909357825751780761043042531,-0.118698686151570557033749182798501709064217424821923895695747,0.0535190784621073607415627043003745727339456437945190260760633,-0.0142587880137065187227019963362728322533353600733225545321213,0.325424065673136651062869934140789836973026004311782085382278,False,,,True,False
760,364,0.00481752583472292424354882086522545868244721510475354977213172,-0.132957474165277075756451179134774541317552784895246450227868,0.228704381458680731060887205216306364670611803776188387443033,0.0338857364719581711042213875283314644661191501656992075472916,2.63609773099333844667801060920193674780605390067113859097215,False,,,False,True
761,164,0.0387032623066810953477702083935569231485663652704527573194233,-0.0990717376933189046522297916064430768514336347295472426805767,0.112175815576670273836942552098389230787141591317613189329856,-0.0199013017880956049341544940378322911736979161429608093447602,0.572434810471630008010628865199708539288462745356124418485476,False,,,True,False
762,246,0.0188019605185854904136157143557246319748684491274919479746631,-0.118973039481414509586384285644275368025131550872508052025337,0.158450490129646372603403928588931157993717112281872986993666,-0.00623066460680482483482999752357055195912067564870244975114397,0.824762777744443529745790565223955331975105993184256620154619,False,,,True,False
763,95,0.0125712959117806655787857168321540800157477734787894982235191,-0.125203704088219334421214283167845919984252226521210501776481,0.0625178239779451663946964292080385200039369433696973745558798,-0.00831428147932459255336205034613364390853567344494795992308779,0.512729961048644893905871976389059021512524357607612203653473,False,,,True,False
764,334,0.00425701443245607302542366648602043610721210003384153830043133,-0.133517985567543926974576333513979563892787899966158461699569,0.209814253608114018256355916621505109026803025008460384575108,0.0177136265538710658946083556687456424065790616851164664880615,1.6065931051110947664496700732489866284887437098058935653286,False,,,True,True
765,203,0.0219706409863271389200320221547660785137911617189580047884928,-0.115804359013672861079967977845233921486208838281041995211507,0.132367660246581784730008005538691519628447790429739501197123,-0.0129283249052678273782613460581095169468522220634103547686317,0.630944567688636102292521023593218886597510795999719928874736,False,,,True,False
766,50,0.00904231608105931154177067609665656156693893965554765001986111,-0.128732683918940688458229323903343438433061060344452349980139,0.0335105790202648278854426690241641403917347349138869125049653,-0.00619026647437555766188570036957956335642587487270481516299306,0.413775420301559671196428071616463985225060850176242529530505,False,,,True,False
767,384,0.00285204960668375387988497572707699821051306478284283485686805,-0.134922950393316246120115024272923001789486935217157165143132,0.240713012401670938469971243931769249552628266195710708714217,0.0422046040768568740755977631550076806672106954495452843130221,4.88538482485428288701718259873862221957552574094685619682585,False,,,False,True
768,233,0.0450566536835406279554827388820846788777237602323881191698902,-0.0927183463164593720445172611179153211222762397676118808301098,0.156889163420885156988870684720521169719430940058097029792473,-0.00916405148979767781113299301693080252191722854515401605764767,0.794576109193036042991327958527617918975482180734147659811739,False,,,True,False
769,136,0.0358926021937429501443497458651538763558065316872341031122425,-0.101882397806257049855650254134846123644193468312765896887757,0.0939731505484357375360874364662884690889516329218085257780606,-0.0137526292949394413190760375783039161042640529247034794057548,0.573693111625708415136752406662317774242192120870686891259955,False,,,True,False
770,294,0.0221399728988035088252737082868499602515424787625306237064877,-0.115635027101196491174726291713150039748457521237469376293512,0.189284993224700877206318427071712490062885619690632655926622,-0.00070745242202756370049538581295606069132845243210601656021924,0.981201988983390627562701448650716874878561293150643111113002,False,,,True,False
771,106,0.0214325204767759451247783224738938995602140263304246071462685,-0.116342479523224054875221677526106100439785973669575392853732,0.0716081301191939862811945806184734748900535065826061517865671,-0.0128064171728925919571432629273231036925837568513324668058862,0.498054268329725547637206780173134724549139120235956647616206,False,,,True,False
772,347,0.00862610330388335316763505954657079586763026947909214034038221,-0.129148896696116646832364940453429204132369730520907859659618,0.219031525825970838291908764886642698966907567369773035085096,0.0312172835222731779422015290483792691272758464987351091568196,2.33820414639766561751558274710916792566165859892522489854725,False,,,False,True
773,188,0.0398433868261565311098365885949500649949061159778272494972018,-0.0979316131738434688901634114050499350050938840221727505027982,0.1274608467065391327774591471487375162487265289944568123743,-0.0219474033642648390403936767802587814293070878015504938194217,0.568220288767811163169086453194216841416960880651876405368727,False,,,True,False
774,263,0.0178959834618916920694429118146912835655990281762767556777801,-0.11987901653810830793055708818530871643440097182372324432222,0.168848995865472923017360727953672820891399757044069188919445,0.0022428009353635307586119275499742400259869238051253122083779,1.093702582986373687498535754766577899089350509661715176823,False,,,True,True
775,79,0.020138784397255222828054839364665523591585951981402067886158,-0.117636215602744777171945160635334476408414048018597932113842,0.0544096960993138057070137098411663808978964879953505169715395,-0.0176813295148529691729990552366456534836463017598439069991474,0.349201808563063005200613357751776308757899354335942949664166,False,,,True,False
776,315,0.0024574548824022536550557841280198701079396502215581608870106,-0.135317545117597746344944215871980129892060349778441839112989,0.197489363720600563413763946032004967526984912555389540221753,0.0204868570187595987884515563290463805821644178499089403500518,1.82689268376506020482015131011214331176580912620780150770302,False,,,True,True
777,155,0.0229443119011618524435073404570662506901040680714671012370624,-0.114830688098838147556492659542933749309895931928532898762938,0.102611077975290463110876835114266562672526017017866775309266,-0.0203740889444275208075805654419212876829796332662246940304065,0.479667166918402703168815403783103262642557606896120222911264,False,,,True,False
778,28,0.00257022295673433163592677501514496300712443480524240720665586,-0.135204777043265668364073224984855036992875565194757592793344,0.018142555739183582908981693753786240751781108701310601801664,-0.000212700824035719615581060239808061342234811433736516118884032,0.457827556125365459259245393542894931988237315569203806045049,False,,,True,False
779,396,0.00235752213269861202034571477533690166488962337150589108777182,-0.135417477867301387979654285224663098335110376628494108912228,0.248089380533174653005086428693834225416222405842876472771943,0.0517986962790898439270760562265389813012135926655538153617135,6.4229154910914465320785209489786334206555498231456911684911,False,,,False,True
780,218,0.0541562184117884559474217710018758829661032160370597064494853,-0.0836187815882115440525782289981241170338967839629402935505147,0.149789054602947113986855442750468970741525804009264926612371,-0.0230869040327932721840754675035973455810742257371137372915613,0.591153488316509589667282606129517449148332135333313002380652,False,,,True,False
781,279,0.031069314378995183763346303498278537385028990299945969157924,-0.106705685621004816236653696501721462614971009700054030842076,0.182142328594748795940836575874569634346257247574986492289481,0.00979737381199779892996802278338480991768381869203156501431047,1.33821455687522221059366054571302139412894880168524497223944,False,,,True,True
782,125,0.0408666881909929826933143262816633473027128089919775341722344,-0.0969083118090070173066856737183366526972871910080224658277656,0.0883416720477482456733285815704158368256782022479943835430586,-0.0257104572883297939273427761347817286935353439794748391511603,0.412314568957363095124299604583522332082133488554439796694366,False,,,True,False
783,353,0.0151562309026631887659715501468816186091774650125026950210741,-0.122618769097336811234028449853118381390822534987497304978926,0.224414057725665797191492887536720404652294366253125673755269,0.0356370381904817810225143971121724619590826060079018758227707,2.78961943492209629920068398976081923489704774466117382179038,False,,,False,True
784,182,0.0507932690931449697884859472590540805682600710204045708438448,-0.0869817309068550302115140527409459194317399289795954291561552,0.126448317273286242447121486814763520142065017755101142710961,-0.0244446771619430292970669526688310962868941533993024384527844,0.550226040293759421523080815922618002840778825187198999799389,False,,,True,False
785,249,0.0263485919312019404914189945902229842813659176211021323910604,-0.11142640806879805950858100540977701571863408237889786760894,0.162212147982800485122854748647555746070341479405275533097765,-0.000713677494593618569656548450317081128616272911055436644554886,0.975389939697833408730608914866889280115385403088153033002579,False,,,True,False
786,90,0.0256349144366083219217624461399059031527496447100466957465056,-0.112140085563391678078237553860094096847250355289953304253494,0.0626587286091520804804406115349764757881874111775116739366264,-0.0136999836331336901403269310930569045480578513739282057446066,0.428635678147302723068969053467412962659807584158616895594163,False,,,True,False
787,326,0.0119349308034746317814355150468489986046917933361184900018989,-0.125840069196525368218564484953151001395308206663881509998101,0.206733732700868657945358878761712249651172948334029622500475,0.0158961809571359143823204847735141827558482161054618110681527,1.48844602225308204961980554511448039843361728012766623255873,False,,,True,True
788,159,0.0278311117606105461637559998203631813605400094415803010700516,-0.109943888239389453836244000179636818639459990558419698929948,0.106332777940152636540938999955090795340135002360395075267513,-0.0201541999283273059447880686834193971452180651769981285516536,0.516042573563673311513527157404352972177854978486654200906727,False,,,True,False
789,376,0.007676911832283240218967931136943784215321944264582172518398,-0.130098088167716759781032068863056215784678055735417827481602,0.2369192279580708100547419827842359460538304860661455431296,0.0457049164172546751629498065149071521391050239407807256803153,5.4308114531344411329147880996552691387611084784385119922263,False,,,False,True
790,212,0.0533818282495379153819177376518509363544269682053628981987133,-0.0843931717504620846180822623481490636455730317946371018012867,0.145845457062384478845479434412962734088606742051340724549678,-0.020907807746675502703631808053698380823567094778008381304922,0.596966558429336763162071352726297616562906191072512033177819,False,,,True,False
791,113,0.0324740205028624126782859295981525555308598734273545168937913,-0.105300979497137587321714070401847444469140126572645483106209,0.0787435051257156031695714823995381388827149683568386292234478,-0.00655929626855603976143385780461313752862029631892280521948074,0.704945719852958967323141047259859185024856760827786833380842,False,,,True,False
792,291,0.0259147242343063729168520717935394180022395771084317116743106,-0.111860275765693627083147928206460581997760422891568288325689,0.188353681058576593229213017948384854500559894277107927918578,-0.00585195044870546843439777383247070640493882633606193932986821,0.887799632054749730410527816257513908342218811936909009771729,False,,,True,False
793,236,0.0200627737856009044824542979610687115973007507723697723444424,-0.117712226214399095517545702038931288402699249227630227655558,0.152515693446400226120613574490267177899325187693092443086111,-0.00103981057201881613894714232205373908285698427803739599439358,0.955823667605388698610702691991031517838402231653557261844074,False,,,True,False
794,71,0.0190229632135820883435071556390149725144437664943323763500488,-0.118752036786417911656492844360985027485556233505667623649951,0.0491307408033955220858767889097537431286109416235830940875122,-0.0113683398068845070157274635392841262171813483414671201448951,0.363560760553352675239663607190714836500454983370585919792721,False,,,True,False
795,360,0.00765462340669758132777969209973084629726241815286525620515368,-0.130120376593302418672220307900269153702737581847134743794846,0.226913655851674395331944923024932711574315604538216314051288,0.0339260761736179920888226006993252019065311398784574129438789,2.60605983676770752081907204354867789237981634121886935453463,False,,,False,True
796,172,0.0415806995803155734166022927990560482037935580313226691490326,-0.0961943004196844265833977072009439517962064419686773308509674,0.117895174895078893354150573199764012050948389507830667287258,-0.0224836498768511826956752498785856975542034286400712126860811,0.531604255827057071177856872034109251875833631494022719843532,False,,,True,False
797,304,0.0190970497034643907209270429204703506495901293912514564629515,-0.118677950296535609279072957079529649350409870608748543537049,0.194774262425866097680231760730117587662397532347812864115738,0.0136966666690980377099137114613316202252550810273856797404183,1.47681995882292721406275761144479253793425723372937728614587,False,,,True,True
798,132,0.0327937163725624284308407543818019708748452104186371362033698,-0.10498128362743757156915924561819802912515478958136286379663,0.0906984290931406071077101885954504927187113026046592840508424,-0.0222838611383933663248790997909144795689341679540747479501241,0.482545962450319082974727745966088354740790443336585160215103,False,,,True,False
799,260,0.0105098552341690621059616545908874913059110424645623882532456,-0.127265144765830937894038345409112508694088957535437611746754,0.165127463808542265526490413647721872826477760616140597063311,0.00157094139749468151790254473380036754847275638765005462368358,1.08576822310399936714141470653130686988917428448917104437766,False,,,True,True
800,58,0.0120807966316637436238641993246878588543837988522124428769292,-0.125694203368336256376135800675312141145616201147787557123071,0.0392701991579159359059660498311719647135959497130531107192323,-0.00874763976934505157551326635292049426342439633336453380415819,0.34115539966424547384464137893511090424337456357973705826265,False,,,True,False
801,386,0.00333315686231869204835093297176736459095940251884790907277104,-0.134441843137681307951649067028232635409040597481152090927229,0.242083289215579673012087733242941841147739850629711977268193,0.0480902534052699159782583983377641862896506492662400906924334,4.87059344970365649392416128562562789611423660684447173046819,False,,,False,True
802,198,0.0514234102675886080266093313095315508806100517850879997652045,-0.0863515897324113919733906686904684491193899482149120002347955,0.136605852566897152006652332827382887720152512946271999941301,-0.0263060385795162297603368347526398980247968640702240944669193,0.538056104176058015375680345133206277883815948253065091165946,False,,,True,False
803,281,0.0251173716880723782662724965568916528558131877148639052982851,-0.112657628311927621733727503443108347144186812285136094701715,0.181904342922018094566568124139222913213953296928715976324571,0.0102548490754450653170053924347133120698538397428664920230916,1.38284438850820332595727708308911312683317058641876814256467,False,,,True,True
804,119,0.0353722207635174435832778889916049649256670274577303973213767,-0.102402779236482556416722111008395035074332972542269602678623,0.0832180551908793608958194722479012412314167568644325993303442,-0.0190474374746553014437912184236956498614568304387725291785791,0.422390346601137479402651430648763764500394932254363494591633,False,,,True,False
805,336,0.0163247832888621421394866705679093150642101970189578681427976,-0.121450216711137857860513329432090684935789802981042131857202,0.214081195822215535534871667641977328766052549254739467035699,0.0236183548526543698927544212077608531916402856739929904414341,1.82450180635534797085873767580676475245082019806176342306006,False,,,False,True
806,178,0.0399431381415165120322410917756701682558504826929508585842317,-0.0978318618584834879677589082243298317441495173070491414157683,0.121235784535379128008060272943917542063962620673237714646058,-0.0244110447129362073118728431391671500557496076455454190056056,0.545625303296698463393110451895543716917343557872905549383754,False,,,True,False
807,241,0.015532093428580304720368248636503018200100875047405439578626,-0.122242906571419695279631751363496981799899124952594560421374,0.154508023357145076180092062159125754550025218761851359894657,0.00161035213207951849940208339995331897354672228664286817801712,1.07152413594349308010518324292995139596627330055128024420726,False,,,True,True
808,78,0.0171424455606598232197703320364563371736475973340483077566432,-0.120632554439340176780229667963543662826352402665951692243357,0.0530356113901649558049425830091140842934118993335120769391608,-0.0114189695365025918501140782154302686745061058703203230748528,0.376999747093513225400843522581219443000499255228748279447867,False,,,True,False
809,367,0.0057234760241572313696562538210260684991414914637279846817904,-0.13205152397584276863034374617897393150085850853627201531821,0.230805869006039307842414063455256517124785372865931996170448,0.0310106507874733880790095290241827446006925069073097563784232,2.3389861401285071627333746915272998286338669530018029198841,False,,,False,True
810,155,0.0367341268116306194486657828452088130998339983710377410602136,-0.101040873188369380551334217154791186900166001628962258939786,0.106058531702907654862166445711302203274958499592759435265053,-0.0157924285702481873390274510420462527483961580036333477408828,0.574224068983423861380507055137072642363180184282905913147585,False,,,True,False
811,298,0.0209416982413824321096383318031625603514378403674043933193308,-0.116833301758617567890361668196837439648562159632595606680669,0.191485424560345608027409582950790640087859460091851098329833,0.00531011384027536318095678692690362422369586827432428215959353,1.12511588525821650880427238586269515343617143588399352855362,False,,,True,True
812,210,0.0262518120816577952905951187300661845751337086417286754789243,-0.111523187918342204709404881269933815424866291358271324521076,0.137812953020414448822648779682516546143783427160432168869731,-0.00972306477313300437862199514905479751510300648185073482522535,0.723138407402012604046995563466994029930336213750743215535349,False,,,True,False
813,93,0.016528747308524790911973123581011387060030702159877940653699,-0.121246252691475209088026876418988612939969297840122059346301,0.0622571868271311977279932808952528467650076755399694851634247,-0.0114608682964992765519702129577196079731084896950082214633493,0.442889316734186696139192715006067791959921156023856745809342,False,,,True,False
814,344,0.00506787901202551436000291062329177908692221246486971919034966,-0.13270712098797448563999708937670822091307778753513028080965,0.216266969753006378590000727655822944771730553116217429797587,0.0200954929287231817645742920852989880057565303603451594836419,1.80948250756495959432498755890680134605128558617258037126324,False,,,False,True
815,169,0.0251633719407486961245772027085907670926787428252148786739915,-0.112611628059251303875422797291409232907321257174785121326008,0.111915842985187174031144300677147691773169685706303719668498,-0.0152623145513498863801345642973518496201575665179932387253971,0.620277413261996039905340068247337578730694594842301165266395,False,,,True,False
816,268,0.00990105738939880974444263841123891747252117630722163994859442,-0.127873942610601190255557361588761082527478823692778360051406,0.169975264347349702436110659602809729368130294076805409987149,0.00406278097559023708707306538208873762487848453338072104056376,1.23953972316931045789667187106208588882741933695389706196889,False,,,True,True
817,62,0.0139638383649890468315157037933276550973996608406023609891582,-0.123811161635010953168484296206672344902600339159397639010842,0.0422409595912472617078789259483319137743499152101505902472895,-0.0119866471517631585129986798077181573497596363434603385851879,0.311774593345651091679965743006987845161986163829071652857111,False,,,True,False
818,395,0.00197719121322588831851702398560949774764002449714202240397025,-0.13579780878677411168148297601439050225235997550285797759603,0.247369297803306472079629255996402374436910006124285505600993,0.05070100929570452716713123040964610007486899576843680507209,6.78109056094883773141412198503088201626283810830683060162317,False,,,False,True
819,222,0.0526782005089304154856482543952555978225090202655788274760603,-0.0850967994910695845143517456047444021774909797344211725239397,0.151919550127232603871412063598813899455627255066394706869015,-0.0165221217329741015494448978879884035404880407993292450814336,0.67380488217984682912251300290029805520880196078784157299357,False,,,True,False
820,133,0.0361560787759563139362033565072671942820209794662495823946267,-0.101618921224043686063796643492732805717979020533750417605373,0.0921640196939890784840508391268167985705052448665623955986567,-0.0100228579759683548327962060821506827641555534965796427667682,0.608264154710459455974834524466013447081139172843938971129411,False,,,True,False
821,316,0.0261332207999879591034071504251165115178654259696699396278585,-0.111641779200012040896592849574883488482134574030330060372142,0.204033305199996989775851787606279127879466356492417484906965,0.00636453385312153746864680636116199680422394371701183963853555,1.14315138540263934966995002626556540575461969282920119947076,False,,,True,True
822,188,0.032497754653109496572053956786278508322089369686681779266394,-0.105277245346890503427946043213721491677910630313318220733606,0.125624438663277374143013489196569627080522342421670444816599,-0.017766512566526821573695508279378127393439222908127237910377,0.598446997761204572367566015225409689651801120901986888640683,False,,,True,False
823,286,0.0147312420865826749983584485069003809286501467785545413560171,-0.123043757913417325001641551493099619071349853221445458643983,0.182432810521645668749589612126725095232162536694638635339004,0.0126233996486557846658944685499002006958796173823239215453404,1.66916540429002159490793696294836105451577928525483571431658,False,,,True,True
824,99,0.0273546417352384596642529170568005816245297641608784629013574,-0.110420358264761540335747082943199418375470235839121537098643,0.0687136604338096149160632292642001454061324410402196157253394,-0.0178937869499959951399143214172034093059312487269971502604594,0.374220539281120263269543970472821057715055992528579000800398,False,,,True,False
825,356,0.00946085478524246452433859563959717231859851543388131264089802,-0.128314145214757535475661404360402827681401484566118687359102,0.224865213696310616131084648909899293079649628858470328160225,0.0304590401483172823949109578603244617515825001154115601130527,2.29007245325751443897274802530598591164720880084226805969021,False,,,False,True
826,204,0.0399198949335597469192495534999216340701810155492928727539507,-0.0978551050664402530807504465000783659298189844507071272460493,0.137479973733389936729812388374980408517545253887323218188488,-0.0195733656232573917285700321245695126353485347841359611956523,0.611828477576767526010239617056280595201942564254936884363885,False,,,True,False
827,122,0.0203465293103023551906795213753521214348324807651569115582984,-0.117428470689697644809320478624647878565167519234843088441702,0.0813366323275755887976698803438380303587081201912892278895746,-0.0107117525353347004682995553345496369645247421130363173673669,0.587293583013140423561746044970279312198681601993496828154498,False,,,True,False
828,327,0.00963477677496765472237996604080248447030773865212059419093148,-0.128140223225032345277620033959197515529692261347879405809069,0.206783694193741913680594991510200621117576934663030148547733,0.016868643138834118229361671253889756889952518603126949206233,1.58011559399305695627939593893320420304679384750744368296338,False,,,True,True
829,244,0.0265034199138017729517416372946922413602602572552475433971645,-0.111271580086198227048258362705307758639739742744752456602835,0.159125854978450443237935409323673060340065064313811885849291,-0.00424050851229238498403620788564080622778271811259314702518477,0.859825274069440535215580781279277075722602651662461042133344,False,,,True,False
830,78,0.0222629114015093879677054294090514351324775391426543963719797,-0.11551208859849061203229457059094856486752246085734560362802,0.0543157278503773469919263573522628587831193847856635990929949,-0.0167180957342066863640861386599435436344352398734691199345203,0.374193621826198213476263078878755825888031314938775099041529,False,,,True,False
831,380,0.00554481566730270160361929074910789149804229926918527643745944,-0.132230184332697298396380709250892108501957700730814723562541,0.238886203916825675400904822687276972874510574817296319109365,0.0482373306019344656950966613338348558624468324469501865121423,5.81171318961090641517257065868055679592661565982185544746428,False,,,False,True
832,174,0.0537821462692371672987159520829427473604891317161354629496018,-0.0839928537307628327012840479170572526395108682838645370503982,0.1221955365673092918246789880207356868401222829290338657374,-0.0224885028210464610964528657733739584418741174517219833187836,0.54852060606232258533109906132707601652037810952084127320877,False,,,True,False
833,272,0.0312936434481907062022630863095687889186150142644134796308182,-0.106481356551809293797736913690431211081384985735586520369182,0.177823410862047676550565771577392197229653753566103369907705,-0.0015191054300670302081247177743834476183929207381091342796231,0.963451261098448094461282036164640111290755981971598187030127,False,,,True,False
834,137,0.0297745380181236759941383685351853413002220935263043453511951,-0.108000461981876324005861631464814658699777906473695654648805,0.0930686345045309189985345921337963353250555233815760863377988,-0.0178427875268610339725994290503179905020527668674623785624006,0.484402252093389538453542668741686534168904152614279844142944,False,,,True,False
835,309,0.0119317504912626420215389394848673507981693266588419667887945,-0.125843249508737357978461060515132649201830673341158033211205,0.196107937622815660505384734871216837699542331664710491697199,0.010861926402656912668347350528363655701290278923643508711491,1.55432592192474743394455233591221643489186355997200200603858,False,,,True,True
836,94,0.0227936768939195546898862900132310064994596055824854755002855,-0.114981323106080445310113709986768993500540394417514524499714,0.0644484192234798886724715725033077516248649013956213688750714,-0.013422627866836169644583353549386985611517180766283728924054,0.541297964536446585524106763596604888396239641054985503254836,False,,,True,False
837,227,0.0093710490270833850453029364638440208879424248162017465762315,-0.128403950972916614954697063536155979112057575183798253423769,0.144217762256770846261325734115961005221985606204050436644058,-0.00457815311186088133022874141700755961959017081050802530137789,0.72627985961821152598525672719503669916155351162505153740975,False,,,True,False
838,370,0.00479289591522250371507419504683646126835225400569372127485361,-0.132982104084777496284925804953163538731647745994306278725146,0.232448223978805625928768548761709115317088063501423430318713,0.0369494666566005737373212435856322262789987478192678856078454,4.39759365136356443666193682589053287053586195664972742805324,False,,,False,True
839,164,0.041742362571823077452395438632468687547351001824961606882699,-0.096032637428176922547604561367531312452648998175038393117301,0.112935590642955769363098859658117171886837750456240401720675,-0.0231089351903556724945083798739621766303103517688095717055993,0.52822199465193413857687955083949578293258532599615020010102,False,,,True,False
840,260,0.0186334273814674049578870587585065109170406500561520351770997,-0.1191415726185325950421129412414934890829593499438479648229,0.167158356845366851239471764689626627729260162514038008794275,0.00119310557368026347573593620394354495371217575199999021516706,1.05116372736629260725005157549572347108829938090505414240894,False,,,True,True
841,72,0.0198265329551476684336229949624500558707528258081520253922668,-0.117948467044852331566377005037549944129247174191847974607733,0.0499566332387869171084057487406125139676882064520380063480667,-0.0111815044754774820465989657387378552168855400365785693089579,0.376090184525587298789627219762671027532363657718005138847231,False,,,True,False
842,339,0.00864502847967018638702402922371220065386728577157345608330888,-0.129129971520329813612975970776287799346132714228426543916691,0.214036257119917546596756007305928050163466821442893364020827,0.0249328761642414980911240086423686988121159958708240291357636,1.87480157867461706885580377258737585596896445521151728052306,False,,,False,True
843,193,0.0335779046439116844781480378660808994659832816423974852190725,-0.104197095356088315521851962133919100534016718357602514780928,0.129019476160977921119537009466520224866495820410599371304768,-0.020771015770253873321404177146601606968826727974815595933715,0.564741982122361156673962646031915341283439701698202016819379,False,,,True,False
844,113,0.0128068888736578111567438607194792924971565536675818892853575,-0.124968111126342188843256139280520707502843446332418110714643,0.0738267222184144527891859651798698231242891384168954723213394,-0.00962946597127414964877829478630632978136910461964180040103311,0.596893290889792397337622667392810943729643784944173432203827,False,,,True,False
845,297,0.00317742290238366150796556593317296271578744904794008888432438,-0.134597577097616338492034434066827037284212550952059911115676,0.186419355725595915376991391483293240678946862261985022221081,0.00434574834612613033726001105521324822865775455040029469453708,1.36100365567638439718503161291400359988853790151699097648384,False,,,True,True
846,46,0.00752317124850979184522557698838621094444520359834038357886146,-0.130251828751490208154774423011613789055554796401659616421139,0.0306307928121274479613063942470965527361113008995850958947154,-0.0053644039844108643923537905006164514637619553155158385656788,0.410302946996787031256846653213338658707117631654676832260458,False,,,True,False
847,391,0.00215876726409892745287178648776975948068324828282454501318266,-0.135616232735901072547128213512230240519316751717175454986817,0.244914691816024731863217946621942439870170812070706136253296,0.0533373094155718427566823654755399930924940523723004683795222,8.11733497500532163832570851853354525473679265281486273111804,False,,,False,True
848,214,0.0554960766796707702095541519633097525731773006551250133927049,-0.0822789233203292297904458480366902474268226993448749866072951,0.147624019169917692552388537990827438143294325163781253348176,-0.0218487711608386109873888484927918762682856602701965073674342,0.6130295287604320559501312205177126875753604836566223342761,False,,,True,False
849,147,0.0336473055188321592221653034705178763048916403849285060252707,-0.104127694481167840777834696529482123695108359615071493974729,0.100286826379708039805541325867629469076222910096232126506318,-0.0134339924265943704536375358324139227662036787042569353613382,0.604369802783204703920162218439948469706924892282389779422727,False,,,True,False
850,320,0.0202133130922377887685277676381039535386879616806715706639325,-0.117561686907762211231472232361896046461312038319328429336068,0.205053328273059447192131941909525988384671990420167892665983,0.0121283572105421772135047478844806861303960028649492008586783,1.32847808626636473353719992591208575715257436820012359318268,False,,,True,True
851,241,0.0323416703027799659820325155225846396690839645456207715226107,-0.105433329697220034017967484477415360330916035454379228477389,0.158710417575694991495508128880646159917270991136405192880653,-0.00379496237087987609794288598601773974230015355603461663263625,0.887762502698146836843064571295877176489242361637358807540384,False,,,True,False
852,100,0.0285467079319000898840896295365668999267838109895861548899745,-0.109228292068099910115910370463433100073216189010413845110026,0.0696366769829750224710224073841417249816959527473965387224936,-0.0186269322247080976676980255008151450109014485879359460612014,0.39337355310498837030441375666329951980405505892441340931666,False,,,True,False
853,352,0.00991977570719199221639160403575175491588236240165020882877305,-0.127855224292808007783608395964248245084117637598349791171227,0.222479943926797998054097901008937938728970590600412552207193,0.0327673579481752809868329176880421778371261180576745272732089,2.47864261460548765188031431907154768765465098422207955225281,False,,,False,True
854,179,0.0426871336553672732032245217237939327530084804593247361019819,-0.0950878663446327267967754782762060672469915195406752638980181,0.122546783413841818300806130430948483188252120114831184025495,-0.0216974335119340741203840665233787665107362298502719942085515,0.550717635819496102817308457594433767751323777820017793785888,False,,,True,False
855,277,0.0209897001434331990828404552004151662422722506090527418934304,-0.11678529985656680091715954479958483375772774939094725810657,0.178372425035858299770710113800103791560568062652263185473358,0.00451426413277741935898386310980602185856757786305787372047024,1.15396102287069553785550167807717625600973377899059549318327,False,,,True,True
856,122,0.0255039642762106184418243183102211881008398284721106156139006,-0.112271035723789381558175681689778811899160171527889384386099,0.0826259910690526546104560795775552970252099571180276539034752,-0.02130964816441996843247114458511341908355001156109478799041,0.426651914038405907925651822396516978091074175252809049143807,False,,,True,False
857,374,0.00419431611179065000935317372510776901728981691101582762349066,-0.133580683888209349990646826274892230982710183088984172376509,0.234798579027947662502338293431276942254322454227753956905873,0.0441698672378241976396751629146978149086940397200464056873845,7.8630675058712418238569371530158085184292244694324893060421,False,,,False,True
858,207,0.0483641833496148476490283366398055839259838566310622333108752,-0.0894108166503851523509716633601944160740161433689377666891248,0.141466045837403711912257084159951395981495964157765558327719,-0.022428335296253109927409880267206893264150720473069729353138,0.583609488250036222402851701457291574964064523274933874023365,False,,,True,False
859,83,0.0259358480533617377216184563725986906618331361579925039577372,-0.111839151946638262278381543627401309338166863842007496042263,0.0583589620133404344304046140931496726654582840394981259894343,-0.00537660189812041010048772639626677350090160842340746217265731,0.678321885615972452391218518245158028111420956047405273072479,False,,,True,False
860,302,0.0205592461552413276211307299763319171609315277345850417850799,-0.11721575384475867237886927002366808283906847226541495821492,0.19388981153881033190528268249408297929023288193364626044627,0.005274443176710675738323245852915255971688942151788640892868,1.12787824408050290667883065087645616603185006599042072082844,False,,,True,True
861,160,0.0258336893319520033594539758292471731326204698863736826779479,-0.111941310668047996640546024170752826867379530113626317322052,0.106458422332988000839863493957311793283155117471593420669487,-0.017746868436867366789710590015222637597117247259368280306956,0.580773674580224487655682783304051833010211405897234905760055,False,,,True,False
862,257,0.00808682089508463656974338581402453553550322262700540237099188,-0.129688179104915363430256614185975464464496777372994597629008,0.162646705223771159142435846453506133883875805656751350592748,0.00151503537507623141373817186549477292967357664693475548325,1.09194272112917407240321150598733166501146297048360201061842,False,,,True,True
863,52,0.00960185627016086798348155767951930846517679927394015785424188,-0.128173143729839132016518442320480691534823200726059842145758,0.0349004640675402169958703894198798271162941998184850394635605,-0.00649945336226201617303264579036428507870801419199768984643429,0.398484523722727173340413734466684495958129296072463563368114,False,,,True,False
864,346,0.00310240290789885181044891188915502338646878508194246800780759,-0.134672597092101148189551088110844976613531214918057531992192,0.217025600726974712952612227972288755846617196270485617001952,0.0243437300111824014068849474002400026039048859120097801081357,1.9798715528359452231240253348627621484757131137060925725508,False,,,False,True
865,187,0.0274461329190812532173338592893950259903736709939522481159433,-0.110328867080918746782666140710604974009626329006047751884057,0.123736533229770313304333464822348756497593417748488062028986,-0.0191383046365558761597952774558091786956632140113898718281293,0.563059238998069356665753438467613007164578722808644685678564,False,,,True,False
866,104,0.00830782828252537705753858183358584729471045698256237628781392,-0.129467171717474622942461418166414152705289543017437623712186,0.0670769570706313442643846454583964618236776142456405940719535,-0.00653458237955310112548484117911217295293572115409047554313032,0.557184968881487937091764689984939152171103304168010104366138,False,,,True,False
867,398,0.0017732459029722759320537406544736743417747358284719007446836,-0.136001754097027724067946259345526325658225264171528099255316,0.249193311475743068983013435163618418585443683957117975186171,0.0509167068794699597167780120461958764246551150812697898012512,13.7532336783818059884606640870755124672296022592948064329692,False,,,False,True
868,235,0.0526899527824422356488317527006695507664298509097416905459348,-0.0850850472175577643511682472993304492335701490902583094540652,0.160047488195610558912207938175167387691607462727435422636484,-0.0174104912534035895100050571441554988330423260957246442800635,0.662332519939111551050482961667634905833331900730466233464211,False,,,True,False
869,288,0.0352794615290386461388266955565140519333875248140170462658713,-0.102495538470961353861173304443485948066612475185982953734129,0.188819865382259661534706673889128512983346881203504261566468,0.0115558921378778735074434436754822572639622465850761349566503,1.36942461153011435246507164516907023965038945223502164308413,False,,,True,True
870,141,0.0468353536669165196462701392319963091973497713990931812225216,-0.0909396463330834803537298607680036908026502286009068187774784,0.0998338384167291299115675348079990772993374428497732953056304,-0.025602161006536428187875119837487450708589940700283039427525,0.433271275745111841704064783191519700693853832692885723217211,False,,,True,False
871,328,0.0212331926603800914583950193945088584887598306988101417949966,-0.116541807339619908541604980605491141511240169301189858205003,0.210308298165095022864598754848627214622189957674702535448749,0.0219558116815907216595079763569546809879540890422818251257905,1.80558212682779284232899247776148645302113265472403981502765,False,,,True,True
872,196,0.0431890043419708131179029957514635394767139197410919669207872,-0.0945859956580291868820970042485364605232860802589080330792128,0.133297251085492703279475748937865884869178479935272991730197,-0.017982323836153998642128769054829141215850111936392037320807,0.577353929913470878183493414583486907064133354606460693135102,False,,,True,False
873,86,0.0252066805058168144757742266966343982608638078046999295999801,-0.11256831949418318552422577330336560173913619219530007040002,0.060051670126454203618943556674158599565215951951174982399995,-0.0127214786473121230082512525847227682393869555122792449598867,0.464054686978804813423542480827053084420630163488083603837365,False,,,True,False
874,362,0.0124852018585046914675229741119116300214768522924206846400934,-0.125289798141495308532477025888088369978523147707579315359907,0.229371300464626172866880743527977907505369213073105171160023,0.034429440727044635104459099421255714832382210612344190333694,2.74211842719266515210769711653606277948970546889755705203762,False,,,False,True
875,225,0.0469146425855493265719820735331673448538590629047648749737874,-0.0908603574144506734280179264668326551461409370952351250262126,0.152353660646387331642995518383291836213464765726191218743447,-0.016304164474788075020158723794295107828920505623706196896113,0.682839503802770754256180143321286900638936493024630647638255,False,,,True,False
876,129,0.0306104781107612515518233497388722370249385572810586780776744,-0.107164521889238748448176650261127762975061442718941321922326,0.0882776195276903128879558374347180592562346393202646695194186,-0.0108499859581180423911666227708818740551509936447386595540917,0.617663206029643001200866577677257214711664535491716251298776,False,,,True,False
877,307,0.0197604921526432091606567269679903629697875636363200185235827,-0.118014507847356790839343273032009637030212436363679981476417,0.196815123038160802290164181741997590742446890909080004630896,0.00524140311373463704238880649985080975422273754161932646524044,1.12230468626733355012764454152681659907774788753456538707843,False,,,True,True
878,170,0.0250018952663778462030455334678411727240103011779393449888232,-0.112773104733622153796954466532158827275989698822060655011177,0.112500473816594461550761383366960293181002575294484836247206,-0.0157975843754858485973254236710148844050209032996184851681338,0.612055850118606391621521690700511245043330965840806308965942,False,,,True,False
879,269,0.00920431089089199760572010979682628831898939787832085982068934,-0.128570689109108002394279890203173711681010602121679140179311,0.170426077722722999401430027449206572079747349469580214955172,0.00726956516192752527333483240743135720163127029693584128016858,1.50099409660257917689316397171422384832857054867119108207733,False,,,True,True
880,67,0.0164738760528195228790549422042576455206206681752567011008579,-0.121301123947180477120945057795742354479379331824743298899142,0.0459934690132048807197637355510644113801551670438141752752145,-0.00960202905414666120551308295507898040931378673432809561346127,0.288978106804256256618937276805579072112409027372989538135075,False,,,True,False
881,382,0.00687184699867286167354185924917866511130688144092860548739666,-0.130903153001327138326458140750821334888693118559071394512603,0.240467961749668215418385464812294666277826720360232151371849,0.0388807903589872472736586223382634247016246049378477745627134,2.83775465618697108655965268060368366784742828264642196587364,False,,,False,True
882,206,0.04575263735766010894720048158744208981293148637877638005011,-0.09202236264233989105279951841255791018706851362122361994989,0.140188159339415027236800120396860522453232871594694095012528,-0.020552231034230401680366779004206791553527314596793607154898,0.597875405790651700059641509234303262139977362262762727933203,False,,,True,False
883,116,0.0252004063234297072668337025832352982594041717819827728952121,-0.112574593676570292733166297416764701740595828218017227104788,0.078800101580857426816708425645808824564851042945495693223803,-0.00542285628187749580882804070561052504068862694718869469766455,0.696057422781245794654732666237814766939876784604031394643204,False,,,True,False
884,333,0.0197775500415522114580056618776247732187155448347940781975475,-0.117997449958447788541994338122375226781284455165205921802452,0.213069387510388052864501415469406193304678886208698519549387,0.0156109479603613473467029102307260749262720734712777570977259,1.44932952518206668706671851721529923221929659797313437423454,False,,,True,True
885,246,0.0353884980019135588047085721083508481449876183060718352952734,-0.102386501998086441195291427891649151855012381693928164704727,0.162597124500478389701177143027087712036246904576517958823818,-0.00707873793084110183707233815732622230780793579342881872039319,0.843188073319489249197723814536470804035315390671077815559009,False,,,True,False
886,149,0.0283097600710724569676362339510246258371796825126430165748803,-0.10946523992892754303236376604897537416282031748735698342512,0.10020244001776811424190905848775615645929492062816075414372,-0.0189156721532971136630812443818464591006781807739745101648111,0.503918274342315165802722148157939675281006135039996096268259,False,,,True,False
887,354,0.00939408791777534330455498956917816673650150173866850641006911,-0.128380912082224656695445010430821833263498498261331493589931,0.223598521979443835826138747392294541684125375434667126602517,0.0302888277438795324038591544230684729832869164860683119380467,3.46087469778201997225930008685844835938113039148666624600102,False,,,False,True
888,186,0.0396829156616548757084141439922466397197884182247368183481158,-0.0980920843383451242915858560077533602802115817752631816518842,0.126170728915413718927103535998061659929947104556184204587029,-0.0171382675524938592001378406050315665216673878808004600421615,0.605200924317590246984403178489515672949367824994416494496732,False,,,True,False
889,284,0.0225446481091610165082763033872150731981210303439363583059543,-0.115230351890838983491723696612784926801878969656063641694046,0.183136162027290254127069075846803768299530257585984089576489,0.0099671448582710939664590811618800741825850245132681878210226,1.45523079171456699882283410444010744856925379630530709173842,False,,,True,True
890,95,0.0325117929674321104747353845490951473807060548572045461269769,-0.105263207032567889525264615450904852619293945142795453873023,0.0675029482418580276186838461372737868451765137143011365317442,-0.0260160086922882527103410420680086081387591152630462621252993,0.373780799240996896789819312352968380660555753877925246798548,False,,,True,False
891,315,0.00649578427514385776439434248108653924194693959415828400167767,-0.131279215724856142235605657518913460758053060405841715998322,0.198498946068785964441098585620271634810486734898539571000419,0.0199211546207614470733826548176442918112752944855700424430854,2.14188337078987786945687947046607015409970977109966425584903,False,,,True,True
892,161,0.026416938895905304837776997298730831053222234079728326444763,-0.111358061104094695162223002701269168946777765920271673555237,0.107229234723976326209444249324682707763305558519932081611191,-0.0189732881874533572161720599260252766418116499778160678978218,0.529950495192322505365324176894319402716907157051524688036666,False,,,True,False
893,46,0.00744365070845194762160493737270555441141058410191225854694126,-0.130331349291548052378395062627294445588589415898087741453059,0.0306109126771129869054012343431763886028526460254780646367353,-0.00339154485316475229088195433306588332270347727936546537492928,0.440918430180330678213704080492227749774880872524261219497075,False,,,True,False
894,387,0.00405210585528719533072298303963967108870710682254679317201198,-0.133722894144712804669277016960360328911292893177453206827988,0.242888026463821798832680745759909917772176776705636698293003,0.0494764133221780862830037822315673846713815058414144443209848,6.04850613194531157633144113429834036689673464215875056153469,False,,,False,True
895,228,0.0535285191774652816137267652712070557600886126639612374929967,-0.0842464808225347183862732347287929442399113873360387625070033,0.155882129794366320403431691317801763940022153165990309373249,-0.0216418823114914006196244828674133945452935583098098362363189,0.617624031906358381647710373500316830055937301591640339563047,False,,,True,False
896,130,0.0318866368659738809941022824037936612147950543541514012566778,-0.105888363134026119005897717596206338785204945645848598743322,0.0892216592164934702485255706009484153036987635885378503141695,-0.0111591379198919573800885506269790616570149897727673845378493,0.627516445425375306422395007298703624126533159435762913555897,False,,,True,False
897,294,0.0207274989460819236140137317768145995577800645813840167188285,-0.117047501053918076385986268223185400442219935418615983281171,0.188931874736520480903503432944203649889445016145346004179707,0.00122003672810764247120937520570254245546619673360897046636261,1.0265178054887146049085056926652620981058421929416099352678,False,,,True,True
898,198,0.0219475356741895660852231069825171420132462613149929871851911,-0.115827464325810433914776893017482857986753738685007012814809,0.129236883918547391521305776745629285503311565328748246796298,-0.0109620776541038755342567894013572796022234453248583316786092,0.646998155557421155683048604455947031941011679114660139249778,False,,,True,False
899,70,0.0109854580200856905509663175811598624110228159901346555065819,-0.126789541979914309449033682418840137588977184009865344493418,0.0464963645050214226377415793952899656027557039975336638766455,-0.00167974876707920839662602982668822939656024450349466878558614,0.720486317932858784930144259204024246174887200010178977562388,False,,,True,False
900,365,0.00930570925300648215434028775447163301446257148663998672099581,-0.128469290746993517845659712245528366985537428513360013279004,0.230451427313251620538585071938617908253615642871659996680249,0.0279720053939055161349584577963267741216507345132340668449526,2.11035661785944623551548471560973626661659450270320336463526,False,,,False,True
901,253,0.0372777146469119982892987455507984071361133059998740535659485,-0.100497285353088001710701254449201592863886694000125946434052,0.167444428661727999572324686387699601784028326499968513391487,-0.00496451444884927402804806489070915861235818158904995659973948,0.886243311113242415131214663613919035983758852083684140287888,False,,,True,False
902,144,0.032313200198062724261250680660089248523755124410824096966209,-0.105461799801937275738749319339910751476244875589175903033791,0.0980783000495156810653126701650223121309387811027060242415522,-0.0187462661365200693656744150361495459113989803175045967699137,0.46151684721039040704573495614843066831907993348081508869337,False,,,True,False
903,325,0.0135669340615426548955762656239397026123561440933195001962952,-0.124208065938457345104423734376060297387643855906680499803705,0.206516733515385663723894066405984925653089036023329875049074,0.0174197454375361133862681486925505136515983342581797850533727,1.7214967675155425962254083609467775324498450046205732718861,False,,,True,True
904,178,0.030986679499078768281844414316490216263954478351499285249668,-0.106788320500921231718155585683509783736045521648500714750332,0.118996669874769692070461103579122554065988619587874821312417,-0.0179235325645189067742988294278360023660492753557449283567392,0.539004987242334937541868304700807329052530662985888852835341,False,,,True,False
905,81,0.0130631469345598615075455848886542138979052029957543568929288,-0.124711853065440138492454415111345786102094797004245643107071,0.0538907867336399653768863962221635534744763007489385892232322,-0.00816139704249689819545740926810771723390958439549260701116073,0.544724120610455165085170033747046007547784386248436392019105,False,,,True,False
906,344,0.00490174989206296331208817562054649666399561860026174988176805,-0.132873250107937036687911824379453503336004381399738250118232,0.216225437473015740828022043905136624165998904650065437470442,0.025312656705332021936904672902251936235043632568099429891758,1.92996669352632138674181859116375203945127617965386445349686,False,,,False,True
907,222,0.0302144065973949852489928485227984328990392511683611797735261,-0.107560593402605014751007151477201567100960748831638820226474,0.146303601649348746312248212130699608224759812792090294943382,-0.0144163863860295668098985372653008313819391440279016345439234,0.676695894534098574153409421429481442761310168997437988258322,False,,,True,False
908,112,0.0157980202113654184390943112574976015171001071404595452296026,-0.121976979788634581560905688742502398482899892859540454770397,0.0739495050528413546097735778143744003792750267851148863074007,-0.0113134285594916006812786231820381231481919263986489080132433,0.580344793024715187698052535781666706084346291957739354188957,False,,,True,False
909,280,0.00448459165187381775781568807545947836890818074181063721635931,-0.133290408348126182242184311924540521631091819258189362783641,0.17612114791296845443945392201886486959222704518545265930409,0.00215982501525541300006414592245907263738570447777843552668864,1.15743588366115265875768044091553675376392643944916272827433,False,,,True,True
910,44,0.00664441666712923075787983399791855100629388521958907274304794,-0.131130583332870769242120166002081448993706114780410927256952,0.029161104166782307689469958499479637751573471304897268185762,-0.00426951312992110570097821806261927674378336404225928563992023,0.303661606021438328971411557874888827792701120772574634034116,False,,,True,False
911,393,0.00237490353720812505690161593529927426251052117732978710312771,-0.135400096462791874943098384064700725737489478822670212896872,0.246218725884302031264225403983824818565627630294332446775782,0.049725435416417600216674870052541298304350039397908243937725,5.27602165176683098967953391707336509840027429644339323269521,False,,,False,True
912,192,0.0521003389536257252735764859878405725668605605752380310408528,-0.0856746610463742747264235140121594274331394394247619689591472,0.133025084738406431318394121496960143141715140143809507760213,-0.0229451106125967575576099743740322154783565873957886377643875,0.568409974525041823077369061255544766762623860411642550712903,False,,,True,False
913,263,0.0291552283410289677159665116138083570885039731794493932764653,-0.108619771658971032284033488386191642911496026820550606723535,0.171663807085257241928991627903452089272125993294862348319116,0.000589601214174610367439610102081670758466493251357363159317684,1.01584171067868547831141295824817109903890139303207642089419,False,,,True,True
914,131,0.029744829555203578083406121715890027846970466430806756435783,-0.108030170444796421916593878284109972153029533569193243564217,0.0893112073888008945208515304289725069617426166077016891089457,-0.0155131330298416976943349807518256715346929402562457858292441,0.495522657920913027698547874625253450187056642932059947907562,False,,,True,False
915,335,0.0142316965253618803890711409640643563122775261745609706065389,-0.123543303474638119610928859035935643687722473825439029393461,0.212932924131340470097267785241016089078069381543640242651635,0.0183312702910286859349307217211026618258975601889066838828393,1.63400874166618052725221124452755232416706000039405489867103,False,,,False,True
916,166,0.0325629668163905663240018626851670181381750863634676544893781,-0.105212033183609433675998137314832981861824913636532345510622,0.111890741704097641581000465671291754534543771590866913622345,-0.0185640876279390779236498377943589189266134696439193636031917,0.558454302687137588644016483352330978552459271350696477650387,False,,,True,False
917,301,0.0139988791884514884003520248908080992115616167195482908861864,-0.123776120811548511599647975109191900788438383280451709113814,0.191624719797112872100088006222702024802890404179887072721547,0.013679463744867737275581566723854516663365791221830302260541,1.76838158301284630087468855052511174349822520256388686967945,False,,,True,True
918,92,0.0276783429333192256759335916146626158749274079413785931467275,-0.110096657066680774324066408385337384125072592058621406853273,0.0644195857333298064189833979036656539687318519853446482866819,-0.0182922388135588504976025961234143739817314490419681116706706,0.461180966577776365979377755706190259601969758154338758087029,False,,,True,False
919,234,0.0093861041197603751783309954912482418931959588994104814760569,-0.128388895880239624821669004508751758106804041100589518523943,0.148596526029940093794582748872812060473298989724852620369014,-0.00165529895164709237660554746656989868527026474857003375849718,0.853231338737316500813596993390040543031787618411546362048061,False,,,True,False
920,373,0.00773080516811328280172544802467834320792569415084044771755972,-0.13004419483188671719827455197532165679207430584915955228244,0.23505770129202832070043136200616958580198142353771011192939,0.0372712726945410940503671136919421571200599360049983224361973,3.7566913646734517156494694703006210053923326388949932841166,False,,,False,True
921,152,0.045002077862654376852092561716620500327985630155838770153757,-0.092772922137345623147907438283379499672014369844161229846243,0.106250519465663594213023140429155125081996407538959692538439,-0.0236059778696882436849889779238739483365476362778490979362365,0.507616971864928499826311003870024354264692211673970946712294,False,,,True,False
922,271,0.0213960999929661331671035837927465519914379938779896722175205,-0.116378900007033866832896416207253448008562006122010327782479,0.17472402499824153329177589594818663799785949846949741805438,0.00160004512672819503246088922954820715952176075861810061849428,1.06222226193497849108738962304459190047653645322355543663484,False,,,True,True
923,79,0.0229961451196943281995644730222947591509597546366077728360148,-0.114778854880305671800435526977705240849040245363392227163985,0.0551240362799235820498911182555736897877399386591519432090037,-0.0141250046401912914067620311953322728703694070198847331986405,0.443998377323829490403260355513004749352513964203968344698343,False,,,True,False
924,351,0.00887114047950303679280244182696248628059034761672303963737428,-0.128903859520496963207197558173037513719409652383276960362626,0.221592785119875759198200610456740621570147586904180759909344,0.0363190794155503724884973091108444594527908397349791308041501,2.90374199552740338472285328785142282700816956315258182504328,False,,,False,True
925,201,0.0451902198950534092812997509378069457333811873517021704415244,-0.0925847801049465907187002490621930542666188126482978295584756,0.136922554973763352320324937734451736433345296837925542610381,-0.0246610409649401670346964536165906777548375310948485901213438,0.547244741400968244233847238400564235553675104316440839240022,False,,,True,False
926,121,0.0205291789301132422466032973212162679785436562568535803201806,-0.117245821069886757753396702678783732021456343743146419679819,0.0807572947325283105616508243303040669946359140642133950800451,-0.0097346598044075077767863340612575500768617098602422707681489,0.591410410313157262788285303714205708354395978415897467063877,False,,,True,False
927,311,0.0107945191257057344698169632599587179016819463966113095520317,-0.126980480874294265530183036740041282098318053603388690447968,0.197073629781426433617454240814989679475420486599152827388008,0.00797154765543232088478163784529156044235495813667739104127652,1.19581802794031276232378871092134849952581427348359128491012,False,,,True,True
928,220,0.0187660667811380553545986011052502783440369045332887005933082,-0.119008933218861944645401398894749721655963095466711299406692,0.142191516695284513838649650276312569586009226133322175148327,-0.00601630153724384486470751858602442027491732089295485359745442,0.761443174758634166009291180273476630662863395172853026859029,False,,,True,False
929,59,0.0127497652438942104898910825192258580691195836403338469958538,-0.125025234756105789510108917480774141930880416359666153004146,0.0400624413109735526224727706298064645172798959100834617489635,-0.00948499938791318412164790441441074266667699839275922685375148,0.306070961419166576017778515881330568662355257380414952150435,False,,,True,False
930,379,0.00326476585598102636824317810481511540244258524757462014210233,-0.134510234144018973631756821895184884597557414752425379857898,0.237691191463995256592060794526203778850610646311893655035526,0.0416128953890553533134291817341656564561405728561760741904541,3.5524603209308177836574437120211489283350914205611403929324,False,,,False,True
931,173,0.0448776612450363796816723598389807718585831581037506943325564,-0.0928973387549636203183276401610192281414168418962493056674436,0.119344415311259094920418089959745192964645789525937673583139,-0.0193422970629387697066782259185795750965457035956604695294714,0.583955037845919904243419475207648298849050230855151991576841,False,,,True,False
932,282,0.025535364182097609974994133920401196762037454508090224803085,-0.112239635817902390025005866079598803237962545491909775196915,0.182633841045524402493748533480100299190509363627022556200771,0.00273555417407649057410806463733758611809696302838475192952936,1.08134027597163888267026745644851574215398614402843271787213,False,,,True,True
933,111,0.0282709183561741005491021985577387828801344175364749767326144,-0.109504081643825899450897801442261217119865582463525023267386,0.0764427295890435251372755496394346957200336043841187441831536,-0.0186995161508585303050035264997835709166860288773015408205509,0.476172187562618278862350539913469661569974361290651548356626,False,,,True,False
934,328,0.00957140220531557024409867205795521196344838865917343591206351,-0.128203597794684429755901327942044788036551611340826564087936,0.207392850551328892561024668014488802990862097164793358978016,0.0222144114674717123384634685867833774235521202454633138869782,1.75081931148823570931936505751415019752502591591589501401866,False,,,True,True
935,194,0.0317858136727872825825621406447385893870005089046367497990417,-0.105989186327212717417437859355261410612999491095363250200958,0.12919645341819682064564053516118464734675012722615918744976,-0.018921789042989638336840534173371410336313900623305502352851,0.584294399096043771107989511167159512778144640515698805797791,False,,,True,False
936,72,0.0128640246297976442457216064713671790506866082813312474461907,-0.124910975370202355754278393528632820949313391718668752553809,0.0482160061574494110614304016178417947626716520703328118615477,-0.00932190492061383112488482024751525646977183061651167774082218,0.544840978989126703550171599790191434631677277465190079357537,False,,,True,False
937,255,0.00354211970918381312083678622385192258091477766481956970536855,-0.134232880290816186879163213776148077419085222335180430294631,0.160260529927295953280209196555962980645228694416204892426342,-0.00180889502648805361465756356023212812463055492713004825187052,0.860084133296511627319497091871699392795089194127440524411684,False,,,True,False
938,389,0.00173322468269575950617922266361979445628422273768952145349804,-0.136041775317304240493820777336380205543715777262310478546502,0.243558306170673939876544805665904948614071055684422380363375,0.0494253555296470850635738607005602772163980045998206297570058,10.827900507636559480087212016150689363022810185126694316004,False,,,False,True
939,155,0.0511585802123428445697530833641800716726822273375101512105038,-0.0866164197876571554302469166358199283273177726624898487894962,0.109664645053085711142438270841045017918170556834377537802626,-0.0237315206187037755779405763015640206702876218826908489083287,0.516769168207278683148339561225040373685024323920216813148893,False,,,True,False
940,293,0.0274270595936390689918125070626160510023946054548193023021751,-0.110347940406360931008187492937383948997605394545180697697825,0.189981764898409767247953126765654012750598651363704825575544,0.00600357899053887973417842017218939587260475732643495067153465,1.17484032521683504243298865195284573795682687046852241180248,False,,,True,True
941,125,0.0334306385841779487259909272348054468749993627812542529737098,-0.10434436141582205127400907276519455312500063721874574702629,0.0864826596460444871814977318087013617187498406953135632434274,-0.0176446789395045889435571791837662973897984371130846406337945,0.544354409895710005259033781577353806901358190238061824197104,False,,,True,False
942,233,0.0157859596446733597824337480510391494852009256681696123399153,-0.121989040355326640217566251948960850514799074331830387660085,0.149571489911168339945608437012759787371300231417042403084979,-0.00390260713700805511911985272489045146349319328999741857154899,0.800170741229934149243589965491557336286805405112799486955078,False,,,True,False
943,357,0.0118833525076653046633138953261486980217077323781721937683663,-0.125891647492334695336686104673851301978292267621827806231634,0.226095838126916326165828473831537174505426933094543048442092,0.0304174324802505394767406275362543751650583901996171903267088,3.05021556964327453997191427523482394724210882816028824579006,False,,,False,True
944,180,0.0423007849879158441400545228624030731867661225777893840950751,-0.0954742150120841558599454771375969268132338774222106159049249,0.123075196246978961035013630715600768296691530644447346023769,-0.0209741664341834886554434803331510316187122277852699847834213,0.52363103977886933428780599078568770021585209074688719853666,False,,,True,False
945,83,0.0213266185537323554846110425292520415680538947925193993116538,-0.116448381446267644515388957470747958431946105207480600688346,0.0572066546384330888711527606323130103920134736981298498279135,-0.00628878651924479583492435037758622269678182721496852265027223,0.601284892742916681188959061786303112966526248564984397135457,False,,,True,False
946,317,0.0150378320344875596496866921516658188712720675775508766613816,-0.122737167965512440350313307848334181128727932422449123338618,0.201884458008621889912421673037916454717818016894387719165345,0.00939815306986253249127712047705321430449469609345139261240544,1.23020214952801614399074467895182437721384217087607273690138,False,,,True,True
947,214,0.024435985104350092140963812628719033175766763671002269273787,-0.113339014895649907859036187371280966824233236328997730726213,0.139858996276087523035240953157179758293941690917750567318447,-0.0128844038346761418406360147011879398467903858570898069688136,0.682260211452732803417286003223690979075315189247191960164389,False,,,True,False
948,56,0.0115515812696739503003277979275310933289763778139124623049734,-0.126223418730326049699672202072468906671023622186087537695027,0.0378878953174184875750819494818827733322440944534781155762434,-0.00700739365413013363375300804821517777316823055496829615886554,0.455537939542226378301227860340288577940436651907813445970559,False,,,True,False
949,368,0.0045441876155438166665747898793159155558081472589441661461079,-0.133230812384456183333425210120684084444191852741055833853892,0.231136046903885954166643697469828978888952036814736041536527,0.0370386767578453709078577516010392022110824835997999195178206,3.21773001392757249336179613652656118013621929339059667288689,False,,,False,True
950,160,0.0415828643733891875744325414803551177668906308587440856639285,-0.0961921356266108124255674585196448822331093691412559143360715,0.110395716093347296893608135370088779441722657714686021415982,-0.0140611242734056362724402760144694591993817916770293118191932,0.635409889577828876569978521305161005090214338029488536364017,False,,,True,False
951,268,0.0275217400999835513019922654658856585675088391817147738447353,-0.110253259900016448698007734534114341432491160818285226155265,0.174380435024995887825498066366471414641877209795428693461184,-0.00645633501775828895992191722102979649416991707273262255015728,0.845324777503017258428283225369294863589412771526060070840413,False,,,True,False
952,110,0.021065405082225262342070348244855862073338922108982151294578,-0.116709594917774737657929651755144137926661077891017848705422,0.0740163512705563155855175870612139655183347305272455378236445,-0.0125050597082541960211096942832576924515117479571364635854082,0.502662248573112627485734749775966158966899146683115146523633,False,,,True,False
953,337,0.00856034537397106632096065396159816962182717415184568770916979,-0.12921465462602893367903934603840183037817282584815431229083,0.212765086343492766580240163490399542405456793537961421927292,0.0230236369785840568424153447614377980920034259954070089572073,1.76318999743589648460787957528457732496842574170219779469819,False,,,False,True
954,200,0.0315839823525551231633759987230359677138306001472526966663771,-0.106191017647444876836624001276964032286169399852747303333623,0.132895995588138780790843999680758991928457650036813174166594,-0.0192079775705028663096623381081962325088024780991559814427399,0.586119048334196218549922428540122503760523474987476457815474,False,,,True,False
955,71,0.0123760047820522568537136606148397352050281220480967152236372,-0.125398995217947743146286339385160264794971877951903284776363,0.0474690011955130642134284151537099338012570305120241788059093,-0.00611286306545103294512026149710812283484451860306995974391083,0.608316210002652758171658728496087701446387960305468404690887,False,,,True,False
956,298,0.00626314171660122390859339911773161237018360344502675547972633,-0.131511858283398776091406600882268387629816396554973244520274,0.187815785429150305977148349779432903092545900861256688869932,0.00604394479566321683822343771093865057544425425518931301988238,1.16445951536085921139520166564663219942732849213395416525923,False,,,True,True
957,142,0.0123070865122644407468168368286702629456278577002160684996087,-0.125467913487735559253183163171329737054372142299783931500391,0.0918267716280661101867042092071675657364069644250540171249022,-0.0106955734433702756422903453420666907725365249144939498082436,0.547747158840747882683321569317000702586393486214419225500871,False,,,True,False
958,399,0.00161151306889416510452649148660357217309133278572211869136513,-0.136163486931105834895473508513396427826908667214277881308635,0.249777878267223541276131622871650893043272833196430529672841,0.0536049724608983537465281550588529320785855705813347182011304,9.89594999458663172378473553852169352613600339252767025384218,False,,,False,True
959,238,0.0552164855297925188510546465454565042516769033670568368924955,-0.0825585144702074811489453534545434957483230966329431631075045,0.162554121382448129712763661636364126062919225841764209223124,-0.0180280953371244343147678850201431078864496148696993414979581,0.688883936455877831363892626887040334295008487306127750838178,False,,,True,False
960,172,0.0371883901926680845362867615253133963652272884973574953945374,-0.100586609807331915463713238474686603634772711502642504605463,0.116797097548167021134071690381328349091306822124339373848634,-0.0150374367430897337998323438262883426688496919479979553024203,0.60237272744371587332356535534622924544076394352712059672711,False,,,True,False
961,321,0.0221509534495783507364544176990250536963775965493595400921172,-0.115624046550421649263545582300974946303622403450640459907883,0.206162738362394587684113604424756263424094399137339885023029,0.0165885240161643725025141612284560562316871036552589268287226,1.73722090021296934008401986070517381086832006037476289733415,False,,,True,True
962,115,0.0387394774657427232389685789274811099280647002046184669208398,-0.0990355225342572767610314210725188900719352997953815330791602,0.0815598693664356808097421447318702774820161750511546167302099,-0.0170817887533848572650905701719401499019891405848773205948343,0.520603638940242446855952713568800316279182551728435236753526,False,,,True,False
963,262,0.0216576887123578659738780087555409600260755596197411463260055,-0.116117311287642134026121991244459039973924440380258853673995,0.169164422178089466493469502188885240006518889904935286581501,-0.00607946884304715525241983152416768672422750632777090347124835,0.813539038065226163546478457762123497914373445728414305015814,False,,,True,False
964,66,0.0155782198693107107214581772313732733018480532919702428547571,-0.122196780130689289278541822768626726698151946708029757145243,0.0451445549673276776803645443078433183254620133229925607136893,-0.00384854583886964355315087963942535946141819345110695178907465,0.544812716809683168397924013328182964751298903410820483929903,False,,,True,False
965,360,0.0117296740304410671683072975919479138404298598408632910656825,-0.126045325969558932831692702408052086159570140159136708934318,0.227932418507610266792076824397986978460107464960215822766421,0.0345168865889418809520501855884422584300230589550104502243022,2.53894974876684680071242187342329053975841886026328923333385,False,,,False,True
966,205,0.0462465606193829481203574831803901722704529187958737412899847,-0.0915284393806170518796425168196098277295470812041262587100153,0.139686640154845737030089370795097543067613229698968435322496,-0.0242736295226251329686122487574518743074259529011204674876412,0.573839113945354029278729356948717687580267762705459761209698,False,,,True,False
967,138,0.0219729310967578151517452344229382979630269658947532738023435,-0.115802068903242184848254765577061702036973034105246726197657,0.0917432327741894537879363086057345744907567414736883184505859,-0.00790743337761939008707759799950318986744460775213318984924628,0.697446222304870651073417203920080905041143659251308107933603,False,,,True,False
968,304,0.0140654977191384250646676364234351080955823581426200839530972,-0.123709502280861574935332363576564891904417641857379916046903,0.193516374429784606266166909105858777023895589535655020988274,0.00270300670534292648681644300158719877363545641828599993106873,1.08782121418887687689886870646804265182036028685354413848642,False,,,True,True
969,90,0.0167685044244813515514840794250223068692178145609060838841659,-0.121006495575518648448515920574977693130782185439093916115834,0.0604421261061203378878710198562555767173044536402265209710415,-0.00918922517789097847216762900947360124629864407034724883264378,0.56724973020029964499689360320942320578378891033098694181901,False,,,True,False
970,377,0.00757927924659037307931645041554870562291917049055883505152216,-0.130195720753409626920683549584451294377080829509441164948478,0.237519819811647593269829112603887176405729792622639708762881,0.0469897029605546587569394810384413783448236123191804377521515,5.18809041421144997924332686067344004626653873638905268882206,False,,,False,True
971,226,0.0545689822071450318362559314539900839677427828097392728036737,-0.0832060177928549681637440685460099160322572171902607271963263,0.154892245551786257959063982863497520991935695702434818200918,-0.0201713197716830265704008195874658479874535960518989738824086,0.651107090256473451709992188379360812538612607707933208267447,False,,,True,False
972,165,0.0343976624354620052658551118665242359802891867578402989212651,-0.103377337564537994734144888133475764019710813242159701078735,0.111724415608865501316463777966631058995072296689460074730316,-0.0131476731188490273847583035590922587691550438493633981513826,0.638967832784330257692694222525846560284761676520939197974199,False,,,True,False
973,284,0.0212499893166129778810968083074319772111341429084769007698825,-0.116525010683387022118903191692568022788865857091523099230118,0.182812497329153244470274202076857994302783535727119225192471,0.000974843501889158306722556715375863950005988426309745197452009,1.02843685144060990784921772469040524939917117525500505573589,False,,,True,True
974,105,0.0222248328185021361878193650228078411611401313347866459673345,-0.115550167181497863812180634977192158838859868665213354032666,0.0711812082046255340469548412557019602902850328336966614918336,-0.00946523217151208156021163056537711806108306021326837504689008,0.487556778144451489147364898829793423065280049738453796655727,False,,,True,False
975,343,0.0127596006469900546276077344574307231000570711215182709204444,-0.125015399353009945372392265542569276899942928878481729079556,0.217564900161747513656901933614357680775014267780379567730111,0.0227066417738004098620883149965069324557645922507256989721847,1.71815658161616790108360171491368958267847070911620114797127,False,,,False,True
976,193,0.0354662424207904644896960494539376555558216633722439698926291,-0.102308757579209535510303950546062344444178336627756030107371,0.129491560605197616122424012363484413888955415843060992473157,-0.0212751747506536128631774621563311245519514929584427669856989,0.585467702418633565500938195107803416642767466912249139241123,False,,,True,False
977,62,0.0141910676701368516265185872976065310038701704138012029069302,-0.12358393232986314837348141270239346899612982958619879709307,0.0422977669175342129066296468244016327509675426034503007267325,-0.00512534889366866773545510602133859616341956201423599863588732,0.645067375288327500696480391895453774129647062059970382562232,False,,,True,False
978,270,0.00906571877646818389106348127626793484045060839956520427104285,-0.128709281223531816108936518723732065159549391600434795728957,0.171016429694117045972765870319066983710112652099891301067761,-0.0039407865636363588957535389841426503788029855506266881881867,0.905625373449087895159310037175704208390047216741037285515005,False,,,True,False
979,131,0.00512493221283182499530994229212528446164762284893851608285614,-0.132650067787168175004690057707874715538352377151061483917144,0.083156233053207956248827485573031321115411905712234629020714,-0.000357196645476011603813581534097824833813700737531486814294276,0.899392449178260608798673728264965461302466421507313703544632,False,,,True,False
980,384,0.00476773556735581339149636075802745962783392211140702926856186,-0.133007264432644186608503639241972540372166077888592970731438,0.24119193389183895334787409018950686490695848052785175731714,0.0363269427142889539682523403839805347523257942086521070845138,2.94919590149265213863047140523558548777827778528920190803455,False,,,False,True
981,234,0.0410946782816447673597487011420079943801597163200591363530756,-0.0966803217183552326402512988579920056198402836799408636469244,0.156523669570411191839937175285501998595039929080014784088269,-0.0153000858687798492331913227884373975509873692599933508155648,0.708922108112322686269960620555038419400459530549469531029395,False,,,True,False
982,155,0.0257945924128649181265573783535705968291723470600657855375108,-0.111980407587135081873442621646429403170827652939934214462489,0.103323648103216229531639344588392649207293086765016446384378,-0.00588196727673001216199667975602676286604398343545372065365712,0.734125037217721909257298891848293255821644807046195921593306,False,,,True,False
983,325,0.0199126251361349059645606985975438339631283636246120648838537,-0.117862374863865094035439301402456166036871636375387935116146,0.208103156284033726491140174649385958490782090906153016220963,0.00948159353405347238459278806973457921134085311345908698617179,1.34708266155321365104335239318349368748975505128588812475223,False,,,True,True
984,97,0.0293942186701883783491534866672784131744692167380711518700255,-0.108380781329811621650846513332721586825530783261928848129975,0.0679735546675470945872883716668196032936173041845177879675064,-0.0131201615485367390932540958406979136521297502047068636220883,0.536609781371711008636809069613330929110647723149312063689226,False,,,True,False
985,292,0.0162740571216516392558993908265804995223394665333642882479372,-0.121500942878348360744100609173419500477660533466635711752063,0.186568514280412909813974847706645124880584866633341072061984,0.00671127094846167452265238341105835598036384061562486421006261,1.16903980516563698213272692848189337648849897434841022007298,False,,,True,True
986,186,0.0229853280701133137785517742376388555027033071489891524579998,-0.114789671929886686221448225762361144497296692851010847542,0.1219963320175283284446379435594097138756758267872472881145,-0.0154147285799080322396579837892220814118250381739020906882008,0.53918520048820334527781026906579897146934943947328758778338,False,,,True,False
987,46,0.007570599490205281538893790448416774090878268975087061769799,-0.130204400509794718461106209551583225909121731024912938230201,0.0306426498725513203847234476121041935227195672437717654424498,-0.00073978138490757018909818398791290971962221197868081598022679,0.803757188301958327849117449800442481578159403295575981478472,False,,,True,False
988,363,0.00683081810529771134979560646050386437125605699640624578957221,-0.130944181894702288650204393539496135628743943003593754210428,0.228582704526324427837448901615125966092814014249101561447393,0.0302741609755857815380890172917546824029038165525766908091528,2.18894459507280209878421447207374628025409001370104996002707,False,,,False,True
989,218,0.037104979080883492887884623752258546774159873548982936598725,-0.100670020919116507112115376247741453225840126451017063401275,0.145526244770220873221971155938064636693539968387245734149681,-0.0154667768914980636150742739641904494205871786246033953864751,0.669565952559192135151912052403285931608386320494796902701214,False,,,True,False
990,121,0.0216382021893854292728103497880680973535726949243795412122499,-0.11613679781061457072718965021193190264642730507562045878775,0.0810345505473463573182025874470170243383931737310948853030625,-0.0117860438002043366482283134649062519305129599738603317492154,0.546518744773189914331712030355181544464704442764524563728962,False,,,True,False
991,312,0.00985215838918109262458203632316184542305973495051920946303444,-0.127922841610818907375417963676838154576940265049480790536966,0.197463039597295273156145509080790461355764933737629802365759,0.007887562770621374750127863848955909057422028109349164307291,1.22838436041367418664319110775080236438125296962811666025351,False,,,True,True
992,166,0.0177397211598024673747099001721177544804817630598683737703254,-0.120035278840197532625290099827882245519518236940131626229675,0.108184930289950616843677475043029438620120440764967093442581,-0.0142598628619813373586862695298863904215177554376642965976497,0.612346197524860293688730097673002959458963829082385435861025,False,,,True,False
993,32,0.0034798582978211300160236306422313640589640076222040771726757,-0.134295141702178869983976369357768635941035992377795922827324,0.0208699645744552825040059076605578410147410019055510192931689,-0.000528316784919399851914363637355659001339313255591892345223174,0.678575714245040210598087458351721460132066991883793364790311,False,,,True,False
994,394,0.00295154151290173016410926700487570505762469436661218482745252,-0.134823458487098269835890732995124294942375305633387815172547,0.246987885378225432541027316751218926264406173591653046206863,0.0517731020720939842171819377796515612426230318439974231567792,10.6658438213439193149145150852717005560801350668343097506737,False,,,False,True
995,250,0.0547246435849957143812912047845272663002477262106096079842318,-0.0830503564150042856187087952154727336997522737893903920157682,0.169931160896248928595322801196131816575061931552652401996058,-0.0148813395640104896031483695841607780497021055391292709866392,0.723818798861361750243959304501952203586589163173163225673183,False,,,True,False
996,140,0.0398433040209852247781428352003664882505456206714803369975925,-0.0979316959790147752218571647996335117494543793285196630024075,0.0974608260052463061945357088000916220626364051678700842493981,-0.0152322094659068223986928431725363850188489817472669390761858,0.573848451469814360252497858090756746748340040943702034866815,False,,,True,False
997,281,0.0246110945550784023794499920278301032316966389242133979214067,-0.113163905444921597620550007972169896768303361075786602078593,0.181777773638769600594862498006957525807924159731053349480352,-0.00128507676091687590802072266657579579391558778121124207995294,0.96117498519432644983420631025033932383135370826629316317585,False,,,True,False
998,90,0.0233260177941615264714292693612543074377810511430021558414538,-0.114448982205838473528570730638745692562218948856997844158546,0.0620815044485403816178573173403135768594452627857505389603634,-0.0048750019347089492655193717759107626247171895816292767676409,0.614035960748103085397144460201507984226493555728825298814139,False,,,True,False
999,347,0.0184510158594525772059098975853435448130638615613728790738129,-0.119323984140547422794090102414656455186936138438627120926187,0.221487753964863144301477474396335886203265965390343219768453,0.0273888045109367482948916687884353527896359451970300889645952,1.97895486592405420111237158467829222405663067875908417626439,False,,,False,True
1000,202,0.0458398203703893255008015663737788976026998067584029680384081,-0.0919351796296106744991984336262211023973001932415970319615919,0.137709955092597331375200391593444724400674951689600742009602,-0.0269067861519783329684624236127362438079700241096493160233539,0.547727777039432484882566604150223250372033750861282998009496,False,,,True,False
1001,261,0.0189330342184109925323391427610426537947297826487536520150542,-0.118841965781589007467660857238957346205270217351246347984946,0.167858258554602748133084785690260663448682445662188413003764,0.00537888614449085323830225615438096123196523651422832901371862,1.18968963024185611716519252999838507188471430611881768847622,False,,,True,True
1002,113,0.0243119203629018457706413989154236150266950191629819810287728,-0.113463079637098154229358601084576384973304980837018018971227,0.0767029800907254614426603497288559037566737547907454952571932,-0.0146987248682907415431833493914842119890868261196785372719585,0.424963259262922289459780626326545320204564025281127440308943,False,,,True,False
1003,334,0.00961319549461110422745804952393940303760819304330344375681438,-0.128161804505388895772541950476060596962391806956696556243186,0.211153298873652776056864512380984850759402048260825860939204,0.0205966151545034734483971080594708780233153964896160814564894,1.69434077185527444513545995625777007828788062866624425591116,False,,,True,True
1004,173,0.0302098106491145776758551575834102810609235895329195252133038,-0.107565189350885422324144842416589718939076410467080474786696,0.115677452662278644418963789395852570265230897383229881303326,-0.0200730075547686565832813137587209370586953578484902994094765,0.513130196535675228938001186641525800542183476084522347224569,False,,,True,False
1005,56,0.0101368030943459210925738438246893440022282316844292258038272,-0.127638196905654078907426156175310655997771768315570774196173,0.0375342007735864802731434609561723360005570579211073064509568,-0.00265083838264982384628285329973941244298576390176645848935604,0.50272202114428329394843864984107321353071451541200418538041,False,,,True,False
1006,372,0.00748596471169609724629099052494993155924246778266276731447121,-0.130289035288303902753709009475050068440757532217337232685529,0.234371491177924024311572747631237482889810616945665691828618,0.0382966193535657460509354673170110883254452904918568313900657,3.0158631261139159554570092036845995700564817631692546145407,False,,,False,True
1007,228,0.0457825840652618432972264578419610198846877582745195987045369,-0.0919924159347381567027735421580389801153122417254804012954631,0.153945646016315460824306614460490254971171939568629899676134,-0.0176731131427564028999588531645471188874774090898179068160723,0.666265987837192659411849805284215519881303420994768986741591,False,,,True,False
1008,135,0.0281094709225054403972676046774139009972103491847016918884646,-0.109665529077494559602732395322586099002789650815298308111535,0.0914023677306263600993169011693534752493025872961754229721162,-0.00883230221597371122563817081776748329839232845326981209886731,0.659903935331664067747170766758084780172567066439623786437723,False,,,True,False
1009,301,0.0192771687065317291716294338596464176988180207314318797895973,-0.118497831293468270828370566140353582301181979268568120210403,0.192944292176632932292907358464911604424704505182857969947399,0.000442556605284274638672254928342107732839390033999775365954083,1.00928318523820695450737471360957756968533291202380146302542,False,,,True,True
1010,190,0.0197197253118160038103016887879885254316574107654316551555514,-0.118055274688183996189698311212011474568342589234568344844449,0.123679931327954000952575422196997131357914352691357913788888,-0.0104575296574666645760914145557411325464411462022749581558862,0.646632638972984203111937006279461155979466204289481310012781,False,,,True,False
1011,70,0.00926219565434933923421027423224739288521626456315669699966518,-0.128512804345650660765789725767752607114783735436843303000335,0.0460655489135873348085525685580618482213040661407891742499163,-0.0038939688982422926154206581063928821493805523444360509584529,0.544796594908999893642346735583165432527618748585355684896427,False,,,True,False
1012,355,0.00536822675610704661878961612585451073583571221872064604121228,-0.132406773243892953381210383874145489264164287781279353958788,0.223217056689026761654697404031463627683958928054680161510303,0.0241991068608832172772752001451058376918976394161877845580053,1.86340670890663203113642931797225050383659407081911440161573,False,,,False,True
1013,245,0.0295673336169902638960648162709603484277333516349084305992176,-0.108207666383009736103935183729039651572266648365091569400782,0.160516833404247565974016204067740087106933337908727107649804,-0.00565276120859470719545153226825618950423075364375695591714167,0.856731377681943975566966257264492703231523040396202554900243,False,,,True,False
1014,119,0.0239145724083955567006132840027041589235025979911514746820759,-0.113860427591604443299386715997295841076497402008848525317924,0.080353643102098889175153321000676039730875649497787868670519,-0.0173805312425668611573116378426180752498915248431339524392822,0.464086019760548012181116709250393880180988173119408171681248,False,,,True,False
1015,317,0.00653404116582869554330164616008608367361107314801752224279369,-0.131240958834171304456698353839913916326388926851982477757206,0.199758510291457173885825411540021520918402768287004380560698,0.0159160162479239493122111087399807653776184923532795967836533,1.56240727005425795515183427669341455015160690138987923953832,False,,,True,True
1016,163,0.022450057413752644855512754900066849051229565501297119026447,-0.115324942586247355144487245099933150948770434498702880973553,0.107487514353438161213878188725016712262807391375324279756612,-0.0173246829774884568271829206539762444766058759866022873372595,0.5177124034202300770135530227249393530601504197144450698727,False,,,True,False
1017,39,0.00512537443626418802832983424609060457462368951469483168918746,-0.132649625563735811971670165753909395425376310485305168310813,0.0256563436090660470070824585615226511436559223786737079222969,-0.00177404434682009885447535805987059723104960785222805325093459,0.440533605094078560798033152958533924726978439869241767744257,False,,,True,False
1018,388,0.00335133008944408917385447618622000734357408166246677843825287,-0.134423669910555910826145523813779992656425918337533221561747,0.243337832522361022293463619046555001835893520415616694609563,0.0464587937953278108749920331382693166266447480576061392454364,5.62973845461134906906241303584170663691454581367351019274589,False,,,False,True
1019,218,0.0498101238847719000488465093244893239702188297200729176836893,-0.0879648761152280999511534906755106760297811702799270823163107,0.148702530971192975012211627331122330992554707430018229420922,-0.0180386264761428922370551279367539822701469218583730073773974,0.640765415857627375704933955403932135908297138296037881801875,False,,,True,False
1020,275,0.0317714974086290078117913813877353417000719078616999103062918,-0.106003502591370992188208618612264658299928092138300089693708,0.179817874352157251952947845346933835425017976965424977576573,0.00450812863301733675486461353754182448025623593441524287116129,1.13996203029623053647099473141423078391604790846014443134095,False,,,True,True
1021,128,0.0362796260416463445666559949252771661803281437961151531774531,-0.101495373958353655433344005074722833819671856203884846822547,0.0890699065104115861416639987313192915450820359490287882943633,-0.0233951577593638857860294794311237777960356925452035832365813,0.411252277291722045313323993786489196903538825457939737835146,False,,,True,False
1022,330,0.0128844682822824587806265154941533883842924512509115699408719,-0.124890531717717541219373484505846611615707548749088430059128,0.209471117070570614695156628873538347096073112812727892485218,0.0235342290238513834685729490122932371931635865801103694744499,2.04872003408872307732288806192479110990207861669322380057152,False,,,True,True
1023,182,0.0364186973061338422491994645064466255774560378310219394153217,-0.101356302693866157750800535493553374422543962168978060584678,0.12285467432653346056229986612661165639436400945775548485383,-0.0196462341741417282771990833904300607928651610312301652359185,0.53140041768674978807582688280901031894829953314842576799368,False,,,True,False
1024,78,0.0167724631319921139720003811160165647845908767997917741794032,-0.121002536868007886027999618883983435215409123200208225820597,0.0529431157829980284930000952790041411961477191999479435448508,-0.0101465998639007697618083214742768591494677987349820235617522,0.510009804945432495002935121216782205107479294037284070028798,False,,,True,False
1025,291,0.00662586326809134421019205964173970563512307806480975061765109,-0.131149136731908655789807940358260294364876921935190249382349,0.183531465817022836052548014910434926408780769516202437654413,0.000941950221819829132204963728940416653439505206780918690087116,1.02264518151427383288059412504525531896427367905760650121949,False,,,True,True
1026,146,0.0075678134899111733423970233706801222885625832715906693077382,-0.130207186510088826657602976629319877711437416728409330692262,0.0931419533724777933355992558426700305721406458178976673269346,-0.00312183078083469450634579813859297322046753597292423518314628,0.673106626214263856466891986394308912571169691846659685225222,False,,,True,False
1027,376,0.00444598270907647883605122523208714906809504729866643412459193,-0.133329017290923521163948774767912850931904952701333565875408,0.236111495677269119709012806308021787267023761824666608531148,0.0372744370262829739617720936345776170429676799528921636274258,2.8641032469277365705031502145643692330266916165532929027237,False,,,False,True
1028,232,0.0417204197353594527978233188666647661110627272515585977520178,-0.0960545802646405472021766811333352338889372727484414022479822,0.155430104933839863199455829716666191527765681812889649438004,-0.0149818340787308077131372591164658932017879999425665777707321,0.672845119501132328243951281479680830706714770561568735425001,False,,,True,False
1029,104,0.0267385856566286450846860597501988729092747273089920199812857,-0.111036414343371354915313940249801127090725272691007980018714,0.0716846464141571612711715149375497182273186818272480049953214,-0.0147302265414013695946066260783488285956898109624797201269363,0.493849921008365121692047194993620227347704065135296420655852,False,,,True,False
1030,309,0.0120083591152272754900794336718500443135849163465122998543494,-0.125766640884772724509920566328149955686415083653487700145651,0.196127089778806818872519858417962511078396229086628074963587,0.012623072926149956454827728090189278484459311892731002382364,1.34712558420547862337542898760996234835664696988370741350137,False,,,True,True
1031,194,0.0246314320413772319449071617620393227980442282392433022367134,-0.113143567958622768055092838237960677201955771760756697763287,0.127407858010344307986226790440509830699511057059810825559178,-0.0144657268152921073814463343075399295015475605604465484169297,0.559155671618562769059500544015526254900464841406054471288183,False,,,True,False
1032,54,0.0101657052260851245634608274544993932964966676787967538197837,-0.127609294773914875436539172545500606703503332321203246180216,0.0362914263065212811408652068636248483241241669196991884549459,-0.00515323987791087095545535036200775338058576605218579624019719,0.432308888564756645630686180774485894483504374445394154759758,False,,,True,False
1033,359,0.00501246534817425360800547709249163991591090162661095757958652,-0.132762534651825746391994522907508360084089098373389042420413,0.225628116337043563402001369273122909978977725406652739394897,0.0290898668773654106986143582170513946498289772086095233319019,2.23899076290537007203813069338225418429563888095437704281017,False,,,False,True
1034,249,0.0341023322255396643066198353095430345657398788352204809114885,-0.103672667774460335693380164690456965434260121164779519088512,0.164150583056384916076654958827385758641434969708805120227872,-0.00250702527884513894348867548351934715817892816192697703911103,0.936387461811065229704020868441652954026820580501171051849261,False,,,True,False
1035,136,0.0315953069466945253631311598260236874075609506732935038723774,-0.106179693053305474636868840173976312592439049326706496127623,0.0928988267366736313407827899565059218518902376683233759680944,-0.0267765306352478244956634026241908826621014067446354239281354,0.422174995714703660716912755609201208855259413480448160046463,False,,,True,False
1036,339,0.00481877631144670086746775720183280474545954392865807994424203,-0.132956223688553299132532242798167195254540456071341920055758,0.213079694077861675216866939300458201186364885982164519986061,0.0302098260349849404171959843980352025369719696310229070720821,3.10931670805513418053347602283862348365752161968370787772377,False,,,False,True
1037,174,0.0350286023464316412846637415998680072824315135596809870163241,-0.102746397653568358715336258400131992717568486440319012983676,0.117507150586607910321165935399967001820607878389920246754081,-0.0218732997487835373549615742217172606333449377208856601955821,0.533072596106367342614427367486638223162543305927506524991299,False,,,True,False
1038,75,0.0131553025976481039297021673781507466490865758387953268207421,-0.124619697402351896070297832621849253350913424161204673179258,0.0501638256494120259824255418445376866622716439596988317051855,-0.00600186281299319049072165463228639782043104040775262042143452,0.638988297317406680161407638858684498874869332562294515752915,False,,,True,False
1039,279,0.00715343978465491343898051274586434882865553543104270639930754,-0.130621560215345086561019487254135651171344464568957293600692,0.176163359946163728359745128186466087207163883857760676599827,-0.00407793844562787167087852152274832988355246133633247331710858,0.894808990421158616914572459561941318712879623543498517159051,False,,,True,False
1040,30,0.00307550133902704176810199122311601894510307409471023308219896,-0.134699498660972958231898008776883981054896925905289766917801,0.0195188753347567604420254978057790047362757685236775582705497,-0.00096517169411608825187237019907528195965999703037089203058698,0.476429733404263779801648987850299579214463974558879559591522,False,,,True,False
1041,397,0.00211032964491095351622962102404073698544307706433934105161198,-0.135664670355089046483770378975959263014556922935660658948388,0.248652582411227738379057405256010184246360769266084835262903,0.0573795724429170215405179415431184743722680490912141392237274,13.6580268760660163628273424201829591439385932598319915717882,False,,,False,True
1042,211,0.0594899020878279750567475625671592113577111261555534802753394,-0.0782850979121720249432524374328407886422888738444465197246606,0.146747475521956993764186890641789802839427781538888370068835,-0.0245063544562670310697515865962949627662359923401058420100504,0.584267897012900516829453540903714258524809761630309329580803,False,,,True,False
1043,147,0.034983547631560943986995975970864248591475133815447638265289,-0.102791452368439056013004024029135751408524866184552361734711,0.100620886907890235996748993992716062147868783453861909566322,-0.0105036835844318186050376758586069905139878451016559302190578,0.643812575864898760961828611384749622176915572636644300360527,False,,,True,False
1044,302,0.0244798640471291253819583001122572580774872887137917080462312,-0.113295135952870874618041699887742741922512711286208291953769,0.194869966011782281345489575028064314519371822178447927011558,0.00219049929023214608735979453495288631005903151953317589987443,1.06086219881913687238964561338114926908295559058657678071399,False,,,True,True
1045,108,0.0266703633373612714693180946472101443875463202333248839461057,-0.111104636662638728530681905352789855612453679766675116053894,0.0741675908343403178673295236618025360968865800583312209865264,-0.0117881293660331239050945062686484249675059940404040708641129,0.59061475050392823657499773934795209461522548905754688167841,False,,,True,False
1046,259,0.0148822339713281475642235883785617194200403261929208130819927,-0.122892766028671852435776411621438280579959673807079186918007,0.165595558492832036891055897094640429855010081548230203270498,-0.00398776568175848788450073822324452210594884291125378578308974,0.820271596035442502676997582245625178839632934612172147344045,False,,,True,False
1047,350,0.010894468289569659679722850155317197314091483281667027298903,-0.126880531710430340320277149844682802685908516718332972701097,0.221473617072392414919930712538829299328522870820416756824726,0.0342837851194814263373263672399039597914850743042788188412468,2.91509249546469440696109780651602357989544955258690813172238,False,,,False,True
1048,181,0.0451782534090510860170492173952211571055765575859458461401498,-0.0925967465909489139829507826047788428944234424140541538598502,0.124419563352262771504262304348805289276394139396486461535037,-0.024935572180295025022629693574592292149237521399274992004574,0.510866727790959653853513293467228846511692105781739738727194,False,,,True,False
1049,82,0.0202426812287560609944195238206288649563390361866708541355758,-0.117532318771243939005580476179371135043660963813329145864424,0.056310670307189015248604880955157216239084759046667713533894,-0.0101557547008847369676990385387607369450690190158712657036013,0.499445813523514857504633659619306083239811015401625914127415,False,,,True,False
1050,321,0.0100869265278713240267204852818681280112700171707995884319746,-0.127688073472128675973279514718131871988729982829200411568025,0.203146731631967831006680121320467032002817504292699897107994,0.017363490039152755569334119992471642178797328723597462463467,1.53066563212095117117837718439151033338272523103549064263955,False,,,True,True
1051,223,0.0274504165670240795960546052743397701900673458943970508954415,-0.110324583432975920403945394725660229809932654105602949104558,0.14623760414175601989901365131858494254751683647359926272386,-0.0117819566056521040735088654413165551405910341054408950944121,0.729207504414219940490125473802448816847076976280239116936887,False,,,True,False
1052,125,0.0156684599613719755225457398330232150494763117889561558010294,-0.122106540038628024477454260166976784950523688211043844198971,0.0820421149903429938806364349582558037623690779472390389502574,-0.00910720106424333037077233294994501940917982502970233148850432,0.459412136940772828442705386666562414915548449267081751627977,False,,,True,False
1053,381,0.00656125889712864515177340688307819564029648675925382431252511,-0.131213741102871354848226593116921804359703513240746175687475,0.239765314724282161287943351720769548910074121689813456078131,0.0367490121114063526253411287835343615160838431875108341399392,2.97976927351068836380199125045690407249390804032280726243258,False,,,False,True
1054,243,0.0433102710085349977771145356666125571563803299467646584524643,-0.0944647289914650022228854643333874428436196700532353415475357,0.162702567752133749444278633916653139289095082486691164613116,-0.00894169520707293045849800957006529064417286612160469395293198,0.812825564238704736426640410904818257121847484263145768492201,False,,,True,False
1055,156,0.0343685758014620673186165260965472665122074638251599644995323,-0.103406424198537932681383473903452733487792536174840035500468,0.106092143950365516829654131524136816628051865956289991124883,-0.0175040170450226094573611509620803907265159348820516247060249,0.547414424774587432670249094758963747265097515698558233512685,False,,,True,False
1056,293,0.0168645587564394578612553751344668757856915289431083397935075,-0.120910441243560542138744624865533124214308471056891660206493,0.187341139689109864465313843783616718946422882235777084948377,0.00854544731937682229098777581985533435209408720565623643512494,1.40150123747514898298770718796240034455900282300887552677238,False,,,True,True
1057,91,0.0254100060758162801522431509543222101377856161487645762286324,-0.112364993924183719847756849045677789862214383851235423771368,0.0632275015189540700380607877385805525344464040371911440571581,-0.0163039273342037069099300000201913532550349896472666667244533,0.39919076502835512357850954611178523539389305530439031099272,False,,,True,False
1058,365,0.00910607874161257324231315093413085688275062650149790950417912,-0.128668921258387426757686849065869143117249373498502090495821,0.230401519685403143310578287733532714220687656625374477376045,0.0399083737454748927389858906889588471889823635160899563697142,3.25646377610857541365923302128378372806965931282684884271406,False,,,False,True
1059,198,0.0490144524870874659812990416230897040717329900175878658738933,-0.0887605475129125340187009583769102959282670099824121341261067,0.136003613121771866495324760405772426017933247504396966468473,-0.0245812724360137642358786086476625103072529067046401482097223,0.551602925194785804136900425739965977480940601365509136406709,False,,,True,False
1060,269,0.024433180051073701745420432975427193764480083312947717664171,-0.113341819948926298254579567024572806235519916687052282335829,0.174233295012768425436355108243856798441120020828236929416043,0.00554533466079219011841884939051704723848250409396586765091258,1.1820477683293168916644899427088313695396079042546045116107,False,,,True,True
1061,118,0.0299785147118658918638392823659442410029625874069135853150836,-0.107796485288134108136160717634055758997037412593086414684916,0.0812446286779664729659598205914860602507406468517283963287709,-0.0194820657402957994232231065086153112677444498471450307436743,0.395396550583532785175242670672620616038537854794905912593097,False,,,True,False
1062,333,0.0104964489715700924406161758573289297352181375597685545714093,-0.127278551028429907559383824142671070264781862440231445428591,0.210749112242892523110154043964332232433804534389942138642852,0.0227084676278628480604399287692018452916283021442778850305817,1.98048843031429168083683362941685922400958712362502999648585,False,,,True,True
1063,172,0.0332049165994329405010561046265307750268464397040464396019911,-0.104570083400567059498943895373469224973153560295953560398009,0.115801229149858235125264026156632693756711609926011609900498,-0.0207368500330355403148663780773301640888813409408898151062552,0.526519489103354705630227233118064500170110024479471124820763,False,,,True,False
1064,58,0.0124680665663974001861897265492006109379650987631566244957358,-0.125306933433602599813810273450799389062034901236843375504264,0.039367016641599350046547431637300152734491274690789156123934,-0.008270218380253912164494372069730034848051172488746719836363,0.474186571183281686774035528169436151752830757011040989886966,False,,,True,False
1065,307,0.00419784818614348802169535447947057608991392627440990465937281,-0.133577151813856511978304645520529423910086073725590095340627,0.192924462046535872005423838619867644022478481568602476164843,0.0111021266822158299949165926679783419807566093517649477536684,1.30208084630016694583978265308350200842897815213941328719165,False,,,True,True
1066,217,0.0152999748683593180166119471474489180706705356261748524130412,-0.122475025131640681983388052852551081929329464373825147586959,0.13944999371708982950415298678686222951766763390654371310326,-0.00848140847266126679942730564184295937837324190205998928716486,0.750748539197387767719172223681791696995471101257470695616091,False,,,True,False
1067,86,0.00681856639569805121718464150560595869229729372411486312587633,-0.130956433604301948782815358494394041307702706275885136874124,0.0554546415989245128042961603764014896730743234310287157814691,-0.00342775523786120021983907602543925161312622821667096122771114,0.385005401985484647715944219123957383213602278178200325099207,False,,,True,False
1068,390,0.00339081115783685099734556548016670707917106550744390189816518,-0.134384188842163149002654434519833292920828934492556098101835,0.244597702789459212749336391370041676769792766376860975474541,0.038569203139851439161015700658994326306317522235841378844725,3.04196791826185954123253458422004291610533980540538199357183,False,,,False,True
1069,239,0.0419600142976882901583612661391610333854885877432852807428901,-0.0958149857023117098416387338608389666145114122567147192571099,0.159865003574422072539590316534790258346372146935821320185723,-0.00837951400887137056834491203072192384016802387235592480860633,0.814865897839979964437033572357842079615891244145247756430632,False,,,True,False
1070,143,0.0335805002888169195900163541084391095453205638709293559342838,-0.104194499711183080409983645891560890454679436129070644065716,0.097770125072204229897504088527109777386330140967732338983571,-0.0178721089257331592243705686215666283265435479838317777494017,0.505805307290205018341752612032746750414099550079466309710782,False,,,True,False
1071,343,0.0157083913630837603656457854868724812187770158870975781848821,-0.122066608636916239634354214513127518781222984112902421815118,0.218302097840770940091411446371718120304694253971774394546221,0.0242772756979361903315850527853068606006528790091294548577415,1.80756440676436401540947702428783374121701256920191987550378,False,,,False,True
1072,188,0.0399856670610199506972308382721793418194298948962270330426236,-0.0977893329389800493027691617278206581805701051037729669573764,0.127496416765254987674307709568044835454857473724056758260656,-0.0177367877379172795110063112643980659408884697654977617586756,0.603723588961692406712928310929612684244516619374556094199813,False,,,True,False
1073,281,0.022248879323102671186224527007781275878541425130729271283948,-0.115526120676897328813775472992218724121458574869270728716052,0.181187219830775667796556131751945318969635356282682317820987,0.00833522334515433789891877867094899719012627428612567109331689,1.32314715232591858360660013842549514307486649202903884433572,False,,,True,True
1074,104,0.0305841026682570090851433056787302730686676994168549423772649,-0.107190897331742990914856694321269726931332300583145057622735,0.0726460256670642522712858264196825682671669248542137355943162,-0.0229254894234926103497995113230414001876615641080075767127193,0.377184643950642287144960676223549801436485108290261304010523,False,,,True,False
1075,369,0.0076586132447643987353437943556888728810061353088473656645456,-0.130116386755235601264656205644311127118993864691152634335454,0.232539653311191099683835948588922218220251533827211841416136,0.0408872254822035478312651659817711156217976013013996269572855,3.46414048533520888744596279604097685571237593280498103504499,False,,,False,True
1076,208,0.0485458387269679465666089603374599885028037366102469926218311,-0.0892291612730320534333910396625400114971962633897530073781689,0.142136459681741986641652240084364997125700934152561748155458,-0.021177622827571516058150665324291706721274781995480753107968,0.604840674646871743313452523299325495880271998146850259654149,False,,,True,False
1077,131,0.0273682158993964305084582950131682817815289546147662395138631,-0.110406784100603569491541704986831718218471045385233760486137,0.0887170539748491076271145737532920704453822386536915598784658,-0.00850854915572157139675199929340877619122950308632442557344841,0.661472131756672460203784567940750667300744125953162995084698,False,,,True,False
1078,313,0.0188596667436748591117062957197595055902994515284418139404147,-0.118915333256325140888293704280240494409700548471558186059585,0.200339916685918714777926573929939876397574862882110453485104,0.00677203012466730618882874661397995364286147320861714791766883,1.16869016326294437033511235202851928873295581177676956311419,False,,,True,True
1079,250,0.0256316968683421653005350423337394592331609247370589618580835,-0.112143303131657834699464957666260540766839075262941038141916,0.162657924217085541325133760583434864808290231184264740464521,0.0000220425342738768622878315664132799891340183505380009768976836,1.00083219782800420270891434465191202791776203680102081383008,False,,,True,True
1080,82,0.0256537394026160421628228739001527392222949430875969628349812,-0.112121260597383957837177126099847260777705056912403037165019,0.0576634348506540105407057184750381848055737357718992407087453,-0.0211174038320529349245620397323209907113711230755579752769331,0.370228830085254936583258987201885379393258940063802339067612,False,,,True,False
1081,354,0.00453633557056310723826083416783174851092382001203898755804807,-0.133238664429436892761739165832168251489076179987961012441952,0.222384083892640776809565208541957937127730955003009746889512,0.0392851119457519904178294337542048573738141222682881106903924,3.64551855589963495168974646408308343891516680300914807617897,False,,,False,True
1082,171,0.0438214475163150976560902679220366058847379422803270982484405,-0.0939535524836849023439097320779633941152620577196729017515595,0.11783036187907877441402256698050915147118448557008177456211,-0.026728111701934321522092658748303979857821580645141307593369,0.503843022162304581377927275511423403525797905889647835415018,False,,,True,False
1083,271,0.0170933358143807761339976091737326260269163616351857906550715,-0.120681664185619223866002390826267373973083638364814209344928,0.173648333953595194033499402293433156506729090408796447663768,0.00487308583149892425708780701013115844429807550869249918665067,1.16277938661863902955758889806025635581015359808648770886972,False,,,True,True
1084,113,0.0219664216458797003910854161838637844712144371438782898417222,-0.115808578354120299608914583816136215528785562856121710158278,0.0761166054114699250977713540459659461178036092859695724604305,-0.0193669224409108437280570371216904839101378206683824539217578,0.425066384517062576305236807950418437555406404621858906243127,False,,,True,False
1085,385,0.00259949920496885666302837906217330056107661647549583591996439,-0.135175500795031143336971620937826699438923383524504164080036,0.241274874801242214165757094765543325140269154118873958979991,0.0497422120047885814964988871416517903341672590466686188379513,9.5568820381638868608517688659594733860614662108069895178875,False,,,False,True
1086,215,0.0523417112097574381595272662038250908952438755221644547579157,-0.0854332887902425618404727337961749091047561244778355452420843,0.147460427802439359539881816550956272723810968880541113689479,-0.022324779714837416210249222549210133023231590068560720095533,0.608202642592499816487461193398387334379380581133115582118834,False,,,True,False
1087,148,0.0300169314949200219492780436546149578720122854536037346623826,-0.107758068505079978050721956345385042127987714546396265337617,0.100004232873730005487319510913653739468003071363400933665596,-0.00791508906207286427881674953138485787942219460457805949229412,0.703761509134852281935286258891477547462753011421993488036714,False,,,True,False
1088,301,0.0221018424328471576704612941232300999925900908490256751700885,-0.115673157567152842329538705876769900007409909150974324829911,0.193650460608211789417615323530807524998147522712256418792522,0.00192483056178191354650892911904998711638536625200018756796178,1.06659256797696559047324556514578292503137117135098273467295,False,,,True,True
1089,87,0.0240266729946290712169702232422800871089754571010258627380503,-0.11374832700537092878302977675771991289102454289897413726195,0.0603816682486572678042425558105700217772438642752564656845126,-0.0115406741388172230535639430677612672311977723682124214641805,0.50884595208641079339648194738537880059237034733571560257122,False,,,True,False
1090,328,0.0124859988558118481634062801745188198777776847328134412738698,-0.12528900114418815183659371982548118012222231526718655872613,0.208121499713952962040851570043629704969444421183203360318467,0.022587575546633862297133768140275731037340101741933196780336,1.76910684556165983944454133987475052082318558840190983084636,False,,,True,True
1091,193,0.0350735744024457104605400483147945509151177864747466380542058,-0.102701425597554289539459951685205449084882213525253361945794,0.129393393600611427615135012078698637728779446618686659513551,-0.0229411128761682915731300092414775644204038225010506324314533,0.570514041850669681118823870272802250732010355311573576454431,False,,,True,False
1092,256,0.0121324615262774188874100390733169864947139639736960056227525,-0.125642538473722581112589960926683013505286036026303994377248,0.163033115381569354721852509768329246623678490993424001405688,0.00437267466409686598163796321419570061049015699687664962928548,1.25522115544844554406602044297125722717068859825215500316829,False,,,True,True
1093,66,0.016505136190374284869048002287512687105204120970572655252038,-0.121269863809625715130951997712487312894795879029427344747962,0.0453762840475935712172620005718781717763010302426431638130095,-0.0137407052915355369925645283640419143386830016205923289753065,0.313081983195780710670939995285129633964614387349128663656539,False,,,True,False
1094,374,0.0027644308988387478764834739234707727665211193499803262767315,-0.135010569101161252123516526076529227233478880650019673723269,0.234441107724709686969120868480867693191630279837495081569183,0.0417802690699016106955542147659486785063925610848379694887403,4.10576060925743483212765422602577395248910862589701796860291,False,,,False,True
1095,163,0.0445446999687403585720376886894194512729136804348182957654718,-0.0932303000312596414279623113105805487270863195651817042345282,0.113011174992185089643009422172354862818228420108704573941368,-0.0231649895200309235628316216996086210908929472351274090437531,0.529210581313285133049751413827432994159873643021411059007956,False,,,True,False
1096,285,0.0213797104487094350092060669898108301820207331996908867217187,-0.116395289551290564990793933010189169817979266800309113278281,0.18346992761217735875230151674745270754550518329992272168043,0.00634263797366168061986366892497448713159040340495018792521093,1.19958791256783608558396672765567303136495028761552494138957,False,,,True,True
1097,120,0.0277223484223711156290697359147853173136111366046410746469296,-0.11005265157762888437093026408521468268638886339535892535307,0.0819305871055927789072674339786963293284027841511602686617324,-0.020338914045943048328765785125757434716530672189892609351901,0.487421146571960378531733388353963400918952544508577000649641,False,,,True,False
1098,340,0.00738343437642806730030395078902788259708046441474846529502857,-0.130391565623571932699696049210972117402919535585251534704971,0.214345858594107016825075987697256970649270116103687116323757,0.0304739479937499864903719502562858574906772350619082528325683,2.33912460957322983371713979878324503551160042114790395676619,False,,,False,True
1099,210,0.0378573823701780537906759010453137400877576994766567181275969,-0.0999176176298219462093240989546862599122423005233432818724031,0.140714345592544513447668975261328435021939424869164179531899,-0.0186872091653353408643674435104468275918529652509329631488087,0.595402997636212623284906322982179454553364632184799376771511,False,,,True,False
1100,84,0.0191701732048427129263084575348669124959047342257237549787882,-0.118604826795157287073691542465133087504095265774276245021212,0.057292543301210678231577114383716728123976183556430938744697,-0.015477429381697982966186778337156638561870665114850321508679,0.461783754392810611001702608087177744641452668990470818529671,False,,,True,False
1101,265,0.00369274382314472996012167919771027393403406911087343347010921,-0.134082256176855270039878320802289726065965930889126566529891,0.166548185955786182490030419799427568483508517277718358367527,0.000769640294179829267138856852484984707834754050761319481816766,1.06216179336243461847562440695829536433299365613704615098358,False,,,True,True
1102,36,0.00446238411732455922726053605019525864186882316163475295192597,-0.133312615882675440772739463949804741358131176838365247048074,0.0236155960293311398068151340125488146604672057904086882379815,-0.00269703310345121703029299290544581159632326130371433232253228,0.333982940797010769905232917032968796401635680229917915566877,False,,,True,False
1103,396,0.00176535101387334219696754314474944704554556185792042062939369,-0.136009648986126657803032456855250552954454438142079579370606,0.247941337753468335549241885786187361761386390464480105157348,0.0531425693139729241240881505091491870920287017888793725241952,7.62211526502960592932535840267587899494206736729474904826082,False,,,False,True
1104,180,0.0549079203278462663210556936538986341375742636467997931535889,-0.0828670796721537336789443063461013658624257363532002068464111,0.126226980081961566580263923413474658534393565911699948288397,-0.0243923647142975969351368735208886905402297186853994225517522,0.543019945358321801321937359226791186547633504773637769326484,False,,,True,False
1105,306,0.0305155556135486693859188201330099435973445449614003706018367,-0.107259444386451330614081179866990056402655455038599629398163,0.198878888903387167346479705033252485899336136240350092650459,0.0140956719620529159893660598185055819241265320259509837802819,1.4587102913576822281645890974729836362029021839296213303744,False,,,True,True
1106,140,0.0446112275756015853752848799515155255214710769873513543821186,-0.0931637724243984146247151200484844744785289230126486456178814,0.0986528068939003963438212199878788813803677692468378385955297,-0.0213126365434588340224704688054593846139729357465094536722698,0.527924576058279282345330503677512642163491574565316680136814,False,,,True,False
1107,238,0.0232985910321427513528144111460561409074981412408419007098489,-0.114476408967857248647185588853943859092501858759158099290151,0.154574647758035687838203602786514035226874535310210475177462,-0.00917810752267971861735749124831548577323474386082703880019772,0.734331664820512749914023272398411212916348769471071772080304,False,,,True,False
1108,351,0.0141204835094630327354569198977406551342633973800148619096511,-0.123654516490536967264543080102259344865736602619985138090349,0.222905120877365758183864229974435163783565849345003715477413,0.031859872845577607322185420213579965385297321164633931840775,3.81017599868056542726183043831408645131071562867313110638809,False,,,False,True
1109,159,0.0459803563550406400576423401113206205195607185446487937504261,-0.0917946436449593599423576598886793794804392814553512062495739,0.110870089088760160014410585027830155129890179636162198437607,-0.0246280492935264335287894634764752461068610393077320433928959,0.503535744434826740934206976079563392677680531080905572473032,False,,,True,False
1110,276,0.0213523070615142065288528766348453744126996792369167503575303,-0.11642269293848579347114712336515462558730032076308324964247,0.177838076765378551632213219158711343603174919809229187589383,0.00862477995566748005924172441552609599799074660454721432061972,1.37944020400577261309823661431357591957963920591215012583789,False,,,True,True
1111,96,0.02997708701718168658809460105037147041069042584146396467815,-0.10779791298281831341190539894962852958930957415853603532185,0.0674942717542954216470236502625928676026726064603659911695375,-0.0217629766171333589154001956855508766784847057402096405623135,0.399462168730130673434088032828261072776348566474295944398656,False,,,True,False
1112,324,0.00821411040004832767269440536482059373220572010125432411583647,-0.129560889599951672327305594635179406267794279898745675884164,0.204553527600012081918173601341205148433051430025313581028959,0.0231502539463382875411276395517806662930419981694853044165826,1.82729665399182617034962085789818435045450334236575387924333,False,,,True,True
1113,198,0.0313643643463866152138220449166012600252477182707396285324191,-0.106410635653613384786177955083398739974752281729260371467581,0.131591091086596653803455511229150315006311929567684907133105,-0.0174257148279340820646185699095853822582045089525250882674545,0.576570439806838467246860383871892026105913455186542307030412,False,,,True,False
1114,63,0.0139386495184525331492034750070158777670432093182145402649646,-0.123836350481547466850796524992984122232956790681785459735035,0.0428596623796131332873008687517539694417608023295536350662411,-0.00855198186659402124248592967322143120186220743192760648047134,0.36766209433917096192296840145290361641626747318918351984779,False,,,True,False
1115,378,0.00538666765185851190671754533379444656518100188628693378449325,-0.132388332348141488093282454666205553434818998113713066215507,0.237596666912964627976679386333448611641295250471571733446123,0.0421996530044657925461919533642537389596268481412247947899331,3.61882050174706236890643428937474013810936635951340634661002,False,,,False,True
1116,225,0.0475863206563243044529094986980481855248078500275117285744263,-0.0901886793436756955470905013019518144751921499724882714255737,0.152521580164081076113227374674512046381201962506877932143607,-0.0150937009387070465230432062075783005047435518728297770002743,0.694072794324678953261150957266166950359085716924991312008888,False,,,True,False
1117,132,0.032492619717617257929866292490469885020064298154681951574152,-0.105282380282382742070133707509530114979935701845318048425848,0.090623154929404314482466573122617471255016074538670487893538,-0.0150821927820404588829271766962265802843708796642718755627778,0.540925776378104614011120722110536767922238712283916255599426,False,,,True,False
1118,295,0.0174104269355767990469391157942433047356934184904100760113742,-0.120364573064423200953060884205756695264306581509589923988626,0.188727606733894199761734778948560826183923354622602519002844,0.00218137664794453241447464697276273652830258783083934983956793,1.04964564536183413638015375508685979072162608240205745132782,False,,,True,True
1119,170,0.0195918035835213314614137627670060412639960063212494258509421,-0.118183196416478668538586237232993958736003993678750574149058,0.111147950895880332865353440691751510315999001580312356462736,-0.011668014052677719077364222279462339464655993030888860600308,0.55820091986127005493614805399249915977434690528812211275379,False,,,True,False
1120,360,0.00792378953084361238404954048754370179934001329036056525063407,-0.129851210469156387615950459512456298200659986709639434749366,0.226980947382710903096012385121885925449835003322590141312659,0.0301600397927818522068000125302645080859979809604558434214425,3.88487001986433723061520593993244530407914670479331150685545,False,,,False,True
1121,245,0.0380838293236254645908495530178082098853379942508164086720765,-0.0996911706763745354091504469821917901146620057491835913279235,0.162645957330906366147712388254452052471334498562704102168019,-0.00163475442372170206438235014079588330283384384595569628313529,0.951096034924086696049346557717911973229650140259553039756271,False,,,True,False
1122,106,0.0364490748999037625264672028770123265825041504048607123889413,-0.101325925100096237473532797122987673417495849595139287611059,0.0753622687249759406316168007192530816456260376012151780972353,-0.0255913015637515617898645547609440514542239662848736368827039,0.38098558504408820865861991739888337546565945763657504567287,False,,,True,False
1123,315,0.0108577733361522007366026481160682751282801841199870755062373,-0.126917226663847799263397351883931724871719815880012924493763,0.199589443334038050184150662029017068782070046029996768876559,0.0192288771251661317124402005063673195665908904780208994749747,1.7903742385136336071731822232561276302852309238738338864964,False,,,True,True
1124,184,0.0300866504613183324490428486224355946948710745980079749812121,-0.107688349538681667550957151377564405305128925401992025018788,0.122521662615329583112260712155608898673717768649501993745303,-0.0170362073603200963105606671398189881109284778356160011927219,0.526818357955454310390050205963781639496375541434772059022758,False,,,True,False
1125,60,0.0130504431009982361384821814826166065839425967623919737884902,-0.12472455689900176386151781851738339341605740323760802621151,0.0407626107752495590346205453706541516459856491905979934471225,-0.0105478938999613879995246040265607478954041176100348665024396,0.386389335849952421120633539000490079699115692952005793806616,False,,,True,False
1126,392,0.00250254920103684813895757745605585868853847915235710728605056,-0.135272450798963151861042422543944141311461520847642892713949,0.245625637300259212034739394364013964672134619788089276821513,0.0500571106326627207272186864308529788504448229854216764575035,8.5122133706193031089211619565550223167432227185981460591204,False,,,False,True
1127,219,0.052559659833699568866176263886908837538983302137778783743554,-0.085215340166300431133823736113091162461016697862221216256446,0.150014914958424892216544065971727209384745825534444695935889,-0.018360447289327219872373593440210684077499348249615376626802,0.6423707936662788247924582333032725031146845181962793896905,False,,,True,False
1128,272,0.0341992125443723489938026704466981534614839538881634071167521,-0.103575787455627651006197329553301846538516046111836592883248,0.178549803136093087248450667611674538365370988472040851779188,0.00621642232653041605311047114704106128323022001644899848177155,1.18900902676287775219012486704681070810053745411878263857085,False,,,True,True
1129,135,0.0404156348709027650469131415937392147447141739046124055985236,-0.0973593651290972349530868584062607852552858260953875944014764,0.0944789087177256912617282853984348036861785434761531013996309,-0.0217178376834309329509916562699616386384802748173406744832606,0.398106476831375532623692137875157614418109846692815639508472,False,,,True,False
1130,336,0.018697797187471832095921485323777576106233899087271731115263,-0.119077202812528167904078514676222423893766100912728268884737,0.214674449296867958023980371330944394026558474771817932778816,0.0215730842763200792774567513835010111158816490964412437724692,1.81975821556622833297687448161118695408875192386048613208007,False,,,False,True
1131,166,0.0402708814637919113733782367072785872221155481837129748877322,-0.0975041185362080886266217632927214127778844518162870251122678,0.113817720365947977843344559176819646805528887045928243721933,-0.0226440674501019349588128832247321512344605005965802796125647,0.537751542474800011525358001971961221400916473520051951090105,False,,,True,False
1132,257,0.0176268140136899764145653534825464359876550475871326952751675,-0.120148185986310023585434646517453564012344952412867304724832,0.165031703503422494103641338370636608996913761896783173818792,0.00410655740510063727601487535086006567802747798274218190564697,1.18207318212089436878312426104968880311876858225238618119129,False,,,True,True
1133,83,0.0217333714187906136905802288334065016656825255698748771808145,-0.116041628581209386309419771166593498334317474430125122819186,0.0573083428546976534226450572083516254164206313924687192952036,-0.0128301987079329366933223388429589407156321107123657045382835,0.364655661033581844900537789780528234016673428645804828048446,False,,,True,False
1134,366,0.00890317271085767699725788999044756095005041485750917264253097,-0.128871827289142323002742110009552439049949585142490827357469,0.230975793177714419249314472497611890237512603714377293160633,0.0336971547291664225843593588372246722563831797123289620031806,2.40140005348379198077914473160612879431789878843195248426409,False,,,False,True
1135,201,0.0426003274400240995816172488276722332064335945698381346457116,-0.0951746725599759004183827511723277667935664054301618653542884,0.136275081860006024895404312206918058301608398642459533661428,-0.0198785522933908682068710010658819185541280859994281664847594,0.575251820837493066812089892518448550823057911025726556966342,False,,,True,False
1136,299,0.0227217751466332313747462477617903146523055085704099681609522,-0.115053224853366768625253752238209685347694491429590031839048,0.192555443786658307843686561940447578663076377142602492040238,0.0158583519928723331136972143902566902540684518475333207807273,1.6544497276045349356211479329296965590859456489263402172062,False,,,True,True
1137,123,0.0385801271395055644884434621520470049063739604179432889416795,-0.0991948728604944355115565378479529950936260395820567110583205,0.0865200317848763911221108655380117512265934901044858222354199,-0.0285723510920023175406126467861762558487844717705445570954278,0.423592510470413121181977208140698839486640297272131046749982,False,,,True,False
1138,236,0.0100077760475032469478308153658707490575894886473987318462517,-0.127767223952496753052169184634129250942410511352601268153748,0.150001944011875811736957703841467687264397372161849682961563,0.0000535404812212580216257713680489485338007350952567376476358024,1.00311494743964611300670217150738486588810170968989599567631,False,,,True,True
1139,53,0.0100613165287245049694565867339196975913902237426554694938875,-0.127713683471275495030543413266080302408609776257344530506112,0.0356403291321811262423641466834799243978475559356638673734719,-0.00470874275970274040980360133414735535343566734243461441368324,0.467441445805956492557184682737631001353809140056997661198306,False,,,True,False
1140,347,0.00535257376902176455965298539977234223795455640022085508020428,-0.132422426230978235440347014600227657762045443599779144919796,0.218213143442255441139913246349943085559488639100055213770051,0.0239225948475134719501051689313356033126358647265443610194936,1.85146448568905181379494643365537212749179523968194948512403,False,,,False,True
1141,160,0.0292751686165352365097581543311079455505904211267652160996979,-0.108499831383464763490241845668892054449409578873234783900302,0.107318792154133809127439538582776986387647605281691304024924,-0.0217521987151664947169706814185484415975209085192320078607259,0.507671724319025158960369866209740852267208510281205026691467,False,,,True,False
1142,283,0.00752296990136874179278747291255950395306951260753320823897203,-0.130252030098631258207212527087440496046930487392466791761028,0.178755742475342185448196868228139875988267378151883302059743,0.00883513216314705482040178362156965952733270108432411039166592,1.38880856240799325180268925002803938760552427228827131203301,False,,,True,True
1143,96,0.016358102064515796613189256534129163480402213691857318630638,-0.121416897935484203386810743465870836519597786308142681369362,0.0640895255161289491532973141335322908701005534229643296576595,-0.0134478452542103688111941743022631765533361514116923972468154,0.403833707801837859117631114545156073630907432596326162078509,False,,,True,False
1144,383,0.00291025681030542780199508223186598692706606228016492138382251,-0.134864743189694572198004917768134013072933937719835078616177,0.240102564202576356950498770557966496731766515570041230345956,0.0463368171746563468866361232046335333782061202590395772467653,4.41603832734325605689443209916308538800730932789677391682687,False,,,False,True
1145,208,0.0492470739849617746886312054364995203052721825392044986305878,-0.0885279260150382253113687945635004796947278174607955013694122,0.142311768496240443672157801359124880076318045634801124657647,-0.0247086819107871121996121366407127497052309247613417727433368,0.569702188697964428595382339181176643645383013912453396537112,False,,,True,False
1146,139,0.024538392074174662489019068795786770600041257777862725887251,-0.113236607925825337510980931204213229399958742222137274112749,0.0930095980185436656222547671989466926500103144444656814718128,-0.00618634013993947079164001050716967345811056617172040006649819,0.713064415807971452774565086764547426094894537984952794291373,False,,,True,False
1147,319,0.0183520519342351916973790582886170971419306916061423258207528,-0.119422948065764808302620941711382902858069308393857674179247,0.203963012983558797924344764572154274285482672901535581455188,0.00847389298803691189854060137990607922742449290112220198466622,1.21253889021215474638702928690360107637109863384558020642173,False,,,True,True
1148,244,0.026825944922272103595919659668523176369355184507264527805419,-0.110949055077727896404080340331476823630644815492735472194581,0.159206486230568025898979914917130794092338796126816131951355,-0.00278427780635542863997591272066760852364199843526630930598758,0.905673583175220859866854309903952449020155542164291369173752,False,,,True,False
1149,84,0.0240416671159166749559437469478555678457131860719982184994315,-0.113733332884083325044056253052144432154286813928001781500569,0.0585104167789791687389859367369638919614282965179995546248579,-0.0189035743261929096479969819878673720957156909958330506317236,0.375779154625596894049452806631492683454433527985352202005073,False,,,True,False
1150,356,0.00513809278972376530794676495998819574999749507616516786770788,-0.132636907210276234692053235040011804250002504923834832132292,0.223784523197430941326986691239997048937499373769041291966927,0.0383977629428407932511165541773407561788398852715021280757741,3.27501905226369001053428385576176841628729802379143521739704,False,,,False,True
1151,180,0.043535855732564558559063319137328951928837380347667295943482,-0.094239144267435441440936680862671048071162619652332704056518,0.123383963933141139639765829784332237982209345086916823985871,-0.0249051829955217667965105034222401954965934732508760589228362,0.523873133432607845617145843103822282256721833219350105342427,False,,,True,False
1152,269,0.0186306727370427917625528157150887564322439070967912370206458,-0.119144327262957208237447184284911243567756092903208762979354,0.172782668184260697940638203928772189108060976774197809255161,0.00492131583494860216404985547922681123713074380724083722231894,1.16400176391231887797674396554732259845049802637350872245538,False,,,True,True
1153,114,0.0235519885719913939266026711943155676693746509040320742429648,-0.114223011428008606073397328805684432330625349095967925757035,0.0771379971429978484816506677985788919173436627260080185607412,-0.0211472666698855584122801276332320700200524686315989380860622,0.400111567237109021206723295678278737569499732642949264441415,False,,,True,False
1154,27,0.00240472190210583551432254356108349764932218227243313615690256,-0.135370278097894164485677456438916502350677817727566863843097,0.0174761804755264588785806358902708744123305455681082840392256,-0.000664814530715315207523870282734858871854606050739842517815394,0.791459397077512734899717306070388241893452469670412340617788,False,,,True,False
1155,330,0.00173990737139052030679867327834863877746757622169329363908717,-0.136035092628609479693201326721651361222532423778306706360913,0.206684976842847630076699668319587159694366894055423323409772,0.0199255274718904726833029528740991225508236203130562456387922,1.62776252188306355241590418852368809605243451081845737065337,False,,,True,True
1156,198,0.0216654348432809929901016261524477613282911965347495392778794,-0.116109565156719007009898373847552238671708803465250460722121,0.12916635871082024824752540653811194033207279913368738481947,-0.0161223946136467729718225116661993513261046042515891791152042,0.580729155212322869980862959216104367972575182971466619292655,False,,,True,False
1157,65,0.00554304022963422001827911448624841000218659228316036016267522,-0.132231959770365779981720885513751589997813407716839639837325,0.0420107600574085550045697786215621025005466480707900900406688,-0.0041096282255824304028785372928447989057410259338162230548348,0.440282673472563379484511573863004491897720454563415542778931,False,,,True,False
1158,399,0.00143341200405178961540057719340361109644556634934413710784043,-0.13634158799594821038459942280659638890355443365065586289216,0.24973335300101294740385014429835090277411139158733603427696,0.050673241854359582459747990494338640207748587076584838427034,9.18466839930699216542676364914442934125624276008524507268241,False,,,False,True
1159,230,0.0521066538584113720751485676877422513041941534259289755348744,-0.0856683461415886279248514323122577486958058465740710244651256,0.156776663464602843018787141921935562826048538356482243883719,-0.015940526199474191469990815384246198676584596674076489762317,0.697778694680291347633457174533569898849429014946289375267945,False,,,True,False
1160,149,0.0361661276589371806051577523034960526276095567518524857725574,-0.101608872341062819394842247696503947372390443248147514227443,0.102166531914734295151289438075874013156902389187963121443139,-0.00940334454480484939615050289732698296640990446506247491814026,0.674965166648708565667964296310839012110301298919832621285465,False,,,True,False
1161,302,0.0267627831141323312090072494061690696611996522867900108544171,-0.111012216885867668790992750593830930338800347713209989145583,0.195440695778533082802251812351542267415299913071697502713604,-0.000415527185151014748809120917341049315810528469856364298665597,0.989191000805971888445675690221675331408011244805542065280909,False,,,True,False
1162,105,0.0263472559289813164601981284888280203453891238169336465557515,-0.111427744071018683539801871511171979654610876183066353444248,0.0722118139822453291150495321222070050863472809542334116389379,-0.0120822144983989574607292119715907384363511244510140948415353,0.567393354915766058444073291637947418685210673918371196576027,False,,,True,False
1163,278,0.0142650414305823589994689165172372819090379993659195517142162,-0.123509958569417641000531083482762718090962000634080448285784,0.177316260357645589749867229129309320477259499841479887928554,-0.00101008165947867171346889570039982688827707791037614476229575,0.977376019532527981632721642539983898689858780061630860999113,False,,,True,False
1164,175,0.0132549597711036872860000208168374550207609214555434069519205,-0.12452004022889631271399997918316254497923907854445659304808,0.11268873994277592182150000520420936375519023036388585173798,-0.00179121077162076365250096424802557166349894798373625788753758,0.813276624759278391858449041768710889305758867487083029724192,False,,,True,False
1165,371,0.0114637489994829236334990565688118833572619734718071490643829,-0.126311251000517076366500943431188116642738026528192850935617,0.234740937249870730908374764142202970839315493367951787266096,0.0285475098262231179150162970104496503163431047651106132549234,2.32934703099612708760521063898914503686081527108487967975526,False,,,False,True
1166,215,0.0400112588257060415485153535792615336736050782369177623193063,-0.0977637411742939584514846464207384663263949217630822376806937,0.144377814706426510387128838394815383418401269559229440579827,-0.0132967222894122600251615910107568605613525175683132336883987,0.683396588373164030041971306000054790732769868065346734948777,False,,,True,False
1167,89,0.0267145365362937815233537625685046731122525606686045286309076,-0.111060463463706218476646237431495326887747439331395471369092,0.0623036341340734453808384406421261682780631401671511321577269,-0.00868482515713542698697480795167506412528784354872525449504761,0.532644112883668111033942724468107014246909781641723604603785,False,,,True,False
1168,338,0.01802971137915835453637895461682960898696471711987927413586,-0.11974528862084164546362104538317039101303528288012072586414,0.215757427844789588634094738654207402246741179279969818533965,0.0178590569144174009137136158368555483161350792849529463286127,1.53759639232926419113117997023869317080886292608109825276865,False,,,False,True
1169,159,0.0358887682935757554500925704536851573030997964048322204644727,-0.101886231706424244549907429546314842696900203595167779535527,0.108347192073393938862523142613421289325774949101208055116118,-0.014527414461445593770910763943969736416252462146434616581707,0.629843226309373140224288903075385250492953112278643387240014,False,,,True,False
1170,260,0.0213613538321301616791818065097154208868473342583976038827657,-0.116413646167869838320818193490284579113152665741602396117234,0.167840338458032540419795451627428855221711833564599400970691,-0.00616987057153788554474185853883193402889195951022169957117556,0.819442642631486441157485527772478187151753753762234223001096,False,,,True,False
1171,66,0.0151914832605922761344399479708834868579553747481759043115901,-0.12258351673940772386556005202911651314204462525182409568841,0.0450478708151480690336099869927208717144888436870439760778975,-0.00739044341367997277236864984007421147560415331416882480300343,0.508638425062992131661447810787519396916988004076734729090425,False,,,True,False
1172,314,0.00780103984691230336207129813080927538235122143400707950858669,-0.129973960153087696637928701869190724617648778565992920491413,0.198200259961728075840517824532702318845587805358501769877147,0.0128594251746569348619208428340437443776270734246427513266177,1.41596250526738742195237150014377011000722498392332545503749,False,,,True,True
1173,134,0.0206604650215692382239921409648530197599782948586498308352044,-0.117114534978430761776007859035146980240021705141350169164796,0.0889151162553923095559980352412132549399945737146624577088011,-0.0144457333030122512509636505306839832378567785805948882741285,0.513844696641409907743670116150317818222555849568273211170469,False,,,True,False
1174,380,0.00621473171855698697302849043416903652212151627805494256107595,-0.131560268281443013026971509565830963477878483721945057438924,0.239053682929639246743257122608542259130530379069513735640269,0.0465868404854028077039728631872405416986960380877372725839655,4.6916788103176837811050999879539815181293955122604896761573,False,,,False,True
1175,206,0.0528015722039597946770013536214095782208175543657922151450414,-0.0849734277960402053229986463785904217791824456342077848549586,0.14195039305098994866925033840535239455520438859144805378626,-0.0240595524965758730437910953350248585055604090063045626117863,0.582505129430028281797844819533766014969264751853461680308693,False,,,True,False
1176,248,0.0287420197073839216332102582863847197152571453594876525332552,-0.109032980292616078366789741713615280284742854640512347466745,0.162185504926845980408302564571596179928814286339871913133314,-0.00191256046251239167236729626354834806275221856786920506915769,0.942127044005251400224877373892600551019638948398182724015068,False,,,True,False
1177,103,0.0268294592448715299608429620228363716525049267916184474640975,-0.110945540755128470039157037977163628347495073208381552535903,0.0710823648112178824902107405057090929131262316979046118660244,-0.0138438126107423275884802795052789434886965858091369629974523,0.46227717358430126888774697523238310445891569866557111819638,False,,,True,False
1178,349,0.0129856466341292023723626825175574281638083409824814844666452,-0.124789353365870797627637317482442571836191659017518515533355,0.221371411658532300593090670629389357040952085245620371116661,0.0264485179295891623502000452128781130993637702723770078021454,1.94580391527151215496219015547114612166006618010000456975252,False,,,False,True
1179,178,0.0394341645637183647225627277304355412631721112548584922687906,-0.0983408354362816352774372722695644587368278887451415077312094,0.121108541140929591180640681932608885315793027813714623067198,-0.0175750081573818582217746866402844024418646502861189724540122,0.58243555711545446742917752261069238703069054640841960461791,False,,,True,False
1180,289,0.0218591564063365065007880410901511388213074609687395198147785,-0.115915843593663493499211958909848861178692539031260480185222,0.186089789101584126625197010272537784705326865242184879953695,0.00566662350972886094390567408473653576447794563683187474314438,1.18921281591475120887707752489132099918534367244843457836188,False,,,True,True
1181,121,0.0275257799160653674446937151748876745857854066055713945579229,-0.110249220083934632555306284825112325414214593394428605442077,0.0825064449790163418611734287937219186464463516513928486394807,-0.0216009115468918528418660951320951617532998750803501391608632,0.456120396784578936664608477381720418721916151202733610014268,False,,,True,False
1182,325,0.00592486836917351460282762004279251283248553152522125539705967,-0.13185013163082648539717237995720748716751446847477874460294,0.204606217092293378650706905010698128208121382881305313849265,0.0217873331564440403884536472715053178634502661348061345826465,2.79639199449185460925835818872445504799169065557114303231385,False,,,True,True
1183,197,0.0277122015256175549912812673142978306959357976600273899797062,-0.110062798474382445008718732685702169304064202339972610020294,0.130053050381404388747820316828574457673983949415006847494927,-0.012638681858523299320734662013178925091510085202087427529364,0.609718066602518024506824289022281314833472396891900037561228,False,,,True,False
1184,64,0.0150735196670942556705466053011189056044257124579399624503422,-0.122701480332905744329453394698881094395574287542060037549658,0.0437683799167735639176366513252797264011064281144849906125855,-0.0108353860281036894237266115830637569784962221623551889496759,0.369610132992945926617743482750609589454599117848758254593697,False,,,True,False
1185,388,0.00423813363899056624681999371805514862592949029558477350066626,-0.133536866361009433753180006281944851374070509704415226499334,0.243559533409747641561704998429513787156482372573896193375167,0.0480316504096667675901985169546944651194773824600166281056434,5.60604846983321714991794965663775855344372830683176089934193,False,,,False,True
1186,234,0.0522697840486573338370185106727496137454068727556014016063097,-0.0855052159513426661629814893272503862545931272443985983936903,0.159317446012164333459254627668187403436351718188900350401577,-0.0147089148315171467664225896780600457112131054433080482164879,0.716827344887820827532317979584637826273168085676198634186384,False,,,True,False
1187,147,0.0375608692171401870705959209946895680341937673122933533898218,-0.100214130782859812929404079005310431965806232687706646610178,0.101265217304285046767648980248672392008548441828073338347455,-0.0157207101176960668111676550957236724544595752096246178370405,0.56858530584173710413183989285188708607071092327524936835829,False,,,True,False
1188,298,0.0218401590994441202594282658989658955797341921026687355527812,-0.115934840900555879740571734101034104420265807897331264447219,0.191710039774861030064857066474741473894933548025667183888195,0.00419226687524835603417152477530644914600531660163769278677273,1.13497791459272811065822372408037979043014493386621495654165,False,,,True,True
1189,99,0.026032425974692476293599790674272344725739508704306428339554,-0.111742574025307523706400209325727655274260491295693571660446,0.0683831064936731190733999476685680861814348771760766070848885,-0.0139348475259968341386883464376361790194909326605706090473407,0.503832668317219113301192637730347620848717205928078231726087,False,,,True,False
1190,359,0.0120975784486956421549114442366361657062485760437358192922133,-0.125677421551304357845088555763363834293751423956264180707787,0.227399394612173910538727861059159041426562144010933954823053,0.03731149758708043477577557508254481769891725909308489823252,2.93436020242373901514579986308329388818373656220358010993182,False,,,False,True
1191,212,0.0494090760357760769306870193191809834051658351368207175247333,-0.0883659239642239230693129806808190165948341648631792824752667,0.144852269008944019232671754829795245851291458784205179381183,-0.021834277030090123305328256465645764545145525817229103283685,0.598788366635513671175979613608824994127817348987725172631497,False,,,True,False
1192,266,0.0275747990056859536253587628535352188600203093195916142410483,-0.110200200994314046374641237146464781139979690680408385758952,0.173143699751421488406339690713383804715005077329897903560262,0.00452937827124501672026277218076654154206474115514338286446872,1.13706403175379892576103672962783193756847905837865204597855,False,,,True,True
1193,128,0.032104177276930970345621535034301760402085050474734997105517,-0.105670822723069029654378464965698239597914949525265002894483,0.0880260443192327425864053837585754401005212626186837492763792,-0.0231348126495274084190124473712574467483711950538594945167464,0.40410546878552867549755628108717407119053589962685716220505,False,,,True,False
1194,334,0.00896936462740356192660908766304431365371385542087550258877056,-0.128805635372596438073390912336955686346286144579124497411229,0.210992341156850890481652271915761078413428463855218875647193,0.0258610244826224408677979890265949512543294588476724100987116,2.67900162899208097904711104028444384206142446585001734580066,False,,,True,True
1195,173,0.0348303891100260027944070766896392649080433142685479126874822,-0.102944610889973997205592923310360735091956685731452087312518,0.116832597277506500698601769172409816227010828567136978171871,-0.0206206129896612362999862824056082240000049141353097018595201,0.510942074149457295753797699145127934184790187837438693967948,False,,,True,False
1196,62,0.0142097761203647664944207942840310409080384001332382108279621,-0.123565223879635233505579205715968959091961599866761789172038,0.0423024440300911916236051985710077602270096000333095527069905,-0.00967333057764961852886703038914172932323986854109774219824378,0.476677030541737906359580906157973859821138444873924882873654,False,,,True,False
1197,283,0.00453644554271514796555376389488931158479853159214046862971832,-0.133238554457284852034446236105110688415201468407859531370282,0.17800911138567878699138844097372232789619963289803511715743,0.000603035869802278215737576274308274917700884930165888319052753,1.01764816453048820453497406520129366194164570274576302973204,False,,,True,True
1198,107,0.00513948141251742618129134016919758650249941652230635694877107,-0.132635518587482573818708659830802413497500583477693643051229,0.0681598703531293565453228350422993966256248541305765892371928,-0.00169511530050666014550570505489970687062884647309240549212997,0.702028880189480461555609297146793147964107722306773088751556,False,,,True,False
1199,375,0.0034443661120107660357856351142978796318705700492139514566411,-0.134330633887989233964214364885702120368129429950786048543359,0.23523609152800269150894640877857446990796764251230348786416,0.0378411571757895739758888721241897116883972309137242776555392,2.87856968185778600960215317817415526683403634729883241597003,False,,,False,True
1200,222,0.0412855232878003400116745072384875913202678009629382291121803,-0.0964894767121996599883254927615124086797321990370617708878197,0.149071380821950085002918626809621897830066950240734557278045,-0.02000038744488672512250141392394695857707266442284172873172,0.63889485818741970310920101801526745447464259296480810822533,False,,,True,False
1201,153,0.0212851358429136148891730933145406327431951365400965003804602,-0.11648986415708638511082690668545936725680486345990349961954,0.100946283960728403722293273328635158185798784135024125095115,-0.0106731579332774508107289094884048744434876413577099597513486,0.621606977615025600016880550686502781047517368139415505287977,False,,,True,False
1202,312,0.0106119779096361640784441838261357582997074951823865406291116,-0.127163022090363835921555816173864241700292504817613459370888,0.197652994477409041019611045956533939574926873795596635157278,0.00993722823782752171843239469476731252302651417966213333263446,1.46805530408530061372056546669115307456901661672672597617365,False,,,True,True
1203,85,0.0205492061474636857968765785209030708227340093620486739617461,-0.117225793852536314203123421479096929177265990637951326038254,0.0582623015368659214492191446302257677056835023405121684904365,-0.0132835601186335184270340840229820165625917527428067487623866,0.50695393277995406034036430546031073049247798484320121880973,False,,,True,False
1204,251,0.00726564602883016736984249449792105426014225661924192519935947,-0.130509353971169832630157505502078945739857743380758074800641,0.15869141150720754184246062362448026356503556415481048129984,-0.00375349245599406920668327170860183685102848811587860607761082,0.805578789465898265014363340081859013431174607687583708801135,False,,,True,False
1205,32,0.00351215357283609816315922278931921740911376850336331912174865,-0.134262846427163901836840777210680782590886231496636680878251,0.0208780383932090245407898056973298043522784421258408297804372,-0.000803109348682581553635323584267293735888400885515396541296175,0.453854929613102982834790138819086191769960056039487800545755,False,,,True,False
1206,394,0.00270904422415351660952389920505192367322536761784792258045247,-0.135065955775846483390476100794948076326774632382152077419548,0.246927261056038379152380974801262980918306341904461980645113,0.0511522948372286059977054230101417805734924090228397742457336,5.93180832033004818139382810460861784913171502847128656723497,False,,,False,True
1207,190,0.053861339061382122607229322215193704246717776640687696826186,-0.083913660938617877392770677784806295753282223359312303173814,0.132215334765345530651807330553798426061679444160171924206547,-0.0255903300044281531033092625887493518881358817528828092837719,0.526543874387004613604557512144289599488520819564100518649163,False,,,True,False
1208,292,0.0282710090569539695039200596264443523585818948878048875424141,-0.109503990943046030496079940373555647641418105112195112457586,0.189567752264238492375980014906611088089645473721951221885604,0.011995311207379881979751864734370534074642964576989205528766,1.4061003011602213703695529864558628712472045346818570734527,False,,,True,True
1209,133,0.0402663202643338514836719243608148864332248594647940930711801,-0.0975086797356661485163280756391851135667751405352059069288199,0.093191580066083462870917981090203721608306214866198523267795,-0.0218023744138998739528003736194760879142329266649947414075244,0.453549522792951021534651435801662523312410576691307454943054,False,,,True,False
1210,344,0.0184639458504339775308715507413387985189919327997993516636558,-0.119311054149566022469128449258661201481008067200200648336344,0.219615986462608494382717887685334699629747983199949837915914,0.0285129896571725268030519713032042731050062018982276871024279,2.08523591063930313055338800665678495184254157808139940985923,False,,,False,True
1211,209,0.0469769355076065043339235220445430716239981346980270387660837,-0.0907980644923934956660764779554569283760018653019729612339163,0.142369233876901626083480880511135767905999533674506759691521,-0.0188817186843242724677163686917741040859586305943103349784271,0.598732095188414423283126642497158371729909798238849105270958,False,,,True,False
1212,99,0.0280952168232822318662071533527689675380395041037167037876566,-0.109679783176717768133792846647231032461960495896283296212343,0.0688988042058205579665517883381922418845098760259291759469141,-0.0138951374988638402953239359107747135784392139464160977756313,0.521268980395858748203983372911273464975187262530560957482951,False,,,True,False
1213,271,0.0142000793244183915708832174419942539596002901573006060120253,-0.123574920675581608429116782558005746040399709842699393987975,0.172925019831104597892720804360498563489900072539325151503006,-0.00393417477049775990008695938878866791982608677109187857563421,0.910278694371420029636009642507811016920756611241239898700281,False,,,True,False
1214,364,0.0102659045539206316707962580532055860397742033862087274363911,-0.127509095446079368329203741946794413960225796613791272563609,0.230066476138480157917699064513301396509943550846552181859098,0.0447383771503344535312556870022844840401751952531061116297456,5.25398697988287513285526733044948101749531396787084242607816,False,,,False,True
1215,166,0.0550042817042550852020519450554900700799493986393148390661367,-0.0827707182957449147979480549445099299200506013606851609338633,0.117501070426063771300512986263872517519987349659828709766534,-0.0282300719371259657341212024761346902966373673950420771889021,0.501378081708714258884962470127319475369066818115432688900153,False,,,True,False
1216,238,0.0267742097671291194679307425793553797833120312442727618772346,-0.111000790232870880532069257420644620216687968755727238122765,0.155443552441782279866982685644838844945828007811068190469309,-0.0044936226465897266139465701986590368244475393136594573971494,0.847322603879089707633421003888274293447803395160862216890823,False,,,True,False
1217,78,0.0222805871205393928539841723806963429588644919306133044800852,-0.115494412879460607146015827619303657041135508069386695519915,0.0543201467801348482134960430951740857397161229826533261200213,-0.00937194407590257363331143181650263672652095540504979068676197,0.479408497852252814937823397323309597466349588783130028798265,False,,,True,False
1218,322,0.0129086430446368192206727405641937062323435365255635137933232,-0.124866356955363180779327259435806293767656463474436486206677,0.204477160761159204805168185141048426558085884131390878448331,0.0131748422966811363651121699137850975854223369813286309088469,1.39178329756170010983337362750759987138186441970104159123915,False,,,True,True
1219,144,0.0260834853413179555857849104779788038177658735068921447021701,-0.11169151465868204441421508952202119618223412649310785529783,0.0965208713353294888964462276194947009544414683767230361755425,-0.0210097995210323445978879154155011841572251416621647066047404,0.501561874402929797370379847873092678575504658467248428699617,False,,,True,False
1220,300,0.00507368582028561098789699506247761966054073184472743809742969,-0.13270131417971438901210300493752238033945926815527256190257,0.188768421455071402746974248765619404915135182961181859524357,0.0115542960492864007718659895272408097774705883245466825059739,1.83546341930432448959688997534271297832652055771056943464166,False,,,True,True
1221,194,0.0166279818695720117597629845897184294380113201692741206034036,-0.121147018130427988240237015410281570561988679830725879396596,0.125406995467393002939940746147429607359502830042318530150851,-0.00782501518958791522710710783076810636356383609291211350844457,0.664843233371724967623976992944155013890761985607724552468447,False,,,True,False
1222,50,0.00880296667998409653265587675895032307444748407636200709495905,-0.128972033320015903467344123241049676925552515923637992905041,0.0334507416699960241331639691897375807686118710190905017737398,-0.00482751191329105929905114016310175242327020973519269009170153,0.277132177336949689399616367034041897751334945459429257857392,False,,,True,False
1223,384,0.00397545476669303723360473659584857065117727434116931700325752,-0.133799545233306962766395263404151429348822725658830682996742,0.240993863691673259308401184148962142662794318585292329250814,0.0373739488532468513520907494034514528205579017213898526189783,2.8156563783212146461178337627296673700498359529818797327082,False,,,False,True
1224,226,0.0413494036199398885856954859993000234717351760625591696222358,-0.0964255963800601114143045140006999765282648239374408303777642,0.151587350904984972146423871499825005867933794015639792405559,-0.0119268781385077839797622145449800863177620036261384147218953,0.729126087515062882597964274648148497956932224444057831031222,False,,,True,False
1225,119,0.0294225254814321046059332714543199371539731724364207549003405,-0.108352474518567895394066728545680062846026827563579245099659,0.0817306313703580261514833178635799842884932931091051887250851,-0.0146387215690138059001205749785937088257868887551256000594356,0.510514539435559215559775723867183316854877380352603113879313,False,,,True,False
1226,337,0.0147838039124182987058126964757262283281862836812951548409049,-0.122991196087581701294187303524273771671813716318704845159095,0.214320950978104574676453174118931557082046570920323788710226,0.0202457339770927825868186056790753157147883735674665709803318,1.62395326565525849057761631779136669885465961542772706377343,False,,,False,True
1227,176,0.0350295378895110812926313021548015440429746572487617258212367,-0.102745462110488918707368697845198455957025342751238274178763,0.118757384472377770323157825538700386010743664312190431455309,-0.0157301925912211868658524696844969257873689214640310066151242,0.627981693167508250965124485648874970958839567504139722498192,False,,,True,False
1228,267,0.0192993452982898944267788324703046182556057357847307192061125,-0.118475654701710105573221167529695381744394264215269280793887,0.171699836324572473606694708117576154563901433946182679801528,0.00126106656789282150498925191656623080596775241858531626146714,1.04563634828884478321727912132557110277850131710965269122693,False,,,True,True
1229,86,0.0205604118661827159317680843868708490615734882033160354675797,-0.11721458813381728406823191561312915093842651179668396453242,0.0588901029665456789829420210967177122653933720508290088668949,-0.0145268241156175578998284965598795186866535028636803884924041,0.362331349349230845606358129713911145179365868399677169124197,False,,,True,False
1230,356,0.00603358775056515803193958782699133037491998533963564697517558,-0.131741412249434841968060412173008669625080014660364353024824,0.224008396937641289507984896956747832593729996334908911743794,0.0310529018090154393694552307063338937376936295245173346588109,2.27885260934080641148621483835296435375437065996699556389874,False,,,False,True
1231,205,0.0370864895595805974013948185333252241126136148641529816339865,-0.100688510440419402598605181466674775887386385135847018366014,0.137396622389895149350348704633331306028153403716038245408497,-0.0190236078700911603492231202874364888276401165955030235281038,0.616869318817684043916560738027124909048661285238944194480708,False,,,True,False
1232,130,0.0180628816894894370521716982458887352849734982686499581058826,-0.119712118310510562947828301754111264715026501731350041894117,0.0857657204223723592630429245614721838212433745671624895264707,-0.00890609558960686806145509734747342480555440514403941729227643,0.648774003784908451181970359628603393191120294041498419130731,False,,,True,False
1233,306,0.00915678609988256899071660089841531047941909312461054081360622,-0.128618213900117431009283399101584689520580906875389459186394,0.193539196524970642247679150224603827619854773281152635203402,0.00532344813422886237060879722275837130573481598324668352696944,1.27359959811475240603832549979119202014447700624551454359935,False,,,True,True
1234,65,0.0144802342341114313613253981211736817851539091078572243405757,-0.123294765765888568638674601878826318214846090892142775659424,0.0442450585585278578403313495302934204462884772769643060851439,-0.00939859218030766524048966594488183205298283916962668272350624,0.525777233265459621130829612605309134322140702679762567918969,False,,,True,False
1235,249,0.00508164205380376612083573217629184973217106993823054161706942,-0.132693357946196233879164267823708150267828930061769458382931,0.156895410513450941530208933044072962433042767484557635404267,-0.00286583153853623933257244323615116254008564117960857796034815,0.831799298135139100404906907857161019758172738690404047278833,False,,,True,False
1236,391,0.00221581051526752678826328894014068719208542875862196365672127,-0.135559189484732473211736711059859312807914571241378036343279,0.24492895262881688169706582223503517179802135718965549091418,0.0526823665338028924040225709021483591511450176874134176699623,9.67931172461991904595658646187455755729865450556247481612911,False,,,False,True
1237,165,0.0548981770490704191922858598422890463432304464460353813266836,-0.0828768229509295808077141401577109536567695535539646186733164,0.116849544262267604798071464960572261585807611611508845331671,-0.0260536659182121186799631624367593359022727482457878916580452,0.497370061444181445638523423870266793520778175782241101318868,False,,,True,False
1238,281,0.0288445111308583005123226974055297104409576982002474896686384,-0.108930488869141699487677302594470289559042301799752510331362,0.18283612778271457512808067435138242761023942455006187241716,0.00464394094665298856630593698135768385701995795914401867978746,1.14553965324592140756993218711172221691060743387131253262343,False,,,True,True
1239,112,0.0334884520775112890786286343868873942979776561593915083484259,-0.104286547922488710921371365613112605702022343840608491651574,0.0783721130193778222696571585967218485744944140398478770871065,-0.0189178870372968100802487133499009835545957753491354801554717,0.469276642088629565983483326671475537008798544574600507724067,False,,,True,False
1240,329,0.0145705650402144789983799210369864107433818808102560281929542,-0.123204434959785521001620078963013589256618119189743971807046,0.209267641260053619749594980259246602685845470202564007048239,0.0244738701114217101638220887872405821399921941381145520270943,1.879365946282909581928847021238734356244515493384953528849,False,,,True,True
1241,197,0.0390444351516361891622020098242269928833740749483705802200485,-0.0987305648483638108377979901757730071166259250516294197799515,0.132886108787909047290550502456056748220843518737092645055012,-0.0220079492747374136995805217118629132089348581552319908572159,0.548686362447389137310499094543878763427284031358486812581641,False,,,True,False
1242,77,0.0170364858768987754626214881123640796744392167931385893628326,-0.120738514123101224537378511887635920325560783206861410637167,0.0523841214692246938656553720280910199186098041982846473407082,-0.00821749615486400338453671958660554162259372388728289951223105,0.494814726405593825465890188380440845292997202048549130596725,False,,,True,False
1243,368,0.00881898972203477207808476852575853805184549290585568985060155,-0.128956010277965227921915231474241461948154507094144310149398,0.23220474743050869301952119213143963451296137322646392246265,0.039820045859819181552975613410762157832945455801796567355445,3.39245458660316402089569485178762335321195518642754102177299,False,,,False,True
1244,231,0.0486390355818539536310603819365206958847909487076522572060465,-0.0891359644181460463689396180634793041152090512923477427939535,0.156534758895463488407765095484130173971197737176913064301512,-0.0154252703237186515606443977262607680526627895433331935078558,0.702542080378863775989572626149309727922505027635632464645161,False,,,True,False
1245,145,0.0332137652581353020704159842102599278321281591643190636981907,-0.104561234741864697929584015789740072167871840835680936301809,0.0989284413145338255176039960525649819580320397910797659245477,-0.0155794769488382355538903196110299824898064818273713146200174,0.555083071589539577670242435454591838235762153278000726956842,False,,,True,False
1246,295,0.0176342883092970665165256645992299453423216773369477490781733,-0.120140711690702933483474335400770054657678322663052250921827,0.188783572077324266629131416149807486335580419334236937269543,0.00346445896539502777573494063335987636588079749976521827379325,1.11076026456846769230663696596410951664346179978178749894278,False,,,True,True
1247,99,0.0210987472746920942922606052325898217082024748367129673519666,-0.116676252725307905707739394767410178291797525163287032648033,0.0671496868186730235730651513081474554270506187091782418379916,-0.0137059708736653011403027770230774212215004888508067272140912,0.490247896005894340972160368663158208613291735395563445913354,False,,,True,False
1248,347,0.00739277640102679315195782820951240048670198598590624013787532,-0.130382223598973206848042171790487599513298014014093759862125,0.218723194100256698287989457052378100121675496496476560034469,0.0319856491957723165300973412421549582471745549614870271608044,2.42429229157002354072200952666650062578370996491909192911718,False,,,False,True
1249,188,0.0393784255967991096820551694516673587338765409473932672986798,-0.0983965744032008903179448305483326412661234590526067327013202,0.12734460639919977742051379236291683968346913523684831682467,-0.0216977708810282850891843045370609371290810372428672303835335,0.574465157318466110236103908875929583571175608347117299002821,False,,,True,False
1250,258,0.0176806547157708245928708649146064216047955037045260369151462,-0.120094345284229175407129135085393578395204496295473963084854,0.165670163678942706148217716228651605401198875926131509228787,0.000524219698473586107349176501042031079170660505595748428420751,1.02244396979320193318074831159184013863806343138160999761416,False,,,True,True
1251,70,0.018204874414244410700220041415648452683966164210121785343567,-0.119570125585755589299779958584351547316033835789878214656433,0.0483012186035611026750550103539121131709915410525304463358917,-0.0153236160480214402526763821735804788391940192354797106702802,0.334909014409067992730331899578829140503451140914034193809834,False,,,True,False
1252,378,0.00288125836622297044754365924206797384477214497464207467328679,-0.134893741633777029552456340757932026155227855025357925326713,0.236970314591555742611885914810516993461193036243660518668322,0.0450581787172609513747784187621203916036534171088129407463535,4.75884148823286969762217039771017801499788942849284712252921,False,,,False,True
1253,169,0.0479394370834839218223220780041883654484255620834550154196403,-0.0898355629165160781776779219958116345515744379165449845803597,0.11760985927087098045558051950104709136210639052086375385491,-0.0212801667403330279187430923254411736510414127868176415194066,0.55359170023143278753516853171663134547801252025428242989843,False,,,True,False
1254,276,0.0266592703431508939035789856787471917973841492966373739002337,-0.111115729656849106096421014321252808202615850703362626099766,0.179164817585787723475894746419686797949346037324159343475058,0.00149322445089291174696461255494289606545031918288660925864286,1.04103990930894618174003076203332816598405267233645917074344,False,,,True,True
1255,122,0.0281524947940438056505435982336900878628344684795239831588765,-0.109622505205956194349456401766309912137165531520476016841123,0.0832881236985109514126358995584225219657086171198809957897191,-0.0155989300425335909008524323529802394879291168749188242967483,0.48368543836326082728320528357251941290293523220723964651342,False,,,True,False
1256,318,0.0125535647515102147496911658807098483749053516046051588621282,-0.125221435248489785250308834119290151625094648395394841137872,0.201888391187877553687422791470177462093726337901151289715532,0.0160279492872110956329765428982930349203398108236819073479868,1.46757984209217317268198198040827685090840844402609839246838,False,,,True,True
1257,211,0.028581514038721310382667708779002883295245162428287066210115,-0.109193485961278689617332291220997116704754837571712933789885,0.139020378509680327595666927194750720823811290607071766552529,-0.0130048287456355944184693328853956373986577710549449929806683,0.645379678914927188720786575428905311047898149262233716623186,False,,,True,False
1258,80,0.0155766852930857159641983758936072458965873913733420732294467,-0.122198314706914284035801624106392754103412608626657926770553,0.0538941713232714289910495939734018114741468478433355183073617,-0.0136813898514332930417358782238769892296853892958302495255679,0.36848901771531915682418517545283666506961836176304024226316,False,,,True,False
1259,360,0.00189529544165242292246249766973025666690200207751182370387879,-0.135879704558347577077537502330269743333097997922488176296121,0.22547382386041310573061562441743256416672550051937795592597,0.0332560124711706974924141645838487029247278741097436480615577,2.73285128163664834800571406352303522036601743864029926562979,False,,,False,True
1260,179,0.0351513079128231204148766622535789595916298761872554717654365,-0.102623692087176879585123337746421040408370123812744528234564,0.120662826978205780103719165563394739897907469046813867941359,-0.0193500841610083587716997375562024084287647869516140724622906,0.594634403118589421298972373899680220655853738319787562532801,False,,,True,False
1261,251,0.0158012237518147616431769246973765511628650892356413993031459,-0.121973776248185238356823075302623448837134910764358600696854,0.160825305937953690410794231174344137790716272308910349825786,-0.00171696251445345175156693988303670182381082640694791782011715,0.946881965589592571662683585494157423131405170477932694671411,False,,,True,False
1262,102,0.0140842612373613098916099848143398493390542628286934814830287,-0.123690738762638690108390015185660150660945737171306518516971,0.0672710653093403274729024962035849623347635657071733703707572,-0.0124291249019181136751204699796036140803440954452111326477121,0.464088215603435993981319276691362572934030824775582842360038,False,,,True,False
1263,398,0.00165513633544319621648951483473623525871016738348234883531667,-0.136119863664556803783510485165263764741289832616517651164683,0.249163784083860799054122378708684058814677541845870587208829,0.0480005776695823259134442008960895862024917157258634971913226,22.7492797887437930946098637048124007180225131039481684932247,False,,,False,True
1264,225,0.0496557140050255221299337157308258214612018831093458460266393,-0.0881192859949744778700662842691741785387981168906541539733607,0.15303892850125638053248342893270645536530047077733646150666,-0.0136151860205306512413268994709301061008605603822171457661631,0.683455066923126889936708132949993671831202548233778671105728,False,,,True,False
1265,301,0.0360405279844948708886068162598957153603413227271287002604762,-0.101734472015505129111393183740104284639658677272871299739524,0.197135131996123717722151704064973928840085330681782175065119,0.0152434868248137836231588298761303823559540022748207947716882,1.510852305641632896969331594528568724209111519225739704282,False,,,True,True
1266,144,0.0512840148093086545117656461360260977162953250019494950321645,-0.0864909851906913454882343538639739022837046749980505049678355,0.102821003702327163627941411534006524429073831250487373758041,-0.0291088378931294827468933053203995827972840745932726323365143,0.425647947942871329588475326507970030587485135985349013576733,False,,,True,False
1267,332,0.0221751769161791717648723408156265149190112504086768626956501,-0.11559982308382082823512765918437348508098874959132313730435,0.213043794229044792941218085203906628729752812602169215673913,0.0255540288510198521793928488356718885643711687783404350671231,2.06448064799207065115185766207768024841248717982937059837528,False,,,True,True
1268,191,0.0477292057671990239442651896512984034833824191870172977627732,-0.0900457942328009760557348103487015965166175808129827022372268,0.131307301441799755986066297412824600870845604796754324440693,-0.0205426754097591139905720055889508799035567450408731641591664,0.549245317633574023292245821952691463724902817415805414277479,False,,,True,False
1269,88,0.0271865303574399099536931840623475235798256741461441336036069,-0.110588469642560090046306815937652476420174325853855866396393,0.0617966325893599774884232960155868808949564185365360334009017,-0.0105513324425717888685704279615871970312857746264121244384156,0.558549360428689799500900344514867285890556670162172800729788,False,,,True,False
1270,282,0.0166351979148681210851227561007603265485398995197320091651913,-0.121139802085131878914877243899239673451460100480267990834809,0.180408799478717030271280689025190081637134974879933002291298,-0.00331767972463081818793581536590313565929224250581394000316385,0.922326584815311145139211553550873981443023577295077615669694,False,,,True,False
1271,128,0.0133175181902373028971869407348571908892476570139180691620274,-0.124457481809762697102813059265142809110752342986081930837973,0.0833293795475593257242967351837142977223119142534795172905069,-0.00469380857881468811974687194425309894841898793736281404423189,0.634151424062397907399317169542708250736293674563379357193382,False,,,True,False
1272,372,0.00862370961142261477744006879060409194082866907655525511779556,-0.129151290388577385222559931209395908059171330923444744882204,0.234655927402855653694360017197651022985207167269138813779449,0.0360600274459002639397324686038737858108284811344472557218976,2.74486446312850321937458715666768619705443650091283320475389,False,,,False,True
1273,234,0.0446837370573228787171725373944778777516571502110025108396931,-0.0930912629426771212828274626055221222483428497889974891603069,0.157420934264330719679293134348619469437914287552750627709923,-0.0159457397815724571260825684891394698794321987041778916622126,0.704711763264791699681042668786636372756566616091171719341851,False,,,True,False
1274,162,0.0287379972757504215910899689053384078722249515068246191774805,-0.109037002724249578408910031094661592127775048493175380822519,0.10843449931893760539777249222633460196805623787670615479437,-0.0125240689154486191263282446115815037365604441888125840447918,0.596038262171907186275684957674918261593290012744606899403039,False,,,True,False
1275,315,0.0162139283603018024647617242937569041356645073180120351326887,-0.121561071639698197535238275706243095864335492681987964867311,0.200928482090075450616190431073439226033916126829503008783172,0.0126330426362645565824413249748546202910038731490889896175092,1.63937348812673092680884662854188718007282464468468751432194,False,,,True,True
1276,99,0.0288469709965663590472030492686115244266683804671010247501979,-0.108928029003433640952796950731388475573331619532898975249802,0.0690867427491415897618007623171528811066670951167752561875495,-0.0170777635918781442576745616143697558092893422992476100651157,0.478452240373123188990878778827812421379076703233702097805904,False,,,True,False
1277,263,0.0117692074046882147895284876542417686173790381678534146850823,-0.126005792595311785210471512345758231382620961832146585314918,0.167317301851172053697382121913560442154344759541963353671271,-0.00178656369816953979169433782298460705711776827787699476066701,0.916885559505281194436066254665615459036807939739304543645152,False,,,True,False
1278,53,0.00998264370651867499783414983125716156026126988997641992441525,-0.127792356293481325002165850168742838439738730110023580075585,0.0356206609266296687494585374578142903900653174724941049811038,-0.0031768943686357268318612765261134833880230627578256161276596,0.544949501380517613187007194834469795189433222541379295075869,False,,,True,False
1279,352,0.00680574933788294816597287330514367817223820713215080379675565,-0.130969250662117051834027126694856321827761792867849196203244,0.221701437334470737041493218326285919543059551783037700949189,0.0320902164260618061537898241276830969269012422945009513173681,2.39249498764248951248209360936601647697034635914552228097282,False,,,False,True
1280,196,0.0388959657639447543197626974328267750991394494266517551141237,-0.0988790342360552456802373025671732249008605505733482448858763,0.132223991440986188579940674358206693774784862356662938778531,-0.0245464190192874420268684036841062069694760130680870441505056,0.548541530963573486068450029594835192952095191589580374705013,False,,,True,False
1281,133,0.0143495467446573122928942937487205681296634363585647109636181,-0.123425453255342687707105706251279431870336563641435289036382,0.0867123866861643280732235734371801420324158590896411777409045,-0.00976113880807652446695648844616989184420026870378733123709676,0.586594194451029906326071481725938779881677079717028150994732,False,,,True,False
1282,386,0.00458840793658078782593780530255067628546316765477737972652135,-0.133186592063419212174062194697449323714536832345222620273479,0.24239710198414519695648445132563766907136579191369434493163,0.0452889448759715539394056661171181303030656485291852825849164,5.68594110889307720296214625150072953082228250341211010855185,False,,,False,True
1283,242,0.0498773528125523417653434714196688065885288161839626623114377,-0.0878976471874476582346565285803311934114711838160373376885623,0.163719338203138085441335867854917201647132204045990665577859,-0.0147670771820629105814329633655095063864808622328468327285546,0.729926227284631224725516404359292774388375650603098986473931,False,,,True,False
1284,167,0.0351102756304894311839105080541593002020479539511158295828831,-0.102664724369510568816089491945840699797952046048884170417117,0.113152568907622357795977627013539825050511988487778957395721,-0.0108725442204202450484618560066362549912891320176378927754364,0.664427908448094959409445114512410953284648166112809933120985,False,,,True,False
1285,304,0.0242377314100691861354486520475230452107588219334779368074467,-0.113537268589930813864551347952476954789241178066522063192553,0.196059432852517296533862163011880761302689705483369484201862,0.00785881542668454249702250629775656885195003378405469671557653,1.29066356805419668132067916380748169661609553346013403867225,False,,,True,True
1286,104,0.0320965468367537286324711583452796140627088557175326335230233,-0.105678453163246271367528841654720385937291144282467366476977,0.0730241367091884321581177895863199035156772139293831583807558,-0.0176422036200951996843511068401484320732300659750662251668926,0.447615998926973101307903253718993165105681388090086607473588,False,,,True,False
1287,338,0.0144543432166585289481200515051311819894787897424664083561307,-0.123320656783341471051879948494868818010521210257533591643869,0.214863585804164632237030012876282795497369697435616602089033,0.0269861747166607614962815140090131900769898925436795380611914,2.01591329095423585483277223659464231349199159276250320939868,False,,,False,True
1288,210,0.0414405179333192904444015655141443720664686822861459464173221,-0.0963344820666807095555984344858556279335313177138540535826779,0.141610129483329822611100391378536093016617170571536486604331,-0.0201400570483956373540626870483720321244305771391205842917447,0.603100896037112246247633727203777369147120181292288601021154,False,,,True,False
1289,78,0.0213004608849236530903388784657723399420381051470253621255774,-0.116474539115076346909661121534227660057961894852974637874423,0.0540751152212309132725847196164430849855095262867563405313944,-0.00891856741704189030588447897202755339034181175215726011711265,0.565046588102287268453061291159518213957904941758297227461662,False,,,True,False
1290,277,0.0123818934678817627844543994937447865516962933948681020084648,-0.125393106532118237215545600506255213448303706605131897991535,0.176220473366970440696113599873436196637924073348717025502116,0.0000484081000351460964508062879898675104952066522249300725916173,1.00118661577964247611377127778954767388918849317241925833252,False,,,True,True
1291,146,0.0124303015679169088809052057817346540621915000470930320810564,-0.125344698432083091119094794218265345937808499952906967918944,0.0943575753919792272202263014454336635155478750117732580202641,-0.00793924781684404737302575507343355711961712488115697068122049,0.498236141516083678771164740319437605826164059278343343671141,False,,,True,False
1292,366,0.0044910537510728615078794507083010969425743751659360613998359,-0.133283946248927138492120549291698903057425624834063938600164,0.229872763437768215376969862677075274235643593791484015349959,0.0300992611224996055301018687189833055554823711401549639953952,2.5583653594172333765529973951119394546376576734558716538411,False,,,False,True
1293,224,0.0345903148735724670379813194272844024980567463060910253952311,-0.103184685126427532962018680572715597501943253693908974604769,0.148647578718393116759495329856821100624514186576522756348808,-0.0125864755731574212288707592061491666943389651663773783295089,0.708213483685973734855076318892546157510634052008893612494758,False,,,True,False
1294,112,0.0220038393004150458091105602211352358037177811397136470657222,-0.115771160699584954190889439778864764196282218860286352934278,0.0755009598251037614522776400552838089509294452849284117664306,-0.0125803201790742328863750992575235801891713964113936315908093,0.514282703257312325916435813065869771941105121172913580277525,False,,,True,False
1295,321,0.00942351912134081292273546096361165561454638472832001547491295,-0.128351480878659187077264539036388344385453615271679984525087,0.202980879780335203230683865240902913903636596182080003868728,0.0149154187638191672880042056990268259562885466327747007130078,1.45864902075529477114965670289044500859456775887323755420065,False,,,True,True
1296,179,0.0243389378851599802107396666626384815708349313610947161879207,-0.113436062114840019789260333337361518429165068638905283812079,0.11795973447128999505268491666565962039270873284027367904698,-0.0156589325080586840007198350913479790955285306289647323973081,0.562264958295006122299036390145196879163933040716859583417311,False,,,True,False
1297,49,0.00868000537710129621001983157129050247530640073212998379061266,-0.129094994622898703789980168428709497524693599267870016209387,0.0327950013442753240525049578928226256188266001830324959476532,-0.00608934997412423778631345114899626622740741366524991296235183,0.45327632942408879114088427923972899935908481543491392405055,False,,,True,False
1298,393,0.00259065540297705842370638042229423624789898706688007082826083,-0.135184344597022941576293619577705763752101012933119929171739,0.246272663850744264605926595105573559061974746766720017707065,0.0510526428384942057301818807410190152059882104764554673623483,10.5857742601959347701287383004478199625413826988709714593639,False,,,False,True
1299,252,0.0536432982414712641538882611633132514538871975433355381906091,-0.0841317017585287358461117388366867485461128024566644618093909,0.170910824560367816038472065290828312863471799385833884547652,-0.0115425632820301389799818172471864027001910350507287619776372,0.778079761440755103903714015821676135427176449907275946256133,False,,,True,False
1300,153,0.0421007349594411251739064439161268487536961624926067762129718,-0.0956742650405588748260935560838731512463038375073932237870282,0.106150183739860281293476610979031712188424040623151694053243,-0.0159744261323349348951423349320345546829485982301054307685618,0.567671643467231747764598980723580598284557266826532279018263,False,,,True,False
1301,294,0.02612630882710619027876410898409229407074756426250134544441,-0.11164869117289380972123589101590770592925243573749865455559,0.190281577206776547569691027246023073517686891065625336361103,0.00319682511619708874497870856914209049594748744000736288034338,1.09902596729668312960329937471391775952675660879909910965174,False,,,True,True
1302,101,0.0293231339433032790237428175532343845666950517025087083247534,-0.108451866056696720976257182446765615433304948297491291675247,0.0704557834858258197559357043883085961416737629256271770811884,-0.0138722185687210273172188817124345517379894186440304880495798,0.486657862639502010456911242965527720471022973320251495659514,False,,,True,False
1303,345,0.0154509153745822517065239358407998328287056330584782202751736,-0.122324084625417748293476064159200167171294366941521779724826,0.219487728843645562926630983960199958207176408264619555068793,0.031425067402450406174666932435965289394977468114756300854764,2.34099373362396877860247583216325340973752318173139007755641,False,,,False,True
1304,203,0.0468759827770326578811908682767651222236831011732345211299376,-0.0908990172229673421188091317232348777763168988267654788700624,0.138593995694258164470297717069191280555920775293308630282484,-0.025838255789316444011966557834631980745363555872049727647864,0.555219262938950528832634966913598994389198034587693741687222,False,,,True,False
1305,266,0.0210377269877162138692243104421331414783195453011847934820737,-0.116737273012283786130775689557866858521680454698815206517926,0.171509431746929053467306077610533285369579886325296198370518,0.00666062995671801102653463551416918156248018691782354301441604,1.23866432771209364463425777891314801397301729025920948395279,False,,,True,True
1306,124,0.0276983569444342248957589459563023230407997322190083364964897,-0.11007664305556577510424105404369767695920026778099166350351,0.0844245892361085562239397364890755807601999330547520841241224,-0.0204451237512218660984305147463606086009050678102434392708194,0.394512324255558902214847812742372245638679397726831768167402,False,,,True,False
1307,375,0.00725323319321235879732843120994171443989466440876489722567029,-0.13052176680678764120267156879005828556010533559123510277433,0.236188308298303089699332107802485428609973666102191224306418,0.0409047760576927024813386160093399301630373460839387306543439,4.63443371330005603057814716371492117334901784247607062671969,False,,,False,True
1308,185,0.0481580092509050612786670472192816446029320104927036278800142,-0.0896169907490949387213329527807183553970679895072963721199858,0.127664502312726265319666761804820411150733002623175906970004,-0.0216350215898441061442558395918920546211083580777870525930846,0.566944715782856375437580010218646747032149883669640468790995,False,,,True,False
1309,307,0.0265229876610609551344112076273895899818236524149165752869296,-0.11125201233893904486558879237261041001817634758508342471307,0.198505746915265238783602801906847397495455913103729143821732,0.0139579461752810893875116212635925325399991573945578764659303,1.59393472081929028956080711396132817944230704680943527682085,False,,,True,True
1310,140,0.0404809338363420445219228288909821225218228098094744517528599,-0.0972940661636579554780771711090178774781771901905255482471401,0.097620233459085511130480707222745530630455702452368612938215,-0.0207948057723050485404742176688430862367868156973753576830045,0.530894044588109940631280324094371824215084771877165165582528,False,,,True,False
1311,239,0.0196861280640369959814486112221390362850359941120990940698554,-0.118088871935963004018551388777860963714964005887900905930145,0.154296532016009248995362152805534759071258998528024773517464,-0.0032060009515942502186203292152263001986317455075498577631668,0.873933626780308506019638126276735849945410667636191153271574,False,,,True,False
1312,67,0.0164801271124427457628282820069127360864042486045492363066886,-0.121294872887557254237171717993087263913595751395450763693311,0.0459950317781106864407070705017281840216010621511373090766722,-0.00815763888030164235657463915562739870185570740759701289576224,0.421827960981412793813145557947296249378140819743826885043431,False,,,True,False
1313,355,0.00832248823214110340625364285128533738454854119695222341092639,-0.129452511767858896593746357148714662615451458803047776589074,0.223955622058035275851563410712821334346137135299238055852732,0.0252315050940254970349667659993330839752601489543138552690124,1.82892351689053882845972298929535668501170626340142672994755,False,,,False,True
1314,209,0.0335539933261666004412204088506184213598086901512660786799387,-0.104221006673833399558779591149381578640191309848733921320061,0.139013498331541650110305102212654605339952172537816519669985,-0.0160502720059006976892506120987430101563758431127112952258925,0.634023798468907379682555700043271596013038511369077029594008,False,,,True,False
1315,105,0.0175037213202659027519697967518754112034328470385547834540462,-0.120271278679734097248030203248124588796567152961445216545954,0.0700009303300664756879924491879688528008582117596386958635116,-0.00715376634997117524458544927659562017002450193000036721124764,0.638900637107464838951465197075134255031142960043814762229598,False,,,True,False
1316,325,0.0103499549702947275073843474752797910334083451085544162427986,-0.127425045029705272492615652524720208966591654891445583757201,0.2057124887425736818768460868688199477583520862771386040607,0.0125313350469108796590203135142186653381683808755119851628296,1.33532653782282182449054660269849709070048155946620531819059,False,,,True,True
1317,167,0.0228812900172056071664046609894984563715767259840664014056282,-0.114893709982794392833595339010501543628423274015933598594372,0.110095322504301401791601165247374614092894181496016600351407,-0.014073439166586622388627171361165847205482340909506624673461,0.625471653144391344420830560843135353859716920162201390649611,False,,,True,False
1318,279,0.00880785085061898477777748962833260916609438507455977673216718,-0.128967149149381015222222510371667390833905614925440223267833,0.176576962712654746194444372407083152291523596268639944183042,0.00499484728990636033702583138747326934068570829623789028712718,1.29430529531663664957132644245576163108687080363714626535697,False,,,True,True
1319,76,0.0138026981405253451148033210158058785067800933707976670192944,-0.123972301859474654885196678984194121493219906629202332980706,0.0509506745351313362787008302539514696266950233426994167548236,-0.0111694688279653880293587865637818279154944701673945677384983,0.361116321142112265559632138525964548323618853234766462036603,False,,,True,False
1320,383,0.00263322931255995708544453445202405059128562320340309928079605,-0.135141770687440042914555465547975949408714376796596900719204,0.240033307328139989271361133613006012647821405800850774820199,0.0445110269845971666769663047897938162114168489358578660508322,4.04786447586454332823467234682655149519589467901173089638804,False,,,False,True
1321,222,0.0471442562971571237624108392418178668027024721392609653316283,-0.0906307437028428762375891607581821331972975278607390346683717,0.150536064074289280940602709810454466700675618034815241332907,-0.0171347832234006482817257406205772722913337717018022703998745,0.667667131395507639424291123664706582411629057561350609881799,False,,,True,False
1322,135,0.0300094730737564754806850986212405945113687004374586949317538,-0.107765526926243524519314901378759405488631299562541305068246,0.0918773682684391188701712746553101486278421751093646737329384,-0.0142320166563102521196816430603330228869570441496922857188126,0.552768683920527244149324067124848379264427761204554274314033,False,,,True,False
1323,299,0.0157774564174462233610034555609075716244116562877664092129412,-0.121997543582553776638996544439092428375588343712233590787059,0.190819364104361555840250863890226892906102914071941602303235,0.00364837786471123139755308131520596459306369232188750259260719,1.09447290736019495416870656956911537331660694328362208496273,False,,,True,True
1324,181,0.0194258342821574547585565368761135362174753486096539118055484,-0.118349165717842545241443463123886463782524651390346088194452,0.117981458570539363689639134219028384054368837152413477951387,-0.0109983383099362855584018339924847866904098855064695201153704,0.585331340262581367054543761212008603149572762262547468175768,False,,,True,False
1325,49,0.00842749597222116920015470288362874952706546310318439169017802,-0.129347504027778830799845297116371250472934536896815608309822,0.0327318739930552923000386757209071873817663657757960979225445,-0.00294105607538462205190028718542465026505166186041615707170284,0.582106064355413250101950965290311970973466693646269859459654,False,,,True,False
1326,342,0.00548643989683654714825441569820409926201380124276823461847518,-0.132288560103163452851745584301795900737986198757231765381525,0.215121609974209136787063603924551024815503450310692058654619,0.0187722010157763198033646288275156413930963040208413080737841,1.58737579591638959169332647206058848905468400778375149383419,False,,,False,True
1327,246,0.0242586409126128669516190445257197406551101052636095426922593,-0.113516359087387133048380955474280259344889894736390457307741,0.159814660228153216737904761131429935163777526315902385673065,-0.00135205668611195542560840352921258387104986230386235681836106,0.959694039056091126136046982279446233584311369047181892230693,False,,,True,False
1328,111,0.0229065842265009115260106409965071567840602429597471858738982,-0.114868415773499088473989359003492843215939757040252814126102,0.0751016460566252278815026602491267891960150607399367964684746,-0.0211111628015101275235280635388713448976776581006844442856517,0.379837286880811351687699414180244254288208047232399838844102,False,,,True,False
1329,396,0.00179542142499078400248257745763581188638258485906274158824651,-0.135979578575009215997517422542364188113617415140937258411753,0.247948855356247696000620644364408952971595646214765685397062,0.0533534781089480033200627553253485881746408833766335616209481,8.37093419602543971614948986616723685144608516945427756855628,False,,,False,True
1330,200,0.0551488995339387873225453327829844000610234682356963032091946,-0.0826261004660612126774546672170155999389765317643036967908054,0.138787224883484696830636333195746100015255867058924075802299,-0.0200422221217136240324736582005696974812902908784319007610439,0.601871774084878982566374608591749181634215788817643386175813,False,,,True,False
1331,273,0.0351066774122251632900716745824147025797331773572644024481507,-0.102668322587774836709928325417585297420266822642735597551849,0.179401669353056290822517918645603675644933294339316100612038,0.00205814432721592650713837844072122072466047268967081319772276,1.05278172037604749084963549075863106950846768925900061347567,False,,,True,True
1332,142,0.0371648217394410897972100530231359233043936500469352156458734,-0.100610178260558910202789946976864076695606349953064784354127,0.0980412054348602724493025132557839808260984125117338039114684,-0.0174828040430267496053624293742962882499768130832852646684882,0.480273776150374803724669522292513741086201791364126050020771,False,,,True,False
1333,329,0.0196820176964143401918476236488396350544168369636499509773853,-0.118092982303585659808152376351160364945583163036350049022615,0.210545504424103585047961905912209908763604209240912487744346,0.0158281973727750401399667528498060313035162914074490380364897,1.68983995957023570770245758069875755212316431898047670143037,False,,,True,True
1334,171,0.035510215069189380331814376498645666357933128371098989013875,-0.102264784930810619668185623501354333642066871628901010986125,0.115752553767297345082953594124661416589483282092774747253469,-0.0185552008518848537995671151705495667373509691988990914588649,0.55645825035258652453211365055295230909508906006882654989254,False,,,True,False
1335,72,0.01695501421730452653224726132809609962058215917219989755501,-0.12081998578269547346775273867190390037941784082780010244499,0.0492387535543261316330618153320240249051455397930499743887525,-0.00371755654545745501809270451704616693943948840458030863824451,0.627745796683354699664618989896583473955584270284738073461267,False,,,True,False
1336,362,0.0132374576718470715141545568110499326811426707676195889167655,-0.124537542328152928485845443188950067318857329232380411083234,0.229559364417961767878538639202762483170285667691904897229191,0.033932664431555314099909419536439251086429532063351406521149,2.59000691115763072574209393706995308021232301597312783639935,False,,,False,True
1337,233,0.0471701221034023856140639763474891837675722028309709954379146,-0.0906048778965976143859360236525108162324277971690290045620854,0.157417530525850596403515994086872295941893050707742748859479,-0.0185059563157803931611182018534771223455893688071944982249275,0.647639078929894255074129467647087255862993104670321556230945,False,,,True,False
1338,122,0.028664165787621992452945774494012061421982834023776497212987,-0.109110834212378007547054225505987938578017165976223502787013,0.0834160414469054981132364436235030153554957085059441243032468,-0.00747739790164271665715361799197313384271803710564828281687776,0.686863287816790613176252994082855072499289212348492240677964,False,,,True,False
1339,293,0.0211867678859792757957921565020389275792647969181282143961093,-0.116588232114020724204207843497961072420735203081871785603891,0.188421691971494818948948039125509731894816199229532053599027,-0.00205908606822268158058580240979908812024723704972704807487135,0.958037029318976230255333222936177739048505418285995040178257,False,,,True,False
1340,191,0.0191276818177565942152063540922398394590175598684011663212379,-0.118647318182243405784793645907760160540982440131598833678762,0.124156920454439148553801588523059959864754389967100291580309,-0.0106299732082853847024459943797858122674171900489491176943736,0.613636450031132923640467713121140106579583460990094894137215,False,,,True,False
1341,50,0.00849770860947120951276035971245402719160036981945204862686433,-0.129277291390528790487239640287545972808399630180547951373136,0.0333744271523678023781900899281135067979000924548630121567161,-0.00111759443292900988296077154518021525031499490910957808443741,0.689127862581895940475346107618254734536429891451753910798155,False,,,True,False
1342,370,0.00738011417654219962979958816727381194128537491034247054242691,-0.130394885823457800370200411832726188058714625089657529457573,0.233095028544135549907449897041818452985321343727585617635607,0.0313687214458726308778724737209843414200891388539765731599831,2.41505388748888799279101210397517070821165997167529092314234,False,,,False,True
1343,254,0.03874883562241483050767206188825815336137451376431904370241,-0.09902616437758516949232793811174184663862548623568095629759,0.168437208905603707626918015472064538340343628441079760925603,-0.00393428183452394693661961481501806132905458579684089734535169,0.908554398762401979197544876687944739962851598229903731964708,False,,,True,False
1344,146,0.0348145537878908835710524470732400920323199279674781463570583,-0.102960446212109116428947552926759907967680072032521853642942,0.0999536384469727208927631117683100230080799819918695365892646,-0.0180439490768484095927846046512536164781797098195530799571624,0.485632177422001077641666746006938221623345981983425157348719,False,,,True,False
1345,316,0.0167706047110424739782678424219864755541402181479250663998959,-0.121004395288957526021732157578013524445859781852074933600104,0.201692651177760618494566960605496618888535054536981266599974,0.013077378455278777527494654083151437787146367133289131329028,1.54474215199458792298764920606500215714615935065938178338352,False,,,True,True
1346,103,0.029847983166321251505762496505137913341286585281214197728924,-0.107927016833678748494237503494862086658713414718785802271076,0.071836995791580312876440624126284478335321646320303549432231,-0.0176519237307112111222227230100392174762874389460658099036576,0.502226228397325434077941450180189475083929167162739572468672,False,,,True,False
1347,219,0.0121960594356100403835397734950986958649991463351483878252664,-0.125578940564389959616460226504901304135000853664851612174734,0.139924014858902510095884943373774673966249786583787096956317,-0.00699168118104307039835405260200762988552712613374186596572296,0.695895855057881346882235625799669506699211258731614397326403,False,,,True,False
1348,349,0.00520437825456696998518572089309106597947202020140652185954345,-0.132570621745433030014814279106908934020527979798593478140457,0.219426094563641742496296430223272766494868005050351630464886,0.0284491086196186316316870403263133943145634152520690794971439,3.13374193638047060494601973452418209504597413534113922703358,False,,,False,True
1349,165,0.0336534868741856016168727612194044602940354354534756013566874,-0.104121513125814398383127238780595539705964564546524398643313,0.111538371718546400404218190304851115073508858863368900339172,-0.021029241029712192256643713030312362626858347020795794280682,0.534768341620366046594445786026812379407555335449296937790612,False,,,True,False
1350,278,0.0126242458444734093602290481890920976671770884326798070760054,-0.125150754155526590639770951810907902332822911567320192923995,0.176906061461118352340057262047273024416794272108169951769001,0.00907360461708949365364367877606485474178071174325581772088306,1.5215476736287255183156807912547065134594299701421524399032,False,,,True,True
1351,80,0.0216978504615629030138727269651569524089578001759356247968884,-0.116077149538437096986127273034843047591042199824064375203112,0.0554244626153907257534681817412892381022394500439839061992221,-0.0181968849128322013085164678705173406679049272038109821367766,0.346569000882377962938502078342662717900127866104307382234652,False,,,True,False
1352,388,0.00350096554873070170535625909463961174105287297212464266011186,-0.134274034451269298294643740905360388258947127027875357339888,0.243375241387182675426339064773659902935263218243031160665028,0.0506478923725626585159661526304959506835215725771747056914476,5.97179001826283014453088720571334230142721999602095132929992,False,,,False,True
1353,202,0.0541488579212933602213224117251355624245744455492993483515595,-0.0836261420787066397786775882748644375754255544507006516484405,0.13978721448032334005533060293128389060614361138732483708789,-0.0246004472902944660627613683217667991268025197482875987935058,0.570638606637384204635201410502551418318779706623025917925326,False,,,True,False
1354,261,0.0295484106309988941585610434033687632977719258010117495580537,-0.108226589369001105841438956596631236702228074198988250441946,0.170512102657749723539640260850842190824442981450252937389513,0.00380498195122427479685758786715675299999579018265179040793614,1.11662337652781142712373440816643712914315783650060771512123,False,,,True,True
1355,125,0.0333533925822231689554186312705255162977677159836635399659899,-0.10442160741777683104458136872947448370223228401633646003401,0.0864633481455557922388546578176313790744419289959158849914975,-0.0176145571092310054504125443774945386831582999604912894019017,0.44776058342502493775880412151652699223377679913493061459249,False,,,True,False
1356,332,0.0157388354729921635050060868930309776146094160231722505640882,-0.122036164527007836494993913106969022385390583976827749435912,0.211434708868248040876251521723257744403652354005793062641022,0.0182170628116373998553869035233230811346033882382155716596715,1.54058485159623806040876592688283143388152317771882982930674,False,,,True,True
1357,176,0.0339558982846295633603929904163540587492128042613878222237597,-0.10381910171537043663960700958364594125078719573861217777624,0.11848897457115739084009824760408851468730320106534695555594,-0.0198274675979858622831117120847479099423004221086505421404971,0.536497520636616421050674513936547462880571547773828109234292,False,,,True,False
1358,63,0.0141284306866437010772812783316061488069123821527372800832627,-0.123646569313356298922718721668393851193087617847262719916737,0.0429071076716609252693203195829015372017280955381843200208157,-0.0038350853620151691471433092824231362175539337606054271392735,0.672753730366313953329507464638691307809587482036403123537172,False,,,True,False
1359,303,0.0102933453246285319301379690491830125893584483921318529439892,-0.127481654675371468069862030950816987410641551607868147056011,0.191948336331157132982534492262295753147339612098032963235997,0.00388483750347713910797537803308430108887373685324220016976617,1.08986920709748365433339022679812352849130840107621595050494,False,,,True,True
1360,227,0.0141781828281056710381133470822673136782321852453740531137553,-0.123596817171894328961886652917732686321767814754625946886245,0.145419545707026417759528336770566828419558046311343513278439,-0.0042579432856175143132356813518671185163545374966199470187423,0.864845826555168593048513512086781340916225437154833710703443,False,,,True,False
1361,98,0.00992023954248815672487766573040019516187764774875410609501302,-0.127854760457511843275122334269599804838122352251245893904987,0.0637300598856220391812194164326000487904694119371885265237533,-0.00530437805687047057178865437755492576615324080751734824955854,0.446132044462923401439920477696828382184216124880238802454344,False,,,True,False
1362,377,0.00461586148561768615308901135284526939572440694123675784545449,-0.133159138514382313846910988647154730604275593058763242154546,0.236778965371404421538272252838211317348931101735309189461364,0.0314293523795748052675732972133940427406442316118945511011621,2.24016316874484049649556578061544810896531584911547998637757,False,,,False,True
1363,189,0.0360452138651924914206623085662393121363686385531313089466166,-0.101729786134807508579337691433760687863631361446868691053383,0.127136303466298122855165577141559828034092159638282827236654,-0.0175381491794166950477167133815320772439447003856627635390721,0.604186132407710933553850873387072975352759230805620398953764,False,,,True,False
1364,285,0.0185070646857757963729455951847072348924239381674685454075445,-0.119267935314224203627054404815292765107576061832531454592455,0.182751766171443949093236398796176808723105984541867136351886,0.00831931059781739696149478237068964167485361388214905093135314,1.26982533444455659452815763113943715540468655966893172082468,False,,,True,True
1365,131,0.0268263752835931933344403775553968765672775520496175963388977,-0.110948624716406806665559622444603123432722447950382403661102,0.0885815938208982983336100943888492191418193880124043990847244,-0.0186475427610417353169167112198732656542746348377062850095159,0.437550458427910328723681099153605729995191183036391341787629,False,,,True,False
1366,353,0.00817883252255145801752366633552361091300291721191131132938181,-0.129596167477448541982476333664476389086997082788088688670618,0.222669708130637864504380916583880902728250729302977827832345,0.0292086031439410985835588621216661014280460767319325959235182,2.85954242944558548066637541155715853427168225017242497853644,False,,,False,True
1367,213,0.0373874356664925566010825284571897123410489939438439072529,-0.1003875643335074433989174715428102876589510060561560927471,0.142471858916623139150270632114297428085262248485960976813225,-0.0135943351512967557577868340620749168392957180470862903153379,0.65508177634109715780630129480268133795376916993608711732635,False,,,True,False
1368,84,0.0237931005151958008432956943951147955017532758967576169375621,-0.113981899484804199156704305604885204498246724103242383062438,0.0584482751287989502108239235987786988754383189741894042343905,-0.0139230204269501693513254639316832734792758433436169885256591,0.454122106389731947909405510066632749157589184126106888690233,False,,,True,False
1369,313,0.00987008008824563149197023046343152202247743255314062841190307,-0.127904919911754368508029769536568477977522567446859371588097,0.198092520022061407872992557615857880505619358138285157102976,0.0147603247420895215071435386105521294531888116732484967245152,1.4553684778492989284918277135605418295236354411768849507226,False,,,True,True
1370,158,0.0246304048303351529991137690739836514756662442263891251364183,-0.113144595169664847000886230926016348524333755773610874863582,0.104907601207583788249778442268495912868916561056597281284105,-0.0201969280788865469063589778017842652376711457063003974090237,0.547651016497462704566492261189880956326994772732104143037876,False,,,True,False
1371,255,0.00443347675144860609275479127219938623799509852008872772739464,-0.133341523248551393907245208727800613762004901479911272272605,0.160483369187862151523188697818049846559498774630022181931849,0.00444113534647979280031384771690243342099004820684335502167407,1.40027339141799706048197587027179345829347618507309368408399,False,,,True,True
1372,50,0.00887461209792839889306863898910181965898514672693208274906871,-0.128900387902071601106931361010898180341014853273067917250931,0.0334686530244820997232671597472754549147462866817330206872672,-0.00742875193016070490717759751537826737082747657900739802071061,0.240604977056150462043317106898313794367005073165681620306098,False,,,True,False
1373,391,0.0014458601677676939858910414737235522881576701479246847283581,-0.136329139832232306014108958526276447711842329852075315271642,0.24473646504194192349647276036843088807203941753698117118209,0.0437783996889563761957431426688598836565525745251276478542073,3.75488268734106328567270286461734373058330079855507274930331,False,,,False,True
1374,194,0.0452242598567240701816341841425834359447102446730523325825654,-0.0925507401432759298183658158574165640552897553269476674174346,0.132556064964181017545408546035645858986177561168263083145641,-0.0214785828068970083830953357105861144728099691650840005947822,0.571130044155306976568822936778800711680123713921716861831929,False,,,True,False
1375,291,0.0237456770498270617985388484319973214719002755079683319877832,-0.114029322950172938201461151568002678528099724492031668012217,0.187811419262456765449634712107999330367975068876992082996946,0.0135048604432223299178489005354666078004743925042760310404386,1.53456127082687596176292169337479713920486530494540778615222,False,,,True,True
1376,120,0.0372505374930493917163877489674639292723746680122443630282218,-0.100524462506950608283612251032536070727625331987755636971778,0.0843126343732623479290969372418659823180936670030610907570554,-0.0230754530755194674578936592209283807830635523536958112387496,0.425155844416334053621926382707691114954773392250436865433075,False,,,True,False
1377,339,0.0141750844175299242584940897465355484893111156585485517894722,-0.123599915582470075741505910253464451510688884341451448210528,0.215418771104382481064623522436633887122327778914637137947368,0.0262663235212165729661614622701668794128130326084340548355338,1.99254234352741464776857800237749925882375769706815925410027,False,,,False,True
1378,173,0.040441407938746497224655552016702427902124148266982606625006,-0.097333592061253502775344447983297572097875851733017393374994,0.118235351984686624306163888004175606975531037066745651656251,-0.021103434826649369818843360147530673332765404314415917076836,0.573357283176561813966170528918476963296120300539535850774165,False,,,True,False
1379,242,0.0193379731120971274058121918691717545693587439525666895481699,-0.11843702688790287259418780813082824543064125604743331045183,0.156084493278024281851453047967292938642339685988141672387042,-0.00171205394775498108837192868265720088292963021202735979557983,0.934093637666830357241924494759755857626694999057067614589555,False,,,True,False
1380,76,0.0176259191643421463174402631865145536864291137405393297525901,-0.12014908083565785368255973681348544631357088625946067024741,0.0519064797910855365793600657966286384216072784351348324381475,-0.010661803439925168652900430702231544502923702151254268306631,0.349360844138929380815753689106359827440507716766330897961592,False,,,True,False
1381,365,0.00696411572441697766453983248428300918350541158928506144595913,-0.130810884275583022335460167515716990816494588410714938554041,0.22986602893110424441613495812107075229587635289732126536149,0.0306447218973787296508171406830032851889702994512794927086303,2.22221486917948278962122114836892687608336353788997604605719,False,,,False,True
1382,208,0.0376088376217957073153569731672862943724757110405645541545895,-0.100166162378204292684643026832713705627524288959435445845411,0.139402209405448926828839243291821573593118927760141138538647,-0.0173560547597563486944666754318624035445890838414796330597501,0.640905993206615193638002595509351731357764805708251602926886,False,,,True,False
1383,129,0.0202527828620393586208902977354238908278866271990849210948394,-0.117522217137960641379109702264576109172113372800915078905161,0.0856881957155098396552225744338559727069716567997712302737098,-0.00692351981657308155339118238300736634846753561015316260652833,0.68902350657631997524917630169124976024142325874369883792811,False,,,True,False
1384,308,0.013329263045466277067499115352416524479419091588931758488311,-0.124445736954533722932500884647583475520580908411068241511689,0.195832315761366569266874778838104131119854772897232939622078,0.00234399939294479246364707547261824230848945220417586413635531,1.0729786387359835246808996189280118121747590926411843584869,False,,,True,True
1385,92,0.0156732624384110695311461908250347667879085437931076226246663,-0.122101737561588930468853809174965233212091456206892377375334,0.0614183156096027673827865477062586916969771359482769056561666,-0.00857461809502917721755502075680313676384888546016158310054271,0.612870061041696496674070047633686311044892901845975219709142,False,,,True,False
1386,269,0.00709864434338189231359117006823163002405965833294603952412363,-0.130676355656618107686408829931768369975940341667053960475876,0.169899661085845473078397792517057907506014914583236509881031,-0.00256529717391663756654110781288083201068105402457243150744511,0.907577131461255497649628247243653060805210402253947090533902,False,,,True,False
1387,36,0.00453334716946525474705006225535079801337860430837360801667852,-0.133241652830534745252949937744649201986621395691626391983321,0.0236333367923663136867625155638376995033446510770934020041696,-0.00207005753258181584339631959702767922569325883636677342958996,0.379433570795771664398881402968395427708394541088027668976561,False,,,True,False
1388,381,0.00246328963688343890365374265832311878768534547200683458708856,-0.135311710363116561096346257341676881212314654527993165412911,0.238740822409220859725913435664580779696921336368001708646772,0.0478417112112897996423789784283776597649248665143866516266087,5.22258933329382273641594138851606157498951871928044934733383,False,,,False,True
1389,184,0.0503050008481732385460327210867007785526102119863934862136973,-0.0874699991518267614539672789132992214473897880136065137863027,0.127576250212043309636508180271675194638152552996598371553424,-0.0267086623959098196547415230040782227781538405176708681164947,0.537087584025559580566774123985009806052347855967224410374397,False,,,True,False
1390,235,0.0235963384522634188912911980826225557744563714687226180972026,-0.114178661547736581108708801917377444225543628531277381902797,0.152774084613065854722822799520655638943614092867180654524301,-0.00690739892013795281944588390561830496893918691713055812006682,0.816935855543143089047493338227002909487956863171291483465271,False,,,True,False
1391,110,0.0166889395321254660718453141770042508055171845515920599771357,-0.121086060467874533928154685822995749194482815448407940022864,0.0729222348830313665179613285442510627013792961378980149942839,-0.00402849526809197230412663985764399671814560780371954041684361,0.728321041879872178731522525003522094304184971378499968079151,False,,,True,False
1392,328,0.0126604442640334937677186743193602540873715767478725195602921,-0.125114555735966506232281325680639745912628423252127480439708,0.208165111066008373441929668579840063521842894186968129890073,0.0094608391449735023787633175007802035743351591778071369155174,1.23695603032002289734693647383929858200994878948866906218892,False,,,True,True
1393,156,0.0221212834090069961464819918201404576617067359256796564758095,-0.11565371659099300385351800817985954233829326407432034352419,0.103030320852251749036620497955035114415426683981419914118952,-0.015306821948798804776749554346775450011500944416325401510972,0.582063953365738518169064436006595939171570598332048992125461,False,,,True,False
1394,287,0.00681446146020819136973243747336500765020579150935425496483753,-0.130960538539791808630267562526634992349794208490645745035162,0.181078615365052047842433109368341251912551447877338563741209,0.00792602604154555384008461437351714392448155064844912350723311,1.50305460049752511559202065984751586958827827015144725744088,False,,,True,True
1395,69,0.0147404875017537452098170518468821515746873421578033784720706,-0.123034512498246254790182948153117848425312657842196621527929,0.0468101218754384363024542629617205378936718355394508446180177,-0.011657846167419689070166714705477573954881799261182980581763,0.374659998468275880506774464873260766138162069391242464866506,False,,,True,False
1396,358,0.00308264133433405613965033714140457761980554289662039789030763,-0.134692358665665943860349662858595422380194457103379602109692,0.224520660333583514034912584285351144404951385724155099472577,0.0360637606339218775398540521818801727763745956258343884947927,2.79762799220587804124501064557436498107043169255685066177537,False,,,False,True
1397,201,0.0391464019682559336795043893232847503961801385224547863851004,-0.0986285980317440663204956106767152496038198614775452136148996,0.135411600492063983419876097330821187599045034630613696596275,-0.0227688434885845002113080252943832699923715982609403982247031,0.56711868918231393966176335537693524235648953818556213205612,False,,,True,False
1398,124,0.0163775584796714334681963640289014804038085402615143881603973,-0.121397441520328566531803635971098519596191459738485611839603,0.0815943896199178583670490910072253701009521350653785970400993,-0.0129684670745616205800680403319876564897461040564847974779422,0.582863053098062293184024681657398228708914579787917646881542,False,,,True,False
1399,317,0.00340909140510981288812832369691382391406243620502959068245503,-0.134365908594890187111871676303086176085937563794970409317545,0.198977272851277453222032080924228455978515609051257397670614,0.0135787500309292798659401010744641870798582905951219940820596,1.78123182674251942166784121868210713777298750116001493983709,False,,,True,True
1400,226,0.0169878414360390927540684247713780109939207268001515847645147,-0.120787158563960907245931575228621989006079273199848415235485,0.145496960359009773188517106192844502748480181700037896191129,-0.0044671409503620336315660246514465901672339105329689975437203,0.84163703611588606997489279043612169030372444704133298586477,False,,,True,False
1401,80,0.0125207004856770591225024001199314208266868162671825872207943,-0.125254299514322940877497599880068579173313183732817412779206,0.0531301751214192647806256000299828552066717040667956468051986,-0.0113064904217947255022643097301939885987185871813909053347736,0.35051391236265940365021117161809957846973412566098159692521,False,,,True,False
1402,399,0.0012142100638823336202380903897374322279682290857916818860208,-0.136560789936117666379761909610262567772031770914208318113979,0.249678552515970583405059522597434358056992057271447920471505,0.0487670742854675378895019309225926916535457660847560192155111,6.48799745771604633497293119390556904268253710557442713638132,False,,,False,True
1403,177,0.0499812843493498715097400213123301238815139951705477011015319,-0.0877937156506501284902599786876698761184860048294522988984681,0.123120321087337467877435005328082530970378498792636925275383,-0.015570054932051479043223743473609570392049058391303761821813,0.639138026011052394287410225237265015023329037722949984784803,False,,,True,False
1404,266,0.0344112294172983924665162778387205534894649367792439392797189,-0.103363770582701607533483722161279446510535063220756060720281,0.17485280735432459811662906945968013837236623419481098481993,-0.00781444737156937827080170759311242755307868507411737068977335,0.832525268644044666010336943626053786327929662175499213258903,False,,,True,False
1405,115,0.0265967820457290141957145702456081259363862517051265685899455,-0.111178217954270985804285429754391874063613748294873431410054,0.0785241955114322535489286425614020314840965629262816421474864,-0.00869822231829529999470251626265162039224722798857253759958347,0.557586098980366485484104246141640648427310160456083042695245,False,,,True,False
1406,343,0.017898559727433714201012053982956505544139023716554030990362,-0.119876440272566285798987946017043494455860976283445969009638,0.218849639931858428550253013495739126386034755929138507747591,0.0214111823243259192801028176903346547739158345863112378544881,1.64716005424019252075798053030416858017406805641163417456126,False,,,False,True
1407,212,0.0393097420517596334811148716732911603180548583028652688448501,-0.0984652579482403665188851283267088396819451416971347311551499,0.142327435512939908370278717918322790079513714575716317211213,-0.01906851109334521878325141743107541389092853824440856447874,0.629218514696322823311842400802365714430842260095654493730172,False,,,True,False
1408,295,0.0202412309584144146978634542422157464271263200584567043661101,-0.11753376904158558530213654575778425357287367994154329563389,0.189435307739603603674465863560553936606781580014614176091528,0.0166581395012379675305573548686268969137824433246241978929736,1.76778369817927758468926245131294538763676838394817540150593,False,,,True,True
1409,140,0.0368993704596523822284208091108426433409087633830809022590837,-0.100875629540347617771579190889157356659091236616919097740916,0.0967248426149130955571052022777106608352271908457702255647709,-0.0253392408086778946909131686627977876905687429667473167480894,0.423719557656082032850161786649789725619421478226737913951951,False,,,True,False
1410,56,0.0115601296509744875375076404480448556503400204163335855109943,-0.126214870349025512462492359551955144349659979583666414489006,0.0378900324127436218843769101120112139125850051040833963777486,-0.00242253032115350903666641721420315651895504196881947771496442,0.516592228036477731255526588102387698984880002424393557143855,False,,,True,False
1411,372,0.00913759932982097850084122323384169913138497844751410779602983,-0.12863740067017902149915877676615830086861502155248589220397,0.234784399832455244625210305808460424782846244611878526949007,0.0374244226962507347975979922195337726163481083495506117604808,3.0201196539397118824052107298245649961181395637841660067533,False,,,False,True
1412,240,0.0465620220260717132984392154533754717477330867970647195565106,-0.0912129779739282867015607845466245282522669132029352804434894,0.161640505506517928324609803863343867936933271699266179889128,-0.0128612324581786554330805637576547375766385033528080447103423,0.753116495542713548329197961501745536225905438271935081235692,False,,,True,False
1413,165,0.0337007895678930578653586516957207341710945834442566748461683,-0.104074210432106942134641348304279265828905416555743325153832,0.111550197391973264466339662923930183542773645861064168711542,-0.0170744482868308989632314788549984439706064871900706331014609,0.543522476739488049341185527066451615122766025697233963168045,False,,,True,False
1414,322,0.0166263412810621589021271728407222902004880962541860417447074,-0.121148658718937841097872827159277709799511903745813958255293,0.205406585320265539725531793210180572550122024063546510436177,0.0174551341283537854251894346673755079129493523753261666828056,1.83697959905208481548635051497594705879139522373994482881167,False,,,True,True
1415,106,0.034081475409415944327316607508097798113437448629512208427513,-0.103693524590584055672683392491902201886562551370487791572487,0.0747703688523539860818291518770244495283593621573780521068782,-0.0178380006802201422002107665220929745888010494399359752840993,0.489150587054056241639233012314619367083866271170598487098639,False,,,True,False
1416,273,0.0162434747291958021271058409860048235246363991895762331434137,-0.121531525270804197872894159013995176475363600810423766856586,0.174685868682298950531776460246501205881159099797394058285853,-0.000779382588167446599696034013084336395951794477506510708371082,0.982423247275205287948441712003386596030368366635943421126393,False,,,True,False
1417,190,0.0154640921410283555274098069729204871286846047120697224350426,-0.122310907858971644472590193027079512871315395287930277564957,0.122616023035257088881852451743230121782171151178017430608761,-0.0088100355135429672054706143214948111389849969604710901856855,0.636607602733713427093064681028160361401518035753342773339497,False,,,True,False
1418,44,0.00665405662748538832193919265142567598969960775159863224935709,-0.131120943372514611678060807348574324010300392248401367750643,0.0291635141568713470804847981628564189974249019378996580623393,-0.00167145416636327226500097681181887648400338143608392264367872,0.527198554638865372573542981805515714553281088526524674627632,False,,,True,False
1419,385,0.00498260246112211605693821583960679950569622631551470960567837,-0.132792397538877883943061784160393200494303773684485290394322,0.24187065061528052901423455395990169987642405657887867740142,0.0361696252690033398372364457143707932208178908875964140857109,2.74768434357438896190183680630844695713595955029848755747985,False,,,False,True
1420,222,0.0411522277301254558941746615539775927265141172031111236913893,-0.0966227722698745441058253384460224072734858827968888763086107,0.149038056932531363973543665388494398181628529300777780922847,-0.0136476970086209615285341924304277720005089134625688919309858,0.706372734354107009055996855950916202909105105492223840440884,False,,,True,False
1421,128,0.0275045307215044943656404691235498207260052037405422317604035,-0.110270469278495505634359530876450179273994796259457768239597,0.0868761326803761235914101172808874551815013009351355579401009,-0.00812471417024199809545794498568398661392797846114686923007379,0.643674965496119836988941040269542270975512788289909007417153,False,,,True,False
1422,335,0.0193798165512624962701825241378658341120772252793953625303297,-0.11839518344873750372981747586213416588792277472060463746967,0.214219954137815624067545631034466458528019306319848840632582,0.0133722139072130930555603868795766744528591447128809866422379,1.36847924789988095788511346827636161103898178632272834660172,False,,,False,True
1423,253,0.0327520304584755893257429110174425085649363699922763491725676,-0.105022969541524410674257088982557491435063630007723650827432,0.166313007614618897331435727754360627141234092498069087293142,-0.00206281397890987839987364355440920145507228218758024510822589,0.949792504777464761157903673866530921645739795989866189203994,False,,,True,False
1424,150,0.0306892164795657109258692674630333071098640878046961040643417,-0.107085783520434289074130732536966692890135912195303895935658,0.101422304119891427731467316865758326777466021951174026016085,-0.019888374793218150690363054806486890270428189692710542465827,0.481203464891124911756173838646509429940332541751368778429349,False,,,True,False
1425,354,0.0108008416863475602355062126565464168394358981119855615985147,-0.126974158313652439764493787343453583160564101888014438401485,0.223950210421586890058876553164136604209858974527996390399629,0.0307011884362761480706274179435950168701249183815061456695304,3.88282520184862243705412731598265490284170225943735263352303,False,,,False,True
1426,197,0.0415020301226237083061336306001414337095608164934917072680451,-0.0962729698773762916938663693998585662904391835065082927319549,0.133500507530655927076533407650035358427390204123372926817011,-0.015485110745636505007488536390931716955968010505862537693031,0.606316522020762673624809148745752200824488260726347628332123,False,,,True,False
1427,86,0.0260169193769872032986450942092097167535928059876291695750142,-0.111758080623012796701354905790790283246407194012370830424986,0.0602542298442468008246612735523024291883982014969072923937535,-0.00803309789069609398974116419603618047720106774749212630868268,0.588043005233017766252192516273683281506678339887891588542122,False,,,True,False
1428,300,0.0179838214862911093089039300131735362763917382401370432663315,-0.119791178513708890691096069986826463723608261759862956733669,0.191995955371572777327225982503293384069097934560034260816583,-0.000531197248975143668513949692042155109854009811592547641656976,0.988670793977164936165308866763452647163448419889299728524107,False,,,True,False
1429,163,0.0174526242373159656403899803211313811665377284285444956246745,-0.120322375762684034359610019678868618833462271571455504375326,0.106238156059328991410097495080282845291634432107136123906169,-0.0130508823169909964482359534490248329829963191314761911872726,0.592799927568939511700821502565652348224486866730385466591959,False,,,True,False
1430,368,0.00440174192032496919215402687210654818354140929706830443740192,-0.133373258079675030807845973127893451816458590702931695562598,0.23110043548008124229803850671802663704588535232426707610935,0.0385079073915903977286402363332409575825445546169984141435747,5.98602411430764489073071699618003716931630037394534411367277,False,,,False,True
1431,233,0.0429096493119153669207942632053475057660859639140667185809766,-0.0948653506880846330792057367946524942339140360859332814190234,0.156352412327978841730198565801336876441521490978516679645244,-0.0101836817379887466652418924946651923412362690901593458973577,0.758683623125882192522978621148863676115350880300166435515156,False,,,True,False
1432,112,0.032725967573926620255552370710682313424849694823907372683619,-0.105049032426073379744447629289317686575150305176092627316381,0.0781814918934816550638880926776705783562124237059768431709047,-0.0167726554232945589628703093616311572201565243913141478350451,0.49170337863124496305930977729152732744506955008784371311834,False,,,True,False
1433,284,0.0159533121506320612926820613490511562046931704325932248485738,-0.121821687849367938707317938650948843795306829567406775151426,0.181488328037658015323170515337262789051173292608148306212143,0.000405138659362443441646812189970457221890575060398679427020079,1.01633385855047493868566651913761587627439209603211504072012,False,,,True,True
1434,67,0.0163584508099945047343288735390216134265837454929919042755939,-0.121416549190005495265671126460978386573416254507008095724406,0.0459646127024986261835822183847554033566459363732479760688985,-0.0115567798223004604468282976569266097804696667353396307407021,0.430805134494732883977728550558771552989292580525553450813376,False,,,True,False
1435,326,0.00480167098769404428750057588209500364611407875765227353489186,-0.132973329012305955712499424117904996353885921242347726465108,0.204950417746923511071875143970523750911528519689413068383723,0.0261322206297835339543822138741078350776489810925292144826373,2.06485306402496821366774506420147719729118853964730317229133,False,,,True,True
1436,180,0.0309338916174775782418827897562028387237630598501814880175292,-0.106841108382522421758117210243797161276236940149818511982471,0.120233472904369394560470697439050709680940764962545372004382,-0.0259937985967999865321564292201532672580069282693074588935593,0.504625722564125458504287684164992323687636306614280398923635,False,,,True,False
1437,38,0.0049400930206775917097263605360495714657561315808740291239699,-0.13283490697932240829027363946395042853424386841912597087603,0.0249850232551693979274315901340123928664390328952185072809925,-0.00234214153651045613696909546722641341850724912144680453234132,0.514805221246368960334432674330255673327213078084268531614176,False,,,True,False
1438,395,0.00259795148416713557275726506882315804724888245942722459162858,-0.135177048515832864427242734931176841952751117540572775408371,0.247524487871041783893189316267205789511812220614856806147907,0.0548008095099046645768724518970247523454031934128824014674071,12.4885925323755239123988746929562406319593884343793258979211,False,,,False,True
1439,217,0.0573987609940718001496297169658479103926520758723096260590357,-0.0803762390059281998503702830341520896073479241276903739409643,0.149974690248517950037407429241461977598163018968077406514759,-0.0211761903466057009048364137469378884845159561126724607647522,0.617961828722260637565317047056454245822765945516529467697875,False,,,True,False
1440,138,0.0362225706474660992447933032189100219081361197596371652942834,-0.101552429352533900755206696781089978091863880240362834705717,0.0953056426618665248111983258047275054770340299399092913235709,-0.0100667756378064639546219794401935867903844722523540041580894,0.666792427158133425565392952225280157108313711519708835028209,False,,,True,False
1441,305,0.026155795009659635290171323778716435117751647507283161136194,-0.111619204990340364709828676221283564882248352492716838863806,0.197163948752414908822542830944679108779437911876820790284048,0.00305050415051181291086766245443763218834178804843201022452578,1.07048008048102192642499791136943630841111395058219328278923,False,,,True,True
1442,249,0.0292062991601714482010389862331540673060934355557151713607198,-0.10856870083982855179896101376684593269390656444428482863928,0.16292657479004286205025974655828851682652335888892879284018,-0.00096664929134070636972359743221922914073297622600569293426601,0.969436211929724275437066145925184874775443852133851985196396,False,,,True,False
1443,100,0.0282396498688307418313153888009348381653604593297094784264538,-0.109535350131169258168684611199065161834639540670290521573546,0.0695599124672076854578288472002337095413401148324273696066134,-0.0156822240771347222634036660089450624978091872034096597145148,0.382405841418518682622994635331976171844665812658372705419745,False,,,True,False
1444,348,0.012557425791696019567911722791989775667551272126299818711939,-0.125217574208303980432088277208010224332448727873700181288061,0.220639356447924004891977930697997443916887818031574954677985,0.0287152655115810949731965192646149999818454398590276516066338,2.12782519956950727706325634770713361759086587284492887262511,False,,,False,True
1445,187,0.0412726913032771145411082420566047756493967119853274703185728,-0.0965023086967228854588917579433952243506032880146725296814272,0.127193172825819278635277060514151193912349177996331867579643,-0.0243362805470274782966771228557692576418147671747107281531244,0.535171176381663326337080589488834171122555251082941591006412,False,,,True,False
1446,271,0.0169364107562496362444311192008355180075819448106167421654484,-0.120838589243750363755568880799164481992418055189383257834552,0.173609102689062409061107779800208879501895486202654185541362,0.00717508847442937276115306629801793994634321086242477151615459,1.33339369502766454012316043907367680699674672743470160755852,False,,,True,True
1447,119,0.024111499230679009005584185498853457953925155673041513681603,-0.113663500769320990994415814501146542046074844326958486318397,0.0804028748076697522513960463747133644884812889182603784204007,-0.0167438173878399769487511093394169350540292380384547026001673,0.389545490363202583437704836737758143704095505512683002676641,False,,,True,False
1448,376,0.00736768184283903205683307615943652289989591763458681108143574,-0.130407318157160967943166923840563477100104082365413188918564,0.236841920460709758014208269039859130724973979408646702770359,0.0392522568889478994664966791727026701324449700832633578872727,3.62911253864739217193859289261823215241043810348780851232593,False,,,False,True
1449,207,0.0466199387317869315233297553321391930323408877178501689687085,-0.0911550612682130684766702446678608069676591122821498310312915,0.141029984682946732880832438833034798258085221929462542242177,-0.0211747556471773488514082818176266994355229075175109841152762,0.600507974230041842439171779437619873996547750627833664508894,False,,,True,False
1450,83,0.0254451830846095826719214735145124935968179802003391848534323,-0.112329816915390417328078526485487506403182019799660815146568,0.0582362957711523956679803683786281233992044950500847962133581,-0.00455670984629876704475547438509197176219404668850572698506471,0.684343630024665575187631498668018511719215037894575432235286,False,,,True,False
1451,314,0.0208884732383108156271659991294205218346239335118334578683675,-0.116886526761689184372834000870579478165376066488166542131632,0.201472118309577703906791499782355130458655983377958364467092,0.0101986393017407938948784734706320879355221685911711160351083,1.2670106262018134782001546121818490666841994823681349665929,False,,,True,True
1452,161,0.0310871125400516095220444726000526097701461021030045739034759,-0.106687887459948390477955527399947390229853897896995426096524,0.108396778135012902380511118150013152442536525525751143475869,-0.0189980308129406976008080988752007975505568868962652623217177,0.565838559617926364961540181548189919320193450294205195224381,False,,,True,False
1453,260,0.0120890817271109119212363737248518122195892152067393115817582,-0.125685918272889088078763626275148187780410784793260688418242,0.16552227043177772798030909343121295305489730380168482789544,-0.000416601749257122849403059304817793920763012776426681891269666,0.97999569846957637043739634972448860594467325336030580591793,False,,,True,False
1454,57,0.0116724799778537890718333144200340182988262024303126296904885,-0.126102520022146210928166685579965981701173797569687370309512,0.0385431199944634472679583286050085045747065506075781574226221,-0.00491174975528669324824613035262456902537473216761837743161517,0.436359431992497072528597267151814538234622260141322876457179,False,,,True,False
1455,360,0.00676073022256709582358718406740944927345147026269425225887333,-0.131014269777432904176412815932590550726548529737305747741127,0.226690182555641773955896796016852362318362867565673563064718,0.03055471679242781916385224912655464805573249717575888543964,2.25039176902057492627479896673854448830360463882820629477737,False,,,False,True
1456,192,0.0373154470149949149874394331939640973291839674384531376985133,-0.100459552985005085012560566806035902670816032561546862301487,0.129328861753748728746859858298491024332295991859613284424628,-0.0217091087870193710203064066589996943050760105444222569523306,0.559696346334110147321789831275803505767058800996159469702432,False,,,True,False
1457,290,0.0156063382279755439671330265349644030241079568940308807461827,-0.122168661772024456032866973465035596975892043105969119253817,0.185151584556993885991783256633741100756026989223507720186546,0.0152566412673925612755388329202251344648909455393068458189327,1.68517193627494323178180862416549511842218147147666922887177,False,,,True,True
1458,124,0.0308629794953681052426718594551895374889989024333377265651154,-0.106912020504631894757328140544810462511001097566662273434885,0.0852157448738420263106679648637973843722497256083344316412788,-0.0266600273414266344407419563268122259240597079514014499382802,0.416509045396962277423756494814228439268480009880003893665156,False,,,True,False
1459,337,0.00420295215394147080192990312837731156493919448193627662683517,-0.133572047846058529198070096871622688435060805518063723373165,0.211675738038485367700482475782094327891234798620484069156709,0.0276981348165461693578187586087322952474632101812211141921609,3.35611936978110955868495905420269709268615509695725662706433,False,,,False,True
1460,171,0.0319010869704876401597486617371096068124024046631573908189961,-0.105873913029512359840251338262890393187597595336842609181004,0.114850271742621910039937165434277401703100601165789347704749,-0.0205626013553453193407970958445221202011231603343525483191621,0.565932413558564895384364360666140768824656780092175844935043,False,,,True,False
1461,70,0.011338485615142320818951565892587486611279244328804842499834,-0.126436514384857679181048434107412513388720755671195157500166,0.0465846214037855802047378914731468716528198110822012106249585,-0.00786369123724132461425001653298124226020919466531352386233839,0.577072916077527535693143780587646004122053458438599149103081,False,,,True,False
1462,389,0.00347479437790099620470154935960624435107004966349131863749558,-0.134300205622099003795298450640393755648929950336508681362504,0.243993698594475249051175387339901561087767512415872829659374,0.0541101381708601714195451589684656869061804797917248849876146,12.3462662598037883915179023383524570190703877618698714003486,False,,,False,True
1463,234,0.0575849325487611676242467083280719312572505294552162036251102,-0.0801900674512388323757532916719280687427494705447837963748898,0.160646233137190291906061677082017982814312632363804050906278,-0.0224932461898589786780227170826804429689481827293527380980352,0.626527268054738991784594999231574197757885638108835902665261,False,,,True,False
1464,144,0.035091686358902188946223991245391488288302346725863465527075,-0.102683313641097811053776008754608511711697653274136534472925,0.0987729215897255472365559978113478720720755866814658663817688,-0.0107028818497653291508262280619456143492380182607940762164938,0.657975325819618240212277463448277960115910648738888941134199,False,,,True,False
1465,298,0.0243888045091368597953977631834458739390643284650693893105812,-0.113386195490863140204602236816554126060935671534930610689419,0.192347201127284214948849440795861468484766082116267347327645,0.00177198042561242523609017822106374560074655846289903678121728,1.03835903581972875848118460771124881125038268573767416291777,False,,,True,True
1466,210,0.0261607849347492850314879414045096195398108869279684260917985,-0.111614215065250714968512058595490380460189113072031573908202,0.13779019623368732125787198535112740488495272173199210652295,-0.00925934198352860163024384176401709108282718870602321689301786,0.724753296322670198439901778887718258121370725744943242240118,False,,,True,False
1467,88,0.0169014429512206834012440996404925284569836982219452091987806,-0.120873557048779316598755900359507471543016301778054790801219,0.0592253607378051708503110249101231321142459245554863022996952,-0.00821415299815295731197773603729896107525230789821869201537075,0.491064590492994390843195097861724354266113897003596251779145,False,,,True,False
1468,351,0.00868728995306772608926636360319356738173139032372651718340987,-0.12908771004693227391073363639680643261826860967627348281659,0.221546822488266931522316590900798391845432847580931629295852,0.0222590755378197598142451922348958424616568768231092124646069,1.76498889650876024466039163018924537439689820058655980000051,False,,,False,True
1469,252,0.0309463654908874859035115558380894098433882671468357296480168,-0.106828634509112514096488444161910590156611732853164270351983,0.165236591372721871475877888959522352460847066786708932412004,-0.00210832769035393488147160437458198263343303177141340384544114,0.945038150129943204613605398746059440774570137609719095607052,False,,,True,False
1470,130,0.0288380378005335510220399514635074272099552353754223258025756,-0.108936962199466448977960048536492572790044764624577674197424,0.0884595094501333877555099878658768568024888088438555814506439,-0.0212594148930922453116840509635441795546708827922311031887756,0.43005115424254962596708555302869508230833023726923947406571,False,,,True,False
1471,321,0.0075786229074413057103559004999632476552843525831912226138,-0.1301963770925586942896440995000367523447156474168087773862,0.20251965572686032642758897512499081191382108814579780565345,0.0199517352650357715822615752337693489643188763652641719272572,2.12139507939788549345314447447766842543468122191149410224096,False,,,True,True
1472,179,0.0275303581724770772926174757337325966196032289484553945410572,-0.110244641827522922707382524266267403380396771051544605458943,0.118757589543119269323154368933433149154900807237113848635264,-0.0163768870687669597903889293783896879358884431879005395774222,0.515897147643351292213456137915709699067953026401746837000336,False,,,True,False
1473,55,0.011153471103710117502228546355342908683714785760554854963635,-0.126621528896289882497771453644657091316285214239445145036365,0.0371633677759275293755571365888357271709286964401387137409088,-0.00734311343939196067152245381014791717989410666356507337507705,0.383409553657564153332364753089408041914208872827226784683178,False,,,True,False
1474,380,0.00381035766431815683070609254519499150382067909698978158855796,-0.133964642335681843169293907454805008496179320903010218411442,0.238452589416079539207676523136298747875955169774247445397139,0.0420386034411969782332770014904731732807616762795746568323822,3.9489483026250518230540158409512122635313257631059452387282,False,,,False,True
1475,225,0.0458489611055151350639830940356681647845823553765644384209402,-0.0919260388944848649360169059643318352154176446234355615790598,0.152087240276378783765995773508917041196145588844141109605235,-0.0173536525183273109800089855898386640697161333008175591683938,0.664780348516082152928346148327145428532034191982307750134329,False,,,True,False
1476,116,0.0284953085871878240839741084458295007148662220757468792525463,-0.109279691412812175916025891554170499285133777924253120747454,0.0796238271467969560209935271114573751787165555189367198131366,-0.00850951924278905711700430517243544028352109369555277548886637,0.661124997187431887551615673148599553883690293278170979393637,False,,,True,False
1477,282,0.01998578934439876696696980327339406043134512838019410376368,-0.11778921065560123303303019672660593956865487161980589623632,0.18124644733609969174174245081834851510783628209504852594092,-0.00527853955560557570960028018202340617536843375992496131947231,0.891711737584538510921427556490474326387547412202136490264505,False,,,True,False
1478,159,0.0147072497887931912573695230913706542559766946202691424442077,-0.123067750211206808742630476908629345744023305379730857555792,0.103051812447198297814342380772842663563994173655067285611052,-0.00838756174698233354444732374219415110375222768632469802083351,0.628662601708348055718361383565901533300560139926912866113352,False,,,True,False
1479,341,0.00631968804181085771292219934917650315222446693394444442337416,-0.131455311958189142287077800650823496847775533066055555576626,0.214704922010452714428230549837294125788056116733486111105844,0.0196810176959783586941974313052456487030510425545794658149941,2.2852410401232636144442781097737287930349706875901010224365,False,,,False,True
1480,200,0.0260007057377892164071196306544221518552755094885239102383683,-0.111774294262210783592880369345577848144724490511476089761632,0.131500176434447304101779907663605537963818877372130977559592,-0.010067103331871864627240752182897594272071750622802007989317,0.676976316979325988455242110271565479086043605268043625504062,False,,,True,False
1481,74,0.0159336024059173517798788784715245575832037588657219022490513,-0.121841397594082648220121121528475442416796241134278097750949,0.0502334006014793379449697196178811393958009397164304755622628,-0.0125214336749676047457394391077913070393832170235306142158658,0.429540018752629169945532401364396904448003119686907462150075,False,,,True,False
1482,307,0.00341216873094974703413943936373325054382054184219128803318549,-0.134362831269050252965860560636266749456179458157808711966815,0.192728042182737436758534859840933312635955135460547822008296,0.00881435365129838877066289143697577243295732774917360734433883,1.30057199922996648958290940449196188328163832279623683946399,False,,,True,True
1483,134,0.0122265223822481358048023308007090229767778695913648953775243,-0.125548477617751864195197669199290977023222130408635104622476,0.0868066305955620339512005827001772557441944673978412238443811,-0.0104682793478192673115385466334731556039493710289841353895739,0.550422966144232759583303222865901589894553173841410823230654,False,,,True,False
1484,393,0.00175824303442886849326378416723586737282849856238075998795043,-0.13601675696557113150673621583276413262717150143761924001205,0.246064560758607217123315946041808966843207124640595189996988,0.0506824396612201461090161208937248949594452966730242105772706,7.71151961630858491392443266803012070334499899033047923826944,False,,,False,True
1485,241,0.052440682695649014602279905060960762332273795235404970565221,-0.085334317304350985397720094939039237667726204764595029434779,0.163735170673912253650569976265240190583068448808851242641305,-0.0161594052079335039946303976336855941673479719975970498096016,0.712999635406841209913103237900932440224347378230233471752712,False,,,True,False
1486,171,0.0362812774877155106076495074272751681649258232378079207556195,-0.101493722512284489392350492572724831835074176762192079244381,0.115945319371928877651912376856818792041231455809451980188905,-0.0173695340338877382892499705105761267402099369023572321715212,0.587138002913015812685556050464662083818946477668040169330864,False,,,True,False
1487,289,0.0189117434538277723183995369166990414247158863354506885840982,-0.118863256546172227681600463083300958575284113664549311415902,0.185352935863456943079599884229174760356178971583862672146025,0.00988522946052611442617753259749601670555576358716765151059526,1.42811536762769616046099141538665534784727308302653902921228,False,,,True,True
1488,97,0.0287969729143538867445770695141950581302716499226183400946935,-0.108978027085646113255422930485804941869728350077381659905307,0.0678242432285884716861442673785487645325679124806545850236734,-0.0162836577142531246890873674243248811562940846260753763998912,0.388560262494650455373554620282286153146015319813288223865072,False,,,True,False
1489,363,0.0125133152001007620554897020898701769739775652965429636948023,-0.125261684799899237944510297910129823026022434703457036305198,0.230003328800025190513872425522467544243494391324135740923701,0.0356802890591964130940431007340297370605320223415703912427058,2.65084335186489216119152530558753871702470833206871583841015,False,,,False,True
1490,211,0.0481936042592971751495328028238999140345095876381133549375082,-0.0895813957407028248504671971761000859654904123618866450624918,0.143923401064824293787383200705974978508627396909528338734377,-0.0214826343415192272996968400794572693112251513487731054655725,0.605021448855245727277332798311736188827509988955624640745609,False,,,True,False
1491,127,0.0267109699177779478498359627444426447232844362893402494719357,-0.111064030082222052150164037255557355276715563710659750528064,0.0860527424794444869624589906861106611808211090723350623679839,-0.00913759702725533213962272050802205439597074570014354325675944,0.625045868465871729545812654098073404022987717902964640109627,False,,,True,False
1492,325,0.0175733728905226157102132422364205903273136905891967062151762,-0.120201627109477384289786757763579409672686309410803293784824,0.207518343222630653927553310559105147581828422647299176553794,0.0129434226253474525245565587269111620412148591787373754530444,1.36973960736548664302905747298408394946106269073689510244273,False,,,True,True
1493,254,0.0305167955158700682347698009633317523685285497679340816682206,-0.107258204484129931765230199036668247631471450232065918331779,0.166379198878967517058692450240832938092132137441983520417055,-0.00257809927253331139059963072038724693100966348363972645166603,0.938139728241140702788375835489986596920313559171843342411721,False,,,True,False
1494,151,0.0279386962433367568441701702429445054375188862842943552165546,-0.109836303756663243155829829757055494562481113715705644783445,0.101359674060834189211042542560736126359379721571073588804139,-0.0180562397002796119812338880986334573016299155090279466670491,0.444797278780229731842122683273719709843704016036668213593699,False,,,True,False
1495,52,0.0098824565430571448629362821443110481358889707752664085495055,-0.127892543456942855137063717855688951864111029224733591450494,0.0349706141357642862157340705360777620339722426938166021373764,-0.00401635940052789875183398029179289376041245550610422511731586,0.416865496733177260284561096313398299804345058083310727423069,False,,,True,False
1496,371,0.00586609714252924611110230185251815437547651526916218343218964,-0.13190890285747075388889769814748184562452348473083781656781,0.233341524285632311527775575463129538593869128817290545858047,0.0346406527386629357352055117720298046231339340909169270806165,2.59469980109413217989955782216220679288922002876774609118151,False,,,False,True
1497,222,0.0405067498811921818463078136245479589986104493600791105128061,-0.0972682501188078181536921863754520410013895506399208894871939,0.148876687470298045461576953406136989749652612340019777628202,-0.0175246617882188034693215275801786553822069743224673014142199,0.645292762840432619900775871278984468326440698889749668965042,False,,,True,False
1498,108,0.0229820880929733783769862860443693036164034750376118090985863,-0.114792911907026621623013713955630696383596524962388190901414,0.0732455220232433445942465715110923259041008687594029522746466,-0.00576759796443784177644685900928292545983507613886570606348137,0.704232017736639116565824279054470637600320517036476070881053,False,,,True,False
1499,301,0.0172144901285355366005394270350863781565683988987461030351049,-0.120560509871464463399460572964913621843431601101253896964895,0.192428622532133884150134856758771594539142099724686525758776,0.003036980336148191810380550188114205925109823516745309098302,1.06803879776532782277918556802992668195112579418237861694928,False,,,True,True
1500,181,0.0202514704646837284109199772232005840816782224154914121334069,-0.117523529535316271589080022776799415918321777584508587866593,0.118187867616170932102729994305800146020419555603872853033352,-0.0139917688417915378240100997231679692096049606538610221379707,0.576670212127608375192433950461311117574220744293854384844966,False,,,True,False
1501,345,0.00625970162289219058690987750003261487207326176163038999543617,-0.131515298377107809413090122499967385127926738238369610004564,0.217189925405723047646727469375008153718018315440407597498859,0.0263547671244662264931298686643658603548674540646289498370114,3.42709945358640807561077618800278843922291158337916242783506,False,,,False,True
1502,136,0.0326144687473584170800397461643984752269407158262593398324475,-0.105160531252641582919960253835601524773059284173740660167552,0.0931536171868396042700099365410996188067351789565648349581119,-0.0159757073995004505592123766536714966019916197550665415381744,0.565280811553416473882903881060028686423809366965012150225505,False,,,True,False
1503,267,0.0166387613478579665208273695107269786249490960711927982942731,-0.121136238652142033479172630489273021375050903928807201705727,0.171034690336964491630206842377681744656237274017798199573568,-0.00031826078704224273296102710053560997523463979793193250931055,0.987571347410611585365176454929791179415217951541440186030932,False,,,True,False
1504,72,0.0163205005608157237878663424101913686497144562732608657849625,-0.121454499439184276212133657589808631350285543726739134215037,0.0490801251402039309469665856025478421624286140683152164462406,-0.0142921600831328852921413760804289671202465034653480416543479,0.376147451757309052967398302405916576748635639666387628410906,False,,,True,False
1505,384,0.00202834047768283849572496632976240152946795280791282413061468,-0.135746659522317161504275033670237598470532047192087175869385,0.240507085119420709623931241582440600382366988201978206032654,0.0501563977618258607703300192887968725252952354274879757487207,6.04554142128032376202913698876055885383726329998820417601759,False,,,False,True
1506,204,0.0521847382395086992660549856185592740547631882354007998793354,-0.0855902617604913007339450143814407259452368117645992001206646,0.140546184559877174816513746404639818513690797058850199969834,-0.0244765885611905776502377013009028030423559532989688293279865,0.570091657365010164586212684293108282087389379980352882081161,False,,,True,False
1507,281,0.0277081496783181216158172843176564710124072349364319705513489,-0.110066850321681878384182715682343528987592765063568029448651,0.182552037419579530403954321079414117753101808734107992637837,0.0086542740720607014975446758007561538425665274974910663097977,1.29175226692361212735100649654072074226029383676779156182334,False,,,True,True
1508,122,0.0363624237503788231133619601184126248549737624339230368611466,-0.101412576249621176886638039881587375145026237566076963138853,0.0853406059375947057783404900296031562137434406084807592152866,-0.0232284573327370425750288139007101645142198394408335873890253,0.436997801623617476209188852339238855225310368568881025610122,False,,,True,False
1509,329,0.0131339664176417805383331462177024603407539229930894494721212,-0.124641033582358219461666853782297539659246077006910550527879,0.20890849160441044513458328655442561508518848074827236236803,0.0247489755630144192355700937787638204150283224164783892756128,1.9429699003993856229563616562683219195628730599619456184988,False,,,True,True
1510,172,0.0378829419806561997739032399964662807557822454095678387477341,-0.0998920580193438002260967600035337192442177545904321612522659,0.116970735495164049943475809999116570188945561352391959686934,-0.0238331903324872494442433793350858893670638947783047075610475,0.541690351956486872658009710687786725209506472046186006680375,False,,,True,False
1511,240,0.0140497516481689503296598606613803913887183506312631311866866,-0.123725248351831049670340139338619608611281649368736868813313,0.153512437912042237582414965165345097847179587657815782796672,0.00114766391517621118042532798425843839190154176703199776589779,1.05921685639709052843497298926728588508661616122275466657444,False,,,True,True
1512,65,0.0151974155633451615100851886456388297806198923982951289525844,-0.122577584436654838489914811354361170219380107601704871047416,0.0444243538908362903775212971614097074451549730995737822381461,-0.0122145310473089795387148108432171816503970378362472264849364,0.305633903286453343065826527684501471508377379736268689891726,False,,,True,False
1513,357,0.00298288451603618197137037780242164813022285456204790246764799,-0.134792115483963818028629622197578351869777145437952097532352,0.223870721129009045492842594450605412032555713640511975616912,0.0288684843309492379627737882845768209183661127897831881148941,2.26307068380207332540585048589556545224871306225776341714084,False,,,False,True
1514,152,0.0318513688469854199341441660869984690485889673518310905825421,-0.105923631153014580065855833913001530951411032648168909417458,0.102962842211746354983536041521749617262147241837957772645636,-0.0188765390698407989379665288484570696684500569337422819785471,0.541960071848321147141390241665467979643531290815004512324581,False,,,True,False
1515,293,0.012974829777144620996177637238541399380138910418088808603995,-0.124800170222855379003822362761458600619861089581911191396005,0.186368707444286155249044409309635349845034727604522202150999,0.00775746962926897990750248096685267802165913479136334171205612,1.29151638512550473962489251088410297574717112644371065610785,False,,,True,True
1516,101,0.0207322994064136009036801182053940774017980452094521503160511,-0.117042700593586399096319881794605922598201954790547849683949,0.0683080748516034002259200295513485193504495113023630375790128,-0.0170634541502440494271312864869917827311095417526157526796505,0.497407521553215800866175226617716403576043390275921952222343,False,,,True,False
1517,224,0.00366884525616955147654883171840229467068850345683639763640063,-0.134106154743830448523451168281597705329311496543163602363599,0.1409172113140423878691372079296005736676721258642090994091,-0.00220216532975779504251113852865024996702843920947713529491671,0.798351951632806742024205306898489189089338453691932679720526,False,,,True,False
1518,397,0.00146667992641175643403769318975204470366006424735926234148392,-0.136308320073588243565962306810247955296339935752640737658516,0.248491669981602939108509423297438011175915016061839815585371,0.047078403280338839394110465312732548376219747232821077677073,28.4796307116741897144720571353337581949268352535970265355095,False,,,False,True
1519,188,0.0485450832067505958281481585024845930798798114801803400185569,-0.0892299167932494041718518414975154069201201885198196599814431,0.129636270801687648957037039625621148269969952870045085004639,-0.0191224024259877017106314279015126267043805743563627494181798,0.59015817940370472126728645070923282786625613205688358247849,False,,,True,False
1520,311,0.0294226807807628941175167306009719663754992371238175906003771,-0.108352319219237105882483269399028033624500762876182409399623,0.201730670195190723529379182650242991593874809280954397650094,0.0155358845421691266157474579767019773865087704417012372856344,1.55356857812666755903332291395954169954567450960083101198148,False,,,True,True
1521,131,0.0449585653229320207332641885776739437620080075655188278860116,-0.0928164346770679792667358114223260562379919924344811721139884,0.0931146413307330051833160471444184859405020018913797069715029,-0.0208291671481331996769237327556912257929510580292819715080947,0.506646900209362958076128327223049130114117626978201478437428,False,,,True,False
1522,259,0.0241293981747988210563404558219827179690569495362368563779169,-0.113645601825201178943659544178017282030943050463763143622083,0.167907349543699705264085113955495679492264237384059214094479,-0.00402714240867005891914291279374041549105361088720430372570228,0.869122997192002184716347647128575508274571246670322853358548,False,,,True,False
1523,77,0.0201022557661287621371975430282423024780033386490325526522146,-0.117672744233871237862802456971757697521996661350967447347785,0.0531505639415321905342993857570605756195008346622581381630537,-0.00799293754888581513999891063056109200602355735346624583062604,0.456246298446570382361301876784150752513300760103489938537177,False,,,True,False
1524,349,0.0121093182172429469971986323976812104719797812955663068215886,-0.125665681782757053002801367602318789528020218704433693178411,0.221152329554310736749299658099420302617994945323891576705397,0.0276428160578290932542094852377279590435797821513097327755961,1.99996136321311393463719965843524696391095430053233053628724,False,,,False,True
1525,201,0.0397521342750720402514081176354091695155595634468760395971847,-0.0980228657249279597485918823645908304844404365531239604028153,0.135563033568768010062852029408852292378889890861719009899296,-0.0232476276401825538138451689094873953731241068405836369532052,0.569884648988396462521975601585307099342608288605345255653278,False,,,True,False
1526,113,0.0165045066348894864375629487259217741424354566062924026439795,-0.121270493365110513562437051274078225857564543393707597356021,0.0747511266587223716093907371814804435356088641515731006609949,-0.00682298128787684580027146738932696948049886962831529442040458,0.662511671426939039660151795666734931405572567542838943061151,False,,,True,False
1527,320,0.00968152534701264063729148133659480466193658697797710822357491,-0.128093474652987359362708518663405195338063413022022891776425,0.202420381336753160159322870334148701165484146744494277055894,0.0115218631266405596773799535627954656542766295690787966871697,1.30601679533665333277070422154110743650550045793071327974343,False,,,True,True
1528,233,0.0212033884736532003146714348993902703162132165470559049107447,-0.116571611526346799685328565100609729683786783452944095089255,0.150925847118413300078667858724847567579053304136763976227686,-0.00659235713994649914016813989403055559696257984694855802934783,0.809471220570067123861423326774378920674841017807182402070376,False,,,True,False
1529,63,0.0146110313337067011745032950053597147192506367001073468813968,-0.123163968666293298825496704994640285280749363299892653118603,0.0430277578334266752936258237513399286798126591750268367203492,-0.0079394692067911436673539207643510827681568494322112722247566,0.366112098347645199740139354835323224291887106034828537279688,False,,,True,False
1530,375,0.00667156212691555750714937424100863195109378726789607465664023,-0.13110343787308444249285062575899136804890621273210392534336,0.23604289053172888937678734356025215798777344681697401866416,0.042263847444315269577191664521808284633120494033532590738602,3.83059798991497078469024415642362471847604088347174925927561,False,,,False,True
1531,169,0.0489354095712308270843410387628169165842142813014286653952422,-0.0888395904287691729156589612371830834157857186985713346047578,0.117858852392807706771085259690704229146053570325357166348811,-0.0210694178998600115065373498164237832536081802155859736180817,0.547690143704485920450920648662067460244214194285760035733609,False,,,True,False
1532,275,0.0278659916713708155778036889463931333306061010858426917771605,-0.109909008328629184422196311053606866669393898914157308222839,0.17884149791784270389445092223659828333265152527146067294429,-0.00110032187335983428493174707907527780320594827021938609097788,0.972276993189655828334813574824321257998591996034968754402714,False,,,True,False
1533,126,0.0267656697980109812928719418673178555274001528156233056861826,-0.111009330201989018707128058132682144472599847184376694313817,0.0854414174495027453232179854668294638818500382039058264215457,-0.0175870650616277284963279428407906465625832742151958650997351,0.466580114520321936942600084901161501447644910358481656266552,False,,,True,False
1534,336,0.00917860473638325279654399902652720896481687860042744058644754,-0.128596395263616747203456000973472791035183121399572559413552,0.212294651184095813199135999756631802241204219650106860146612,0.0249878522458722364777147847418096757947889234885676026357454,1.89352447164794556821255479423061327952078919903161866233467,False,,,False,True
1535,209,0.034166456982255489274258783768336884759605802088995043222193,-0.103608543017744510725741216231663115240394197911004956777807,0.139166614245563872318564695942084221189901450522248760805548,-0.0153916243442104941751000952848421600762533781557297677405175,0.616091004685154056225696092988917851587486216143970683067291,False,,,True,False
1536,85,0.0187748326380449950991586884834947246833524239332652754816755,-0.119000167361955004900841311516505275316647576066734724518324,0.0578187081595112487747896721208736811708381059833163188704189,-0.0137340860489026377292750469130700269178273827795383930248787,0.453323550316448605245302675677575897142199553345928862407185,False,,,True,False
1537,297,0.00504074658914235736988364157042469776552504115372688245679683,-0.132734253410857642630116358429575302234474958846273117543203,0.186885186647285589342470910392606174441381260288431720614199,0.00808176955863118352188064157145163997669354486767230939512964,1.22567419488266361051899729881544241837846899926407860673056,False,,,True,True
1538,152,0.0131225161477735408917642831418763377422185860213991918519265,-0.124652483852226459108235716858123662257781413978600808148074,0.0982806290369433852229410707854690844355546465053497979629816,-0.0097497737041653675360764485440155152132700590119605503916478,0.516632116538134977670350663089747420880467612880474361889493,False,,,True,False
1539,387,0.00337274244360817335568783459786082252894852700943864146027868,-0.134402257556391826644312165402139177471051472990561358539721,0.24271818561090204333892195864946520563223713175235966036507,0.0433890991917902080684784869026087974024567259533753046882952,5.16815211333685428269265820182569537507910051207642317232599,False,,,False,True
1540,239,0.0467618416353983814241663215004696199314052529628139461485739,-0.0910131583646016185758336784995303800685947470371860538514261,0.161065460408849595356041580375117404982851313240703486537143,-0.0127389243214780772501304633777093276085024337301595333110872,0.732456734158113567102710819948452964839008748535237008097991,False,,,True,False
1541,115,0.0340229173139203041740358581227602923229028192326544128374867,-0.103752082686079695825964141877239707677097180767345587162513,0.0803807293284800760435089645306900730807257048081636032093717,-0.0179157537722534687936313532452605008960655181260288742192037,0.485101812237124157070644216916006092635113047202751239930488,False,,,True,False
1542,308,0.016107163541666835380404504877499791426837301106625538618283,-0.121667836458333164619595495122500208573162698893374461381717,0.196526790885416708845101126219374947856709325276656384654571,0.0144484580211055218662454052795497620042642116018493817213225,1.42062628211190676374127986646465450866587788425113961331173,False,,,True,True
1543,184,0.0305556215627723572466499101570495534311015127084749203396055,-0.107219378437227642753350089842950446568898487291525079660395,0.122638905390693089311662477539262388357775378177118730084901,-0.0183214740075071972649774323496851576932514675190775463900815,0.527895179604452573162093403047525607303577063650562502728773,False,,,True,False
1544,58,0.0122341475552651599816724778073643957378500451893973739495239,-0.125540852444734840018327522192635604262149954810602626050476,0.039308536888816289995418119451841098934462511297349343487381,-0.00276469577429869524619854221899257719110039807185792279587742,0.555772353931073056565247879962199163394223485462131907542457,False,,,True,False
1545,361,0.00946945178096646473547393558837181854674964711753945115364652,-0.128305548219033535264526064411628181453250352882460548846353,0.227992362945241616183868483897092954636687411779384862788412,0.0299153492552957452666565198335274538181450925997387618828944,2.24347650388565880588263716381365209103927306363510679492515,False,,,False,True
1546,222,0.039384801036262210002130455421899272364894739717278213036541,-0.098390198963737789997869544578100727635105260282721786963459,0.148596200259065552500532613855474818091223684929319553259135,-0.0158639585075057287307439737934458225435080737597728663485256,0.678507401360260288401523841804974262065918944818045812088228,False,,,True,False
1547,134,0.0235208425287564812713864816284534498213866659575053466880153,-0.114254157471243518728613518371546550178613334042494653311985,0.0896302106321891203178466204071133624553466664893763366720038,-0.0116185425632631055666126464384156024102388314343158102687041,0.61651920838214601424939226293586161117895271379461408228805,False,,,True,False
1548,283,0.0119022999654933757047738351900378474111478345231895364193112,-0.125872700034506624295226164809962152588852165476810463580689,0.179850574991373343926193458797509461852786958630797384104828,0.000448500781168830855772961714673046053258235630318468930859012,1.01583264802594781981591584907654518104364142944669569715422,False,,,True,True
1549,80,0.0123508007466622065605467969047108934644060701535080053501703,-0.12542419925333779343945320309528910653559392984649199464983,0.0530877001866655516401366992261777233661015175383770013375426,-0.00775754833801608267172038118820139243044541081242830481011894,0.461570106587961675008905859131184929201506332155984357664863,False,,,True,False
1550,343,0.00459325240864612388882641571650950103396065934107970054005131,-0.133181747591353876111173584283490498966039340658920299459949,0.215523313102161530972206603929127375258490164835269925135013,0.0254190679152794841155871041818062884753172702139653130226954,1.91666116107959976422869781077982654821869416144509661079719,False,,,False,True
1551,193,0.0300123203239256080044135198983157895092779295550450135627467,-0.107762679676074391995586480101684210490722070444954986437253,0.128128080080981402001103379974578947377319482388761253390687,-0.0224216899579057176337719914995534198343060339412824918104216,0.568568602313206940928002793323368774667483765506034008528337,False,,,True,False
1552,258,0.00759063036601989037064152839876236967497189561376252175232512,-0.130184369633980109629358471601237630325028104386237478247675,0.163147657591504972592660382099690592418742973903440630438081,0.00646873775376145033844904619694641086817786407385775734176278,1.35962864661529030977270563149110716516600379638819694834712,False,,,True,True
1553,101,0.0140593681197813407090905745957087805431497596876202790940879,-0.123715631880218659290909425404291219456850240312379720905912,0.066639842029945335177272643648927195135787439921905069773522,-0.0120216730101634683376736059882329129463622513030197615217528,0.34099836693848553534814432484633917152075070259957916153571,False,,,True,False
1554,379,0.00203769510961787237141696860747586759678750838460051757233506,-0.135737304890382127628583031392524132403212491615399482427665,0.237384423777404468092854242151868966899196877096150129393084,0.0374098977889042091089637284868038863241211049686317488442761,3.7213884262416841387213074096476555738754145143423956243255,False,,,False,True
1555,166,0.0394475928985220814803806970942797539209086133532322664166112,-0.0983274071014779185196193029057202460790913866467677335833888,0.113611898224630520370095174273569938480227153338308066604153,-0.019976805771823004908581858728837921185421926936053010049833,0.542268445042993042588267738832748522678894863525885353402091,False,,,True,False
1556,300,0.0194707871266990765717988383654418327354866864171792563667782,-0.118304212873300923428201161634558167264513313582820743633222,0.192367696781674769142949709591360458183871671604294814091695,0.00850920927737719086733367486167384505553407213050185052082654,1.2623420892829463490481025150980935375269071958751778932669,False,,,True,True
1557,125,0.0279799964040762674391325132271156777910207585476811068876047,-0.109795003595923732560867486772884322208979241452318893112395,0.0851199991010190668597831283067789194477551896369202767219012,-0.0177769191097831590212095769150224513089479155374508723856663,0.537137052288346713147858601739779274507591434357823003901324,False,,,True,False
1558,236,0.0102030772942931084179229363120932264820728430102302345019385,-0.127571922705706891582077063687906773517927156989769765498062,0.150050769323573277104480734078023306620518210752557558625485,-0.00268113144289621688949556235262758192489187348146514089915139,0.858316473053452204239612961434194259918061620669684750040611,False,,,True,False
1559,46,0.00752194585139689152842737395946564455718096952876509360278706,-0.130253054148603108471572626040534355442819030471234906397213,0.0306304864628492228821068434898664111392952423821912734006968,-0.00468890438500883847354106450308389976363095280948828804357823,0.446355740762676928112770980585354140761880213044073771179609,False,,,True,False
1560,366,0.00283304146638805305488630945638174479355001671927680555920883,-0.134941958533611946945113690543618255206449983280723194440791,0.229458260366597013263721577364095436198387504179819201389802,0.0317800873644318113345022404342656014033181540079666603095791,2.24216283417125675635581564285819299065842695770831714390636,False,,,False,True
1561,200,0.0346131288308198643893885498906473461968681707272434658687879,-0.103161871169180135610611450109352653803131829272756534131212,0.133653282207704966097347137472661836549217042681810866467197,-0.0196354377886419615678534662469467095328852108213232726764706,0.587773845005326348443825174202098309766356591795587430195679,False,,,True,False
1562,318,0.0149776910421779028215350836437006366639829599059201931923173,-0.122797308957822097178464916356299363336017040094079806807683,0.202494422760544475705383770910925159165995739976480048298079,0.0235630562951596604983652989448428998690620197303837793628549,2.35175100539636696705336786023160465972857385900946458172248,False,,,True,True
1563,141,0.0385407473373375633199003825885435365330449796363039725551722,-0.0992342526626624366800996174114564634669550203636960274448278,0.0977601868343343908299750956471358841332612449090759931387931,-0.025881147903657673815937433680930366844283427649456714994503,0.461126043398292771598157550550777532946413685042093837330324,False,,,True,False
1564,267,0.0126595994336798895039629489076131696887615519868472575606692,-0.125115400566320110496037051092386830311238448013152742439331,0.170039899858419972375990737226903292422190387996711814390167,0.00611790465566208822065537837867287215050966741235082898561679,1.29633832315107062244773340947412212410490284924113471836432,False,,,True,True
1565,83,0.018777504089341977724618327286286041839271219399198086546286,-0.118997495910658022275381672713713958160728780600801913453714,0.0565693760223354944311545818215715104598178048497995216365715,-0.0175706708198067820710266395005178731900016684139169357275823,0.351333454212175684211472200916344837510814437968457016980334,False,,,True,False
1566,398,0.00120683326953519565359168778576816864926955098528115081870376,-0.136568166730464804346408312214231831350730449014718849181296,0.249051708317383798913397921946442042162317387746320287704676,0.0548283175253825006379086426700866942959234883687814499581743,9.84217179347855172610449952233296875033544991460425078947,False,,,False,True
1567,213,0.0560351507949176962915003304558548629451930393540626007768781,-0.0817398492050823037084996695441451370548069606459373992231219,0.14713378769872942407287508261396371573629825983851565019422,-0.023086436741949416743740484002669642717923720339764608835881,0.605211615970166572735332657966895546745979800173284894040828,False,,,True,False
1568,159,0.0329487140529682795477598464531852202272693190142979919409971,-0.104826285947031720452240153546814779772730680985702008059003,0.107612178513242069886939961613296305056817329753574497985249,-0.00745771261379797660845090172514910529333180694035646168919849,0.697388488668212705011454739518119693582241627937871337466122,False,,,True,False
1569,329,0.0254910014391703029393089447280361149339375120739415302517986,-0.112283998560829697060691055271963885066062487926058469748201,0.21199775035979257573482723618200902873348437801848538256295,0.0118098663669627526849246792532175239441004580438359178719545,1.31902287603903547412659612001269863428465055539438029208394,False,,,True,True
1570,246,0.0373008678061330556242336239812536388780379701177774481237532,-0.100474132193866944375766376018746361121962029882222551876247,0.163075216951533263906058405995313409719509492529444362030938,-0.00191863138562897041040126474920150989371180131693936919846647,0.944381016916467291509409397084992921125722732790297958170402,False,,,True,False
1571,110,0.0353822364205040852138323592320521289843261688008380789252867,-0.102392763579495914786167640767947871015673831199161921074713,0.0775955591051260213034580898080130322460815422002095197313217,-0.021041496026577865730465436332993136721320309061023367372392,0.422742259491745283412921377332949485814396137248882303821967,False,,,True,False
1572,350,0.0143407403939262194833669228990589922630058597398147115528947,-0.123434259606073780516633077100941007736994140260185288447105,0.222335185098481554870841730724764748065751464934953677888224,0.0311185960656045097786230832483228924223602130336980047954255,2.29323525108619483054682590965703788686989413230591519479331,False,,,False,True
1573,184,0.0454593364595307292619900061473818846853660727735127163483202,-0.0923156635404692707380099938526181153146339272264872836516798,0.12636483411488268231549750153684547117134151819337817908708,-0.0198933264728378996998738290696286085552431601643533710450534,0.569681244029585559054012099621054594678897184442736354718134,False,,,True,False
1574,286,0.0255660099866928295621161770777532761301229126091593453032668,-0.112208990013307170437883822922246723869877087390840654696733,0.185141502496673207390529044269438319032530728152289836325817,0.00637623539259831476561843128855561421138758703286254869568636,1.23488466604577649326066145643301334787726688540424323679758,False,,,True,True
1575,127,0.0319422453792911443277346083663088903415104996420218939989531,-0.105832754620708855672265391633691109658489500357978106001047,0.0873605613448227860819336520915772225853776249105054734997383,-0.0237529536553707177257461448538117158341478320409387726559054,0.447647962781021724208424848873785183473174901330574073611703,False,,,True,False
1576,49,0.00818929172392042660198846351249717450736266760108312134304775,-0.129585708276079573398011536487502825492637332398916878656952,0.0326723229309801066504971158781242936268406669002707803357619,-0.00141921514287907161833914005091149118952613932307833475178087,0.691164392235067550453455357681027682401942728323232962009903,False,,,True,False
1577,372,0.00677007658104135498364932346158568331783652827800478659126689,-0.131004923418958645016350676538414316682163471721995213408733,0.234192519145260338745912330865396420829459132069501196647817,0.0412747850091600115712383263223164794486876502055027568004681,3.5545197639521803727644423093563696556116495123938428719485,False,,,False,True
1578,225,0.048044861590201366554887649783902162766524178483507543391735,-0.089730138409798633445112350216097837233475821516492456608265,0.152636215397550341638721912445975540691631044620876885847934,-0.021502577808311297577432246510083209581562964345869446837572,0.632264973824104094717390858644839548368209937687086669957354,False,,,True,False
1579,155,0.026542283781890068977455403273818953184961214137638096554163,-0.111232716218109931022544596726181046815038785862361903445837,0.103510570945472517244363850818454738296240303534409524138541,-0.00663213100182034271275170857822595093103385092706727405383735,0.737775788026536286137532924256568578564882827168285826761707,False,,,True,False
1580,307,0.0199101527800697262647036946955930022539273632105708225003257,-0.117864847219930273735296305304406997746072636789429177499674,0.196852538195017431566175923673898250563481840802642705625081,0.00425589270084363482110409542693721442186807658244801111456198,1.13968487276766330545466836221080909046453544168135750441167,False,,,True,True
1581,94,0.0241660454809133610858077901225302166757954397930188336148876,-0.113608954519086638914192209877469783324204560206981166385112,0.0647915113702283402714519475306325541689488599482547084037219,-0.0121264366420065250971573886105520294365203111702120485366235,0.547742396090919284771056294450392820405619510218249509600004,False,,,True,False
1582,262,0.0120396088389068359886504015119781872392751286228067850782641,-0.125735391161093164011349598488021812760724871377193214921736,0.166759902209726708997162600377994546809818782155701696269566,-0.00653730787550783467244909652971105883599934737845602367917157,0.841878218789372539554262501834850526936169646502437485205016,False,,,True,False
1583,40,0.00550230096339900131620130498226712840327578124435076139909255,-0.132272699036600998683798695017732871596724218755649238600907,0.0263755752408497503290503262455667821008189453110876903497731,-0.00093835927815300243109546983999519606570535114316984477119878,0.767454391869434210043690083151721362844180087447740181450236,False,,,True,False
1584,355,0.00456394168524599888510583514227193233757043010118091662789377,-0.133211058314754001114894164857728067662429569898819083372106,0.223015985421311499721276458785567983084392607525295229156973,0.0359595015330148371308800721717013218044505791465653782190811,2.83023741214518183777544187946411473919134091126624889692254,False,,,False,True
1585,191,0.0405234432182608360159859073139732541420210092477462948469749,-0.0972515567817391639840140926860267458579789907522537051530251,0.129505860804565209003996476828493313535505252311936573711744,-0.0261810856776855196106444423858010743450247067997146931565299,0.523506228280510868506153901027922435934080478421693440510486,False,,,True,False
1586,120,0.0143423575405753164053414649281721797969963024480316016904449,-0.123432642459424683594658535071827820203003697551968398309555,0.0785855893851438291013353662320430449492490756120079004226112,-0.00822826400986297211346415557496258001078258787130996357312068,0.628854432041991034745416341016513241834979718033936207027631,False,,,True,False
1587,323,0.00611409353071234429187730935320959978621371457672163811732425,-0.131660906469287655708122690646790400213786285423278361882676,0.203403523382678086072969327338302399946553428644180409529331,0.0141748821591168873965949724270077690658724263938060012732731,1.40126888693283914351029200268821122226238728216516472530061,False,,,True,True
1588,232,0.0202889756898292316884722817802173688520861409705276393905973,-0.117486024310170768311527718219782631147913859029472360609403,0.150072243922457307922118070445054342213021535242631909847649,-0.00605784258766349203784539680373190806878776057965553718853539,0.797136065887561134322222395521176311671866658321182196563287,False,,,True,False
1589,75,0.0142311331021657396506268849764854607832983803908721022020619,-0.123543866897834260349373115023514539216701619609127897797938,0.0504327832755414349126567212441213651958245950977180255505155,-0.0105471265919841618784576487534928502385730634002726483316166,0.357447260816661243303889468046339241116873724208683125823455,False,,,True,False
1590,390,0.00368400651018157777216923622299261054472531699059945387044537,-0.134090993489818422227830763777007389455274683009400546129555,0.244671001627545394443042309055748152636181329247649863467611,0.0472025236492074087936290995482945602952184877920742443037184,4.7176934901066385999339841738657064287599645891345750932077,False,,,False,True
1591,175,0.0508865301593889865657983357712871708399438047826736981741638,-0.0868884698406110134342016642287128291600561952173263018258362,0.122096632539847246641449583942821792709985951195668424543541,-0.0178237797976952706941445682311596321261713386917807456405849,0.594604343858293015899779185096994561054550880407502986517902,False,,,True,False
1592,278,0.0330627503616937158716537675401275387137724660908929525335789,-0.104712249638306284128346232459872461286227533909107047466421,0.182015687590423428967913441885031884678443116522723238133395,-0.00229345468474344726285115275028371250235648658487477167489158,0.946712147995290656808852659051418533321991098825503659878562,False,,,True,False
1593,135,0.0307692956769502686088026147898438262114159795060181808586873,-0.107005704323049731391197385210156173788584020493981819141313,0.0920673239192375671522006536974609565528539948765045452146718,-0.0164816165099507272751768435585389969256906519701352947676875,0.501763744752347267618504113673910498990501531645091341680189,False,,,True,False
1594,337,0.0142876791669995413336257712313048292857253275358828860909998,-0.123487320833000458666374228768695170714274672464117113909,0.21419691979174988533340644280782620732143133188397072152275,0.0244521403137299385544317523612912383579542729406658750141273,1.84474268799922015477733168714239852322148564414694571365606,False,,,False,True
1595,210,0.038739819480729479888057523592596067643679600476548761105127,-0.099035180519270520111942476407403932356320399523451238894873,0.140934954870182369972014380898149016910919900119137190276282,-0.0162858395549776853772755779953909085149555261376767354400468,0.616708818402555561286788772964755360502587757712241781300279,False,,,True,False
1596,90,0.0224539799257517945107819455972051591287240743388720256650803,-0.11532102007424820548921805440279484087127592566112797433492,0.0618634949814379486276954863993012897821810185847180064162701,-0.0119373472968343992311747902806769957458690885453621960525835,0.500735671636589650334782268160404367542126545125023794872686,False,,,True,False
1597,297,0.0105166326289173952796071553165281633828549857935098296124968,-0.127258367371082604720392844683471836617145014206490170387503,0.188254158157229348819901788829132040845713746448377457403124,0.00465984240644117437575073342753463068877117917136231605688137,1.11585403731043501328064748034513414092424001420862969438042,False,,,True,True
1598,157,0.0151764750353585696553578887440627940716261649648721456693782,-0.122598524964641430344642111255937205928373835035127854330622,0.101919118758839642413839472186015698517906541241218036417345,-0.010240799211193815077331881313977808718192654205951902789432,0.553906652675464958933151442579503350830730277166772900805311,False,,,True,False
1599,382,0.00493567582416475457802600743008498535343351075892024287994619,-0.132839324175835245421973992569915014646566489241079757120054,0.239983918956041188644506501857521246338358377689730060719987,0.0425975827014970630228292410779126548984875785698202131859576,4.83294921011991839402455235456347159782263507321691358152099,False,,,False,True
1600,241,0.0475332585256618176008552485079976402519210893287404560659038,-0.0902417414743381823991447514920023597480789106712595439340962,0.162508314631415454400213812126999410062980272332185114016476,-0.0115943778076387003145868376132967469407741844506065604359368,0.746906021575627520799434351307127696507737860584831297154824,False,,,True,False
1601,116,0.0359388807180231172862684108947008933111469048781338956299669,-0.101836119281976882713731589105299106688853095121866104370033,0.0814847201795057793215671027236752233277867262195334739074917,-0.018117463552248920474444381384387968425002262094812662323159,0.475455289643459157548372444418715941935050008591606674177305,False,,,True,False
1602,313,0.0178214171657741968118240295103129248861446427833212333068079,-0.119953582834225803188175970489687075113855357216678766693192,0.200080354291443549202956007377578231221536160695830308326702,0.0152892509478257449904777407979429730633269747304589622053196,1.44291631482046347076591260185811616936573873643429327599818,False,,,True,True
1603,187,0.0331106681135999418023017703082558979494716175137801955121275,-0.104664331886400058197698229691744102050528382486219804487872,0.125152667028399985450575442577063974487367904378445048878032,-0.0185223134606834087150191819753593401494580986997574821726285,0.541524879512848387833770728000297063807059267214885181938755,False,,,True,False
1604,63,0.0145883546529165330872825883328965578000135188140227133394991,-0.123186645347083466912717411667103442199986481185977286660501,0.0430220886632291332718206470832241394500033797035056783348748,-0.00582941137370221757733791050043623029581702420559801520810538,0.485879864402773561410047859983407054888662896790056003589547,False,,,True,False
1605,359,0.00875894327921431550994467783246032750419649460842469813139369,-0.129016056720785684490055322167539672495803505391575301868606,0.226564735819803578877486169458115081876049123652106174532848,0.0313007787477435288310789756969056573352044211302312313105303,2.43481111705652631307155167812950489361894677064335283739782,False,,,False,True
1606,223,0.040059722026957844341023653529365984839400915738655929441924,-0.097715277973042155658976346470634015160599084261344070558076,0.149389930506739461085255913382341496209850228934663982360481,-0.015685477303536495468770768351296228898399809961690435144661,0.683791124669368841610805665558640893564074274499670928202801,False,,,True,False
1607,133,0.024374244723421348872252885178069755941001105776965494297263,-0.113400755276578651127747114821930244058998894223034505702737,0.0892185611808553372180632212945174389852502764442413735743157,-0.0114311489639702263410551075898708149483033367623098165714403,0.618708557989828674338427886067430087336162744491771348283532,False,,,True,False
1608,284,0.0129430957594511225311977775881989409926977690146556777258226,-0.124831904240548877468802222411801059007302230985344322274177,0.180735773939862780632799444397049735248174442253663919431456,-0.000246976064231253215327648490527607641077540405474133419596508,0.99170180294257749790946743763601172198315074502063799832531,False,,,True,False
1609,82,0.0126961196952198693158701290976713333516202286091815443062261,-0.125078880304780130684129870902328666648379771390818455693774,0.0544240299238049673289675322744178333379050571522953860765565,-0.00895315157593238613965062224587335873262752097930010934757513,0.439448295849806403327234192859785768957244371529604336862836,False,,,True,False
1610,344,0.003742968119287483176219506851797974618992707629881434958651,-0.134032031880712516823780493148202025381007292370118565041349,0.215935742029821870794054876712949493654748176907470358739663,0.0272870370004200244792727964920850909168739099587488541551378,2.05639040222384326256688949216328561494951399802051012288775,False,,,False,True
1611,177,0.0310300051197075076554923033438830655358666175886302891137888,-0.106744994880292492344507696656116934464133382411369710886211,0.118382501279926876913873075835970766383966654397157572278447,-0.0208810314783037165566639512527149723693067003563575060485595,0.566452188484257743693236508587703640509302618296223763939045,False,,,True,False
1612,258,0.0101489736414037910988283520911680931665599172322727830652293,-0.127626026358596208901171647908831906833440082767727216934771,0.163787243410350947774707088022792023291639979308068195766307,0.00114788353128964159085257139661367715631945196834800328791406,1.06323614597133328316369354536118185094575324609044644188157,False,,,True,True
1613,56,0.0112968571726934326896809234877817703228793692006207863531433,-0.126478142827306567310319076512218229677120630799379213646857,0.0378242142931733581724202308719454425807198423001551965882858,-0.00916430857633230448814002184494454134722112578458391455170325,0.301378696444283023280498979691237182697092262650030734489775,False,,,True,False
1614,394,0.00213254859636112820154090164283722897565824341603687180144007,-0.13564245140363887179845909835716277102434175658396312819856,0.24678313714909028205038522541070930724391456085400921795036,0.0499457482426728549446612974527291297864897443444956124213743,5.64481730902995490743696708812210945693288899665070194969807,False,,,False,True
1615,203,0.0520782968390339831462021990955663587621479877605324842228144,-0.0856967031609660168537978009044336412378520122394675157771856,0.139894574209758495786550549773891589690536996940133121055704,-0.0224923062289831345846250449681124202646078358804947992385399,0.585642680970598112655374583772014763238356703556926172768417,False,,,True,False
1616,125,0.0295859906100508485615771541274539384975401518800376849842745,-0.108189009389949151438422845872546061502459848119962315015725,0.0855214976525127121403942885318634846243850379700094212460686,-0.00510365745648996400398365990470533342954520249024641784637894,0.752786376113187701191229333950577362561524597152297648145199,False,,,True,False
1617,305,0.0244823331535608845575934942227486050679949493897912671378956,-0.113292666846439115442406505777251394932005050610208732862104,0.196745583288390221139398373555687151266998737347447816784474,-0.000290145401780283533082387199620106893609461670003817557630508,0.993951550039630723604875315667825635236088210309345335343273,False,,,True,False
1618,235,0.0241921877517806010245111070231284981743854877197874495802651,-0.113582812248219398975488892976871501825614512280212550419735,0.152923046937945150256127776755782124543596371929946862395066,-0.00461184280745114359785881674564035556479778314018903981738861,0.857718832558255809209308849469548295656221728284455661542264,False,,,True,False
1619,94,0.0195803449443294574266522902774881426095877045795984097628764,-0.118194655055670542573347709722511857390412295420401590237124,0.0636450862360823643566630725693720356523969261448996024407191,-0.00855226345025253949681539252382214900378361194921866530524822,0.485727532511184213080208938416430312938895609959045475050436,False,,,True,False
1620,367,0.0110280814940769179298368977536659936058040926303797444576282,-0.126746918505923082070163102246334006394195907369620255542372,0.232132020373519229482459224438416498401451023157594936114407,0.0322712176619877982974866260714184818479124166417625870118214,2.337394268742501152071586133549369514686770018207163982549,False,,,False,True
1621,169,0.0432992991560647162273235238250844754537165092721423314694497,-0.0944757008439352837726764761749155245462834907278576685305503,0.116449824789016179056830880956271118863429127318035582867362,-0.0174737810245375031651680787240122605304849110004766159610963,0.589886488625536864346170591050446326006376292394466717158109,False,,,True,False
1622,276,0.0258255181315272130621554451010722149232315982716657155083533,-0.111949481868472786937844554898927785076768401728334284491647,0.178956379532881803265538861275268053730807899567916428877088,-0.00279844533312548966084870242762823637884594602937654347250835,0.928959356614805396106032646820686526690999613296034120465807,False,,,True,False
1623,114,0.023027072798401723401306742673443978544385652242289172035845,-0.114747927201598276598693257326556021455614347757710827964155,0.0770067681996004308503266856683609946360964130605722930089612,-0.00827055310836335327244980094449746266994310486636606544931473,0.578945543202623802683572470767970183296858362902667599853414,False,,,True,False
1624,330,0.0147565196900383701288569417289465158744425473759231065865302,-0.12301848030996162987114305827105348412555745262407689341347,0.209939129922509592532214235432236628968610636843980776646633,0.0169657448107629614454007752398117415580392334169913258679818,1.47908569493393281845425056363853594830083342463678034143802,False,,,True,True
1625,209,0.0317222645008013315742577169687582574324817807929144324545121,-0.106052735499198668425742283031241742567518219207085567545488,0.138555566125200332893564429242189564358120445198228608113628,-0.0154675477861383495373166611972908197489834914846539007355572,0.618353209156566264052758900256271941671787926423470280859565,False,,,True,False
1626,68,0.0162547167146629820369410557714674376834982893082605317189548,-0.121520283285337017963058944228532562316501710691739468281045,0.0465636791786657455092352639428668594208745723270651329297387,-0.0104913027384723628106074146734216097491835195889600885479863,0.41999417723600007553968818811460533142749979072376793265689,False,,,True,False
1627,376,0.00576341397619061922633364109804582793431476971930044317096857,-0.132011586023809380773666358901954172065685230280699556829031,0.236440853494047654806583410274511456983578692429825110792742,0.0415709131778668417420305008326502905571763315201812084204469,3.95297330826319369878065826513792418945030349534531218827017,False,,,False,True
1628,245,0.0473343271540574609683641419306961184914911012394816515914155,-0.0904406728459425390316358580693038815085088987605183484085845,0.164958581788514365242091035482674029622872775309870412897854,-0.00658223497255629594416637310826037330972495555095860222267207,0.854525668823535840622590531160133954331403327221186285741386,False,,,True,False
1629,149,0.0407520921815011650241977688224357451817661456885230493687434,-0.0970229078184988349758022311775642548182338543114769506312566,0.103313023045375291256049442205608936295441536422130762342186,-0.0205467372389833244382143088377973944841571041270202727310521,0.493206745004115326929956906865645915352241963867418942069859,False,,,True,False
1630,299,0.0202053549425178405859834599846383506976090415615027766376913,-0.117569645057482159414016540015361649302390958438497223362309,0.191926338735629460146495864996159587674402260390375694159423,0.00700885725017821936949875049056863292343201854834458067266838,1.23791880564084181670855600488276691703170655483884316482437,False,,,True,True
1631,105,0.0272142121926960599554822104752069836210410601098473573103596,-0.11056078780730394004451778952479301637895893989015264268964,0.0724285530481740149888705526188017459052602650274618393275899,-0.0171740142307787432943362856065003985842614235176655372058533,0.466596335434884084707445642979014636308066772714483366746457,False,,,True,False
1632,340,0.0100401979619173166611459248687065850367796365921818201045064,-0.127734802038082683338854075131293414963220363407818179895494,0.215010049490479329165286481217176646259194909148045455026127,0.0313316058423050598682871546637926997438744702111875251723372,2.40541859926007578533080260517690555080080469427818204582833,False,,,False,True
1633,191,0.0413718038042223765294330795324992847806541068033693452768436,-0.0964031961957776234705669204675007152193458931966306547231564,0.129717950951055594132358269883124821195163526700842336319211,-0.0260108754146804933726199105268284104319536593690491171554402,0.534427621436702917256996315831792774681227074813963250164472,False,,,True,False
1634,263,0.0153609283895418831568131690056708743487004474343202281214033,-0.122414071610458116843186830994329125651299552565679771878597,0.168215232097385470789203292251417718587175111858580057030351,0.00600375863465825436186101778594433877458307548179617882301923,1.29488587095179860117613514626138022251880955782509608208496,False,,,True,True
1635,82,0.0213646870242001375186741867916152131232835229161164069444226,-0.116410312975799862481325813208384786876716477083883593055577,0.0565911717560500343796685466979038032808208807290291017361056,-0.0186282487618206380209859528399292737204861755101984696593517,0.344929984924927375848136179064969159509034513228985163974425,False,,,True,False
1636,386,0.00273643826237949949768823395168593940279734740591793728507087,-0.135038561737620500502311766048314060597202652594082062714929,0.241934109565594874874422058487921484850699336851479484321268,0.0492770685435735537448065574197647992106234023335885164882955,6.11622650255361560286629683538628582437277445092338798078685,False,,,False,True
1637,174,0.0520135068059530532424947913714507386134207497395064537733664,-0.0857614931940469467575052086285492613865792502604935462266336,0.121753376701488263310623697842862684653355187434876613443342,-0.022674237282910811017311798124796238958732363421523602630129,0.55476080663460547456975901626414743555540637804112117867492,False,,,True,False
1638,286,0.0293392695230422422251829932466544996546883863179828511432375,-0.108435730476957757774817006753345500345311613682017148856763,0.186084817380760560556295748311663624913672096579495712785809,0.00529154579467253539700569761898874034008876994252756193143386,1.14971051068075497680704702353155680038878629308442908418602,False,,,True,True
1639,130,0.0346308153177147776221886908656432399947771562605104130746713,-0.103144184682285222377811309134356760005222843739489586925329,0.0899077038294286944055471727164108099986942890651276032686678,-0.0190824939214813379038072739903399421765087266140315292430634,0.510983759050253020651694751424923532372258016075329501509016,False,,,True,False
1640,321,0.0155483213962334397183814168753032978182684296464788838316079,-0.122226678603766560281618583124696702181731570353521116168392,0.204512080349058359929595354218825824454567107411619720957902,0.0197960777199465392352244081386891085622635319985209589036309,1.63883450937910363880918806557136098165944033094041755803209,False,,,True,True
1641,216,0.0353443991161799789536058250139924063805319616449998427352388,-0.102430600883820021046394174986007593619468038355000157264761,0.14383609977904499473840145625349810159513299041124996068381,-0.0140270220339713191773984802230785599866802566881182422122523,0.65116853224215424399441623535458814286323993132428062990217,False,,,True,False
1642,90,0.0213173770822086597762073447909138463938517049568816005229865,-0.116457622917791340223792655209086153606148295043118399477013,0.0615793442705521649440518361977284615984629262392204001307466,-0.0133791637254807360467786703599545085714929062574511452445756,0.399189534710669533447351116581844363978002441142496466386189,False,,,True,False
1643,356,0.00793821335672792372942867443095933782235879869943045527841095,-0.129836786643272076270571325569040662177641201300569544721589,0.224484553339181980932357168607739834455589699674857613819603,0.0306874790235481793109196680066173424724426520977860333867919,2.26683133525002730337424282580103004344692262265474726371855,False,,,False,True
1644,185,0.0386256923802761030403483424375766802948014507972164886652029,-0.0991493076197238969596516575624233197051985492027835113347971,0.125281423095069025760087085609394170073700362699304122166301,-0.0197138457386322680529925215028202168140614111153460545840008,0.59644775945531461514548867145678226769821486443359635374053,False,,,True,False
1645,254,0.0189118466416438349873558209347564634807400396818704340812021,-0.118863153358356165012644179065243536519259960318129565918798,0.163477961660410958746838955233689115870185009920467608520301,-0.00100318025984656890298578730772743041974761843779898076394605,0.96631326003796886968507770675577364286401492824697420872275,False,,,True,False
1646,69,0.017908666381797266084370033627029033060992421244071453317256,-0.119866333618202733915629966372970966939007578755928546682744,0.047602166595449316521092508406757258265248105311017863329314,-0.0151629861852520706317883664155018303624522015316301043358557,0.354257393458053203865386477110417002763322469494543089107788,False,,,True,False
1647,334,0.00274568019654519545258166721152720269854021971244134898140035,-0.1350293198034548045474183327884727973014597802875586510186,0.20943642004913629886314541680288180067463505492811033724535,0.0273418247100708013275958656927560016913369555895443511317702,2.30881668875830339994540112885589534907853708980005487878374,False,,,True,True
1648,148,0.0300875049066159967801775329042832043898771753019857001131706,-0.107687495093384003219822467095716795610122824698014299886829,0.100021876226653999195044383226070801097469293825496425028293,-0.0248609482948896222098105498383816222110152487093541528834751,0.489466979649691296587244882734113579557102606874541203827651,False,,,True,False
1649,274,0.00522655661172637457036698306590158217886192659263154722969543,-0.132548443388273625429633016934098417821138073407368452770305,0.172556639152931593642591745766475395544715481648157886807424,0.00623425822671710086933734997920495689332958618304015970044332,1.38559469880835608983800738556686671104534539277128917922463,False,,,True,True
1650,103,0.0114608148384434754397043330451065390721915127756717069301388,-0.126314185161556524560295666954893460927808487224328293069861,0.0672402037096108688599260832612766347680478781939179267325347,-0.0102528215386236687479913811160681115445465202315343715357705,0.424800530586490330764340870857083025879712322178832815283521,False,,,True,False
1651,392,0.00120799329981980669171295192903842752764499254413733539436823,-0.136567006700180193308287048070961572472355007455862664605632,0.245301998324954951672928237982259606881911248136034333848592,0.0489263463273869078280233872681026970783550689133000639001241,5.00931779301353814269345355507308841826311376675697726229004,False,,,False,True
1652,207,0.0501343396272067145197363391971411246060000614574373992944923,-0.0876406603727932854802636608028588753939999385425626007055077,0.141908584906801678629934084799285281151500015364359349823623,-0.0250452095508011487203451090434068830242787986102128684207147,0.567185049924091327194829372448786716234719561723636070354088,False,,,True,False
1653,301,0.0250891300764055657993912301537342415817212628472245308737776,-0.112685869923594434200608769846265758418278737152775469126222,0.194397282519101391449847807538433560395430315711806132718444,0.0168192067047078186016459267667001354237443730295822267082133,1.6397463303805069515201809606433155870107899058906407151112,False,,,True,True
1654,137,0.0419083367811133844010371569204343770054656358768067575819909,-0.0958666632188866155989628430795656229945343641231932424180091,0.0961020841952783461002592892301085942513664089692016893954977,-0.0258838931715880461116125660692199333352605224149554231508838,0.47335082675141317663259088760696105242400934402369024716948,False,,,True,False
1655,237,0.0160244436095253382894245908512144436702051134618513344311071,-0.121750556390474661710575409148785556329794886538148665568893,0.152131110902381334572356147712803610917551278365462833607777,-0.00240479008277188371197185196971444419221467431325231284626978,0.89342298314731311087919502854508725057719760769403489592108,False,,,True,False
1656,61,0.0136196535267534545774527388814999994779904391485990215848373,-0.124155346473246545422547261118500000522009560851400978415163,0.0415299133816883636443631847203749998694976097871497553962093,-0.00423308723476442618453296340472692666211429817198928679410079,0.465051062739534786099680638971494683591875281391604064516959,False,,,True,False
1657,363,0.00938656629198902839291977547677307281587614097660973479073655,-0.128388433708010971607080224523226927184123859023390265209263,0.229221641572997257098229943869193268203969035244152433697684,0.0295866751405024864362609532968264198775088574058107024828643,2.10275148954812937844769160190107611414726402955205093512159,False,,,False,True
1658,177,0.0389732414324915148291807287735994926933849983824204372736008,-0.0988017585675084851708192712264005073066150016175795627263992,0.1203683103581228787072951821933998731733462495956051093184,-0.0211953386939477768955982710303302299262171246002706660619461,0.548118452867450197070202991741369351342212611900502600672748,False,,,True,False
1659,289,0.0177779027385437379335824577432692627671678737821497712116548,-0.119997097261456262066417542256730737232832126217850228788345,0.185069475684635934483395614435817315691791968445537442802914,0.00920525150396623952429554712976331886234178981739727177101856,1.33833681346820945421515265724473374351680073509308103748424,False,,,True,True
1660,112,0.0269831542425099774578780048730325816295096635995470429826733,-0.110791845757490022542121995126967418370490336400452957017327,0.0767457885606274943644695012182581454073774158998867607456683,-0.0193951181155999246249655713950031005088146822285162120581351,0.435678611656734792721198272728089057986025747026736121104773,False,,,True,False
1661,346,0.00758803612691005283291243347802948112069498137103083092453823,-0.130186963873089947167087566521970518879305018628969169075462,0.218147009031727513208228108369507370280173745342757707731135,0.030908902210765643593031927653087829462833264742692979985181,2.31346844634873751474495163633059335509706877932239383100524,False,,,False,True
1662,201,0.0384969383376756964259443611311173105835282461137238109097193,-0.0992780616623243035740556388688826894164717538862761890902807,0.13524923458441892410648609028277932764588206152843095272743,-0.0208241566318593096506361842966774663331051232425169163072668,0.56839373678970723436035353837014135287806757547928110581247,False,,,True,False
1663,81,0.0176727817058163867753081768344398442504231228712068946024524,-0.120102218294183613224691823165560155749576877128793105397548,0.0550431954264540966938270442086099610626057807178017236506131,-0.010003375249249728400153068044698413911192918955321086503625,0.554650928939306090412095050086056931949816014298840093473299,False,,,True,False
1664,264,0.00766940645656665837515510878974143033923020391588580809882748,-0.130105593543433341624844891210258569660769796084114191901173,0.166917351614141664593788777197435357584807550978971452024707,-0.00396048338416578846537546457685885046639777486283580242058288,0.886719950728526177426340023701178181427372624875686905708867,False,,,True,False
1665,33,0.0037089230724008699097796442128825798728324290530500056782446,-0.134066076927599130090220355787117420127167570946949994321755,0.0215522307681002174774449110532206449682081072632625014195612,-0.00070680776753117482593776327251178145745970099169816555795039,0.613128853084667855255778089992448436337108778472555103006668,False,,,True,False
1666,378,0.00300211530486969508384188094037079841537272806135184012029421,-0.134772884695130304916158119059629201584627271938648159879706,0.237000528826217423770960470235092699603843182015337960030074,0.0443959702475529219328855955076520869443623141871667941467872,4.57908497060091291102655873094843527607207712740383087623497,False,,,False,True
1667,164,0.0473980855524226170167274764480228853597350422485186342670815,-0.0903769144475773829832725235519771146402649577514813657329185,0.11434952138810565425418186911200572133993376056212965856677,-0.0238228546401048403661978460720359266947208015012432352501523,0.534137680726221978647892121894836954109752869169881315808078,False,,,True,False
1668,310,0.0235752309123177766505296303759869586650142407472753990169291,-0.114199769087682223349470369624013041334985759252724600983071,0.199643807728079444162632407593996739666253560186818849754232,0.0143331279947275005306410564749653855183047442878445576015482,1.43735514847213694012800141976136909405715625824900396134656,False,,,True,True
1669,219,0.0379083589070452771811706868509523441833189850351199566184773,-0.0998666410929547228188293131490476558166810149648800433815227,0.146352089726761319295292671712738086045829746258779989154619,-0.0111176127209298285579691567596713052924489169586572723482803,0.734408715028606637550026062811011455941590071064287972473017,False,,,True,False
1670,117,0.026790746186115448623201530091281038890870068076462684270197,-0.110984253813884551376798469908718961109129931923537315729803,0.0798226865465288621558003825228202597227175170191156710675493,-0.0206710512525203835455610637112719368557350597236924453130129,0.419897758405174691085537800198321715744388288772824543776412,False,,,True,False
1671,328,0.0061196949335950650776404663800091020351350083527702389571841,-0.131655305066404934922359533619990897964864991647229761042816,0.206529923733398766269410116595002275508783752088192559739296,0.0196081608285324174094719590793751835359333063656221473091075,2.11431800189164503628131108633460353537040454657478910441929,False,,,True,True
1672,182,0.0257278557621274824871124254593842855710683147183923862662916,-0.112047144237872517512887574540615714428931685281607613733708,0.120181963940531870621778106364846071392767078679598096566573,-0.0149205773080062752762360622690083579303298872538649633383396,0.576333200815762400417672673787949881730291760789373260067529,False,,,True,False
1673,62,0.010807278454121207210876363190375927640738427464527422927952,-0.126967721545878792789123636809624072359261572535472577072048,0.041451819613530301802719090797593981910184606866131855731988,-0.00983682375452375109556729424877712618735628927231579673374338,0.470169608085465358821556033133421328635669954663554547559343,False,,,True,False
1674,399,0.000970454699597456115309068941598801453382138192211626194208589,-0.136804545300402543884690931058401198546617861807788373805791,0.249617613674899364028827267235399700363345534548052906548552,0.0567644290247055956622013224275728220677006805202241833882595,79.7973662315633462918611837931711262254883350260015526038108,False,,,False,True
1675,247,0.0577348837243030517775103913691716235210828187124358095824681,-0.0800401162756969482224896086308283764789171812875641904175319,0.168808720931075762944377597842292905880270704678108952395617,-0.0146380162898603249411298813877445855651805025686758958417527,0.728645918567202273344144234971375204370303737565749498367186,False,,,True,False
1676,145,0.0430968674344427268363805099814270379559023161437599137407153,-0.0946781325655572731636194900185729620440976838562400862592847,0.101399216858610681709095127495356759488975579035939978435179,-0.0144372139809467631006172064110624597575675754525162525121127,0.591197663288158840307458633945718973983651040376169786424632,False,,,True,False
1677,293,0.0286596534534959637357633035703645781983347406912436612286027,-0.109115346546504036264236696429635421801665259308756338771397,0.190289913363373990933940825892591144549583685172810915307151,-0.000667384081976758443668318698374814787003876660991377842204189,0.986163934347076920804650312912510366310441953149710557901531,False,,,True,False
1678,198,0.0279922693715192052920949848719897634113308640302522833863985,-0.109782730628480794707905015128010236588669135969747716613602,0.1307480673428798013230237462179974408528327160075630708466,-0.0111159491587012670657302489255269149578152772885282679192463,0.667142500078112650633678460562287271121869374690665250412358,False,,,True,False
1679,352,0.0168763202128179382263647359464628484535155867417240154671522,-0.120898679787182061773635264053537151546484413258275984532848,0.224219080053204484556591183986615712113378896685431003866788,0.0315141437414419338820835163014699086166574885824223573885852,3.7942155496258848589807331371413349571263187925159354536972,False,,,False,True
1680,122,0.0483904639542598721084482522479327570701730753241463728557373,-0.0893845360457401278915517477520672429298269246758536271442627,0.0883476159885649680271120630619831892675432688310365932139343,-0.0203436651343518356040461732206600556596589195174485408986113,0.495793381679494009838549978071215903044223108462033229281019,False,,,True,False
1681,268,0.028046798819908036504402079027272701410514155806697831957126,-0.109728201180091963495597920972727298589485844193302168042874,0.174511699704977009126100519756818175352628538951674457989281,-0.00454017873498711162612397687011308596097789123450339754861017,0.880737238488471983705148661717816598291906381601484879239096,False,,,True,False
1682,85,0.0235066200849209248782781021571596154495362645721944344085158,-0.114268379915079075121721897842840384550463735427805565591484,0.059001655021230231219569525539289903862384066143048608602129,-0.01156707463670315887360698001281585894797855949001201027319,0.479935496817115976802631795543466402541009411732324833210755,False,,,True,False
1683,320,0.0119395454482177660046711221443437565015577050821824241353258,-0.125835454551782233995328877855656243498442294917817575864674,0.202984886362054441501167780536085939125389426270545606033831,0.0198638376764855254899105766049270571591221889543577009408029,1.6618044113609567510783694948597561144137759325557027181619,False,,,True,True
1684,175,0.0318033831247032914945816987492708136606798940365401250761287,-0.105971616875296708505418301250729186339320105963459874923871,0.117325845781175822873645424687317703415169973509135031269032,-0.0223800391683673512634901384879571260565883943835469966680401,0.538563190429421831830298740048406097852335117758849691889791,False,,,True,False
1685,370,0.00942334395633594023109156026131368760409149965299312840808854,-0.128351656043664059768908439738686312395908500347006871591911,0.233605835989083985057772890065328421901022874913248282102022,0.0440165388018863091153382315571608082192824993155315574308828,4.267348150125017850900573417442393116089737972697205419965,False,,,False,True
1686,223,0.0534398827582222493464297918184744958233739989685246858389713,-0.0843351172417777506535702081815255041766260010314753141610287,0.152734970689555562336607447954618623955843499742131171459743,-0.0168203148868987934585077852566475561896054519378635387484186,0.669892376708747327757325465281778579634773529552297049563497,False,,,True,False
1687,132,0.0366195678713234558879220065618269396337685470306611470905527,-0.101155432128676544112077993438173060366231452969338852909447,0.0916548919678308639719805016404567349084421367576652867726382,-0.0182928194087075837935784717267896461083833906310396396724434,0.511407163191054095377030817111826466374251730193463867434965,False,,,True,False
1688,283,0.0183267484626158720943435348350372935253851563996215074181093,-0.119448251537384127905656465164962706474614843600378492581891,0.181456687115653968023585883708759323381346289099905376854527,0.00256503013083768064767664672227552980252128901466080435553314,1.10467959604316580034722011262250786240412213205586412694318,False,,,True,True
1689,75,0.0208917785934535527420201815573128233279064454142823117736424,-0.116883221406546447257979818442687176672093554585717688226358,0.0520979446483633881855050453893282058319766113535705779434106,-0.0126857824465291521364789823404976180654362533848439532293062,0.415839893749116656092749369017568777096296453280332237545037,False,,,True,False
1690,339,0.00820599614692440060554119921681520526247019202943835854433619,-0.129569003853075599394458800783184794737529807970561641455664,0.213926499036731100151385299804203801315617548007359589636084,0.0289451782992164151209018506686396098592382233490242740965186,2.1865905813761233726368609604600524780285576891363578221108,False,,,False,True
1691,190,0.0371511744461408157264430498854548151217084153784626326408548,-0.100623825553859184273556950114545184878291584621537367359145,0.128037793611535203931610762471363703780427103844615658160214,-0.0251406569187075041142096204958822650798506493816570526621312,0.547355087268640720052453442497490177817378763105741514568202,False,,,True,False
1692,250,0.0120105175274333116122334293895725500418577659968055799787235,-0.125764482472566688387766570610427449958142234003194420021276,0.159252629381858327903058357347393137510464441499201394994681,0.00390700600218187277187768552209951369586660080363225978877947,1.15114611425177439575169773323387779389835545978794084758958,False,,,True,True
1693,101,0.015917523529615184384111114911672063737724366800437839767503,-0.121857476470384815615888885088327936262275633199562160232497,0.0671043808824037960960277787279180159344310917001094599418758,-0.0107545357825992877240423337693639145605575532244806687493482,0.359680482745138067689645104163932437834362289414685968442044,False,,,True,False
1694,383,0.00516298774701589666006878114230814917716681357595717101815482,-0.132612012252984103339931218857691850822833186424042828981845,0.240665746936753974165017195285577037294291703393989292754539,0.0370826459340306935140585450239920849750671244691335190939313,2.78316280871926348610063510648629815759214849730248762523667,False,,,False,True
1695,165,0.0422456336810465901741273261663002341522339380450906901120862,-0.0955293663189534098258726738336997658477660619549093098879138,0.113686408420261647543531831541575058538058484511272672528022,-0.016329735133817577759493465813525850185587582936300410608692,0.573877804630626705665887435884878579573884673120207968179241,False,,,True,False
1696,302,0.0259158985472290124146338603527743839666463551087902795033941,-0.111859101452770987585366139647225616033353644891209720496606,0.195228974636807253103658465088193595991661588777197569875849,0.00610829288493867603862701019919059673470284898560489590049288,1.14361493205492208103764242649383956856590257758656137413887,False,,,True,True
1697,211,0.032024191432167688453260870551964980701349204094395175403887,-0.105750808567832311546739129448035019298650795905604824596113,0.139881047858041922113315217637991245175337301023598793850972,-0.0108689088421802088277554001659746562018252962332682951940878,0.702677512601691214685789863321491298242948735372826727539199,False,,,True,False
1698,82,0.0211552825899874796255054703859903244995239078611268802097992,-0.116619717410012520374494529614009675500476092138873119790201,0.0565388206474968699063763675964975811248809769652817200524498,-0.0118651322293990590751702361362754059092897513642866394626051,0.404140445816707664850031534207696392138880135326778998904827,False,,,True,False
1699,358,0.00929015036058842055033523424971491859023415649684024074719416,-0.128484849639411579449664765750285081409765843503159759252806,0.226072537590147105137583808562428729647558539124210060186799,0.029060557859721671540771850901599707539012788930392013517164,2.21019677965605649647101246195947325401623872450505049988526,False,,,False,True
1700,236,0.0383507082203100920911070851513146261292469454272322542643581,-0.0994242917796899079088929148486853738707530545727677457356419,0.15708767705507752302277677128782865653231173635680806356609,-0.00694767568867080415386240728461667265598877113430059353419745,0.835736394607128908056704074861866276509784398521948348739983,False,,,True,False
1701,135,0.0314030325316392879372446778666979534732581742929316607301607,-0.106371967468360712062755322133302046526741825707068339269839,0.0922257581329098219843111694666744883683145435732329151825402,-0.0189042240316875018229138537099254445330647301598106491364165,0.483086270496898507499900538457488825693685506981896668574544,False,,,True,False
1702,315,0.0124988084999517861143308241567725089401934441331210115937442,-0.125276191500048213885669175843227491059806555866878988406256,0.199999702124987946528582706039193127235048361033280252898436,0.0125149181405256437103697335758290012358275626268716371886217,1.50345913350176736474152753842093643839284691499388034685871,False,,,True,True
1703,176,0.0250137266404774298247005577326015101760210067599926487823659,-0.112761273359522570175299442267398489823978993240007351217634,0.116253431660119357456175139433150377544005251689998162195591,-0.0143573801105619395755919782906595548284389369396335881007858,0.557446509466938526039318122357467282777116987901901290131577,False,,,True,False
1704,54,0.0106563465299154902491085794419419553475820698203590606815801,-0.12711865347008450975089142055805804465241793017964093931842,0.036414086632478872562277144860485488836895517455089765170395,-0.00735832279140584699741488777001439969087823663775862917389309,0.455449833602104825948485289849184200718831204490636475121097,False,,,True,False
1705,388,0.00329802373850964325169369167192755565670383318260043150768704,-0.134476976261490356748306308328072444343296166817399568492313,0.243324505934627410812923422917981888914175958295650107876922,0.0471009665739334606441102146636588938478730421795696478671756,7.58631584972089665734419578908927928317987979704541362798396,False,,,False,True
1706,260,0.0503989903124431038958039063355864495045768753621700793748626,-0.0873760096875568961041960936644135504954231246378299206251374,0.175099747578110775973950976583896612376144218840542519843716,-0.0073419486059046521071677032993579591575666194548609900674856,0.848213709528033852196968032209543424873377997446895920931844,False,,,True,False
1707,149,0.043057041706538451788636203036228490347010255907309089307377,-0.094717958293461548211363796963771509652989744092690910692623,0.103889260426634612947159050759057122586752563976827272326844,-0.0201134427675260321010920539372762462470110836101825362260358,0.511398288548471870171612484247164930006845523476322928171399,False,,,True,False
1708,290,0.0229435989390124196875441490989522440999991722971265530813412,-0.114831401060987580312455850901047755900000827702873446918659,0.186985899734753104921886037274738061024999793074281638270335,0.00555612700188578168698685115723505170924022576762487541446579,1.185294557846184707320050748761513592730669187229990027329,False,,,True,True
1709,105,0.028499725940898201374531000256187295809239398064751428495807,-0.109275274059101798625468999743812704190760601935248571504193,0.0727499314852245503436327500640468239523098495161878571239518,-0.0144714031007595310989432236677281762307643726131954035094781,0.489094380737149011788489680383864852385718342140599696034882,False,,,True,False
1710,342,0.0140283228401386702755877765884591195784750254515560249863289,-0.123746677159861329724412223411540880421524974548443975013671,0.217257080710034667568896944147114779894618756362889006246582,0.0301013252645450685264669815969007911538422913687698129504911,2.24381919371823715285819670604418666950894558476493133484835,False,,,False,True
1711,203,0.04412964810468373880205475818535991073231731682032583793682,-0.09364535189531626119794524181464008926768268317967416206318,0.137907412026170934700513689546339977683079329205081459484205,-0.0255957272359417577945698235068065914366623474063170367679019,0.547195160436441289416702189186106919708635186748113942314214,False,,,True,False
1712,78,0.0185339208687419810074849346785533192956549694140088011689181,-0.119241079131258018992515065321446680704345030585991198831082,0.0533834802171854952518712336696383298239137423535022002922295,-0.00866776259940638428693801821293771053742970982909978063489659,0.572198586956825605140897780251540976275807719952950195523278,False,,,True,False
1713,273,0.00986615826933559672054691646561560875822525958490902053402153,-0.127908841730664403279453083534384391241774740415090979465978,0.173091539567333899180136729116403902189556314896227255133505,-0.00149633775081596933660802996710498091069063046569719535094542,0.965232420916807715751927672214699964842262884194320299430288,False,,,True,False
1714,160,0.00836982051851962738393888649851062784753462911921182518307612,-0.129405179481480372616061113501489372152465370880788174816924,0.102092455129629906845984721624627656961883657279802956295769,-0.00266414588075341056456740041247438554826180869217101699752453,0.742814550603766999574661108021426967891232758268276810372353,False,,,True,False
1715,373,0.00570567463776621681937148608603624229927282042704080818555159,-0.132069325362233783180628513913963757700727179572959191814448,0.234551418659441554204842871521509060574818205106760202046388,0.0313270326447947238150249988962944961640677014135397403877966,2.41288404054581685133309316946683173052771658197287289261524,False,,,False,True
1716,225,0.0370327072825609406343964849823307384633405218405805485733482,-0.100742292717439059365603515017669261536659478159419451426652,0.149883176820640235158599121245582684615835130460145137143337,-0.0120210294956888348318770834920626170821706555690413537807027,0.721999277339469175675138052095356564374063175251425048786207,False,,,True,False
1717,115,0.0250116777868721058025194014902681213811698662715391947926455,-0.112763322213127894197480598509731878618830133728460805207354,0.0781279194467180264506298503725670303452924665678847986981614,-0.010286474514658985806130321909765406082891645170659786062982,0.544572475566841018701585371781659683508334951476442975911593,False,,,True,False
1718,324,0.0147252032722131199963890795805027152982782211008794087296635,-0.123049796727786880003610920419497284701721778899120591270337,0.206181300818053279999097269895125678824569555275219852182416,0.0116419461749320075374976119957155103020531217123466059351271,1.29449659267113003745876471731158160389457011741179279071537,False,,,True,True
1719,184,0.0263671494471451275338866915762182256003313428132260146647906,-0.111407850552854872466113308423781774399668657186773985335209,0.121591787361786281883471672894054556400082835703306503666198,-0.0153278656609838250820399015424857171621624741663463572497484,0.574898877283371425562834783898024782414764153143538087872889,False,,,True,False
1720,56,0.0110392837861613024518467900337325084381688686468796574150422,-0.126735716213838697548153209966267491561831131353120342584958,0.0377598209465403256129616975084331271095422171617199143537605,-0.00628329396779131680890431941828334310730437544594434070526465,0.527437096396964915077437945207079822287774121817662371274882,False,,,True,False
1721,353,0.00475598981836998564294247061544916533086449320093531670977752,-0.133019010181630014357057529384550834669135506799064683290222,0.221813997454592496410735617653862291332716123300233829177444,0.0296766771572014339668816603914540709135048895219102114185387,2.31218476273971343467835590090172340613617334976409083615351,False,,,False,True
1722,245,0.0344326669755714196098241310069032362443693827228455281283162,-0.103342333024428580390175868993096763755630617277154471871684,0.161733166743892854902456032751725809061092345680711382032079,-0.00667669795633172894550019617086126879514049062696191282003355,0.844442272891060741959484599708023426785488965180300209604136,False,,,True,False
1723,134,0.0277559690192396906643239348360419674492288920958836153082827,-0.110019030980760309335676065163958032550771107904116384691717,0.0906889922548099226660809837090104918623072230239709038270707,-0.0195700428690428385153663481525702855847514479630685739151676,0.474313268102997009276967141368249759485535438156266061305297,False,,,True,False
1724,298,0.00818592615019685214895758668347168186447744413281504139311507,-0.129589073849803147851042413316528318135522555867184958606885,0.188296481537549213037239396670867920466119361033203760348279,0.00940592902614582373717184424242217291986605621423897270633271,1.43308961651970972672127178238988359682775918434333075872013,False,,,True,True
1725,89,0.0175918551763426758861294309258938547843435003470540140994478,-0.120183144823657324113870569074106145215656499652945985900552,0.0600229637940856689715323577314734636960858750867635035248619,-0.0155688923656214439764974662721293000444396668928133185747075,0.443817172924144507254087281091428267318602844330605599648928,False,,,True,False
1726,395,0.00202296281072123190963196465376455473990383345424069552474027,-0.13575203718927876809036803534623544526009616654575930447526,0.247380740702680307977407991163441138684975958363560173881185,0.0574624364766107416096321427654984263652040922270835100866828,14.4402042458812521542714967451106261198149019020780428242337,False,,,False,True
1727,207,0.0594853992873319735192641074192629811051079256813242056114231,-0.0782896007126680264807358925807370188948920743186757943885769,0.144246349821832993379816026854815745276276981420331051402856,-0.0246617977827892009826951040294043696301694368141476077452433,0.568427236177890464727569931339278479409018584568846602326511,False,,,True,False
1728,266,0.0348236015045427725365690033898586114749384888671765978661798,-0.10295139849545722746343099661014138852506151113282340213382,0.174955900376135693134142250847464652868734622216794149466545,0.00191265580975941238469984305597011515353863032444645762438435,1.04920702948491687699071851606830019930353720990242411470916,False,,,True,True
1729,148,0.0367362573143021849212688464458287266284771191916230554905642,-0.101038742685697815078731153554171273371522880808376944509436,0.101684064328575546230317211611457181657119279797905763872641,-0.0191820103439718670569310817551555605854068533999110849414045,0.457946523265158616233638697152500347682813406714202502716152,False,,,True,False
1730,332,0.0175542469703303178643377646906731660430702657917119705491596,-0.12022075302966968213566223530932683395692973420828802945084,0.21188856174258257946608444117266829151076756644792799263729,0.019219421963457752355961292448253920570883814280043313660473,1.8477446150557183318769670590653204985219661139814262088281,False,,,True,True
1731,177,0.0367736689337880702202990571389270866139540800717552842096327,-0.101001331066211929779700942861072913386045919928244715790367,0.119818417233447017555074764284731771653488520017938821052408,-0.0186220461929803554323996313687463674741534510718300625974233,0.54112897417924657891270892722219824289458028698583787710873,False,,,True,False
1732,72,0.0181516227408077147878994257701807191398006289999252216122093,-0.119623377259192285212100574229819280860199371000074778387791,0.0495379056852019286969748564425451797849501572499813054030523,-0.00743847285265291894976792714386633406413207535183034264011636,0.553872162815279231122960583392778307765564017231885351472531,False,,,True,False
1733,308,0.010713149888154795838131498626314385075668553648094878972093,-0.127061850111845204161868501373685614924331446351905121027907,0.195178287472038698959532874656578596268917138412023719743023,0.00745902510545961627597241930423228875179561411568530168899641,1.18503923547412659123955941362374506949094702246710703828948,False,,,True,True
1734,228,0.0181721749936144121141039179305466738274641677637801806610894,-0.119602825006385587885896082069453326172535832236219819338911,0.147043043748403603028525979482636668456866041940945045165272,-0.00542624507542867247879327644622186149030082450446155869213705,0.84254163586608290804247245993156699859636938149581646173029,False,,,True,False
1735,106,0.0127459299181857396353106414843248123371633432593186219689523,-0.125029070081814260364689358515675187662836656740681378031048,0.0694364824795464349088276603710812030842908358148296554922381,-0.0055351771860532769764878028881601385423110616478974983026804,0.494917283004400202254555542619767978966341892111304519907062,False,,,True,False
1736,367,0.00721075273213246265882283859616467379485228161142112366627194,-0.130564247267867537341177161403835326205147718388578876333728,0.231177688183033115664705709649041168448713070402855280916568,0.0263779614059510495710090360345017781397106290732440635281344,1.84471127548196351160533666560406870084782212622463803861103,False,,,False,True
1737,193,0.0335887141380835122298318746306664519345629106846651871944064,-0.104186285861916487770168125369333548065437089315334812805594,0.129022178534520878057457968657666612983640727671166296798602,-0.0172018270562710333713221705632615541085610514864772700830833,0.613553115523476359089144519427230777123533712953054595933254,False,,,True,False
1738,280,0.016386887081812478858509704067404897826001859198187917111323,-0.121388112918187521141490295932595102173998140801812082888677,0.179096721770453119714627426016851224456500464799546979277831,0.00796538385859029779422290552406881173988888836259768838866781,1.31524712989168880515186795226796034333405348563418778867781,False,,,True,True
1739,124,0.0243522709404027766527326095914737095658907475607856054999909,-0.113422729059597223347267390408526290434109252439214394500009,0.0835880677351006941631831523978684273914726868901964013749977,-0.0194152367460562329659207526210058738058165306636616263962793,0.407096583249684962027891472064235100023269556896673199611003,False,,,True,False
1740,380,0.00493703419434654368681185697046783576007421689712397910371152,-0.132837965805653456313188143029532164239925783102876020896288,0.238734258548586635921702964242616958940018554224280994775928,0.0422240636010756513839509134205535790408602058482518575875839,6.81498935825918826300545666976394481687460808017985076573568,False,,,False,True
1741,216,0.0471610977954221950707627703910214148009344227453758366912955,-0.0906139022045778049292372296089785851990655772546241633087045,0.146790274448855548767690692597755353700233605686343959172824,-0.0183371734068644507713503868116141346308404682183018663749372,0.647552822121793896196574928786097683626087673461215516024077,False,,,True,False
1742,91,0.0288239243885577442994123835794072801700939545270739703163583,-0.108951075611442255700587616420592719829906045472926029683642,0.0640809810971394360748530958948518200425234886317684925790896,-0.00737913052741491685747072340507328782736291062794110368237144,0.601672064894112197290342446659438041633305447979158269372993,False,,,True,False
1743,317,0.0214447938611428274419416601743339923427310438991328666339869,-0.116330206138857172558058339825666007657268956100867133366013,0.203486198465285706860485415043583498085682760974783216658497,0.0124670980001869621194051667687260152215530599805068489355535,1.33924964732449765332826909988616494925212732494621350280067,False,,,True,True
1744,165,0.0339118918613297895613468269430600075642841038796397155695403,-0.10386310813867021043865317305693999243571589612036028443046,0.111602972965332447390336706735765001891071025969909928892385,-0.0182332941147176391927792111514266770376493468510471089108471,0.584224351634258130891940350789561678938333171560870226317903,False,,,True,False
1745,259,0.0156785977466121503685676157916333305266347570285926066586932,-0.122096402253387849631432384208366669473365242971407393341307,0.165794649436653037592141903947908332631658689257148151664673,-0.0015550387585098897528249388587141322585210310507548008702366,0.9341276166587427141910469224519866584875776549670726542427,False,,,True,False
1746,62,0.0141235589881022606157426769329191982681137259778378057884566,-0.123651441011897739384257323067080801731886274022162194211543,0.0422808897470255651539356692332297995670284314944594514471141,-0.00593408082480566456152267387507612756442978782719517557782291,0.450046936097411032152693670629519506020918015142464866652128,False,,,True,False
1747,348,0.00818947816329659605422000305784307070368393815064263021063369,-0.129585521836703403945779996942156929296316061849357369789366,0.219547369540824149013555000764460767675920984537660657552658,0.0248736920904088692964043114889944036857162052854879230667829,1.92219612140170774318653398293019476328334958338870018962809,False,,,False,True
1748,185,0.0330631702537054653506243145468374743894001434361305532774165,-0.104711829746294534649375685453162525610599856563869446722583,0.123890792563426366337656078636709368597350035859032638319354,-0.0223940837192155861987222433044879237564109280012477090236383,0.54956019935096695921456203555092999769192393944081697558571,False,,,True,False
1749,289,0.0106690865344898791519020712423495506329892154348828442537783,-0.127105913465510120848097928757650449367010784565117155746222,0.183292271633622469787975517810587387658247303858720711063445,0.0154379069935685598842406947540654685125735614140492256579224,1.73159274376790176603068795938220949181305097239716822002754,False,,,True,True
1750,116,0.0261069935280584390361427659964150191455627768489320699117007,-0.111668006471941560963857234003584980854437223151067930088299,0.0790267483820146097590356914991037547863906942122330174779252,-0.0238312531395810104697081698509659457899984699058361165007646,0.404680814539759613974848349546663328323551474435844471919042,False,,,True,False
1751,390,0.0022757403884774285664345961454490733555643069430959534109361,-0.135499259611522571433565403854550926644435693056904046589064,0.244318935097119357141608649036362268338891076735773988352734,0.0525597948134321257675896559810665799871204782838782443422796,13.142514925449892485817415389817437984708661011004710319334,False,,,False,True
1752,223,0.0548355352019095543340242521265156533426847852269741977532157,-0.0829394647980904456659757478734843466573152147730258022467843,0.153083883800477388583506063031628913335671196306743549438304,-0.0185828375102393495267073229076633476317925649022434938226878,0.657968824749753805244519256158350802852210393331066276952832,False,,,True,False
1753,146,0.0362526976916702048073169292188523057108922203247307039305279,-0.101522302308329795192683070781147694289107779675269296069472,0.100313174422917551201829232304713076427723055081182675982632,-0.0148712599550607325365105104584698643193039145338438875733821,0.552191042479741112676820832335314413642387698269908446403293,False,,,True,False
1754,326,0.0213814377366094722708064187603824413915883057908868163571458,-0.116393562263390527729193581239617558608411694209113183642854,0.209095359434152368067701604690095610347897076447721704089286,0.0141895262080138852346009600266597628541843587111692677589229,1.4830148740013681682972618627880533259207728304344710542324,False,,,True,True
1755,199,0.0355709639446233575054073787870422042457726645020560841160687,-0.102204036055376642494592621212957795754227335497943915883931,0.133267740986155839376351844696760551061443166125514021029017,-0.0134211112470766345533810034349328917346731062687283362284375,0.630423979765129908132555141423933247616416167649184247724044,False,,,True,False
1756,81,0.0221498526975467229520263753521093125110995582333277478876312,-0.115625147302453277047973624647890687488900441766672252112369,0.0561624631743866807380065938380273281277748895583319369719078,-0.00984034150294293393368508251184384074854032691935941360863024,0.551446716719285413624830950324656286328421843482716727135727,False,,,True,False
1757,275,0.012309511194603789018341292840265471762559231313968334279001,-0.125465488805396210981658707159734528237440768686031665720999,0.17495237779865094725458532321006636794063980782849208356975,-0.00284352243708657684275060092540699252664497073099415593246012,0.868080350135407888032340032439552276829093289655732623565913,False,,,True,False
1758,361,0.00946598875751721217559069191485847923591426058297417834654087,-0.128309011242482787824409308085141520764085739417025821653459,0.227991497189379303043897672978714619808978565145743544586635,0.0397971411452963750765626436570259039448060811096898094515503,4.296754829239711375959464471972393096286442997946786219737,False,,,False,True
1759,161,0.0492631299028135872521533355718843831807203416926639877980912,-0.0885118700971864127478466644281156168192796583073360122019088,0.112940782475703396813038333892971095795180085423165996949523,-0.0249794459453397842541780825751690993346552271499588694236814,0.518393186391075044477873681421964950205361625227477590423633,False,,,True,False
1760,246,0.0242836839574738029979752529967152838460651145427051183744098,-0.11349131604252619700202474700328471615393488545729488162559,0.159820920989368450749493813249178820961516278635676279593602,-0.00319544431828287932492324700136320510112694661733097159096785,0.903695175586286286431024394353787436176135069905540534798813,False,,,True,False
1761,99,0.0210882396391909236730520059953520787449381679253741467834419,-0.116686760360809076326947994004647921255061832074625853216558,0.0671470599097977309182630014988380196862345419813435366958605,-0.0132142138236017172973142961616934829382552419878806831368297,0.459571870115646106459138454739931107550381204493070427876127,False,,,True,False
1762,338,0.00787402581558920637573770983365859580668292593749346364661228,-0.129900974184410793624262290166341404193317074062506536353388,0.213218506453897301593934427458414648951670731484373365911653,0.0201217633589319783526953006820269509076227393661488229045439,1.66994528681009268714572938256717157736818021208751673328496,False,,,False,True
1763,188,0.0279957891745211847284330105156855467143056653036422865511562,-0.109779210825478815271566989484314453285694334696357713448844,0.124498947293630296182108252628921386678576416325910571637789,-0.0170568724086384899596510704620084622453103621666407868494373,0.56081740702805133790908671426303058868221699998794925361657,False,,,True,False
1764,55,0.0109389167658826947687819400536770844689953031370014997017189,-0.126836083234117305231218059946322915531004696862998500298281,0.0371097291914706736921954850134192711172488257842503749254297,-0.00417156229821367547558326703001360387755276117239906809746163,0.624958026760921787496560033606061476427859907601655131419695,False,,,True,False
1765,301,0.00676735446766901929319867302366348059144254196460243160425727,-0.131007645532330980706801326976336519408557458035397568395743,0.189816838616917254823299668255915870147860635491150607901064,0.00671070040847917382015129222274833408549682856562237232182332,1.19178838845490181241849119216331335645117261970941568511431,False,,,True,True
1766,132,0.0134780548761481931133499652464118146769393705302248039260806,-0.124296945123851806886650034753588185323060629469775196073919,0.0858695137190370482783374913116029536692348426325562009815201,-0.0112738279997704264129423219024052663964916403054614064093685,0.508824277975842182916926435285449675861328428178632215538906,False,,,True,False
1767,377,0.00220422687637776670040764334400654828044773022476339751671211,-0.135570773123622233299592356655993451719552269775236602483288,0.236176056719094441675101910836001637070111932556190849379178,0.0423781221755704025532507408723479056209909586733887932301343,3.75662448054611788321534580104856111932937873438153325228418,False,,,False,True
1768,227,0.0445823490519481692536583842163544539014386888981521907468464,-0.0931926509480518307463416157836455460985613111018478092531536,0.153020587262987042313414596054088613475359672224538047686712,-0.0192238026692274024192264831305033282599502336105116126080464,0.650917642674707514785406137753223743727216176291622313626343,False,,,True,False
1769,110,0.0253585463827207668344319010858511256414884552876405781387999,-0.1124164536172792331655680989141488743585115447123594218612,0.0750896365956801917086079752714627814103721138219101445347,-0.0112085616321815547507421266294258624038569699728453680970798,0.586715527340510010670131329558260732552762494162660745936556,False,,,True,False
1770,283,0.0141499847505392120836897744564252632376314853147952100417202,-0.12362501524946078791631022554357473676236851468520478995828,0.18041249618763480302092244361410631580940787132869880251043,0.0000931552862139909900278003970080615672449003926305539185979267,1.00211739906454178201118676274334552280679873626056718061335,False,,,True,True
1771,170,0.0142431400367532030737175748534333248048763857074257639603181,-0.123531859963246796926282425146566675195123614292574236039682,0.10981078500918830076842939371335833120121909642685644099008,-0.0107179943571661219676920971421303992266619883442845406121825,0.55585733204818913589574020272419841079786241931374569646963,False,,,True,False
1772,32,0.0035251456795870811060254777113029255782143973631412233481356,-0.134249854320412918893974522288697074421785602636858776651864,0.0208812864198967702765063694278257313945535993407853058370339,-0.00101025390412402463382848073851790368347444048245055946771185,0.677795874381891233761605458316931132708505682956085249733067,False,,,True,False
1773,354,0.00251489177546305647219699697278502189473995688069066388042375,-0.135260108224536943527803003027214978105260043119309336119576,0.221878722943865764118049249243196255473684989220172665970106,0.0240393133334220865016590279218471548258785084367441751990219,1.79102101287278106182760996014202354922227051526198096171646,False,,,False,True
1774,210,0.0265542051088851429738560248946321767206184653174348390794456,-0.111220794891114857026143975105367823279381534682565160920554,0.137888551277221285743464006223658044180154616329358709769861,-0.01318767073643857556787541570378290302086311343968172675568,0.649832758113473068980048140665210815502799644374216478188792,False,,,True,False
1775,85,0.0133665343724465674059806091908492736997553518777531123237656,-0.124408465627553432594019390809150726300244648122246887676234,0.0564666335931116418514951522977123184249388379694382780809414,-0.00830775174400384126325159865647291410265828269261838869155748,0.537270384589056563587563601032442976133621763712532128955949,False,,,True,False
1776,314,0.00505878262844272614272901053437635959709706918513472363220814,-0.132716217371557273857270989465623640402902930814865276367792,0.197514695657110681535682252633594089899274267296283680908052,0.0104403126427606791795306710616606030697360623035860916531716,1.29718142899984221076462442283754182749646745122916035526045,False,,,True,True
1777,147,0.0154990952712034053222596815960369626668331314887208152853797,-0.12227590472879659467774031840396303733316686851127918471462,0.0957497738178008513305649203990092406667082828721802038213449,-0.0141989044094634348121380099303589889768315139844044634803876,0.574851878849000808309012130648000488795731785729539317437632,False,,,True,False
1778,397,0.00130019086173997051012167166567797369000161750431635180499211,-0.136474809138260029489878328334322026309998382495683648195008,0.248450047715434992627530417916419493422500404376079087951248,0.054899645742099011269471059706061164868966353421550208382218,19.9939301923681141468110035840539983005272917224377485632563,False,,,False,True
1779,243,0.0561998366038389817795927313717391385589679709258665601872101,-0.0815751633961610182204072686282608614410320290741334398127899,0.165924959150959745444898182842934784639741992731466640046803,-0.0162937812783066457122870412688752111559746195436041938145757,0.716002226108430629003576285016103491040342674409949211710846,False,,,True,False
1780,180,0.0399060553255323360673056901028639274029933513822623663726344,-0.0978689446744676639326943098971360725970066486177376336273656,0.122476513831383084016826422525715981850748337845565591593159,-0.0165844709092152989715141569360608681285159258356814552719672,0.599558054457410567795311488599535564418069482161107342901163,False,,,True,False
1781,294,0.0233215844163170370957915331668030592744774255465809111006672,-0.114453415583682962904208466833196940725522574453419088899333,0.189580396104079259273947883291700764818619356386645227775167,0.0114882876299022885808246847529376051975094687305354191874242,1.46969858894740697219010775071688975390828530293710293150478,False,,,True,True
1782,106,0.0348098720462193256766162179197406644719868942771163302880915,-0.102965127953780674323383782080259335528013105722883669711909,0.0749524680115548314191540544799351661179967235692790825720229,-0.0211809607556117491711943134160945478888804567429168189300671,0.401815339318734865401531985514961613174746214010642014628531,False,,,True,False
1783,341,0.0136289112906075765054219045036461165831064375341995113580243,-0.124146088709392423494578095496353883416893562465800488641976,0.216532227822651894126355476125911529145776609383549877839506,0.0268487009453003947650038055273322017627849523956387953156474,1.98422806323453988271034567593272065125792993181687017311655,False,,,False,True
1784,202,0.0404776122359079712704257100309783183458913899298383066736718,-0.0972973877640920287295742899690216816541086100701616933263282,0.136369403058976992817606427507744579586472847482459576668418,-0.0195592357695622327697883194229633896420226767917506723311845,0.593557625915588775616761604050311312172395773407702067602728,False,,,True,False
1785,75,0.0209183764663457385006373906080149287038687131380876343424873,-0.116856623533654261499362609391985071296131286861912365657513,0.0521045941165864346251593476520037321759671782845219085856218,-0.00888093469683261770686842542202650712657738728568712363221291,0.565813781951977889320906151039699860771445098850779163781458,False,,,True,False
1786,268,0.0120374417695131207937689651859884215772913258524005107102744,-0.125737558230486879206231034814011578422708674147599489289726,0.170509360442378280198442241296497105394322831463100127677569,-0.0031827235608954637343954415017568447432243820156954352787316,0.923506080875319639247643399979334213994949433212170046740723,False,,,True,False
1787,137,0.00885471820861765705937352368423157683406694383670507543154277,-0.128920281791382342940626476315768423165933056163294924568457,0.0878386795521544142648433809210578942085167359591762688578857,-0.0018374065248749885943148295647449001388294168298274122527674,0.767790349477289455011525467803610370467572410573203952450341,False,,,True,False
1788,371,0.00701731168374266846505869411948667669523752700687766317877537,-0.130757688316257331534941305880513323304762472993122336821225,0.233629327920935667116264673529871669173809381751719415794694,0.0283538966786720992857862820216698164527716122494636153725236,1.98033004260478860122750097227806154412089087401748420317324,False,,,False,True
1789,224,0.0353712083624147677508449761411564931480091392563412785512989,-0.102403791637585232249155023858843506851990860743658721448701,0.148842802090603691937711244035289123287002284814085319637825,-0.014558165725362483404947543691702889613363006537032147409508,0.682392387829904822280758159377731235130569516340487640435362,False,,,True,False
1790,97,0.020813042637052284345897432449453603534646132719309131141791,-0.116961957362947715654102567550546396465353867280690868858209,0.0658282606592630710864743581123634008836615331798272827854477,-0.00631844280367715364839511449727294295992029315570205738429363,0.624677409657528667054918933876887720019096364126829986561063,False,,,True,False
1791,321,0.0144945998333751306975023179521806605747258395636070737574973,-0.123280400166624869302497682047819339425274160436392926242503,0.204248649958343782674375579488045165143681459890901768439374,0.0129327526340522011851364794890176028416187383241978468718749,1.35122983760697050303362797574785892725152859761178596284879,False,,,True,True
1792,169,0.0274273524674273318826387974411982634163445778878049206293722,-0.110347647532572668117361202558801736583655422112195079370628,0.112481838116856832970659699360299565854086144471951230157343,-0.0199856635739240412302196871195326273578337075606788653718424,0.55305204153640427876682497552246034970989641918427413874393,False,,,True,False
1793,280,0.00744168889350329065241911032166563605851087032712605525752984,-0.13033331110649670934758088967833436394148912967287394474247,0.176860422223375822663104777580416409014627717581781513814382,0.00803564748569029114925852739215115588402095912022006460781737,1.60141289215435893410347049126267960102886932165960627777448,False,,,True,True
1794,65,0.0154773363791935818016776377138167919425318294473461198653472,-0.122297663620806418198322362286183208057468170552653880134653,0.0444943340947983954504194094284541979856329573618365299663368,-0.01115658022550526771846205761162755330692969125204861772155,0.339043299545687137790597876140759424081196752934368469705895,False,,,True,False
1795,385,0.00432075615368831408321558010218923863560213819529750214379727,-0.133454243846311685916784419897810761364397861804702497856203,0.241705189038422078520803895025547309658900534548824375535949,0.0473136261806944428771231044521275881157670638572909692876327,4.61744900166268696111356566193299037685988869785338625358661,False,,,False,True
1796,196,0.0516343823343827569603386845543168267513692020525884714314299,-0.0861406176656172430396613154456831732486307979474115285685701,0.135408595583595689240084671138579206687842300513147117857857,-0.0238823112938987086504746420073313021411598331667975218097766,0.570639811562265480009041553861980595980679095991119252419221,False,,,True,False
1797,252,0.0277520710404840483098640425469855246102093688857909496216533,-0.110022928959515951690135957453014475389790631114209050378347,0.164438017760121012077466010636746381152552342221447737405413,0.000228420651528495262277714765269045081173199240985480159324105,1.0066588024984012102304427251099949345615066765726723061114,False,,,True,True
1798,120,0.0279804916920125435721417573122545696913825681267764297809774,-0.109794508307987456427858242687745430308617431873223570219023,0.0819951229230031358930354393280636424228456420316941074452443,-0.013519160690116941034341246689996136380629104802787074549396,0.46730199414138923620089091052622778311550899598609989826489,False,,,True,False
1799,334,0.0144613310018956025378005106222584333107534633239893552315814,-0.123313668998104397462199489377741566689246536676010644768419,0.212365332750473900634450127655564608327688365830997338807895,0.0160992964422561834294967622505523774176666987409948223060969,1.46762691730844411664786818990829502698774742594023110686226,False,,,True,True
1800,158,0.0305606274441517859672972728728108107284201620649841775376784,-0.107214372555848214032702727127189189271579837935015822462322,0.10639015686103794649182431821820270268210504051624604438442,-0.0184828593674930840006682604898231571038289374010499914065342,0.530071499822235084824686810007905865884076896579459920239996,False,,,True,False
1801,300,0.0120777680766587019666290123829876536245912246639341861311442,-0.125697231923341298033370987617012346375408775336065813868856,0.190519442019164675491657253095746913406147806165983546532786,0.0115624959241437636976048678517773819585823228006293648025849,1.61228005639020818444642264380985572261509670536381478663354,False,,,True,True
1802,87,0.0236402640008024656642338802347650355831735474645635509337291,-0.114134735999197534335766119765234964416826452535436449066271,0.0602850660002006164160584700586912588957933868661408877334323,-0.0167209857172927314621292595619591989445008097658389426694562,0.468621854961689795002166811312161307029826465235803006703686,False,,,True,False
1803,230,0.00691927828350973420210462067280583663867273769872460826427285,-0.130855721716490265797895379327194163361327262301275391735727,0.145479819570877433550526155168201459159668184424681152066068,-0.00148995977504866382262865967672060397296674904122171045597566,0.889404530605366435205921681255116797074289316103148722497747,False,,,True,False
1804,364,0.00542931850846107037947596099608523266570598865750289780829719,-0.132345681491538929620524039003914767334294011342497102191703,0.228857329627115267594868990249021308166426497164375724452074,0.0336459877821370391746211291955982562862690347598263049617219,3.50616342919912799174403602565321963232093990608265057434069,False,,,False,True
1805,176,0.0390753062905981095540970901916834889519750234173292027700191,-0.0986996937094018904459029098083165110480249765826707972299809,0.119768826572649527388524272547920872237993755854332300692505,-0.02421417109459634054677504997493933565340522897908953573541,0.512050846194611341494044878454912734824105339712465311277987,False,,,True,False
1806,67,0.0148611351960017690073220402167441532985697944382396670346091,-0.122913864803998230992677959783255846701430205561760332965391,0.0455902837990004422518305100541860383246424486095599167586523,-0.00593018114663421640985257429203284634832765606173360694270232,0.623926485392191056625679266747469379970463833689038820740068,False,,,True,False
1807,275,0.00893095404936755259746946592471130695024213837650606009190683,-0.128844045950632447402530534075288693049757861623493939908093,0.174107738512341888149367366481177826737560534594126515022977,-0.00181780723426493461203796128587499385844987643445851470103997,0.954394355599005638095636105149489475890372163543314393438291,False,,,True,False
1808,129,0.00711314681510261798543150463883631309179226194204754539086686,-0.130661853184897382014568495361163686908207738057952454609133,0.0824032867037756544963578761597090782729480654855118863477167,-0.00501824206009608303581424026209322864102608598012371792451748,0.643456461999075623460652909068011004548244678588044897490831,False,,,True,False
1809,391,0.00209490475500653494961726437674308445076617596192382746634938,-0.135680095244993465050382735623256915549233824038076172533651,0.244898726188751633737404316094185771112691543990480956866587,0.0439825447238183481592756983492166377375165509673943361162195,5.47846935470421613161432972792164445240653535033715395571244,False,,,False,True
1810,214,0.0460774494788248831088929627259597221882827269293181635825689,-0.0916975505211751168911070372740402778117172730706818364174311,0.145269362369706220777223240681489930547070681732329540895642,-0.0180191719032242497504731731023116960123690116164004860489976,0.599330264581607646140491671823936519602941213487944260810316,False,,,True,False
1811,311,0.0280582775756006333584197896236480261759137153129176775335713,-0.109716722424399366641580210376351973824086284687082322466429,0.201389569393900158339604947405912006543978428828229419383393,0.0167943711191100592035817205371117380500951015729605234853144,1.59911466061352446681750119267905473099832232745129101220676,False,,,True,True
1812,148,0.0448526486947106925620015101607597642260088168858782010188857,-0.0929223513052893074379984898392402357739911831141217989811143,0.103713162173677673140500377540189941056502204221469550254721,-0.0252649746211543682219179122126047025834052229585792652176647,0.490214229428244093874213128391054186911249765540188989010039,False,,,True,False
1813,256,0.019587674073556324340083597948155061642603593927298935801221,-0.118187325926443675659916402051844938357396406072701064198779,0.164896918518389081085020899487038765410650898481824733950305,0.0014562959894036960406215365993412792390191256540700036673916,1.05702148777842269788107241394750808611967765304878103140094,False,,,True,True
1814,83,0.0210439700629600203807051345474963408816227195813689394686126,-0.116731029937039979619294865452503659118377280418631060531387,0.0571359925157400050951762836368740852204056798953422348671532,-0.00765686256791237783508750826878575191840131082637236447869409,0.459920407038774339279225667776041414294232267646241708328769,False,,,True,False
1815,349,0.0133871074950476425456176262787105889632214087549965749899185,-0.124387892504952357454382373721289411036778591245003425010081,0.22147177687376191063640440656967764724080535218874914374748,0.0240762796503580548185904534781586349310819283402109602933926,1.77391383343244878897878584302894519176697071753792923318852,False,,,False,True
1816,189,0.0374633871454056973642080797568692238943033370952075352833112,-0.100311612854594302635791920243130776105696662904792464716689,0.127490846786351424341052019939217305973575834273801883820828,-0.0237245390054776653811905851743610738599077555179712529924291,0.533343422929060464248251788764098677931386190013190005123303,False,,,True,False
1817,290,0.013738848139928031983017494582508150034395581577236282290882,-0.124036151860071968016982505417491849965604418422763717709118,0.184684712034982007995754373645627037508598895394309070572721,0.0147793451402086484981415438741194261811587335304283141703342,1.67627884586847141624406633103470082982245081769466114139346,False,,,True,True
1818,114,0.0285181932801366804811590384566275762155543151076645964612162,-0.109256806719863319518840961543372423784445684892335403538784,0.0783795483200341701202897596141568940538885787769161491153041,-0.0227301341111795214296132645744242267203815925182095665163467,0.408136603116963019150011687424520012019178829272391642502823,False,,,True,False
1819,374,0.00578805916895715905154577388220334949517272258945502994486956,-0.13198694083104284094845422611779665050482727741054497005513,0.235197014792239289762886443470550837373793180647363757486217,0.0443558835136045207951994045786083884652799132333882884111113,4.67627041260515651557198663600391375918514938187897425392257,False,,,False,True
1820,220,0.0501439426825616798467451784608117379604526358228433183559808,-0.0876310573174383201532548215391882620395473641771566816440192,0.150035985670640419961686294615202934490113158955710829588995,-0.0185220223877828693783242956455978259209793121715552092541725,0.657791874240702820576997182610092729723879471153137827461492,False,,,True,False
1821,142,0.0316219202947788104684208828152139120394733236512881091018083,-0.106153079705221189531579117184786087960526676348711890898192,0.0966554800736947026171052207038034780098683309128220272754521,-0.0142118550135586722867813022356731737653897166897356531718178,0.53683738717673448590010208598356367562828709268682880277092,False,,,True,False
1822,325,0.0174100652812201381816395805795407382740836069615524559299906,-0.120364934718779861818360419420459261725916393038447544070009,0.207477516320305034545409895144885184568520901740388113982498,0.0142028609340261834437025580285055863345036715674579423947225,1.56010228429725954927641704617369451818523792952115341581425,False,,,True,True
1823,178,0.031612926215246321625342138608046324608587278529010398324713,-0.106162073784753678374657861391953675391412721470989601675287,0.119153231553811580406335534652011581152146819632252599581178,-0.0160937179121350845041410822312925855252686341668385036714221,0.606870434391534554153893624516306466404739340766774126618259,False,,,True,False
1824,65,0.0155192083031112371212010563767537390833186443621718946532909,-0.122255791696888762878798943623246260916681355637828105346709,0.0445048020757778092803002640941884347708296610905429736633227,-0.0060080693690280174467019192154785167134163276652442025276424,0.619062645567938014069448363214194630380816472644610700375403,False,,,True,False
1825,271,0.0095111389340832196744991371612752223699023166969276921256485,-0.128263861065916780325500862838724777630097683303072307874351,0.171752784733520804918624784290318805592475579174231923031412,-0.00522883982037474203927225989774622341779539094844297246200302,0.826789588705022662046908274889319888062630372419429124089254,False,,,True,False
1826,357,0.00428229911370847763522687726352899895210692574848471966364548,-0.133492700886291522364773122736471001047893074251515280336355,0.224195574778427119408806719315882249738026731437121179915911,0.0371074746965917964566809796143525063361139947775982761011153,4.84670768386746061342473339448070370941967942491851724240869,False,,,False,True
1827,156,0.0413897738103002740919078568778815052882209205260829957647608,-0.0963852261896997259080921431221184947117790794739170042352392,0.10784744345257506852297696421947037632205523013152074894119,-0.0220826511833794327400040777931215541017908129157133222200265,0.539984043002966952472994881522562786373757336871961639842903,False,,,True,False
1828,241,0.0193071226269208413519037790847599511864301076103696735447342,-0.118467877373079158648096220915240048813569892389630326455266,0.155451780656730210337975944771189987796607526902592418386184,-0.00358844609561123200328197647840293675449239287311286774378505,0.883278135326389368691443106110776843638884311439910660733966,False,,,True,False
1829,88,0.0157186765313096093486218026063570144319377147372568058009492,-0.122056323468690390651378197393642985568062285262743194199051,0.0589296691328274023371554506515892536079844286843142014502373,-0.0140695568186171960619862897822462169566268057054308589695154,0.423462913582939183232423481801510546903775174641488865975609,False,,,True,False
1830,336,0.00164911971269241328663551282411079747531090903182594683143377,-0.136125880287307586713364487175889202524689090968174053168566,0.210412279928173103321658878206027699368827727257956486707858,0.0214111992935356299318834715303916098797212285263240844841451,2.2738382691027140354189262637412235114246453752672731411373,False,,,False,True
1831,198,0.0230603190062280432185189843545024073550321375581500313155789,-0.114714680993771956781481015645497592644967862441849968684421,0.129515079751557010804629746088625601838758034389537507828895,-0.0145615797917903485268841528856033190146195441325957838126897,0.611741414742126997421249674477842265180070232935865786716148,False,,,True,False
1832,49,0.00849873921443769469163483146889908834041259342555424750288916,-0.129276260785562305308365168531100911659587406574445752497111,0.0327496848036094236729087078672247720851031483563885618757223,-0.00740359679699596358190900275324353363610601490968039290431692,0.424070927398247043150040500904970138018337774209226329272113,False,,,True,False
1833,396,0.00109514241744173110972582871565555470430657851587385459857224,-0.136679857582558268890274171284344445295693421484126145401428,0.247773785604360432777431457178913888676076644628968463649643,0.0504815206732417599837919071107353328102586118466519155029154,17.1077808656579675996425902192382132940657958765038244437985,False,,,False,True
1834,253,0.0515766630906834910935177358263908875145651903625257701014876,-0.0861983369093165089064822641736091124854348096374742298985124,0.171019165772670872773379433956597721878641297590631442525372,-0.0050709374800007098134750808037264387393116390470948749959811,0.884302217413144834604115073481731323834167078857465357989305,False,,,True,False
1835,138,0.0465057256106827812800426550226644487752535513154308951055065,-0.0912692743893172187199573449773355512247464486845691048944935,0.0978764314026706953200106637556661121938133878288577237763766,-0.0185729805683524254957199562991880214778976825303235459414369,0.502046777069510219554763340766664451289793842959804682034182,False,,,True,False
1836,301,0.0279327450423303557843226987234764272973558687851073491640696,-0.10984225495766964421567730127652357270264413121489265083593,0.195108186260582588946080674680869106824338967196276837291017,0.00579509694295028167276364345381631776497889835523978115038916,1.13742512782255300669186021934631219428442959425167801378103,False,,,True,True
1837,175,0.0337278419852806374570863421772927450623347671403471303144587,-0.104047158014719362542913657822707254937665232859652869685541,0.117806960496320159364271585544323186265583691785086782578615,-0.0205856308214190822899946384907949298358047967805049065976626,0.526223813029025645656151587176848469081810293072897543150539,False,,,True,False
1838,76,0.0131422111638615551670917036864978152265299703598422237167962,-0.124632788836138444832908296313502184773470029640157776283204,0.050785552790965388791772925921624453806632492589960555929199,-0.00241128597293809019726452049202049446629068812220086648771839,0.71760215219479122293959553387064165149455293893119179738848,False,,,True,False
1839,345,0.0107309251909234649698271831944773207602392822376413572290778,-0.127044074809076535030172816805522679239760717762358642770922,0.218307731297730866242456795798619330190059820559410339307269,0.0235726868092625895368620494498050665648735805562815932906427,1.7820713081796627905771301865918542589285378716145293721006,False,,,False,True
1840,224,0.0343036120001860545066892326442823873251128627939229505197205,-0.103471387999813945493310767355717612674887137206077049480279,0.14857590300004651362667230816107059683127821569848073762993,-0.0154763825102137730255911760281482133068013322093387362175939,0.66741679795826809627328659218391337870168267769091518521599,False,,,True,False
1841,115,0.0188272294899722814810980566161341740183115305845842143021266,-0.118947770510027718518901943383865825981688469415415785697873,0.0765818073724930703702745141540335435045778826461460535755317,-0.0102358283106753338093459680116429871252536055922824827892976,0.602977564984647725916121698131455325459267585768084420543049,False,,,True,False
1842,313,0.008591401179296947671752088604491186893057924992301731512829,-0.129183598820703052328247911395508813106942075007698268487171,0.197772850294824236917938022151122796723264481248075432878207,0.00830891620162226589747273852419898418952075916121359406833553,1.20790022320865762041392093753860620994117409862792395545624,False,,,True,True
1843,188,0.0169003173809192135692248271286901710825786841535153255811645,-0.120874682619080786430775172871309828917421315846484674418835,0.121725079345229803392306206782172542770644671038378831395291,-0.0104785695868178612588479015088660256948452716097296193834946,0.607382365935687479134046108869348787686137767318421507668658,False,,,True,False
1844,43,0.00642174779410135231037692561982414538773341254378570619766996,-0.13135325220589864768962307438017585461226658745621429380233,0.0284804369485253380775942314049560363469333531359464265494175,-0.00025648685214731538957062990653942528373968529639897518131595,0.83399431668024825427815919635711448102399511400318662819858,False,,,True,False
1845,381,0.00616526094195403692080629571328472010399372724738673101635401,-0.131609739058045963079193704286715279896006272752613268983646,0.239666315235488509230201573928321180025998431811846682754089,0.0377587935364259323558841625415662856842122238952059301436639,3.35645771813977474182585585748714800289915463017732006513548,False,,,False,True
1846,260,0.0439240544783799692766904582548510057882059511425926611600179,-0.0938509455216200307233095417451489942117940488574073388399821,0.173481013619594992319172614563712751447051487785648165290004,-0.00309117496149861057150025242532631788515225904525262557609545,0.928706176622009614114571344554286490579029147323250713455059,False,,,True,False
1847,146,0.0408328795168813587051902058295246879030536920973400355839225,-0.0969421204831186412948097941704753120969463079026599644160775,0.101458219879220339676297551457381171975763423024335008895981,-0.0238387768333255538037954957333221927766566933806000492503274,0.466664405102053474915215477011262371465484324988670980081837,False,,,True,False
1848,287,0.016994102683555804901394710096202495126396998716739986333595,-0.120780897316444195098605289903797504873603001283260013666405,0.183623525670888951225348677524050623781599249679184996583399,0.00763662771046314811534270475063187876335340361779993406290261,1.30249882133586667788782962671549191737609792206461288000486,False,,,True,True
1849,97,0.0246307303940189530167374148468343738897504023345399203964976,-0.113144269605981046983262585153165626110249597665460079603502,0.0667826825985047382541843537117085934724376005836349800991244,-0.0158548878704994174279288580674079206775065232616511050618671,0.445754079169286384654733644312261112242838602268239183755232,False,,,True,False
1850,362,0.00877584252351953558880855677942645321224387907288881533463058,-0.128999157476480464411191443220573546787756120927111184665369,0.228443960630879883897202139194856613303060969768222203833658,0.0398576734318355680934620500003390126811966479827247700036381,3.31985142544602766817635853903198295193408242542287457700872,False,,,False,True
1851,206,0.0486335159553551036822706067797654658934405270556135853382687,-0.0891414840446448963177293932202345341065594729443864146617313,0.140908378988838775920567651694941366473360131763903396334567,-0.0257172504991579210751054839250410806505362836783103186235151,0.565909107743824660083717454285158112690847777485822799497124,False,,,True,False
1852,129,0.0229162654561971826071651228547243852429042433773032667147535,-0.114858734543802817392834877145275614757095756622696733285246,0.0863540663640492956517912807136810963107260608443258166786884,-0.00920782084512208087754776951296280706966397402024036389034398,0.61325383812195871345473873593679407155030626389380772174506,False,,,True,False
1853,321,0.0137084446110751017296173533417615781732402693570629028244096,-0.12406655538892489827038264665823842182675973064293709717559,0.204052111152768775432404338335440394543310067339265725706102,0.0135938882710947299887890211724848341915747398585074980374221,1.37876748035674898815267869325855367123000691309722744632028,False,,,True,True
1854,234,0.0273023328821698317184063745142464123648150092155704008618316,-0.110472667117830168281593625485753587635184990784429599138168,0.153075583220542457929601593628561603091203752303892600215458,-0.00667838748647197912280446021976547014541100333666070926891817,0.78735519668695357547341972614353773606924647316957511904355,False,,,True,False
1855,77,0.0206239453956978525956019142944809422194040058789096915929135,-0.117151054604302147404398085705519057780595994121090308407087,0.0532809863489244631489004785736202355548510014697274228982284,-0.0175567753194760863319570244565518998957426765168594185340347,0.363029651246868029770668569820150284164725648682071561258832,False,,,True,False
1856,376,0.00306717007622176626364488983792904232366132936205027305887873,-0.134707829923778233736355110162070957676338670637949726941121,0.23576679251905544156591122245948226058091533234051256826472,0.046967151857303425386762811275141852035622784802695928902031,5.30312811956652577986233838973795957318918629537679344815222,False,,,False,True
1857,178,0.0500343219335251916504077011130708943592841141647462019609097,-0.0877406780664748083495922988869291056407158858352537980390903,0.123758580483381297912601925278267723589821028541186550490227,-0.020856538484682496777298356626858729808002565680877457527221,0.56445964392034434761633860895024487056000188834428428726779,False,,,True,False
1858,274,0.0291777834488426948731093444862121645512815484838687444336887,-0.108597216551157305126890655513787835448718451516131255566311,0.178544445862210673718277336121553041137820387120967186108422,-0.000414829148330124011305618163148058090570584429797121751902354,0.988914704171447512917531735019098400099289680539388873768211,False,,,True,False
1859,117,0.0287629543005125708618037263230641064607109640540716226817863,-0.109012045699487429138196273676935893539289035945928377318214,0.0803157385751281427154509315807660266151777410135179056704466,-0.0177547240180969986451866338238687856881915435760417895579879,0.450556349456294414150952832122264096177288053056022536587943,False,,,True,False
1860,332,0.0110082302824155722166170924991953207725194204780298331237984,-0.126766769717584427783382907500804679227480579521970166876202,0.21025205757060389305415427312479883019312985511950745828095,0.0229065978370290555176622585147337089963232275127834799314331,1.77243360909898293941241558171991243593160231331426684645065,False,,,True,True
1861,199,0.0339148281194446277342793510139290297688426479908133130552314,-0.103860171880555372265720648986070970231157352009186686944769,0.132853707029861156933569837753482257442210661997703328263808,-0.0180688177503926193376111143614373895826948070504945319948201,0.573778530466351199194623166382352284069040040474780959437462,False,,,True,False
1862,66,0.0158460103690520083966682366524916401861478409403187810604114,-0.121928989630947991603331763347508359813852159059681218939589,0.0452115025922630020991670591631229100465369602350796952651028,-0.00985232011119153671592833584497603064457549659816738256036566,0.470563967033576811366774296676169218254898082227724838513943,False,,,True,False
1863,296,0.00599369025786047168073990080751560954157234434215139850004571,-0.131781309742139528319260099192484390458427655657848601499954,0.186498422564465117920184975201878902385393086085537849625011,0.0087014600494468506013341562675159284560537893361893916120515,1.25054489172491253412839431189781799954729513349204887846631,False,,,True,True
1864,149,0.0146951503073073222820740570750315379976261336783407901120972,-0.123079849692692677717925942924968462002373866321659209887903,0.0967987875768268305705185142687578844994065334195851975280243,-0.0130274952305202255915933768177809460277484033403684837240474,0.514864044554323540381533688140842568425530544992636294238092,False,,,True,False
1865,388,0.00166765507678709669048068025725059196987773033797230638804978,-0.13610734492321290330951931974274940803012226966202769361195,0.242916913769196774172620170064312647992469432584493076597012,0.0470288047503076040587468213251794331574341383027331739002306,6.16333412200312774728331129426892796135781959251894958701617,False,,,False,True
1866,228,0.0486964598270947007492275015824300251273118686407054802882804,-0.0890785401729052992507724984175699748726881313592945197117196,0.15467411495677367518730687539560750628182796716017637007207,-0.0173308914377630924231520107329000223766600893581898319382266,0.65460473022167143528999141358990790052193789983607660644479,False,,,True,False
1867,108,0.0313655683893316083260754908495300027506517792825156483500538,-0.106409431610668391673924509150469997249348220717484351649946,0.0753413920973329020815188727123825006876629448206289120875134,-0.0135261677870502472430609129603092331390585343234380565615082,0.542295919665758972280463572411576004055268764651793125135168,False,,,True,False
1868,308,0.0178394006022813610830145778892207696115932449590775917885456,-0.119935599397718638916985422110779230388406755040922408211454,0.196959850150570340270753644472305192402898311239769397947136,0.0106157534349668559148267061260430735036603717982375821165847,1.28136927497227593561153393989723462855366722612951104579327,False,,,True,True
1869,174,0.0284551540372482169978412840152638431152536167573151739051302,-0.10931984596275178300215871598473615688474638324268482609487,0.115863788509312054249460321003815960778813404189328793476283,-0.0178714060667149103591754379353009171264004081945770282162847,0.573199520303961734742876973207818709722830755191843224630867,False,,,True,False
1870,351,0.0105837479705333066386658460799629259888532085627381456888456,-0.127191252029466693361334153920037074011146791437261854311154,0.222020936992633326659666461519990731497213302140684536422211,0.0302609864518555981780413971157774335129377872489636626604085,3.28027473199225554353858254791714986937142955085277846375312,False,,,False,True
1871,244,0.0408447344223889048167072431957403595017909958117018083492541,-0.0969302655776110951832927568042596404982090041882981916507459,0.162711183605597226204176810798935089875447748952925452087314,-0.00412430968849213072950539474044457716877206220155455381153459,0.89497963330150383026073465702275383410253578373641533004272,False,,,True,False
1872,125,0.0367204247338967740872018484552957823330189336101472545377195,-0.101054575266103225912798151544704217666981066389852745462281,0.0873051061834741935218004621138239455832547334025368136344299,-0.0270067673971641214236425784657385471222160110058249062955284,0.413779686936132646798360425957036846053645305630299226939711,False,,,True,False
1873,52,0.00971365733673265266355926998955723521080292260432234824219108,-0.128061342663267347336440730010442764789197077395677651757809,0.0349284143341831631658898174973893088027007306510805870605478,-0.00317879317973008655577934656890888423182985196383735171440337,0.696562855352928738299712122779976926809961981794654911087338,False,,,True,False
1874,282,0.00653486415700256610777992342064835097897307064048499652778772,-0.131240135842997433892220076579351649021026929359515003472212,0.177883716039250641526944980855162087744743267660121249131947,-0.000351688792873145878632326870739962763795492834205284863575231,0.992134254922312506678890813797541335820654673562380439292932,False,,,True,False
1875,190,0.00618317536412942022914759654990838821517757780627971166421249,-0.131591824635870579770852403450091611784822422193720288335788,0.120295793841032355057286899137477097053794394451569927916053,-0.00370144096677521801948975871790247854058840610294588457990501,0.707430692672767566476294392610499189907457613102951739462262,False,,,True,False
1876,368,0.00248173439735420220965783783200590967458917170333382708430748,-0.135293265602645797790342162167994090325410828296666172915693,0.230620433599338550552414459458001477418647292925833456771077,0.0316429594150778401378955928067721814772184991215818102358106,3.79002552397698961793323939663540839893560523812816267288157,False,,,False,True
1877,144,0.034124693812432042347553430638778091151807670824915637320118,-0.103650306187567957652446569361221908848192329175084362679882,0.0985311734531080105868883576596945227879519177062289093300295,-0.0199576935690451998764164363106321732738205052669447480517758,0.529521122001694566229214001341747126873479272547240856537688,False,,,True,False
1878,262,0.0141670002433868424711369943281459178779871655579708892683422,-0.123607999756613157528863005671854082122012834442029110731658,0.167291750060846710617784248582036479469496791389492722317086,0.00180712001033769775580397155707147777621346804892702486557751,1.07321506661554042924226865644081150525500236155350674021794,False,,,True,True
1879,80,0.0159741202537245402269409658852173956542006336068979141339197,-0.12180087974627545977305903411478260434579936639310208586608,0.0539935300634311350567352414713043489135501584017244785334799,-0.0113699296678552822019185981505879298781716446979706570359136,0.411423198123654785744281256008921360691637880483480179133794,False,,,True,False
1880,338,0.00460419058586925802502236773462946577602898890892725709800612,-0.133170809414130741974977632265370534223971011091072742901994,0.212401047646467314506255591933657366444007247227231814274502,0.0229784354112236004293897491511359684338709730922800409206541,1.76450093525346745333032105180230646086325775742052945009377,False,,,False,True
1881,207,0.0275826259970928584544121168857654342098999620012072980186602,-0.11019237400290714154558788311423456579010003799879270198134,0.136270656499273214613603029221441358552474990500301824504665,-0.0165236047258827888189571108762259260302387607110873957668383,0.624227269362138863858256873857421413210393710174559600622634,False,,,True,False
1882,105,0.0110590212712100696354550060095395081796612012901199022518219,-0.126715978728789930364544993990460491820338798709880097748178,0.0683897553178025174088637515023848770449153003225299755629555,-0.0102765645654445370998269297154308896781435227614817784729428,0.48787200491292388775835589610057171893520562246980593384477,False,,,True,False
1883,399,0.000782456705765532535628076294108618501517678528638123778879116,-0.136992543294234467464371923705891381498482321471361876221121,0.24957061417644138313390701907352715462537941963215953094472,0.0505470373591536404317529554599152947574373636149661431720583,18.4960329994174435159208116461029816908345622347517087632694,False,,,False,True
1884,235,0.0513294940649191729673810317540239132589550421436042669509374,-0.0864455059350808270326189682459760867410449578563957330490626,0.159707373516229793241845257938505978314738760535901066737734,-0.0146158414320219464327978889439164824372938740719394431388583,0.724578428308993202534469954199290357602343723121786796405705,False,,,True,False
1885,160,0.0367136526328972265345831428101074308216611680716648238120792,-0.101061347367102773465416857189892569178338831928335176187921,0.10917841315822430663364578570252685770541529201791620595302,-0.00851228643127897412952966122032990335770816477881220043783626,0.699430059101956150505237385162700222025449055571067576350958,False,,,True,False
1886,312,0.0282013662016182524050534815897775274639530032928526233742429,-0.109573633798381747594946518410222472536046996707147376625757,0.202050341550404563101263370397444381865988250823213155843561,0.00370949021770402665175741132850469961417674647368879146955177,1.09574266091334124758953691759869628523568010669130186148021,False,,,True,True
1887,121,0.0319108564193222790568108929182822270781297497665414148437947,-0.105864143580677720943189107081717772921870250233458585156205,0.0836027141048305697642027232295705567695324374416353537109487,-0.0130273198970509032343023390158722958632316295448782165490426,0.576239294830775807495981948030543039683755503920434901197443,False,,,True,False
1888,288,0.0188835365222713758225085539024099312148981202216631982947521,-0.118891463477728624177491446097590068785101879778336801705248,0.184720884130567843955627138475602482803724530055415799573688,0.00111756189414710751580165249284793827266380874767447814142132,1.02490802264264902135075566314360530868077868884062769534532,False,,,True,True
1889,187,0.0200010984164184833383102063952578694875619289693376764361734,-0.117773901583581516661689793604742130512438071030662323563827,0.121875274604104620834577551598814467371890482242334419109043,-0.00883691282924235187716282606968395856412772724083165327034089,0.617983669066884715234313332306736048965153560409991636601063,False,,,True,False
1890,358,0.0111641855871761314611473803255739109234342017285060231658325,-0.126610814412823868538852619674426089076565798271493976834167,0.226541046396794032865286845081393477730858550432126505791458,0.0281840111715929903806003942733236883800687408945298049428925,3.99572163153878345312536637777691214684849895356843622308475,False,,,False,True
1891,138,0.039348196758769121841747774598897599303502942623035828108725,-0.098426803241230878158252225401102400696497057376964171891275,0.0960870491896922804604369436497243998258757356557589570271812,-0.0166998509759322896245829922778292559994793099106902594371903,0.572268604344808718048771048174088973519333331980492773642331,False,,,True,False
1892,254,0.0226483457828368322171647823210683433040236327123455686715346,-0.115126654217163167782835217678931656695976367287654431328465,0.164412086445709208054291195580267085826005908178086392167884,-0.00374624321201237049678031961639918306468661391115203553339331,0.868026360971152845204671183991254916956299696207079841268727,False,,,True,False
1893,71,0.0189021025708244617203844627046691602393370188011935331381413,-0.118872897429175538279615537295330839760662981198806466861859,0.0491005256427061154300961156761672900598342547002983832845353,-0.0098597993662906446300941166429496556793887038118223497545372,0.426902093121741781913060741031770644876303234787502727890352,False,,,True,False
1894,328,0.00904230320453381709029034606171950455994831498937118338360413,-0.128732696795466182909709653938280495440051685010628816616396,0.207260575801133454272572586515429876139987078747342795845901,0.0180942775640404756506376164593708241494706131980010570413001,1.53664186924663344921740920429494870195214277445196073603124,False,,,True,True
1895,201,0.0271365807685742927409279625210903287094189281873722404249042,-0.110638419231425707259072037478909671290581071812627759575096,0.132409145192143573185231990630272582177354732046843060106226,-0.0170867209345403492930111338904836019455838143869730594467811,0.598447449760655427328667205240296901750578686784619753805961,False,,,True,False
1896,97,0.0100498598340339434479168286306067267638351138003991809781231,-0.127725140165966056552083171369393273236164886199600819021877,0.0631374649585084858619792071576516816909587784500997952445308,-0.00404481162032486288194958536595364277017470751083033601333449,0.493834067376909321894265860236521829148326997725030697207714,False,,,True,False
1897,383,0.00600504821370908056596724326465308399366040628956884496478862,-0.131769951786290919434032756735346916006339593710431155035211,0.240876262053427270141491810816163270998415101572392211241197,0.0390084098561710031283698488566047927918082367308062322534265,3.39681054389872466917271319285211712103323796818854216244881,False,,,False,True
1898,230,0.0450134580698800836943370921212578767854686430203750772182151,-0.0927615419301199163056629078787421232145313569796249227817849,0.155003364517470020923584273030314469196367160755093769304554,-0.0157140084302255783932667175737210338334515223322456045066454,0.700261754896642323920676865603619513270611360639131312294293,False,,,True,False
1899,152,0.0292994496396545053010703745475368429520171206881294727115697,-0.10847555036034549469892962545246315704798287931187052728843,0.102324862409913626325267593636884210738004280172032368177892,-0.00867123666260162372807015442329724071226026579393442482747515,0.689545997088294730177320588918459839246121149674739883759846,False,,,True,False
1900,301,0.0206282129770528815730002201242396022397568548941950478840946,-0.117146787022947118426999779875760397760243145105804952115905,0.193282053244263220393250055031059900559939213723548761971024,0.00152257505343941746536989901785065961043494924213772965642675,1.04630623817920857633099251002060839159861203842316565959779,False,,,True,True
1901,110,0.0221507880304922990383701191420902618501918041363327775405214,-0.115624211969507700961629880857909738149808195863667222459479,0.0742876970076230747595925297855225654625479510340831943851303,-0.0110245569895790041128699027860552408224431888899391200567103,0.540005033295774972303187543065948326640427803164078420667759,False,,,True,False
1902,346,0.0111262310409132949255002163560350210277486152463936574838111,-0.126648768959086705074499783643964978972251384753606342516189,0.219031557760228323731375054089008755256937153811598414370953,0.027071656111407534723715679687204528459255268259063812822109,1.98424861572492288689802947995942032256521967362177386834912,False,,,False,True
1903,211,0.0381978871523208296492158960432395494870038835054574703059201,-0.0995771128476791703507841039567604505129961164945425296940799,0.14142447178808020741230397401080988737175097087636436757648,-0.019371480105094188702766512739612146404456287604569945993292,0.612201090898753447137162046301656438740124103662507614861144,False,,,True,False
1904,75,0.018826407047226640946449383303627403082547595900887524312628,-0.118948592952773359053550616696372596917452404099112475687372,0.051581601761806660236612345825906850770636898975221881078157,-0.00566857768447645589264419077124358279543359675833758930566468,0.662615629751369210011119669831243734153707337863707235737676,False,,,True,False
1905,275,0.0131578293627501850538051925323838202871139991425499350069634,-0.124617170637249814946194807467616179712886000857450064993037,0.175164457340687546263451298133095955071778499785637483751741,-0.0031581689892258901767379901795100196861844062458550948838852,0.930725365370894329123717606541954704585150994857115403894666,False,,,True,False
1906,164,0.00999966037352429487706720235287380060092959289669484012307816,-0.127775339626475705122932797647126199399070407103305159876922,0.10499991509338107371926680058821845015023239822417371003077,-0.0050140486985678439783045547435340447469322530398294124601218,0.584302329697716274648503851692762866262509918771863927303194,False,,,True,False
1907,372,0.00498561167495645089876264760933975585399733985686542766295635,-0.132789388325043549101237352390660244146002660143134572337044,0.233746402918739112724690661902334938963499334964216356915739,0.0297078337172091402538628770187884319960505316730589836046276,2.87533381404768713193388548279442925986346638507639804219724,False,,,False,True
1908,241,0.034693445392165591152625524628128187850047871529924411267584,-0.103081554607834408847374475371871812149952128470075588732416,0.159298361348041397788156381157032046962511967882481102816896,-0.00412029081967984034108047865595957374470879286399036877173268,0.891433464989013793115103092034125558438178789813288404810024,False,,,True,False
1909,121,0.0305731545724857508115450459721686141053390786659340424958513,-0.107201845427514249188454954027831385894660921334065957504149,0.0832682886431214377028862614930421535263347696664835106239628,-0.0177859035293932386535378365758007718450927081729079129928112,0.439456913569947132135267476450088895913374859826648436185459,False,,,True,False
1910,318,0.0127872510430925121580072093963678422602463704930261295030401,-0.12498774895690748784199279060363215773975362950697387049696,0.20194681276077312803950180234909196056506159262325653237576,0.0143644430588550318171581974780499816371532706230501954055297,1.50080989420060208917773546701976073190921072130260046879433,False,,,True,True
1911,182,0.0271516941019475439751654068744178238973996411160763249085698,-0.11062330589805245602483459312558217610260035888392367509143,0.120537923525486885993791351718604455974349910279019081227142,-0.015145714229421972494156509285944881541593556339138389841237,0.542459566389523812056888421154691850240266442405276463442116,False,,,True,False
1912,57,0.0120059798725255714810088975884729423558060847769379350673328,-0.125769020127474428518991102411527057644193915223062064932667,0.0386264949681313928702522243971182355889515211942344837668332,-0.00884646309014638268868872138329579283691701514056314213061342,0.397318215230743807714351803461061023482416384238745418739821,False,,,True,False
1913,392,0.00315951678237918879232017620517714951888906963637479293671936,-0.134615483217620811207679823794822850481110930363625207063281,0.24578987919559479719808004405129428737972226740909369823418,0.0481701145146100176564644661953231813346725713579078589381342,8.17963144025648346849874130777558936213379700386494138684406,False,,,False,True
1914,257,0.0513296312969892064487846424005003308535616409942826518748535,-0.0864453687030107935512153575994996691464383590057173481251465,0.173457407824247301612196160600125082713390410248570662968713,-0.00654141615978927605361831529560764861707297071635264650519511,0.860400206522567760093840282730210722933745013158294521047905,False,,,True,False
1915,146,0.0447882151371999303951663271048926822364886702779300053696584,-0.0929867848628000696048336728951073177635113297220699946303416,0.102447053784299982598791581776223170559122167569482501342415,-0.0192002552288596503037265546387355584118080060563460782084911,0.511346612555158892496876017439644133299585563885806646517281,False,,,True,False
1916,295,0.0255879599083402800914397724661571238246806642215839271611673,-0.112187040091659719908560227533842876175319335778416072838833,0.190771989977085070022859943116539280956170166055395981790292,0.00447127057747174600745441621420098957511370139939945013855378,1.13113910216343474823820273767499322392236080805084345760492,False,,,True,True
1917,199,0.030059230485812026098894188680358113399794365620983377299721,-0.107715769514187973901105811319641886600205634379016622700279,0.13188980762145300652472354717008952834994859140524584432493,-0.0117498581605026292069984482763196582077478236150462243654027,0.664022251827209177229178826000920623725756985554566816792178,False,,,True,False
1918,86,0.0183093723253093968918957404040384551920465420059371529343184,-0.119465627674690603108104259595961544807953457994062847065682,0.0583273430813273492229739351010096137980116355014842882335796,-0.0039362229277128470261776398849024321838157690960403317523411,0.641981100011285021928555907543545911294321808880804000848743,False,,,True,False
1919,352,0.0143731493975965498657181005191360230082307729098968211819773,-0.123401850602403450134281899480863976991769227090103178818023,0.223593287349399137466429525129784005752057693227474205295494,0.0190009914240271028763185200921506050980315362191648159289222,1.5286337027404276470469045736243348320705344288460185819731,False,,,False,True
1920,225,0.0333741408216236527420366206112866281062623091290616371108994,-0.104400859178376347257963379388713371893737690870938362889101,0.148968535205405913185509155152821657026565577282265409277725,-0.0114260765690237949572915612216781520596947392581457127284564,0.737619726335484979757700793087000745525008911716668134094222,False,,,True,False
1921,118,0.021948064252599857784745059389608476046567569870915924382443,-0.115826935747400142215254940610391523953432430129084075617557,0.0792370160631499644461862648474021190116418924677289810956108,-0.00927663645742097990513610190094617070981618215384916281537568,0.562006172711224835306908715876193819773668044591147307459179,False,,,True,False
1922,331,0.0126714277951788778796089574886623053367513877170667615670673,-0.125103572204821122120391042511337694663248612282933238432933,0.210042856948794719469902239372165576334187846929266690391767,0.0148110334353050184618292341067264040042999790514252468531858,1.40647565444311054517540216879673731968321451071663716841408,False,,,True,True
1923,170,0.0274824612304838963414381915953887093410513667684920084202532,-0.110292538769516103658561808404611290658948633231507991579747,0.113120615307620974085359547898847177335262841692123002105063,-0.0161163440249502487588658676657414756263177300835118569483767,0.601363591340482829724146619253811123377246561383840451091277,False,,,True,False
1924,279,0.0113661172055336475825723239296472337147336366849801514718764,-0.126408882794466352417427676070352766285266363315019848528124,0.177216529301383411895643080982411808428683409171245037867969,0.00674598550580437659446747030886054697322936261338264288118452,1.38324483625478587542752011832391960018639585931443816018978,False,,,True,True
1925,71,0.018112102711338024177039794238507780687962999298362794353061,-0.119662897288661975822960205761492219312037000701637205646939,0.0489030256778345060442599485596269451719907498245906985882652,-0.0128020432975117128748361188533277491180646852118254611401525,0.335981126070657418593902006916164632023340111800820091815934,False,,,True,False
1926,378,0.00531005941382631130220367538518003156989831408653733321290844,-0.132464940586173688697796324614819968430101685913462666787092,0.237577514853456577825550918846295007892474578521634333303227,0.0427808247680613313550615251250152857770328680527001286474213,3.59093592044884846109265201291110109299430049955042796172039,False,,,False,True
1927,207,0.0480908841818876426572652005101953173469311821392374618603298,-0.0896841158181123573427347994898046826530688178607625381396702,0.141397721045471910664316300127548829336732795534809365465082,-0.0214449903022347468185873171888006781563410765738667390408409,0.598096179726878688530807520956001543623005565760118849593753,False,,,True,False
1928,134,0.0266458938796528958386778833213946391905901055653707228194889,-0.111129106120347104161322116678605360809409894434629277180511,0.0904114734699132239596694708303486597976475263913426807048722,-0.00891755683271833154196266532798220093132501124266840799622852,0.644490986676375656479111249021985633168635427555062628966706,False,,,True,False
1929,308,0.0177283370469345642967152179934124382592650943227023148232604,-0.12004666295306543570328478200658756174073490567729768517674,0.196932084261733641074178804498353109564816273580675578705815,0.00419919032923323839516229479679700933017419981104648139741532,1.09838842758063116475631618857169831123735486000139480081614,False,,,True,True
1930,243,0.0219275273761678026918775127902094475894392941337487962206757,-0.115847472623832197308122487209790552410560705866251203779324,0.157356881844041950672969378197552361897359823533437199055169,-0.000353740796371046488253287992844820760039839789517055182394456,0.987649825272968037982436530983180224285790596676647173795134,False,,,True,False
1931,94,0.0215737865797967562036242247973646268293994543442317410382812,-0.116201213420203243796375775202635373170600545655768258961719,0.0641434466449491890509060561993411567073498635860579352595703,-0.0151833134654310360312600327658467977779803729504080539474796,0.356190793076625670401325842285656758639856882899018146780993,False,,,True,False
1932,363,0.00639047311436572017236419203151782905141908139382368709080168,-0.131384526885634279827635807968482170948580918606176312909198,0.2284726182785914300430910480078794572628547703484559217727,0.035119175943289466676537541302019752026851263286586426609939,2.65356108092780828274085953695183995725114858782337566006643,False,,,False,True
1933,179,0.0415096490576551868489017333335375810782703446804101137007407,-0.0962653509423448131510982666664624189217296553195898862992593,0.122252412264413796712225433333384395269567586170102528425185,-0.0230191448585150660060833338490101291832068783639906523261079,0.541276091953351323602913912060157098316775190401884350578279,False,,,True,False
1934,269,0.0184905041991401208428183994845274518950634663164194613746328,-0.119284495800859879157181600515472548104936533683580538625367,0.172747626049785030210704599871131862973765866579104865343658,0.0033976713243484888768945093285548070395040638437752419856714,1.10844967359768597240297307317832962701959050401054427127373,False,,,True,True
1935,113,0.0218881755234886097197129088130822589345675301601947033603042,-0.115886824476511390280287091186917741065432469839805296639696,0.076097043880872152429928227203270564733641882540048675840076,-0.0160218516617333021458611601959559836890460004352532797728129,0.409948215040575436206197364872228151226575877925156161414153,False,,,True,False
1936,339,0.00586632386175530757385174861712627524552152972494142358749128,-0.131908676138244692426148251382873724754478470275058576412509,0.213341580965438826893462937154281568811380382431235355896873,0.0233363066553309859804853281266548313069064684013237912047918,2.35967316506896822758956259410834944489437321792804330828236,False,,,False,True
1937,196,0.0292026305170862935543370767437811065524279981262652147922831,-0.108572369482913706445662923256218893447572001873734785207717,0.129800657629271573388584269185945276638106999531566303698071,-0.0151305513437775529845129263036560731447268163295161094480271,0.576112594476244353862780649814445261779936424808708204135747,False,,,True,False
1938,62,0.014072079173308740569824150440125033407701181796749105344256,-0.123702920826691259430175849559874966592298818203250894655744,0.042268019793327185142456037610031258351925295449187276336064,-0.0118855997279817876702047726654308130544843040859736737615672,0.411316961024417949319489969710165677370168085820901282955987,False,,,True,False
1939,298,0.00218647944532695289961937777469422035321687771077543158268879,-0.135588520554673047100380622225305779646783122289224568417311,0.186796619861331738224904844443673555088304219427693857895672,0.0104990979453747967755727155359104239034557681259911600565323,1.32379000842425860063549905611486127342949146425530523641268,False,,,True,True
1940,145,0.0126855773907017496751920933106046442566726458367665916392211,-0.125089422609298250324807906689395355743327354163233408360779,0.0937963943476754374187980233276511610641681614591916479098053,-0.0107398632064473428430817636335239066949844734396442275860942,0.493589215648921444228539788004968941906402447299230946593884,False,,,True,False
1941,394,0.00194571418425440683211032967708073756168817239712236405312694,-0.135829285815745593167889670322919262438311827602877635946873,0.246736428546063601708027582419270184390422043099280591013282,0.0482719928944189509956996871764730431230521958923670976290632,5.04946759011500693373908821630529476396370416889716052333582,False,,,False,True
1942,228,0.0502177070786733578278100168535537806847403682894894616821901,-0.0875572929213266421721899831464462193152596317105105383178099,0.155054426769668339456952504213388445171185092072372365420548,-0.0188332570178922554332448526403220755503705700003260783671723,0.651371166132512232248870133249320235049238868100574948249774,False,,,True,False
1943,120,0.0313844500607811023945651642132317051343697982891633833150178,-0.106390549939218897605434835786768294865630201710836616684982,0.0828461125151952755986412910533079262835924495722908458287544,-0.0115769180888669814967394846739883511319706344131897352786323,0.568628590456010986485307818177030080481889545543498612364641,False,,,True,False
1944,320,0.0198075319719141208978256795392433540023991638759736480363855,-0.117967468028085879102174320460756645997600836124026351963615,0.204951882992978530224456419884810838500599790968993412009096,0.01330968929489294825263996433115841389851033167580185600333,1.35397772380102043485778060875266699896271289184143588151373,False,,,True,True
1945,184,0.0331172212668070691504656438704017679009094955517755040397155,-0.104657778733192930849534356129598232099090504448224495960284,0.123279305316701767287616410967600441975227373887943876009929,-0.0185052472950578186329482018255370623038144558040375109035373,0.601975212327062182828072935004473531269144124777814608447049,False,,,True,False
1946,262,0.0146119739717492505175174420448647055970950397477379931361783,-0.123163026028250749482482557955135294402904960252262006863822,0.167402993492937312629379360511216176399273759936934498284045,0.00537090625385505962663056763314782962916881154232120626329395,1.26489099669857232555322876675218290261544655477029732443121,False,,,True,True
1947,79,0.0199828802256043101441480096780125352262638512900591993994722,-0.117792119774395689855851990321987464773736148709940800600528,0.0543707200564010775360370024195031338065659628225147998498681,-0.011765984507202905680021715516184009159390937044392425772472,0.316902999031092054166763487627291653220914515184992827666842,False,,,True,False
1948,367,0.00821689571840140446412629416182852606687291424566677362700017,-0.129558104281598595535873705838171473933127085754333226373,0.23142922392960035111603157354045713151671822856141669340675,0.0320207026059202582409528670586851161722119689434015341191171,2.36356729745314467842990614086529885803838304680041598550108,False,,,False,True
1949,163,0.0402375983243216627050791612205136422390848831890683077461173,-0.0975374016756783372949208387794863577609151168109316922538827,0.111934399581080415676269790305128410559771220797267076936529,-0.0189204511044233983242069108646760363834276989815544143167797,0.55940377935156887419181882547091952358089970422227620315852,False,,,True,False
1950,285,0.0213171472198982643808722503558376058556571842075138934293375,-0.116457852780101735619127749644162394144342815792486106570662,0.183454286804974566095218062588959401463914296051878473357334,0.00320260707620165726229598795923301624348723196757526266067805,1.097925419002629273559316251271953957896841841666064551367,False,,,True,True
1951,108,0.0245197542960999216431682383150706220991444161750891560900156,-0.113255245703900078356831761684929377900855583824910843909984,0.0736299385740249804107920595787676555247861040437722890225039,-0.0155858458202772151731322935100656015288184971007467371671193,0.500439888860333749890224651299308873421160884062303584417978,False,,,True,False
1952,344,0.00893390847582270647003594480500502057032591907434241892289624,-0.128841091524177293529964055194994979429674080925657581077104,0.217233477118955676617508986201251255142581479768585604730724,0.0320207783445601963740750466770278699019256665733851957913542,2.45028966196842300935139896339885245876935018988955899430752,False,,,False,True
1953,212,0.0409546868203829028441109914820328904722515856477276147142505,-0.0968203131796170971558890085179671095277484143522723852857495,0.142738671705095725711027747870508222618062896411931903678563,-0.0221567321539074567949869713612203021818305668472063341678068,0.593145060381902215993409830832905284828297859203263784395775,False,,,True,False
1954,135,0.0187979546664754460491240201208125882904210188005212805464437,-0.118977045333524553950875979879187411709578981199478719453556,0.0890744886666188615122810050302031470726052547001303201366109,-0.0139993033123637743294389769740268972685588118654917788546746,0.555714814928507061281168683778510609673735238516414413042844,False,,,True,False
1955,310,0.00479865135411167171968504314678569102186220693502950169176906,-0.132976348645888328280314956853214308978137793064970498308231,0.194949662838527917929921260786696422755465551733757375422942,0.0126457775257675366337528347623546752090577721752647392088987,2.22603111376020746507688225420904944893778900730884632485906,False,,,True,True
1956,69,0.0174444288798792083534378779091403662309199791102942409006678,-0.120330571120120791646562122090859633769080020889705759099332,0.0474861072199698020883594694772850915577299947775735602251669,-0.0110076845738503452072375775068667702277723441202823989350537,0.507899115991268746717844189003230575808033103777907829244669,False,,,True,False
1957,244,0.00643674430602886314620030040227359600314763499001184196561406,-0.131338255693971136853799699597726403996852365009988158034386,0.154109186076507215786550075100568399000786908747502960491404,-0.00279179252602762667792476510750253505271374107688797950250368,0.774797141268058990533149237269764730476167610172965759418655,False,,,True,False
1958,386,0.00364495178000123646827553529477106095043389391312386246311038,-0.13413004821999876353172446470522893904956610608687613753689,0.242161237945000309117068883823692765237608473478280965615778,0.0490050164582611260409973640236104813213263020818017429376495,5.76819637733165167721566014437883599514566954134718557503275,False,,,False,True
1959,176,0.0526499682382623625092728993183815422717601959949256054007599,-0.0851250317617376374907271006816184577282398040050743945992401,0.12316249205956559062731822482959538556794004899873140135019,-0.0280378749078959845290876808714904208760143571359331894586411,0.498119366789126578258371244529328442499310797459403965233964,False,,,True,False
1960,272,0.0246120933303663779801852184468911213957458388589924159421188,-0.113162906669633622019814781553108878604254161141007584057881,0.17615302333259159449504630461172278034893645971474810398553,0.00658663926112218154377880316303549048351783799351688913199313,1.23631199281251672937470620542638248571161544842783404443044,False,,,True,True
1961,114,0.0311987325914885595239640216099266118792636768525093050741119,-0.106576267408511440476035978390073388120736323147490694925888,0.079049683147872139880991005402481652969815919213127326268528,-0.0208481686517871671233350665773034401119665476034232073847891,0.411845566592002102714631096962284200839867318369019239390495,False,,,True,False
1962,333,0.0103505639397013924006289550326231717672971292490860976893228,-0.127424436060298607599371044967376828232702870750913902310677,0.210712640984925348100157238758155792941824282312271524422331,0.0243328539761362275553600662247835576114500255066417364353338,1.88423361030604331300775617479606913556760929642615285782922,False,,,True,True
1963,198,0.0346834179158376199559890212574067293787471547557278341246566,-0.103091582084162380044010978742593270621252845244272165875343,0.132420854478959404988997255314351682344686788688931958531164,-0.0178391041648107568528436374414378694408118113614335542972368,0.573007504097036066365864948539191842109246911446907248875679,False,,,True,False
1964,77,0.0168443137510268631031453838159688599379353433942942798274198,-0.12093068624897313689685461618403114006206465660570572017258,0.0523360784377567157757863459539922149844838358485735699568549,-0.0113036195343910345431530050023384825196145137480102592056233,0.419756884035782112074788165758623511791057718507624031643833,False,,,True,False
1965,359,0.00554069421663582855999237881363037741832082964628402062179647,-0.132234305783364171440007621186369622581679170353715979378204,0.225760173554158957139998094703407594354580207411571005155449,0.0340474320767008024108396123009417911182095200546825648467777,2.61754343336520511763426065664766020098759449704881309889352,False,,,False,True
1966,229,0.0395881262933366309708319911145721685365303497009665854685741,-0.0981868737066633690291680088854278314634696502990334145314259,0.153022031573334157742707997778643042134132587425241646367144,-0.0121084456758204671903300697506912080241938381553265047963934,0.744544302474131843637928795586622894766543193338182024118801,False,,,True,False
1967,142,0.0274796806175161637805019213638809605123365115456400806721807,-0.110295319382483836219498078636119039487663488454359919327819,0.0956199201543790409451254803409702401280841278864100201680452,-0.0168798646476810377807855979010968506887998664708514873541186,0.526297854581972308383556428037127375187065682345889358287039,False,,,True,False
1968,295,0.0105998159698351259997163234627841098235366450747885933180621,-0.127175184030164874000283676537215890176463354925211406681938,0.187024953992458781499929080865696027455884161268697148329516,0.00662107455422815363085288920455373408966953411271640635970139,1.31281105760124144322933794866724438411396133247365118238144,False,,,True,True
1969,94,0.0172208905240632796305692126673378439132061791875049996777635,-0.120554109475936720369430787332662156086793820812495000322236,0.0630552226310158199076423031668344609783015447968762499194409,-0.0148026789539666437471720071887738355923034488654180623078459,0.430196335101703963136540352822961333778121995130362677062895,False,,,True,False
1970,380,0.00241821157009663588339720547856400832090273032208693736991766,-0.135356788429903364116602794521435991679097269677913062630082,0.238104552892524158970849301369641002080225682580521734342479,0.0469028988522628664764913795757318279443626125700130989552819,4.78195473956642793806889499438770868019231805618010489428364,False,,,False,True
1971,206,0.0493211104223595023598885850542958362652653428921000363251995,-0.0884538895776404976401114149457041637347346571078999636748005,0.1410802776055898755899721462635739590663163357230250090813,-0.021823517539565077027870027429448282853997392270431755468892,0.597118773554577605513575241717232808212530219461042147698846,False,,,True,False
1972,260,0.0274975928827944253320185576248475534112679506216682808563076,-0.110277407117205574667981442375152446588732049378331719143692,0.169374398220698606333004639406211888352816987655417070214077,0.00118330678302323277972837602779745541579221985311192466860529,1.03376450768075567110177821162791407727960580738386506943337,False,,,True,True
1973,124,0.0286808996658176581117469336526450088270601704747802055249129,-0.109094100334182341888253066347354991172939829525219794475087,0.0846702249164544145279367334131612522067650426186950513812282,-0.0175533086523633117223495195620813101015735855546204278049443,0.438605112431447426518694335935879141108803889571431099733312,False,,,True,False
1974,324,0.0111275910134543463893974140905636987254865849201597777199686,-0.126647408986545653610602585909436301274513415079840222280031,0.205281897753363586597349353522640924681371646230039944429992,0.0177481647375053879679139299377887895250123335171781321411485,1.7330442183663014662533378064909443507863788874006184421648,False,,,True,True
1975,168,0.0288757557509597343573113440283524882504989184373379098611171,-0.108899244249040265642688655971647511749501081562662090138883,0.112218938937739933589327836007088122062624729609334477465279,-0.0184566843637310639996500810532494126317106968692055510642629,0.503857902890273916226110424838077000603507344328622330752392,False,,,True,False
1976,54,0.0104190713872286703576612629751030756187882215681323587968541,-0.127355928612771329642338737024896924381211778431867641203146,0.0363547678468071675894153157437757689046970553920330896992135,-0.00743323642092558251887654933155340903913248130555560575823942,0.443833626490231348699113321146419653155569426544302374470955,False,,,True,False
1977,350,0.00298583496630308783878471364354966657965574026257675303861471,-0.134789165033696912161215286356450333420344259737423246961385,0.219496458741575771959696178410887416644913935065644188259654,0.0291365756661094906243898909366294529768059671175813178401304,2.20927478422606937413701114022279042345660809040730249474573,False,,,False,True
1978,223,0.0321224106324125784631746045801791195564617073801580708787451,-0.105652589367587421536825395419820880443538292619841929121255,0.147405602658103144615793651145044779889115426845039517719686,-0.0141225750098872493435768867546096736673887562697604660621499,0.679223346181290319446193101243307056221893953023409542959228,False,,,True,False
1979,105,0.0179998356225253291195977178255694458890729511103976048165952,-0.119775164377474670880402282174430554110927048889602395183405,0.0701249589056313322798994294563923614722682377775994012041488,-0.0119704237979122996257110606104089133287305165986301265761341,0.547015432251656151811054982173607603840487211004775343807378,False,,,True,False
1980,287,0.00602941182461302949388665721516053256034243451176747824046112,-0.131745588175386970506113342784839467439657565488232521759539,0.180882352956153257373471664303790133140085608627941869560115,0.0013525912824752960946259175442000990280277750302700933242564,1.03286687577159224049573069649172536072274091629501809385081,False,,,True,True
1981,151,0.00738200310708832558851257475936063158837020954203757156471752,-0.130392996892911674411487425240639368411629790457962428435282,0.0962205007767720813971281436898401578970925523855093928911794,-0.00637100438182851246271489480866507516523955767344443222019331,0.507646423608094529850283879784540525107644667936049085904036,False,,,True,False
1982,398,0.0010109987252598131257976799506955564231306518685931393445242,-0.136764001274740186874202320049304443576869348131406860655476,0.249002749681314953281449419987673889105782662967148284836131,0.0463642315621861234897688061629735565285294035892913123326005,12.499173987254339088649351851015505579763140635201140210542,False,,,False,True
1983,241,0.0473752302874459366155664861136691129516600554578844516771247,-0.0903997697125540633844335138863308870483399445421155483228753,0.162468807571861484153891621528417278237915013864471112919281,-0.0132379455513036835154013641847443094227871321538531172175215,0.748828883956669794380620307397839936352549115594767634230305,False,,,True,False
1984,128,0.0341372847361422531001651219289248035288729233040313344596032,-0.103637715263857746899834878071075196471127076695968665540397,0.0885343211840355632750412804822312008822182308260078336149008,-0.0115338547904371281394732391228360060125062989189285177885236,0.574884302896469385159544386874977124568403055378615467320833,False,,,True,False
1985,313,0.0226034299457051249606918828060887975163666243851028166710797,-0.11517157005429487503930811719391120248363337561489718332892,0.20127585748642628124017297070152219937909165609627570416777,0.0111391071950363000980180064712196406984131258918048631491633,1.28541583697892910950811657585697815564618708857080470882603,False,,,True,True
1986,189,0.033742537140741425058709889277308438214779750276907679820243,-0.104032462859258574941290110722691561785220249723092320179757,0.126560634285185356264677472319327109553694937569226919955061,-0.017616651437443428430327176429295037304378562948744535645481,0.545237901976497188663838909725120222138771916476698193557216,False,,,True,False
1987,69,0.016125885703297996628382712848013400910401187328163144174762,-0.121649114296702003371617287151986599089598812671836855825238,0.0471564714258244991570956782120033502276002968320407860436905,-0.00454802954480574633591072280515515042641015329585285138056959,0.535542739233766755557586938205860915258802952739232537343576,False,,,True,False
1988,365,0.0115778561584922502924719900428582504839910340323102927941924,-0.126197143841507749707528009957141749516008965967689707205808,0.231019464039623062573117997510714562620997758508077573198548,0.0315551329013178870759115532960305794111708321648897224935663,2.51072417991201413088174877650158168138942686745730427928675,False,,,False,True
1989,254,0.0431329890598101373683835433388888298951618661972000152877587,-0.0946420109401898626316164566611111701048381338027999847122413,0.16953324726495253434209588583472220747379046654930000382194,-0.00644841412692128012984720229542980574719491636745149222730113,0.862670853405828532462016795102287061286952119894765281179924,False,,,True,False
1990,157,0.0366845749328888572385363410434590241479669498297485230604575,-0.101090425067111142761463658956540975852033050170251476939542,0.107296143733222214309634085260864756036991737457437130765114,-0.0201197881827232699908147454267112637854339478356642150718664,0.507361867513596802607040294499754112245892778978119983053979,False,,,True,False
1991,301,0.0165647867501655872477215956167477603625330019940843079885912,-0.121210213249834412752278404383252239637466998005915692011409,0.192266196687541396811930398904186940090633250498521076997148,0.0118567623768361263367530172207372113848324910256919093606154,1.50255154709196645195062328993963821744785203776591837408542,False,,,True,True
1992,103,0.0284215491270017135844746128374849717473654930197762173492065,-0.109353450872998286415525387162515028252634506980223782650793,0.0714803872817504283961186532093712429368413732549440543373016,-0.0190793570506860112020290556338138065553237397365016030607317,0.456519077864708794076173092989620985901591477437396042143067,False,,,True,False
1993,340,0.00934219207631570238244555720367116519204175328327461428847486,-0.128432807923684297617554442796328834807958246716725385711525,0.214835548019078925595611389300917791298010438320818653572119,0.0311322322908893442443898866254378633015999164815642150304242,2.38115277777568986152738714145002846678118150105157708295625,False,,,False,True
1994,205,0.040474424367205046626835443829109028493641669764838829318899,-0.097300575632794953373164556170890971506358330235161170681101,0.138243606091801261656708860957277257123410417441209707329725,-0.0227510490217246105069686463874422595455110461147231764813865,0.570167671724151866199185946426188010462556764126093471563926,False,,,True,False
1995,79,0.0177233753454804361198667974416667689481306236501156528375125,-0.120051624654519563880133202558333231051869376349884347162488,0.0538058438363701090299666993604166922370326559125289132093781,-0.0106133657953547839394798040557434464435186516684844423826933,0.524755419695099410295364954884158497063174878033690262402948,False,,,True,False
1996,273,0.00711000955012565218038699338592332250461197198163121045481921,-0.130664990449874347819613006614076677495388028018368789545181,0.172402502387531413045096748346480830626152992995407802613705,0.000472048243653755820486555210780259092249112719572222745694128,1.01218204072898416890480029266841801826333388467639569631623,False,,,True,True
1997,140,0.00758205779377940800087354859670358159686108470120343320051334,-0.130192942206220591999126451403296418403138915298796566799487,0.0893955144484448520002183871491758953992152711753008583001283,-0.00282061214517278249062019028776159570495637577696390774189055,0.64089950930351704142286651615830971312727294350932350843597,False,,,True,False
1998,384,0.00476144564860662551025335830894198589190470892423952545862279,-0.133013554351393374489746641691058014108095291075760474541377,0.241190361412151656377563339577235496472976177231059881364656,0.0367575881732829202371584986794159685689011747028488335734548,2.63606365504176461868077448298321999896911317649641542115108,False,,,False,True
1999,225,0.0415190338218895457474118569883579544608058836270883590320776,-0.0962559661781104542525881430116420455391941163729116409679224,0.151004758455472386436852964247089488615201470906772089758019,-0.017350186108714700410868291934013190105997130468122386506008,0.667582503469689445624608842997266057221443418044261865927813,False,,,True,False
2000,114,0.0241688477131748453365435650543447643548087531589659725260696,-0.11360615228682515466345643494565523564519124684103402747393,0.0772922119282937113341358912635861910887021882897414931315174,-0.00769180258534367704995737612157221551920925650558526893633421,0.616242707665529704664549419924008380490714688182982406614653,False,,,True,False
2001,322,0.0164770451278311682865861889327725488355994966533807035897354,-0.121297954872168831713413811067227451164400503346619296410265,0.205369261281957792071646547233193137208899874163345175897434,0.0134694946875949797123200152392683594798282587450694911320801,1.36097069070379592710489355010157671236997737440668389565037,False,,,True,True
2002,180,0.0299465398154261479989062041720409083154277553984501947218155,-0.107828460184573852001093795827959091684572244601549805278185,0.119986634953856536999726551043010227078856938849612548680454,-0.019706175595842364010831210810510199517252531898933353897263,0.563525661397098436611304262068485814517007711821913429696604,False,,,True,False
2003,53,0.0102403642195837839880749933615307087981752234995168408245525,-0.127534635780416216011925006638469291201824776500483159175448,0.0356850910548959459970187483403826771995438058748792102061381,-0.00187264766800860259430065328764733709325514210344440002250698,0.672962250376311015903909044062618628603616909125140167384905,False,,,True,False
2004,355,0.00836771655157518139377434007388337170492008139607244080204551,-0.129407283448424818606225659926116628295079918603927559197954,0.223966929137893795348443585018470842926230020349018110200511,0.0300753719691930196738365973353288384783821189742461092359314,2.3228665082180914279007505483472350798396455948221213744201,False,,,False,True
2005,245,0.0384430885207682010676109374092122101833022003703185500379769,-0.0993319114792317989323890625907877898166977996296814499620231,0.162735772130192050266902734352303052545825550092579637509494,-0.00951972854128563668250902463054989932186139964387444837059583,0.799063382278210440884603462121543687160101017211750583239405,False,,,True,False
2006,146,0.0289233599794825643851019127786623108614408007264441016673811,-0.108851640020517435614898087221337689138559199273555898332619,0.0984808399948706410962754781946655777153602001816110254168453,-0.0178027366681554482960135825477649339759067190488234474183787,0.52613717510585018071915822458955902303924156286240856565312,False,,,True,False
2007,292,0.0111206233113271160890883302308973768855340816776206542490023,-0.126654376688672883910911669769102623114465918322379345750998,0.185280155827831779022272082557724344221383520419405163562251,0.00812370261713214658451602827540585761548562384375433485925844,1.35021550353408799818638632742929840859320410252699497841568,False,,,True,True
2008,91,0.0192443259284592626736043585063032345010197055213749891082608,-0.118530674071540737326395641493696765498980294478625010891739,0.0616860814821148156684010896265758086252549263803437472770652,-0.015018690207975891361183044979422724090222975035893182594585,0.41880170833512190109391923279520008247281351410488789908415,False,,,True,False
2009,374,0.00422563572048337131242131352688051041079673048548180651367576,-0.133549364279516628687578686473119489589203269514518193486324,0.234806408930120842828105328381720127602699182621370451628419,0.0449938725907868471219165939529549425372701883635121315893041,4.28272378398827536775812833606575582934327393326430653056524,False,,,False,True
2010,201,0.0492195083112702184343379074798354529480669188489939381029798,-0.0885554916887297815656620925201645470519330811510060618970202,0.137929877077817554608584476869958863237016729712248484525745,-0.0250120645234123547240731509150440487118854807186676520994623,0.554937323806131398659650367503642356234094144808235217367256,False,,,True,False
2011,264,0.0242074437878578637102647565647914042361814381303262860035175,-0.113567556212142136289735243435208595763818561869673713996482,0.171051860946964465927566189141197851059045359532581571500879,0.00400496113022462145359997098531415560998277415410607465475268,1.1246758691150935846858288461518834961520307222634613651689,False,,,True,True
2012,122,0.0282124049180824851638647275501055598461642122844323606582702,-0.10956259508191751483613527244989444015383578771556763934173,0.0833031012295206212909661818875263899615410530711080901645676,-0.0194765136517417108097589697752736317249854609569065408728676,0.405811616155549529236047650003399888845999612375901640774221,False,,,True,False
2013,331,0.00873589126634077435410575777483192812117875132752581978540265,-0.129039108733659225645894242225168071878821248672474180214597,0.209058972816585193588526439443707982030294687831881454946351,0.0218931858787789807796184237707860250239301436633628148237604,2.05934076734617318080005639963884950717916276791260926938094,False,,,True,True
2014,170,0.0306290771451197551337241815456179531451088949908886346091631,-0.107145922854880244866275818454382046854891105009111365390837,0.113907269286279938783431045386404488286277223747722158652291,-0.0196898646182009240506547281070837073669795140290051178344981,0.520316047345585530726909331248341687588378343669886960965163,False,,,True,False
2015,58,0.010939212526918831083069453438534245778129380961883516774665,-0.126835787473081168916930546561465754221870619038116483225335,0.0389848031317297077707673633596335614445323452404708791936662,-0.0082857778533305885997079251842772468269689275968016550201287,0.466753080277806552869788860037710673364390754952348620688978,False,,,True,False
2016,390,0.00265343467358824248336152825425699895116045336508186175453627,-0.135121565326411757516638471745743001048839546634918138245464,0.244413358668397060620840382063564249737790113341270465438634,0.0522842727613923689333570540664037179603058386612195645044349,9.52836739017744294801808342183724548354320227705424048502911,False,,,False,True
2017,231,0.0549377074349806114167185823206607169114662920263014262589712,-0.0828372925650193885832814176793392830885337079736985737410288,0.158109426858745152854179645580165179227866573006575356564743,-0.0205466704292077860434621784914617008540331834363260878600491,0.637353130876733273299752598956711682444304152276608429220257,False,,,True,False
2018,282,0.0343910370057728253732564038291990160574331085899753383989221,-0.103383962994227174626743596170800983942566891410024661601078,0.184847759251443206343314100957299754014358277147493834599731,0.0103332269066156166066184019541232806788098516972675212874591,1.33227939559970615388695216061838828036759890047293310191564,False,,,True,True
2019,138,0.0447242639123884419798748057833222967362429602872428596863811,-0.0930507360876115580201251942166777032637570397127571403136189,0.0974310659780971104949687014458305741840607400718107149215953,-0.0270286947100382238987808165496273333506742303631028969055298,0.433750042790948911591620947651236131644558591075058518216258,False,,,True,False
2020,314,0.0176955692023502180810939892336949633855687299241399627808513,-0.120079430797649781918906010766305036614431270075860037219149,0.200673892300587554520273497308423740846392182481034990695213,0.0183295176601716282627218653188604223102618891040867910906921,1.77640699483047912280004986974628194756108261506130335485379,False,,,True,True
2021,187,0.0360250868625218463438158545525553856958306190282267538715435,-0.101749913137478153656184145447444614304169380971773246128457,0.125881271715630461585953963638138846423957654757056688467886,-0.0170226456941609308174106772269886795787494915895838618231282,0.565279677460350469628688210177908765909861443082144306738643,False,,,True,False
2022,82,0.0190024411683609155264051773255667061170811274386428920484152,-0.118772558831639084473594822674433293882918872561357107951585,0.0560006102920902288816012943313916765292702818596607230121038,-0.00979280987303309754254881386841726771638501095162132177599259,0.405026395711073088721288302640119576041894511178224287546536,False,,,True,False
2023,349,0.00920963129532781798385636345714943840069611648702157027242266,-0.128565368704672182016143636542850561599303883512978429727577,0.220427407823831954495964090864287359600174029121755392568106,0.0252789104927237354872377423555416174458765511416607984773497,1.86208348143607775276878323558500362925100497738986282308,False,,,False,True
2024,218,0.0344885417880515534710941058126910558465726676286823687497724,-0.103286458211948446528905894187308944153427332371317631250228,0.144872135447012888367773526453172763961643166907170592187443,-0.0150212205859702267959382599649259689673282474340995245908113,0.668032220940783789436482537630628328967050905953596182208068,False,,,True,False
2025,114,0.0194673212020813266751558458477650868792444201945828441589611,-0.118307678797918673324844154152234913120755579805417155841039,0.0761168303005203316687889614619412717198111050486457110397403,-0.0132741109141417206204112328868673623866425335635105424388888,0.534287948486432775435164871080157351629437475167712042077582,False,,,True,False
2026,298,0.00619321028793960605474461296089772449260188663107230172007228,-0.131581789712060393945255387039102275507398113368927698279928,0.187798302571984901513686153240224431123150471657768075430018,0.00531113513793004509510026808023074952330742253239796416552138,1.31031942270841518454620133317604257620770914517186867553438,False,,,True,True
2027,158,0.0115043454258696511498448810411284740159093091634702658855937,-0.126270654574130348850155118958871525984090690836529734114406,0.101626086356467412787461220260282118503977327290867566471398,-0.00792406941189890033644480436989723200678559787124617673308978,0.554908189096743060436115894254169089964103171649496745303804,False,,,True,False
2028,370,0.00358027601397075081340007667123124200912371129222408915250388,-0.134194723986029249186599923328768757990876288707775910847496,0.232145069003492687703350019167807810502280927823056022288126,0.0341389550359269326060096261765849153267790069532909475221591,5.40089445899061177799981524167669991473645188486470785958911,False,,,False,True
2029,242,0.037719231049897683419409702847816157335902718245515036674663,-0.100055768950102316580590297152183842664097281754484963325337,0.160679807762474420854852425711954039333975679561378759168666,-0.00725710811268559025557491117259879719019316826402711394212863,0.807522436277769584045673736125978495682230704387060356806191,False,,,True,False
2030,97,0.0304621229372120931638347916752173601457095499814879227325344,-0.107312877062787906836165208324782639854290450018512077267466,0.0682405307343030232909586979188043400364273874953719806831336,-0.021590574688613209937231210911151424165796399599816965875862,0.409240668498559722080878631718680075896813327093252065123073,False,,,True,False
2031,272,0.00887154824859888322660358076406593597991315038167095685667236,-0.128903451751401116773396419235934064020086849618329043143328,0.172217887062149720806650895191016483994978287595417739214168,0.00264866790981923706472223185528185255570377056737906896049728,1.1466769870506498011739635837455766011043970223591609379542,False,,,True,True
2032,143,0.0115202161584181202913258126193477885356169209490500258171696,-0.12625478384158187970867418738065221146438307905094997418283,0.0922550540396045300728314531548369471339042302372625064542924,-0.00986927960678084731456032369924140312642759395751145656896527,0.541143693328820656348326490241364796927351475971126316767803,False,,,True,False
2033,393,0.00165093655163727297676548892010638540918932699153856924820437,-0.136124063448362727023234511079893614590810673008461430751796,0.246037734137909318244191372230026596352297331747884642312051,0.0466651857763064675287858151813826246271325784905794387290562,18.2882333254598761528020172593992478925036772791055819672019,False,,,False,True
2034,202,0.0483161223279437405055513041014890100363219054821180079772605,-0.0894588776720562594944486958985109899636780945178819920227395,0.138329030581985935126387826025372252509080476370529501994315,-0.0194577561941463590837110670765023949403440960066152094359334,0.56298705063662037052932173350581579846796914834514763768513,False,,,True,False
2035,320,0.0288583661337973814218402370249866150959778094755027985413271,-0.108916633866202618578159762975013384904022190524497201458673,0.207214591533449345355460059256246653773994452368875699635332,0.0183719048523322040884376981221920718954691119647999987030531,1.73035118738957069716911920239116582266285563624877160594638,False,,,True,True
2036,126,0.0472302709861295855102779351471786869914469214403027972443802,-0.0905447290138704144897220648528213130085530785596972027556198,0.090557567746532396377569483786794671747861730360075699311095,-0.02090901245371851634538905117222480883328351125764078664277,0.501884768308835114956177121938907815903685695770344196263491,False,,,True,False
2037,255,0.0263212585324110691648888839749538781581634101826620106016102,-0.11145374146758893083511111602504612184183658981733798939839,0.165955314633102767291222220993738469539540852545665502650403,-0.00580162764155512622989754541303169881718753425440533160064814,0.823082429007131614941143565040326304097866035898714619131484,False,,,True,False
2038,73,0.0205196308908559429349913385619221793409758759282566790009621,-0.117255369109144057065008661438077820659024124071743320999038,0.0507549077227139857337478346404805448352439689820641697502405,-0.00620094933288992867308383529502397981974753020083015282828026,0.507518298982946342089700247616356271620573611153528546562087,False,,,True,False
2039,342,0.0143186815579660142619075032668981995212283457274265261726818,-0.123456318442033985738092496733101800478771654272573473827318,0.21732967038949150356547687581672454988030708643185663154317,0.026171555108780535892664985291898730787149344249390308187125,1.94796070721570662626394738197854824937215681049527331828502,False,,,False,True
2040,181,0.0404902366667465501545724885587969303083776899768168343598068,-0.0972847633332534498454275114412030696916223100231831656401932,0.123247559166686637538643122139699232577094422494204208589952,-0.0249004814254623444324427492761840880184634837400826228851231,0.52573946130417884964841456779062935478346226886947140533356,False,,,True,False
2041,288,0.0155897552412842057221297392826128422899142062367342114746838,-0.122185244758715794277870260717387157710085793763265788525316,0.183897438810321051430532434820653210572478551559183552868671,0.0102817727633775572697149034602042736341993217603536514641674,1.4032337257261624664411662590477585863793252408739140385795,False,,,True,True
2042,110,0.0258715280046617629918446427428171159241135279970878629388512,-0.111903471995338237008155357257182884075886472002912137061149,0.0752178820011654407479611606857042789810283819992719657347128,-0.0188056467799949129368726596189425409995437094722504072666528,0.452437079671963504484040297411993790789688833103183593348943,False,,,True,False
2043,362,0.00706588122466685005497198312387457492456981852483745567219834,-0.130709118775333149945028016876125425075430181475162544327802,0.22801647030616671251374299578096864373114245463120936391805,0.0399226787604601405644790460036769598838481644090502195316852,3.37976767556523867742397455805926624614905845703448814168475,False,,,False,True
2044,213,0.0469885599851269906194510291275515348084179829338876752038836,-0.0907864400148730093805489708724484651915820170661123247961164,0.144872139996281747654862757281887883702104495733471918800971,-0.0213600868112066205167115487779367786503021864221348888430135,0.614621995618935760287081780769173969459889206441562052629822,False,,,True,False
2045,149,0.0256284731739203701027394803496147561581157965117527863608701,-0.11214652682607962989726051965038524384188420348824721363913,0.0995321182934800925256848700874036890395289491279381965902175,-0.0152439560275110733449158213457804105537482430713213528071515,0.554452445433305289761851307459608726869832664717516991366992,False,,,True,False
2046,307,0.0103845171464092967578236590038343456043675534404314335537185,-0.127390482853590703242176340996165654395632446559568566446281,0.19447112928660232418945591475095858640109188836010785838843,0.0119359684069052699054169529821659612538122578404902225503515,1.75598008591892403805565917675002542028763441447503399216674,False,,,True,True
2047,83,0.02232048555331456666324061198600030685817981128092165610407,-0.11545451444668543333675938801399969314182018871907834389593,0.0574551213883286416658101529965000767145449528202304140260175,-0.0150715738940956924489970717662285325383955273460224669151726,0.47701607746529182244669992928205418204910461083491924053066,False,,,True,False
2048,245,0.00724891165921887421424354021977177431978428393489918918889744,-0.130526088340781125785756459780228225680215716065100810811103,0.154937227914804718553560885054942943579946070983724797297224,-0.00358794418397377947881690635616406902699806011595391480723935,0.790696803830239046154292530063097505164808926394376262513734,False,,,True,False
2049,33,0.0036609674752450947354266338636077052927862238189452743816581,-0.134114032524754905264573366136392294707213776181054725618342,0.0215402418688112736838566584659019263231965559547363185954145,-0.000310621716109804733562812835358674736150407208062874752421087,0.775256101477438743763587031984378864742666246373018091623751,False,,,True,False
2050,379,0.00335034575913529000186382102824903055663581661088239962923701,-0.134424654240864709998136178971750969443364183389117600370763,0.237712586439783822500465955257062257639158954152720599907309,0.0412973339329077385023034436504033782312983065538888305127886,3.41997584136147767564883991269331102567402023154124163551707,False,,,False,True
2051,176,0.0446476796920430285041672646786524087879341231647712301420256,-0.0931273203079569714958327353213475912120658768352287698579744,0.121161919923010757126041816169663102196983530791192807535506,-0.0236865238574844958660711815453811133841397695882643307473161,0.529757202137957868803768080613088692121206815046555398525086,False,,,True,False
2052,275,0.0209611558345585326380960831332712954037943535765068993947094,-0.116813844165441467361903916866728704596205646423493100605291,0.177115288958639633159524020783317823850948588394126724848677,0.00487616686685585762280433604737619965405428594437263913727785,1.15261836103104114209483940281297675456738034530341086120494,False,,,True,True
2053,119,0.0258373227014143902609004191806474950578486395208795385319873,-0.111937677298585609739099580819352504942151360479120461468013,0.0808343306753535975652251047951618737644621598802198846329968,-0.0163467618629160199287070982318155915500967666331865347948758,0.432161802501681086026489200106949601558486760800893714080694,False,,,True,False
2054,334,0.00949056083849837033219332094883190350775187288769300373711142,-0.128284439161501629667806679051168096492248127112306996262889,0.211122640209624592583048330237207975876937968221923250934278,0.0219937777028767942363004815331651754757526141158157809128187,1.71438794786614754874948984428163656224350234904660819714633,False,,,True,True
2055,200,0.0314843385413751645684938024819970789835044870035087846499302,-0.10629066145862483543150619751800292101649551299649121535007,0.132871084635343791142123450620499269745876121750877196162483,-0.0164828218030950863253115415429405131239223917995213388484147,0.578621298397259230418218339043968471306232213589999180698654,False,,,True,False
2056,70,0.0150015167382800782431822609390565658595820952039874458015154,-0.122773483261719921756817739060943434140417904796012554198485,0.0475003791845700195607955652347641414648955238009968614503789,-0.0125813190905312561048949403324919843821080119665009467056214,0.404452612084666393703417540194636441452539121708157435003195,False,,,True,False
2057,356,0.00242019764774882213828732060656458147747408323748649909589403,-0.135354802352251177861712679393435418522525916762513500904106,0.223105049411937205534571830151641145369368520809371624773974,0.0339453314980374298533390615031938853935106856083065099483456,2.65257515641961778457991837582134904355533072115938035974936,False,,,False,True
2058,228,0.0363655291457862519916263821097584668709847688457930090442397,-0.10140947085421374800837361789024153312901523115420699095576,0.15159138228644656299790659552743961671774619221144825226106,-0.0112603646577795417209313634953932355124087693747680970432423,0.753592934486538902416133092379396882019187571349240742014188,False,,,True,False
2059,138,0.0251051644880067102706950186143652313585759994710249120009974,-0.112669835511993289729304981385634768641424000528975087999003,0.0925262911220016775676737546535913078396439998677562280002494,-0.0179700459878985465809876723407345629795174467020277148693589,0.500661294675235437816523715872474484714564536467147352742198,False,,,True,False
2060,296,0.00713511850010816368970734627363066837905855276899719713163856,-0.130639881499891836310292653726369331620941447231002802868361,0.18678377962502704092242683656840766709476463819224929928291,0.00851016574844467162184139276447662348305207173431184483010118,1.44834151479874988360126951360600994102689091199633029256905,False,,,True,True
2061,92,0.0156452842485528353115487390381072918621106245033090419617397,-0.12212971575144716468845126096189270813788937549669095803826,0.0614113210621382088278871847595268229655276561258272604904349,-0.0146015468092856333491691980389783520655331067357070638060452,0.41738015725609094184687920655920307585443778108549325923725,False,,,True,False
2062,396,0.00104373743926720196237954099912893979657751776760197815569453,-0.136731262560732798037620459000871060203422482232398021844305,0.247760934359816800490594885249782234949144379441900494538924,0.0541871225522042293981088751171043742011358539060517973243813,10.2193627169331639253847551830645432751368220330249279377913,False,,,False,True
2063,192,0.0552308599914714313604884161162333139977133716736537754800758,-0.0825441400085285686395115838837666860022866283263462245199242,0.133807714997867857840122104029058328499428342918413443870019,-0.0197755089726550893554473345698314305537988033778496281242988,0.606505981004198894077517402197622809440888913407151790479748,False,,,True,False
2064,261,0.035455351018816342005041081546401883443914568295804147355777,-0.102319648981183657994958918453598116556085431704195852644223,0.171988837754704085501260270386600470860978642073951036838944,-0.00615875468163793104924996317623941518643424560182272481222719,0.857718183200475754750988396868012275396786484646828390425207,False,,,True,False
2065,125,0.0292965963371784109557911183701624682574803226939814225435498,-0.10847840366282158904420888162983753174251967730601857745645,0.0854491490842946027389477795925406170643700806734953556358875,-0.0106860961821200368405842375934722077474621897433368560664377,0.559020175482956562752580870426139995231356725933348100022557,False,,,True,False
2066,324,0.0186105001550583741152068807766902605100181329506445664771121,-0.119164499844941625884793119223309739489981867049355433522888,0.207152625038764593528801720194172565127504533237661141619278,0.012310468728611523932021985936891005482885452158590256892286,1.3227378775523668350957737878241040374699496352479587238404,False,,,True,True
2067,169,0.0309209688836698980472288667135812659929035851092348233693981,-0.106854031116330101952771133286418734007096414890765176630602,0.11335524222091747451180721667839531649822589627730870584235,-0.0198061052445777990989141162231937923820066003877142725865646,0.562257620231608271654428572383984166879079198120126678587538,False,,,True,False
2068,283,0.0111148636390920989483147504903874736108969847215205507828335,-0.126660136360907901051685249509612526389103015278479449217166,0.179653715909773024737078687622596868402724246180380137695708,0.0105000775151348970571776224139359844833789893073823294575853,1.71392029324553248667919069558193158673473370856666080039066,False,,,True,True
2069,77,0.0216149411542269960054923729043234580942759740289028802404188,-0.116160058845773003994507627095676541905724025971097119759581,0.0535287352885567490013730932260808645235689935072257200601047,-0.0135823873194330357327689469267025014946410913328256726175285,0.381934394840544575965307346828520603454953425008143439333835,False,,,True,False
2070,368,0.00803255383479396027272342597762095659963488269607720762289034,-0.12974244616520603972727657402237904340036511730392279237711,0.232008138458698490068180856494405239149908720674019301905723,0.0398817035749341924752107535600230035039644520091932346334114,3.24109551760039442926945830536104636611880743523955551446679,False,,,False,True
2071,214,0.0479142574097281527479341795376439601035993347052704422563018,-0.0898607425902718472520658204623560398964006652947295577436982,0.145728564352432038186983544884410990025899833676317610564075,-0.0208749524216955686202112514199042912772184836382085764109206,0.616565716404369995629695864537387376908408657287469168270752,False,,,True,False
2072,141,0.0270393049880325841277229281177396688263808510670618658453812,-0.110735695011967415872277071882260331173619148932938134154619,0.0948848262470081460319307320294349172065952127667654664613453,-0.0141078036297772704109256688924830036196545662444444783357726,0.540287300252790774045658911449136625122665361748744948957209,False,,,True,False
2073,312,0.0129315013582553137167972592252566652067262848226173875096085,-0.124843498641744686283202740774743334793273715177382612490391,0.198232875339563828429199314806314166301681571205654346877402,0.00963432093614580448536057300080750414334017511392255693328553,1.37782266175261784561510793887391741914430288921042876142144,False,,,True,True
2074,101,0.0225658222944011182021578322260641693500664599365399444428941,-0.115209177705598881797842167773935830649933540063460055557106,0.0687664555736002795505394580565160423375166149841349861107235,-0.0122004200027215098999083031884334066015704947082940511642011,0.57188369282530297790958059442156883105064140714180975266296,False,,,True,False
2075,247,0.010365402291679608302249529037630762748495965228245893278693,-0.127409597708320391697750470962369237251504034771754106721307,0.156966350572919902075562382259407690687123991307061473319673,-0.00531757223159908592728310961959050568423977458781389974507463,0.748374842986443716853617100788709195958074898240914122537668,False,,,True,False
2076,38,0.00504783006008052237496641941804025706425619064043199353361832,-0.132727169939919477625033580581959742935743809359568006466382,0.0250119575150201305937416048545100642660640476601079983834046,-0.000469925908477397277749352590800416479056630611174070414942379,0.695804368430166000461265368243882627084043256604122917797344,False,,,True,False
2077,382,0.00457790415160312509721706682723984058519956002925792311867594,-0.133197095848396874902782933172760159414800439970742076881324,0.239894476037900781274304266706809960146299890007314480779669,0.0427205392406987158729413767859591350438580373676284664418956,3.53046205725896203659241723317279029124355593203774079966344,False,,,False,True
2078,186,0.0472984433923018409701584436131989756290575973968863895605715,-0.0904765566076981590298415563868010243709424026031136104394285,0.128074610848075460242539610903299743907264399349221597390143,-0.0234294744606225462757843708492631035238711063119663683865475,0.544646888827929110000547481122833887613835217395361514020322,False,,,True,False
2079,273,0.0238689689316792946943740727639358721051864910849200211740241,-0.113906031068320705305625927236064127894813508915079978825976,0.176592242232919823673593518190983968026296622771230005293506,0.00355172903861320674508387984844193063302320276563947202300005,1.1055621189499679715968702568347593530778325295710126397934,False,,,True,True
2080,122,0.0274206979702925014394579526123778027382096938505594931970241,-0.110354302029707498560542047387622197261790306149440506802976,0.083105174492573125359864488153094450684552423462639873299256,-0.0125575226977728561851979015842324015800683749806237708351568,0.460541553661648707130341254442150010420524186795642780051662,False,,,True,False
2081,344,0.0148631752725196452542600510281454011581413188699357223618673,-0.122911824727480354745739948971854598841858681130064277638133,0.218715793818129911313565012757036350289535329717483930590467,0.0225826348321356713669432224537442916702400155055116839363962,1.70467009564009779167791779536687610416822142102155469632424,False,,,False,True
2082,206,0.0374458101046553166212032734818896928283813343754474062982636,-0.100329189895344683378796726518110307171618665624552593701736,0.138111452526163829155300818370472423207095333593861851574566,-0.0172891074933501587904756059483587240905875910145085635614739,0.605279943857352186457608479477149253648261362221711209642385,False,,,True,False
2083,82,0.0201567026113051578307276675335309687377937433609388427367897,-0.11761829738869484216927233246646903126220625663906115726321,0.0562891756528262894576819168833827421844484358402347106841974,-0.00963328943002719888698700046079116553332166665681516972055667,0.520291308197171111154575325691042127511449209452443031424952,False,,,True,False
2084,303,0.010523413181277958943740667072739803204472076704123673016233,-0.127251586818722041056259332927260196795527923295876326983767,0.192005853295319489735935166768184950801118019176030918254058,0.00873418393534884253626454175918370446514970676826979868901147,1.23648096118813138165173003237035465041138968237968538750473,False,,,True,True
2085,157,0.0192575971166268014800052088319235076696217834723934717052445,-0.118517402883373198519994791168076492330378216527606528294755,0.102939399279156700370001302207980876917405445868098367926311,-0.0154383660802715899166557035194223782904635830577381605355743,0.524260449014911829107704006401732887259788082946564648256165,False,,,True,False
2086,360,0.00381923103635521156334950531250112937915820041465531116967016,-0.13395576896364478843665049468749887062084179958534468883033,0.225954807759088802890837376328125282344789550103663827792418,0.0343004314784665376036806818362569060567810350203404183471446,3.75156905373032112559200216930265188336261742863230250081862,False,,,False,True
2087,230,0.0381196625148217491670301871487580354359392354349957295168148,-0.0996553374851782508329698128512419645640607645650042704831852,0.153279915628705437291757546787189508858984808858748932379204,-0.01081644211083093883742840114252865480486723338880450352363,0.740433754191378509045274366473384162071891448555081671464714,False,,,True,False
2088,108,0.0273032204039908103296017860062293806310720020461912259931848,-0.110471779596009189670398213993770619368927997953808774006815,0.0743258051009977025824004465015573451577680005115478064982962,-0.0203173040531439025733957644986570426457493395268512596008884,0.440109242322547322174112931537072506842175291251172744227552,False,,,True,False
2089,287,0.00698591635084690775620602150757233798532266251933996639229632,-0.130789083649153092243793978492427662014677337480660033607704,0.181121479087711726939051505376893084496330665629834991598074,0.00609693721471120375146778063749688949232099601221916437472074,1.40182325465633790094977968021247813786514761544749603622886,False,,,True,True
2090,61,0.0130828535655581115076738021450692274776436585315591307670171,-0.124692146434441888492326197854930772522356341468440869232983,0.0413957133913895278769184505362673068694109146328897826917543,-0.0109253548670432580590105626708140926960308768539748313803057,0.432050060395529712456415333549405516978573879448798489983779,False,,,True,False
2091,388,0.00215749869851485344866323947425513478161278167758429938671141,-0.135617501301485146551336760525744865218387218322415700613289,0.243039374674628713362165809868563783695403195419396074846678,0.0547684559377122631661501208161284967164301424325629875955242,10.7318324401218171561507120727345399084797446092552018395252,False,,,False,True
2092,190,0.0569259546362271166148133602903836314980429241101472869822356,-0.0808490453637728833851866397096163685019570758898527130177644,0.132981488659056779153703340072595907874510731027536821745559,-0.0255189568123408795632088422591912431468720230748348584005693,0.547837704092673802121043107796410304236358198830022082620358,False,,,True,False
2093,255,0.0314069978238862370516045180311923883511709010353124285816663,-0.106368002176113762948395481968807611648829098964687571418334,0.167226749455971559262901129507798097087792725258828107145417,-0.002577233971350388039649379898571393361725860161457491568364,0.935148784342907150397980964482446364420335800583187795304254,False,,,True,False
2094,133,0.0288297638525358490119551381326209949894450408738549370133023,-0.108945236147464150988044861867379005010554959126145062986698,0.0903324409631339622529887845331552487473612602184637342533256,-0.0118169558045330875364170494946131593272086702444787633057722,0.52984768966455244744970313149467310034710094259349748411013,False,,,True,False
2095,330,0.0170128080480027614755380886380078356622363706293761737075301,-0.12076219195199723852446191136199216433776362937062382629247,0.210503202012000690368884522159501958915559092657344043426883,0.0132586923385426912527610102531525246893790926737165051125346,1.36851058014794396630086850639321498226827382115822188295418,False,,,True,True
2096,170,0.0302715003865454527282990988911603603516154633030926788200647,-0.107503499613454547271700901108839639648384536696907321179935,0.113817875096636363182074774722790090087903865825773169705016,-0.0194754001207168018150795340328703849753521864484731047872579,0.545924221774344327984985487435726067583946895113015957866725,False,,,True,False
2097,70,0.0107961002658286509132195648582899753762632768546195740328068,-0.126978899734171349086780435141710024623736723145380425967193,0.0464490250664571627283048912145724938440658192136548935082017,-0.00294533298801814240839019107403486857174023415523419127741209,0.724595726066243985591841993160707701724039160648412122690853,False,,,True,False
2098,316,0.00785076727781050850482937378425510680452304269938538275539473,-0.129924232722189491495170626215744893195476957300614617244605,0.199462691819452627126207343446063776701130760674846345688849,0.0109659666183866886902341515208863294072878955292713844279453,1.28593086624660752649624867788834424170853141576842844086346,False,,,True,True
2099,220,0.0188167338961971971950635253051414362118109382286567671833401,-0.11895826610380280280493647469485856378818906177134323281666,0.142204183474049299298765881326285359052952734557164191795835,-0.0109052501867549268989935634543015715760570700995817664089124,0.712576870481367220349414316362742460708211067097943766570805,False,,,True,False
2100,98,0.00791148370944227029606996185083986463575386812907500077442764,-0.129863516290557729703930038149160135364246131870924999225572,0.0632278709273605675740174904627099661589384670322687501936069,-0.00414851419878924332455142482963019117935703511479652826627903,0.521910661115647326295383565463413594058732260727874344149218,False,,,True,False
2101,373,0.00376296951065302697151853702120967345639683301427847250814861,-0.134012030489346973028481462978790326543603166985721527491851,0.234065742377663256742879634255302418364099208253569618127037,0.0315175994555848302216870852417913998506433678330268772451222,2.44376523814325410711116468075712612704213728623466004711429,False,,,False,True
2102,243,0.0352805689662378571932056222630010733070402008473053497532708,-0.102494431033762142806794377736998926692959799152694650246729,0.160695142241559464298301405565750268326760050211826337438318,-0.00715529893413281079944229468275031161832001437814882211717194,0.83912642308594102563566290082900647713137716698539870693317,False,,,True,False
2103,146,0.0281252700321050463937633275802507616887201864691565276360989,-0.109649729967894953606236672419749238311279813530843472363901,0.0982813175080262615984408318950626904221800466172891319090247,-0.0181962627850023536508425341540464348965072012103087332078171,0.516148907048831150941064989897134646662606556018391167334904,False,,,True,False
2104,295,0.00992900724710269274292079342620432679221298525884779442828177,-0.127845992752897307257079206573795673207787014741152205571718,0.18685725181177567318573019835655108169805324631471194860707,0.00821004928818944688894832483265430127686191975620322611335016,1.46362634907921580236437127725071169058020972861080988143526,False,,,True,True
2105,80,0.0181390565352921396318691182588586280690749050150510205416319,-0.119635943464707860368130881741141371930925094984948979458368,0.054534764133823034907967279564714657017268726253762755135408,-0.013225441211734622695506115077523057856467961339678225558849,0.415649024917536983069232360593677466238950911978927644282895,False,,,True,False
2106,350,0.00491361532355751693636300318133557021260694367537279498278293,-0.132861384676442483063636996818664429787393056324627205017217,0.219978403830889379234090750795333892553151735918843198745696,0.034576902677685236823831007712810081081815373961863990783634,2.70884093009842458675589478884155461906691092711576472922215,False,,,False,True
2107,193,0.0394905180012427537601940108941456512944223176372367857664169,-0.0982844819987572462398059891058543487055776823627632142335831,0.130497629500310688440048502723536412823605579409309196441604,-0.0257881796746383353913071892194163015427227772356009154191194,0.522131023558837357159463470395777847153985047571922352904658,False,,,True,False
2108,118,0.0137023383266044183688868216747293497516995404016358703472975,-0.124072661673395581631113178325270650248300459598364129652702,0.0771755845816511045922217054186823374379248851004089675868244,-0.00935228884895833242907421259610587771779337143280963019732062,0.642700251162286953602049978084199106234517547179150490572459,False,,,True,False
2109,274,0.0043500494776460859398126090786234720339061689688262401499769,-0.133424950522353914060187390921376527966093831031173759850023,0.172337512369411521484953152269655868008476542242206560037494,0.00144301470179414177795598470463922126293931456579851567517469,1.10687362401417800519963905531680104385171946717997429333861,False,,,True,True
2110,41,0.0057930641794402277177685937832626932968454835346247558251516,-0.131981935820559772282231406216737306703154516465375244174848,0.0270732660448600569294421484458156733242113708836561889562879,-0.00521520288589745105096556790801812300165279747231108048978988,0.293159972544079421699427415252454345384733057747793955891121,False,,,True,False
2111,399,0.000577861293542776666803025875244570295192686062313675335361714,-0.137197138706457223333196974124755429704807313937686324664638,0.24951946532338569416670075646881114257379817151557841883384,0.0534199535051295824906364221624133509131042063246343368994205,8.50623611801363855304452411928651374542465597262469369866465,False,,,False,True
2112,212,0.0539978147986723591574394480376579212082968923869480122347822,-0.0837771852013276408425605519623420787917031076130519877652178,0.145999453699668089789359862009414480302074223096737003058696,-0.0226165988469801152365054016384083469867099724047532394318691,0.606652767747151941087371171479198335991725471160733474758261,False,,,True,False
2113,155,0.0313812159516922439209340463992495742215869199821947728029131,-0.106393784048307756079065953600750425778413080017805227197087,0.104720303987923060980233511599812393555396729995548693200728,-0.0066311864461752909307951320545822019315682747256675964809603,0.719463143167988878813999852639730863921156877140609105331692,False,,,True,False
2114,322,0.0247500295055169529901389143446673722900186452565271763219528,-0.113024970494483047009861085655332627709981354743472823678047,0.207437507376379238247534728586166843072504661314131794080488,0.00787885720687033168494472081628619914391049321930939878817959,1.19284018385316366471187466167589930163837050918094544154424,False,,,True,True
2115,248,0.0326288867123872846750836351609535714339291384758365751101324,-0.105146113287612715324916364839046428566070861524163424889868,0.163157221678096821168770908790238392858482284618959143777533,-0.000587006936535811514369382290518233460557587409138412807684962,0.981555712557965645271182154223570571314744145240490894214267,False,,,True,False
2116,103,0.0320418797758514731607142528704353379733715510666981623024474,-0.105733120224148526839285747129564662026628448933301837697553,0.0723854699439628682901785632176088344933428877666745405756119,-0.0190280389052129108961179204800855801551228953382118076676559,0.379288485613950631379166500063668774814209437948356472612652,False,,,True,False
2117,355,0.0130138408706385622645963323903497578182486557284863546347915,-0.124761159129361437735403667609650242181751344271513645365208,0.225128460217659640566149083097587439454562163932121588658698,0.0329152182058667655284277387972657856413227166892237434484871,2.44548988461115992793549620777403614022150582815536968096539,False,,,False,True
2118,181,0.0459290590765053277930240711876155434595713724177100980832786,-0.0918459409234946722069759288123844565404286275822899019167214,0.12460726476912633194825601779690388586489284310442752452082,-0.0219885307209520214028169526515368609821434641673527275386362,0.546281382323458737208683659170750370703587004017814578177181,False,,,True,False
2119,284,0.0239405283555533063902071185360786824774279082503573705446424,-0.113834471644446693609792881463921317522572091749642629455358,0.183485132088888326597551779634019670619356977062589342636161,0.00680113400512003125605245377468161218259431395525638518525178,1.21590713992155753023687987102133838094473711824136355583038,False,,,True,True
2120,127,0.0307416623606733376462595723107602946600222222056137557298942,-0.107033337639326662353740427689239705339977777794386244270106,0.0870604155901683344115648930776900736650055555514034389324736,-0.0221847742495971004480860592417659660035714664412049386811524,0.452557204557639937985352450939612838965755202865309686524415,False,,,True,False
2121,337,0.00855688811107623719817351306899432865645075576440881704874187,-0.129218111888923762801826486931005671343549244235591182951258,0.212764222027769059299543378267248582164112688941102204262185,0.0269434296048810164432344569960966152638998333944000641561433,2.88257149950285772740994599128915569433581497840886336585793,False,,,False,True
2122,205,0.0355003177159572536414079700650909439203505891588088812048851,-0.102274682284042746358592029934909056079649410841191118795115,0.137000079428989313410351992516272735980087647289702220301221,-0.0143901064655567388153085266407087335226389866972489224717494,0.612470640854802823934252979807783349148132944908940533244383,False,,,True,False
2123,76,0.0211102112504005148260994434243822103977116024615599587331358,-0.116664788749599485173900556575617789602288397538440041266864,0.0527775528126001287065248608560955525994279006153899896832839,-0.0145883060848898262545788249810091177569633698290572178057345,0.415702989985116757473032581754912118201033776242422415694595,False,,,True,False
2124,377,0.00652190516551068857152061844337309264074823263250274092740127,-0.131253094834489311428479381556626907359251767367497259072599,0.23725547629137767214288015461084327316018705815812568523185,0.044310957676320059842930215223431852840777572982555764446869,4.63922827714088972909785543374427833929370652757069834573428,False,,,False,True
2125,234,0.0508328628418307484144508336668049454815258056150585053742703,-0.0869421371581692515855491663331950545184741943849414946257297,0.158958215710457687103612708416701236370381451403764626343568,-0.0135873391928888082811759922679411194878471612065489885745158,0.732836020515533268200010507290549955069992612996422222590655,False,,,True,False
2126,148,0.0372455236489419401332748413988638259936786444085095167997545,-0.100529476351058059866725158601136174006321355591490483200245,0.101811380912235485033318710349715956498419661102127379199939,-0.0152423444075882818174286136718791930971699167390109750097919,0.556977159458408493191854303266652245717505199436180575328367,False,,,True,False
2127,301,0.0220031792413536583158462277269846328965087276694985417899626,-0.115771820758646341684153772273015367103491272330501458210037,0.193625794810338414578961556931746158224127181917374635447491,0.00479802152221967220208626191270412984447393084155079621487496,1.14993257543472401107599017464267377281186185361036278250574,False,,,True,True
2128,106,0.0268012007635733305179324896396887627409826585110493380048376,-0.110973799236426669482067510360311237259017341488950661995162,0.0729503001908933326294831224099221906852456646277623345012094,-0.0155109581178908666032136384491002275138266890779418351322913,0.514879881653571781096228847127586357555308053797042141200753,False,,,True,False
2129,264,0.0112902426456824639147188511905885352271559694331075028725463,-0.126484757354317536085281148809411464772844030566892497127454,0.167822560661420615978679712797647133806788992358276875718137,-0.00218458246366999873227422926252469264289643452645616922863141,0.898964461839273936296686499669217197567771334538711362359626,False,,,True,False
2130,51,0.0091056601820124651824446219280638425842595349066513336439149,-0.128669339817987534817555378071936157415740465093348666356085,0.0341514150455031162956111554820159606460648837266628334109787,-0.00392430795011252223226039709608475050586612568600619773178295,0.413753151076977655337925568742925502149195886670777365241397,False,,,True,False
2131,365,0.00518135223189994295018422483197909207839340922064513591213195,-0.132593647768100057049815775168020907921606590779354864087868,0.229420338057974985737546056207994773019598352305161283978033,0.0396089122438843799943171287925373004040576940331443586106468,3.26936200195993578949511049735706104533797034028071226735277,False,,,False,True
2132,187,0.0447902644757843229445013536245163924824511032537894945227787,-0.0929847355242156770554986463754836075175488967462105054772213,0.128072566118946080736125338406129098120612775813447373630695,-0.0290325473398283746758373801982969842307122046031359505083245,0.517937493416959398906301082865964101000373644750928893647542,False,,,True,False
2133,244,0.0157577171359559482686639734262194082517388986506535440144542,-0.122017282864044051731336026573780591748261101349346455985546,0.156439429283988987067165993356554852062934724662663386003614,0.0000681290963749064765332464610300608665628939269771524780378578,1.0024651145945916703882157907825259107130040794820162882747,False,,,True,True
2134,92,0.015825846232330854745197219887249469118301792577630696492492,-0.121949153767669145254802780112750530881698207422369303507508,0.061456461558082713686299304971812367279575448144407674123123,-0.00913242907014188688586054712176449928143805819939962201697737,0.506759588727277698990604865185322844348972850148377984446385,False,,,True,False
2135,327,0.00669341716218896785933667276548496983686373437823107447551467,-0.131081582837811032140663327234515030163136265621768925524485,0.206048354290547241964834168191371242459215933594557768618879,0.0162248733103879244850586613409426682022354879820743738832118,1.49531094948275934830484517836204011021619385098717298418724,False,,,True,True
2136,158,0.0229182904725768923443953341064276380390992223603054483587265,-0.114856709527423107655604665893572361960900777639694551641274,0.104479572618144223086098833526606909509774805590076362089682,-0.0194128846793671896443627737008556707593369498523705209776865,0.49103723019422587585032787700459372729243320800363631114666,False,,,True,False
2137,389,0.00350540579320970270003256040557196727976227250793492738104,-0.13426959420679029729996743959442803272023772749206507261896,0.24400135144830242567500814010139299181994056812698373184526,0.0502138740386047083322648962848474476689848615376648414852515,8.63639298859188633558063794979295225614204874003124546053018,False,,,False,True
2138,215,0.0537192798318144110322974566904194149487471340455997688662915,-0.0840557201681855889677025433095805850512528659544002311337085,0.147804819957953602758074364172604853737186783511399942216573,-0.019867223234694923013023997804863858469443459318638710013552,0.611342121170367722382292668296575291691893785056997516406431,False,,,True,False
2139,281,0.0338520565971194880192734588855555564793036747269610588527395,-0.10392294340288051198072654111444444352069632527303894114726,0.184088014149279872004818364721388889119825918681740264713185,0.0100728869609548772858275814328686570851723963833209183760851,1.35028142746062367717491994626310181892510429287604854822639,False,,,True,True
2140,124,0.0439249435580743653051010403184242135644760711102819772288246,-0.0938500564419256346948989596815757864355239288897180227711754,0.0884812358895185913262752600796060533911190177775704943072062,-0.0271521086617647095914720314307030029235014919783276418389338,0.395176516863982770912293143205829331795290144666780254652128,False,,,True,False
2141,313,0.0167728348963096557136290088877212106409745791319543353898908,-0.121002165103690344286370991112278789359025420868045664610109,0.199818208724077413928407252221930302660243644782988583847473,0.0176808497114429225214900105129791135190686864851707398307904,1.72096560401303605424186074626178607458105092701317873460867,False,,,True,True
2142,174,0.0344536846077525782351190194007003241600432656171250752206812,-0.103321315392247421764880980599299675839956734382874924779319,0.11736342115193814455877975485017508104001081640428126880517,-0.019040469631387550652479528467594774347956397375358009526329,0.507080544533183834985717835471661154344699276499240267563383,False,,,True,False
2143,66,0.0154132149763650275826394909331055498120868682417670656943523,-0.122361785023634972417360509066894450187913131758232934305648,0.0451033037440912568956598727332763874530217170604417664235881,-0.00668154730322061003455217955389815849778433637631507349894817,0.438638046303261684404233463013083575969802126698886400209408,False,,,True,False
2144,348,0.00873166767314441754808731137920739131430253186545199219540409,-0.129043332326855582451912688620792608685697468134548007804596,0.219682916918286104387021827844801847828575632966362998048851,0.0263161416855352269965676909939617881771813648646551546404931,1.96068887543625794630646379599191961878445996502435938047472,False,,,False,True
2145,228,0.0350478093586796445446550023731691794914838967301071468358972,-0.102727190641320355455344997626830820508516103269892853164103,0.151261952339669911136163750593292294872870974182526786708974,-0.013395945277053651008061395680895905026185360271718283075845,0.711128478744748366790349292118677521682512775860197366310858,False,,,True,False
2146,111,0.0216518640816259935365936066922732744652985364583888637600522,-0.116123135918374006463406393307726725534701463541611136239948,0.0747879660204064983841484016730683186163246341145972159400131,-0.0161568936121306218227412798772900663447574211234260293200553,0.492307032855480116823597103785476669959548082448021167843013,False,,,True,False
2147,293,0.00549497046949537171385232681498320812054111533496283443999694,-0.132280029530504628286147673185016791879458884665037165560003,0.184498742617373842928463081703745802030135278833740708609999,0.00625923216118934379458013032014121547517475294412317314875984,1.26967897647405491274822099017498297596612303489316007076674,False,,,True,True
2148,152,0.0117542026306847155084324571351244235957158682790860075887568,-0.126020797369315284491567542864875576404284131720913992411243,0.0979385506576711788771081142837811058989289670697715018971892,-0.00822703414922481011163196117612789740132495114397015932115288,0.511408150742319385670671497814866402809270266527453702112526,False,,,True,False
2149,383,0.00352716848145990539680049595899652619439091713511584826760391,-0.134247831518540094603199504041003473805609082864884151732396,0.240256792120364976349200123989749131548597729283778962066901,0.0405403320154334310189438291938244177229622999130213353386473,5.18536090479165581930370775054767860267862262600893303091839,False,,,False,True
2150,204,0.0440675004968933364157443251528209439173532170481371836062512,-0.0937074995031066635842556748471790560826467829518628163937488,0.138516875124223334103936081288205235979338304262034295901563,-0.0200691157644759457557673430981863190300797358214016099182988,0.611749467026993528634627985993996454071521626467411120227747,False,,,True,False
2151,261,0.0239983847324173906599769820546346248872734812267355736879524,-0.113776615267582609340023017945365375112726518773264426312048,0.169124596183104347664994245513658656221818370306683893421988,0.00452831864032110392119979270245302353815153722640890079076532,1.18432685306659639548128674213789997493341545095755730195849,False,,,True,True
2152,91,0.0285267033727384945811767747570876484254250184531444744787177,-0.109248296627261505418823225242912351574574981546855525521282,0.0640066758431846236452941936892719121063562546132861186196794,-0.0171414461450402285914725508044862082790798514244730225113371,0.351413989504650978538047482825016220797352210132968416213813,False,,,True,False
2153,335,0.0113852572276982659897042239526014401463451670286714519673806,-0.126389742772301734010295776047398559853654832971328548032619,0.212221314306924566497426055988150360036586291757167862991845,0.0223964990933530654128372745873922571881512441231552723166296,1.7877761344845954824884125659639837404581229493666494479123,False,,,False,True
2154,167,0.0337817563210513314025414985399936973344964111518267242840102,-0.10399324367894866859745850146000630266550358884817327571599,0.112820439080262832850635374634998424333624102787956681071003,-0.0241918919683277651408287687946683918483109059001588748165647,0.513902631875467198461469696958540169759615031892680527782147,False,,,True,False
2155,52,0.00958986435272356626171272974532530548618550525166784946744549,-0.128185135647276433738287270254674694513814494748332150532555,0.0348974660881808915654281824363313263715463763129169623668614,-0.00340299746944684141947914650751263533606963561301841428181423,0.650871699412555815184013727904864729060379542847958361134433,False,,,True,False
2156,305,0.00618686688327672484223358323781267015011586963864943518563127,-0.131588133116723275157766416762187329849884130361350564814369,0.192171716720819181210558395809453167537528967409662358796408,0.00850816276446966404046985516945182666350198807697413756520285,1.23925061675233327649623798086453796412733252356306538668851,False,,,True,True
2157,219,0.0146950296477463888827034384072644968136178577156235727508341,-0.123079970352253611117296561592735503186382142284376427249166,0.140548757411936597220675859601816124203404464428905893187709,-0.00740680884289389970782339646387365827018175346956293643487954,0.793959473810212646506492153067947483689384431619659640000677,False,,,True,False
2158,107,0.00728822080485248917488004194339083854343610424606063631595458,-0.130486779195147510825119958056609161456563895753939363684045,0.0686970552012131222937200104858477096358590260615151590789886,-0.00401687000057072034535552542840905369509644330647375034858853,0.548545789882541045817038972469082964167350927748952476573996,False,,,True,False
2159,370,0.00327135080428176882952451651498178484833966093958688596736605,-0.134503649195718231170475483485018215151660339060413114032634,0.232067837701070442207381129128745446212084915234896721491842,0.0272145864801312630732820063528790903147078847038301372718569,1.94351787348662957294940067238850119479738497186433687821977,False,,,False,True
2160,186,0.0304859372844130319028065228678608751630475456434170232392229,-0.107289062715586968097193477132139124836952454356582976760777,0.123871484321103257975701630716965218790761886410854255809806,-0.0162562090094759413212404748663984469497490025883975310479427,0.624123522325923231888085679097384915750078269283545077279342,False,,,True,False
2161,273,0.0142297282749370905815660480014624282132985430550194921912803,-0.12354527172506290941843395199853757178670145694498050780872,0.17418243206873427264539151200036560705332463576375487304782,0.00465922373110452074180680745129841735635649464299930889604334,1.20615396921445210880287049423051232077240928576044888786917,False,,,True,True
2162,81,0.0188889520060416113233728554527608455696550376980188010873236,-0.118886047993958388676627144547239154430344962301981198912676,0.0553472380015104028308432138631902113924137594245047002718309,-0.015878526053350859772990958839662052760762812579355107004033,0.357162062923792249321719478348246602055404050132323058008609,False,,,True,False
2163,357,0.00301042595269075155038189661309879280889222511866369408329057,-0.134764574047309248449618103386901207191107774881336305916709,0.223877606488172687887595474153274698202223056279665923520823,0.0346263298171251471527283286810903383791540536120700159497291,2.98201929269337297483382868108492663163621058553160636881787,False,,,False,True
2164,155,0.0376367557698158987031102252941891311880462787307337100330197,-0.10013824423018410129688977470581086881195372126926628996698,0.106284188942453974675777556323547282797011569682683427508255,-0.0201561214906424232466779538978256759758581725994361352785042,0.556636016069988991172639573011885128462438041612425244723115,False,,,True,False
2165,246,0.0174806342791734754564322713963634552121881061312975747545155,-0.120294365720826524543567728603636544787811893868702425245484,0.158120158569793368864108067849090863803047026532824393688629,-0.00712334703012604104382410710787522407808239170010801080820441,0.784452371306751190301612702289321351732202272793045681280318,False,,,True,False
2166,58,0.0103572872490474344126081642884882311341057144311895639463111,-0.127417712750952565587391835711511768865894285568810436053689,0.0388393218122618586031520410721220577835264286077973909865778,-0.00726828876125935832111158171471443242603539761265985259633204,0.461827597915436584213662322093394477014919046737328346316197,False,,,True,False
2167,321,0.00308899848778807609149658257377379870807031681852971134997905,-0.134686001512211923908503417426226201291929683181470288650021,0.201397249621947019022874145643443449677017579204632427837495,0.0173512087760085270050085278442543013248578333709845560099364,1.6499958547494101244891531005105623134382252309758646468829,False,,,True,True
2168,133,0.0204402072637966030965051104180281000329281501895142673599154,-0.117334792736203396903494889581971899967071849810485732640085,0.0882350518159491507741262776045070250082320375473785668399789,-0.0187017648241055711402178018383204458309031783215366659274967,0.497374198264474202680407538169003250992067754366696484420395,False,,,True,False
2169,395,0.00173844243969103195628730857970765420202497186797760143241875,-0.136036557560308968043712691420292345797975028132022398567581,0.247309610609922757989071827144926913550506242966994400358105,0.0571304680782587548510739900716160870471553007333315576719374,13.7147829709140590974931957309750927383061504508906709492467,False,,,False,True
2170,210,0.0588689105179497868073612986513237412491802726013091591043561,-0.0789060894820502131926387013486762587508197273986908408956439,0.145967227629487446701840324662830935312295068150327289776089,-0.0237784098024321705604541220118534353922000148550164583179095,0.577491590650534318193428893978898709704434507768120828799203,False,,,True,False
2171,282,0.0350905007155176162469071766394703058569802577462927007864466,-0.102684499284482383753092823360529694143019742253707299213553,0.185022625178879404061726794159867576464245064436573175196612,0.00620199328520960490515752591454124543454009898781322151073566,1.19496220416584668165298710264938479850722585489048289779129,False,,,True,True
2172,117,0.0412924940007272211520647025540115512915203567341059222971823,-0.0964825059992727788479352974459884487084796432658940777028177,0.0834481235001818052880161756385028878228800891835264805742956,-0.0248481000381426147178884913116653948358248193805587256359914,0.449053970219611958561019980496920570559447198064833549535487,False,,,True,False
2173,236,0.0164443939625846064341762112423461564556955373535471966611909,-0.121330606037415393565823788757653843544304462646452803338809,0.151611098490646151608544052810586539113923884338386799165298,-0.00393959895739873749712285746907499259447212503361026268202192,0.82782645471768801999191538733199882386391099318972501978038,False,,,True,False
2174,342,0.012504795005185868937053353773271163861223412319936933979169,-0.125270204994814131062946646226728836138776587680063066020831,0.216876198751296467234263338443317790965305853079984233494792,0.0302298052556013455552486896072594255250299354118717912829766,3.02366155604554364505629783472658329721331025689514598065838,False,,,False,True
2175,164,0.0427346002607872144923020433805305893862533477318087252621456,-0.0950403997392127855076979566194694106137466522681912747378544,0.113183650065196803623075510845132647346563336932952181315536,-0.025202513325735487449258138797672791546929406569075893399749,0.455123546568393920660081364051020478597130929837834534469199,False,,,True,False
2176,73,0.0175320869350517270430439045828577978393239411627328318623966,-0.120242913064948272956956095417142202160676058837267168137603,0.0500080217337629317607609761457144494598309852906832079655992,-0.00734686697010893415397182662247763762348312391315507071400215,0.560827830757136854580515055793188557231075609616932765335374,False,,,True,False
2177,301,0.0101852199649427928890720779603801602158408172495777611483945,-0.127589780035057207110927922039619839784159182750422238851606,0.190671304991235698222268019490095040053960204312394440287099,0.00533057810470189996294953534916149432416382071757228613314893,1.12608142055046685654992930272921727789458510744217482327381,False,,,True,True
2178,193,0.0155157980696446928520216133095416545400046379671500472815434,-0.122259201930355307147978386690458345459995362032849952718457,0.124503949517411173213005403327385413635001159491787511820386,-0.0104989345602050636585842150178695988855341132647848015563396,0.60691197893460826502726080848792781173695495539690543249669,False,,,True,False
2179,375,0.00501686350943962919343739829167205565447052470236524572520376,-0.132758136490560370806562601708327944345529475297634754274796,0.235629215877359907298359349572918013913617631175591311431301,0.0392927152728829745997112931801200008872829561816950730305785,6.65149168682870234259074486898817886612678818569586919963898,False,,,False,True
2180,138,0.0443095787823226037931486914717920565417534808840603187557823,-0.0934654212176773962068513085282079434582465191159396812442177,0.0973273946955806509482871728679480141354383702210150796889456,-0.0166736019604924146763266636390968672022555752857582089754755,0.57230282459314477106632990902421196309618674539606261955235,False,,,True,False
2181,259,0.0276359768218301891168220278326951893394979055983021097803068,-0.110139023178169810883177972167304810660502094401697890219693,0.168783994205457547279205506958173797334874476399575527445077,-0.00785311270907771184718288267203258831149528445872492893426034,0.794120759628750233781279960378651083222875956900669761446436,False,,,True,False
2182,90,0.0197828641127524772696391451606626010280026211395771808460464,-0.117992135887247522730360854839337398971997378860422819153954,0.0611957160281881193174097862901656502570006552848942952115116,-0.00930365614165941069697655926465177242444448665542667535305397,0.50441532269486828622001223040544149096004950965090450556352,False,,,True,False
2183,328,0.0104792079710930665726625858960108286035581344841505054929925,-0.127295792028906933427337414103989171396441865515849494507008,0.207619801992773266643165646474002707150889533621037626373248,0.0188488211982811944654907264893960583721312979147099479697227,1.57101349075996931601621652028289529006545891408581865418369,False,,,True,True
2184,206,0.0293280291693742610381533123854068869756894323988604534627152,-0.108446970830625738961846687614593113024310567601139546537285,0.136082007292343565259538328096351721743922358099715113365679,-0.0178088263417598876717560828957923520338085519258909346884073,0.59717936438486383451680688568174793154496485873239276132111,False,,,True,False
2185,56,0.0115192028276143733663972294896145349418808804729695187743079,-0.126255797172385626633602770510385465058119119527030481225692,0.037879800706903593341599307372403633735470220118242379693577,-0.00792192461172746112341119069131758679727105921722427337733518,0.444799011760434709524169241432622708719461309911038261859675,False,,,True,False
2186,362,0.00359727821588691224298603879829694814460982125574524539697269,-0.134177721784113087757013961201703051855390178744254754603027,0.227149319553971728060746509699574237036152455313936311349243,0.0371227320170624237788867536294960247370950703870264770491186,3.07739659092918144323902525721895414424313572656066327444194,False,,,False,True
2187,172,0.0407200102329493360218727924277929728817048916427717224460913,-0.0970549897670506639781272075722070271182951083572282775539087,0.117680002558237334005468198106948243220426222910692930611523,-0.0183043208174832723060390836111915217853096753864823029511997,0.58413152794101457945390967139620435939949786756371626925499,False,,,True,False
2188,275,0.0224156894154660637158337088166014510963952162562894194948916,-0.115359310584533936284166291183398548903604783743710580505108,0.177478922353866515928958427204150362774098804064072354873723,0.00128662846317279712967711960539859704276188257939499893459621,1.03688819455678181576587380484993490794407375306833867253481,False,,,True,True
2189,114,0.0237023178786388608455108284220000481391570988356844184294878,-0.114072682121361139154489171577999951860842901164315581570512,0.077175579469659715211377707105500012034789274708921104607372,-0.0197167067041112231510189328828951226534564886198165898857615,0.457184048395051121361548737013463128964162551660770058385191,False,,,True,False
2190,311,0.00398561117452763769449189553910492548570061021586782854372634,-0.133789388825472362305508104460895074514299389784132171456274,0.195371402793631909423622973884776231371425152553966957135932,0.0140936727244215315927166684162251077541516005386009205730488,1.76705732466707154362811138461790181258874436491888697690673,False,,,True,True
2191,219,0.0180792838989491692872085639553300332398522107544687491167751,-0.119695716101050830712791436044669966760147789245531250883225,0.141394820974737292321802140988832508309963052688617187279194,-0.00574200162198551751015542950822897285537562224117872755904853,0.791036688523500403931863249650771499009454154149689766022706,False,,,True,False
2192,71,0.0123372822769636517770531344471010603844765885132900215577266,-0.125437717723036348222946865552898939615523411486709978442273,0.0474593205692409129442632836117752650961191471283225053894316,-0.0102741424859596078725436788426118209737649550901658091408319,0.307556284173147095570749569576241032539400967525284065583295,False,,,True,False
2193,391,0.00206313979100404390450945560448923941071163342312421241689465,-0.135711860208995956095490544395510760589288366576875787583105,0.244890784947751010976127363901122309852677908355781053104224,0.0448881896070624465988477099066654634634399461313123239011314,4.2232937014162714291527428150527035485205280735682241705295,False,,,False,True
2194,182,0.0469513293980664905033571655111547028741515795544365363180261,-0.0908236706019335094966428344888452971258484204455634636819739,0.125487832349516622625839291377788675718537894888609134079507,-0.0207860125030460101510885642659864967719052807031408864837356,0.584004654778377480930903558997677157789766594216989395348053,False,,,True,False
2195,255,0.0261653168950204803522686012451682061022462988512956498342905,-0.11160968310497951964773139875483179389775370114870435016571,0.165916329223755120088067150311292051525561574712823912458573,-0.00326199121200191027518467230997537356495708481478686721077759,0.916096145922425180456669056806118612844688936494580033742305,False,,,True,False
2196,124,0.0229033256830185700770839289351928325372892140365087826235129,-0.114871674316981429922916071064807167462710785963491217376487,0.0832258314207546425192709822337982081343223035091271956558782,-0.00978862770288944909839455703627097668592671103080849623807014,0.530331434667071570209059506216930770769036253654196867366505,False,,,True,False
2197,345,0.0131146979801291209786893718989218558513625030057002863854427,-0.124660302019870879021310628101078144148637496994299713614557,0.218903674495032280244672342974730463962840625751425071596361,0.0179767197250206509384597889925759140312561912343788702463892,1.51542471535126082658117875369182312759585235507441359018869,False,,,False,True
2198,201,0.0310914177051497719171491608914977698826186942400791566318319,-0.106683582294850228082850839108502230117381305759920843368168,0.133397854426287442979287290222874442470654673560019789157958,-0.0143349260791700460738925074616812753465478501480647534702139,0.63939840109926880212790209351243119913924150071212008896593,False,,,True,False
2199,82,0.016756491625979725843256653429816494536070844092014403161618,-0.121018508374020274156743346570183505463929155907985596838382,0.0554391229064949314608141633574541236340177110230036007904045,-0.00448244115436337559075746267985479378022843881063153576586625,0.704954392986148528330832629756122516447909865797715395408137,False,,,True,False
2200,296,0.0122740504716163502524991907499617007558424052813828673957518,-0.125500949528383649747500809250038299244157594718617132604248,0.188068512617904087563124797687490425188960601320345716848938,0.0000990248542037457278395676973744813256415266664944807921095881,1.00225770668506076241364905363419052618054970834957446589624,False,,,True,True
2201,149,0.0123730753258200959803387584473361820814839319478773481878614,-0.125401924674179904019661241552663817918516068052122651812139,0.0962182688314550239950846896118340455203709829869693370469653,-0.00826002930005915023812008145981997857573744334084327231058793,0.543665573964299580853771556012674935226896119194287372939527,False,,,True,False
2202,380,0.00411304602576094574221867698751620350574648860703407587727343,-0.133661953974239054257781323012483796494253511392965924122727,0.238528261506440236435554669246879050876436622151758518969318,0.0405327280966703676612597644730832332871857911318228599091334,3.56328909654796769841564012918466956706800609680370509889626,False,,,False,True
2203,235,0.0446457741224313134034784414605994367929322797388569357864069,-0.0931292258775686865965215585394005632070677202611430642135931,0.158036443530607828350869610365149859198233069934714233946602,-0.0142994318194954963247004974744383049234723713345374379969765,0.695722198913017300802532243699929290810673408642254282866714,False,,,True,False
2204,109,0.0303463423029358170787779439861611318694599084043194977894304,-0.10742865769706418292122205601383886813054009159568050221057,0.0757115855757339542696944859965402829673649771010798744473576,-0.011170853570910132437182113080601393986823978868969432106237,0.544375699914160804805991119117893149807328304306347189923929,False,,,True,False
2205,319,0.0191754887320256846415958309055597378826359295353500656831934,-0.118599511267974315358404169094440262117364070464649934316807,0.204168872183006421160398957726389934470658982383837516420798,0.0133279382001867605163854576539294459892075254091931189449399,1.36006177290269125843060855210718435713634847153540533285812,False,,,True,True
2206,177,0.0325034269322124451579812885594891838718434549445431846281333,-0.105271573067787554842018711440510816128156545055456815371867,0.118750856733053111289495322139872295967960863736135796157033,-0.0194765322941966924184227138224698819486070562607606967174021,0.573069632605697812323667029694181126775479769237537135403508,False,,,True,False
2207,271,0.0130268946380157527395585747370193019232363986837824879107312,-0.124748105361984247260441425262980698076763601316217512089269,0.172631723659503938184889643684254825480809099670945621977683,0.00611131997047525586959385660121989634058762106941552776460155,1.34475289290110093948314586532059847089837835857345225215797,False,,,True,True
2208,72,0.0191382146084910086091524313382391982638240197531980156753328,-0.118636785391508991390847568661760801736175980246801984324667,0.0497845536521227521522881078345597995659560049382995039188332,-0.0132724023310934997056141186637243495598729473067277203584457,0.33221668346626137907144052929052199041549098325026441598959,False,,,True,False
2209,354,0.00586581227739750890353831267451484870395107244647029531688706,-0.131909187722602491096461687325485151296048927553529704683113,0.222716453069349377225884578168628712175987768111617573829222,0.0310936573982846743876808098062885467815362736339931691592324,2.4188241462951412830774313143189926654387939437616778015472,False,,,False,True
2210,196,0.0369594696756821832912191224808033954854873460804634644761194,-0.100815530324317816708780877519196604514512653919536535523881,0.13173986741892054582280478062020084887137183652011586611903,-0.0207499875150503776675463772468923139924400591635435949331608,0.582073576658857205746323077744047138561933753126126448871322,False,,,True,False
2211,126,0.0162094821606318056236727452339110814930472869169198695429587,-0.121565517839368194376327254766088918506952713083080130457041,0.0828023705401579514059181863084777703732618217292299673857397,-0.011536381643128379315227351641688850501104597670328067993963,0.582661739932947215751421498079727333049370703497993615538554,False,,,True,False
2212,304,0.00467310051750342630844539359222223099194268924659180154899562,-0.133101899482496573691554606407777769008057310753408198451004,0.191168275129375856577111348398055557747985672311647950387249,0.00670159678950957397610389903259709066346888143880532961500387,1.50715341084937717505812078174707179409236225284697287496778,False,,,True,True
2213,56,0.0113746973070130002845492926248193216554115706853971311639995,-0.126400302692986999715450707375180678344588429314602868836001,0.0378436743267532500711373231562048304138528926713492827909999,-0.00867277435943517643611574251626579571599471942958520722335539,0.510026093225223175727224093497636516431763037586238079318766,False,,,True,False
2214,243,0.00270192294757782384843355010855352593941685125581192394064409,-0.135073077052422176151566449891446474060583148744188076059356,0.152550480736894455962108387527138381484854212813952980985161,-0.00165204505337282067223534569706847645926951484006002898761186,0.816282154408778517082113153631739939853566795842034113786732,False,,,True,False
2215,386,0.00104987789420500317619820441148504948014733641575189495303223,-0.136725122105794996823801795588514950519852663584248105046968,0.241512469473551250794049551102871262370036834103937973738258,0.0490361218168268957959879398872519298427626229984040239265203,7.17435524600509726362019085958866844564934089747756355336339,False,,,False,True
2216,161,0.0500859997110318989721861442987369793229099594141559188795526,-0.0876890002889681010278138557012630206770900405858440811204474,0.113146499927757974743046536074684244830727489853538979719888,-0.0274472654123310296328961307205912482905144265229605979306794,0.491900446141074806970036557273478528477746177291476949109717,False,,,True,False
2217,280,0.0226387342987008693392900135781457310323955328911953209488732,-0.115136265701299130660709986421854268967604467108804679051127,0.180659683574675217334822503394536432758098883222798830237218,0.00678133481512716661925222524681833919493548234216969421389418,1.24482338528384190642348351096805885042671735293090796192616,False,,,True,True
2218,105,0.0294200691138280359585422388249640702273310152333650151627673,-0.108354930886171964041457761175035929772668984766634984837233,0.0729800172784570089896355597062410175568327538083412537906918,-0.0178948251301615113770466402345076025355525489063216092632634,0.454550919159453838303865240895066023598512354552424333900396,False,,,True,False
2219,336,0.0115252439836665245814955985904564676917784663270434058995039,-0.126249756016333475418504401409543532308221533672956594100496,0.212881310995916631145373899647614116922944616581760851474876,0.0276088199206149359654954926415434741831527024379936101903904,2.08080685207134429413716525909728399824947204368024311835086,False,,,False,True
2220,207,0.0391340639042814605469910912319999418749311687650370160898943,-0.0986409360957185394530089087680000581250688312349629839101057,0.139158515976070365136747772807999985468732792191259254022474,-0.0211345875092319101538898928171975471741062298050033497901392,0.593052326444318047560355533272511457699223626355483895466595,False,,,True,False
2221,80,0.0179994763950495503931011984148023947008249389600336662997551,-0.119775523604950449606898801585197605299175061039966333700245,0.0544998690987623875982752996037005986752062347400084165749388,-0.0131044230993683683913839778703220542170530609501014256704567,0.461464855691778852011556846542552556789908318126605194808765,False,,,True,False
2222,366,0.00489505329568118200171722054448034048377187800993224062929836,-0.132879946704318817998282779455519659516228121990067759370702,0.229973763323920295500429305136120085120942969502483060157325,0.0404530542111218722689970018170040881331163035943365812183705,3.55572306047001692251180395405040516386881155979300392203933,False,,,False,True
2223,227,0.0453481075068030542707142223614844286168881816042688218476688,-0.0924268924931969457292857776385155713831118183957311781523312,0.153212026876700763567678555590371107154222045401067205461917,-0.0134994334119807115580182993810078739606291561285231117396168,0.724092609108391331356054417090535858219673144027036894402313,False,,,True,False
2224,143,0.0318486740948223427126959229804765546562590254757457101080521,-0.105926325905177657287304077019523445343740974524254289891948,0.097337168523705585678173980745119138664064756368936427527013,-0.0172815989101849363338027759787128113979209707178843856948923,0.527606663829924062577383565992350507402975506953127910928512,False,,,True,False
2225,293,0.0145670751846374063788931470017637432583380547578613244131598,-0.12320792481536259362110685299823625674166194524213867558684,0.18676676879615935159472328675044093581458451368946533110329,0.00392185339159393253950754554156768817629950332254364350274597,1.1345182755777669850967035029835358068723125196340859717782,False,,,True,True
2226,96,0.0184889285762313389184006925433314314346375580804049679159057,-0.119286071423768661081599307456668568565362441919595032084094,0.0646222321440578347296001731358328578586593895201012419789764,-0.0151912337229947687552822324252514824948895348894928241605171,0.472225819760658843028159887606447853209913894127440272438064,False,,,True,False
2227,326,0.00329769485323657016311846011807994893974802319091214375538863,-0.134477305146763429836881539881920051060251976809087856244611,0.204574423713309142540779615029519987234937005797728035938847,0.0249212518737802094645685016822207204925375598878132099675532,2.02682099693799981496729186121722745804357729249270235420056,False,,,True,True
2228,183,0.0282189467270167796276869618003006694322855830787253537229419,-0.109556053272983220372313038199699330567714416921274646277058,0.121429736681754194906921740450075167358071395769681338430735,-0.0206561843861410456752428007747920552847176699825416545094104,0.535474697711084455811075728290548390384013928705778149686045,False,,,True,False
2229,46,0.00756276234087573395244416102550861414756791309618369921353146,-0.130212237659124266047555838974491385852432086903816300786469,0.0306406905852189334881110402563771535368919782740459248033829,-0.00669408174568197425841695200139038483588900817951255466286959,0.474593422955297941369992915001239388965464515412075888805985,False,,,True,False
2230,397,0.000868680595193759694027209024118229311678904916671144550661877,-0.136906319404806240305972790975881770688321095083328855449338,0.248342170148798439923506802256029557327919726229167786137665,0.0558107410820994890637503135574431656998450913193011332643172,27.1412404181545278051143845081548823568698602587859267992439,False,,,False,True
2231,247,0.0566794216772932487577775225815613950115239962359722778149791,-0.0810955783227067512422224774184386049884760037640277221850209,0.168544855419323312189444380645390348752880999058993069453745,-0.0123937155312156229410413030075553560776545292837403476328166,0.763841594004291067479749810371735573606757183608465403758826,False,,,True,False
2232,154,0.0442857061460776258167362195740060389338694669522319301821624,-0.0934892938539223741832637804259939610661305330477680698178376,0.107321426536519406454184054893501509733467366738057982545541,-0.0206570219326119587792199063730823525488021012727087538129039,0.527931524820672613685626923003756016188713711875957184401449,False,,,True,False
2233,284,0.0236286842134656670375163132009236863850673656795231763692585,-0.114146315786534332962483686799076313614932634320476823630741,0.183407171053366416759379078300230921596266841419880794092315,0.00355748835498468351975120951294030973516280128055806462786476,1.1071972744168811364375010410325788877178482864318486807817,False,,,True,True
2234,112,0.0271861725684503505572675227138639961202301669600812409971233,-0.110588827431549649442732477286136003879769833039918759002877,0.0767965431421125876393168806784659990300575417400203102492808,-0.0123052082392889476252097265754295279070901858702556996819971,0.469802631545480916363573246195774455209027561073133159996854,False,,,True,False
2235,349,0.0148809643291614029320577961384344682131399810898255413151261,-0.122894035670838597067942203861565531786860018910174458684874,0.221845241082290350733014449034608617053284995272456385328782,0.029587623431045228543013794181869719257002205932792398699039,2.14774481750766974038985311953215307137084849844636275620201,False,,,False,True
2236,204,0.0444685877602066314750715903203041874701421870226179400141651,-0.0933064122397933685249284096796958125298578129773820599858349,0.138617146940051657868767897580076046867535546755654485003541,-0.0241445394313583335296925628933793254899686179180696732445519,0.554175816401172403181691912734287795605621235092099727636291,False,,,True,False
2237,81,0.0203240483288482979453790274269248619801735691045482667696133,-0.117450951671151702054620972573075138019826430895451733230387,0.0557060120822120744863447568567312154950433922761370666924033,-0.00566847634854221476441819975573178182310109355314698328273404,0.632527523105665704559664192352543505362160116891073747165874,False,,,True,False
2238,310,0.0146555719803060831809608276711930801570724755514012834868792,-0.123119428019693916819039172328806919842927524448598716513121,0.19741389299507652079524020691779827003926811888785032087172,0.00984928335108002441336355385759923662355764335532197127432241,1.25637528866256477514295106017966045802545864956273858847863,False,,,True,True
2239,171,0.0245048553313861075943243815287923167806301189067232547612017,-0.113270144668613892405675618471207683219369881093276745238798,0.1130012138328465268985810953821980791951575297266808136903,-0.0170919822119737114899300501049375818814904378578525629153854,0.582735349842268700769487273337402468570505056894510416968346,False,,,True,False
2240,372,0.0074128731194123961043943314238547348991396810488706918458163,-0.130362126880587603895605668576145265100860318951129308154184,0.234353218279853099026098582855963683724784920262217672961454,0.0429537412551916191083078607834405391316135067413297514385118,4.14005243057189605477797628902783710365411576400668797790978,False,,,False,True
2241,233,0.0503666143746040152127021922072952740307531877902004432843281,-0.0874083856253959847872978077927047259692468122097995567156719,0.158216653593651003803175548051823818507688296947550110821082,-0.0128622050474536274516679368418128701049042147791464226667973,0.729384485165218298329470382680792868570076470916933559917407,False,,,True,False
2242,127,0.0375044093271503877610342553654824039258489730110540206175308,-0.100270590672849612238965744634517596074151026988945979382469,0.0887511023317875969402585638413706009814622432527635051543827,-0.0187071958267338180582936099731646462799195638464239011588492,0.509875109586250282081733467984527057363928322676185569740002,False,,,True,False
2243,273,0.0187972135004165697027406453923177576459294091646301194586816,-0.118977786499583430297259354607682242354070590835369880541318,0.17532430337510414242568516134807943941148235229115752986467,-0.000970049425145253254542011625243403143177691984246897618410531,0.963264919407913713613767691999283621206780207896901488221978,False,,,True,False
2244,70,0.017827164075271316448198633767074354502751717180383221840271,-0.119947835924728683551801366232925645497248282819616778159729,0.0482067910188178291120496584417685886256879292950958054600678,-0.00913400035564662684239355164212206841499950515198457970586234,0.425077740584838654379713127283875679373930017521857433982467,False,,,True,False
2245,339,0.00869316371962468960580508212495228608775221202839864213440869,-0.129081836280375310394194917875047713912247787971601357865591,0.214048290929906172401451270531238071521938053007099660533602,0.0268000466399842755379001898729149689021036545259866875076794,2.01114114602778739661293975398543189486360216991320310665089,False,,,False,True
2246,188,0.0354932103596089651437052719978672549898558665543853296420881,-0.102281789640391034856294728002132745010144133445614670357912,0.126373302589902241285926317999466813747463966638596332410522,-0.0253156943671700985699828412084535155498278606398191008937892,0.524540064593576586766013970472579094986139730343480606677712,False,,,True,False
2247,102,0.0101775159924388665737224307894137394400280059145662287482989,-0.127597484007561133426277569210586260559971994085433771251701,0.0662943789981097166434306076973534348600070014786415571870747,-0.00651323134190329830241189487427578541661469314269160267786638,0.656909863683306026953501271076366838697243624806954795049849,False,,,True,False
2248,300,0.00366428465053556827131053591513795402341331277187462607043249,-0.134110715349464431728689464084862045976586687228125373929568,0.188416071162633892067827633978784488505853328192968656517608,0.00396075295134863241990040455113780627011453887006035925730131,1.17127475910102453689561231487326465874848720593793365983422,False,,,True,True
2249,217,0.00762503760188420069121094046627576029352785164193498532773379,-0.130149962398115799308789059533724239706472148358065014672266,0.137531259400471050172802735116568940073381962910483746331933,-0.00199920093756088219895316520553934163805394611649503228850921,0.868771281454001800246148071509000678090790906762941258917345,False,,,True,False
2250,40,0.00562583666432331849225777526073641865547390552543995303922458,-0.132149163335676681507742224739263581344526094474560046960775,0.0264064591660808296230644438151841046638684763813599882598061,-0.00305266557147665238053197930989036289514301621192122900659154,0.281290412912858731402705934895098494200589535982232708679917,False,,,True,False
2251,384,0.00257317109284666611172579595084605576033088931351872403263304,-0.135201828907153333888274204049153944239669110686481275967367,0.240643292773211666527931448987711513940082722328379681008158,0.039524229130555069851852963742128733505587943213607398256381,3.32911530786703966745659643195669914562779700816333602220032,False,,,False,True
2252,157,0.042097400223401735963578759692974789265918832527126122289014,-0.095677599776598264036421240307025210734081167472873877710986,0.108649350055850433990894689923243697316479708131781530572253,-0.0193353516114929801089117045489449406976868540479103429177127,0.562327194615535620584856447937067249701584001747238534538658,False,,,True,False
2253,260,0.0227620486119087558546670551440298485682319784792157793713013,-0.115012951388091244145332944855970151431768021520784220628699,0.168190512152977188963666763786007462142057994619803944842825,-0.0056520161384008945658643603621278676693810616443943257314175,0.853652706870175224300767889349164775066875649664708010964788,False,,,True,False
2254,92,0.0171100324735078612888026947819019808988509168348214536398838,-0.120664967526492138711197305218098019101149083165178546360116,0.061777508118376965322200673695475495224712729208705363409971,-0.0073149342512543743983362065897228425101512831628902397228159,0.559611160809265867739214149901398339774317955064877419429644,False,,,True,False
2255,330,0.00979509822225348689046648819217913838869963367193121391706793,-0.127979901777746513109533511807820861611300366328068786082932,0.208698774555563371722616622048044784597174908417982803479267,0.017034504222524787001458952124876914660768963960835413285081,1.48520872442782837500323998184346760836608856666877180696381,False,,,True,True
2256,195,0.026829602444778273891925440317056053049468597632766627202149,-0.110945397555221726108074559682943946950531402367233372797851,0.128582400611194568472981360079264013262367149408191656800537,-0.0189211369631452503034026078010601980417152204628425050826453,0.574232497891468662695597405781592472098744670965182201406852,False,,,True,False
2257,59,0.00790846548163302358852283251599585500775337716992412211950372,-0.129866534518366976411477167484004144992246622830075877880496,0.0388521163704082558971307081289989637519383442924810305298759,-0.00224855027592015910898953117306168162078230613880491931194322,0.610655713429702883241173198365974718628978977503484342540684,False,,,True,False
2258,360,0.0056599152057128644795333013429341733869710710311192028075605,-0.13211508479428713552046669865706582661302892896888079719244,0.22641497880142821611988332533573354334674276775777980070189,0.0313040954208910187271342061165893726461484026624382363133672,2.35217707163303865486053735873307907905994445122168293659117,False,,,False,True
2259,237,0.0369640106266038832066675074595235460331194736935574391209277,-0.100810989373396116793332492540476453966880526306442560879072,0.157366002656650970801666876864880886508279868423389359780232,-0.00758000536434673005304307127123318214754432986451246901745322,0.823279106819865476850990480645052365302040549375442388596998,False,,,True,False
2260,135,0.0293840052622571531536244361882903638855751438290449701034745,-0.108390994737742846846375563811709636114424856170955029896526,0.0917210013155642882884061090470725909713937859572612425258686,-0.0194930148154689962049916248265630470218760123492805362049151,0.485650178473621424915539107551790127210330277855324676015155,False,,,True,False
2261,291,0.00989099044678815694863281136172731686369913147976443389855935,-0.127884009553211843051367188638272683136300868520235566101441,0.18434774761169703923715820284043182921592478286994110847464,0.005232148263948166274196156055807819130523295815554838908477,1.20242107103498913255189290381806665694011688240842219501307,False,,,True,True
2262,100,0.0151231387107363232228289674175351359942224272953192728070364,-0.122651861289263676777171032582464864005777572704680727192964,0.0662807846776840808057072418543837839985556068238298182017591,-0.0136788302615516787644175036070413084636426373246956308875788,0.435415160617243802151456608426926123393340894381864634277584,False,,,True,False
2263,393,0.00144430844918464445841146381049382753057978997062364191945753,-0.136330691550815355541588536189506172469420210029376358080542,0.245986077112296161114602865952623456882644947492655910479864,0.0531154419634816023337686413020766764680089358837842979208461,7.41116859450533747574917020810347120355810455842138765738882,False,,,False,True
2264,207,0.0545597504126662467921801051125705039985887258544079398403036,-0.0832152495873337532078198948874294960014112741455920601596964,0.143014937603166561698045026278142625999647181463601984960076,-0.0230408265321031657235317829304365942275146173115356717037195,0.579881675735200266570467251994904674523771766654180204538585,False,,,True,False
2265,269,0.0315189238805630810686483221821339097710741085428722681365841,-0.106256076119436918931351677817866090228925891457127731863416,0.176004730970140770267162080545533477442768527135718067034146,0.0031553699725806592385680673042452408490609455814966968630686,1.08332243747388037549576265625391896971572170385370611873642,False,,,True,True
2266,148,0.0346742938531437403072163894863791506201350541243689649996527,-0.103100706146856259692783610513620849379864945875631035000347,0.101168573463285935076804097371594787655033763531092241249913,-0.0169618196648490933398878334211653095173754554708835076331735,0.491290012330754040857986833575347148845107234190668286308016,False,,,True,False
2267,321,0.0177124741882946469673285560652138411027595986534854573664792,-0.120062525811705353032671443934786158897240401346514542633521,0.20505311854707366174183213901630346027568989966337136434162,0.0135983702916119826631669558587846575524639396847711311671474,1.63746376869845009032358769290817673451697297913577648216392,False,,,True,True
2268,112,0.0313108444799066296304955119239984986552235383382565885336266,-0.106464155520093370369504488076001501344776461661743411466373,0.0778277111199766574076238779809996246638058845845641471334066,-0.0195308542354113822582448344610838562956952726480014390901917,0.492558461868021662428374775848860951189707649916927285980697,False,,,True,False
2269,244,0.0117799902444952473722506774629146423595282656902551494434349,-0.125995009755504752627749322537085357640471734309744850556565,0.155444997561123811843062669365728660589882066422563787360859,-0.00234131854513368859009929467320184685676700479475722629302064,0.874776217596048232547020878181292788798637216827622250328694,False,,,True,False
2270,353,0.00943867169936155878215138278971279550276126089549792315041428,-0.128336328300638441217848617210287204497238739104502076849586,0.222984667924840389695537845697428198875690315223874480787604,0.034759882467344501265371359327747239925117223293863645731754,4.19792473617805474488870367997740330569814133555253396826186,False,,,False,True
2271,174,0.0441985541667060600475227421174600354278784841893615688821683,-0.0935764458332939399524772578825399645721215158106384311178317,0.119799638541676515011880685529365008856969621047340392220542,-0.0244873446315151231750322263818860133867505078917569577327889,0.48019591315338936128955333894477191245754067121467725578366,False,,,True,False
2272,73,0.0197112095351909368724905157355740220411279762976046111493794,-0.118063790464809063127509484264425977958872023702395388850621,0.0505528023837977342181226289338935055102819940744011527873448,-0.00922906489890394640790981253928216277111424282296774819150865,0.504417357841527395064468722638377191219667064129567414676882,False,,,True,False
2273,304,0.0104821446362869904645807031962918592700137334746368629578707,-0.127292855363713009535419296803708140729986266525363137042129,0.192620536159071747616145175799072964817503433368659215739468,0.00759060947284650152232697728911291085754714952095096481429009,1.18712432979027950340995920745971886824209749300825948412023,False,,,True,True
2274,200,0.0180727541091334919869076804854047701275608829955878277721608,-0.119702245890866508013092319514595229872439117004412172227839,0.12951818852728337299672692012135119253189022074889695694304,-0.0117740939069866671701415962637501225479662959245936113696387,0.639369716779752811865769853376227455016509199930869547938604,False,,,True,False
2275,43,0.00629866020214682481676608422165464757959458707099421640252211,-0.131476339797853175183233915778345352420405412929005783597478,0.0284496650505367062041915210554136618948986467677485541006305,-0.00133333829124955834706557729533635026052780308795125369501566,0.546159309878257888342192912038016758649492091676844282723794,False,,,True,False
2276,376,0.00496532191089726646970050692631829731906678398304296270750645,-0.132809678089102733530299493073681702680933216016957037292494,0.236241330477724316617425126731579574329766695995760740676877,0.0354585202249409471508339065023550604802705026623976588787021,2.89291900210615556389708532907031278242635797651582003711233,False,,,False,True
2277,227,0.0404238421358382136205344134286733577993372866454406215862086,-0.0973511578641617863794655865713266422006627133545593784137914,0.151980960533959553405133603357168339449834321661360155396552,-0.00977355573683572614141709507462453533926742646742478679388024,0.773756459292742896556712060455164349791428034496862976165772,False,,,True,False
2278,129,0.0306502863990024874791173183540488224600698601780158347923283,-0.107124713600997512520882681645951177539930139821984165207672,0.0882875715997506218697793295885122056150174650445039586980821,-0.0174680466633966943005198204769590800709282400916183825288005,0.511384150016591442626438828754598055990014443974192144037601,False,,,True,False
2279,285,0.0131822397356057931785974978770897423891416200863974522635278,-0.124592760264394206821402502122910257610858379913602547736472,0.181420559933901448294649374469272435597285405021599363065882,0.00183769227546255848638267016168609856118677514745898514760932,1.06184507316431447705967343265163236097348982019506673938592,False,,,True,True
2280,91,0.0150199320110683516649801680387758409503283952338564374111372,-0.122755067988931648335019831961224159049671604766143562588863,0.0606299830027670879162450420096939602375820988084641093527843,-0.00808921790268124333115427008010613289517562067498452891667435,0.490484521961613496504925659801740744491290784591603020450191,False,,,True,False
2281,342,0.00693071410838710833382589795866970805515277455887190849446281,-0.130844285891612891666174102041330291944847225441128091505537,0.215482678527096777083456474489667427013788193639717977123616,0.0251420355668816184165475899901801562486305580548649327227072,1.89438672991659622045173102557655157400608406980585959004575,False,,,False,True
2282,181,0.03207274967526872675037348794884986430378333261373684121717,-0.10570225032473127324962651205115013569621666738626315878283,0.121143187418817181687593371987212466075945833153434210304292,-0.0233648021267714939341376182297875725482873929062479807930633,0.544875504747713921297393978885938383902282151973908244512907,False,,,True,False
2283,257,0.00870794754849723281623586971906229175549593970748886042410669,-0.129067052451502767183764130280937708244504060292511139575893,0.162801986887124308204058967429765572938873984926872215106027,0.00397893812283549274935266931775039447934055030656465255181255,1.23332075377980931435115510800272009053749332942440278442082,False,,,True,True
2284,65,0.0126868856713327255655885390368126862348364900140535129759192,-0.125088114328667274434411460963187313765163509985946487024081,0.0437967214178331813913971347592031715587091225035133782439798,-0.0113633787570665824410063209944212415889522256853512320101616,0.310454130203300515375591176765845476754619881644121760055085,False,,,True,False
2285,369,0.00132350691426614312458221804239144464588426432870228096575761,-0.136451493085733856875417781957608555354115735671297719034242,0.230955876728566535781145554510597861161471066082175570241439,0.0383090186203213583734167843107820685514441199255850846905855,3.38599914745047689930104353125538079001472594942892908993202,False,,,False,True
2286,157,0.0396325255345875014979990023531735131973283842542873656563431,-0.0981424744654124985020009976468264868026716157457126343436569,0.108033131383646875374499750588293378299332096063571841414086,-0.0233468057295300770776911557567779045431183470890511134576194,0.518030504638870709000995939947421414923690249034680468007653,False,,,True,False
2287,296,0.0162857198050574244203078465963956086542100371652362521987237,-0.121489280194942575579692153403604391345789962834763747801276,0.189071429951264356105076961649098902163552509291309063049681,0.00963539827234300304935880960702877560168957962784284187564498,1.33563341029224321058875263827692907925571278243204547264549,False,,,True,True
2288,116,0.0259211180774004274696666562034243842558996167930790940743687,-0.111853881922599572530333343796575615744100383206920905925631,0.0789802795193501068674166640508560960639749041982697735185922,-0.0177627189399751705557024860719262436369757131038665808585205,0.523731738716264630771249046695164225172159855677795714985176,False,,,True,False
2289,221,0.0081583991374252569139641701314981406189239036892125132158482,-0.129616600862574743086035829868501859381076096310787486784152,0.140164599784356314228491042532874535154730975922303128303962,-0.00541720088917240963533310616107720556409482478548594833326148,0.699319083054112103335376074821923933726289455971506978994738,False,,,True,False
2290,29,0.00274119824825284727863106397042093505482907890372656488258672,-0.135033801751747152721368936029579064945170921096273435117413,0.0188102995620632118196577659926052337637072697259316412206467,-0.00207976991324716011969421890338465289872400887435738780793979,0.4059073296669238392720623377606063874461892692710638143201,False,,,True,False
2291,390,0.00066142833500568715893684506703628215610507002936917707464693,-0.137113571664994312841063154932963717843894929970630822925353,0.243915357083751421789734211266759070539026267507342294268662,0.0419714043440246082378275145578979934505199066774005420118319,5.40712557904851477837850076218933521261412202223592926145134,False,,,False,True
2292,193,0.0426328326790302953967643596249342756066249767067697190864788,-0.0951421673209697046032356403750657243933750232932302809135212,0.13128320816975757384919108990623356890165624417669242977162,-0.0154061240466207113282095249977344333026394455355293696630943,0.631668768567734473959602124700413347546196776600919645293547,False,,,True,False
2293,315,0.0272267086324095840685548346271998423039855311712403494233845,-0.110548291367590415931445165372800157696014468828759650576615,0.203681677158102396017138708656799960575996382792810087355846,0.0152136246074647513993315579604142435041309725007187573666258,1.50245273778688458911810267868043644957742356939252542715952,False,,,True,True
2294,138,0.0424403332398743354678863925876140858081165036719591067900104,-0.0953346667601256645321136074123859141918834963280408932099896,0.0968600833099685838669715981469035214520291259179897766975026,-0.0196697737896052397690184835479908303381640162260759091847879,0.529559781137538508717227464145182648564615642801324780972572,False,,,True,False
2295,265,0.0227705594502690956988679090396232554699524874458831976052224,-0.115004440549730904301132090960376744530047512554116802394778,0.171317639862567273924716977259905813867488121861470799401306,-0.00215186679984925230736788627264559695640379440888489222488972,0.930233986912191131676408409074345333984297202460136422976348,False,,,True,False
2296,84,0.0206186926504198433915000227669776585135486930369983053803327,-0.117156307349580156608499977233022341486451306963001694619667,0.0576546731626049608478750056917444146283871732592495763450832,-0.0106909527474431504997246547671466083702646165536459323388105,0.421057978894447232263015820116244455120088377191684888554416,False,,,True,False
2297,347,0.00992773990297669289177536799983105014328407648335237304152224,-0.127847260097023307108224632000168949856715923516647626958478,0.219356934975744173222943841999957762535821019120838093260381,0.0276781847619726541893590669423805613238569195659972490508204,2.0213378605968942997833543764079713494616353830351575872764,False,,,False,True
2298,206,0.0376059246649493470811344349422116114671409960493496220923426,-0.100169075335050652918865565057788388532859003950650377907657,0.138151481166237336770283608735552902866785249012337405523086,-0.0211343435919704199343317553028574354771289202601565322739619,0.593359557400405984262674797025424754341029292842674790090082,False,,,True,False
2299,112,0.0164715810729789271468026796393541759900120757891930898183808,-0.121303418927021072853197320360645824009987924210806910181619,0.0741178952682447317867006699098385439975030189472982724545952,-0.00962709156069191224001367628090375054286114116094118324923318,0.594780556731239134301008777753016103709804871698067566204476,False,,,True,False
2300,326,0.00684448951228701490678900335845042544715093462825190656914759,-0.130930510487712985093210996641549574552849065371748093430852,0.205461122378071753726697250839612606361787733657062976642287,0.0164050204625955260325550269052426277627373557981960202748304,1.4902629758178520980201475340149202327808723540922036659139,False,,,True,True
2301,171,0.023249509974882540939344030263693053209888290426447926843978,-0.114525490025117459060655969736306946790111709573552073156022,0.112687377493720635234836007565923263302472072606611981710995,-0.0169148445954133866848135103778161756924373812252709325695351,0.605645830331887064501981506527100333402127802201642125289624,False,,,True,False
2302,276,0.00633466537946915425453051988587687751745090920117699427444291,-0.131440334620530845745469480114123122482549090798823005725557,0.174083666344867288563632629971469219379362727300294248568611,0.00814803261103789699954363380557650329602914271664320496372018,1.65014295348010679846756378951267377908100834559130322323335,False,,,True,True
2303,64,0.0144826979905070512540741536914533808134800519178201992381631,-0.123292302009492948745925846308546619186519948082179800761837,0.0436206744976267628135185384228633452033700129794550498095408,-0.0132757925547010414647532232223455119056230791363258074692426,0.331235803981427213339662554052821517575395597009540024987884,False,,,True,False
2304,381,0.00120690543580600978932093046910786890785697278149439176892045,-0.13656809456419399021067906953089213109214302721850560823108,0.23842672635895150244733023261727696722696424319537359794223,0.0451523773231204684844671247643071826608332610827136005535874,4.41250946650310921478749222308572945541837526361960806190083,False,,,False,True
2305,225,0.0463592827589264782737880552334150515686902338642079923225078,-0.0914157172410735217262119447665849484313097661357920076774922,0.152214820689731619568447013808353762892172558466051998080627,-0.0147916534900608561719982000046311763092078207185580078887196,0.702598255833212609799065300361579334374316437363555198411222,False,,,True,False
2306,134,0.0315676292688656221017898552287838752594824131456499844337882,-0.106207370731134377898210144771216124740517586854350015566212,0.091641907317216405525447463807195968814870603286412496108447,-0.018862672440245612522725957891937771267732026858659856805158,0.482714456084231395600882149863766979265928048540225774681406,False,,,True,False
2307,302,0.0127049568286200095790638973368461039917503862869901276286302,-0.12507004317137999042093610266315389600824961371300987237137,0.191926239207155002394765974334211525997937596571747531907158,0.00802155727713687342873602077807202912847122885595701227771672,1.29815628446304941749173805444881227196932190855281546300868,False,,,True,True
2308,182,0.0207265141057568830077999181149181331202216151429471399063469,-0.117048485894243116992200081885081866879778384857052860093653,0.118931628526439220751949979528729533280055403785736784976587,-0.0121735629835387515001432975162554502785904099833543200091722,0.593957364207323490981619116245770774266750805758790741957574,False,,,True,False
2309,49,0.00855295112221813150765662059866268284163120515959281989717464,-0.129222048877781868492343379401337317158368794840407180102825,0.0327632377805545328769141551496656707104078012898982049742937,-0.00431822464845322631998139546467521802652286611533126794059932,0.416701792898351974834742329806293325641763120564187257026825,False,,,True,False
2310,359,0.00423472647376490518767522513398746481510833904426155195657533,-0.133540273526235094812324774866012535184891660955738448043425,0.225433681618441226296918806283496866203777084761065387989144,0.0287771048191894834143036961200673998265954526801559496123773,2.16307008386464209366288782370886566177841421128200923310836,False,,,False,True
2311,242,0.0330118312929543886019789212540548646417037917244175015689526,-0.104763168707045611398021078745945135358296208275582498431047,0.159502957823238597150494730313513716160425947931104375392238,-0.00570904518901417945679497071101043138492187874246697291872941,0.852379388096674207932878316617771071040048848532013039220326,False,,,True,False
2312,115,0.0273027861039402091451839505430444332567819129819505286502232,-0.110472213896059790854816049456955566743218087018049471349777,0.0787006965259850522862959876357611083141954782454876321625558,-0.0225622044495065443047809589631481980872822490843413032754721,0.413783376274297305424115612755681571930636663924312083058671,False,,,True,False
2313,332,0.00474058165443366484040299157989623516949966389760922537475105,-0.133034418345566335159597008420103764830500336102390774625249,0.208685145413608416210100747894974058792374915974402306343688,0.0255198923384456326420604922321081247609390240362912859493338,2.08069037593301423306232368736905941012647653781375935123709,False,,,True,True
2314,163,0.0302604739928792974824634838120043599304386879339005113240849,-0.107514526007120702517536516187995640069561312066099488675915,0.109440118498219824370615870953001089982609671983475127831021,-0.0217505792165436608228452824271531723352425018745412233966305,0.532232024703803989642681260574605908956777346520636268962029,False,,,True,False
2315,268,0.00850989477633563665961820138485118759519618605935928792745437,-0.129265105223664363340381798615148812404803813940640712072546,0.169627473694083909164904550346212796898799046514839821981864,0.00697249824562846250954701684659899394696385602961649475367149,1.38344062921167244254943146741128450717112679803356429712155,False,,,True,True
2316,77,0.0154823930219640991691652182314501815421600420889757826811259,-0.122292606978035900830834781768549818457839957911024217318874,0.0519955982554910247922913045578625453855400105222439456702815,-0.015031659035875453076380214600025064187182994410811860848604,0.348769526689536423569122172151293794409347549945707412747426,False,,,True,False
2317,398,0.000450733986088646092785003631425117354977047678163921832521816,-0.137324266013911353907214996368574882645022952321836078167478,0.24886268349652216152319625090785627933874426191954098045813,0.0545046913686998407876716211179451254772303448520322160272278,8.16947258941835129187780196293568406633157353816922683086184,False,,,False,True
2318,207,0.0549554253547884868804566247493702428322073925301961378597496,-0.0828195746452115131195433752506297571677926074698038621402504,0.143113856338697121720114156187342560708051848132549034464937,-0.0245509625592329711286852531481901081263231493624064958817141,0.561733996874292015609605780153814412599718007897568202883954,False,,,True,False
2319,289,0.0304044627955555157517713716011801347058842431677896419780355,-0.107370537204444484248228628398819865294115756832210358021965,0.188226115698888878937942842900295033676471060791947410494509,0.0127669039880148300664402822072703179731354870093351643775657,1.44038015721845690137643881895991172706067525556650398934327,False,,,True,True
2320,138,0.0431713667835703458182116538084504526790197301771248063556012,-0.0946036332164296541817883461915495473209802698228751936443988,0.0970428416958925864545529134521126131697549325442812015889003,-0.0283830326660201338861651439782063141121519548704089192742151,0.438666111514198308774839918615701863057040604844118311702532,False,,,True,False
2321,340,0.0147883341175502119320465098302441385668677753067158870813861,-0.122986665882449788067953490169755861433132224693284112918614,0.216197083529387552983011627457561034641716943826678971770347,0.0303842569542190085873327348359795297678668022493175508526686,2.56257130730222774766825395715707068686539908332160784353584,False,,,False,True
2322,187,0.0451725910717692205193792446662236683347345775560334379340547,-0.0926024089282307794806207553337763316652654224439665620659453,0.128168147767942305129844811166555917083683644389008359483514,-0.021896540742820272867201369575844180660041428931863637083892,0.557689722629782021893486337406082852059302383784430132718522,False,,,True,False
2323,92,0.0232760503289489476521778750903794876746931486241698008501627,-0.114498949671051052347822124909620512325306851375830199149837,0.0633190125822372369130444687725948719186732871560424502125407,-0.010581286369586192128934154523103203175695058455535095621176,0.579860970647398744303962591034463977009949559739966623849304,False,,,True,False
2324,257,0.0126947639593627555232437205672762844989980901686347052289867,-0.125080236040637244476756279432723715501001909831365294771013,0.163798690989840688880810930141819071124749522542158676307247,-0.00438382953986396116340878378527927184443827970462481890427826,0.76824754297040235379861576868249484856701016262375687066467,False,,,True,False
2325,367,0.00831093441949879435983493678199701265455981046400988632470841,-0.129464065580501205640165063218002987345440189535990113675292,0.231452733604874698589958734195499253163639952616002471581177,0.0386096299583113970218034360175537680766844134885136000407967,4.05696354648326445008050484008985625435483898143182426347498,False,,,False,True
2326,158,0.0469205643778101913816383727995507807312442239525234863655051,-0.0908544356221898086183616272004492192687557760474765136344949,0.110480141094452547845409593199887695182811055988130871591376,-0.0231187079743283252502034522637792435818638869812408511937658,0.535876901082359383428123104315541053083200146790510388645858,False,,,True,False
2327,298,0.0238018564034818661314349205357715371493803369712826351717393,-0.113973143596518133868565079464228462850619663028717364828261,0.192200464100870466532858730133942884287345084242820658792935,0.00970643587796597481632474408001036932436773194886418216815075,1.33667395581266641621924205884227032083444851329098900747717,False,,,True,True
2328,116,0.0335082922814478409477596646157819064737480689201468173398901,-0.10426670771855215905224033538421809352625193107985318266011,0.0808770730703619602369399161539454766184370172300367043349725,-0.0167472120928258390817466903055298929491982863333475104173607,0.541535296341426969456257476930322285085589077165670436194632,False,,,True,False
2329,230,0.0167610801886220018660129743102520135245497825867993069225294,-0.121013919811377998133987025689747986475450217413200693077471,0.147940270047155500466503243577563003381137445646699826730632,-0.00840069198331958491638911568522734691530948871498307194073089,0.683162866142749340232039894393730992141862241851741787043826,False,,,True,False
2330,48,0.00836038820530241694962385862502466660924029387181623498179851,-0.129414611794697583050376141374975333390759706128183765018201,0.0320900970513256042374059646562561666523100734679540587454496,-0.0038774734439166750832276231381404483134270367402249937956404,0.489212872692807594418399676600390553606062590241503553841498,False,,,True,False
2331,378,0.00448291476138574186639623548688421829581325713159124118615811,-0.133292085238614258133603764513115781704186742868408758813842,0.23737072869034643546659905887172105457395331428289781029654,0.0387236794254654425693892919337772462632577200538352523401604,3.08067767146794794693830639300714153993391665265418799364422,False,,,False,True
2332,198,0.0432065941868511844357855274206614645590709771854264935263185,-0.0945684058131488155642144725793385354409290228145735064736815,0.13455164854671279610894638185516536613976774429635662338158,-0.0179817321958931354726741755108896597816143229592884519101117,0.603983136745729793463656529431759350520715691723563320126785,False,,,True,False
2333,313,0.0252248619909580489631113519097718047774566542261380416162069,-0.112550138009041951036888648090228195222543345773861958383793,0.201931215497739512240777837977442951194364163556534510404052,0.0169057239534053131805543569799073416256803500191309470442158,1.6008449510338180507646912292008671504049419999187785189843,False,,,True,True
2334,141,0.0421305859443633621436657088896791464031370042452689886604227,-0.0956444140556366378563342911103208535968629957547310113395773,0.0986576464860908405359164272224197866007842510613172471651057,-0.0228303589803211384356335504912771210557739564386789209434235,0.498513215984442700159826855127634079021736448392613772005775,False,,,True,False
2335,264,0.0193002269640422237080321583984020253473630478065900677169992,-0.118474773035957776291967841601597974652636952193409932283001,0.16982505674101055592700803959960050633684076195164751692925,0.000661662554343514284243086152710297506411705733811518515008999,1.02411835640001670274583477447291314307536943735387830133522,False,,,True,True
2336,84,0.0199618895183857379922752445511123228537747535404015862320082,-0.117813110481614262007724755448887677146225246459598413767992,0.0574904723795964344980688111377780807134436883851003965580021,-0.0121550743073036579124295212532829331811613569260428473221297,0.38203917260946641015630081108920251873007338966945990838794,False,,,True,False
2337,350,0.0078068152110820800798457232978293896726133966143587389098785,-0.129968184788917919920154276702170610327386603385641261090122,0.22070170380277052001996143082445734741815334915358968472747,0.0297119377696191062139579408942894431658982849536161211427167,2.19495467794604765166623419117724188825594854183650101306617,False,,,False,True
2338,181,0.0375187529807011862938036641921188328385116815679748600525952,-0.100256247019298813706196335807881167161488318432025139947405,0.122504688245175296573450916048029708209627920391993715013149,-0.0241920215149197914626336918501942898633483784130668138985643,0.547941207380471338311665173425009905679967292811866861254898,False,,,True,False
2339,244,0.0133267314657813948311699723419245429751633031549080461540309,-0.124448268534218605168830027658075457024836696845091953845969,0.155831682866445348707792493085481135743790825788727011538508,-0.000257258171138366388684144185044890475734619924024557839383421,0.988008419096382187541524333173975190934450244544087492345759,False,,,True,False
2340,64,0.0130694732946430284424858281568796524994286832308834883146475,-0.124705526705356971557514171843120347500571316769116511685353,0.0432673683236607571106214570392199131248571708077208720786619,-0.0107675015476284522452240236402788502387822155841493634952096,0.380439393313971632457156896214631883190209144948580978287074,False,,,True,False
2341,328,0.00230197174701457619726180451660080226064646764673412481943782,-0.135473028252985423802738195483399197739353532353265875180562,0.205575492936753644049315451129150200565161616911683531204859,0.0206719707041391478990574219017128998931957013306832938936854,1.86094295207437291489644707055617345434821253577837386473546,False,,,True,True
2342,132,0.0229739424511537240963192264183137021538421689774174187131232,-0.114801057548846275903680773581686297846157831022582581286877,0.0882434856127884310240798066045784255384605422443543546782808,-0.0210990495221998824375367205944533038199306953062913199423547,0.472103790712697911785267054742122824162031919353323170742778,False,,,True,False
2343,387,0.0018748929289538416587825058238603983339114736711260987707685,-0.135900107071046158341217494176139601666088526328873901229231,0.242343723232238460414695626455965099583477868417781524692692,0.0530897094328045634379836907010774073950284359538703660132499,8.39757803613556096910714044252675714411245802531438608748426,False,,,False,True
2344,213,0.0549646023617584050967661965249378057289399096249964647840184,-0.0828103976382415949032338034750621942710600903750035352159816,0.146866150590439601274191549131234451432234977406249116196005,-0.0222549486295224685678834559632406360467399701968521655803691,0.586660195017098599114303738463689751517780091086517996523601,False,,,True,False
2345,280,0.0327096537322359365288827405616971696821999394281442992036494,-0.105065346267764063471117259438302830317800060571855700796351,0.183177413433058984132220685140424292420549984857036074800912,0.00744867457141754463937874004645934465399710410613436125301341,1.25261919500294559593944690513453160649418551909627011911114,False,,,True,True
2346,114,0.0401583283036534811682614806081565143361970435342786604566628,-0.0976166716963465188317385193918434856638029564657213395433372,0.0812895820759133702920653701520391285840492608835696651141657,-0.0268795366490138004753334280824544499429518345477645431595955,0.417323592311425775681931530233851553985416562431372441142718,False,,,True,False
2347,306,0.0132787916546396806929280525257020643932452089865141172970673,-0.124496208345360319307071947474297935606754791013485882702933,0.194569697913659920173232013131425516098311302246628529324267,0.0194398598017020605143645512275829476833686436739194614643068,1.69884652726200996128629760192598626616124604066264920504642,False,,,True,True
2348,168,0.0327186514563417412072926037532850120766138526604335787613741,-0.105056348543658258792707396246714987923386147339566421238626,0.113179662864085435301823150938321253019153463165108394690344,-0.022292694302778160947767839938085150386818373831793133885391,0.489976565158678377949998741096024430985064151023264744737171,False,,,True,False
2349,54,0.010425957153563580259524763815199861689795478828640444875983,-0.127349042846436419740475236184800138310204521171359555124017,0.0363564892883908950648811909537999654224488697071601112189958,-0.00460916601568699431170207742536256593009157171405502723910876,0.423681250259304892718127683321255435074859438534241669710562,False,,,True,False
2350,362,0.00581679113787658594782268638983729575970390711458541763687429,-0.131958208862123414052177313610162704240296092885414582363126,0.227704197784469146486955671597459323939925976778646354409219,0.0351285907787411356009025611669821467711148738761564416344168,2.70009301229603327746263373273352292849509787200087261648343,False,,,False,True
2351,226,0.0409453819166177215487252475568194425308187809907418592712911,-0.0968296180833822784512747524431805574691812190092581407287089,0.151486345479154430387181311889204860632704695247685464817823,-0.0168638854542321292603746623910864330527049786873576963475686,0.672462399963663983163937391341008792679496725273463229299661,False,,,True,False
2352,137,0.0240814964623855922883505851657330094781138023033841629237225,-0.113693503537614407711649414834266990521886197696615837076278,0.0916453741155963980720876462914332523695284505758460407309306,-0.0161474037270972651048201327995357667977117234272614637606022,0.542765623689347872464868689635816183956167327110151979376298,False,,,True,False
2353,321,0.0079340927352883271835304523661972426804020788761226991631203,-0.12984090726471167281646954763380275731959792112387730083688,0.20260852318382208179588261309154931067010051971903067479078,0.0160904684955709139296527705549030248449984127312855623652503,1.74191172363745666926104718867407752526399150797888086099329,False,,,True,True
2354,191,0.0240245612308592411131832229211002675254004916074082615283705,-0.113750438769140758886816777078899732474599508392591738471629,0.125381140307714810278295805730275066881350122901852065382093,-0.0124875958615180302237614883497776836613423332931005225013021,0.620355055728811185114472773299738914538832279322544252891973,False,,,True,False
2355,74,0.0115369653693412108894217345713225838640581583143077390270685,-0.126238034630658789110578265428677416135941841685692260972932,0.0491342413423353027223554336428306459660145395785769347567671,-0.0104674674168117486659240923778770569600158190032635081488321,0.470125654970342835954796746127057238413626177729826641326495,False,,,True,False
2356,394,0.00106949795252946222349764219344552690404233931104423087823642,-0.136705502047470537776502357806554473095957660688955769121764,0.246517374488132365555874410548361381726010584827761057719559,0.0519470881378874373143579500765199210010229397843470992943038,13.9286963578601858317116439369229667289528410908051422484595,False,,,False,True
2357,253,0.0530165860904168995378555922699654479050652790953913301725402,-0.0847584139095831004621444077300345520949347209046086698274598,0.171379146522604224884463898067491361976266319773847832543135,-0.0118147315724877093315492054922001417456365930352934088404839,0.77492800902123353565624578022020999700790070551376226050878,False,,,True,False
2358,154,0.0412018545179291902063063867777653061594286860600979213320563,-0.0965731454820708097936936132222346938405713139399020786679437,0.106550463629482297551576596694441326539857171515024480333014,-0.0165081389516064015153506265526281545214023435074448570734857,0.564091017862601383936981085009308698025555426351379890692198,False,,,True,False
2359,291,0.0246937155663227886909557602251371516380263425526530642585707,-0.113081284433677211309044239774862848361973657447346935741429,0.188048428891580697172738940056284287909506585638163266064643,0.00357861695750621662627778700187140231660141981332089119855037,1.10974719646839720803871066271349859898303629725100993316219,False,,,True,True
2360,105,0.028272332523829005317233547227008553954627762365973955457121,-0.109502667476170994682766452772991446045372237634026044542879,0.0726930831309572513293083868067521384886569405914934888642803,-0.012882056181160205026745360257517789824321813149542462827763,0.469647404752028930763119072828443197426624886260027723404206,False,,,True,False
2361,343,0.015390276342668800290488186969490764130305949216431492629358,-0.122384723657331199709511813030509235869694050783568507370642,0.21822256908566720007262204674237269103257648730410787315734,0.0279033096550304728139722402640798870272873597856943005887612,2.0497021783106703584095299546722299095058256614017127942997,False,,,False,True
2362,207,0.0432935859976992731044604272335706511575933090021257932181193,-0.0944814140023007268955395727664293488424066909978742067818807,0.14019839649942481827611510680839266278939832725053144830453,-0.0239446614337355136834687770387495499611385039074665630463135,0.566199388692059641198478917878175134813212645087279489951253,False,,,True,False
2363,126,0.0193489245639637594209916501948211011964548050946592301718058,-0.118426075436036240579008349805178898803545194905340769828194,0.0835872311409909398552479125487052752991137012736648075429514,-0.0102425188164071514528010860913862413801177541047644363879601,0.638634126558711544658431903627081713412195838023446150944293,False,,,True,False
2364,274,0.00910640574755660796819056410343485981633705098989479378384567,-0.128668594252443392031809435896565140183662949010105206216154,0.173526601436889151992047641025858714954084262747473698445961,0.00127750053808285396202338623410569890024739114270784692466869,1.06927718076229168791262983285852490660470405837183109738892,False,,,True,True
2365,55,0.0103839062856394619302139503375405587165844421326026407085144,-0.127391093714360538069786049662459441283415557867397359291486,0.0369709765714098654825534875843851396791461105331506601771286,-0.00309297804131908941947889996120468867256402752912292319274998,0.450575257212449989608447702606941714846008554894231509565228,False,,,True,False
2366,371,0.00729092824432037251073505037633587004402041460347971751576438,-0.130484071755679627489264949623664129955979585396520282484236,0.233697732061080093127683762594083967511005103650869929378941,0.0360804258540544363135883112586516984319555893877106136431561,2.6535805956188708238648690631048524883403366469328306981407,False,,,False,True
2367,183,0.0433713540983748088243233616349875684759760039911903311589205,-0.0944036459016251911756766383650124315240239960088096688410795,0.12521783852459370220608084040874689211899400099779758278973,-0.0225894286573436190713350465237511003769188743170802505874028,0.569900251021284385030642915513258823399559213902788786345172,False,,,True,False
2368,245,0.0207819254410311897529883151112364680990571296741100805715177,-0.116993074558968810247011684888763531900942870325889919428482,0.158320481360257797438247078777809117024764282418527520142879,-0.00417421676505814927831387176700261559189109660568571436031476,0.871746212358013098963752514777779485960612748093893974963524,False,,,True,False
2369,92,0.0166077086759730404746744433442338525071660330684243662112029,-0.121167291324026959525325556655766147492833966931575633788797,0.0616519271689932601186686108360584631267915082671060915528007,-0.00550583577860443782371198764688529886354946670931893958306506,0.620055084080795781661361670582640876698329398702698862015792,False,,,True,False
2370,331,0.0111018728973686026509624556973485536436165663591054266281378,-0.126673127102631397349037544302651446356383433640894573371862,0.209650468224342150662740613924337138410904141589776356657034,0.0134250486206387443645958807577008619183869094804023685164017,1.37058298665998069072732155199386356595490678441443712612354,False,,,True,True
2371,159,0.0245269215180073470155583364550494155620034758395077951445395,-0.11324807848199265298444166354495058443799652416049220485546,0.105506730379501836753889584113762353890500868959876948786135,-0.0169803656252402412051681392007217180821838718020800725064402,0.542084052011423801103952563559887785188696298705184944785635,False,,,True,False
2372,301,0.00754655589276710581039019725432769747981960403742772263809939,-0.130228444107232894189609802745672302520180395962572277361901,0.190011638973191776452597549313581924369954901009356930659525,0.0100555147874083442680252587139168640692623221994987473960132,1.55809266902369652441330712037673826095114131697074687959935,False,,,True,True
2373,113,0.0176020706801754500784154559682445615490819262369264700341126,-0.120172929319824549921584544031755438450918073763073529965887,0.0750255176700438625196038639920611403872704815592316175085281,-0.0149081057188965109340648753098034324567060618862105270067192,0.499980125555089318856457312066077688918003089559576760922289,False,,,True,False
2374,382,0.00269396496127893914435058065844112909237586435071594302739334,-0.135081035038721060855649419341558870907624135649284056972607,0.239423491240319734786087645164610282273093966087678985756848,0.0499525931788897863943728175498937666381604073145669239274604,6.36928726657952699598391497903782485086665169414496766572882,False,,,False,True
2375,218,0.0526465581401687255387233982083348957305362716652828669548537,-0.0851284418598312744612766017916651042694637283347171330451463,0.149411639535042181384680849552083723932634067916320716738713,-0.0248043162391236240594475819635563736977921985229169470861596,0.592825690629846028055579256754071786538012881517564434259771,False,,,True,False
2376,143,0.0278422419010451014792758162447785220327440731423659198686941,-0.109932758098954898520724183755221477967255926857634080131306,0.0963355604752612753698189540611946305081860182855914799671735,-0.0105566883178848000930542826436744137568996965043586009222127,0.658344365066358456189460428308210095901722775557586241747271,False,,,True,False
2377,282,0.0172855535831603013862215336011041082758443766380073189464814,-0.120489446416839698613778466398895891724155623361992681053519,0.18057138839579007534655538340027602706896109415950182973662,0.000702751922712268790565812128151714898874606855835679984104,1.02753684824689204165421265400048966445175975658455611239089,False,,,True,True
2378,71,0.0179883055058725701767873457292558231747189834938429989305854,-0.119786694494127429823212654270744176825281016506157001069415,0.0488720763764681425441968364323139557936797458734607497326463,-0.00822162125693240224789369758336687279953755406170819177646184,0.418675883498255728987840534855830586641782325763004271571855,False,,,True,False
2379,353,0.00976668424894016792889364814588895037518142943213480715412354,-0.128008315751059832071106351854111049624818570567865192845876,0.223066671062235041982223412036472237593795357358033701788531,0.0321531113480783113926838826615633246360685767438938847389484,2.36379612693735367458635976929241793080432281855796288031497,False,,,False,True
2380,195,0.041919795597018479321577530807452275011250006176028691893072,-0.095855204402981520678422469192547724988749993823971308106928,0.132354948899254619830394382701863068752812501544007172973268,-0.0234631193948274203515715397387078222235472428802660596334496,0.566831605636761765556576781958374234628254489008101286521594,False,,,True,False
2381,257,0.0184566762021910589700059910687444527877027632957626322596224,-0.119318323797808941029994008931255547212297236704237367740378,0.165239169050547764742501497767186113196925690823940658064906,0.00254493081205495171447743597256323258495394478219245838015552,1.08801457342085980428223488429173123415447441424228984039522,False,,,True,True
2382,103,0.0210016070142460106844834270413076853726567080779550906397779,-0.116773392985753989315516572958692314627343291922044909360222,0.0696254017535615026711208567603269213431641770194887726599445,-0.0166060430160407117434849477815742074933111912745574850864457,0.406394986171811076899636745725306931850753003156309136092193,False,,,True,False
2383,323,0.00439556399820529894099847925973347787934551680339760555333217,-0.133379436001794701059001520740266522120654483196602394446668,0.202973890999551324735249619814933369469836379200849401388333,0.018076060362607754250386294680769687178108750132157464613718,1.85032147540696789506534013369682097480788567080426680020263,False,,,True,True
2384,165,0.0224716243608130531913847739405031650574542669355550701670502,-0.11530337563918694680861522605949683494254573306444492983295,0.108742906090203263297846193485125791264363566733888767541763,-0.0172276632869966332634147773068608372528006272807640893280281,0.502473895691219255292588187670379484166241386693112728257421,False,,,True,False
2385,39,0.00524396107381641992796999663364232780465363965479098083902207,-0.132531038926183580072030003366357672195346360345209019160978,0.0256859902684541049819924991584105819511634099136977452097555,-0.00476521102755916883990350739574534857225072850280443631873538,0.319543386817461709128086754152836078019840669041718883281768,False,,,True,False
2386,392,0.000478750046257251088066489237896979232402911151986544520286694,-0.137296249953742748911933510762103020767597088848013455479713,0.245119687511564312772016622309474244808100727787996636130072,0.0502208075707228939702876332206669719304205377937628486040259,6.33787897773505187165834592398152097182508864714762018838502,False,,,False,True
2387,230,0.0506995576169801450583541224585639511628234489457493931243126,-0.0870754423830198549416458775414360488371765510542506068756874,0.156424889404245036264588530614640987790705862236437348281078,-0.0181577217270819780996802985150633270459630052296180779317422,0.658400635250086098084581286052022653565590767033363988641758,False,,,True,False
2388,132,0.0325418358898981669586738239435006241168604437161313151925704,-0.10523316411010183304132617605649937588313955628386868480743,0.0906354589724745417396684559858751560292151109290328287981426,-0.0101216822415695736249367422477065699772429877384684079041182,0.633425104916363268713584664419358909833233685051015515189473,False,,,True,False
2389,297,0.0224201536483285933337370816957940541396174559776629072884522,-0.115354846351671406666262918304205945860382544022337092711548,0.191230038412082148333434270423948513534904363994415726822113,0.00023259820409360834278572193246319734541621676758601528110345,1.00491328660428810464371836778630209843479957898785461258688,False,,,True,True
2390,186,0.0226527518524222016765228036282572514850336727452489225695557,-0.115122248147577798323477196371742748514966327254751077430444,0.121913187963105550419130700907064312871258418186312230642389,-0.0108108435019273665499896190772370263708549288930313388054333,0.593951641555889457389159021842278673139715667969328310098444,False,,,True,False
2391,346,0.0118419083504948351265331845510202251141787438522175837641224,-0.125933091649505164873466815448979774885821256147782416235878,0.219210477087623708781633296137755056278544685963054395941031,0.0263415609030044599820703146006995002885530558950242886690449,3.19445910930047774838158918027660912530226656245123305295753,False,,,False,True
2392,110,0.0381834692534992951086034991517197254027317997472418724331673,-0.0995915307465007048913965008482802745972682002527581275668327,0.0782958673133748237771508747879299313506829499368104681082918,-0.0161096483886647697363400186072779590166075115795219278116373,0.528345016692923062018059581293810629210886990899824949478983,False,,,True,False
2393,264,0.02207382086483452537226348054444176638612428816771994462153,-0.11570117913516547462773651945555823361387571183228005537847,0.170518455216208631343065870136110441596531072041929986155382,-0.00655276508056475870171979514240811855631363432214184209546279,0.843990278891833159969161497284246274621022579423798661318134,False,,,True,False
2394,69,0.0155210557842697666705436854020336478298106538455781025260672,-0.122253944215730233329456314597966352170189346154421897473933,0.0470052639460674416676359213505084119574526634613945256315168,-0.00865501988119491311654856252702050544818901266078747463612672,0.474068870252664246232662185787301257714297169370665056162041,False,,,True,False
2395,365,0.00686603590307485355399512287501314238162164118479062788994046,-0.13090896409692514644600487712498685761837835881520937211006,0.229841508975768713388498780718753285595405410296197656972485,0.0418056135988088235456618885372542367234288326724300144936512,3.68153132996831323730824581769790599655103424730054083466742,False,,,False,True
2396,206,0.0486716495018836770996570114122673791050504738572206423835917,-0.0891033504981163229003429885877326208949495261427793576164083,0.140917912375470919274914252853066844776262618464305160595898,-0.0239861418726841525436723230967780890365794357319318464819279,0.580663595128274850116263498555027260948551042568731742687825,False,,,True,False
2397,149,0.0246855076291995245559846883154892900684710381252887959016638,-0.113089492370800475444015311684510709931528961874711204098336,0.0992963769072998811389961720788723225171177595313221989754159,-0.00927212672730246100105395398005318111284260288237589910152064,0.652863909457386537317004597191326079546315957149060193142497,False,,,True,False
2398,310,0.0154133809018970635549307343354361089556284352429128968001431,-0.122361619098102936445069265664563891044371564757087103199857,0.197603345225474265888732683583859027238907108810728224200036,0.0054435136495806031336531088714651340917763159368792372619744,1.18370097130842058102523021011406568222092767078786875468739,False,,,True,True
2399,95,0.0208568945514776666885838432069012430474047511797921340621175,-0.116918105448522333311416156793098756952595248820207865937882,0.0645892236378694166721459608017253107618511877949480335155294,-0.010665927172954415713875878736327283769717447285163084231666,0.58898171648227494909519558901701313149268075934354437154892,False,,,True,False
2400,247,0.0101909673785232509747079644705739592776873038946290498304515,-0.127584032621476749025292035529426040722312696105370950169548,0.156922741844630812743676991117643489819421825973657262457613,-0.00651435171635754967007156385365486841490944945411692092263122,0.740127970767378466312135826033980646944952575974494362750343,False,,,True,False
2401,33,0.00367661566216570130463640061691909086277785444051212890782031,-0.13409838433783429869536359938308090913722214555948787109218,0.0215441539155414253261591001542297727156944636101280322269551,-0.00137305817637012234726290036423346879641588558869908278878988,0.478996556856278999802610788327441493947710816251361180255657,False,,,True,False
2402,375,0.00230355748579557895737350025268562206636196885181304611903043,-0.13547144251420442104262649974731437793363803114818695388097,0.234950889371448894739343375063171405516590492212953261529758,0.0413404124044439963443234141900742997326091113179250860455429,3.49199080845666166634253617756501634816398089451804054787883,False,,,False,True
2403,179,0.0436439698902395753016969144427599217989710801697381321645733,-0.0941310301097604246983030855572400782010289198302618678354267,0.122785992472559893825424228610689980449742770042434533041143,-0.0214962629971557251778846228817359222396863308943743685917824,0.547439737712169619517269499390253645697426906171895831446523,False,,,True,False
2404,284,0.0221477068930838501238122915610239995592847492753637635727909,-0.115627293106916149876187708438976000440715250724636236427209,0.183036926723270962530953072890255999889821187318840940893198,0.00616015497341721522910123884805614812830058301321917517678427,1.18834918691797922354477696028593250122350633888780801669888,False,,,True,True
2405,124,0.0283078618665010653529135304090801476875853322885829387495752,-0.109467138133498934647086469590919852312414667711417061250425,0.0845769654666252663382283826022700369218963330721457346873938,-0.0194640536506504496287500246625810211854944652623715368536379,0.457428159711516391906725791776561541445601726300672158507234,False,,,True,False
2406,334,0.00884380821585061572416350574649912650209086702621140189593727,-0.128931191784149384275836494253500873497909132973788598104063,0.210960952053962653931040876436624781625522716756552850473984,0.0246311498718442901591077321856813376574873321174979882315936,1.95964236017166124056560576780592369723473642953808640151273,False,,,True,True
2407,214,0.0334749580876949058832712379321804641595781991437093901275309,-0.104300041912305094116728762067819535840421800856290609872469,0.142118739521923726470817809483045116039894549785927347531883,-0.0136446650680825658346817842242756973446410668335938212139088,0.644507808886107790381692423644636654691756690111432242272555,False,,,True,False
2408,80,0.0198302930196123400485894537079047668149371323101155689136221,-0.117944706980387659951410546292095233185062867689884431086378,0.0549575732549030850121473634269761917037342830775288922284055,-0.0193600911099084767100233067413892752893705966399601226789587,0.386812385001277697968750859485546486428614109015540776944078,False,,,True,False
2409,271,0.000470201909703863338566146966515491525566535670155446234663406,-0.137304798090296136661433853033484508474433464329844553765337,0.169492550477425965834641536741628872881391633917538861558666,0.00423858856703756813623400176806091548317878154155270655524647,1.57751829587077666914090193915251577557598846590620891616913,False,,,True,True
2410,144,0.00470879047674143147480014873457640700874531721170815278990988,-0.13306620952325856852519985126542359299125468278829184721009,0.0911771976191853578687000371836441017521863293029270381974775,-0.00439755964799717931557007925154287851280006821256627651975623,0.538639019157394737316067549451123293810564307229699941545694,False,,,True,False
2411,399,0.000311230828744252159230069483033528495945248999141876270153647,-0.137463769171255747840769930516966471504054751000858123729846,0.249452807707186063039807517370758382123986312249785469067538,0.0422422927569686581722414898188061442106532575422136774992762,11.5305748549271763575572621693618195610267714629086314090643,False,,,False,True
2412,196,0.0425535235857129103314715593018396727065985065413555537694299,-0.0952214764142870896685284406981603272934014934586444462305701,0.133138380896428227582867889825459918176649626635338888442357,-0.0158098911568001070793512132110685099131135251842861899165464,0.602955738330640677116043895689035425680662340785838475237248,False,,,True,False
2413,316,0.0267436324289128032521203460907711627934849813570693638528835,-0.111031367571087196747879653909228837206515018642930636147116,0.204185908107228200813030086522692790698371245339267340963221,0.0154884659243264676171165015370121548752267573922588140500507,1.6092773162910813811876994998272115510776688531367928108945,False,,,True,True
2414,116,0.0422320983532392708692368476277833176687117387493281779029342,-0.0955429016467607291307631523722166823312882612506718220970658,0.0830580245883098177173092119069458294171779346873320444757336,-0.0186587499146331444205943907243929168241322678869908187374065,0.515997904975770744476959807285083638767034129128622246649179,False,,,True,False
2415,242,0.0235733484386061264486424569033904008445794708623373591655277,-0.114201651561393873551357543096609599155420529137662640834472,0.157143337109651531612160614225847600211144867715584339791382,-0.00883983740452172357860374760482584626239332424534968702116693,0.720688730817492711726967522718921289458653373013195319492982,False,,,True,False
2416,356,0.0147335110340844028700387092985645545821861466169876721443608,-0.123041488965915597129961290701435445417813853383012327855639,0.22618337775852110071750967732464113864554653665424691803609,0.0368515306217413897943733724108281507424463244088617536095766,3.64703735685077761337902118684896526278003834678572317215835,False,,,False,True
2417,165,0.0515850416558257926644120817093927053246324710258494257539374,-0.0861899583441742073355879182906072946753675289741505742460626,0.116021260413956448166103020427348176331158117756462356438484,-0.026768822234495832597738598281456661283517513947489519716191,0.491271783899278214672572987527215383876543898480978167127708,False,,,True,False
2418,289,0.0248162194213299600666734834279360440411149570783599060377464,-0.112958780578670039933326516572063955958885042921640093962254,0.186829054855332490016668370856984011010278739269589976509437,0.0102743625286013461250022661634479138737912582745015687921971,1.45096227528474311632851757635386233635282080768954509531548,False,,,True,True
2419,97,0.0350905819499313061916757495913839579149062153528614748299435,-0.102684418050068693808324250408616042085093784647138525170056,0.0693976454874828265479189373978459894787265538382153687074859,-0.0215002441619295971664272238429445900623275547798354908806109,0.443434839171527999718141977130486829104689567541172838045937,False,,,True,False
2420,223,0.0135903377880017090252485257484393678525786605730259839493326,-0.124184662211998290974751474251560632147421339426974016050667,0.142772584447000427256312131437109841963144665143256495987333,-0.0061528771269635046393496400909447794139009512594684417187689,0.731017912490098924637798383758924218948758054856099402843766,False,,,True,False
2421,369,0.00743746066103820438589888565749458843867770931355754223056373,-0.130337539338961795614101114342505411561322290686442457769436,0.232484365165259551096474721414373647109669427328389385557641,0.037683623773691772160121038684022072280381222985503479860439,5.18700631549061496891293820250147397127076346791593870093395,False,,,False,True
2422,151,0.0451210844347299765460199243415166607190589322990610220910027,-0.0926539155652700234539800756584833392809410677009389779089973,0.105655271108682494136504981085379165179764733074765255522751,-0.0212607683475020670888969577277394397453727676168915790345529,0.529764336597681970089607114389723599993096618239306443607244,False,,,True,False
2423,263,0.0238603160872279094571229666137772209736861646821694430564498,-0.11391468391277209054287703338622277902631383531783055694355,0.170340079021806977364280741653444305243421541170542360764112,-0.00176137074602350786020479206677242485023273340890892150066742,0.937590093006923498515912320199696591540275428828708733114666,False,,,True,False
2424,76,0.0220989453412044015969181745470047961234534312732605215557824,-0.115676054658795598403081825452995203876546568726739478444218,0.0530247363353011003992295436367511990308633578183151303889456,-0.00892355162706381832768952430240493686717751022948637284263023,0.47118114292277031326266753098568972894050108609114814606016,False,,,True,False
2425,328,0.0131753937141405832692286502445998592562759210437741487131522,-0.124599606285859416730771349755400140743724078956225851286848,0.208293848428535145817307162561149964814068980260943537178288,0.0198042146981033768385694314129360591904915682281050510628267,1.61784589206086539763738088009585853179973773341476068530255,False,,,True,True
2426,188,0.0329796084122439601077980816575359184467674892718791997759789,-0.104795391587756039892201918342464081553232510728120800224021,0.125744902103060990026949520414383979611691872317969799943995,-0.0237584299669057529087409449929738673213400315267718693747813,0.525393706608161161921480212898870940883109138848297376267521,False,,,True,False
2427,110,0.00922117844533820719905713666456205112542745774510733040119762,-0.128553821554661792800942863335437948874572542254892669598802,0.0710552946113345517997642841661405127813568644362768326002994,-0.00423907279774722171104707561949274511428199385567916872740924,0.657887094618709273880884081964143648942677784459966214656493,False,,,True,False
2428,385,0.00498210564759098548801006104506930601114546388942816167378839,-0.132792894352409014511989938954930693988854536110571838326212,0.241870526411897746372002515261267326502786365972357040418447,0.0432165942202099106883873347186981497310120760390846636094733,4.80188548261159704793137167356051148207979293946609948810963,False,,,False,True
2429,236,0.0481986998678008961763973957637674557421575399285128252832617,-0.0895763001321991038236026042362325442578424600714871747167383,0.159549674966950224044099348940941863935539384982128206320815,-0.0172585555262931623045846161420889325209970448732304670015302,0.681364749158161633644075117315879567936647779534141362166168,False,,,True,False
2430,299,0.0309401443415077338718127796216785232211604950552823582817315,-0.106834855658492266128187220378321476778839504944717641718269,0.194610036085376933467953194905419630805290123763820589570433,0.0167615342626266343280489133621833683357957550247750161822271,1.61150797196669458427112322248226545260074418540003263560629,False,,,True,True
2431,142,0.0477016786041343681998616929838618915569562500800573744639585,-0.0900733213958656318001383070161381084430437499199426255360415,0.10067541965103359204996542324596547288923906252001434361599,-0.0308817340757324426755326027636932368793599909097163696700542,0.448659357538364745578132524432080322511728768042257925144144,False,,,True,False
2432,208,0.0168199445284019255243290902201686546775962591703410047939043,-0.120955055471598074475670909779831345322403740829658995206096,0.134204986132100481381082272555042163669399064792585251198476,-0.00341954683759386203349353703381821673672886196231744917888227,0.828939619052610679725988460784886826693855509841245572572177,False,,,True,False
2433,343,0.0134003976908080634908355531863504379408673972080235556150221,-0.124374602309191936509164446813649562059132602791976444384978,0.217725099422702015872708888296587609485216849302005888903756,0.0238672448047999267824423749224013765950374396391397349443311,2.88924071975960792529001044042886102099078696911431239358179,False,,,False,True
2434,101,0.0372676424956079902732779281087518145359048368471632905593531,-0.100507357504392009726722071891248185464095163152836709440647,0.0724419106239019975683194820271879536339762092117908226398383,-0.0176224277374887775770586609458777129387005015639201780257913,0.477656906429844384382005203859707376609643104201951524843038,False,,,True,False
2435,273,0.0196452147581192126962192671628741015972043352832431125335619,-0.118129785241880787303780732837125898402795664716756887466438,0.17553630368952980317405481679071852539930108382081077813339,-0.000415845096236795693838290565967206866646521682092181819934389,0.990368714339720784556097330227630415077305170602865047357402,False,,,True,False
2436,168,0.0192293696618824170023809765969068947305578136011509307136275,-0.118545630338117582997619023403093105269442186398849069286373,0.109807342415470604250595244149226723682639453400287732678407,-0.013180142001120573884500802343440725097720235842939860098408,0.508016277906836116849250990036523568252999943865473462671489,False,,,True,False
2437,42,0.00604922766076184311788017425346616963283757775821107061521948,-0.131725772339238156882119825746533830367162422241788929384781,0.0277623069151904607794700435633665424082093944395527676538049,-0.00129453270464119777326460428715521781295979456953987658350741,0.653631377879024997057729386306523735156427839455339248983206,False,,,True,False
2438,361,0.00475469495612064534461556996631095181987778318867119403171207,-0.133020305043879354655384430033689048180122216811328805968288,0.226813673739030161336153892491577737954969445797167798507928,0.0270297766898602070318340809189791509917428711278180400998345,1.94310955365533577300455144769629561770961343302323689606599,False,,,False,True
2439,225,0.0317844716459808523764496508852901028116206543164892341315466,-0.105990528354019147623550349114709897188379345683510765868453,0.148571117911495213094112412721322525702905163579122308532887,-0.0122646894809766678527120656335510016063159533296566890494626,0.720988953501642160047971779531056388511521473191964160324308,False,,,True,False
2440,120,0.019519782165004184523737585251739101205304700986832545082084,-0.118255217834995815476262414748260898794695299013167454917916,0.079879945541251046130934396312934775301326175246708136270521,-0.0100049938982315844248977310150918851623242981538881879252031,0.579697513024051366657336025238151107551063578077100317796408,False,,,True,False
2441,313,0.00951478826677260009883985423664721604298040283294435715688081,-0.128260211733227399901160145763352783957019597167055642843119,0.19800369706669315002470996355916180401074510070823608928922,0.00727039117729866839801949350482920886791345398250688521134028,1.23976127833755705354331447583216045905163540302548246429662,False,,,True,True
2442,182,0.0167851794440712684968593477414764249108938568154512423682211,-0.120989820555928731503140652258523575089106143184548757631779,0.117946294861017817124214836935369106227723464203862810592055,-0.0110619508388703614255634813762512811535881085854954128441576,0.597306833363452353566645161470327136359863146035954723520094,False,,,True,False
2443,58,0.00572322860520090707129586636522514375730574822995582952406345,-0.132051771394799092928704133634774856242694251770044170475937,0.0376808071513002267678239665913062859393264370574889573810159,-0.00326152986598131688267479052514969179178075256544474648006184,0.41123636621421732099001174071742682059396994616576259146345,False,,,True,False
2444,389,0.00246169873921959018862107584007545196552499566451108304400161,-0.135313301260780409811378924159924548034475004335488916955998,0.243740424684804897547155268960018862991381248916127770761,0.0438245043152075257210443797183812722607700892709376670097094,4.59898941571827506848926040560357063219331956221649383737466,False,,,False,True
2445,252,0.046286203054427115909665455558456724226295084935448750053711,-0.091488796945572884090334544441543275773704915064551249946289,0.169071550763606778977416363889614181056573771233862187513428,-0.00971163559298117156339269377439246627666433032602075740486405,0.801772530950903090454339633654797542891713367980110034806026,False,,,True,False
2446,145,0.036574567461445944346272761784064257949630754609427992648847,-0.101200432538554055653727238215935742050369245390572007351153,0.0997686418653614860865681904460160644874076886523569981622117,-0.0166201770368372428237191703599543312362109641085780213370509,0.542212509288662092889317599034472108521918427250603526830032,False,,,True,False
2447,294,0.0199543904246087015225535914241099267134197905008499713117961,-0.117820609575391298477446408575890073286580209499150028688204,0.188738597606152175380638397856027481678354947625212492827949,0.00420553381117022515317134677282807054653318787166228060012036,1.14083510184449688516813382384408638896673845107814707075522,False,,,True,True
2448,96,0.0241599242357789266757249381969379972599529783725122519119164,-0.113615075764221073324275061803062002740047021627487748088084,0.0660399810589447316689312345492344993149882445931280629779791,-0.0120640194723596498162332612077923182448560028131894078088028,0.479855226494567443608801764914946561075671366192513136773987,False,,,True,False
2449,337,0.0120959047634192768594916769891456790150969755593228441031136,-0.125679095236580723140508323010854320984903024440677155896886,0.213648976190854819214872919247286419753774243889830711025778,0.0271589875770222984042894112522385694019417929603857564854369,2.03455238215691342699750762624012738567177388379942852837848,False,,,False,True
2450,201,0.0392548923404415752637810882413842484170387685197086005885505,-0.0985201076595584247362189117586157515829612314802913994114495,0.135438723085110393815945272060346062104259692129927150147138,-0.0251266064896567206343201329363679717746596112104267493083729,0.547737763778996984742045117014356769038718367706747213126248,False,,,True,False
2451,72,0.0141282858507848546294609553050162766423791573092818512801777,-0.123646714149215145370539044694983723357620842690718148719822,0.0485320714626962136573652388262540691605947893273204628200444,-0.00767859795945571061377368412989487759142687662336961274242522,0.583272934055718908926365221555524275770759390985510372941119,False,,,True,False
2452,268,0.00644968789132914401568727117512139905095228068591223853775245,-0.131325312108670855984312728824878600949047719314087761462248,0.169112421972832286003921817793780349762738070171478059634438,-0.00140289167826887872755393820723089344538443090952460462263433,0.95593949864706725167247267654003376041996846951930308228816,False,,,True,False
2453,374,0.00504679621306026528813333296789050560556784977638763391511812,-0.132728203786939734711866667032109494394432150223612366084882,0.23501169905326506632203333324197262640139196244409690847878,0.0487658306066725939962438272435380764812679043928820658842485,8.03939773404539887027902859804788021210521970564431377841731,False,,,False,True
2454,164,0.0538126268197328592843771602114285820868357541692696997993666,-0.0839623731802671407156228397885714179131642458307303002006334,0.115953156704933214821094290052857145521708938542317424949842,-0.028345482659951158104167594872581728694326031000593150941684,0.499289340174502207793407772345941718698705333724902047654896,False,,,True,False
2455,233,0.0254671441597817011802095653388468533925097231686765488576826,-0.112307855840218298819790434661153146607490276831323451142317,0.151991786039945425295052391334711713348127430792169137214421,-0.0072282305866708945344395187904802838344905237907486120552068,0.806556969672221219239446499947948519326406836097033845029567,False,,,True,False
2456,107,0.0182389135731108066457700465483665695580191993779279368024758,-0.119536086426889193354229953451633430441980800622072063197524,0.0714347283932777016614425116370916423895047998444819842006189,-0.00757655769238981406918481275563632493596256719412959259130386,0.597258285403685971787454145597438237719257622697386950731976,False,,,True,False
2457,323,0.0106623558807209925765852337927302446220566321837983442111719,-0.127112644119279007423414766207269755377943367816201655788828,0.204540588970180248144146308448182561155514158045949586052793,0.0085084153561883965678736461532829940218260387756083218841988,1.20078302082224922207014675555399554430250872839838617731695,False,,,True,True
2458,186,0.0191707712369093891444588799460132386438826709594066660953707,-0.118604228763090610855541120053986761356117329040593333904629,0.121042692809227347286114719986503309660970667739851666523843,-0.0113282320821577010969661056546153516112510669843002955921898,0.589997209110880827856102489800908233239325783820851783463742,False,,,True,False
2459,47,0.00784253915475168804749277429139788703263160397510637050318092,-0.129932460845248311952507225708602112967368396024893629496819,0.0313356347886879220118731935728494717581579009937765926257952,-0.0039727591087666591720604444149102116659590928717705808466444,0.455286193921632823354175797133687907322063785162214569454076,False,,,True,False
2460,353,0.00386978004598502887543232987648767536667251110333578965653652,-0.133905219954014971124567670123512324633327488896664210343463,0.221592445011496257218858082469121918841668127775833947414134,0.0246903192693696348803090762643029170132403743824236255390552,1.91966753767792922786796392925997319745444490535446616158105,False,,,False,True
2461,246,0.0285600993153546637557414061407905923799128854857594151955917,-0.109214900684645336244258593859209407620087114514240584804408,0.160890024828838665938935351535197648094978221371439853798898,-0.00186046009633516317076272095712980200204786365086889098940409,0.949917840483174258325291957812891683255288093744947975643716,False,,,True,False
2462,129,0.0266996392190195005849786851836607903778650218348905242061876,-0.111075360780980499415021314816339209622134978165109475793812,0.0872999098047548751462446712959151975944662554587226310515469,-0.0220658241709079559236395764365508157629552107024005866680149,0.441779323863003311019574960326436444480165380886339745195495,False,,,True,False
2463,301,0.00463381504811154466133910874710997461490981113248993753817275,-0.133141184951888455338660891252890025385090188867510062461827,0.189283453762027886165334777186777493653727452783122484384543,0.0118964582055683281125945754019403655690408507417704516111792,1.68587331043747358876564521572969273099226937186592757102284,False,,,True,True
2464,85,0.0165302732536798727739336841490503401839506618742603891493519,-0.121244726746320127226066315850949659816049338125739610850648,0.057257568313419968193483421037262585045987665468565097287338,-0.0153048510739201393390939295879389346823537709078774807877558,0.43943305709529757960305711832497973860520825210286467851317,False,,,True,False
2465,396,0.00122542217975973343483975456111140550159689096638290836159613,-0.136549577820240266565160245438888594498403109033617091638404,0.247806355544939933358709938640277851375399222741595727090399,0.0582081547338497766372569416348507790614261948179554217045846,16.9787604820246486126690837998100045703486334556644582724524,False,,,False,True
2466,207,0.0594335769136095100720966961959621845630230857843383300661808,-0.0783414230863904899279033038040378154369769142156616699338192,0.144233394228402377518024174048990546140755771446084582516545,-0.0257317403471436837120261561881744650912633545158133325413785,0.566498855585040155378725539718836265914359275312639028808492,False,,,True,False
2467,275,0.0337018365664658263600705400077877194717597312685249975248023,-0.104073163433534173639929459992212280528240268731475002475198,0.180300459141616456590017635001946929867939932817131249381201,0.00699961896255867968544670907509386742137245004851005644538314,1.19996555018069900504007880308509253703484957867648949672104,False,,,True,True
2468,149,0.0407014555290245060455172490828815868931321813170350539701854,-0.0970735444709754939544827509171184131068678186829649460298146,0.103300363882256126511379312270720396723283045329258763492546,-0.0251495462252474826290078260984961499282432018614839194164121,0.435579241907819429678363371946664839761827532671534812479276,False,,,True,False
2469,332,0.0155519093037770234165094229843854369648889794555511345537734,-0.122223090696222976583490577015614563035111020544448865446227,0.211387977325944255854127355746096359241222244863887783638443,0.0234459873792022270259308408108617731786513860322113095360907,2.2337793591771760720009806691054491351179893277935115868943,False,,,True,True
2470,177,0.0389978966829792504424402637952472101435403654877624440898641,-0.0987771033170207495575597362047527898564596345122375559101359,0.120374474170744812610610065948811802535885091371940611022466,-0.0199671059339708172587413044740667693065692500488648851605615,0.539164196535643516908329000936838335633512232585768905081143,False,,,True,False
2471,73,0.0190307907490084331836989593211804408369711154388975589293026,-0.118744209250991566816301040678819559163028884561102441070697,0.0503826976872521082959247398302951102092427788597243897323257,-0.00944741987282027863860891604068609824716938924963263212184596,0.5122420482581008104066421527120781928422278398965553808969,False,,,True,False
2472,364,0.00958337087618815454509004328049434258980172618926492680745666,-0.128191629123811845454909956719505657410198273810735073192543,0.229895842719047038636272510820123585647450431547316231701864,0.038445247005903354613846983257026268219192889965319244096657,3.24571452994155692704033647600323213292332522741707955133996,False,,,False,True
2473,230,0.0480286178820915091589370265375206108089946161545841709041137,-0.0897463821179084908410629734624793891910053838454158290958863,0.155757154470522877289734256634380152702248654038646042726028,-0.0174797523584265791113299991225599270269432534173179050843736,0.660342538894204318439277445526792743362549410605692732046203,False,,,True,False
2474,122,0.0305488655236649300476070274149606837820513627372662658197401,-0.10722613447633506995239297258503931621794863726273373418026,0.083887216380916232511901756853740170945512840684316566454935,-0.0108720874266653773892905781498319632578916943697170505718834,0.607914592377719091476404525306522395512409717938902707616956,False,,,True,False
2475,290,0.0196767780969995526583164492651287205241596683675492152478567,-0.118098221903000447341683550734871279475840331632450784752143,0.186169194524249888164579112316282180131039917091887303811964,-0.00208395459473431463009347008955055011479023310587606409708746,0.957077694028892135976988603755911436722554897070771291090015,False,,,True,False
2476,192,0.0175928235022652380282229791755781704093694352616731511507693,-0.120182176497734761971777020824421829590630564738326848849231,0.124398205875566309507055744793894542602342358815418287787692,-0.00912627528646180537658206641094230089348949244084934201699332,0.636979322541356107889876097573991756900205156835970233359473,False,,,True,False
2477,49,0.00846654821580343265164091276463586951587994282082380913377594,-0.129308451784196567348359087235364130484120057179176190866224,0.032741637053950858162910228191158967378969985705205952283444,-0.00249692863232026358336221332137949505560019895028121864958674,0.515482517156340332844798909654193455180670187544860795936001,False,,,True,False
2478,379,0.0059696195834831690682786994432563744602797438705425904841892,-0.131805380416516830931721300556743625539720256129457409515811,0.238367404895870792267069674860814093615069935967635647621047,0.0362677840357553687277596576065181319601344644693216111437254,2.95670900371522714889971572260590498672313915431670699862905,False,,,False,True
2479,253,0.0422374036192385377960383570497745064204142083398642016279146,-0.0955375963807614622039616429502254935795857916601357983720854,0.168684350904809634449009589262443626605103552084966050406979,-0.00467157985769509952469656997983127916945366957096155216453105,0.892151556010696266732036019297019908073679554183553714742662,False,,,True,False
2480,141,0.0375658237615434382713417870699432272509605387689026494633836,-0.100209176238456561728658212930056772749039461231097350536616,0.0975164559403858595678354467674858068127401346922256623658459,-0.0172277873497952057837836853840726416681261140022966088558286,0.491276747291210669038283622909865208747383134582574329524154,False,,,True,False
2481,316,0.0203380364117482324875581016858705855828344247666060406075549,-0.117436963588251767512441898314129414417165575233393959392445,0.202584509102937058121889525421467646395708606191651510151889,0.0110169244245777915368187045906057272930669417384334033849931,1.37132268863688441513824647316131289170597135593751232286281,False,,,True,True
2482,171,0.031354960836326024024376806276476312875901366505039443992548,-0.106420039163673975975623193723523687124098633494960556007452,0.114713740209081506006094201569119078218975341626259860998137,-0.0188649761897477575118600540768623955612623681182975596605639,0.533218579310750318101705877786002631839422232555086457957432,False,,,True,False
2483,77,0.0124899846465782665125167521996139173146389983867418843319842,-0.125285015353421733487483247800386082685361001613258115668016,0.051247496161644566628129188049903479328659749596685471082996,-0.00263047002330771492852813027248128979541313283193969176797278,0.696956066018473753777907204986124184652671982748399340518449,False,,,True,False
2484,346,0.00985951462327055158398862192713262751922586555480219256401138,-0.127915485376729448416011378072867372480774134445197807435989,0.218714878655817637895997155481783156879806466388700548141003,0.023965471640053775824111333910304241301855247293645133015267,1.7981502923029047833425745485270021234547430487215248041462,False,,,False,True
2485,221,0.0338249862633243274080999558374368688210811128484473255792784,-0.103950013736675672591900044162563131178918887151552674420722,0.14658124656583108185202498895935921720527027821211183139482,-0.0171478918404937474629462227994657002892080546847420954781666,0.636313515177206006441646889791177208637225818906022440056194,False,,,True,False
2486,110,0.0166770944228305799451537330379711685318730581637052301011118,-0.121097905577169420054846266962028831468126941836294769898888,0.0729192736057076449862884332594927921329682645409263075252779,-0.00880039129153040336422443797129639895756149263056008165848124,0.632177617729838735623058391797632167585235785738032669945586,False,,,True,False
2487,284,0.00787670313130017658092929506667476957431156553314514844263054,-0.129898296868699823419070704933325230425688434466854851557369,0.179469175782825044145232323766668692393577891383286287110658,-0.00102274712496009995687089665028783891971404700013491328247163,0.947189878135227632853733100196744711183438487405209196772055,False,,,True,False
2488,44,0.00685395600634007662405839841638693065459751853301023516015891,-0.130921043993659923375941601583613069345402481466989764839841,0.0292134890015850191560145996040967326636493796332525587900397,-0.00411911586732114236759958776127352555668530504281715346474707,0.376435132086799096545721762138781452779574551810889994456484,False,,,True,False
2489,384,0.00273484013901893425645881065511340509791221349019308169541184,-0.135040159860981065743541189344886594902087786509806918304588,0.240683710034754733564114702663778351274478053372548270423853,0.0488948517939664082116899981880181763420788640444590014349234,5.35356168157027303963282018612380310889242044052681274581946,False,,,False,True
2490,197,0.0516296919329853424681488088431315814399910775346520831303352,-0.0861453080670146575318511911568684185600089224653479168696648,0.136032422983246335617037202210782895359997769383663020782584,-0.0237888068402462498557860538611830423908381846116907279552142,0.566082106094596846090353132040315717895837315226662415435859,False,,,True,False
2491,262,0.027840885092739092612362754981948539049152892922961355175121,-0.109934114907260907387637245018051460950847107077038644824879,0.17071022127318477315309068874548713476228822323074033879378,0.00209011309814317775233318348855592261453988930459809101120154,1.05911046662588667908179506792959072062549111150913388833057,False,,,True,True
2492,130,0.0299309981908822703646959384705044616636927822275594461863225,-0.107844001809117729635304061529495538336307217772440553813677,0.0887327495477205675911739846176261154159231955568898615465806,-0.0163252680109360360462708055440680833912336603569673815229588,0.460573656930897547997459928687163134707595334986121934569289,False,,,True,False
2493,328,0.0136057301799462343184251329264363782724591218705920646633638,-0.124169269820053765681574867073563621727540878129407935336636,0.208401432544986558579606283231609094568114780467648016165841,0.0162164156065194449474053769610768775477830004515637460990043,1.56512043316734950675630870252283900760317369872995981933466,False,,,True,True
2494,164,0.029822145786465679265830509887513255820242122322155810762368,-0.107952854213534320734169490112486744179757877677844189237632,0.109955536446616419816457627471878313955060530580538952690592,-0.0201790752620125153428719686535109672157066549059515521606459,0.532493457382342975985167999630148856626858403421405475056997,False,,,True,False
2495,64,0.00964307052445316392295854123400228860453546741620425860172215,-0.128131929475546836077041458765997711395464532583795741398278,0.0424107676311132909807396353085005721511338668540510646504305,-0.00303651258867387618601749142111708082457320023473155348979592,0.65718944894942727771580830154640001977296458974511574675878,False,,,True,False
2496,357,0.00660655793577928773694104981288520777996226718147270511192623,-0.131168442064220712263058950187114792220037732818527294888074,0.224776639483944821934235262453221301944990566795368176277982,0.0323923860002701311122281882982244231507120090196044744296062,2.4719257572288760086943667279999479116601549842914598981243,False,,,False,True
2497,234,0.0389989439360494188491692381111096309306742762010771795415324,-0.0987760560639505811508307618888903690693257237989228204584676,0.155999735984012354712292309527777407732668569050269294885383,-0.0161477514341145883281018895096130187369372499779505364812209,0.678308695258120306664581525139292271986645272153381872112038,False,,,True,False
2498,115,0.0228511925019348305210673486014966121937370262231266430603115,-0.114923807498065169478932651398503387806262973776873356939689,0.0775877981254837076302668371503741530484342565557816607650779,-0.0101714677861180247587990118824226754804759203324560108474154,0.591454191639864331414415166620645521772368486391377926406603,False,,,True,False
2499,300,0.0126797247158168057622683367190739367132611058906706322128961,-0.125095275284183194237731663280926063286738894109329367787104,0.190669931178954201440567084179768484178315276472667658053224,0.00535734147187603015262845523296727216751933058504815340116351,1.12753770687662413933973291300516846412948426640146642255245,False,,,True,True
2500,185,0.0180370661876928359148967919520412088807804364757187856140596,-0.11973793381230716408510320804795879111921956352428121438594,0.120134266546923208978724197988010302220195109118929696403515,-0.0125926576348566585281346451834781144743105572648458069231372,0.559366386368572332579217929268397035374329805684308043369809,False,,,True,False
2501,40,0.00544440855283617738676214676856309440646987921087297869092236,-0.132330591447163822613237853231436905593530120789127021309078,0.0263611021382090443466905366921407736016174698027182446727306,-0.00416350182124811749913200060028657714563424730937495189966758,0.31621170759477768498548655276894169603596935621905043365392,False,,,True,False
2502,391,0.00128090673158805988763014616827651726083563190149802679125478,-0.136494093268411940112369853831723482739164368098501973208745,0.244695226682897014971907536542069129315208907975374506697814,0.0454324639369880618116653867806247841445545461273072676420434,5.2632256005867640011315671237931375867224182798711704804183,False,,,False,True
2503,247,0.0467133706685761216992955329489013014053901780288052944332982,-0.0910616293314238783007044670510986985946098219711947055667018,0.166053342667144030424823883237225325351347544507201323608325,-0.00821371312471580857132864912680185032843332338189159222753394,0.823599895379733389946195518763216241032928765690212367260741,False,,,True,False
2504,143,0.0384996575438603131279668838220994510769568546469137022057642,-0.0992753424561396868720331161779005489230431453530862977942358,0.0989999143859650782819917209555248627692392136617284255514411,-0.0172708889498854789203919393421057607522412660695430821874957,0.511552716929881551340067316809608500008571749064757694855207,False,,,True,False
2505,312,0.0212287685939748342075749444799936903247155885773706200182685,-0.116546231406025165792425055520006309675284411422629379981732,0.200307192148493708551893736119998422581178897144342655004567,0.00989558640032096634246202466672924853213297541805765739919914,1.32650652865847775311088806260776784164158827048744772686639,False,,,True,True
2506,203,0.0311243549942958005500369691467229388568485639954282774174676,-0.106650645005704199449963030853277061143151436004571722582532,0.134656088748573950137509242286680734714212140998857069354367,-0.0111729730882629164200481207503164013345094240007468773200073,0.679084963792819807394729258465699408630870356960312774324948,False,,,True,False
2507,86,0.0199513819060328841299888483964065375223391399946814000974604,-0.11782361809396711587001115160359346247766086000531859990254,0.0587378454765082210324972120991016343805847849986703500243651,-0.0095146853336132047541487677568436529371833540832008077306084,0.438038076645004126105957244408978297217029810127808079094776,False,,,True,False
2508,342,0.010436696572419679375840080639562884585155785911480592366852,-0.127338303427580320624159919360437115414844214088519407633148,0.216359174143104919843960020159890721146288946477870148091713,0.0184439377258390311259490434168892865736433732742518420646357,1.54508881688702246295280117254055409955547585084631916731109,False,,,False,True
2509,168,0.0288806342982587105017891240564521711587991591857324344314876,-0.108894365701741289498210875943547828841200840814267565568512,0.112220158574564677625447281014113042789699789796433108607872,-0.0139145023021985481101773054589787143343837686608639219309202,0.636337088698009919458984493412493548091485620533365885386605,False,,,True,False
2510,274,0.0149661319960601623916118185974734568244153905248685125005675,-0.122808868003939837608388181402526543175584609475131487499433,0.174991532999015040597902954649368364206103847631217128125142,0.00130041994582161077233228025735244781320719851686655432740645,1.04050535234276319670542367492755839345810988475343181489348,False,,,True,True
2511,103,0.0162665519418817731639440988548259046376225890417350668279739,-0.121508448058118226836055901145174095362377410958264933172026,0.0684416379854704432909860247137064761594056472604337667069935,-0.0105178216984804510253425729903571605118024062527315179310759,0.415797644719609627338274876735365355783018514868714869286442,False,,,True,False
2512,370,0.00574873024340132213860152586446874412582018278900354889689803,-0.132026269756598677861398474135531255874179817210996451103102,0.232687182560850330534650381466117186031455045697250887224225,0.0362783550211090475415535630000745691076095913918086405488128,2.71444424432503210161949581130410463959428579691728031671589,False,,,False,True
2513,220,0.0420270852645103696801550888645433132334297741808121894457109,-0.0957479147354896303198449111354566867665702258191878105542891,0.148006771316127592420038772216135828308357443545203047361428,-0.0183868394766681199159463463468098652603932799028823126501153,0.643939002692610077867853442254046000125320320157926524830562,False,,,True,False
2514,133,0.0236402457878422497642087425177334479730364942779298767955956,-0.114134754212157750235791257482266552026963505722070123204404,0.0890350614469605624410521856294333619932591235694824691988989,-0.0113460668775218151402363226443632056035626344121379333820295,0.604469383159987897832942491392819103495485560869953569898858,False,,,True,False
2515,296,0.0122941789103204346239724198733702423694738598657919434135661,-0.125480821089679565376027580126629757630526140134208056586434,0.188073544727580108655993104968342560592368464966447985853392,0.00428450538067434514300930198636472186837947041272496238773471,1.20450462459273333485609569778230679898139240863594587017447,False,,,True,True
2516,68,0.0165786842909947797669817218597349642378533302785169058013008,-0.121196315709005220233018278140265035762146669721483094198699,0.0466446710727486949417454304649337410594633325696292264503252,-0.0125795591038414716450864342399332630335093505896843526305956,0.436819764679635237696851326832881205176391426393701043890863,False,,,True,False
2517,351,0.00399912518715330812189528761980170120434397968883255317070516,-0.133775874812846691878104712380198298795656020311167446829295,0.220374781296788327030473821904950425301085994922208138292676,0.0367200221085779569552687348817360628028687656707627228097272,3.01876816270010137778588869571122633790560468332601398468617,False,,,False,True
2518,189,0.0407191472957312650771640225015377640072127453595952759804323,-0.0970558527042687349228359774984622359927872546404047240195677,0.128304786823932816269291005625384441001803186339898818995108,-0.0236884659325817524173821444130671819996302766573642219789576,0.557922431920313484898920041475106837572127018010766831556128,False,,,True,False
2519,254,0.0170306813631495126597818780884705820075824687022310540014747,-0.120744318636850487340218121911529417992417531297768945998525,0.163007670340787378164945469522117645501895617175557763500369,0.00077507301395243736572963832408450614757965266058167958341903,1.02472098296562134886551137904294871487066284337177036258228,False,,,True,True
2520,108,0.0178057543771019500255115164125550881551621213628127335848938,-0.119969245622898049974488483587444911844837878637187266415106,0.0719514385942754875063778791031387720387905303407031833962234,-0.0172177536539007538582067018109239123823443770901521346998184,0.379961786197631236068412401803902977127451773297077909458575,False,,,True,False
2521,395,0.000588000723201196167304814601631175772817744272660598885075353,-0.137186999276798803832695185398368824227182255727339401114925,0.247022000180800299041826203650407793943204436068165149721269,0.0492111108313364415513015982973621253271701090056768230196793,26.7233274207608682325285907175381424560979520681992453364601,False,,,False,True
2522,211,0.0497991115545376377186064128989933010999878532783374219047546,-0.0879758884454623622813935871010066989000121467216625780952454,0.144324777888634409429651603224748325274996963319584355476189,-0.0183431055479786544899126558955056521950805024947145314431982,0.618879440403888116400223810388204542669849774190907316386155,False,,,True,False
2523,286,0.0314560060065589832286937570034876489049073507836228904615564,-0.106318993993441016771306242996512351095092649216377109538444,0.186614001501639745807173439250871912226226837695905722615389,0.0103095862104802129498242497616868737282957063285436735092791,1.31807078950479041395879941341369855858780254918283494864325,False,,,True,True
2524,145,0.0417655922170391961785180067651745226332030571121665639708355,-0.0960094077829608038214819932348254773667969428878334360291645,0.101066398054259799044629501691293630658300764278041640992709,-0.0223064309517305703139719982373536509954299262243767805856665,0.428512230938579046664158620180006405165320580490956371475894,False,,,True,False
2525,325,0.019459161265308625864546008527820871637773130887789783385169,-0.118315838734691374135453991472179128362226869112210216614831,0.207989790316327156466136502131955217909443282721947445846292,0.017500426027220730764479510193033449092147772881582117615238,1.84371419709482469558223836722989267049481801386782661190672,False,,,True,True
2526,173,0.036959587292529356629025518720854320729920903769371901000407,-0.100815412707470643370974481279145679270079096230628098999593,0.117364896823132339157256379680213580182480225942342975250102,-0.0185597702502924498386874640392876521660193944668430266047159,0.540043876428989719043594133946278576379481469605900067027906,False,,,True,False
2527,74,0.0183998170422369067903380546815666685639015093025288743956911,-0.119375182957763093209661945318433331436098490697471125604309,0.0508499542605592266975845136703916671409753773256322185989228,-0.0085999694503647558477393711364951462396280656503255706376161,0.497654222248809968694820067877642560862646746390554451970499,False,,,True,False
2528,362,0.00979984759187215094259868354507152232427344365220330375807498,-0.127975152408127849057401316454928477675726556347796696241925,0.228699961897968037735649670886267880581068360913050825939519,0.0360259900191570724336493992223266695399280351932414904156243,2.89805096375669635122376620510086833648027765021332710395668,False,,,False,True
2529,236,0.0458258376110292233762480827673981918642014788454447941736993,-0.0919491623889707766237519172326018081357985211545552058263007,0.158956459402757305844062020691849547966050369711361198543425,-0.0157727940020120057738892947965691685969108347960739883399361,0.686133317744749869734751183387038713907905227890344563830179,False,,,True,False
2530,124,0.0300530436090172176023587879708290232672906440493708058337631,-0.107721956390982782397641212029170976732709355950629194166237,0.0850132609022543044005896969927072558168226610123427014584408,-0.0130052968960083347376216301851260354954766536237396770722188,0.556390518889804698443222064967796848582708679152842407287442,False,,,True,False
2531,306,0.0170477467130088828647371577857029877718139904256311287615443,-0.120727253286991117135262842214297012228186009574368871238456,0.195511936678252220716184289446425746942953497606407782190386,0.00750126135072012483819192512712770694178936873407668243274826,1.18142576714438469347355888942120069016173430522970016791103,False,,,True,True
2532,195,0.0245490080637290077029290829128306947136033591597078111942926,-0.113225991936270992297070917087169305286396640840292188805707,0.128012252015932251925732270728207673678400839789926952798573,-0.0130865549912492974452599542165450373255332444623269918727581,0.601673944121428609918268165574426428570899486515443847345934,False,,,True,False
2533,56,0.0114624530724797102576691286962856573880701146973808193215345,-0.126312546927520289742330871303714342611929885302619180678465,0.0378656132681199275644172821740714143470175286743452048303836,-0.00601373755904789254142846493207394098645612832061562505683248,0.419264049617469717916802218901044867451305555357412344100495,False,,,True,False
2534,377,0.00544871551343181771624066376421171640161398637676519426470204,-0.132326284486568182283759336235788283598386013623234805735298,0.236987178878357954429060165941052929100403496594191298566176,0.0390578423486686054615060264206524448205621962706907662514992,3.67783346112980356489606039672850221446758400664352337460427,False,,,False,True
2535,257,0.0445065578621004231777466901848641612221761826474559605162012,-0.0932684421378995768222533098151358387778238173525440394837988,0.17175163946552510579443667254621604030554404566186399012905,-0.00362801328870380068180944868762621933389256187187964426952653,0.917596064032361256975734604040347165911772426549264704209483,False,,,True,False
2536,151,0.0408785445733966224959372414972379418882836207755763162466747,-0.0968964554266033775040627585027620581117163792244236837533253,0.104594636143349155623984310374309485472070905193894079061669,-0.0238037641157563276996098578133153394620560307751647900425159,0.465042462797919054028084602816233138901214082148334102483634,False,,,True,False
2537,331,0.0170747804576402947963273836839226024262275900004115262041588,-0.120700219542359705203672616316077397573772409999588473795841,0.21114369511441007369908184592098065060655689750010288155104,0.0222680761905650969469946934755168811322664041357045230738948,2.09863205544752732582293353201336619448713863638328211801136,False,,,True,True
2538,207,0.0393428566482053917433220771594394835584939941361160492780536,-0.0984321433517946082566779228405605164415060058638839507219464,0.139210714162051347935830519289859870889623498534029012319513,-0.0126110019662828196510539556116310286082157140878254740652527,0.676799635698881761093317849463234707415321469602892846890337,False,,,True,False
2539,97,0.026731854681922572092268121547808454950278280048290575212801,-0.111043145318077427907731878452191545049721719951709424787199,0.0673079636704806430230670303869521137375695700120726438032002,-0.0164238042290394058535039687691435211303652944964361829871905,0.461440289588982396016148177611250593552324587001822174413957,False,,,True,False
2540,290,0.0103080504528831662387641527786649338199129855518543922256105,-0.12746694954711683376123584722133506618008701444814560777439,0.183827012613220791559691038194666233454978246387963598056403,0.0027008187239678650831561870858674390229700651448002522488497,1.0710741389187503125883990070415843625070974335175910124245,False,,,True,True
2541,133,0.0130088691768510313219203398645323728428830506966546444744602,-0.12476613082314896867807966013546762715711694930334535552554,0.086377217294212757830480084966133093210720762674163661118615,-0.0106066760448626703181148293052314460750395786642435998017923,0.498962516057798152989829517004302760485062314839344629635166,False,,,True,False
2542,382,0.00240219313198836100380551055930092676784347203241104467266791,-0.135372806868011638996194489440699073232156527967588955327332,0.239350548282997090250951377639825231691960868008102761168167,0.0433821157447786351262890825609572425818683099243980634994356,5.69861898382232556119940482277039091816279006872985875194781,False,,,False,True
2543,228,0.0457843088767669961300945931202581693497117819568091081721035,-0.0919906911232330038699054068797418306502882180431908918278965,0.153946077219191749032523648280064542337427945489202277043026,-0.0177812396161653958856477367971515424364163695597283895875984,0.6781363461925341956290746966996185966255260633402833456719,False,,,True,False
2544,166,0.0280030692606016002444468563231066269132954123970807185845051,-0.109771930739398399755553143676893373086704587602919281415495,0.110750767315150400061111714080776656728323853099270179646126,-0.0113652832429760833244046246789392232112905011454627072536555,0.619717068784043115331250675224087963612123057627633553090956,False,,,True,False
2545,317,0.0166377860176255169200422316441674037020049112516180113308496,-0.12113721398237448307995776835583259629799508874838198866915,0.202284446504406379230010557911041850925501227812904502832712,0.0139315847859358587401661020447471596975174225764084972032079,1.74244781617915577107986648230712951808994653769343586337749,False,,,True,True
2546,89,0.0305693708035613756602083336889145633995223338280265085340574,-0.107205629196438624339791666311085436600477666171973491465943,0.0632673427008903439150520834222286408498805834570066271335144,-0.0158566376828275345206547792064493227790414933055892341202703,0.471029841113220292256236634731454241916359022119128735558585,False,,,True,False
2547,267,0.0147127331207338411395535544824652406204808405224372744137872,-0.123062266879266158860446445517534759379519159477562725586213,0.170553183280183460284888388620616310155120210130609318603447,-0.00396656984863695313617396889024393644955939770795223178575874,0.906872510064341581899693903140205805601392863688633060904712,False,,,True,False
2548,125,0.0107461632720968880033795855922213041709214428144850426280284,-0.127028836727903111996620414407778695829078557185514957371972,0.0808115408180242220008448963980553260427303607036212606570071,-0.0045233500547851945416971895509708165031785017011735414228021,0.657380467420199114574186190282897665561444299914356848693913,False,,,True,False
2549,354,0.0062228132173116934616823960412504876677429411133115012052263,-0.131552186782688306538317603958749512332257058886688498794774,0.222805703304327923365420599010312621916935735278327875301307,0.027114941973774960163584862113921527674521544532130083035593,1.94893919093957384286003295658154459010576381777508847951503,False,,,False,True
2550,197,0.0333377551910866536252672581551720153422644856454415842408193,-0.104437244808913346374732741844827984657735514354558415759181,0.131459438797771663406316814538793003835566121411360396060205,-0.0203099210768170834125885540924834516046008031974013661927179,0.556916632953025705453621352998471414087002333457304004238524,False,,,True,False
2551,60,0.0130278341142695702126787040626885637376636824480402180481014,-0.124747165885730429787321295937311436262336317551959781951899,0.0407569585285673925531696760156721409344159206120100545120253,-0.00723522608514305931995820191942271906309751007316306748018668,0.523663886785453691789316099301514654748575568092555243499494,False,,,True,False
2552,299,0.00579260802912651089272050214326584467456617237487715056791467,-0.131982391970873489107279497856734155325433827625122849432085,0.188323152007281627723180125535816461168641543093719287641979,0.0077483246142750489635082666350432928969630092023190435512505,1.2120341389733647750330311493054526543305127225971143169128,False,,,True,True
2553,153,0.0135409326434015598562287687783091375715291815771961941191652,-0.124234067356598440143771231221690862428470818422803805880835,0.0990102331608503899640571921945772843928822953942990485297913,-0.0130277901036035718865762723183943188563361173331422720341604,0.544188666148683267724199151067920569369800735264134346406364,False,,,True,False
2554,388,0.000513142539797987969652496459914818715193064244053922085004729,-0.137261857460202012030347503540085181284806935755946077914995,0.242628285634949496992413124114978704678798266061013480521251,0.0485387963726776347254776743384020593006542080207356744787003,12.3541108297927589604956322094654807230478764059099504712352,False,,,False,True
2555,235,0.049051938912475622695130170798316878015847272264789596563705,-0.088723061087524377304869829201683121984152727735210403436295,0.159137984728118905673782542699579219503961818066197399140926,-0.0152216781318946737800306520443024636840992613384813308379372,0.686803139991388839222475818265438102912493705189958008599806,False,,,True,False
2556,112,0.0338302607805809489150995187540144143317480109263082657257678,-0.103944739219419051084900481245985585668251989073691734274232,0.0784575651951452372287748796885036035829370027315770664314419,-0.0155311441698602755032153111246978984938701971289876033714703,0.511308638534124646685467447174289956850332856454562843564198,False,,,True,False
2557,335,0.0182991166107206734118842076293165158378778137973206623542975,-0.119475883389279326588115792370683484162122186202679337645703,0.213949779152680168352971051907329128959469453449330165588574,0.0240767091505679883022268333054987918688626800172630268738849,1.82666160828625635010266952133366680860043818963694013313565,False,,,False,True
2558,186,0.0423758257612886617141110409348153077067404938145836892281824,-0.0953991742387113382858889590651846922932595061854163107718176,0.126843956440322165428527760233703826926685123453645922307046,-0.0202951074840688072912866570940833621676527798877521763374051,0.581626329219818850224193159284782841286583534863817050473112,False,,,True,False
2559,274,0.0220807182772198544228243838407319455390877139268315128907772,-0.115694281722780145577175616159268054460912286073168487109223,0.176770179569304963605706095960182986384771928481707878222694,0.00406232342593777584212525483799520878578982194422678905672639,1.15942493397678967652512065633725825827207604534528706750656,False,,,True,True
2560,87,0.0261430417031576302649496386787271543248775358710583019475036,-0.111631958296842369735050361321272845675122464128941698052496,0.0609107604257894075662374096696817885812193839677645754868759,-0.0199097115162961476692350666437381494119030204793383339997827,0.388318892732935216356023778166882829318020528632763366082549,False,,,True,False
2561,365,0.00623333018686148259571457203498900491297451539171996794772089,-0.131541669813138517404285427965010995087025484608280032052279,0.22968333254671537064892864300874725122824362884792999198693,0.0417044293941432649323325346924661345443898978983300665897317,3.69109323269421117745579081574697426584286623102248447213986,False,,,False,True
2562,211,0.0479377595810047475280471067274551394573644132900500345374526,-0.0898372404189952524719528932725448605426355867099499654625474,0.143859439895251186882011776681863784864341103322512508634363,-0.0195724072392634232112942466769146031885667051262988363069863,0.626863562179074058355044852890176376962495838031801644605557,False,,,True,False
2563,138,0.0283653523417413243167528600505405362687977081637511982304663,-0.109409647658258675683247139949459463731202291836248801769534,0.0933413380854353310791882150126351340671994270409377995576166,-0.0131049538146824548745735358635233103772255950177587482220687,0.571427464591252643279787995271859861436475565921918688271618,False,,,True,False
2564,308,0.0152603985270588694421793241870172258915721131459924500083976,-0.122514601472941130557820675812982774108427886854007549991602,0.196315099631764717360544831046754306472893028286498112502099,0.00555212949074312071179151676185760487965330860480997509389223,1.22636577470813538513300221897918186235443208018463098325586,False,,,True,True
2565,169,0.0208125280178019901539708409488748307712254217508024251022899,-0.11696247198219800984602915905112516922877457824919757489771,0.110828132004450497538492710237218707692806355437700606275572,-0.0123343336779643719728782168168252710376535420675015380116857,0.610125604624442823457205395999196565718805864322065301126897,False,,,True,False
2566,49,0.00847819433983761818109262413204955973357187968330088709060417,-0.129296805660162381818907375867950440266428120316699112909396,0.032744548584959404545273156033012389933392969920825221772651,-0.00531343715073567951903397743321527542831559717366469608268756,0.481020273118383709771716324916487857357925585422496623939236,False,,,True,False
2567,345,0.00316475718910193866205864669883428430525628250963619100791661,-0.134610242810898061337941353301165715694743717490363808992083,0.216416189297275484665514661674708571076314070627409047751979,0.0263813148009735292816368939556472232291783755501167380850822,2.06575270468789721739744673212967652384572430982212713285814,False,,,False,True
2568,245,0.0295460719900754679436955406544815075344346580597529290929988,-0.108228928009924532056304459345518492465565341940247070907001,0.16051151799751886698592388516362037688360866451493823227325,-0.00691274547196229385426275521844138887106375502392824072846648,0.82440730031405134352575441980562667207760935764831171220676,False,,,True,False
2569,108,0.0226333265181131740894327854360401186633709030358246883645323,-0.115141673481886825910567214563959881336629096964175311635468,0.0731583316295282935223581963590100296658427257589561720911331,-0.0211539205413663868542179733555242335996575199679424404823248,0.417718946375004888707176558736730841291942366396766673734414,False,,,True,False
2570,285,0.0014794059767467872352148120805158850637133830678822478822075,-0.136295594023253212764785187919484114936286616932117752117792,0.178494851494186696808803703020128971265928345766970561970552,0.00657702521162553782185440500164859287220846303973002120655936,1.59895250004853996291487903469086306660883474017035302263742,False,,,True,True
2571,70,0.00805643118837232505706921708216447793592184610761226908876686,-0.129718568811627674942930782917835522064078153892387730911233,0.0457641077970930812642673042705411194839804615269030672721917,-0.00784262585096962562091452249768242004364616045587186700163792,0.44738522757436653898055038894662534230034472268942593196878,False,,,True,False
2572,398,0.000213805337402699436154694584482057892275685651740402087128939,-0.137561194662597300563845305415517942107724314348259597912871,0.248803451334350674859038673646120514473068921412935100521782,0.056831024249778592096077315801572208806195543685074326280826,11.6169551503744517088504466588886746622110055281896183776197,False,,,False,True
2573,198,0.0570448295871812915322320103860542666984712293368147283679549,-0.0807301704128187084677679896139457333015287706631852716320451,0.138011207396795322883058002596513566674617807334203682091989,-0.0272214511322334054500158047078862920163481652958107995445449,0.542551253373292876466931912850713649971750148505365314338765,False,,,True,False
2574,259,0.02982337845494788608221620567816797468212306404100392882341,-0.10795162154505211391778379432183202531787693595899607117659,0.169330844613736971520554051419541993670530766010250982205852,0.00115197523474394286579918854511305984046798609251275038540746,1.0315557829621483496096082278295939747332742392903715122878,False,,,True,True
2575,134,0.0309753536896918289480153942232810345225910501335166792088174,-0.106799646310308171051984605776718965477408949866483320791183,0.0914938384224229572370038485558202586306477625333791698022044,-0.0151776018073527570627548592490720866050214296745956489086812,0.482427041584328680757983179687319985099883107857876380902353,False,,,True,False
2576,327,0.0157977518823390718852605349742089479175696204589210303001363,-0.121977248117660928114739465025791052082430379541078969699864,0.208324437970584767971315133743552236979392405114730257575034,0.0150257986576662128169494733319995152519792403450920384987095,1.43443119599621168295693253168864962901531369379518968315552,False,,,True,True
2577,174,0.0308235505400052847022100083062084631695488608040130687988458,-0.106951449459994715297789991693791536830451139195986931201154,0.116455887635001321175552502076552115792387215201003267199711,-0.0192357896781329506809143752179175005478261846182207236806856,0.532667836952614780246244121223822402109229479768109413307645,False,,,True,False
2578,59,0.0115877608618723340212956330882909626217226761857923451181602,-0.12618723913812766597870436691170903737827732381420765488184,0.0397719402154680835053239082720727406554306690464480862795401,-0.00186419823638229470445886170987519528753941796117620479116537,0.640586920036102455272380912872902346167044321226750657680951,False,,,True,False
2579,371,0.00972356262549003931683677137841576733418325822461614032699484,-0.128051437374509960683163228621584232665816741775383859673005,0.234305890656372509829209192844603941833545814556154035081749,0.0375588529673545377871486857496927801913091377272961904160745,2.90299510202155317783059415303978589457754728309751969030765,False,,,False,True
2580,227,0.0472824155928445771039854571281085475254923959519123307430693,-0.0904925844071554228960145428718914524745076040480876692569307,0.153695603898211144275996364282027136881373098987978082685767,-0.0189049407993075793416977238695789230404612694848226220271975,0.645213114254553977615884332887548619040673496580725886379289,False,,,True,False
2581,119,0.0283774747935369977622877332585296244850311264670897087158718,-0.109397525206463002237712266741470375514968873532910291284128,0.0814693686983842494405719333146324061212577816167724271789679,-0.0066877841165008116620035737926376033042300029912290521755953,0.699959510477300725101342392076028169537088694135694879603586,False,,,True,False
2582,298,0.0216896906770361861002841594658920211808011234758606565402765,-0.116085309322963813899715840534107978819198876524139343459724,0.191672422669259046525071039866473005295200280868965164135069,-0.000998538166772429855283915560915062338116259069644727269598719,0.979514702806284085666648252756939365672820222265189897548532,False,,,True,False
2583,188,0.0206911525102637562450002439049769588426848644062159292706778,-0.117083847489736243754999756095023041157315135593784070729322,0.122672788127565939061250060976244239710671216101553982317669,-0.0111283110818593520546348770421012436451930612708363589598144,0.601105827028123846368546130170452956499374727678004372507437,False,,,True,False
2584,350,0.00956284142840440419036536686287571519749180313537957031086339,-0.128212158571595595809634633137124284802508196864620429689137,0.221140710357101101047591341715718928799372950783844892577716,0.0284593145114308673504215663251839929313754955468362025054522,3.40771676254246631564541489120607090196634060788190304399642,False,,,False,True
2585,145,0.0380221559398352715407869331880597081288672986822157728163156,-0.0997528440601647284592130668119402918711327013177842271836844,0.100130538984958817885196733297014927032216824670553943204079,-0.0173940626969483913955785272004422649221046344350984223309691,0.562965146792778018491173798060754619158098244412728058956505,False,,,True,False
2586,268,0.0206280932428868801452084059876174432067626642471173504853465,-0.117146906757113119854791594012382556793237335752882649514653,0.172657023310721720036302101496904360801690666061779337621337,0.000473364374156114537645961923551970216539518518533264741724363,1.01726203021730463444406714757685516446841954299505106557605,False,,,True,True
2587,82,0.0211014576170429946828543679111694134233021827656506152270709,-0.116673542382957005317145632088830586576697817234349384772929,0.0565253644042607486707135919777923533558255456914126538067677,-0.0168427421706991251271948506965434489245538746087991295148411,0.388122862344893506748052131793898193359204741459874316397178,False,,,True,False
2588,319,0.00425871544634386955565951721462596449874830815685148571222977,-0.13351628455365613044434048278537403550125169184314851428777,0.200439678861585967388914879303656491124687077039212871428057,0.0185035539528654057479915689930525389994631766116047478059409,1.65245599810000054218385042298488860154475105718183360410148,False,,,True,True
2589,206,0.0227622693992092753036510862076785034982114847684562335181707,-0.115012730600790724696348913792321496501788515231543766481829,0.134440567349802318825912771551919625874552871192114058379543,-0.0132284933495620310139588013813353004694777890031255737263115,0.647586883851634979984028388539942503330072197876172655502754,False,,,True,False
2590,52,0.00953377604964724428969228482634320302873369576533065979185918,-0.128241223950352755710307715173656796971266304234669340208141,0.0348834440124118110724230712065858007571834239413326649479648,-0.00636633486141590121038734116307706797651827201655593780692058,0.312207995564861965187198560785397360591673856285489664046399,False,,,True,False
2591,380,0.0031674411882313430793049436632661350522154237487747219849386,-0.134607558811768656920695056336733864947784576251225278015061,0.238291860297057835769826235915816533763053855937193680496235,0.041659478085029953405278453897445700829063909153848480963069,3.64578526699140720278990011893998655197304167516940555764486,False,,,False,True
2592,166,0.0448269192732612964845833975607118358812793329026232029480076,-0.0929480807267387035154166024392881641187206670973767970519924,0.114956729818315324121145849390177958970319833225655800737002,-0.0188884677798632963983139805196001488671861409857664838347269,0.587857922754933875102467978433432396171843713164607930313472,False,,,True,False
2593,252,0.0259384514933980000862694170411116870140931919168567191132807,-0.111836548506601999913730582958888312985906808083143280886719,0.16398461287334950002156735426027792175352329797921417977832,-0.0068943787546053393679021394672998131843818568965623004090084,0.8250568758043454418213586513921173558060557426880930895241,False,,,True,False
2594,107,0.0190440727387926607183672775738118738297113350202944187042723,-0.118730927261207339281632722426188126170288664979705581295728,0.0716360181846981651795918193934529684574278337550736046760681,-0.0103075285891387668347375884820172414874442772198771738344457,0.527606465230348443505825484453927349063867788313269983866403,False,,,True,False
2595,338,0.00873654414965389388362968909179463234226705780041724486982662,-0.129038455850346106116370310908205367657732942199582755130173,0.213434136037413473470907422272948658085566764450104311217457,0.0191771257712632606756604372619588368157491964971056195200088,1.56852032047778975009048208535624823572407992726088729520044,False,,,False,True
2596,218,0.0279136699209171545592901263537534691580162542975228643898354,-0.109861330079082845440709873646246530841983745702477135610165,0.143228417480229288639822531588438367289504063574380716097459,-0.0128551632389695241367799104669294221270342379450847412796093,0.696772081565817025640017102254129331762353573926330326549803,False,,,True,False
2597,75,0.0150585066819476304225102158868240470309820163524381231102261,-0.122716493318052369577489784113175952969017983647561876889774,0.0506396266704869076056275539717060117577455040881095307775565,-0.00915891939162656692984327561020027044699019394466250859136538,0.523085539491021200272215532540641241031573566208782141433325,False,,,True,False
2598,292,0.00589958729032106349266694027662377658399182240777561451886074,-0.131875412709678936507333059723376223416008177592224385481139,0.183974896822580265873166735069155944145997955601943903629715,0.00694562487874457680165626947574528597710038268013025462893207,1.19886527097444073844713856205529520660889304075207969215408,False,,,True,True
2599,141,0.0128452121690656402943232097523690625610922050879058691477928,-0.124929787830934359705676790247630937438907794912094130852207,0.0913363030422664100735808024380922656402730512719764672869482,-0.0112220811291344028320050171406456716757467031201047902107221,0.447980775738940651643167020005778991550763381329417915274413,False,,,True,False
2600,390,0.0016231310399312374623181926117233908853455019678010789370707,-0.136151868960068762537681807388276609114654498032198921062929,0.244155782759982809365579548152930847721336375491950269734268,0.0438579903362055046574388885697388381645526550795036344842603,4.93227522017535893414052931247966906792642231149302154184248,False,,,False,True
2601,194,0.045481121376136742119757081181462229049898157047304713421331,-0.092293878623863257880242918818537770950101842952695286578669,0.132620280344034185529939270295365557262474539261826178355333,-0.0192319130193043667778212600867465736286244189607120442048354,0.601995245231257470656181359893745807696056689650774101112222,False,,,True,False
2602,275,0.0262492083568323753419358210947156554212737380865926692164956,-0.111525791643167624658064178905284344578726261913407330783504,0.178437302089208093835483955273678913855318434521648167304124,0.00370404373072127617249648609662483956589211612349269386823919,1.11956979678553766799459743779876174925295350135943450396145,False,,,True,True
2603,113,0.0299532520875536515144323071913404949871658542100853630847347,-0.107821747912446348485567692808659505012834145789914636915265,0.0781133130218884128786080767978351237467914635525213407711837,-0.0167244050877461242403128884480892835443872853431561848579119,0.427741196711440886364680791636116075075534689227423139843715,False,,,True,False
2604,356,0.0132288469998075272741194187432512114427785688669291782268228,-0.124546153000192472725880581256748788557221431133070821773177,0.225807211749951881818529854685812802860694642216732294556706,0.0310049769123033095942392397353504506177567961093301020835632,2.28396495101342008886696266396850152508793646279667495945388,False,,,False,True
2605,229,0.044233823912110836868358658478601662060535364976259280310386,-0.093541176087889163131641341521398337939464635023740719689614,0.154183455978027709217089664619650415515133841244064820077597,-0.0133219763670724133322962529723225099878594468197427606687334,0.732904193298456756101122053472709329812129800658436107829995,False,,,True,False
2606,153,0.0309118475450384235360624055062791520726759181565165196416526,-0.106863152454961576463937594493720847927324081843483480358347,0.103352961886259605884015601376569788018168979539129129910413,-0.0146616736735292528063192585623664017207913329640166677272452,0.55073431550083386801668507981651654376267364520369742195025,False,,,True,False
2607,312,0.0162501738715091707297431469439127503518845851924998519144074,-0.121524826128490829270256853056087249648115414807500148085593,0.199062543467877292682435786735978187587971146298124962978602,0.0120721983886688559922927063605676388166184806911998738918436,1.60559493501836122731311217487672698915264298092040169763863,False,,,True,True
2608,89,0.028322372260178026722035853304480389168503065883699725806251,-0.109452627739821973277964146695519610831496934116300274193749,0.0627055930650445066805089633261200972921257664709249314515627,-0.0186372670406258716853464718255614466150439510743454993256797,0.440069667014369547398022297262059729609412912822078575584355,False,,,True,False
2609,256,0.00968510521955215503668938147891894255345911480935422648057123,-0.128089894780447844963310618521081057446540885190645773519429,0.162421276304888038759172345369729735638364778702338556620143,-0.00215850924124719063720433460168830297345104422625288716161613,0.889646991464417509705066030867290366548393831267117211435441,False,,,True,False
2610,46,0.0075265959783049643994850468772306395800080705831013393189551,-0.130248404021695035600514953122769360419991929416898660681045,0.0306316489945762410998712617193076598950020176457753348297388,-0.00293959496826006825565913175568666647623108391858922356478483,0.439401818329552422291738717302136122814682102008643996860335,False,,,True,False
2611,368,0.00458700101004489614382591512154397310377698666451211575417027,-0.13318799898995510385617408487845602689622301333548788424583,0.231146750252511224035956478780385993275944246666128028938543,0.0405174985335691738381565796184030596842267983956331814588957,3.43012732241494140124355423469781262699824701515016646557687,False,,,False,True
2612,182,0.045104499543614069981982494739947032788003785060145297213066,-0.092670500456385930018017505260052967211996214939854702786934,0.125026124885903517495495623684986758197000946265036324303266,-0.0279500569500930189936759675234818351623031102642891651450793,0.503993209136577731389524105914162817098100826668525965241142,False,,,True,False
2613,286,0.0171544425935210509883065272164651976257006747958561320679867,-0.120620557406478949011693472783534802374299325204143867932013,0.183038610648380262747076631804116299406425168698964033016997,0.0125813478139423944674302997036224955432460082935954420337677,1.47605047928533276667471055051845731701634189945510676817003,False,,,True,True
2614,126,0.0297357904074634454557368269200876931689466830894515741017545,-0.108039209592536554544263173079912306831053316910548425898246,0.0861839476018658613639342067300219232922366707723628935254386,-0.0235893527912580186008598035701849999506398712174407440691239,0.435473506463744146995837062554800542830749687177279752479313,False,,,True,False
2615,332,0.00614643761620542685487702334990269321830681187201083003263054,-0.131628562383794573145122976650097306781693188127989169967369,0.209036609404051356713719255837475673304576702968002707508158,0.025901959440234106839799066334282108465913012766306563733669,2.35417909219562804372192573866413158497717219094997397852418,False,,,True,True
2616,204,0.0320483970564395336946760896841848016842198246383173937662995,-0.105726602943560466305323910315815198315780175361682606233701,0.135512099264109883423669022421046200421054956159579348441575,-0.0147962032863823229569320948376315153867240957454368913750548,0.614950581466636313078606262758237294062596619088779645765767,False,,,True,False
2617,77,0.0172521937700572107377439948465532862974957288928805023912447,-0.120522806229942789262256005153446713702504271107119497608755,0.0524380484425143026844359987116383215743739322232201255978112,-0.0163835116248559643296170431898078251365272044141821678737144,0.379339363846916960966703470099471996704309675751451897002707,False,,,True,False
2618,385,0.000868682145201246408126951656745461160968524478698334517530279,-0.13690631785479875359187304834325453883903147552130166548247,0.240842170536300311602031737914186365290242131119674583629383,0.0489980978858161802386693839981526637933931750191654002740255,6.49905014923672755538998590119073741126174280169599322679239,False,,,False,True
2619,236,0.0498667800310174266467963356548981249543616994978637347915557,-0.0879082199689825733532036643451018750456383005021362652084443,0.159966695007754356661699083913724531238590424874465933697889,-0.0119600465743635893168984882485672148341086466194270820395746,0.758974712501451288889392150733577540202036650341877688765233,False,,,True,False
2620,149,0.0379067334566538373298978474063309101202530528784366527519811,-0.0998682665433461626701021525936690898797469471215633472480189,0.102601683364163459332474461851582727530063263219609163187995,-0.0183926617383106745712493956606271609793015959011291227426304,0.511656586694378279075517842675158574186741751139086229532414,False,,,True,False
2621,303,0.0195140717183431627586484517457037491409514569773075300093507,-0.118260928281656837241351548254296250859048543022692469990649,0.194253517929585790689662112936425937285237864244326882502338,0.00802932576236367506232370778198316004186537833015621716495476,1.27396673351585067208026450036139846032267247171329761640919,False,,,True,True
2622,107,0.0275433974807068378209721595276869091828168353074637471743054,-0.110231602519293162179027840472313090817183164692536252825695,0.0737608493701767094552430398819217272957042088268659367935764,-0.017796184395905590919119954832572378886868221576280880663958,0.483111902898570732179913777813164816705945666885571020862162,False,,,True,False
2623,264,0.00974721308480124690185220469511453029594861373118286651034738,-0.128027786915198753098147795304885469704051386268817133489653,0.167436803271200311725463051173778632573987153432795716627587,-0.000701358664432440057227090437879284721305127592087853010004856,0.964796616611823646735766402453198748293368513876418983283247,False,,,True,False
2624,52,0.00904585442036880684462511425723524557464348613909501350034252,-0.128729145579631193155374885742764754425356513860904986499657,0.0347614636050922017111562785643088113936608715347737533750856,-0.00375617583954518746740535691565719608319862785356491254071996,0.513032150207358958014314400630830995464035766088881007067176,False,,,True,False
2625,348,0.00528967858082361937721975734157804949144485828553010095962256,-0.132485321419176380622780242658421950508555141714469899040377,0.218822419645205904844304939335394512372861214571382525239906,0.031936182729234785986091265799999035360181545645485651118122,2.44299279841748945304613120985801392946983751484993908703791,False,,,False,True
2626,185,0.0372258613100584053633110231415770848516264039310157520777445,-0.100549138689941594636688976858422915148373596068984247922255,0.124931465327514601340827755785394271212906600982753938019436,-0.0286588436968547746047508212972391783604853819472843313490256,0.509166113420955608346701539633930894229552645902725060714069,False,,,True,False
2627,123,0.00856701761320363075856020184433790649114102198373142072871895,-0.129207982386796369241439798155662093508858978016268579271281,0.0790167544033009076896400504610844766227852554959328551821797,-0.00721283551032589603522391931087994156152305630902304916718472,0.634169406637675884220743122265134882790634152428291144140697,False,,,True,False
2628,322,0.00135418210287773472333628253345796492961796567470837156153423,-0.136420817897122265276663717466542035070382034325291628438466,0.201588545525719433680834070633364491232404491418677092890384,0.0154836136599321439697898018841113368573824484446857153890071,1.79246895001844228932757046093995340048035770325631129082574,False,,,True,True
2629,219,0.0168377957628098786931260844175693017870004141193940869505414,-0.120937204237190121306873915582430698212999585880605913049459,0.141084448940702469673281521104392325446750103529848521737635,-0.00755522047542323351052825089378154396198655646517977318219743,0.739313641131117045984938804406335511721984363710395374935778,False,,,True,False
2630,69,0.00928257528738664518259783352378775782501385765421431376834393,-0.128492424712613354817402166476212242174986142345785686231656,0.045445643821846661295649458380946939456253464413553578442086,-0.00898341316656196152065161028238046863539971452493828368875156,0.335481582618505729394797493044712795758709061770555534033531,False,,,True,False
2631,397,0.000299162120824683661946223241407289189614143129276030079592373,-0.137475837879175316338053776758592710810385856870723969920408,0.248199790530206170915486555810351822297403535782319007519898,0.0472296094938677648524195663030175959548964593895899121066016,6.54549656174580464517134818409047020850409577720944531245266,False,,,False,True
2632,246,0.0475287716146924485143657895444248851445106025188659421861939,-0.0902462283853075514856342104555751148554893974811340578138061,0.165632192903673112128591447386106221286127650629716485546548,-0.00677264891052670413123390959735254078746144598496320997242178,0.853710302957424239084210944886982403913101145842560690835292,False,,,True,False
2633,157,0.0407561227041657443831318799470723443570491565339027322137722,-0.0970188772958342556168681200529276556429508434660972677862278,0.108314030676041436095782969986768086089262289133475683053443,-0.0205955117404131282475454784494727828328426445192251496985231,0.511506132294598733130647458748730708915001664822353815033492,False,,,True,False
2634,294,0.0201606109637526161355864014975995615242065120146775825152491,-0.117614389036247383864413598502400438475793487985322417484751,0.188790152740938154033896600374399890381051628003669395628812,0.00757938498043435380071594791407962166941886573567569823950476,1.27026861864030953572890382091944089483531084800193633736204,False,,,True,True
2635,104,0.0277399959441869699363023494116791831936253777503532807547539,-0.110035004055813030063697650588320816806374622249646719245246,0.0719349989860467424840755873529197957984063444375883201886885,-0.0146689223381078358411371175318687178732058792562212515098818,0.431553202254033910081156725520495585639800032461105195178328,False,,,True,False
2636,360,0.013071073606079134095165231879810465320419498494132029244872,-0.124703926393920865904834768120189534679580501505867970755128,0.228267768401519783523791307969952616330104874623533007311218,0.0361103207476982215521559865616305299666683135397903889754278,2.72356774567341842686854392870992902250279119031108634791683,False,,,False,True
2637,198,0.0491813943537773556473212184414409952870878120339224182202998,-0.0885936056462226443526787815585590047129121879660775817797002,0.136045348588444338911830304610360248821771953008480604555075,-0.0246366947094060444822404505257455330189948815585140299366472,0.551498765112981217795132604357665444561012326258761402206633,False,,,True,False
2638,271,0.0245446996443713111650807679156954622680929304754083882836526,-0.113230300355628688834919232084304537731907069524591611716347,0.175511174911092827791270191978923865567023232618852097070913,0.00588844332921320543739688529982438725287215122703260432097146,1.18193480508895578815604397873644099848420578580278133967602,False,,,True,True
2639,130,0.0304331429735845166024776532155198495209650817024409926046241,-0.107341857026415483397522346784480150479034918297559007395376,0.088858285743396129150619413303879962380241270425610248151156,-0.0202052772591305174419536936084591551573148355175632783942499,0.415896653743294980963802234638171762986030635090878084684712,False,,,True,False
2640,337,0.0102278657144539991605239596070606943636502461848777142103742,-0.127547134285546000839476040392939305636349753815122285789626,0.213181966428613499790130989901765173590912561546219428552594,0.0236192971971513376580639162936681133953096326487057292192067,2.44846118289730104338131946104729906945266158027734293648585,False,,,False,True
2641,175,0.0338471629116053368185878759007288077589598788335834434295808,-0.103927837088394663181412124099271192241040121166416556570419,0.117836790727901334204646968975182201939739969708395860857395,-0.018870458302184092829183409791630694239361644656605691745619,0.543751869473633497392106376008813405394071659754249183059831,False,,,True,False
2642,64,0.0149767046094212439894044661090981135195982341769777516839618,-0.122798295390578756010595533890901886480401765823022248316038,0.0437441761523553109973511165272745283798995585442444379209905,-0.00838278462037777205736811131346565161065100079279535569896793,0.475889087083500391649757167233739819912220273912843244462273,False,,,True,False
2643,375,0.00659391998904347193203635479563246190894723338418239598499391,-0.131181080010956528067963645204367538091052766615817604015006,0.236023479997260867983009088698908115477236808346045598996248,0.0443176554553693699013538541402477611752325609218370927688718,4.43108762172657103169137643794014747284264173291104169408793,False,,,False,True
2644,231,0.0509115754444128418333902089358802230841797943060194887538657,-0.0868634245555871581666097910641197769158202056939805112461343,0.157102893861103210458347552233970055771044948576504872188466,-0.0197637903150327517463493996877717671165596862397407306843831,0.647903211414204322289826869013372926098292802202402312914067,False,,,True,False
2645,143,0.0311477851293800900870408092481084559676201080662787580694826,-0.106627214870619909912959190751891544032379891933721241930517,0.0971619462823450225217602023120271139919050270165696895173706,-0.0091246420733407091327039331738538537475262721136013959144651,0.663778270636290935604641241112384355552302184886812847872332,False,,,True,False
2646,306,0.0220231430560393809543368760742546022200938359526773621550175,-0.115751856943960619045663123925745397779906164047322637844983,0.196755785764009845238584219018563650555023458988169340538754,0.00296805270591777408051712874368308502058494037189022437201459,1.08977067947419585884493907140705460979591335444968461213661,False,,,True,True
2647,98,0.024991195761957155034854004817937687240678776324567586527032,-0.112783804238042844965145995182062312759321223675432413472968,0.067497798940489288758713501204484421810169694081141896631758,-0.0108931597916037372494140799158128964908671087024466924159993,0.58669331971739969459574945397181523333601987791607888890675,False,,,True,False
2648,259,0.0140980359703534177854399249021247907498116676221208941110327,-0.123676964029646582214560075097875209250188332377879105888967,0.165399508992588354446359981225531197687452916905530223527758,-0.0075674276548401950635301450231066571871605679602041407344089,0.826169502804112254919997613519370221943362266321356487888125,False,,,True,False
2649,43,0.00653060831551322272190977987901813356265109966191675337662383,-0.131244391684486777278090220120981866437348900338083246623376,0.028507652078878305680477444969754533390662774915479188344156,-0.00198370862155282819880875369781255768501446501321247834657165,0.602012076288601709185975494106957457044017731141444482159882,False,,,True,False
2650,353,0.00454689969396039452310102618120557587763663464870427503005218,-0.133228100306039605476898973818794424122363365351295724969948,0.221761724923490098630775256545301393969409158662176068757513,0.0355047793995642512790412244311580782224874534673115967037283,2.796508180538103467404993722919335680654808703564515833882,False,,,False,True
2651,190,0.0400516790935246458021422506123636541001240881160158717337805,-0.0977233209064753541978577493876363458998759118839841282662195,0.128762919773381161450535562653090913525031022029003967933445,-0.0274289074847693936663260507854293718776078357766708193117214,0.517661172772805209916471622219735037055775218124103465891507,False,,,True,False
2652,121,0.0126227716087552521358161998269342822225162523393450524220591,-0.125152228391244747864183800173065717777483747660654947577941,0.0787806929021888130339540499567335705556290630848362631055148,-0.00676395581736066833432863563409403170874677240079171039190151,0.695765226062251678757771600109685843129986159372282852927612,False,,,True,False
2653,317,0.00585881579139458380148756419284025051376947993855334203015761,-0.131916184208605416198512435807159749486230520061446657969842,0.199589703947848645950371891048210062628442369984638335507539,0.0116469369094407420944578252748566806357009916438413780074913,1.30764261487937653517059717509769524956998781056284056692997,False,,,True,True
2654,217,0.0175057527008353258959453894676969311494704715823947200376489,-0.120269247299164674104054610532303068850529528417605279962351,0.140001438175208831473986347366924232787367617895598680009412,-0.00803594891320668721598244039171522257885006101490075585538267,0.7257542825337680132902222600072041542229753236502877826313,False,,,True,False
2655,69,0.00946980378762863867996294907598170857062041056749396418226625,-0.128305196212371361320037050924018291429379589432506035817734,0.0454924509469071596699907372689954271426551026418734910455666,-0.00780122267851402268381976220315965704848150191482212286339441,0.376121367331295951583555099250734185636155906412931264929551,False,,,True,False
2656,387,0.00166858110911461599614318687282205152213890865267184131887184,-0.136106418890885384003856813127177948477861091347328158681128,0.242292145277278653999035796718205512880534727163167960329718,0.0418422797388388341950489945989381974135463676026742267501665,4.29603095314312267140627148324379915023399134949983353147463,False,,,False,True
2657,244,0.0435108608479534501911921814717602489356852762553460680690383,-0.0942641391520465498088078185282397510643147237446539319309617,0.16337771521198836254779804536794006223392131906383651701726,-0.00643630137844156453398888326785402520317134821107680057918568,0.857237867785854919597165560675099585284933794559064063047544,False,,,True,False
2658,153,0.0370745594695118856572032982039062237325139280442692674898527,-0.100700440530488114342796701796093776267486071955730732510147,0.104893639867377971414300824550976555933128482011067316872463,-0.0195443271299085002318410858240421870193721013602983508028118,0.520798594978540048594677512837865481118955250024893798419121,False,,,True,False
2659,290,0.0175302323396033854253622123798640367131418266839709166870409,-0.120244767660396614574637787620135963286858173316029083312959,0.18563255808490084635634055309496600917828545667099272917176,0.00601536909520687213413328287709988450191575005905045785123135,1.21089011461806518579437198375637355082575693514911335084534,False,,,True,True
2660,103,0.0235456014348102575594954952569639212150575767430213745382722,-0.114229398565189742440504504743036078784942423256978625461728,0.0702614003587025643898738738142409803037643941857553436345681,-0.0157557633299188273218077049831396650606637176728720972133731,0.41491373728037241391266513389030105357876268345675824759219,False,,,True,False
2661,342,0.00778983810489143023768779027382425615439385907014927732489912,-0.129985161895108569762312209726175743845606140929850722675101,0.215697459526222857559421947568456064038598464767537319331225,0.0281888999356328044754522893345247422179896616755522105832047,2.11027340818816077170159705059921944038374849210537707044123,False,,,False,True
2662,185,0.0359787380405242347131400796083489983723835207457014879081039,-0.101796261959475765286859920391651001627616479254298512091896,0.124619684510131058678285019902087249593095880186425371977026,-0.024230804078459123215312545463429381764155531913232465192178,0.529207288925407656437561701201618355759674551092011256388766,False,,,True,False
2663,58,0.0117479339620651114978275341449196166082279888324690227159258,-0.126027066037934888502172465855080383391772011167530977284074,0.0391869834905162778744568835362299041520569972081172556789815,-0.00481808416275199561139180733863337565496020779518655203710315,0.637726575268898584653478785609159552994293713734263162283759,False,,,True,False
2664,274,0.00692984979931311588643572680628624095326778103728247067882269,-0.130845150200686884113564273193713759046732218962717529321177,0.172982462449828278971608931701571560238316945259320617669706,-0.00152361693010203035915219416329736303127228779773198109484003,0.96168932809872711351967117291340316605378422896182945947123,False,,,True,False
2665,132,0.00540623286921108552728353264298887792199549323955048958398266,-0.132368767130788914472716467357011122078004506760449510416017,0.0838515582173027713818208831607472194804988733098876223959957,-0.00278659062119407422802873714139609804916888801707205931907499,0.671876109007046181257415762385990992375273834532162069802554,False,,,True,False
2666,372,0.00261964224801701129925479550159277987282660522247843026490767,-0.135155357751982988700745204498407220127173394777521569735092,0.233154910562004252824813698875398194968206651305619607566227,0.0332891349230068355410520094197082993704229325484865867801116,2.37276681724119574998090583787902380991468053008907470325354,False,,,False,True
2667,221,0.0359087771710238468403068049213010792432495377709650170450193,-0.101866222828976153159693195078698920756750462229034982954981,0.147102194292755961710076701230325269810812384442741254261255,-0.0174838432317630927696115508423772642876196672445481598218038,0.63909286845259049718316457970816589429826186767610306712878,False,,,True,False
2668,91,0.0184249339392607540706952540789238149556298705264168572232155,-0.119350066060739245929304745921076185044370129473583142776785,0.0614812334848151885176738135197309537389074676316042143058039,-0.00767130554698343035169005939878349452762334855490016256735067,0.58184510983488877526744241957918547532878006916082311680311,False,,,True,False
2669,312,0.0107536283922773237190051946801403204280065219715166946558648,-0.127021371607722676280994805319859679571993478028483305344135,0.197688407098069330929751298670035080107001630492879173663966,0.0115303358481357462651318947732777345851326397793367872201075,1.3149910505115739774017881269481273617962788916856272280726,False,,,True,True
2670,169,0.0222839642404130699841370894534180550131391617508534818759723,-0.115491035759586930015862910546581944986860838249146518124028,0.111195991060103267496034272363354513753284790437713370468993,-0.0187174457836083638243098589335621101462376103784517835890494,0.540236668273773481103341628730534951390514091163951269753481,False,,,True,False
2671,32,0.00356651845680470615982723051985594486690155137240169828692297,-0.134208481543195293840172769480144055133098448627598301713077,0.0208916296142011765399568076299639862167253878431004245717307,-0.00260686455395570245580422408500526951307350715373195130275371,0.454686329845475314391608629228517436690711167622420831528699,False,,,True,False
2672,393,0.000959653902849003704023006434850675353828044218669746984169261,-0.136815346097150996295976993565149324646171955781330253015831,0.245864913475712250926005751608712668838457011054667436746042,0.0519839126554309392008355583677433733203776751901866627105767,10.6541525564179258429794538721642299644478623864329074637222,False,,,False,True
2673,240,0.0529435665582799429048585648025940486742057194088564096947459,-0.0848314334417200570951414351974059513257942805911435903052541,0.163235891639569985726214641200648512168551429852214102423686,-0.0153448982271640649538118135289508557152048553295634622064671,0.710375136257637259102240087210112110650772729766143269781679,False,,,True,False
2674,142,0.0375986683311158779510467512736431929590008640792929474882788,-0.100176331668884122048953248726356807040999135920707052511721,0.0981496670827789694877616878184107982397502160198232368720697,-0.0131321240044769096593839266965243167587411723987322309224198,0.594909302464645638586059966317839304165045707237451348251606,False,,,True,False
2675,297,0.024466544326638968291662824577118876200259691680560716565859,-0.113308455673361031708337175422881123799740308319439283434141,0.191741636081659742072915706144279719050064922920140179141465,0.00211601887471496582268364866607216640386469423998739639700902,1.04619260703437746810108958256807351892645690077400229058801,False,,,True,True
2676,197,0.0265825632013539341143464732431910426041243859205481129628681,-0.111192436798646065885653526756808957395875614079451887037132,0.129770640800338483528586618310797760651031096480137028240717,-0.011546715451347669682733926740459612286666217709265757671648,0.647866859505229439197321348927743036197427646253821367474537,False,,,True,False
2677,75,0.0150358477500062644316125465027314303174581682112823552912201,-0.12273915224999373556838745349726856968254183178871764470878,0.050633961937501566107903136625682857579364542052820588822805,-0.00163212078293644433733778233548539094741269860542091087747026,0.781939924171039181025967077783107205122565292731060356626822,False,,,True,False
2678,347,0.0134037269670698200942747641672460393700454696058614444137499,-0.12437127303293017990572523583275396062995453039413855558625,0.220225931741767455023568691041811509842511367401465361103437,0.0162695921669637082370037268255559668831409263090832040861468,1.47425312832396935374888399012468536309566960995828727669908,False,,,False,True
2679,255,0.0296733191340335283312784909928020062531863959149446484998966,-0.108101680865966471668721509007197993746813604085055351500103,0.166793329783508382082819622748200501563296598978736162124974,-0.0000778947014782322814446385371758892613383353816773110442868274,0.997811669470086410305607146771717773605263944734886276573818,False,,,True,False
2680,123,0.0295954244325552960498338524556261169918480605332673374556098,-0.10817957556744470395016614754437388300815193946673266254439,0.0842738561081388240124584631139065292479620151333168343639024,-0.0206172103502935142013405661021382250693763380198609274584677,0.41405656597907468165787514899472758331734321192147314998554,False,,,True,False
2681,328,0.00897821408226178184849328635348789192247172251340640999714206,-0.128796785917738218151506713646512108077528277486593590002858,0.207244553520565445462123321588371972980617930628351602499286,0.0223314937185433989098250649126444110045057509087010904101061,1.77846364935788802163058268826854423703490583813106559579195,False,,,True,True
2682,177,0.0313097078008051807583183512661323029269774734221075004072481,-0.106465292199194819241681648733867697073022526577892499592752,0.118452426950201295189579587816533075731744368355526875101812,-0.0206822778276223585756151020156635715720337095664470659456431,0.516035956105576341280344872949394118929484678403619189276908,False,,,True,False
2683,56,0.0106274299731828221827032492504687313549437638556604344616051,-0.127147570026817177817296750749531268645056236144339565538395,0.0376568574932957055456758123126171828387359409639151086154013,-0.00557241052551979478957831141392269949530842779149557034051062,0.480707110354717776328303004623607437647739636713466738656163,False,,,True,False
2684,366,0.00505501944766302739312493783654603185963533606416486412109443,-0.132719980552336972606875062163453968140364663935835135878906,0.230013754861915756848281234459136507964908834016041216030274,0.0378666205560499924945738228915174551563658668430288334272947,3.02825871273745055393699797311050805923989607767816364491018,False,,,False,True
2685,224,0.0429216400037130198876987607280634870160012029071936975483891,-0.0948533599962869801123012392719365129839987970928063024516109,0.150730410000928254971924690182015871754000300726798424387097,-0.0176504616788702117310450890048893011583579290099709899898641,0.660919778762132566793690255756951765258629927734678235686366,False,,,True,False
2686,135,0.025271178324842808156653671723174185857643273897222707558525,-0.112503821675157191843346328276825814142356726102777292441475,0.0906927945812107020391634179307935464644108184743056768896312,-0.0109301950169687260890827604113689307703903312910233074210944,0.631875640551775845945169281364992059241258942844198957283912,False,,,True,False
2687,284,0.0143409833078740820675709113118052550872529426061994001374306,-0.123434016692125917932429088688194744912747057393800599862569,0.181085245826968520516892727827951313771813235651549850034358,-0.000388346293419388832403028955876871725730674924145237037199755,0.987556163572331297466398288487675705043107915552189764137538,False,,,True,False
2688,87,0.0139526370144546932351678823559283833615222676820541631002308,-0.123822362985545306764832117644071616638477732317945836899769,0.0578631592536136733087919705889820958403805669205135407750577,-0.0115029871191845458178784563198597956250165750284158415588453,0.427461878708650399297378292643548355309368645866522497047376,False,,,True,False
2689,381,0.0024496498952701474172894260360685877365056926536383215413855,-0.135325350104729852582710573963931412263494307346361678458615,0.238737412473817536854322356509017146934126423163409580385346,0.0465027471318048559938485469647731134247686008645439949663705,4.53537435694067795132733161030831134933527197829196547916103,False,,,False,True
2690,204,0.048952397027075003411137973000841701161274293518182316507756,-0.088822602972924996588862026999158298838725706481817683492244,0.139738099256768750852784493250210425290318573379545579126939,-0.0214988100560749590098798296854796126834333072484866483804143,0.592836602436404902940936209180918419869382165356508099997966,False,,,True,False
2691,267,0.0274535869710000444012581433153620884778409862696956681273417,-0.110321413028999955598741856684637911522159013730304331872658,0.173738396742750011100314535828840522119460246567423917031835,0.00184529109082952051193296333282227964059639119861181967913129,1.05416059804652402031704807614403998029286861388079403788095,False,,,True,True
2692,117,0.029298878061829564913191106648184368118437377468307487806473,-0.108476121938170435086808893351815631881562622531692512193527,0.0804497195154573912282977766620460920296093443670768719516183,-0.0154067250739873517167927506168476731054566374659365178625113,0.459935071383638477719927486707349635076122361286036451119952,False,,,True,False
2693,321,0.0138921529878422131963983560313366950129807400023709699439617,-0.123882847012157786803601643968663304987019259997629030056038,0.20409803824696055329909958900783417375324518500059274248599,0.0162098244678347641450954018271046002013981763190418437812577,1.48773270819091717452061715245037406907654908435792308863089,False,,,True,True
2694,166,0.0301019774556769773414937578584412952143789163214128137252194,-0.107673022544323022658506242141558704785621083678587186274781,0.111275494363919244335373439464610323803594729080353203431305,-0.0211596515454510624456581843135812953140941145407706896899352,0.511770523250534974519321680862068253431926699943111927438844,False,,,True,False
2695,50,0.00894232591022591489583557354485999990028480178064212403528418,-0.128832674089774085104164426455140000099715198219357875964716,0.033485581477556478723958893386214999975071200445160531008821,-0.00376409791137164163255005468865427036367470564243054029971623,0.497735895682957398544848319829419595504418810874553180050123,False,,,True,False
2696,355,0.00517822799885427326328551885620572953661009613821158373556795,-0.132596772001145726736714481143794270463389903861788416264432,0.223169556999713568315821379714051432384152524034552895933892,0.0321734191353837146652723599553519172887185017299906122931402,2.46176278018320356779446495760654951467824246350017572448771,False,,,False,True
2697,232,0.0373516471342379879285578788115576468253285978682021960287081,-0.100423352865762012071442121188442353174671402131797803971292,0.154337911783559496982139469702889411706332149467050549007177,-0.0144679865985107109472987451180214027353320990525223050722339,0.707514047686144033440512879515072611789771523655778148305186,False,,,True,False
2698,131,0.0228836605357272769812591336935362440899964988156798909564742,-0.114891339464272723018740866306463755910003501184320109043526,0.0875959151339318192453147834233840610224991247039199727391185,-0.0143523612397404285951123845033797696508708253898645089992353,0.538345228863852828518891910408127294158144447364312652152099,False,,,True,False
2699,301,0.00853129929598684838614674919015647443912567342581538195723885,-0.129243700704013151613853250809843525560874326574184618042761,0.19025782482399671209653668729753911860978141835645384548931,0.00731846201284599924668211645510530379030120144586603576415433,1.3231202358266333975774486268974279872792736777956740780953,False,,,True,True
2700,83,0.0158497613088328476328288656452617782294268748716814177213932,-0.121925238691167152367171134354738221770573125128318582278607,0.0558374403272082119082072164113154445573567187179203544303483,-0.0154717053868488631975753444381967878220414866586916458501109,0.469926034850955596005510272453574695848512734030017928823638,False,,,True,False
2701,250,0.000378055921983984435253521207064990407385388212989771871282308,-0.137396944078016015564746478792935009592614611787010228128718,0.156344513980495996108813380301766247601846347053247442967821,0.000928928832717748634168547358177122728164649393093463266780858,1.18959202928513419605984030024456276603848755532238308048421,False,,,True,True
2702,20,0.00130698475470173306942206856524211313555003760608323513806317,-0.136468015245298266930577931434757886864449962393916764861937,0.0128267461886754332673555171413105282838875094015208087845158,-0.00125460231683371405084508367443231736601454093013800933696209,0.23892378956033066662631484371723034498831004756665774060576,False,,,True,False
2703,399,0.0000523824378680190185769848908097957695354966759452258011010778,-0.137722617562131980981423015109190204230464503324054774198899,0.249388095609467004754644246222702448942383874168986306450275,0.05496225319130622574356439989386967685851525500175495941596,8.90147744495784086344642220612366515438880487145857210501866,False,,,False,True
2704,186,0.0550146356291742447621413847846794726280507516777001852170611,-0.0827603643708257552378586152153205273719492483222998147829389,0.130003658907293561190535346196169868157012687919425046304265,-0.0277716796896457163030440463587521772533197038083938486951011,0.504066674344438951243387377440039268296248256883626431495082,False,,,True,False
2705,280,0.02724295593952852845909733842592729537473104786930633652196,-0.11053204406047147154090266157407270462526895213069366347804,0.18181073898488213211477433460648182384368276196732658413049,0.00786310529870317458614952306358342317716309589731277610741559,1.25649611920269730034818507058923010413063201919806000262709,False,,,True,True
2706,140,0.0351060612382317030452468614895107185518941437666191126293756,-0.102668938761768296954753138510489281448105856233380887370624,0.0962765153095579257613117153723776796379735359416547781573439,-0.0171792069466134550936976608801997422550737579793945570201406,0.446046664207940369051694059232366224060976860166302037284756,False,,,True,False
2707,338,0.017926854291618247951549200609310976296820385787224555609235,-0.119848145708381752048450799390689023703179614212775444390765,0.215731713572904561987887300152327744074205096446806138902309,0.0215941120574154707039847542458312190823353105295125488574394,1.7640648567039755924570782321466547113975952051561947543239,False,,,False,True
2708,208,0.0395209663490337186555339548551421953791556963167371044666744,-0.0982540336509662813444660451448578046208443036832628955333256,0.139880241587258429663883488713785548844788924079184276116669,-0.0142068730980297073430198598347610827779388977912785223596536,0.649558747965180192717321009739580661184050380913587821633304,False,,,True,False
2709,95,0.0253140932510040113125140950203811126012167985254585821070209,-0.112460906748995988687485904979618887398783201474541417892979,0.0657035233127510028281285237550952781503041996313646455267552,-0.0146721699441882988267903064342462369370417061472237995116881,0.426252690144750148110119960186468177859122690830600157827315,False,,,True,False
2710,362,0.0106419233068157124857237885861348756641750923782347825953327,-0.127133076693184287514276211413865124335824907621765217404667,0.228910480826703928121430947146533718916043773094558695648833,0.032957791518383137036898945563390418987643594154160799780912,2.4964593845768375269928954861997580621753078476396701873342,False,,,False,True
2711,237,0.0435997148251988495226227341495252946518186865323955823762447,-0.0941752851748011504773772658504747053481813134676044176237553,0.159024928706299712380655683537381323662954671633098895594061,-0.010313851309122317845910912878247036090503095340810818220711,0.785321777114443999730051251702717927399786344307520956837647,False,,,True,False
2712,154,0.0332858635160765316767118212712782585613155911915847641555337,-0.104489136483923468323288178728721741438684408808415235844466,0.104571465879019132919177955317819564640328897797896191038883,-0.0156591086801133685802954280619477872719331050413918401366325,0.546285872138156524040038941677283959674100987916093918522099,False,,,True,False
2713,310,0.0176267548359631630964163932093304712893824861501929240189013,-0.120148245164036836903583606790669528710617513849807075981099,0.198156688708990790774104098302332617822345621537548231004725,0.0106272464595581086463094300867557423426320395061809116984815,1.457356492944780000968269659380705622050567167329461430856,False,,,True,True
2714,111,0.0282540012955212717427258232960862136320145256563738357173828,-0.109520998704478728257274176703913786367985474343626164282617,0.0764385003238803179356814558240215534080036314140934589293457,-0.0188878104300716592408181298687378708721921633799707150643616,0.476396449653738489480081683474030085884074801191015159500448,False,,,True,False
2715,265,0.00936619086544961250190769342734834275982236227640312065302117,-0.128408809134550387498092306572651657240177637723596879346979,0.167966547716362403125476923356837085689955590569100780163255,0.00167369505456254401914669074531242337514580520091102834363537,1.09261138223614074939396187131619354694350116226580066835519,False,,,True,True
2716,56,0.0110398859200121565210543841726607661349681674773141489966565,-0.126735114079987843478945615827339233865031832522685851003343,0.0377599714800030391302635960431651915337420418693285372491641,-0.00515026298198250275200049557590079449582014518250157643740497,0.366944819961997532172600946592279673546962141328255947879982,False,,,True,False
2717,377,0.00588962293802965376905388859675997163914802229481257255925157,-0.131885377061970346230946111403240028360851977705187427440748,0.237097405734507413442263472149189992909787005573703143139813,0.0431765415798132669684607368567986152831855105481015223220076,3.7031054089902556695733966029899756870201971196236259960685,False,,,False,True
2718,192,0.0490661645178429207375146254535585869223335328429140948812591,-0.0887088354821570792624853745464414130776664671570859051187409,0.132266541129460730184378656363389646730583383210728523720315,-0.0268393929623587003656246090573920760629592059915879326304815,0.525783312011563974186636386277679603543083929836448898157981,False,,,True,False
2719,291,0.0222267715554842203718900163961665108593743268513261622507776,-0.115548228444515779628109983603833489140625673148673837749222,0.187431692888871055092972504099041627714843581712831540562694,0.0130500813144852110264442576315747479210777003046583635680792,1.46258209377661024723260883795106217309091690711522712433971,False,,,True,True
2720,134,0.0352768528699694313983342740277412587804520271559845258188568,-0.102498147130030568601665725972258741219547972844015474181143,0.0925692132174923578495835685069353146951130067889961314547142,-0.024335297586881720174201093578548439349839593630671675082359,0.455120962819561282205126002336453296701943921155120163807587,False,,,True,False
2721,332,0.0109415552830877112241331804491928194306124335253128507364978,-0.126833444716912288775866819550807180569387566474687149263502,0.210235388820771927806033295112298204857653108381328212684124,0.0253236896681754570814140887128917330652148516578335381315602,2.24952547654953288094743244774317642053950325352732313515938,False,,,True,True
2722,213,0.036265244951263168305547269162084552495827285183146388868058,-0.101509755048736831694452730837915447504172714816853611131942,0.142191311237815792076386817290521138123956821295786597217014,-0.0126716189658537026669605741382643845565654772536741029154042,0.668868136075276736936761292728754763266265504056899163241537,False,,,True,False
2723,87,0.0235936259854094656385866950238201679392618079294722859526538,-0.114181374014590534361413304976179832060738192070527714047346,0.0602734064963523664096466737559550419848154519823680714881635,-0.0199826750632281895535643545939501450911580365753163717848733,0.386213956793901021833948265140318923758872604888141134472875,False,,,True,False
2724,386,0.00361095092218127608502234042987002284810377135415591416778053,-0.134164049077818723914977659570129977151896228645844085832219,0.242152737730545319021255585107467505712025942838538978541945,0.0496462418606277004869731537399248939264495968986342832802148,7.42142976832166788596251186786232933605009287018134212106441,False,,,False,True
2725,241,0.0532571927828089765719954941697949167745533682527901974479954,-0.0845178072171910234280045058302050832254466317472098025520046,0.163939298195702244142998873542448729193638342063197549361999,-0.00968278639863309948749668735127716290835726279278964977402373,0.802879056313835025876454338387766208075854155539075930153016,False,,,True,False
2726,160,0.0435744063841758770844988068185177538661961054600005476739716,-0.0942005936158241229155011931814822461338038945399994523260284,0.110893601596043969271124701704629438466549026365000136918493,-0.0211855447181494132713727921926637921194131012168246912038397,0.508128486024075745855411979895814394486331773636751537562796,False,,,True,False
2727,304,0.0223888616660264638131260146258539617467830042431758564701319,-0.115386138333973536186873985374146038253216995756824143529868,0.195597215416506615953281503656463490436695751060793964117533,0.0110785188822169728969249599730433019212256928007282790297368,1.39538993830070659246459859355188242320282580002341220564382,False,,,True,True
2728,116,0.0334673805482434367100509745988972636680086970439041354998687,-0.104307619451756563289949025401102736331991302956095864500131,0.0808668451370608591775127436497243159170021742609760338749672,-0.0198733565556739990465166444655461280621513054491166751484366,0.463878107705694471420383187831846301132987170127633821865788,False,,,True,False
2729,348,0.0135940239925694376635343301333511356058573915947874603514321,-0.124180976007430562336465669866648864394142608405212539648568,0.220898505998142359415883582533337783901464347898696865087858,0.0332495860817640469567216922119831909478999809974944577934651,2.51315649651464602301662334843882265619437090416031261819945,False,,,False,True
2730,199,0.0468436100743334846202560223453343265537573725922819181448972,-0.0909313899256665153797439776546656734462426274077180818551028,0.136085902518583371155064005586333581638439343148070479536224,-0.0230456450064873935862155248646654271404314930912364483484836,0.573994881592095290126845826045096294342207218485492370749438,False,,,True,False
2731,261,0.0237979650678460910340404974806688994133258795010454697964136,-0.113977034932153908965959502519331100586674120498954530203586,0.169074491266961522758510124370167224853331469875261367449103,0.00380262159384913332419568430963848540670223981085748422137439,1.15666324272164260569754941383127223117700323092450445084692,False,,,True,True
2732,92,0.027600586661695224358236181790307384820028119311902954017788,-0.110174413338304775641763818209692615179971880688097045982212,0.064400146665423806089559045447576846205007029827975738504447,-0.0218017476198185037253852983553291422516340941271674281165672,0.354833621535790765066076890518500879632674577437439786311868,False,,,True,False
2733,368,0.00579883904187672063285088343497824256839402518473552590122078,-0.131976160958123279367149116565021757431605974815264474098779,0.231449709760469180158212720858744560642098506296183881475305,0.042132140742068746275551337957283531771280102990962797773916,3.88714210470680787545850986928330484077596840365343297398375,False,,,False,True
2734,175,0.0479309797839454669084022213922617743396741281756983236751368,-0.0898440202160545330915977786077382256603258718243016763248632,0.121357744945986366727100555348065443584918532043924580918784,-0.0222380295821134105014973773812536608992589512215147255744061,0.539476441690184256559679817535940524281680457396366732429653,False,,,True,False
2735,281,0.0256929502018320564069048440110081134404151769541835981007307,-0.112082049798167943593095155988991886559584823045816401899269,0.182048237550458014101726211002752028360103794238545899525183,0.00434894666235403228082827510199571900854934409645095745750939,1.1235602240096293267219247759674323598587098123297069679257,False,,,True,True
2736,129,0.03004189686418608868773311911300383244896452105063455555824,-0.10773310313581391131226688088699616755103547894936544444176,0.08813547421604652217193327977825095811224113026265863888956,-0.0193994608604840668610163631440171615108095329712667250169461,0.476921831394802577743546454933270090605337949795847771588763,False,,,True,False
2737,323,0.010642436003702021826716755968986670938154988079367830541294,-0.127132563996297978173283244031013329061845011920632169458706,0.204535609000925505456679188992246667734538747019841957635323,0.0191950735058968998770740153346887599967353610011710821383735,1.97237877967960539172177915809492975761250239145546801808003,False,,,True,True
2738,217,0.0298375095095989217037907713036754309348903490805389126796675,-0.107937490490401078296209228696324569065109650919461087320333,0.143084377377399730425947692825918857733722587270134728169917,-0.0093501130388001698699177429878780217238743860466295613553611,0.708044722038757288437649994803462815721134858764855264206946,False,,,True,False
2739,73,0.0204873964707987518338730283157974092110159630339093513243064,-0.117287603529201248166126971684202590788984036966090648675694,0.0507468491176996879584682570789493523027539907584773378310766,-0.0185001523745785323662794256987808246059898752036984545095634,0.329459838215357920229366903224416351782635058287831907640675,False,,,True,False
2740,392,0.00198724409622021946759360261701658460502608783021089681474299,-0.135787755903779780532406397382983415394973912169789103185257,0.245496811024055054866898400654254146151256521957552724203686,0.0513357143840474074593352509382973530544917293715684046182377,7.55818784333057417656734420706404423774287998692698887103761,False,,,False,True
2741,187,0.0533229584802676269269288535553139376595178172017793014329807,-0.0844520415197323730730711464446860623404821827982206985670193,0.130205739620066906731732213388828484414879454300444825358245,-0.0191267583995638897324265149830600853128594717763458440273769,0.608435116876757853561084266844489569285470085425179864894011,False,,,True,False
2742,269,0.0341962000807037371945023385722538523466583454254334574056038,-0.103578799919296262805497661427746147653341654574566542594396,0.176674050020175934298625584643063463086664586356358364351401,-0.00120737501025877929152810826970424606603318982980173824318489,0.96833625271513106904158361086475235226041362256279891616542,False,,,True,False
2743,119,0.0329888250704449579029742303025496062806251555956317191624189,-0.104786174929555042097025769697450393719374844404368280837581,0.0826222062676112394757435575756374015701562888989079297906047,-0.0146085131530763428720636134023553103333078577764472821943598,0.481109420342457481491204717198143723733571618381970675648979,False,,,True,False
2744,336,0.0183803119173686150309106169001942959473172978191844369680591,-0.119394688082631384969089383099805704052682702180815563031941,0.214595077979342153757727654225048573986829324454796109242015,0.0196744041191004006187147852394136022448718358300818018679266,1.59899376784388855577457581706162007168344358117728156996608,False,,,False,True
2745,228,0.0380547160364690156496254021396078981921891336492662388359857,-0.0997202839635309843503745978603921018078108663507337611640143,0.152013679009117253912406350534901974548047283412316559708996,-0.0116153388278397797760545893853870039162842715715901510098535,0.75249365119984016650165695771814397505972811326599759670588,False,,,True,False
2746,145,0.0264393772086292358735708127542208942759048620776760878261322,-0.111335622791370764126429187245779105724095137922323912173868,0.0972348443021573089683927031885552235689762155194190219565331,-0.0159761045422715853040694924282624584057893120519699176375253,0.529797034046620942673488858987377516272663575219978763092948,False,,,True,False
2747,308,0.0104632726663576505695013203259584358701155500257061701886069,-0.127311727333642349430498679674041564129884449974293829811393,0.195115818166589412642375330081489608967528887506426542547152,0.0129454321421805066380548843686097434798712555211075869510651,1.84445248307007275721823291340636152711969898035747095087052,False,,,True,True
2748,85,0.023408704808538157207556204694568179349986805546813757139672,-0.114366295191461842792443795305431820650013194453186242860328,0.058977176202134539301889051173642044837496701386703439284918,-0.0160969671275374082150388027925501199106584814436225277755591,0.406248518236318939284130077559957795395177811135766965779208,False,,,True,False
2749,359,0.00731173768100074899251740190201805943932832410319122936411288,-0.130463262318999251007482598097981940560671675896808770635887,0.226202934420250187248129350475504514859832081025797807341028,0.038214841048464107672733150036728235994463907238124565178242,3.08602389755769340221769667154980319093118068310237573983978,False,,,False,True
2750,197,0.0455265787294648566652505519387462954337922313413157945423549,-0.0922484212705351433347494480612537045662077686586842054576451,0.134506644682366214166312637984686573858448057835328948635589,-0.0238722805089613827810311784735099181005296667423624138000317,0.568259020335699887403147219770655301740438863579205334590239,False,,,True,False
2751,253,0.0216542982205034738842193734652363773332625645989533807423232,-0.116120701779496526115780626534763622666737435401046619257677,0.163538574555125868471054843366309094333315641149738345185581,0.000989791071940314802097499447467199360282718474366719361016862,1.03167973948763201732831253731789651823768794633079201332326,False,,,True,True
2752,108,0.0226440892924437886863168729127035766935452830733201001033401,-0.11513091070755621131368312708729642330645471692667989989666,0.073161022323110947171579218228175894173386320768330025025835,-0.0187712034484049381157127544182793870249814465131888473910553,0.397583210506098946514084528576780284560181996212190383185196,False,,,True,False
2753,374,0.00387288584403885057060411849442418966856383656013125271228473,-0.133902114155961149429395881505575810331436163439868747287715,0.234718221461009712642651029623606047417140959140032813178071,0.0406958910983059214423670355620153805348150869744423553056647,4.69544872289796385031937026400077151661202986811404756358306,False,,,False,True
2754,171,0.0445687769423447720129711540564395702033789235345736080179494,-0.0932062230576552279870288459435604297966210764654263919820506,0.118017194235586193003242788514109892550844730883643402004487,-0.0173200978160995506698796838264558849314807667079449877402172,0.58148148322134870560652116524402583969102474630519635891984,False,,,True,False
2755,288,0.0272486791262452213430914702299836852718981568266286202777322,-0.110526320873754778656908529770016314728101843173371379722268,0.186812169781561305335772867557495921317974539206657155069433,0.00164862873864926141936412668267265588074624021205661986970122,1.04210877860693291619460536606431036666439159339930645133936,False,,,True,True
2756,130,0.0288973078648944827624555969126563411526443970386852401474334,-0.108877692135105517237544403087343658847355602961314759852567,0.0884743269662236206906138992281640852881610992596713100368584,-0.0181273901264571641648667679198952779980017712971251397760652,0.515356177949140442027923628029959989961600359640345909238396,False,,,True,False
2757,319,0.0107699177384373185975888289927610631546426257415601003713682,-0.127005082261562681402411171007238936845357374258439899628632,0.202067479434609329649397207248190265788660656435390025092842,0.0186534231560035162796844893513444916652157066364858961008558,1.92701362250349383114561313339588154846082859138181438879197,False,,,True,True
2758,212,0.029423340894440834877273318344105554819858332378045996472224,-0.108351659105559165122726681655894445180141667621954003527776,0.139855835223610208719318329586026388704964583094511499118056,-0.0103048758507408134466077723496253846932800020949958327642897,0.680530707529203514624188591453730571722810894526962561982126,False,,,True,False
2759,71,0.0191184650437000214306655459944801701265783302830501637079343,-0.118656534956299978569334454005519829873421669716949836292066,0.0491546162609250053576663864986200425316445825707625409269836,-0.017330306956805656201946294456202690846793976179589437662536,0.342517338002379383494723267233295159155984932372533311056966,False,,,True,False
2760,351,0.00178815808689436522871925153827747927978435410346072604539827,-0.135986841913105634771280748461722520720215645896539273954602,0.21982203952172359130717981288456936981994608852586518151135,0.0317420242887679923710414240059800875010271404482312238255685,2.74933965638461198280232370173708202112588678316527152582487,False,,,False,True
2761,161,0.0335301823756623575997606755442575667808114945516919498709668,-0.104244817624337642400239324455742433219188505448308050129033,0.109007545593915589399940168886064391695202873637922987467742,-0.0182502822272068478143359235445891902062312878770965562439821,0.580442046210477142680738536540839048782464362313931637905142,False,,,True,False
2762,260,0.0152799001484555097854247519996683765745802066745953936269847,-0.122495099851544490214575248000331623425419793325404606373015,0.166319975037113877446356187999917094143645051668648848406746,-0.00172408123330120584794638983399023792413980755572707076946017,0.945668182983013412516908922115328590361092088674261307721636,False,,,True,False
2763,94,0.0135558189151543039374783621656781386504403991188683228575245,-0.124219181084845696062521637834321861349559600881131677142475,0.0621389547287885759843695905414195346626100997797170807143811,-0.0125208973804453519495834355817191667476779580862408741334111,0.396489948379253079333553893364659688743031944956531157939985,False,,,True,False
2764,394,0.00103492153470895198789492658395897190276244103262744872411343,-0.136740078465291048012105073416041028097237558967372551275887,0.246508730383677237996973731645989742975690610258156862181028,0.0500984561133174069960811036791218740388247962362684899229021,6.2425615156140501227738457339494896407630016014744219504906,False,,,False,True
2765,224,0.0511333776480263589839760302630808459415872372688959386470155,-0.0866416223519736410160239697369191540584127627311040613529845,0.152783344412006589745994007565770211485396809317223984661754,-0.0196092164108037033957205871073469612336526982572149388769512,0.643960644107365693017530975788631482330426755070224100493457,False,,,True,False
2766,141,0.0315241612372226555882554431557338847079345390116809997700643,-0.106250838762777344411744556844266115292065460988319000229936,0.0960060403093056638970638607889334711769836347529202499425161,-0.00726076856745256468629256910274954386737817956432196078200601,0.713190372461975232505989327781756173707405932932183761607532,False,,,True,False
2767,301,0.0242633926697700909019628740529843408405563594473590389880583,-0.113511607330229909098037125947015659159443640552640961011942,0.194190848167442522725490718513246085210139089861839759747015,-0.000180477844124391450473270518751057888044726656927086670001326,0.996280577000959807321476431737299112464017371980012055322072,False,,,True,False
2768,187,0.024082914825645699451489603534233282952511632790431952318057,-0.113692085174354300548510396465766717047488367209568047681943,0.122895728706411424862872400883558320738127908197607988079514,-0.0118694901031087093910351691342467783440355375159972294463645,0.599633919280622552271624117229391299751550337875971707513579,False,,,True,False
2769,340,0.0122134247225369900604544343999865046084760952744347228716925,-0.125561575277463009939545565600013495391523904725565277128308,0.215553356180634247515113608599996626152119023818608680717923,0.0258570575222545255951528088948709415536629949124658036089242,3.28864244902707717705261751266264744331244147439477035372033,False,,,False,True
2770,112,0.0380704822447915156556072432948574461621390901869005264806167,-0.0997045177552084843443927567051425538378609098130994735193833,0.0795176205611978789139018108237143615405347725467251316201542,-0.0181349296887255592291011322379470745222123142361660763689094,0.506843748024700042593937328672608153062573910383931606068392,False,,,True,False
2771,270,0.0199355525560659564265061110569103716399267759507344501117073,-0.117839447443934043573493888943089628360073224049265549888293,0.173733888139016489106626527764227592909981693987683612527927,-0.0029872477851560981820062851112054348561931749224977556656108,0.895357536733914963071185817172076670479151711276981734685845,False,,,True,False
2772,67,0.0169483047709098582444998259457049367837336010282366944460965,-0.120826695229090141755500174054295063216266398971763305553904,0.0461120761927274645611249564864262341959334002570591736115241,-0.0113562452815440499392367550509777515237016670204398109065856,0.446399095536040422876116307399851241710839466628653514902112,False,,,True,False
2773,379,0.00559205948936580830526307089472718526003193400779688353951083,-0.132182940510634191694736929105272814739968065992203116460489,0.238273014872341452076315767723681796315007983501949220884878,0.0498521938538677240540549665128249845982090416020949234813195,6.15198246609715342142226408248395007542302111483576859437496,False,,,False,True
2774,205,0.0554442533432335323593180374075521698582409756098918070208304,-0.0823307466567664676406819625924478301417590243901081929791696,0.141986063335808383089829509351888042464560243902472951755208,-0.0256215409425394910281479672586160116293455696852212483373367,0.569012926199008659403101893568453206881951399229526168782116,False,,,True,False
2775,245,0.0298227124006940413311700701489361582288954059246705586834937,-0.107952287599305958668829929851063841771104594075329441316506,0.160580678100173510332792517537234039557223851481167639670873,-0.00247441031848516335369184811859287130436360930586763434740178,0.934472665124997114968825726510021207555805800158636351442876,False,,,True,False
2776,129,0.0273483020822088779774782220303432869245317966188029243360919,-0.110426697917791122022521777969656713075468203381197075663908,0.087462075520552219494369555507585821731132949154700731084023,-0.0123944567222263192006528383440314785249276198297432633252372,0.532822531752068406426069075994179260248712732344939443684484,False,,,True,False
2777,325,0.0149538453599825587768253836863118083996041767890596610108547,-0.122821154640017441223174616313688191600395823210940338989145,0.206863461339995639694206345921577952099901044197264915252714,0.0126060149363288355672754030749950011003114005585066100393906,1.36128495317697600592393468603699084157924181941803860105711,False,,,True,True
2778,167,0.0275598602963113943441007867613068094999155773475662710502453,-0.110215139703688605655899213238693190500084422652433728949755,0.111264965074077848586025196690326702374978894336891567762561,-0.0182015612691655542712524901514921504909221076341706913294137,0.54397936979961357853395330943286611667045507953582820997481,False,,,True,False
2779,51,0.0093582990271458400728482966098146590089934697133955797208316,-0.128416700972854159927151703390185340991006530286604420279168,0.0342145747567864600182120741524536647522483674283488949302079,-0.00249481558937010092976313854541773504470440985417285977864059,0.682034151924838620675326963104253210278965139179814803954547,False,,,True,False
2780,363,0.00686348343777573914308515806439692396428905985922271994219101,-0.130911516562224260856914841935603076035710940140777280057809,0.228590870859443934785771289516099230991072264964805679985548,0.0323655096961648426677633415378748638163945598810547373975998,2.62755278522306822665922239756080428528718499472513589086878,False,,,False,True
2781,230,0.0392289931339405818108484996022717877806836197402774573397908,-0.0985460068660594181891515003977282122193163802597225426602092,0.153557248283485145452712124900567946945170904935069364334948,-0.0144948606652300750268493837235361161461547044020772675896471,0.692174132081744898621157430086271337214836273368560053373007,False,,,True,False
2782,108,0.0247341324687105067839991158787356716345289153382001897501437,-0.113040867531289493216000884121264328365471084661799810249856,0.0736835331171776266959997789696839179086322288345500474375359,-0.00721125204188450123766428566803705953921719908327013646659842,0.668145110803579353866452989395026695979183832051610424588432,False,,,True,False
2783,293,0.0175228804268260055463348302106986120953117162549300532835453,-0.120252119573173994453665169789301387904688283745069946716455,0.187505720106706501386583707552674653023827929063732513320886,-0.000908290715465722155529534998021181200826699461993733977981138,0.980803712240679415965678170382514619156926037396760484831369,False,,,True,False
2784,180,0.0166145897113602833908052952126774308944850167929363193055642,-0.121160410288639716609194704787322569105514983207063680694436,0.116653647427840070847701323803169357723621254198234079826391,-0.0127420811300753979696656386547728778399199233467474464950621,0.560686162645354133239560671156437852526661329971503447323873,False,,,True,False
2785,34,0.00387250858128488542113965655790455305456509344618887281050204,-0.133902491418715114578860343442095446945434906553811127189498,0.0222181271453212213552849141394761382636412733615472182026255,-0.00152447811912034421045278472516836676485590391569651187192869,0.632519923561759606215519728341787623823138771235067215767951,False,,,True,False
2786,346,0.00234803046216454121068687183273618628970918953049236093857335,-0.135426969537835458789313128167263813710290810469507639061427,0.216837007615541135302671717958184046572427297382623090234643,0.0218260748763366513667696554807728794187994196905132220131104,1.85099733367105418337317779923430103136427369920539940500194,False,,,False,True
2787,144,0.0241741053385011925774565273135090657085086092210055829516837,-0.113600894661498807422543472686490934291491390778994417048316,0.0960435263346252981443641318283772664271271523052513957379209,-0.0135413736905997004635094541633689914505814285089197945099834,0.614198248901806498309317047376627783789499376556432561301226,False,,,True,False
2788,265,0.0106327316479014921139470731501400742579271807120857884417003,-0.1271422683520985078860529268498599257420728192879142115583,0.168283182911975373028486768287535018564481795178021447110425,-0.00136639987527868805295305346628205980256449736558584860897154,0.950717625045810530441800281434789953645678034549294618815648,False,,,True,False
2789,77,0.0092663317726228040609940196838580144553626833464999398327288,-0.128508668227377195939005980316141985544637316653500060167271,0.0504415829431557010152485049209645036138406708366249849581822,-0.00789951211333077025912214466289817210787039574830659675121174,0.394452973826396869595772473278953052115067941882019903397795,False,,,True,False
2790,388,0.00136681965929203380187187502095984234749228759819334308151706,-0.136408180340707966198128124979040157652507712401806656918483,0.242841704914823008450467968755239960586873071899548335770379,0.0470798336222626151013930470356278322116307646275327556176046,4.51753316345183627968810965854181504666855675186501497508746,False,,,False,True
2791,211,0.0484466532815546489032649220565876745591230522257260986991217,-0.0893283467184453510967350779434123254408769477742739013008783,0.14398666332038866222581623051414691863978076305643152467478,-0.0218930758451428237428024232034390080199451382473530400772298,0.574930068062422862286107393738844073186069784599585225805774,False,,,True,False
2792,305,0.0265535774364118251604624988531486665391779139783730586218919,-0.111221422563588174839537501146851333460822086021626941378108,0.197263394359102956290115624713287166634794478494593264655473,0.0171902475238190271278610856987003914604708057852586477196216,1.67001317833074740333353381311337117295517748575238070595443,False,,,True,True
2793,133,0.0437438249602308522883235845518490579996487197636317063415135,-0.0940311750397691477116764154481509420003512802363682936584865,0.0940609562400577130720808961379622644999121799409079265853784,-0.0262438547133831870487116920897866238039546783253293115910369,0.461411144403324247365613897894638865631309173855141036833563,False,,,True,False
2794,248,0.0174999702468476652396118924620624341956940414383023947504766,-0.120275029753152334760388107537937565804305958561697605249523,0.159374992561711916309902973115515608548923510359575598687619,-0.00307218139322653425505284601024720965371703542049893958364197,0.897726068434454098384352198649849192154583442694308184951463,False,,,True,False
2795,67,0.0144277888536211309845590464518152245419770060178034551668347,-0.123347211146378869015440953548184775458022993982196544833165,0.0454819472134052827461397616129538061354942515044508637917087,-0.00820987301356741067047036588154551561629174456537679574213281,0.437887663884709934297266769525434025903503262990602348373456,False,,,True,False
2796,334,0.00621791584005372031408868057026970892568526145242665942470185,-0.131557084159946279685911319429730291074314738547573340575298,0.210304478960013430078522170142567427231421315363106664856175,0.0237730501965689011040617511866621708358559726351844304627332,1.85646781050868682471483197689873761831388425549757017834535,False,,,True,True
2797,173,0.0299909660366226214181504317569318797615412340876110898874351,-0.107784033963377378581849568243068120238458765912388910112565,0.115622741509155655354537607939232969940385308521902772471859,-0.0259677898926231042392302535350423707923900844388783473795048,0.49330120052148615859031745354293848880948214119944422531865,False,,,True,False
2798,37,0.00402317614399951717892017822188950896915114964873274250793026,-0.13375182385600048282107982177811049103084885035126725749207,0.0241307940359998792947300445554723772422877874121831856269826,-0.000657411522492385988294446843601063214401486666886690169069804,0.718028886594550994564812753923858988412884562819857900186727,False,,,True,False
2799,370,0.00336576462150713119062573137828844575474966298184605233886045,-0.13440923537849286880937426862171155424525033701815394766114,0.232091441155376782797656432844572111438687415745461513084715,0.0409173095678104481520906485769693986804208887765097560565284,3.49751195646089672863832067988299421247725388881158816929523,False,,,False,True
2800,221,0.0442830741893175793427163799552578444351705517583558083953888,-0.0934919258106824206572836200447421555648294482416441916046112,0.149195768547329394835679094988814461108792637939588952098847,-0.0165159701895152975161098904183075018767598689638123407154379,0.659347206669506276978562944309169231740395256227007840712088,False,,,True,False
2801,118,0.027767103999802281826606489536950342558410682794543467679951,-0.110007896000197718173393510463049657441589317205456532320049,0.0806917759999505704566516223842375856396026706986358669199877,-0.010848735301596142625620246490621313757577886641225333307572,0.605458868978154214076329100974992946246317716285309429399318,False,,,True,False
2802,285,0.0169183686982061392009862430463290288008327961533181343723789,-0.120856631301793860799013756953670971199167203846681865627621,0.182354592174551534800246560761582257200208199038329533593095,-0.0034085068937029996533435518216495068219169785650352200253536,0.927261417992461735665587995587071353899882991589705965093237,False,,,True,False
2803,156,0.0135098618045031395476426912246795219789158175882829143470253,-0.124265138195496860452357308775320478021084182411717085652975,0.100877465451125784886910672806169880494728954397070728586756,-0.0114384565958222110342024809871151318534231423387579804576021,0.585595922523318878819326027756826407212891783171487526064701,False,,,True,False
2804,354,0.00207140520868092851344021023756439012549267524952493388942328,-0.135703594791319071486559789762435609874507324750475066110577,0.221767851302170232128360052559391097531373168812381233472356,0.0288849032806580253192049857551743396636352413191762919130024,4.02550039759702038678410351053908702247639870824420124693598,False,,,False,True
2805,199,0.0309563084893389538326451959927387297891279165687012258024257,-0.106818691510661046167354804007261270210872083431298774197574,0.132114077122334738458161298998184682447281979142175306450606,-0.0136129587170955235414133967432488809958894608355334059069856,0.623202131815602424106541349051965224750004563470992986490413,False,,,True,False
2806,80,0.0173433497722434302912317992494898487932384557331678198954401,-0.12043165022775656970876820075051015120676154426683218010456,0.05433583744306085757280794981237246219830961393329195497386,-0.00961397407743545465873779319357989503788382381224002459107639,0.51034159563120725704252523863696773680485479033927502305722,False,,,True,False
2807,312,0.00772937569480797563249400605590995375535463192092779530436372,-0.130045624305192024367505993944090046244645368079072204695636,0.196932343923701993908123501513977488438838657980231948826091,0.00759777026438835150482286266062756992179862402537901491627249,1.19924260330073451650800059882389054037211610313357445151443,False,,,True,True
2808,239,0.0153271459591963271373168687165375236771532559463068102206362,-0.122447854040803672862683131283462476322846744053693189779364,0.153206786489799081784329217179134380919288313986576702555159,-0.00113103607326973364531748375306050523335183863808750866911677,0.963836815392285018894173519380241675168986304389837147377262,False,,,True,False
2809,107,0.0141961098859265934919993849634770184438014173082193015515194,-0.123578890114073406508000615036522981556198582691780698448481,0.0704240274714816483729998462408692546109503543270548253878799,-0.0139464192955238852684725558273306094478002775341867801186896,0.372421353672040289582755300833227661637942401416874618699781,False,,,True,False
2810,396,0.000249690590402708223526829136146408996001139774032521432829859,-0.13752530940959729177647317086385359100399886022596747856717,0.247562422647600677055881707284036602249000284943508130358207,0.0473016897357651847612012594962313815853555857105057882611954,19.680911767792524649544375846035807639510027054233647287461,False,,,False,True
2811,182,0.0475513803261678929847280886323777905813567254845383096940253,-0.0902236196738321070152719113676222094186432745154616903059747,0.125637845081541973246182022158094447645339181371134577423506,-0.0168918158650633515174758064391380536706158040330739360564053,0.617847213564828081567137548362458577621137869379833434046659,False,,,True,False
2812,274,0.03065956446110454146725228219323973691074092145146437363762,-0.10711543553889545853274771780676026308925907854853562636238,0.178914891115276135366813070548309934227685230362866093409405,-0.00195754034425353680524326936616960408867961801486074376746016,0.952775279716402420677205513949256576803275787367689579131673,False,,,True,False
2813,131,0.0287020241168510046620090128270701328220613034366036298701598,-0.10907297588314899533799098717292986717793869656339637012984,0.0890505060292127511655022532067675332055153258591509074675399,-0.0135775282410181027177303906122561078656405049620058441910786,0.500563818077634709493931681489992777979270956412414151391391,False,,,True,False
2814,328,0.0151244958758329019442786222148140249564207984745977856790812,-0.122650504124167098055721377785185975043579201525402214320919,0.20878112396895822548606965555370350623910519961864944641977,0.0156755956795851406824009545218290549068788998209558852830604,1.54228871026156417418103726150491572438130276482219652634098,False,,,True,True
2815,212,0.0308000915554180426266795767366430798632996982955536709621416,-0.106974908444581957373320423263356920136700301704446329037858,0.140200022888854510656669894184160769965824924573888417740535,-0.0104559594650916094423039408778390968967098446720835997264068,0.689380526657255965682440104281098263637606631866350080922923,False,,,True,False
2816,74,0.0203441320903264331843756358588039829665898536234700712357349,-0.117430867909673566815624364141196017033410146376529928764265,0.0513360330225816082960939089647009957416474634058675178089337,-0.0133968413395519527311285797131658189212736692711162546829432,0.388337606732258298893159933999968857439405030193584182022559,False,,,True,False
2817,365,0.00694729075077448045324705614563816404531618435235381655279172,-0.130827709249225519546752943854361835954683815647646183447208,0.229861822687693620113311764036409541011329046088088454138198,0.0349587269395839866207338460339578648046337407579371013068894,2.76934911671393162149118884628960956158583142489072823631593,False,,,False,True
2818,166,0.0419060176903584670739809021795960288499499251102909178596811,-0.0958689823096415329260190978204039711500500748897090821403189,0.11422650442258961676849522554489900721248748127757272946492,-0.0156531562234985653340812610992288937139561026158653755076528,0.623998226497226375213886883185261012504921170581267720006714,False,,,True,False
2819,262,0.0262528614668599017398996410803671351359938224944255423520283,-0.111522138533140098260100358919632864864006177505574457647972,0.170313215366714975434974910270091783783998455623606385588007,-0.0065502456493181007493789371032865456237749521342893653273473,0.835458910697479268115728114653647015216182782161259059139749,False,,,True,False
2820,102,0.019702615817541800990520703977080589512218870360136177024681,-0.118072384182458199009479296022919410487781129639863822975319,0.0686756539543854502476301759942701473780547175900340442561703,-0.010067525710568970446599228160276543688120547478109976321393,0.558191529486443206902111066695288997123540739681934936786665,False,,,True,False
2821,303,0.00963509010697283054392147581680404582409832288202620070328805,-0.128139909893027169456078524183195954175901677117973799296712,0.191783772526743207635980368954201011456024580720506550175822,0.0050313108469327577108038185858341825074595369323163501301375,1.11744993666176465905211183940442539263882921127746285537576,False,,,True,True
2822,192,0.0146664009539055882547252944026382283315578598143425508334256,-0.123108599046094411745274705597361771668442140185657449166574,0.123666600238476397063681323600659557082889464953585637708356,-0.00836242609676905458823587268293084175344851466468911239080687,0.625909644998655346843836810011994266020633354560294780982613,False,,,True,False
2823,43,0.00630397485713653366648942171970738657810934514965343844261868,-0.131471025142863466333510578280292613421890654850346561557381,0.0284509937142841334166223554299268466445273362874133596106547,-0.00228996094799024964488309399893325171325102569644906375175729,0.394953472794967021845558511965679281636003932480109287751657,False,,,True,False
2824,382,0.00401401390914628402160632772077413486485831945320437469086138,-0.133760986090853715978393672279225865135141680546795625309139,0.239753503477286571005401581930193533716214579863301093672715,0.0372863006281747383279690574903836009997519106547888394423308,2.78848755034947532629823422295312664236766180964616751249544,False,,,False,True
2825,232,0.0413003145373210223495753852111577358646102301079932141331922,-0.0964746854626789776504246147888422641353897698920067858668078,0.155325078634330255587393846302789433966152557526998303533298,-0.0107090969013446678976818944969933110782820874017016399339251,0.765526384532641573872704812430175949402558228865778821493074,False,,,True,False
2826,135,0.0305912176359763544518934907141644247863281427062915741992671,-0.107183782364023645548106509285835575213671857293708425800733,0.0920228044089940886129733726785411061965820356765728935498168,-0.0136813517102267943670595717124313469873365623461568981056481,0.530267751140683698454765979481968476991448431403561074784915,False,,,True,False
2827,321,0.0169098659257495600848339190017330777989915803601346760936189,-0.120865134074250439915166080998266922201008419639865323906381,0.204852466481437390021208479750433269449747895090033669023405,0.0102844408195091088743931634553456078424239062589734830610458,1.31927462492650099687006651758225722851739128519157419534222,False,,,True,True
2828,173,0.0271943067452586689592270824570786856414154866191081591546647,-0.110580693254741331040772917542921314358584513380891840845335,0.114923576686314667239806770614269671410353871654777039788666,-0.0166111400138060588359525982476525830134230039400488914731284,0.592429886583862980557645436300163892478039326674501692077302,False,,,True,False
2829,282,0.0105831667314526101232744842094261026279924826790592676815363,-0.127191833268547389876725515790573897372007517320940732318464,0.178895791682863152530818621052356525656998120669764816920384,0.0113063310275854996604136031349663920869565799700779368020948,1.68823852000961831929121046475292715024818850046043550302127,False,,,True,True
2830,85,0.0218894977590381097836880873443924947149490626491372044836311,-0.115885502240961890216311912655607505285050937350862795516369,0.0585973744397595274459220218360981236787372656622843011209078,-0.0163003184403335284428806644660808395701799271936218803821384,0.343271949821928582629701085459846018932967145666935008552556,False,,,True,False
2831,350,0.00558917931870458134080742287831165514476913545551532410149267,-0.132185820681295418659192577121688344855230864544484675898507,0.220147294829676145335201855719577913786192283863878831025373,0.0289612380364335452797583215767019510514481247542809463137599,2.11252541922857149760967564740026592150830636537933220041047,False,,,False,True
2832,205,0.0345504173551381266205657444550136061962172602097962704152526,-0.103224582644861873379434255544986393803782739790203729584747,0.136762604338784531655141436113753401549054315052449067603813,-0.0176578897449585444582501612705649842874071081204501947606048,0.619134133824943015308578155789726779842349781150810647392717,False,,,True,False
2833,115,0.0168925276101795821623155831844486219088101520893460756546478,-0.120882472389820417837684416815551378091189847910653924345352,0.076098131902544895540578895796112155477202538022336518913662,-0.0150372716386112009131748723691612202025354729842688161310565,0.505255327673821773194920924576366302564091834009287710704307,False,,,True,False
2834,376,0.00185525597156838124914071081528740170627467910507725952359136,-0.135919744028431618750859289184712598293725320894922740476409,0.235463813992892095312285177703821850426568669776269314880898,0.0436911831414393695250779537721723685572481079954034526228157,5.4455090528611416239552452046104365679570984138934200753588,False,,,False,True
2835,246,0.045546439113007750774218664587459770263522787100480712146407,-0.092228560886992249225781335412540229736477212899519287853593,0.165136609778251937693554666146864942565880696775120178036602,-0.0102443534181035654981309242408813804960012418358241897930416,0.792045803188576216144267543844467432149965313149901570100266,False,,,True,False
2836,152,0.0353020856949041852760877403465783897675215452646565223533655,-0.102472914305095814723912259653421610232478454735343477646635,0.103825521423726046319021935086644597441880386316164130588341,-0.0183994338633204610985491609897326238996430699058760271498753,0.522276820696494401857313989110427053299554628370969404198296,False,,,True,False
2837,297,0.0169026518315837241775385793568457658678784753587804952034902,-0.12087234816841627582246142064315423413212152464121950479651,0.189850662957895931044384644839211441466969618839695123800873,0.00826663640672575085482321609941984776939579014041867000325383,1.38993057153418802135171255885218623894252895836160210520611,False,,,True,True
2838,91,0.025169288238309475032361795456265613637274265499199165206744,-0.112605711761690524967638204543734386362725734500800834793256,0.063167322059577368758090448864066403409318566374799791301686,-0.0183486940457577949377905635207597225010958519488478875191578,0.440262495073296606328848826668524437315679071710972033928584,False,,,True,False
2839,337,0.0068205941925516800945712319355058911361784135503512776875862,-0.130954405807448319905428768064494108863821586449648722312414,0.212330148548137920023642807983876472784044603387587819421897,0.0305881263515899767188021550069720877945476629891954207538546,2.37046012994319801723665478974088593843913883141460620201242,False,,,False,True
2840,189,0.0374087205441416568133733869424779789307260765395466984414409,-0.100366279455858343186626613057522021069273923460453301558559,0.12747718013603541420334334673561949473268151913488667461036,-0.0248446191503222455781840496309951214371642006012892643859029,0.540019260593632097112953528311581933784650500480833669882844,False,,,True,False
2841,59,0.012564101393819411235189337311482857493561875938257434055538,-0.125210898606180588764810662688517142506438124061742565944462,0.0400160253484548528087973343278707143733904689845643585138845,-0.00562773569031361627059093679681335673470643913834660027818419,0.613682381094311589008225223507892469853841358653575672139259,False,,,True,False
2842,266,0.0069363657035057949645984005146695007588554367999108337773538,-0.130838634296494205035401599485330499241144563200089166222646,0.167984091425876448741149600128667375189713859199977708444338,-0.00272438550989962989856167738641992233771653529983491497872749,0.931022686602217735929334844725346797096797830671926596593003,False,,,True,False
2843,129,0.00421198019360616506603672312824957842113890150007591879862631,-0.133563019806393834933963276871750421578861098499924081201374,0.0816779950484015412665091807820623946052847253750189796996566,-0.00386369445176472065733512034281488472872382391624960883897903,0.506706388194575388886653649001039890011777186374067960774115,False,,,True,False
2844,391,0.000348285741841444408701602785434693692415077583826309959647278,-0.137426714258158555591298397214565306307584922416173690040353,0.244462071435460361102175400696358673423103769395956577489912,0.0431263223798151732439004446729571628523998759798183705853542,3.81879130015751426682097198542619808900113325737866010800303,False,,,False,True
2845,221,0.0434746081216566176526020474583918565448149535636446805450014,-0.0943003918783433823473979525416081434551850464363553194549986,0.14899365203041415441315051186459796413620373839091117013625,-0.0206248066693741782591693607597912015883737933313506954057305,0.627515820529758454524164036697618929954764656039019749225217,False,,,True,False
2846,309,0.0228498014522824393934326866986006549564411602322939851392709,-0.114925198547717560606567313301399345043558839767706014860729,0.198837450363070609848358171674650163739110290058073496284818,0.0210787017890720137974392146568258724992404110242954099006735,1.93169544189667385917450520964029595219668626350399790357597,False,,,True,True
2847,157,0.0439285032413544531908719013554265274556815712565893950399444,-0.0938464967586455468091280986445734725443184287434106049600556,0.109107125810338613297717975338856631863920392814147348759986,-0.0270161677120506696382045239565045613621151541239435336444702,0.456414523437835927808947612831789890889786437366153874402749,False,,,True,False
2848,79,0.0169123355293037835526673773989219660935664171326458613954742,-0.120862664470696216447332622601078033906433582867354138604526,0.0536030838823259458881668443497304915233916042831614653488686,-0.00689444360238998410293365088540550083281471772386451378918279,0.538940792141924535689226686544472708685544745958973301294959,False,,,True,False
2849,356,0.0100178919269137994497337265135164652607516994087813476062914,-0.127757108073086200550266273486483534739248300591218652393709,0.225004472981728449862433431628379116315187924852195336901573,0.0322067064627622167618189797800609057068112502247576115516879,2.46766234025731186474845316895929167343236761605346446636738,False,,,False,True
2850,236,0.0422245983896760162115527062935773709675629496335389591579793,-0.0955504016103239837884472937064226290324370503664610408420207,0.158056149597419004052888176573394342741890737408384739789495,-0.0146185859722066965401842343581513749890977452758763646403773,0.716861098222339282036231623683602166359759982319404377777796,False,,,True,False
2851,122,0.027606012417469319671368471935425995978465204357662594517602,-0.110168987582530680328631528064574004021534795642337405482398,0.0831515031043673299178421179838564989946163010894156486294005,-0.0139190902744314840938508743282533683505572476970576508776709,0.551672484607795674871961639271656457662403078089377709683925,False,,,True,False
2852,287,0.0136869221430378355775175976071726276279079566606049436399311,-0.124088077856962164422482402392827372372092043339395056360069,0.182796730535759458894379399401793156906976989165151235909983,0.00245585230171936542344197570318253721414134630680323007962957,1.05739804777596946574875914624105558853657999397443235266053,False,,,True,True
2853,180,0.0161427744447572010009595733103551648420493029674081737195606,-0.121632225555242798999040426689644835157950697032591826280439,0.11653569361118930025023989332758879121051232574185204342989,-0.0102896728757811480210651616790497660604590228272021744306235,0.565716172500812643405340165850571975463702532710749838733646,False,,,True,False
2854,41,0.00585310156897605297989441163130539878159028014020599928893709,-0.131921898431023947020105588368694601218409719859794000711063,0.0270882753922440132449736029078263496953975700350514998222343,-0.0033683788019951308247352154302448516127331258271807679097344,0.457267168136525747544927414654923350318342411319383425139044,False,,,True,False
2855,368,0.0024847227669809221551591962010605471688571543130252313792027,-0.135290277233019077844840803798939452831142845686974768620797,0.230621180691745230538789799050265136792214288578256307844801,0.0302705492219785039951746852685033199972394880892596402878889,2.18127039952207114190831517036173348032390724944767371604525,False,,,False,True
2856,210,0.0327552719889594261503338814695638671660966424022848716670916,-0.105019728011040573849666118530436132833903357597715128332908,0.139438817997239856537583470367390966791524160600571217916773,-0.0153371696078679623302712232104058737938359397375275014225425,0.638551019332098024419807427504376193733563791316994979000343,False,,,True,False
2857,100,0.017418102381091463820062658259157993372260702664757370244549,-0.120356897618908536179937341740842006627739297335242629755451,0.0668545255952728659550156645647894983430651756661893425611373,-0.00515418198115176939669915333564430103824971974908976118747696,0.672435079385140020274366438942712495409368591155831492218055,False,,,True,False
2858,324,0.0122639203999396944233635049235136923340109829156676090570721,-0.125511079600060305576636495076486307665989017084332390942928,0.205565980099984923605840876230878423083502745728916902264268,0.0101309118159275296633129639162673367137814646630157026724476,1.26979018604533706183548872885606639723991037312844351804165,False,,,True,True
2859,253,0.0223948322158672240866764688397810290477924475786833117295196,-0.11538016778413277591332353116021897095220755242131668827048,0.16372370805396680602166911720994525726194811189467082793238,0.000430230105132309956823948021255895631678658694954377799979147,1.01168566467146639561301553039648603727000276855301550593687,False,,,True,True
2860,140,0.0228250623209995340435004168610369246794711062736376895294988,-0.114949937679000465956499583138963075320528893726362310470501,0.0932062655802498835108751042152592311698677765684094223823747,-0.0201593112792813000488007359985999391344996303853768884109268,0.411934737628213514489583596457160394078921953992583245801257,False,,,True,False
2861,28,0.00266575104171823399469968086243698554497147588826080111857195,-0.135109248958281766005300319137563014455028524111739198881428,0.018166437760429558498674920215609246386242868972065200279643,-0.00265962895015765682293531534778776466875797950725883048445958,0.379539255806101539662330021752240448416672505726339843065762,False,,,True,False
2862,385,0.00000612209156057717176436551464922087621349638100197063411236908,-0.137768877908439422828235634485350779123786503618998029365888,0.240626530522890144292941091378662305219053374095250492658528,0.0439442756075336301351876006122038532966892881434522095462812,4.30392467575211891165489590142644898097732710354421157220353,False,,,False,True
2863,196,0.0439503976990942073069519661268530741729027845244541801803935,-0.0938246023009057926930480338731469258270972154755458198196065,0.133487599424773551826737991531713268543225696131113545045098,-0.0172024739998655970637139103721919015178600167238443724728222,0.622535252043527280695310656224080933990437406555099366107074,False,,,True,False
2864,279,0.0267479236992286102432380557546611726550427678006098077075713,-0.111027076300771389756761944245338827344957232199390192292429,0.181061980924807152560809513938665293163760691950152451926893,0.00391905063389299356138020766410350478760965689031989888723628,1.12112055197194747496252413332876800620576127653652413086353,False,,,True,True
2865,112,0.0306669743331216038046182634187646774426524246909297065948076,-0.107108025666878396195381736581235322557347575309070293405192,0.0776667435832804009511545658546911693606631061727324266487019,-0.0176646174269179370934615902668416502351356492103681863275546,0.419879813375721787257202861864149042774450307183194228873041,False,,,True,False
2866,334,0.013002356906203666711156673151923027207516775480561520267253,-0.124772643093796333288843326848076972792483224519438479732747,0.212000589226550916677789168287980756801879193870140380066813,0.0227140888978073018337828103116570541446091275395172453439272,1.78535716353635380991574961408833886878407576712075053412899,False,,,True,True
2867,170,0.0357164458040109685449394834635800813521259030200787656111802,-0.10205855419598903145506051653641991864787409697992123438882,0.115179111451002742136234870865895020338031475755019691402795,-0.0225076324875081716683333744990201398544855208620198733880791,0.550658849625618505011490758161989083486215068918943128013442,False,,,True,False
2868,243,0.0132088133165027968766061089645599414976403821580588922231011,-0.124566186683497203123393891035440058502359617841941107776899,0.155177203329125699219151527241139985374410095539514723055775,0.00128930101686503947862914016196295861330060517798240952891297,1.06311344129892924916170745188016290314455691297511525767764,False,,,True,True
2869,68,0.014498114333367836355235249126522900110940987336041301752014,-0.123276885666632163644764750873477099889059012663958698247986,0.0461245285833419590888088122816307250277352468340103254380035,-0.0119668281066432286335515277164523179410122128275988341522277,0.362127599094946995685816356922822506063678454550082727401427,False,,,True,False
2870,348,0.00253128622672460772168372141007058216992877450844246759978637,-0.135243713773275392278316278589929417830071225491557532400214,0.218132821556681151930420930352517645542482193627110616899947,0.0247295183292348607684190712944941657197834490161221704801944,1.98629343912847875430982215328824221630946450948065683130841,False,,,False,True
2871,149,0.0272608045559594684901027927045647478897122235245646380799807,-0.110514195444040531509897207295435252110287776475435361920019,0.0999402011389898671225256981761411869724280558811411595199952,-0.0170968994641076409524698112545340430166220068916023799845205,0.543858268167691365378547656354910968316293480999171666749691,False,,,True,False
2872,295,0.0101639050918518275376329814500307048730902166329622580954602,-0.12761109490814817246236701854996929512690978336703774190454,0.186915976272962956884408245362507676218272554158240564523865,0.00721426223906042451885811871702997762854224483098543097047912,1.27573411263398719260351525745184869392922665142777038824978,False,,,True,True
2873,96,0.0173781673309122520564911001670606825016324614639476890659393,-0.120396832669087747943508899832939317498367538536052310934061,0.0643445418327280630141227750417651706254081153659869222664848,-0.0151621087037991761807476118660752960558815089941924836722394,0.512256496309624420322840660469160483996894753467000501162873,False,,,True,False
2874,222,0.00221605862711307587574348830098538644575095246975520539369988,-0.1355589413728869241242565116990146135542490475302447946063,0.139304014656778268968935872075246346611437738117438801348425,-0.00156660867084789503389570043005925927235068734169126049404498,0.807386837211182260867064829458314209905590464599507386487023,False,,,True,False
2875,14,0.000649449956265180841847787870926127173400265128063944899654898,-0.137125550043734819158152212129073872826599734871936055100345,0.00891236248906629521046194696773153179335006628201598622491372,-0.000649449956265180841847787870926127173400265128063944899654898,0.151127664816101999108987866824687328268124473223766574627818,False,,,True,False
