t,s,d,e,moved,worst,R,boundary,tie_exact,invariant_exact_ok,s_bound_ok,rebound
0,25,0.25,0.1156,0.1875,-0.039475,0.536585365853658536585365853658536585365853658536585365853659,False,,,True,False
1,29,0.210525,0.076125,0.19763125,-0.03003801,0.6039169648459222534407481205384574229205948777478562708435,False,,,True,False
2,32,0.18048699,0.04608699,0.2051217475,-0.015982105016,0.759754673101675585749643983177249456391021554479089591219986,False,,,True,False
3,22,0.164504884984,0.030104884984,0.151126221246,-0.0210290157336864,0.599191809745198724012128747892224118401717167593838265907708,False,,,True,False
4,36,0.1434758692503136,0.0090758692503136,0.2158689673125784,-0.01246713946731698944,0.811358302063177881339211125628201958745736496978894273691451,False,,,True,False
5,27,0.13100872978299661056,-0.00339127021700338944,0.16775218244574915264,-0.013408751008845877592064,0.695302395949488076186058863140640931719002251911404086049783,False,,,True,False
6,38,0.117599978774150732967936,-0.016800021225849267032064,0.219399994693537683241984,0.0004526069910333340697173504,1.00883341876136599870034229776966376294232155734810708044347,False,,,True,True
7,19,0.1180525857651840670376533504,-0.0163474142348159329623466496,0.1245131464412960167594133376,-0.016809126150750517143309243904,0.584841579604915608652546892960279912272710738586089731337147,False,,,True,False
8,40,0.101243459614433549894344106496,-0.033156540385566450105655893504,0.225310864903608387473586026624,0.0070578434851137411862087662214144,1.15334671843409082530439217982656924265561835908955255841369,False,,,True,True
9,31,0.1083013030995472910805528727174144,-0.0260986969004527089194471272825856,0.1820753257748868227701382181793536,-0.01649818607836008587591590131366910976,0.732717702999205638917732803821673125304554248691266051316814,False,,,True,False
10,23,0.09180311702118720520463697140374529024,-0.04259688297881279479536302859625470976,0.13795077925529680130115924285093632256,-0.008967929298254808767805760530255112257536,0.682668949385838175210175207344439028308594023628909788427211,False,,,True,False
11,42,0.082835187722932396436831210873490177982464,-0.051564812277067603563168789126509822017536,0.230708796930733099109207802718372544495616,0.0094362481026970853716236943169115519041929216,1.23147356419557304682924744399807014224037334532360561209714,False,,,True,True
12,34,0.0922714358256294818084549051904017298866569216,-0.0421285641743705181915450948095982701133430784,0.1930678589564073704521137262976004324716642304,-0.00031295189364809645095604183054462558991937716224,0.992828352718715866036908897403145724316905820371400662451692,False,,,True,False
13,17,0.09195848393198138535749886335985710429673754443776,-0.04244151606801861464250113664014289570326245556224,0.10798962098299534633937471583996427607418438610944,-0.021460412358265931327203613934017556938526250921345024,0.479637309893851157946057983139333231952583449474710516568833,False,,,True,False
14,43,0.070498071573715454030295249425839547358211293516414976,-0.063901928426284545969704750574160452641788706483585024,0.232624517893428863507573812356459886839552823379103744,0.0248118987809680154884895368269056183098542576233120333824,1.74619601831909572882860194333417831810467422332871587294377,False,,,False,True
15,26,0.0953099703546834695187847862527451656680655511397270093824,-0.0390900296453165304812152137472548343319344488602729906176,0.1538274925886708673796961965631862914170163877849317523456,-0.0230317535094282546466437790384043451414910624923406729353626,0.572877726933181147375201383867845048463936370268888577414859,False,,,True,False
16,37,0.0722782168452552148721410072143408205265744886473863364470374,-0.0621217831547447851278589927856591794734255113526136635529626,0.203069554211313803718035251803585205131643622161846584111759,0.00600355745813136066224893786676493498782914065706886635037655,1.14048951429608685638516818986966315988944064276613238800361,False,,,True,True
17,20,0.078281774303386575534389945081105755514403629304455202797414,-0.056118225696613424465610054918894244485596370695544797202586,0.119570443575846643883597486270276438878600907326113800699353,-0.0195553405152444048578826144473995394837068376475798794860707,0.52459203485350479019684834106738717901833881384129646298974,False,,,True,False
18,44,0.0587264337881421706765073306337062160306967916568753233113433,-0.0756735662118578293234926693662937839693032083431246766886567,0.234681608447035542669126832658426554007674197914218830827836,0.0279465393156803612046632291005964960127190593585356308068794,1.96174784648110413341340910382378315051251022371542301141048,False,,,False,True
19,29,0.0866729731038225318811705597343027120434158510154109541182227,-0.0477270268961774681188294402656972879565841489845890458817773,0.166668243275955632970292639933575678010853962753852738529556,-0.0190327460701557053217814082981781146428297812921490991526234,0.655404609422113410382745529956571726847129715401958662130528,False,,,True,False
20,15,0.0676402270336668265593891514361245974005860697232618549655994,-0.0667597729663331734406108485638754025994139302767381450344006,0.0919100567584167066398472878590311493501465174308154637413998,-0.0102926121688202966208543403160468456613183216648383030257337,0.605108082574332076019085568357777072342852611935159825795935,False,,,True,False
21,39,0.0573476148648465299385348111200777517392677480584235519398657,-0.0770523851351534700614651888799222482607322519415764480601343,0.209336903716211632484633702780019437934816937014605887984966,0.00473218212760407540210236553604450432421008467987554686292919,1.09958650093428966483392859813472962803395656199604490168389,False,,,True,True
22,24,0.0620797969924506053406371766561222560634778327382990988027948,-0.0723202030075493946593628233438777439365221672617009011972052,0.135519949248112651335159294164030564015869458184574774700699,-0.0130120522540314195873865724011104398753542270428941345722065,0.623967157093300801702946772279867979027884990731282408483761,False,,,True,False
23,45,0.0490677447384191857532506042550118161881236056954049642305883,-0.0853322552615808142467493957449881838118763943045950357694117,0.237266936184604796438312651063752954047030901423851241057647,0.0292888356600699825698837888396276397456416238785673782500008,2.15934025175587532259770727218615381878134008217182041048732,False,,,False,True
24,32,0.0783565803984891683231343930946394559337652295739723424805891,-0.0560434196015108316768656069053605440662347704260276575194109,0.179589145099622292080783598273659863983441307393493085620147,-0.00708823558464873958960299083320945356055006839928416177179607,0.854930359547378879267048222413877090481256212471602746226883,False,,,True,False
25,18,0.071268344813840428733531402261430002373215161174688180708793,-0.063131655186159571266468597738569997626784838825311819291207,0.107817086203460107183382850565357500593303790293672045177198,-0.0218605945331576095445713543065625177247301645170629689200142,0.495441110881048244603513426930416853115641229976551959769809,False,,,True,False
26,41,0.0494077502806828191889600479548674846484849966576252117887788,-0.0849922497193171808110399520451325153515150033423747882112212,0.217351937570170704797240011988716871162121249164406302947195,0.017534266470569385070192176758798304142674780804652037275966,1.48097125850218751450447610851238975298131413470639266327962,False,,,True,True
27,27,0.0669420167512522042591522247136657887911597774622772490647448,-0.0674579832487477957408477752863342112088402225377227509352552,0.151735504187813051064788056178416447197789944365569312266186,-0.0192707945794970023689820316677565992865998780789419541146692,0.618591836421558096602247634329064747413866972002155267147606,False,,,True,False
28,13,0.0476712221717552018901701930459091895045598993833352949500756,-0.0867287778282447981098298069540908104954401006166647050499244,0.0769178055429388004725425482614772973761399748458338237375189,-0.00648020739381402542112692450722246512406368561019180303165676,0.636950062854995760574454417697564979911375607998123864725601,False,,,True,False
29,46,0.0411910147779411764690432685386867243804962137731434919184188,-0.0932089852220588235309567314613132756195037862268565080815812,0.240297753694485294117260817134671681095124053443285872979605,0.0319151291943670533480808206893225062743236413386304016422379,2.6274601347039271008559369571879615005496318913488945701219,False,,,False,True
30,33,0.0731061439723082298171240892280092306548198551117738935606567,-0.0612938560276917701828759107719907693451801448882261064393433,0.183276535993077057454281022307002307663704963777943473390164,-0.00528058692034788569506086553017641856509832001998487852298418,0.895309382803030912643976283489109211415413092739328086753001,False,,,True,False
31,22,0.0678255570519603441220632236978328120897215350917890150376725,-0.0665744429480396558779367763021671879102784649082109849623275,0.126956389262990086030515805924458203022430383772947253759418,-0.0209509227068478446100816434791304913355601275249393241777374,0.542722708991199568266260364832627352842881990759526429982022,False,,,True,False
32,38,0.0468746343451124995119815802187023207541614075668496908599351,-0.0875253656548875004880184197812976792458385924331503091400649,0.201718658586278124877995395054675580188540351891712422714984,0.00738054695004372035781913498261644769310996607829854131688567,1.20013424807093538248278992828271238406301130961735879040801,False,,,True,True
33,17,0.0542551812951562198698007152013187684472713736451482321768208,-0.0801448187048437801301992847986812315527286263548517678231792,0.0985637953237890549674501788003296921118178434112870580442052,-0.0174933987053749785924287003882303322833658545555966459559201,0.516738601056123634201746065977901791116566413619058811044682,False,,,True,False
34,43,0.0367617825897812412773720148130884361639055190895515862209007,-0.0976382174102187587226279851869115638360944809104484137790993,0.224190445647445310319343003703272109040976379772387896555225,0.0269234577857687910570870409282737765540548947898190803520539,1.9507855038197475246043656116719969598452877716291422518876,False,,,False,True
35,28,0.0636852403755500323344590557413622127179604138793706665729545,-0.0707147596244499676655409442586377872820395861206293334270455,0.155921310093887508083614763935340553179490103469842666643239,-0.0206447506472831257499903965608418861567559808513963394098418,0.634085361477988945304808560979078942991195885886462131868403,False,,,True,False
36,14,0.0430404897282669065844686591805203265612044330279743271631128,-0.0913595102717330934155313408194796734387955669720256728368872,0.0807601224320667266461171647951300816403011082569935817907782,-0.00959260995539746380561950197346661284576789945664815377216161,0.617344283875571842682490464477224468498149944845276900537219,False,,,True,False
37,47,0.0334478797728694427788491572070537137154365335713261733909512,-0.100952120227130557221150842792946286284563466428673826609049,0.243361969943217360694712289301763428428859133392831543347738,0.0396294894334486828436853312186182800760065033967426294865628,3.73081648019394552071280877873508387813482303382762272277397,False,,,False,True
38,31,0.073077369206318125622534488425671993791443036968068802877514,-0.061322630793681874377465511574328006208556963031931197122486,0.173269342301579531405633622106417998447860759242017200719378,-0.0126267492963133218496445712132155148208721781417429377988589,0.772066254711702208713323232111741543014880254266805827350488,False,,,True,False
39,21,0.0604506199100048037728899172124564789705708588263258650786551,-0.0739493800899951962271100827875435210294291411736741349213449,0.120112654977501200943222479303114119742642714706581466269664,-0.0146328189506690010726743802061270247738639931214336721966281,0.623287267218829543242547585217397853607191209763632076250788,False,,,True,False
40,37,0.045817800959335802700215537006329454196706865704892192882027,-0.088582199040664197299784462993670545803293134295107807117973,0.196454450239833950675053884251582363549176716426223048220507,-0.00149609321648501129766460395971518684856705286554420970179696,0.966185843265652480625875756765992657473294778926751302614629,False,,,True,False
41,16,0.04432170774285079140255093304661426734813981283934798318023,-0.09007829225714920859744906695338573265186018716065201681977,0.0910804269357126978506377332616535668370349532098369957950575,-0.0100546296217022023123888980463741481885366008117655293328217,0.572088697511041064122818878422228652412223588466533517115912,False,,,True,False
42,42,0.0342670781211485890901620350002401191596032120275824538474083,-0.100132921878851410909837964999759880840396787972417546152592,0.218566769530287147272540508750060029789900803006895613461852,0.0205878950902122422505653597932590951276765900495383414053002,1.60612584553200525004123068365305582790816430873983661683818,False,,,True,True
43,26,0.0548549732113608313407273947934992142872798020771207952527085,-0.0795450267886391686592726052065007857127201979228792047472915,0.143713743302840207835181848698374803571819950519280198813177,-0.0222074343319642634812272170784988118670403790551918328569264,0.584612623864196934249869690067541406944198073234108159321176,False,,,True,False
44,35,0.0326475388793965678595001777150004024202394230219289623957821,-0.101752461120603432140499822284999597579760576978071037604218,0.183161884719849141964875044428750100605059855755482240598946,0.00809951909937953543079216477355395552563692087155268172082814,1.32049052049834310462921746937531360640700740610071968682334,False,,,True,True
45,12,0.0407470579787761032902923424885543579458763438934816441166102,-0.0936529420212238967097076575114456420541236561065183558833898,0.0701867644946940258225730856221385894864690859733704110291526,-0.0120033262463174499163535320833519832327049724945033227111059,0.392896693705372427872854393367194647837992756878472136387449,False,,,True,False
46,46,0.0287437317324586533739388104052023747131713713989783214055043,-0.105656268267541346626061189594797625286828628601021678594496,0.237185932933114663343484702601300593678292842849744580351376,0.0346343815299120415517967044356866229047160269905889146386478,2.42630424765924333224337960656567241292168736342909081830499,False,,,False,True
47,23,0.0633781132623706949257355148408889976178873983895672360441521,-0.0710218867376293050742644851591110023821126016104327639558479,0.130844528315592673731433878710222249404471849597391809011038,-0.024084979191244297532205969264108551528414844746394029858163,0.560135749350762573648058181328516950875517694196644331559783,False,,,True,False
48,32,0.0392931340711263973935295455767804460894725536431732061859891,-0.0951068659288736026064704544232195539105274463568267938140109,0.169823283517781599348382386394195111522368138410793301546497,-0.00583311467383536269284896879398587082682927205819805070785233,0.867252596048404854200840212452335321942386576704184526380257,False,,,True,False
49,17,0.0334600193972910347006805767827945752626432815849751554781367,-0.100939980602708965299319423217205424737356718415024844521863,0.0933650048493227586751701441956986438156608203962437888695342,-0.00644996907758859561444568475602375529017782678740709381239623,0.672735768919227883534814251810487068630224843318896000807398,False,,,True,False
50,44,0.0270100503197024390862348920267708199724654547975680616657405,-0.107389949680297560913765107973229180027534545202431938334259,0.226752512579925609771558723006692704993116363699392015416435,0.0200636731486135418644313646896678756421437948535612285304115,1.56031030414207566090092035582857057986366082619876012414641,False,,,False,True
51,28,0.047073723468315980950666256716438695614609249651129290196152,-0.087326276531684019049333743283561304385390750348870709803848,0.151768430867078995237666564179109673903652312412782322549038,-0.0144375475876418980094683634993436948479278117080169508700819,0.674960369824487456755862027944685698086337728808841475261864,False,,,True,False
52,13,0.0326361758806740829411978932170950007666814379431123393260701,-0.10176382411932591705880210678290499923331856205688766067393,0.0731590439701685207352994733042737501916703594857780848315175,-0.0043061354974819842176970936655750656026720436265020513879463,0.74324732311169894917597036949212326393293355616907343672405,False,,,True,False
53,40,0.0283300403831920987235007995515199351640093943166102879381238,-0.106069959616807901276499200448480064835990605683389712061876,0.207082510095798024680875199887879983791002348579152571984531,0.00687443307555818835225634501190690394931763095855231573692338,1.15777590959535282392717027288211285773184528502370339759045,False,,,True,True
54,21,0.0352044734587502870757571445634268391133270252751626036750472,-0.0991955265412497129242428554365731608866729747248373963249528,0.113801118364687571768939286140856709778331756318790650918762,-0.0115553203770218007093024378380335014253706133547231116068214,0.596696373383831476178258107187151057236819777350852242813438,False,,,True,False
55,48,0.0236491530817284863664547067253933376879564119204394920682258,-0.110750846918271513633545293274606662312043588079560507931774,0.245912288270432121591613676681348334421989102980109873017056,0.0425935129508491647833407168883820867905727684153236811035789,4.2541655150706432600959201583257712274559542409606788494139,False,,,False,True
56,30,0.0662426660325776511497954236137754244785291803357631731718047,-0.0681573339674223488502045763862245755214708196642368268281953,0.166560666508144412787448855903443856119632295083940793292951,-0.0158342891627009704646360742549571326523331139986380899261576,0.707907616842475307103316420226680560991630995777183930309002,False,,,True,False
57,18,0.0504083768698766806851593493588182918261960663371250832456471,-0.0839916231301233193148406506411817081738039336628749167543529,0.102602094217469170171289837339704572956549016584281270811412,-0.0099838438651570290292994449627838810647030509017444022917339,0.670467346221484429814722304561966069588974510862379069887898,False,,,True,False
58,37,0.0404245330047196516558599043960344107614930154353806809539132,-0.0939754669952803483441400956039655892385069845646193190460868,0.195106133251179912913964976099008602690373253858845170238478,-0.00256898966542344835343343350242204334650027254211432775312893,0.949966627732796607703744337308930098306686476644547991252715,False,,,True,False
59,25,0.0378555433392962033024264708936123674149927428932663532007843,-0.0965444566607037966975735291063876325850072571067336467992157,0.134463885834824050825606617723403091853748185723316588300196,-0.0111753755978362919250096538572359867962446830638130685930406,0.637410766441219230815568099236273385330118142522983750511283,False,,,True,False
60,45,0.0266801677414599113774168170363763806187480598294532846077437,-0.107719832258540088622583182963623619381251940170546715392256,0.231670041935364977844354204259094095154687014957363321151936,0.0316243686057778724069146944092651322663273557183321424474659,3.25401317994397967556932742483845518208374172517713554795885,False,,,False,True
61,15,0.0583045363472377837843315114456415128850754155477854270552096,-0.0760954636527622162156684885543584871149245844522145729447904,0.0895761340868094459460828778614103782212688538869463567638024,-0.0151882819012639864255571680772885550508605328288432103017014,0.563290805840555912804428357225066316920669233972208937259771,False,,,True,False
62,34,0.0431162544459737973587743433683529578342148827189422167535082,-0.0912837455540262026412256566316470421657851172810577832464918,0.180779063611493449339693585842088239458553720679735554188377,-0.00815415424360121923643047667195988166578565313805226017845233,0.845266682431983127851182601445768981696452245549704718602647,False,,,True,False
63,22,0.0349621002023725781223438666963930761684292295808899565750558,-0.0994378997976274218776561333036069238315707704191100434249442,0.118740525050593144530585966674098269042107307395222489143764,-0.00910237565592494994104818656592779477908714259414503363349543,0.658171377826414793728925296304617456018298414915682148798632,False,,,True,False
64,41,0.0258597245464476281812956801304652813893420869867449229415604,-0.10854027545355237181870431986953471861065791301325507705844,0.21146493113661190704532392003261632034733552174668623073539,0.0135839620874695019740314582178586377108363132684066161152675,1.57227614143486231884628597643037164139269485188661911732911,False,,,True,True
65,12,0.039443686633917130155327138348323919100178400255151539056828,-0.094956313366082869844672861651676080899821599744848460943172,0.069860921658479282538831784587080979775044600063787884764207,-0.0142868482912575629421095530364977616680359166103688768721044,0.53927946883850371722599777669883946423682253579694463370991,False,,,True,False
66,31,0.0251568383426595672132175853118261574321424836447826621847235,-0.109243161657340432786782414688173842567857516355217337815276,0.161289209585664891803304396327956539358035620911195665546181,-0.00370549746934006524062875354896907746756450372686829861516956,0.746267007675428858817061936293380342146426797095671797556948,False,,,True,False
67,47,0.021451340873319501972588831762857079964577979917914363569554,-0.112948659126680498027411168237142920035422020082085636430446,0.240362835218329875493147207940714269991144494979478590892388,0.0416794384278341768040029998997535454893899469645528491988343,3.55358992224724144213803321121743404243155445385464725299824,False,,,False,True
68,24,0.0631307793011536787765918316626106254539679268824672127683883,-0.0712692206988463212234081683373893745460320731175327872316117,0.135782694825288419694147957915652656363491981720616803192097,-0.0247910108572758520102441659724101069103688760006865415456669,0.534393834346640628342883383805617114644036542080264797268123,False,,,True,False
69,36,0.0383397684438778267663476656902005185435990508817806712227214,-0.0960602315561221732336523343097994814564009491182193287772786,0.18958494211096945669158691642255012963589976272044516780568,0.0108999660165910649154808371342397235539857120106345390813663,1.35196551792420617178036475177645485817915125461653058671041,False,,,True,True
70,17,0.0492397344604688916818285028244402420975847628924152103040877,-0.0851602655395311083181714971755597579024152371075847896959123,0.0973099336151172229204571257061100605243961907231038025760219,-0.0252822459131248344992449215571823992847071498214871089546656,0.444543904017128592331771317447403078513121570974520438724182,False,,,True,False
71,43,0.0239574885473440571825835812672578428128776130709281013494222,-0.110442511452655942817416418732742157187122386929071898650578,0.220989372136836014295645895316814460703219403267732025337356,0.0291725708759506074372456188721793450040103030687280308238278,2.13418437581795452085227504247236551804024841661327518182536,False,,,False,True
72,27,0.05313005942329466461982920013943718781688791613965613217325,-0.08126994057670533538017079986056281218311208386034386782675,0.148282514855823666154957300034859296954221979034914033043312,-0.0170448203691010649947852185998105336680793471448351521185431,0.635382707350488818805889224620438656362118315271155987205138,False,,,True,False
73,13,0.0360852390541935996250439815396266541488085689948209800547068,-0.0983147609458064003749560184603733458511914310051790199452932,0.0740213097635483999062609953849066635372021422487052450136767,-0.014198839817927285623971862061232265452736328285223630819226,0.484809543435229520375111445482720857167277175953902926293091,False,,,True,False
74,39,0.0218863992362663140010721194783943886960722407095973492354809,-0.112513600763733685998927880521605611303927759290402650764519,0.20047159980906657850026802986959859717401806017739933730887,0.0110428437545400347488481058539439535804943634513267063494609,1.29220027156342480705067844189105160214649658912542239840927,False,,,True,True
75,21,0.0329292429908063487499202253323383422765666041609240555849418,-0.101470757009193651250079774667661657723433395839075944415058,0.113232310747701587187480056333084585569141651040231013896235,-0.014604991362245459164556802101753874988373488496139055063947,0.563613995027936656215387712138069229751822857866215087237999,False,,,True,False
76,48,0.0183242516285608895853634232305844672881931156647850005209948,-0.116075748371439110414636576769415532711806884335214999479005,0.244581062907140222396340855807646116822048278916196250130249,0.0452096317044818126942764003288797310955443942467782218702438,4.60195816568187427136284027236556710130749555400349588000708,False,,,False,True
77,30,0.0635338833330427022796398235594641983837375099115632223912386,-0.0708661166669572977203601764405358016162624900884367776087614,0.16588347083326067556990995588986604959593437747789080559781,-0.0148687257427633470786094945037263412709554249164393827512489,0.717876784189031199062532880964864612647599495805583174454384,False,,,True,False
78,16,0.0486651575902793552010303290557378571127820849951238396399897,-0.0857348424097206447989696709442621428872179150048761603600103,0.0921662893975698388002575822639344642781955212487809599099974,-0.0158047824691639051515419646191542948199234377345230799566141,0.550485896877806314819929942450098696181975496688296771377559,False,,,True,False
79,35,0.0328603751211154500494883644365835622928586472606007596833757,-0.101539624878884549950511635563416437707141352739399240316624,0.183215093780278862512372091109145890573214661815150189920844,-0.0040549745932383527761412893082675834747400107828681987095281,0.91818974701932692376482935212919718077867947550917330958699,False,,,True,False
80,23,0.0288054005278770972733470751283159788181186364777325609738476,-0.105594599472122902726652924871684021181881363522267439026152,0.122201350131969274318336768782078994704529659119433140243462,-0.00714679951977354881116962713671226010675838522493155522674567,0.678632750875444399679975079079071753309383874652647874406286,False,,,True,False
81,44,0.0216586010081035484621774479916037187113602512528010057471019,-0.112741398991896451537822552008396281288639748747198994252898,0.225414650252025887115544361997900929677840062813200251436775,0.0229981047342190491718203133129353261863167987687592912879876,2.32904937537134290445706761050180595476685940090231233439054,False,,,False,True
82,14,0.0446567057423225976339977613045390448976770500215602970350895,-0.0897432942576774023660022386954609551023229499784397029649105,0.0811641764355806494084994403261347612244192625053900742587724,-0.0149218219691195288674460199417033507913310271808691599283789,0.55581559054404362483762251080772170022743127376032136029972,False,,,True,False
83,33,0.0297348837732030687665517413628356941063460228406911371067105,-0.104665116226796931233448258637164305893653977159308862893289,0.172433720943300767191637935340708923526586505710172784276678,-0.00873051479519342630504292333455683139369155796262371024140506,0.829879401145747774518184308845292002912522424364031004088361,False,,,True,False
84,20,0.0210043689780096424615088180282788627126544648780674268653055,-0.113395631021990357538491181971721137287345535121932573134695,0.105251092244502410615377204507069715678163616219516856716326,-0.00396033115685565396979411275966428956860056615733407489360702,0.76502979467120566543026134995273534875705639686161113547106,False,,,True,False
85,46,0.0170440378211539884917147052686145731440538987207333519716985,-0.117355962178846011508285294731385426855946101279266648028302,0.234261009455288497122928676317153643286013474680183337992925,0.0310174555325486856374506058626573242805365790807808622273096,2.18611699665768962996007076599833820649334795588381325310822,False,,,False,True
86,28,0.0480614933537026741291653111312718974245904778015142141990081,-0.0863385066462973258708346888687281025754095221984857858009919,0.152015373338425668532291327782817974356147619450378553549752,-0.0154714410006873753533380028129091787078729603245760696520099,0.650871192196969417781011059750284773947001097888914951851702,False,,,True,False
87,11,0.0325900523530152987758273083183627187167175174769381445469982,-0.101809947646984701224172691681637281283282482523061855453002,0.0631475130882538246939568270795906796791793793692345361367495,-0.0045106479347402053847356234815478160023653536806967100173213,0.707761032547971641168096294861380263066405815159601529982544,False,,,True,False
88,40,0.0280794044182750933910916848368149027143521637962414345296769,-0.106320595581724906608908315163185097285647836203758565470323,0.207019851104568773347772921209203725678588040949060358632419,0.0084954147511555593984839993957433183805484605943087095610232,1.19675905903318784232777449939927360734491592516573112747592,False,,,True,True
89,24,0.0365748191694306527895756842325582210949006243905501440907001,-0.0978251808305693472104243157674417789050993756094498559092999,0.129143704792357663197393921058139555273725156097637536022675,-0.0176486330821093661049575349899784236521691833236218309235013,0.586625112102142483781605804005704302300753981411800671454123,False,,,True,False
90,37,0.0189261860873212866846181492425797974427314410669283131671988,-0.115473813912678713315381850757420202557268558933071686832801,0.1897315465218303216711545373106449493606828602667320782918,0.0131791928797892110962814868898804342487702637899902977803719,1.49080976401243334935789622477219503687513447709424865584535,False,,,True,True
91,16,0.0321053789671104977808996361324602316915017048569186109475707,-0.102294621032889502219100363867539768308498295143081389052429,0.0880263447417776244452249090331150579228754262142296527368927,-0.0177101773384986177330386118071800066939296194366987102119425,0.431778596813688734540276266023085317573285491934373917109206,False,,,True,False
92,48,0.0143952016286118800478610243252802249975720854202199007356282,-0.120004798371388119952138975674719775002427914579780099264372,0.243598800407152970011965256081320056249393021355054975183907,0.0434859379422226881098188527125764262996651155530701347452868,3.8898305697640533588507350164413675848737230891140690542147,False,,,False,True
93,29,0.0578811395708345681576798770378566512972372009732900354809149,-0.0765188604291654318423201229621433487027627990267099645190851,0.159470284892708642039419969259464162824309300243322508870229,-0.015812051404723040058685671924281414275665960518299602519816,0.70380126258542077549707322009964405749048322104331116780954,False,,,True,False
94,19,0.042069088166111528098994205113575237021571240454990432961099,-0.092330911833888471901005794886424762978428759545009567038901,0.105517272041527882024748551278393809255392810113747608240275,-0.0145820976285580804254326359417797446164055251282578532413261,0.562381369042293961300464747151447887031529677722452587936636,False,,,True,False
95,42,0.0274869905375534476735615691717954924051657153267325797197728,-0.106913009462446552326438430828204507594834284673267420280227,0.216871747634388361918390392292948873101291428831683144929943,0.0181105268879388673643026032685923145290323213640369190576608,1.58729322477347554280425297749279931119246034648133756498422,False,,,True,True
96,25,0.0455975174254923150378641724403878069341980366907694987774337,-0.0888024825745076849621358275596121930658019633092305012225663,0.136399379356373078759466043110096951733549509172692374694358,-0.0163655305775912181882235794533581960033918378233222357306366,0.639259092959507685879713743186741269890670662529755310381076,False,,,True,False
97,11,0.029231986847901096849640592987029610930806198867447263046797,-0.105168013152098903150359407012970389069193801132552736953203,0.0623079967119752742124101482467574027327015497168618157616993,-0.00623236873016252932971045840820877319574183391840329889656164,0.675728262321855039901733922267887431241312660459394220073282,False,,,True,False
98,36,0.0229996181177385675199301345788208377350643649490439641502354,-0.111400381882261432480069865421179162264935635050956035849765,0.185749904529434641879982533644705209433766091237260991037559,-0.00634098795282579529984871330666134562737210914410168758580276,0.867960086618303109913482233505726447668603712143241562093304,False,,,True,False
99,17,0.0166586301649127722200814212721594921076922558049422765644327,-0.117741369835087227779918578727840507892307744195057723435567,0.0891646575412281930550203553180398730269230639512355691411082,-0.00232978286072412406912920996861264652141469872063596706728242,0.775000250917289226659863252070953028593259982067530318531777,False,,,True,False
100,45,0.0143288473041886481509522113035468455862775570843063094971502,-0.12007115269581135184904778869645315441372244291569369050285,0.228582211826047162037738052825886711396569389271076577374288,0.0285006947990180693022448464069988851300783279161441370594521,2.12602058623829208716293265508481832941068384094223231218958,False,,,False,True
101,31,0.0428295421032067174531970577105457307163558850004504465566023,-0.0915704578967932825468029422894542692836441149995495534433977,0.165707385525801679363299264427636432679088971250112611639151,-0.0106704665171590703105370679984116977347619267836317724616735,0.790925968687442452600656591040007563587439045287146839135392,False,,,True,False
102,21,0.0321590755860476471426599897121340329815939582168186740949288,-0.102240924413952352857340010287865967018406041783181325905071,0.113039768896511911785664997428033508245398489554204668523732,-0.0169614373274216540108149927043216532197139667612269414349173,0.537596624594126764045023427337551953212622840652760212339474,False,,,True,False
103,39,0.0151976382586259931318449970078123797618799914555917326600115,-0.119202361741374006868155002992187620238120008544408267339988,0.198799409564656498282961249251953094940469997863897933165003,0.0168965983768203210833302682130082929976334637078540208863928,2.04877066822405106692433288291362476976337207470296197700183,False,,,True,True
104,13,0.0320942366354463142151752652208206727595134551634457535464043,-0.102305763364553685784824734779179327240486544836554246453596,0.0730235591588615785537938163052051681898783637908614383866011,-0.0192867291795280113527799533912887930116439266029315832492764,0.431799234898986567200105376489101643058185453128926946416709,False,,,True,False
105,49,0.0128075074559183028623953118295318797478695285605141702971279,-0.121592492544081697137604688170468120252130471439485829702872,0.248201876863979575715598827957382969936967382140128542574282,0.0540437669898284043738854374238767760272670630037336057986845,8.10207035169213262498349780657596697979953966495044859163505,False,,,False,True
106,27,0.0668512744457467072362807492534086557751365915642477760958124,-0.0675487255542532927637192507465913442248634084357522239041876,0.151712818611436676809070187313352163943784147891061944023953,-0.0232695433062054321220156899363777202385348928822893958629123,0.592665022691679669415516162229115320774782016029207057834976,False,,,True,False
107,34,0.0435817311395412751142650593170309355366016986819583802329001,-0.0908182688604587248857349406829690644633983013180416197670999,0.180895432784885318778566264829257733884150424670489595058225,0.00343424421645176370978212951534205280485899120421509737193875,1.08979809942801899927956060045466955429361388725686609425924,False,,,True,True
108,18,0.0470159753559930388240471888323729883414606898861734776048388,-0.0873840246440069611759528111676270116585393101138265223951612,0.10175399383899825970601179720809324708536517247154336940121,-0.0215406086316594252671993281284949678274578293006585656377062,0.437081283042708150952261721539531991370901379834072378802981,False,,,True,False
109,41,0.0254753667243336135568478607038780205140028605855149119671326,-0.108924633275666386443152139296121979485997139414485088032867,0.211368841681083403389211965175969505128500715146378727991783,0.0192795005620798117852324244424609254688002552283208976546046,1.65462785915813695384689387854330156646386175981949029830305,False,,,True,True
110,23,0.0447548672864134253420802851463389459828031158138358096217372,-0.0896451327135865746579197148536610540171968841861641903782628,0.126188716821603356335520071286584736495700778953458952405434,-0.0201854275690551553542010739368062297127712585726072751105236,0.54073701853934649172843592416239278456569405995833904768964,False,,,True,False
111,10,0.0245694397173582699878792112095327162700318572412285345112136,-0.109830560282641730012120788790467283729968142758771465488786,0.0561423599293395674969698028023831790675079643103071336278034,-0.00653476858439239573324141929410488957373470493340520824024846,0.529812234247383041972821711898149454456239958618888268676908,False,,,True,False
112,44,0.0180346711329658742546377919154278266962971523078233262709651,-0.116365328867034125745362208084572173303702847692176673729035,0.224508667783241468563659447978856956674074288076955831567741,0.0280900717712313971796879393380087201388388543476653689060112,2.08909981844859903944181257757477127457777210832207995956524,False,,,False,True
113,30,0.0461247429041972714343257312534365468351360066554886951769763,-0.0882752570958027285656742687465634531648639933445113048230237,0.161531185726049317858581432813359136708784001663872173794244,-0.0129562502028991154871454820519290696395162318856886489710385,0.731441938536543520648396239603405814130477571193663716549723,False,,,True,False
114,16,0.0331684927012981559471802492015074771956197747698000462059378,-0.101231507298701844052819750798492522804380225230199953794062,0.0882921231753245389867950623003768692989049436924500115514844,-0.0144872133824113606592125499276467628534453192635862202388295,0.540414019565123459895162687171953372826598636158487672730766,False,,,True,False
115,37,0.0186812793188867952879676992738607143421744555062138259671083,-0.115718720681113204712032300726139285657825544493786174032892,0.189670319829721698821991924818465178585543613876553456491777,0.0029561261627937676369716887093431969465235144787242975568911,1.0683535881937204785148341855973932746791608329935344835651,False,,,True,True
116,21,0.0216374054816805629249393879832039112886979699849381235239994,-0.112762594518319437075060612016796088711302030015061876476001,0.110409351370420140731234846995800977822174492496234530881,-0.00668034177444991023088988367822684496493898825072273827041458,0.541277466493527827875819497857102806561070650082461275786655,False,,,True,False
117,47,0.0149570637072306526940495043049770663237589817342153852535848,-0.119442936292769347305950495695022933676241018265784614746415,0.238739265926807663173512376076244266580939745433553846313396,0.0352752651790915397778514858734524129864352575311713655331549,2.72034946698417802384037241261066590364816881358973420359055,False,,,False,True
118,26,0.0502323288863221924719009901784294793101942392653867507867397,-0.0841676711136778075280990098215705206898057607346132492132603,0.142558082221580548117975247544607369827548559816346687696685,-0.0186203750350568019961519216321561454432726333591173245780996,0.614238244594329887896004781046844108249451711793720389941928,False,,,True,False
119,12,0.03161195385126539047574906854627333386692160590626942620864,-0.10278804614873460952425093145372666613307839409373057379136,0.06790298846281634761893726713656833346673040147656735655216,-0.00783478655060818239420873142732840091276487563080417563638665,0.643028982018614023514237337828136747727992507791702279756305,False,,,True,False
120,38,0.0237771673006572080815403371189449329541567302754652505722534,-0.110622832699342791918459662881055067045843269724534749427747,0.195944291825164302020385084279736233238539182568866312643063,0.00219487270437862475115052103329118809325765739831177989305888,1.05110214982394290643498933854856207093756547622662189460379,False,,,True,True
121,32,0.0259720400050358328326908581522361210474143876737770304653123,-0.108427959994964167167309141847763878952585612326222969534688,0.166493010001258958208172714538059030261853596918444257616328,0.00103083565066190457853037163129347279801443466348691386624945,1.02837407363609402798095265045008033377660011319834294789183,False,,,True,True
122,17,0.0270028756556977374112212297835295938454288223372639443315617,-0.107397124344302262588778770216470406154571177662736055668438,0.0917507189139244343528053074458823984613572055843159860828904,-0.0144300211748564030512704446098756423070357323678043489616988,0.422450577535467412440249026033713107327335097236341302155319,False,,,True,False
123,46,0.0125728544808413343599507851736539515383930899694595953698629,-0.121827145519158665640049214826346048461606910030540404630137,0.233143213620210333589987696293413487884598272492364898842466,0.0336113894292074658234380060384720540829931931218383923542288,2.59535746929899834956547521724956278100862825491174455606747,False,,,False,True
124,24,0.0461842439100488001833887912121260056213862830912979877240916,-0.0882157560899511998166112087878739943786137169087020122759084,0.131546060977512200045847197803031501405346570772824496931023,-0.0224836127870008672397984296013932974524564497787649908503019,0.555035706406301488825817067064056830418715646617203403646707,False,,,True,False
125,35,0.0237006311230479329435903616107327081689298333125329968737897,-0.11069936887695206705640963838926729183107016668746700312621,0.180925157780761983235897590402683177042232458328133249218447,0.00974583135280945742837798604113377941859642345021543236540488,1.44400036174876736066019191389038094124120157468925449527366,False,,,True,True
126,13,0.0334464624758573903719683476518664875875262567627484292391946,-0.100953537524142609628031652348133512412473743237251570760805,0.0733616156189643475929920869129666218968815641906871073097987,-0.0185408430315707277216131150980354891862144907359806183052801,0.396768875360691551926902641034289037744711889154153692538743,False,,,True,False
127,42,0.0149056194442866626503552325538309984013117660267678109339146,-0.119494380555713337349644767446169001598688233973232189066085,0.213726404861071665662588808138457749600327941506691952733479,0.0232962084150199615550105979645018934757308296594954926988798,1.82834645560673676906524922696438262789620831517427790416553,False,,,True,True
128,21,0.0382018278593066242053658305183328918770425956862633036327943,-0.0961981721406933757946341694816671081229574043137366963672057,0.114550456964826656051341457629583222969260648921565825908199,-0.022758819180901231080955449323405172426778306047357026659096,0.550783023110788479886586389337727315817333394825175354377085,False,,,True,False
129,29,0.0154430086784053931244103811949277194502642896389062769736984,-0.118956991321594606875589618805072280549735710361093723026302,0.148860752169601348281102595298731929862566072409726569243425,-0.0016354053289515674775825694375039730344047664119852622885244,0.924434738783515977794497704977870098877147335149178379595459,False,,,True,False
130,8,0.013807603349453825646827811757423746415859523226921014685174,-0.120592396650546174353172188242576253584140476773078985314826,0.0434519008373634564117069529393559366039648808067302536712935,-0.00255754773697470181145508553345954823348343667705334561609873,0.374566069392935959811920287674039755158605952229881324758826,False,,,True,False
131,49,0.0112500556124791238353727262239641981823760865498676690690753,-0.123149944387520876164627273776035801817623913450132330930925,0.247812513903119780958843181555991049545594021637466917267269,0.036252422888830557949881876742434869528738674260427511038711,3.49313667390722985249110481897043575489753575803766316513134,False,,,False,True
132,27,0.0475024785013096817852546029663990677111147608102951801077863,-0.0868975214986903182147453970336009322888852391897048198922137,0.146875619625327420446313650741599766927778690202573795026947,-0.0133336376346705964867956847750853697877941767687875825535369,0.674559488217967417365749395546665403827711436124571541646789,False,,,True,False
133,39,0.0341688408666390852984589181913136979233205840415075975542494,-0.100231159133360914701541081808686302076679415958492402445751,0.203542210216659771324614729547828424480830146010376899388562,0.0182774361311133266384214253432233117127731817851025400631421,1.68069192439242284819233468937324969860938431432414745067184,False,,,True,True
134,18,0.0524462769977524119368803435345370096360937658266101376173915,-0.0819537230022475880631196564654629903639062341733898623826085,0.103111569249438102984220085883634252409023441456652534404348,-0.0265157765077176881180244215052409431037136850987675037955911,0.465989250535142728862437621884088259577492687817707015941167,False,,,True,False
135,33,0.0259305004900347238188559220292960665323800807278426338218004,-0.1084694995099652761811440779707039334676199192721573661782,0.17148262512250868095471398050732401663309502018196065845545,0.0000599932269050559269152289710348400626171858687169046371830352,1.00192172419653115425551668066392171786374198967829125974592,False,,,True,True
136,12,0.0259904937169397797457711510003309065949972665965595384589834,-0.108409506283060220254228848999669093405002733403440461541017,0.0664976234292349449364427877500827266487493166491398846147459,-0.00802689929089435969311634853872312934517656217868823967951537,0.495136478222783502350605989324617408339536102387563694928876,False,,,True,False
137,44,0.0179635944260454200526548024616077772498207044178712987794681,-0.116436405573954579947345197538392222750179295582128701220532,0.224490898606511355013163700615401944312455176104467824694867,0.0258486160385315595132576155393805542308755937726964266565511,1.86407094837040284084657344404045125808522283075960336003951,False,,,False,True
138,23,0.0438122104645769795659124180009883314806962981905677254360192,-0.0905877895354230204340875819990116685193037018094322745639808,0.125953052616144244891478104500247082870174074547641931359005,-0.0224793192302745746712819901124812363107732319550092594094485,0.543599506214613664557325237503449611517415454373651367338408,False,,,True,False
139,36,0.0213328912343024048946304278885070951699230662355584660265707,-0.113067108765697595105369572111492904830076933764441533973429,0.185333222808575601223657606972126773792480766558889616506643,0.00891003408452815451129827743142616048767329147943565757056125,1.29690273560444582258158922855752198234221042580707812901804,False,,,True,True
140,15,0.0302429253188305594059287053199332556575963577149941235971319,-0.104157074681169440594071294680066744342403642285005876402868,0.082560731329707639851482176329983313914399089428748530899283,-0.0171267236292790163692005960032080448855060138316580896629592,0.451163592060737797389413459441252989968190875385347499087015,False,,,True,False
141,48,0.0131162016895515430367281093167252107720903438833360339341728,-0.121283798310448456963271890683274789227909656116663966065827,0.243279050422387885759182027329181302693022585970834008483543,0.0470509370197558554852696209858223572491853728241906173031439,4.65428957439823626108085837192462115232145807904847889753552,False,,,False,True
142,28,0.0601671387093073985219977303025475680212757167075266512373167,-0.0742328612906926014780022696974524319787242832924733487626833,0.155041784677326849630499432575636892005318929176881662809329,-0.0207192298758546205982531878736146014376808056910039924325822,0.642335660420692028947960746591858291669376095274250595038329,False,,,True,False
143,20,0.0394479088334527779237445424289329665835949110165226588047345,-0.0949520911665472220762554575710670334164050889834773411952655,0.109861977208363194480936135607233241645898727754130664701184,-0.00999066079228018925938076730367693121737548009529879836325255,0.63760694868258419510204166704237306760913786193954451897623,False,,,True,False
144,40,0.029457248041172588664363775125256035366219430921223860441482,-0.104942751958827411335636224874743964633780569078776139558518,0.20736431201029314716609094378131400884155485773030596511037,0.00788413372008893158169380655046181416934381564348199449372757,1.26199439272494331430273109219614656381084139479931355661671,False,,,True,True
145,13,0.0373413817612615202460575816757178495355632465647058549352095,-0.0970586182387384797539424183242821504644367534352941450647905,0.0743353454403153800615143954189294623838908116411764637338024,-0.0108710261089336884263082667723817691754706145187006659300386,0.611719803669281934764473775859735875284995366873088125584873,False,,,True,False
146,32,0.0264703556523278318197493149033360803600926320460051890051709,-0.107929644347672168180250685096663919639907367953994810994829,0.166617588913081957954937328725834020090023158011501297251293,-0.00888247153024587933885476902029773615121492761740552028480683,0.764770055082956735521254531187006575569490536175395021860812,False,,,True,False
147,43,0.0175878841220819524808945458830383442088777044285996687203641,-0.116812115877918047519105454116961655791122295571400331279636,0.219396971030520488120223636470759586052219426107149917180091,0.0328582309784413387147269647128164631926403006504976018785527,2.57991499900156709478347184272538280559825567850870110918538,False,,,False,True
148,22,0.0504461151005232911956215105958548074015180050790972705989168,-0.0839538848994767088043784894041451925984819949209027294010832,0.122611528775130822798905377648963701850379501269774317649729,-0.0273495556829112582308558949697877631131160007019328290894175,0.501928053876879433208562708893351624478572831935615989289334,False,,,True,False
149,10,0.0230965594176120329647656156260670442884020043771644415094993,-0.111303440582387967035234384373932955711597995622835558490501,0.0557741398544030082411914039065167610721005010942911103773748,-0.00689314645106369569078192064070050324563353233346721451466688,0.620431479757433380510671894235319635251337202069502308885136,False,,,True,False
150,37,0.0162034129665483372739836949853665410427684720436972269948324,-0.118196587033451662726016305014633458957231527956302773005168,0.189050853241637084318495923746341635260692118010924306748708,0.00468223895534040604178183233260212091517525798607294317901222,1.11015774701457133329490937322621673131634553621624881030188,False,,,True,True
151,26,0.0208856519218887433157655273179686619579437300297701701738446,-0.113514348078111256684234472682031338042056269970229829826155,0.135221412980472185828941381829492165489485932507442542543461,-0.00896932947825572437256246948992022009602092536821239193003897,0.66464345638692699183012791624476682239606197361336137497369,False,,,True,False
152,47,0.0119163224436330189432030578280484418619228046615577782438057,-0.122483677556366981056796942171951558138077195338442221756194,0.237979080610908254735800764457012110465480701165389444560951,0.0414050278208246982684233584144408538656450792729861123167514,4.63707760456549973953239871798411531414421517220693102222603,False,,,False,True
153,18,0.053321350264457717211626416242489295727567883934543890560557,-0.081078649735542282788373583757510704272432116065456109439443,0.103330337566114429302906604060622323931891970983635972640139,-0.022274112392008273734502601292056603511077619926155019454277,0.522206897290731014196553377874327717612846642353388448725116,False,,,True,False
154,31,0.03104723787244944347712381495043269221649026400838887110628,-0.10335276212755055652287618504956730778350973599161112889372,0.16276180946811236086928095373760817305412256600209721777657,-0.00917087233635226832648366117223249424115514090279774729604108,0.7658232014664940717392587023126689938083083656809537247287,False,,,True,False
155,12,0.0218763655360971751506401537782001979753351231055911238102389,-0.112523634463902824849359846221799802024664876894408876189761,0.0654690913840242937876600384445500494938337807763977809525597,-0.00581088120044599630228609695514392057181068473275868716519361,0.624477415022681736046703921015671064331112314297834285673438,False,,,True,False
156,41,0.0160654843356511788483540568230562774035244383728324366450453,-0.118334515664348821151645943176943722596475561627167563354955,0.209016371083912794712088514205764069350881109593208109161261,0.0138361376958009059108367994073581326751616094622188833722005,1.36093316379560246546740821254137528493151988427527022148749,False,,,True,True
157,24,0.0299016220314520847591908562304144100786860478350513200172458,-0.104498377968547915240809143769585589921313952164948679982754,0.127475405507863021189797714057603602519671511958762830004311,-0.0183981699937456445428973728631686563472608327028162966801978,0.585999469218015841153030510499397440277712221027380163106096,False,,,True,False
158,45,0.0115034520377064402162934833672457537314252151322350233370481,-0.122896547962293559783706516632754246268574784867764976662952,0.227875863009426610054073370841811438432856303783058755834262,0.0360702220692437640942627494222051639178167155441315742857658,4.43052965750637835862507731144006057843937747678562456188846,False,,,False,True
159,19,0.0475736741069502043105562327894509176492419306763665976228138,-0.0868263258930497956894437672105490823507580693236334023771862,0.106893418526737551077639058197362729412310482669091649405703,-0.0162496978799074023611516324578718497288665494463057157927335,0.588716302212343140442280395833918301747240683106173580320291,False,,,True,False
160,34,0.0313239762270428019494046003315790679203753812300608818300803,-0.10307602377295719805059539966842093207962461876993911816992,0.17783099405676070048735115008289476698009384530751522045752,-0.00401630344518663976654910316406381239936869041306713076201056,0.894885171712476963218563512999872647020092546704086416762269,False,,,True,False
161,11,0.0273076727818561621828554971675152555210066908169937510680697,-0.10709232721814383781714450283248474447899330918300624893193,0.0618269181954640405457138742918788138802516727042484377670174,-0.0155984196338944405130641312575434991358003426316363560183489,0.476301140894107783946537748824976155514359599264897523433085,False,,,True,False
162,38,0.0117092531479617216697913659099717563852063481853573950497209,-0.122690746852038278330208634090028243614793651814642604950279,0.19292731328699043041744784147749293909630158704633934876243,0.0124293242605229959489874829404514563133680246300676868965938,1.34917705799814422027997562470548869496490886249024631236431,False,,,True,True
163,25,0.0241385774084847176187788488504232126985743728154250819463147,-0.110261422591515282381221151149576787301425627184574918053685,0.131034644352121179404694712212605803174643593203856270486579,-0.0139634794464875547137485784570511591873459348843078201090821,0.619039938330862680951633394683291146509800406998016974934282,False,,,True,False
164,7,0.0101750979619971629050302703933720535112284379311172618372326,-0.124224902038002837094969729606627946488771562068882738162767,0.0375437744904992907262575675983430133778071094827793154593082,-0.000956314370718076871360168231451844113688076391941077249147222,0.434859947744405707563169209108727800837215033750842669782689,False,,,True,False
165,49,0.00921878359127908603367010216192020939754036153917618458808542,-0.125181216408720913966329897838079790602459638460823815411915,0.247304695897819771508417525540480052349385090384794046147021,0.043625323241789726910567689920159241177139644456802893967892,3.65537193415792428760581918259810748573940304359585356061644,False,,,False,True
166,29,0.0528441068330688129442377920820794505746800059959790785559774,-0.0815558931669311870557622079179205494253199940040209214440226,0.158211026708267203236059448020519862643670001498994769638994,-0.0140234647213189273638243531696597141799812699877600333821827,0.717004148577220234100497620340091338600873981005381898201224,False,,,True,False
167,17,0.0388206421117498855804134389124197363946987360082190451737947,-0.0955793578882501144195865610875802636053012639917809548262053,0.0947051605279374713951033597281049340986746840020547612934487,-0.0149019499105991959023242941542132287197239196168006056587872,0.537031988647505414595440303636667123658824721446561646486912,False,,,True,False
168,42,0.0239186922011506896780891447582065076749748163914184395150076,-0.110481307798849310321910855241793492325025183608581560484992,0.215979673050287672419522286189551626918743704097854609878752,0.0187180644762251416549184692700922868795085295580628525099958,1.54256317800348806034398954636475208108284231536063849273409,False,,,True,True
169,22,0.0426367566773758313330076140282987945544833459494812920250033,-0.0917632433226241686669923859717012054455166540505187079749967,0.120659189169343957833251903507074698638620836487370323006251,-0.0158161086529627121938143123514402116741942011819605697128118,0.619959263507526567320488046690837230213905308833739638409231,False,,,True,False
170,35,0.0268206480244131191391933016768585828802891447675207223121916,-0.107579351975586880860806698323141417119710855232479277687808,0.181705162006103279784798325419214645720072286191880180578048,0.00246445573997336047783974953406740358087421103862243565502512,1.0758396342301255182475180039636559177729824006771787144655,False,,,True,True
171,13,0.0292851037643864796170330512109259864611633558061431579672167,-0.105114896235613520382966948789074013538836644193856842032783,0.0723212759410966199042582628027314966152908389515357894918042,-0.0154130514991223876795906972577689979877074611520179753161219,0.437489552283120510954838725302557243769850909052882617039722,False,,,True,False
172,46,0.0138720522652640919374423539531569884734558946541251826510948,-0.120527947734735908062557646046843011526544105345874817348905,0.233468013066316022984360588488289247118363973663531295662774,0.0388397199979936593671379057045626584708910000494100895425437,3.02778837224088527576517777040140666802614644463808338469657,False,,,False,True
173,27,0.0527117722632577513045802596577196469443468947035352721936385,-0.0816882277367422486954197403422803530556531052964647278063615,0.14817794306581443782614506491442991173608672367588381804841,-0.0224165362301942698388686838225647893984527297584318269483899,0.607926444022132752936752214598921242413427306521570341521532,False,,,True,False
174,18,0.0302952360330634814657115758351548575458941649451034452452485,-0.104104763966936518534288424164845142454105835054896554754751,0.0975738090082658703664278939587887143864735412362758613113121,-0.0075724020294282328307028883506991676753707803034756241712995,0.688851431677006312328356155434272316723679444512982542828529,False,,,True,False
175,39,0.022722834003635248635008687484455689870523384641627821073949,-0.111677165996364751364991312515544310129476615358372178926051,0.200680708500908812158752171871113922467630846160406955268487,0.00508066657665350559519025418168512507847359374625494326417837,1.12860539674422395334642669901057405255460911772864973512178,False,,,True,True
176,31,0.0278035005802887542301989416661408149489969783878827643381274,-0.106596499419711245769801058333859185051003021612117235661873,0.161950875145072188557549735416535203737249244596970691084532,0.000413337872245594791352768045421206834080604391553061940580705,1.01509775890142933370727736867911075486831783461764309128014,False,,,True,True
177,11,0.0282168384525343490215517097115620217830775827794358262787081,-0.106183161547465650978448290288437978216922417220564173721292,0.062054209613133587255387927427890505445769395694858956569677,-0.0182706287976256091730092963470581695050828034141661127130431,0.361823792303760521324578318917816343693936183084558954740487,False,,,True,False
178,44,0.00994620965490873984854241336450385227799477936526971356566503,-0.124453790345091260151457586635496147722005220634730286434335,0.222486552413727184962135603341125963069498694841317428391416,0.0334354062653408847021576900707877379133669988206746618260827,2.55501564476147501441687466355941953139130687893039348053528,False,,,False,True
179,23,0.0433816159202496245507001034352915901913617781859443753917477,-0.0910183840797503754492998965647084098086382218140556246082523,0.125845403980062406137675025858822897547840444546486093847937,-0.0258796161516342471660477077636110911356424475925145836494318,0.520913937727340493454521481710079401556333721557538438561986,False,,,True,False
180,34,0.0175019997686153773846523956716804990557193305934297917423159,-0.116898000231384622615347604328319500944280669406570208257684,0.174375499942153844346163098917920124763929832648357447935579,0.00823529766700056917894190225080245610551002163596546144346597,1.30189842826221081976035002182436424298706194491238746279902,False,,,True,True
181,15,0.0257372974356159465635942979224829551612293522293952531857819,-0.108662702564384053436405702077517044838770647770604746814218,0.0814343243589039866408985744806207387903073380573488132964455,-0.0169783678897763010393436974487190411391183552356176076662813,0.393522158437799612060015961263330865516732436716222362661321,False,,,True,False
182,48,0.00875892954583964552425060047376391402211099699377764551950052,-0.125641070454160354475749399526236085977889003006222354480499,0.242189732386459911381062650118440978505527749248444411379875,0.0431961142229685192471363649999640409124266338381058126548687,3.59512188223763506184695332796949161427679148791495316217716,False,,,False,True
183,26,0.0519550437688081647713869654737279549345376308318834581743692,-0.0824449562311918352286130345262720450654623691681165418256308,0.142988760942202041192846741368431988733634407707970864543592,-0.0214433016586042150003169395443659368959940114887151950339028,0.588186603497821377106747627670226206133495283531075464203094,False,,,True,False
184,37,0.0305117421102039497710700259293620180385436193431682631404664,-0.103888257889796050228929974070637981961456380656831736859534,0.192627935527550987442767506482340504509635904835792065785117,0.0143849544970008574553188621646312154290077607696309834534516,1.50892459819697254994569533155626586961350855489275725081523,False,,,True,True
185,18,0.044896696607204807226388888093993233467551380112799246593918,-0.089503303392795192773611111906006766532448619887200753406082,0.101224174151801201806597222023498308366887845028199811648479,-0.027766492116150642189610611338722028737287734864787987419466,0.450439133003739767463588393722577320538502158511318970895805,False,,,True,False
186,41,0.017130204491054165036778276755271204730263645248011259174452,-0.117269795508945834963221723244728795269736354751988740825548,0.209282551122763541259194569188817801182565911312002814793613,0.0234816454467681758317757812251709573542195691623053104855208,2.63583813275814910876540817742443920548676671871936076878306,False,,,True,True
187,22,0.0406118499378223408685540579804421620844832144103165696599728,-0.0937881500621776591314459420195578379155167855896834303400272,0.120152962484455585217138514495110540521120803602579142414993,-0.0190239617982818774962083286436847017988186794748236218477479,0.560665387580653351711663496901383115107590958707062081414598,False,,,True,False
188,9,0.0215878881395404633723457293367574602856645349354929478122249,-0.112812111860459536627654270663242539714335465064507052187775,0.0503969720348851158430864323341893650714161337338732369530562,-0.0102861901623455363962856987059369825403458274682326578347299,0.53026059969969411254757836735901044599695741165697806867005,False,,,True,False
189,32,0.0113016979771949269760600306308204777453187074672602899774949,-0.123098302022805073023939969369179522254681292532739710022505,0.162825424494298731744015007657705119436329676866815072494374,-0.00332569061922993737063450792625635369969627547690919162454661,0.78669017876611728112222420570407933655260525337044800623768,False,,,True,False
190,47,0.00797600735796498960542552270456412404562243199035109835294834,-0.126423992642035010394574477295435875954377568009648901647052,0.236994001839491247401356380676141031011405607997587774588237,0.0407682177280984893356483620443576919957985818971885821450395,4.69108611697242702077746758215299655337958250508217206556414,False,,,False,True
191,25,0.0487442250860634789410738847489218160414210138875396804979878,-0.0856557749139365210589261152510781839585789861124603195020122,0.137186056271515869735268471187230454010355253471884920124497,-0.0185769287575452690780487048789723464577556772860213616415886,0.605567477666222233151756410057013065496912419071072011546482,False,,,True,False
192,14,0.0301672963285182098630251798699494695836653366015183188563993,-0.104232703671481790136974820130050530416334663398481681143601,0.0775418240821295524657562949674873673959163341503795797140998,-0.0109288349324137794424537437047249233527193557368149654326745,0.571070139852034755014168743546426206563064346150164385579666,False,,,True,False
193,38,0.0192384613961044304205714361652245462309459808647033534237247,-0.115161538603895569579428563834775453769054019135296646576275,0.194809615349026107605142859041306136557736495216175838355931,0.00281496406984446923480812468501145959168266701603837332932355,1.06305830114316136585795792742389854766288773881086659937222,False,,,True,True
194,29,0.0220534254659488996553795608502360058226286478807417267530483,-0.112346574534051100344620439149763994177371352119258273246952,0.150513356366487224913844890212559001455657161970185431688262,-0.00414037440165903326488172952865214832835747790152851243623444,0.859435029021866158324377327671263724231100581024669035542578,False,,,True,False
195,10,0.0179130510642898663904978313215838574942711699792132143168138,-0.116486948935710133609502168678416142505728830020786785683186,0.0544782627660724665976244578303959643735677924948033035792035,-0.00876155334052650406584798593570120048570660617778548140434157,0.428124520977101726698455147134129599414568767711332758552763,False,,,True,False
196,43,0.00915149772376336232464984538588265700856456380142773291247225,-0.125248502276236637675350154614117342991435436198572267087528,0.217287874430940840581162461346470664252141140950356933228118,0.0247249000653439571740028082922004315414171114290045236018301,1.91124343738954190904474547940231767911830836285581084424554,False,,,False,True
197,20,0.0338763977891073194986526536780830885499816752304322565143024,-0.100523602210892680501347346321916911450018324769567743485698,0.108469099447276829874663163419520772137495418807608064128576,-0.0233130579694539434757398402334767726172837181241363540630537,0.506274355433115297048775211680224447082613264797092738351877,False,,,True,False
198,35,0.0105633398196533760229128134446063159326979571062959024512487,-0.123836660180346623977087186555393684067302042893704097548751,0.177640834954913344005728203361151578983174489276573975612812,0.00585572405902663406755413279298657363746255867139103746626425,1.25603837745515359537358499308878641118793594801917143127855,False,,,True,True
199,13,0.016419063878680010090466946237592889570160515777686939917513,-0.117980936121319989909533053762407110429839484222313060082487,0.0691047659696700025226167365593982223925401289444217349793782,-0.00929813937820778602435955581893404431059804053145138605641278,0.428326673221277879130346887790114197592157873056632405714929,False,,,True,False
200,49,0.00712092450047222406610739041865884525956247524623555386110018,-0.1272790754995277759338926095813411547404375247537644461389,0.246780231125118056016526847604664711314890618811558888465275,0.0475721183296319078074569640225929680676945671483828368056683,4.46531196843064873537075588034958057698494455622346538063679,False,,,False,True
201,27,0.0546930428301041318735643544412518133272570423946183906667685,-0.0797069571698958681264356455587481866727429576053816093332315,0.148673260707526032968391088610312953331814260598654597666692,-0.0233378813622335237848920493951571589684817846704556972774657,0.602056460194950671985401000227003616595894745616224473576293,False,,,True,False
202,18,0.0313551614678706080886723050460946543587752577241626933893027,-0.103044838532129391911327694953905345641224742275837306610697,0.0978387903669676520221680762615236635896938144310406733473257,-0.00687001525496532184266370124153673954792504166123686253299422,0.694994333553696119757345925261569723963403419298038735743556,False,,,True,False
203,40,0.0244851462129052862460086038045579148108502160629258308563085,-0.109914853787094713753991396195442085189149783937074169143691,0.206121286553226321561502150951139478702712554015731457714077,0.00833343548361248851659182879158525473820848448051554531461808,1.20715129433844809563852950844392404534561399891382606671299,False,,,True,True
204,31,0.0328185816965177747626004325961431695490587005434413761709266,-0.101581418303482225237399567403856830450941299456558623829073,0.163204645424129443690650108149035792387264675135860344042732,-0.00331744064202875640006053834932461120744224552907192444876324,0.899732701026052000790266970076347180462836336391026135880336,False,,,True,False
205,12,0.0295011410544890183625398942468185583416164550143694517221633,-0.104898858945510981637460105753181441658383544985630548277837,0.0673752852636222545906349735617046395854041137535923629305408,-0.0145834178407567271856423647959146065003467747985898056431928,0.407049717755682422171062628718384846496453162932176232383292,False,,,True,False
206,45,0.0149177232137322911768975294509039518412696802157796460789705,-0.119482276786267708823102470549096048158730319784220353921029,0.228729430803433072794224382362725987960317420053944911519743,0.0359009600529692148875109228949942225615622775780274914726831,2.71648199889441713375692345510636939043066663072794538725637,False,,,False,True
207,23,0.0508186832667015060644084523458981744028319577938071375516536,-0.0835813167332984939355915476541018255971680422061928624483464,0.127704670816675376516102113086474543600707989448451784387913,-0.024374948272144376445445028343805689246567320358094358317166,0.53525886940787112183488552356722277815117846984043874172743,False,,,True,False
208,36,0.0264437349945571296189634240020924851562646374357127792344877,-0.107956265005442870381036575997907514843735362564287220765512,0.186610933748639282404740856000523121289066159358928194808622,0.0083215998098118014127291355730879312717951620267271561659805,1.25830046197397665538418330057163418555542474421347903807474,False,,,True,True
209,16,0.0347653348043689310316925595751804164280597994624399354004682,-0.0996346651956310689683074404248195835719402005375600645995318,0.088691333701092232757923139893795104107014949865609983850117,-0.0236169797315695702978323362863542539703197515308041672935826,0.459859977513714885954682944428241342707193798391148825587655,False,,,True,False
210,42,0.0111483550727993607338602232888261624577400479316357681068855,-0.123251644927200639266139776711173837542259952068364231893114,0.212787088768199840183465055822206540614435011982908942026721,0.0281671136895870563684790089712591177814949930656607142541457,2.5135142195600125075503996071155858651383787895763130349936,False,,,True,True
211,26,0.0393154687623864171023392322600852802392350409972964823610312,-0.0950845312376135828976607677399147197607649590027035176389688,0.139828867190596604275584808065021320059808760249324120590258,-0.016254173331252466117693779839251671579615895238006431996583,0.602816297932474887954833216295366096060969845988179012060275,False,,,True,False
212,10,0.0230612954311339509846454524208336086596191457592900503644482,-0.111338704568866049015354547579166391340380854240709949635552,0.055765323857783487746161363105208402164904786439822512591112,-0.0155539334080580746634678022785186177698839290749773009266553,0.445841701343860056893585152018579696145725544979543459589116,False,,,True,False
213,33,0.00750736202307587632117765014231499088973521668431274943779285,-0.126892637976924123678822349857685009110264783315687250562207,0.166876840505768969080294412535578747722433804171078187359448,-0.000751971566256860685944090258667443027226630303465823942187998,0.936899153778878862695230002456182402060768193114271076581073,False,,,True,False
214,48,0.00675539045681901563523355988364754786250858638084692549560485,-0.127644609543180984364766440116352452137491413619153074504395,0.241688847614204753908808389970911886965627146595211731373901,0.0512549162217281655073312438908860373871425590591085287950853,9.08296381818938223752866014718576150157600781921774538202197,False,,,False,True
215,21,0.0580103066785471811425648037745335852496511454399554542906902,-0.0763896933214528188574351962254664147503488545600445457093098,0.119502576669636795285641200943633396312412786359988863572673,-0.028993492425105673568551573542521520082557125419690784604953,0.499601331958658069684815501537063441826216600568372863763944,False,,,True,False
216,30,0.0290168142534415075740132302320120651670940200202646696857372,-0.105383185746558492425986769767987934832905979979735330314263,0.157254203563360376893503307558003016291773505005066167421434,-0.00461740588566838229052554875321633145991640749785587978136851,0.86863996530164602624847296739786927256304202042509795340941,False,,,True,False
217,13,0.0243994083677731252834876814787957337071776125224087899043686,-0.110000591632226874716512318521204266292822387477591210095631,0.0710998520919432813208719203696989334267944031306021974760922,-0.00873070307743968079375214496054236589740909430434286029670897,0.58289042520313247651793506440472040170449273908792353403267,False,,,True,False
218,39,0.0156687052903334444897355365182533678097685182180659296076597,-0.11873129470966655551026446348174663219023148178193407039234,0.198917176322583361122433884129563341952442129554516482401915,0.00483530142337188616001605940314136328839279966922215797693602,1.11794794356523211675001734264679323317574959842676018786029,False,,,True,True
219,18,0.0205040067137053306497515959213947310981613178872880875845957,-0.113895993286294669350248404078605268901838682112711912415404,0.0951260016784263326624378989803486827745403294718220218961489,-0.0101554694270436315396051442561270124107369199835743046090254,0.525718933555386898151675787707496257085183073473083740656372,False,,,True,False
220,46,0.0103485372866616991101464516652677186874243979037137829755703,-0.12405146271333830088985354833473228131257560209628621702443,0.232587134321665424777536612916316929671856099475928445743893,0.035675459777909592519298823295031185622694807563699812180022,2.61433377595329202283332958514424869559044039394945255869031,False,,,False,True
221,27,0.0460239970645712916294452749602989043101192054674135951555923,-0.0883760029354287083705547250397010956898807945325864048444077,0.146505999266142822907361318740074726077529801366853398788898,-0.0199219784432922666227068393586434647981878939984971931013698,0.603178331403621498622014172452371926384058035723931417635138,False,,,True,False
222,11,0.0261020186212790250067384356016554395119313114689164020542225,-0.108297981378720974993261564398344560488068688531083597945777,0.0615255046553197562516846089004138598779828278672291005135556,-0.00580969084806789462726301355446183132869902813822346351587322,0.671908384881758934317659047800850867116059479569569509494231,False,,,True,False
223,37,0.0202923277732111303794754220471936081832322833306929385383493,-0.114107672226788869620524577952806391816767716669307061461651,0.190073081943302782594868855511798402045808070832673234634587,0.00217366572667499483506988284741267623793448645057078594371806,1.04867105010124940075618918101205053269054362684076780066313,False,,,True,True
224,22,0.0224659934998861252145453048946062844211667697812637244820673,-0.111934006500113874785454695105393715578833230218736275517933,0.115616498374971531303636326223651571105291692445315931120517,-0.0129183279049820882722748724934794764605682610278311909104877,0.561682343302795006493020956532454267788240276198765538872083,False,,,True,False
225,44,0.00954766559490403694227043240112680796059850875343253357157968,-0.12485233440509596305772956759887319203940149124656746642842,0.222386916398726009235567608100281701990149627188358133392895,0.0273583537945095895633241130272373262182413268817850856563633,2.80888288172401949475098838668080844137417880673620549437637,False,,,False,True
226,16,0.036906019389413626505594545428364134178839835635217619227943,-0.097493980610586373494405454571635865821160164364782380772057,0.0892265048473534066263986363570910335447099589088044048069857,-0.0136537000789903752167614082360171201988849573916368613437158,0.600903048719345311422017309062141108561286934297538495062732,False,,,True,False
227,32,0.0232523193104232512888331371923470139799548782435807578842271,-0.111147680689576748711166862807652986020045121756419242115773,0.165813079827605812822208284298086753494988719560895189471057,-0.00866610374425862669919789541591369818540755255722803622724812,0.747193071987333530777953265222507387752988283378260791312417,False,,,True,False
228,8,0.014586215566164624589635241776433315794547325686352721656979,-0.119813784433835375410364758223566684205452674313647278343021,0.0436465538915411561474088104441083289486368314215881804142448,-0.00834638051890863492591341604273486685555251488581551590390372,0.437605683538488618782207966061949917928895478442199931483894,False,,,True,False
229,41,0.00623983504725598966372182573369844893899481080053720575307531,-0.128160164952744010336278174266301551061005189199462794246925,0.206559958761813997415930456433424612234748702700134301438269,0.0225391690983198822990840081007434382467285107086861011281614,1.77672535624138694783695771429678118182540248074384400362337,False,,,True,True
230,24,0.0287790041455758719628058338344418871857233215092233068812367,-0.105620995854424128037194166165558112814276678490776693118763,0.127194751036393967990701458458610471796430830377305826720309,-0.0221614580550778216387705751400950011823798200975007987278548,0.535753825827482333101741082966076111946970449071146899403081,False,,,True,False
231,12,0.00661754609049805032403525869434688600334350141172250815338188,-0.127782453909501949675964741305653113996656498588277491846618,0.0616543865226245125810088146735867215008358753529306270383455,-0.00136996839667398414131041938329584849435823746785964677209223,0.591995455261204209432009556664625493177404204588971119912167,False,,,True,False
232,49,0.00524757769382406618272483931105103750898526394386286138128966,-0.12915242230617593381727516068894896249101473605613713861871,0.246311894423456016545681209827762759377246315985965715345322,0.045905460899515258204916416236735944441897613344536428373237,5.41138959122047359805513114904478777942850879083080473232339,False,,,False,True
233,29,0.0511530385933393243876412555477869819508828772883992897545266,-0.0832469614066606756123587444522130180491171227116007102454734,0.157788259648334831096910313886946745487720719322099822438632,-0.017939541417438692253133627927122344351215691236531903031769,0.670169046977370582686773445333284002263241857020214498480585,False,,,True,False
234,35,0.0332134971759006321345076276206646375996671860518673867227576,-0.101186502824099367865492372379335362400332813948132613277242,0.183303374293975158033626906905166159399916796512966846680689,0.00925025424716308170544907953156198552163151614097823162032272,1.28045654505371166958883373015516059945487062778580365050296,False,,,True,True
235,18,0.0424637514230637138399567071522266231212987021928456183430803,-0.0919362485769362861600432928477733768787012978071543816569197,0.10061593785576592845998917678805665578032467554821140458577,-0.0272447118099873864860861638634624504769029773787858362321837,0.423832567030556941263760588848737005194576374128484898280778,False,,,True,False
236,43,0.0152190396130763273538705432887641726443957248140597821108966,-0.119180960386923672646129456711235827355604275185940217889103,0.218804759903269081838467635822191043161098931203514945527724,0.0303080397398890534554835533114952678482214639455454307608186,2.64556226865183596214510786332364444932460006583343110450015,False,,,False,True
237,23,0.0455270793529653808093540966002594404926171887596052128717151,-0.0888729206470346191906459033997405595073828112403947871282849,0.126381769838241345202338524150064860123154297189901303217929,-0.0222835515424274277042372431658710640389017803584349000523134,0.536899017548131118712982040502033174004194023189796891931961,False,,,True,False
238,10,0.0232435278105379531051168534343883764537154084011703128194017,-0.111156472189462046894883146565611623546284591598829687180598,0.0558108819526344882762792133585970941134288521002925782048504,-0.0069818184922993662390355110035700217818236643639470098099438,0.593174977497582231619867389737471987077125094206649608955767,False,,,True,False
239,38,0.0162617093182385868660813424308183546718917440372233030094579,-0.118138290681761413133918657569181645328108255962776696990542,0.194065427329559646716520335607704588667972936009305825752364,0.00536279554310720963657727746951062870589449901167704434893355,1.12517303778021810225776134143163743197766302831910582377383,False,,,True,True
240,27,0.0216245048613457965026586199003289833777862430489003473583915,-0.112775495138654203497341380099671016622213756951099652641609,0.140406126215336449125664654975082245844446560762225086839598,-0.0104097409502216403532842734339640788940978469516139663996575,0.731828154225100966720675507970661281263264836652318856649515,False,,,True,False
241,14,0.0112147639111241561493743464663649044836883960972863809587339,-0.123185236088875843850625653533635095516311603902713619041266,0.0728036909777810390373435866165912261209220990243215952396835,-0.00364699037711669095038300844930601072019450126391081910243229,0.532772706167092767340982228009481201994218851584466503240955,False,,,True,False
242,47,0.00756777353400746519899133801705889376349389483337556185630162,-0.126832226465992534801008661982941106236506105166624438143698,0.236891943383501866299747834504264723440873473708343890464075,0.0319372882775656310839576234325671549654027954520105253535448,2.42340666718929127029280347303193835629637938198790893445793,False,,,False,True
243,31,0.0395050618115730962829489614496260487288966902853860872098464,-0.0948949381884269037170510385503739512711033097146139127901536,0.164876265452893274070737240362406512182224172571346521802462,-0.00727026049410564119548419374571437198818279348619509498811581,0.842345367725793241332071551471656558361480936240690713242304,False,,,True,False
244,19,0.0322348013174674550874647677039116767407138967991909922217306,-0.102165198682532544912535232296088323259286103200809007778269,0.103058700329366863771866191925977919185178474199797748055433,-0.0172401208585924535343523729220891542954387417356894352953485,0.511998147791598852032544051079418025528523716686260615165257,False,,,True,False
245,40,0.0149946804588750015531123947818225224452751550635015569263821,-0.119405319541124998446887605218177477554724844936498443073618,0.203748670114718750388278098695455630611318788765875389231596,0.0142505983524660091918579518619825652871932893913558666746692,1.73927269001887196841492976344712743811335496122536052090604,False,,,True,True
246,12,0.0292452788113410107449703466438050877324684444548574236010513,-0.105154721188658989255029653356194912267531555545142576398949,0.0673113197028352526862425866609512719331171111137143559002628,-0.0157562987206004638548775315210670732165545602445798642671248,0.486108357821382418004804374958728201872684367638643998559506,False,,,True,False
247,34,0.0134889800907405468900928151227380145159138842102775593339265,-0.120911019909259453109907184877261985484086115789722440666074,0.173372245022685136722523203780684503628978471052569389833482,0.000648995091642921143922131176742763819589226249749731676635478,1.01542658026968632775447852402653575191790728572613537257484,False,,,True,True
248,22,0.014137975182383468034014946299480778335503110460027291010562,-0.120262024817616531965985053700519221664496889539972708989438,0.11353449379559586700850373657487019458387577761500682275264,-0.00898364825648826978280363985001402742303900960296657374091139,0.549396253309558214793994470712535677325735861307653036646589,False,,,True,False
249,45,0.00515432692589519825121130644946675091246410085706071726965056,-0.129245673074104801748788693550533249087535899142939282730349,0.226288581731473799562802826612366687728116025214265179317413,0.0285522631302319078848775964526886326865686202211099778746099,4.72408717972328811873527145123241220659758302872672775589705,False,,,False,True
250,16,0.0337065900561271061360889029021553835990327210781706951442605,-0.10069340994387289386391109709784461640096727892182930485574,0.0884266475140317765340222257255388458997581802695426737860651,-0.0182599676453438429356054602152364374623201744512273514852175,0.541214900405926457228510506031089279170290763799114515832736,False,,,True,False
251,29,0.015446622410783263200483442686918946136712546626943343659043,-0.118953377589216736799516557313081053863287453373056656340957,0.148861655602695815800120860671729736534178136656735835914761,-0.00594665225140622442968554047470967457904941151956372803908333,0.756100976131244259875501527459375603775914439188536780676458,False,,,True,False
252,6,0.00949997015937703877079790221220927155766313510737961561995968,-0.12490002984062296122920209778779072844233686489262038438004,0.0323749925398442596926994755530523178894157837768449039049899,-0.00547440752060417124682120923676041873735517779495789337258832,0.414474733102403697772466969974220543392327442535834915675087,False,,,True,False
253,49,0.00402556263877286752397669297544885282030795731242172224737136,-0.130374437361227132476023307024551147179692042687578277752629,0.246006390659693216880994173243862213205076989328105430561843,0.0456464721230328635474458055098994613208281260476523337785563,7.331931998821461501388990371710627466413329013386681497029,False,,,False,True
254,25,0.0496720347618057310714224984853483141411360833600740560259277,-0.0847279652381942689285775015146516858588639166399259439740723,0.137418008690451432767855624621337078535284020840018514006482,-0.0140598466671282339502096303798844677023222097470290995785375,0.661526301549639755036792011057437725866117980344406200143567,False,,,True,False
255,37,0.0356121880946774971212128681054638464388138736130449564473902,-0.0987878119053225028787871318945361535611861263869550435526098,0.193903047023669374280303217026365961609703468403261239111848,0.00571870106184910387358988585841410099893069614845456255940039,1.14757661903239310084276519343878835298090694610981034128157,False,,,True,True
256,18,0.0413308891565266009948027539638779474377445697614995190067906,-0.0930691108434733990051972460361220525622554302385004809932094,0.100332722289131650248700688490969486859436142440374879751698,-0.0204105975445717629969327809930554546757133326537735645286712,0.49653885577604674341096821312684152397880573453231846545944,False,,,True,False
257,42,0.0209202916119548379978699729708224927620312371077259544781194,-0.113479708388045162002130027029177507237968762892274045521881,0.21523007290298870949946749324270562319050780927693148861953,0.0221015021027718846600252841202900950699356731497089079635402,1.89357890435814512880472461204435290445203652582481183537854,False,,,True,True
258,27,0.0430217937147267226578952570911125878319669102574348624416596,-0.0913782062852732773421047429088874121680330897425651375583404,0.145755448428681680664473814272778146957991727564358715610415,-0.0119798716308987300452441678088070775969439040679339750571649,0.698763612806026993994798008386556832813356717542166879092865,False,,,True,False
259,12,0.0310419220838279926126510892823055102350230061895008873844947,-0.103358077916172007387348910717694489764976993810499112615505,0.0677604805209569981531627723205763775587557515473752218461237,-0.015966712214652377065464351223769905660275635940757261834353,0.47809172224871371679418051175102171974228755694624032854025,False,,,True,False
260,35,0.0150752098691756155471867380585356045747473702487436255501417,-0.119324790130824384452813261941464395425252629751256374449858,0.178768802467293903886796684514633901143686842562185906387535,-0.000977909665400112045711350555173414404149970215849040169737257,0.977715230493415901315716338866250998277679547264356447200544,False,,,True,False
261,20,0.0140973002037755035014753875033621901705974000328945853804045,-0.120302699796224496498524612496637809829402599967105414619596,0.103524325050943875875368846875840547542649350008223646345101,-0.00562656184514436697862222476395362918178329162655736291472825,0.610342630174601480292889622235723340546981974556281221827471,False,,,True,False
262,46,0.0084707383586311365228531627394085609888141084063372224656762,-0.125929261641368863477146837260591439011185891593662777534324,0.232117684589657784130713290684852140247203527101584305616419,0.0286966905112864753775309832594402118671106192768473648891277,2.80409883371701435544299633766577627764020082751531578892536,False,,,False,True
263,30,0.0371674288699176119003841459988487728559247276831845873548039,-0.0972325711300823880996158540011512271440752723168154126451961,0.159291857217479402975096036499712193213981181920796146838701,-0.00518138539082221467792586382911345645157029832443254340611273,0.862557357859321330990010685668538194730509721584357737968178,False,,,True,False
264,14,0.0319860434790953972224582821697353164043544293587520439486911,-0.102413956520904602777541717830264683595645570641247956051309,0.0779965108697738493056145705424338291010886073396880109871728,-0.0173187604324598785142778440834359266907880004388333532805186,0.435925413223250152644131304129166831650494158619093023153691,False,,,True,False
265,39,0.0146672830466355187081804380862993897135664289199186906681725,-0.119732716953364481291819561913700610286433571080081309331828,0.198666820761658879677045109521574847428391607229979672667043,0.0125053813883795278257010549534039472499962728970221870123449,1.34924394388006738577750302674631157754425753484844299385898,False,,,True,True
266,23,0.0271726644350150465338814930397033369635627018169408776805174,-0.107227335564984953466118506960296663036437298183059122319483,0.121793166108753761633470373259925834240890675454235219420129,-0.0150681372368089779545935230649468680469975955420628358473404,0.538968300571884105031988221377741087839457492406518182463021,False,,,True,False
267,7,0.012104527198206068579287969974756468916565106274878041833177,-0.122295472801793931420712030025243531083434893725121958166823,0.0380261317995515171448219924936891172291412765687195104582942,-0.0065700337064902865075648503667319329132756507574134065954957,0.387389091767088945767238924640813254339098868696770273210527,False,,,True,False
268,44,0.00553449349171578207172311960802453600328945551746463523768127,-0.128865506508284217928276880391975463996710544482535364762319,0.22138362337292894551793077990200613400082236387936615880942,0.0251876714431219440888526605619047780123234580193106336749303,1.90866652120613722937910735678228231179543548006762451621264,False,,,False,True
269,28,0.0307221649348377261605757801699293140156129135367752689126115,-0.103677835065162273839424219830070685984387086463224731087388,0.147680541233709431540143945042482328503903228384193817228153,-0.0103818549192239511908976249434041331910790798651320997578556,0.756555318181675406218968203655960260132793363282079875923815,False,,,True,False
270,16,0.0203403100156137749696781552265251808245338336716431691547559,-0.114059689984386225030321844773474819175466166328356830845244,0.085085077503903443742419538806631295206133458417910792288689,-0.0160310628349162644071908500599841537021436876582418695912889,0.514959266606547648694181999009361636629061438835921033368347,False,,,True,False
271,48,0.00430924718069751056248730516654102712239014601340129956346699,-0.130090752819302489437512694833458972877609853986598700436533,0.241077311795174377640621826291635256780597536503350324890867,0.0453210519066271424118481886976438017480484301340229394928688,6.39844546510106736074635045510708149452856129450976095013182,False,,,False,True
272,33,0.0496302990873246529743354938641848288704385761474242390563357,-0.0847697009126753470256645061358151711295614238525757609436643,0.177407574771831163243583873466046207217609644036856059764084,-0.00344947834369025962533475795065903961154005860720476906551094,0.92608149321946436256617649484439310790979346722906706886082,False,,,True,False
273,21,0.0461808207436343933490007359135257892588985175402194699908248,-0.0882191792563656066509992640864742107411014824597805300091752,0.116545205185908598337250183978381447314724629385054867497706,-0.0231662266987880949402936958052227811044590554177357528368198,0.495606689872057399716409531042736763378570340849277045598197,False,,,True,False
274,38,0.023014594044846298408707040108303008154439462122483717154005,-0.111385405955153701591292959891696991845560537877516282845995,0.195753648511211574602176760027075752038609865530620929288501,0.0147474589342773278934028409648012375769284285022348330196112,1.71091589496557819452115965828232647725397536988721390448729,False,,,True,True
275,13,0.0377620529791236263021098810731042457313678906247185501736162,-0.0966379470208763736978901189268957542686321093752814498263838,0.0744405132447809065755274702682760614328419726561796375434041,-0.0237177030475673490795208734643012768900397725894639237745669,0.439272019445919716478142144641643738854409309612224416887559,False,,,True,False
276,26,0.0140443499315562772225890076088029688413281180352546263990493,-0.120355650068443722777410992391197031158671881964745373600951,0.133511087482889069305647251902200742210332029508813656599762,-0.00551453504372195882679150953776817912627793459630932541460571,0.772710929077976477846181082750831894991624645083580500405502,False,,,True,False
277,42,0.00852981488783431839579749807103478971505018343894530098444363,-0.125870185112165681604202501928965210284949816561054699015556,0.212132453721958579598949374517758697428762545859736325246111,0.0209206272343780506536305926154445562550087361629347815228334,2.43422015589124491044567330595434276771110830557367293330552,False,,,True,True
278,18,0.029450442122212369049428090686479345970058919601880082507277,-0.104949557877787630950571909313520654029941080398119917492723,0.0973626105305530922623570226716198364925147299004700206268193,-0.020321253749602770854877732614549772524821603861532224507457,0.52187668018213129369426917066256900433874406943855023458243,False,,,True,False
279,34,0.00912918837260959819455035807192957344523731574034785799981999,-0.12527081162739040180544964192807042655476268425965214200018,0.172282297093152399548637589517982393361309328935086964499955,0.00730600309953930370308437994610530306027780477240897853655432,1.48353326661364636556226327922092691652595964621042028727537,False,,,True,True
280,9,0.0164351914721489018976347380180348765055151205127568365363743,-0.117964808527851098102365261981965123494484879487243163463626,0.0491087978680372254744086845045087191263787801281892091340936,-0.0135043110593505431815899806304707756838138223204367938786823,0.330929185737398176342723098766746868208571423526686271476718,False,,,True,False
281,47,0.002930880412798358716044757387564100821701298192320042657692,-0.131469119587201641283955242612435899178298701807679957342308,0.235732720103199589679011189346891025205425324548080010664423,0.0423556779016307923691738259250547159525140567313130696781858,3.56962572086514242818504207170560753539610340348639594440986,False,,,False,True
282,24,0.0452865583144291510852185833126188167742153549236331123358778,-0.0891134416855708489147814166873811832257846450763668876641222,0.131321639578607287771304645828154704193553838730908278083969,-0.023826760237926127621163302294521512657408900385432143406546,0.565579812329062910328561834673922902656903975802914396561237,False,,,True,False
283,31,0.0214597980765030234640552810180973041168064545382009689293318,-0.112940201923496976535944718981902695883193545461799031070668,0.160364949519125755866013820254524326029201613634550242232333,-0.000931247657487757317416940899075900603495219130987037222803691,0.972001663938682131726362709968674606555626890542561607155284,False,,,True,False
284,14,0.0205285504190152661466383401190214035133112354072139317065282,-0.113871449580984733853361659880978596486688764592786068293472,0.075132137604753816536659585029755350878327808851803482926632,-0.0122302700971185443971625685596810580243071596826076127593903,0.493403721045903566434265032566891959998962179604443919098439,False,,,True,False
285,41,0.00829828032189672174947577155934034548900407572460631894713781,-0.126101719678103278250524228440659654510995924275393681052862,0.207074570080474180437368942889835086372251018931151579736784,0.0143577165068380808022675135418924130329974877180154626952857,1.51904566394773157182532762316354876702264041227627870880947,False,,,True,True
286,20,0.0226559968287348025517432851012327585220015634426217816424235,-0.111744003171265197448256714898767241477998436557378218357576,0.105663999207183700637935821275308189630500390860655445410606,-0.0168208081582830272705683843404109893451418472746490745020933,0.532140006166558790568832884902676636607258860304384465168866,False,,,True,False
287,5,0.00583518867045177528117490076082176917685971616797270714033019,-0.12856481132954822471882509923917823082314028383202729285967,0.0264587971676129438202937251902054422942149290419931767850825,-0.00362678506121131890011736329567538762241130843523165380049162,0.572551709805605805932615633609429292484610664079434248433119,False,,,True,False
288,45,0.00220840360924045638105753746514638155444840773274105333983857,-0.132191596390759543618942462534853618445551592267258946660161,0.22555210090231011409526438436628659538861210193318526333496,0.0342795027383741011143706140639692539939803134463037486423569,2.62604364944310750040248584588740748351146935313766604057357,False,,,False,True
289,28,0.0364879063476145574954281515291156355484287211790448019821954,-0.0979120936523854425045718484708843644515712788209551980178046,0.149121976586903639373857037882278908887107180294761200495549,-0.0168017033069125183191572515593886010866920214768926469642771,0.656241925848822509353068772219010995066819511466841742873657,False,,,True,False
290,12,0.0196862030407020391762708999697270344617366997021521550179183,-0.114713796959297960823729100030272965538263300297847844982082,0.0649215507601755097940677249924317586154341749255380387544796,-0.00720870207587831344730679835930011533567768751718600695627811,0.644837054116492474574732144888101841288686136902607206620139,False,,,True,False
291,36,0.0124775009648237257289641016104269191260590121849661480616402,-0.12192249903517627427103589838957308087394098781503385193836,0.18311937524120593143224102540260672978151475304624153701541,-0.000809920405923043044032497441793465475629852521922542367097464,0.982366405804967542298813368719881001906481253734471454447033,False,,,True,False
292,22,0.0116675805589006826849316041686334536504291596630436056945428,-0.122732419441099317315068395831366546349570840336956394305457,0.112916895139725170671232901042158363412607289915760901423636,-0.00996911508956301615480642710998792029006803415679240177857531,0.54294851128579834311638761517757589214270272432310757434871,False,,,True,False
293,49,0.00169846546933766653012517705864553336036112550625120391596746,-0.132701534530662333469874822941354466639638874493748796084033,0.245424616367334416632531294264661383340090281376562800978992,0.0442498264388464925185578498757056772032021474193495637373546,13.6749991473177532642350989907831936532879727302814074636925,False,,,False,True
294,30,0.0459482919081841590486830269343512105635632729256007676533221,-0.0884517080918158409513169730656487894364367270743992323466779,0.161487072977046039762170756733587802640890818231400191913331,-0.00658168983991975461533789802219014929834880149654160244338031,0.842246203236218178777419315096369641416981430328535437172908,False,,,True,False
295,16,0.0393666020682644044333451289121610612652144714290591652099418,-0.0950333979317355955666548710878389387347855285709408347900582,0.0898416505170661011083362822280402653163036178572647913024854,-0.0164674712220824366697230864099424723873376898725517382816371,0.488866998372742493245389016823782054422485183133857787037612,False,,,True,False
296,39,0.0228991308461819677636220425022185888778767815565074269283047,-0.111500869153818032236377957497781411122123218443492573071695,0.200724782711545491940905510625554647219469195389126856732076,0.00829274793752565424323680532510462148687097537177837349516739,1.20256498768689110120905205789924351997449492193082169249019,False,,,True,True
297,24,0.0311918787837076220068588478273232103647477569282858004234721,-0.103208121216292377993141152172676789635252243071714199576528,0.127797969695926905501714711956830802591186939232071450105868,-0.0136839557806407804748086453218416934353025774572485465011913,0.598541786061660466382446805922998287252105093395275519125144,False,,,True,False
298,9,0.0175079230030668415320502025054815169294451794710372539222808,-0.116892076996933158467949797494518483070554820528962746077719,0.0493769807507667103830125506263703792323612948677593134805702,-0.00663968335072705630024232245756873285414226205556032859194061,0.472399166321266319317680977048421950817239627427020321991046,False,,,True,False
299,43,0.0108682396523397852318078800479127840753029174154769253303402,-0.12353176034766021476819211995208721592469708258452307466966,0.217717059913084946307951970011978196018825729353869231332585,0.019582332924559426570867238686416489483771408612591836306498,1.6466008283777870799412101774305545039798455424312821494194,False,,,False,True
300,32,0.0304505725768992118026751187343292735590743260280687616368382,-0.103949427423100788197324881265670726440925673971931238363162,0.16761264314422480295066877968358231838976858150701719040921,0.000335942316949450638383800103973197672957356042553335802914433,1.00877546166272637790341331440430392222593727177666753162567,False,,,True,True
301,18,0.0307865148938486624410589188383024712320316820706220974397526,-0.103613485106151337558941081161697528767968317929377902560247,0.0976966287234621656102647297095756178080079205176555243599381,-0.0250671614354424494552385837203870579327773516580540096418143,0.433206956613014393381263835466745926543980662320240854200729,False,,,True,False
302,5,0.00571935345840621298582033511791541329925433041256808779793825,-0.128680646541593787014179664882084586700745669587431912202062,0.0264298383646015532464550837794788533248135826031420219494846,-0.0018524921742483321712196384186785405078184391723071568741456,0.632151171227786705500318370809806475887472933477362606002166,False,,,True,False
303,46,0.00386686128415788081460069669923687279143589124026093092379265,-0.130533138715842119185399303300763127208564108759739069076207,0.230966715321039470203650174174809218197858972810065232730948,0.0383232113025126963634012922510823336106934244777888635778044,3.00964291485368925432254730331256814952820124142316606030982,False,,,False,True
304,26,0.042190072586670577178001988950319206402129315718049794501597,-0.092209927413329422821998011049680793597870684281950205498403,0.140547518146667644294500497237579801600532328929512448625399,-0.0190286532416974423070026060383609158138731944099290585077284,0.608009280782310403482508899864782654512700998119742334496156,False,,,True,False
305,35,0.0231614193449731348709993829119582905882561213081207359938686,-0.111238580655026865129000617088041709411743878691879264006131,0.180790354836243283717749845727989572647064030327030183998467,0.00925856913803072644118952865197993084694185993795095776687876,1.34808881857685181431707269360062567994561200776416904881977,False,,,True,True
306,14,0.0324199884830038613121889115639382214351979812460716937607474,-0.101980011516996138687811088436061778564802018753928306239253,0.0781049971207509653280472278909845553587994953115179234401868,-0.0245398448641553508495950336957905931230855031978510338015263,0.382900639849348659925604525019514864926239199169751755336647,False,,,True,False
307,40,0.00788014361884851046259387786814762831211247804822065995922109,-0.126519856381151489537406122131852371687887521951779340040779,0.201970035904712127615648469467036907078028119512055164989805,0.0221003820620241844362923846451928553493932436412112982980937,1.82166254721944498716247390523577078037385436777678672969645,False,,,True,True
308,21,0.0299805256808726948988862625133404836615057216894319582573148,-0.104419474319127305101113737486659516338494278310568041742685,0.112495131420218173724721565628335120915376430422357989564329,-0.0217486916434220644981688361917620583297177271474580267484502,0.50218857669050085877873868983143689983095722071217237569902,False,,,True,False
309,7,0.00823183403745063040071742632157842533178799454197393150886464,-0.126168165962549369599282573678421574668212005458026068491135,0.0370579585093626576001793565803946063329469986354934828772162,-0.00713735206618769592785156028090924163963574037896518331768416,0.437899590236321613580844183031201376504440518358241122025478,False,,,True,False
310,48,0.00109448197126293447286586604066918369215225416300874819118048,-0.13330551802873706552713413395933081630784774583699125180882,0.240273620492815733618216466510167295923038063540752187047795,0.0490037796201224125185584426790825250696011374889463044114712,6.14374157911326722026684541681094510109312302214770699987814,False,,,False,True
311,29,0.0500982615913853469914243087197517087617533916519550526026517,-0.0843017384086146530085756912802482912382466083480449473973483,0.157524565397846336747856077179937927190438347912988763150663,-0.0182885755158598187928174829380367341318424568838845806109174,0.663383500118157180474689049479034836275297801473478835088464,False,,,True,False
312,17,0.0318096860755255281986068257817149746299109347680704719917342,-0.102590313924474471801393174218285025370089065231929528008266,0.0929524215188813820496517064454287436574777336920176179979336,-0.0117560339364748448011346556130831258158197519257987041930251,0.603373742539126436954530309395890068256638865289745430680618,False,,,True,False
313,37,0.0200536521390506833974721701686318488140911828422717677987091,-0.114346347860949316602527829831368151185908817157728232201291,0.190013413034762670849368042542157962203522795710567941949677,0.00155173833069742822914863900585421852201637333705229471223704,1.03382490925976521225680412555957848088208691107931339355273,False,,,True,True
314,24,0.0216053904697481116266208091744860673361075561793240625109462,-0.112794609530251888373379190825513932663892443820675937489054,0.125401347617437027906655202293621516834026889044831015627737,-0.0113984894966649654495640001439461051349361786418711684733465,0.63961249925725201618548875195298683465466540804415498775088,False,,,True,False
315,9,0.0102069009730831461770568090305399622011713775374528940375997,-0.1241930990269168538229431909694600377988286224625471059624,0.0475517252432707865442642022576349905502928443843632235093999,-0.00315530608387659392253906978935983354562702338726825613094186,0.617037993310751905490027677232205364283409694141925704270475,False,,,True,False
316,44,0.0070515948892065522545177392411801286555443541501846379066578,-0.127348405110793447745482260758819871344455645849815362093342,0.221762898722301638063629434810295032163886088537546159476664,0.0214895022305512010891573911227025498859963992988669503868822,1.70553973180354888414810150467015182532009295161096646278432,False,,,False,True
317,31,0.02854109711975775334367513036388267854154075344905158829354,-0.10585890288024224665632486963611732145845924655094841170646,0.162135274279939438335918782590970669635385188362262897073385,-0.00378932416648990486365280092481444969539973890148653458567673,0.899853294854019759514342138348863795842971750886220758420993,False,,,True,False
318,15,0.0247517729532678484800223294390682288461410145475650537078633,-0.109648227046732151519977670560931771153858985452434946292137,0.0811879432383169621200055823597670572115352536368912634269658,-0.0196697891676974585775634374506807745710610431125148693109115,0.427681520019601088112252914151851797540880937549284813608725,False,,,True,False
319,41,0.00508198378557038990245889198838745427507997143505018439695176,-0.129318016214429610097541108011612545724920028564949815603048,0.206270495946392597475614722997096863568769992858762546099238,0.0223093305991061531122661055781014230214694419203887804279132,2.02842309650905434836744979070047092697784413182590341914545,False,,,True,True
320,22,0.027391314384676543014724997566488877296549413355438964824865,-0.107008685615323456985275002433511122703450586644561035175135,0.116847828596169135753681249391622219324137353338859741206216,-0.0190419102176106069489884635115405670908770717627405636943435,0.523764662233509457535151871395449165457234039058003420917989,False,,,True,False
321,6,0.00834940416706593606573653405494831020567234159269840113052147,-0.126050595832934063934263465945051689794327658407301598869479,0.0320873510417664840164341335137370775514180853981746002826304,-0.00761896610800550260617175693558202176046094505902703726830205,0.478194954233421808838620882122980375769315238434863884387372,False,,,True,False
322,34,0.000730438059060433459564777119366288445211396533671363862219421,-0.133669561940939566540435222880633711554788603466328636137781,0.170182609514765108364891194279841572111302849133417840965555,0.000965919472439900621222544142762516649796583727491509633374287,1.03211660831386568528161366358145299063761017378028184570672,False,,,True,True
323,12,0.00169635753150033408078732126212880509500798026116287349559371,-0.132703642468499665919212678737871194904992019738837126504406,0.0604240893828750835201968303155322012737519950652907183738984,-0.00169635753150033408078732126212880509500798026116287349559371,0.486484236599560859954212745309158501651922535772449475208942,False,,,True,False
